ISO-10303-21;
HEADER;
FILE_DESCRIPTION (( 'STEP AP203' ),
    '1' );
FILE_NAME ('ASSY DOT JE 2.STEP',
    '2026-08-26T09:01:48',
    ( '' ),
    ( '' ),
    'SwSTEP 2.0',
    'SolidWorks 2026',
    '' );
FILE_SCHEMA (( 'CONFIG_CONTROL_DESIGN' ));
ENDSEC;

DATA;
#1 = VECTOR ( 'NONE', #3637, 1000.000000000000000 ) ;
#2 = EDGE_CURVE ( 'NONE', #1180, #563, #1037, .T. ) ;
#3 = ADVANCED_FACE ( 'NONE', ( #103 ), #385, .T. ) ;
#4 = FACE_OUTER_BOUND ( 'NONE', #2611, .T. ) ;
#5 = CARTESIAN_POINT ( 'NONE',  ( -2.846604824987382987, -5.059081103884319752, 5.000000000000000000 ) ) ;
#6 = EDGE_LOOP ( 'NONE', ( #1988, #742, #1841, #2002 ) ) ;
#7 = APPROVAL_STATUS ( 'not_yet_approved' ) ;
#8 = CARTESIAN_POINT ( 'NONE',  ( 0.5599999999999999423, 0.5199999999999999067, -0.3551250000564835640 ) ) ;
#9 = LINE ( 'NONE', #1781, #41 ) ;
#10 = FACE_OUTER_BOUND ( 'NONE', #2539, .T. ) ;
#11 = EDGE_CURVE ( 'NONE', #1760, #3897, #692, .T. ) ;
#12 = ORIENTED_EDGE ( 'NONE', *, *, #227, .F. ) ;
#13 = EDGE_LOOP ( 'NONE', ( #3653, #1310, #2247, #3857 ) ) ;
#14 = DIRECTION ( 'NONE',  ( -6.505213034913030548E-15, 0.000000000000000000, -1.000000000000000000 ) ) ;
#15 = CARTESIAN_POINT ( 'NONE',  ( 0.08999999999999680478, -0.07499999999999999722, -0.3551250000564805109 ) ) ;
#16 = ORIENTED_EDGE ( 'NONE', *, *, #323, .F. ) ;
#17 = AXIS2_PLACEMENT_3D ( 'NONE', #1858, #2222, #3493 ) ;
#18 =( NAMED_UNIT ( * ) SI_UNIT ( $, .STERADIAN. ) SOLID_ANGLE_UNIT ( ) );
#19 = DIRECTION ( 'NONE',  ( 6.982962677686270655E-15, 0.000000000000000000, 1.000000000000000000 ) ) ;
#20 = FACE_OUTER_BOUND ( 'NONE', #1091, .T. ) ;
#21 = CIRCLE ( 'NONE', #993, 0.02500000000000001180 ) ;
#22 = EDGE_CURVE ( 'NONE', #1152, #2381, #143, .T. ) ;
#23 = CARTESIAN_POINT ( 'NONE',  ( 0.5599999999999999423, -0.5199999999999999067, -0.3551250000564835640 ) ) ;
#24 = DIRECTION ( 'NONE',  ( 0.000000000000000000, -1.000000000000000000, 0.000000000000000000 ) ) ;
#25 = CIRCLE ( 'NONE', #160, 0.02500000000000001180 ) ;
#26 = ORIENTED_EDGE ( 'NONE', *, *, #123, .F. ) ;
#27 = APPROVAL_ROLE ( '' ) ;
#28 = AXIS2_PLACEMENT_3D ( 'NONE', #3320, #2051, #829 ) ;
#29 = LINE ( 'NONE', #3172, #306 ) ;
#30 = CC_DESIGN_DATE_AND_TIME_ASSIGNMENT ( #2491, #943, ( #3377 ) ) ;
#31 = CARTESIAN_POINT ( 'NONE',  ( 0.1149999999999969935, 0.6199999999999999956, -0.3551250000564805109 ) ) ;
#32 = ORIENTED_EDGE ( 'NONE', *, *, #845, .T. ) ;
#33 = AXIS2_PLACEMENT_3D ( 'NONE', #1820, #2489, #2409 ) ;
#34 = ORIENTED_EDGE ( 'NONE', *, *, #1016, .T. ) ;
#35 = AXIS2_PLACEMENT_3D ( 'NONE', #1513, #3662, #2406 ) ;
#36 = CARTESIAN_POINT ( 'NONE',  ( -1.149999999999999911, 1.149999999999999911, 0.004974999943528359524 ) ) ;
#37 = CARTESIAN_POINT ( 'NONE',  ( 0.2518214560863000218, -0.3235714285714285099, -0.3551250000564815656 ) ) ;
#38 = VERTEX_POINT ( 'NONE', #2625 ) ;
#39 = CARTESIAN_POINT ( 'NONE',  ( 0.1849999999999965006, -0.6199999999999999956, -0.3549999999999999822 ) ) ;
#40 = PLANE ( 'NONE',  #1136 ) ;
#41 = VECTOR ( 'NONE', #3401, 1000.000000000000000 ) ;
#42 = VECTOR ( 'NONE', #1341, 1000.000000000000000 ) ;
#43 = CARTESIAN_POINT ( 'NONE',  ( 0.5681785439136940452, -0.2464285714285714968, -0.3549999999999999822 ) ) ;
#44 = FACE_OUTER_BOUND ( 'NONE', #875, .T. ) ;
#45 = LOCAL_TIME ( 11, 1, 48.00000000000000000, #3945 ) ;
#46 = EDGE_LOOP ( 'NONE', ( #3869, #3359, #915, #115 ) ) ;
#47 = APPROVAL_DATE_TIME ( #3477, #3655 ) ;
#48 = CC_DESIGN_SECURITY_CLASSIFICATION ( #2001, ( #4048 ) ) ;
#49 = DIRECTION ( 'NONE',  ( 0.000000000000000000, 0.000000000000000000, -1.000000000000000000 ) ) ;
#50 = LINE ( 'NONE', #1293, #294 ) ;
#51 = EDGE_CURVE ( 'NONE', #4011, #3527, #3886, .T. ) ;
#52 = ORIENTED_EDGE ( 'NONE', *, *, #1242, .T. ) ;
#53 = EDGE_CURVE ( 'NONE', #1275, #38, #754, .T. ) ;
#54 = ADVANCED_FACE ( 'NONE', ( #407 ), #3248, .F. ) ;
#55 = ORIENTED_EDGE ( 'NONE', *, *, #1591, .F. ) ;
#56 = DIRECTION ( 'NONE',  ( 1.000000000000000000, 0.000000000000000000, -6.505213034913023449E-15 ) ) ;
#57 = CARTESIAN_POINT ( 'NONE',  ( -0.1150000000000000050, -0.2799999999999999711, -0.3551250000564785125 ) ) ;
#58 = ORIENTED_EDGE ( 'NONE', *, *, #1020, .T. ) ;
#59 = DIRECTION ( 'NONE',  ( 1.000000000000000000, 0.000000000000000000, 0.000000000000000000 ) ) ;
#60 = CARTESIAN_POINT ( 'NONE',  ( 0.6350000000000000089, 0.2250000000000000056, -0.3550000000000045342 ) ) ;
#61 = DIRECTION ( 'NONE',  ( 1.000000000000000000, 0.000000000000000000, -6.505213034913037648E-15 ) ) ;
#62 = LINE ( 'NONE', #2834, #2684 ) ;
#63 = CARTESIAN_POINT ( 'NONE',  ( 0.1149999999999967992, -0.2250000000000000056, -0.3551250000564805109 ) ) ;
#64 = VERTEX_POINT ( 'NONE', #2894 ) ;
#65 = DATE_TIME_ROLE ( 'classification_date' ) ;
#66 = VECTOR ( 'NONE', #3964, 1000.000000000000000 ) ;
#67 = PLANE ( 'NONE',  #825 ) ;
#68 = DIRECTION ( 'NONE',  ( 6.505213034913040804E-15, 0.000000000000000000, 1.000000000000000000 ) ) ;
#69 = ORIENTED_EDGE ( 'NONE', *, *, #2587, .T. ) ;
#70 = ORIENTED_EDGE ( 'NONE', *, *, #3414, .F. ) ;
#71 = PLANE ( 'NONE',  #3567 ) ;
#72 = EDGE_CURVE ( 'NONE', #2992, #1799, #3109, .T. ) ;
#73 = CARTESIAN_POINT ( 'NONE',  ( -0.6350000000000000089, 0.08500000000000000611, -0.3551250000564750153 ) ) ;
#74 = ORIENTED_EDGE ( 'NONE', *, *, #3848, .T. ) ;
#75 = DATE_AND_TIME ( #2257, #1485 ) ;
#76 = DIRECTION ( 'NONE',  ( 6.982962677686270655E-15, 0.000000000000000000, 1.000000000000000000 ) ) ;
#77 = CIRCLE ( 'NONE', #793, 0.02499999999999995628 ) ;
#78 = CARTESIAN_POINT ( 'NONE',  ( 0.1149999999999969935, 0.3200000000000000067, -0.3551250000564805109 ) ) ;
#79 = VECTOR ( 'NONE', #2058, 1000.000000000000000 ) ;
#80 = CARTESIAN_POINT ( 'NONE',  ( -0.09000000000000249467, -0.2550000000000000044, -0.3551250000564790676 ) ) ;
#81 = DIRECTION ( 'NONE',  ( -0.000000000000000000, -0.000000000000000000, -1.000000000000000000 ) ) ;
#82 = CARTESIAN_POINT ( 'NONE',  ( 0.1749999999999969913, -0.05000000000000000278, -0.3549999999999999822 ) ) ;
#83 = ORIENTED_EDGE ( 'NONE', *, *, #2888, .F. ) ;
#84 = APPROVAL_STATUS ( 'not_yet_approved' ) ;
#85 = DIRECTION ( 'NONE',  ( 0.000000000000000000, -1.000000000000000000, 0.000000000000000000 ) ) ;
#86 = CARTESIAN_POINT ( 'NONE',  ( -0.1150000000000024059, 0.5950000000000000844, -0.3551250000564785125 ) ) ;
#87 = VERTEX_POINT ( 'NONE', #1671 ) ;
#88 = VERTEX_POINT ( 'NONE', #2872 ) ;
#89 = AXIS2_PLACEMENT_3D ( 'NONE', #1286, #1589, #61 ) ;
#90 = ORIENTED_EDGE ( 'NONE', *, *, #3297, .T. ) ;
#91 = CARTESIAN_POINT ( 'NONE',  ( 0.1149999999999972017, 0.07499999999999999722, -0.3549999999999999822 ) ) ;
#92 = DIRECTION ( 'NONE',  ( 1.000000000000000000, 0.000000000000000000, -6.505213034913023449E-15 ) ) ;
#93 = VERTEX_POINT ( 'NONE', #80 ) ;
#94 = APPROVAL_ROLE ( '' ) ;
#95 = EDGE_CURVE ( 'NONE', #1389, #2719, #3017, .T. ) ;
#96 = CIRCLE ( 'NONE', #3161, 0.02499999999999995628 ) ;
#97 = CARTESIAN_POINT ( 'NONE',  ( 0.1749999999999969913, 0.05000000000000000278, -0.3551250000564810660 ) ) ;
#98 = DIRECTION ( 'NONE',  ( 1.000000000000000000, 0.000000000000000000, -7.228014483236693597E-15 ) ) ;
#99 = EDGE_CURVE ( 'NONE', #941, #2252, #2914, .T. ) ;
#100 = EDGE_CURVE ( 'NONE', #1756, #2637, #21, .T. ) ;
#101 = EDGE_CURVE ( 'NONE', #2201, #1389, #1015, .T. ) ;
#102 = CC_DESIGN_PERSON_AND_ORGANIZATION_ASSIGNMENT ( #219, #789, ( #896 ) ) ;
#103 = FACE_OUTER_BOUND ( 'NONE', #1749, .T. ) ;
#104 = CARTESIAN_POINT ( 'NONE',  ( 0.2099999999999969946, -0.5950000000000000844, -0.3549999999999999822 ) ) ;
#105 = DIRECTION ( 'NONE',  ( -6.505213034913040804E-15, 0.000000000000000000, -1.000000000000000000 ) ) ;
#106 = ORIENTED_EDGE ( 'NONE', *, *, #724, .T. ) ;
#107 = DATE_TIME_ROLE ( 'classification_date' ) ;
#108 = VECTOR ( 'NONE', #2044, 1000.000000000000000 ) ;
#109 = DIRECTION ( 'NONE',  ( 7.228014483236690442E-15, 0.000000000000000000, 1.000000000000000000 ) ) ;
#110 =( GEOMETRIC_REPRESENTATION_CONTEXT ( 3 ) GLOBAL_UNCERTAINTY_ASSIGNED_CONTEXT ( ( #216 ) ) GLOBAL_UNIT_ASSIGNED_CONTEXT ( ( #3160, #1927, #421 ) ) REPRESENTATION_CONTEXT ( 'NONE', 'WORKASPACE' ) );
#111 = CARTESIAN_POINT ( 'NONE',  ( 0.6350000000000000089, -0.2250000000000000056, -0.3551250000564840081 ) ) ;
#112 = ORIENTED_EDGE ( 'NONE', *, *, #1630, .F. ) ;
#113 = ORIENTED_EDGE ( 'NONE', *, *, #2608, .F. ) ;
#114 = CC_DESIGN_APPROVAL ( #3655, ( #3377 ) ) ;
#115 = ORIENTED_EDGE ( 'NONE', *, *, #3016, .T. ) ;
#116 = DIRECTION ( 'NONE',  ( 1.004923976340843883E-15, -1.000000000000000000, -7.017346620700199258E-30 ) ) ;
#117 = FACE_OUTER_BOUND ( 'NONE', #2861, .T. ) ;
#118 = ORIENTED_EDGE ( 'NONE', *, *, #2396, .F. ) ;
#119 = PERSON_AND_ORGANIZATION ( #339, #2388 ) ;
#120 = PLANE ( 'NONE',  #1526 ) ;
#121 = CARTESIAN_POINT ( 'NONE',  ( -0.09000000000000249467, 0.000000000000000000, -0.3551250000564790676 ) ) ;
#122 = CARTESIAN_POINT ( 'NONE',  ( 0.2518214560863000218, -0.3235714285714285099, -0.3551250000564815656 ) ) ;
#123 = EDGE_CURVE ( 'NONE', #1260, #1207, #2300, .T. ) ;
#124 = CARTESIAN_POINT ( 'NONE',  ( 0.5810555127546370713, 0.3449999999999999734, -0.3549999999999999822 ) ) ;
#125 = EDGE_CURVE ( 'NONE', #3010, #604, #4003, .T. ) ;
#126 = CARTESIAN_POINT ( 'NONE',  ( 0.4681785439136939564, 0.03857142857142870779, -0.3551250000564830089 ) ) ;
#127 = EDGE_CURVE ( 'NONE', #783, #2597, #1057, .T. ) ;
#128 = CC_DESIGN_PERSON_AND_ORGANIZATION_ASSIGNMENT ( #3290, #2607, ( #2001 ) ) ;
#129 = ORIENTED_EDGE ( 'NONE', *, *, #673, .F. ) ;
#130 = APPROVAL_STATUS ( 'not_yet_approved' ) ;
#131 = DIRECTION ( 'NONE',  ( -6.505213034913021082E-15, 0.000000000000000000, -1.000000000000000000 ) ) ;
#132 = CARTESIAN_POINT ( 'NONE',  ( -6.994875025828874548, 10.47738999221430234, -5.000000000000000000 ) ) ;
#133 = ORIENTED_EDGE ( 'NONE', *, *, #11, .F. ) ;
#134 = ORIENTED_EDGE ( 'NONE', *, *, #72, .F. ) ;
#135 = ORIENTED_EDGE ( 'NONE', *, *, #51, .F. ) ;
#136 = ADVANCED_FACE ( 'NONE', ( #2799 ), #2304, .T. ) ;
#137 = PLANE ( 'NONE',  #3499 ) ;
#138 = DIRECTION ( 'NONE',  ( 4.336808689942045346E-15, 1.000000000000000000, -3.028377322213075196E-29 ) ) ;
#139 = EDGE_LOOP ( 'NONE', ( #112, #83, #2393, #245 ) ) ;
#140 = PERSON_AND_ORGANIZATION ( #339, #2388 ) ;
#141 = CARTESIAN_POINT ( 'NONE',  ( 0.6350000000000000089, -0.2500000000000000000, -0.3550000000000045342 ) ) ;
#142 = CARTESIAN_POINT ( 'NONE',  ( -0.1150000000000024059, 0.08500000000000000611, -0.3551250000564785125 ) ) ;
#143 = LINE ( 'NONE', #3204, #2753 ) ;
#144 = VECTOR ( 'NONE', #3576, 1000.000000000000000 ) ;
#145 = FACE_BOUND ( 'NONE', #3918, .T. ) ;
#146 = LINE ( 'NONE', #1366, #2238 ) ;
#147 = VERTEX_POINT ( 'NONE', #2567 ) ;
#149 = CIRCLE ( 'NONE', #2943, 0.02500000000000001180 ) ;
#148 = DATE_TIME_ROLE ( 'classification_date' ) ;
#150 = EDGE_CURVE ( 'NONE', #1942, #3324, #3821, .T. ) ;
#151 = CIRCLE ( 'NONE', #2231, 0.02500000000000001180 ) ;
#152 = CARTESIAN_POINT ( 'NONE',  ( 0.3350000000000000200, -0.6199999999999999956, -0.3551250000564820097 ) ) ;
#153 = ORIENTED_EDGE ( 'NONE', *, *, #1623, .F. ) ;
#154 = VERTEX_POINT ( 'NONE', #3969 ) ;
#155 = AXIS2_PLACEMENT_3D ( 'NONE', #2999, #3987, #2708 ) ;
#157 = VERTEX_POINT ( 'NONE', #2035 ) ;
#156 = CC_DESIGN_DATE_AND_TIME_ASSIGNMENT ( #3858, #709, ( #4035 ) ) ;
#158 = DIRECTION ( 'NONE',  ( 6.982962677686270655E-15, 0.000000000000000000, 1.000000000000000000 ) ) ;
#159 = CARTESIAN_POINT ( 'NONE',  ( 0.2099999999999975220, -0.5699999999999999512, -0.3549999999999999822 ) ) ;
#160 = AXIS2_PLACEMENT_3D ( 'NONE', #2853, #1932, #2503 ) ;
#161 = VERTEX_POINT ( 'NONE', #166 ) ;
#162 = DATE_AND_TIME ( #2320, #762 ) ;
#163 = AXIS2_PLACEMENT_3D ( 'NONE', #441, #2537, #1604 ) ;
#164 = CARTESIAN_POINT ( 'NONE',  ( 0.6350000000000000089, -0.2500000000000000000, -0.3551250000564840081 ) ) ;
#165 = LINE ( 'NONE', #2912, #42 ) ;
#166 = CARTESIAN_POINT ( 'NONE',  ( 1.149999999999999911, -1.149999999999999911, -0.3551250000564875053 ) ) ;
#167 = AXIS2_PLACEMENT_3D ( 'NONE', #2916, #2672, #1081 ) ;
#168 = DIRECTION ( 'NONE',  ( -6.505213034913040804E-15, 0.000000000000000000, -1.000000000000000000 ) ) ;
#169 = CARTESIAN_POINT ( 'NONE',  ( 0.4810555127546370380, 0.03499999999999999639, -0.3551250000564830089 ) ) ;
#170 = ORIENTED_EDGE ( 'NONE', *, *, #1146, .T. ) ;
#171 = COORDINATED_UNIVERSAL_TIME_OFFSET ( 1, 0, .AHEAD. ) ;
#172 = DIRECTION ( 'NONE',  ( 1.000000000000000000, 0.000000000000000000, -6.505213034913037648E-15 ) ) ;
#173 = CARTESIAN_POINT ( 'NONE',  ( 0.6350000000000000089, -0.2250000000000000056, -0.3551250000564840081 ) ) ;
#174 = ORIENTED_EDGE ( 'NONE', *, *, #2014, .F. ) ;
#175 = ORIENTED_EDGE ( 'NONE', *, *, #4026, .F. ) ;
#176 = VECTOR ( 'NONE', #1214, 1000.000000000000000 ) ;
#177 = ORIENTED_EDGE ( 'NONE', *, *, #3142, .F. ) ;
#178 = CC_DESIGN_APPROVAL ( #3523, ( #2794 ) ) ;
#179 = DIRECTION ( 'NONE',  ( -0.000000000000000000, 1.000000000000000000, 0.000000000000000000 ) ) ;
#181 = EDGE_CURVE ( 'NONE', #161, #849, #2385, .T. ) ;
#180 = CARTESIAN_POINT ( 'NONE',  ( 0.3551249999651975298, -2.723253226996780185, -5.000000000000000000 ) ) ;
#182 = EDGE_CURVE ( 'NONE', #2046, #3071, #3930, .T. ) ;
#183 = EDGE_CURVE ( 'NONE', #3547, #498, #151, .T. ) ;
#184 = ORIENTED_EDGE ( 'NONE', *, *, #1571, .F. ) ;
#185 = AXIS2_PLACEMENT_3D ( 'NONE', #1883, #2554, #2535 ) ;
#186 = PERSON_AND_ORGANIZATION ( #339, #2388 ) ;
#187 = APPROVAL_PERSON_ORGANIZATION ( #2837, #2743, #27 ) ;
#188 = CARTESIAN_POINT ( 'NONE',  ( -1.394874999943561011, -2.223730434814909618, -5.000000000000000000 ) ) ;
#189 = DIRECTION ( 'NONE',  ( 6.982962677686270655E-15, 0.000000000000000000, 1.000000000000000000 ) ) ;
#190 = CARTESIAN_POINT ( 'NONE',  ( 0.2389444872453579949, -0.2250000000000000056, -0.3549999999999999822 ) ) ;
#191 = CARTESIAN_POINT ( 'NONE',  ( 0.3350000000000000200, -0.6199999999999999956, -0.3551250000564820097 ) ) ;
#192 = LINE ( 'NONE', #2350, #3353 ) ;
#193 = ORIENTED_EDGE ( 'NONE', *, *, #3322, .T. ) ;
#194 = DIRECTION ( 'NONE',  ( 6.505213034913021082E-15, 0.000000000000000000, 1.000000000000000000 ) ) ;
#195 = LINE ( 'NONE', #1759, #3487 ) ;
#196 = VERTEX_POINT ( 'NONE', #3020 ) ;
#197 = VERTEX_POINT ( 'NONE', #1164 ) ;
#198 = VERTEX_POINT ( 'NONE', #2097 ) ;
#199 = CARTESIAN_POINT ( 'NONE',  ( 1.149999999999999911, -1.149999999999999911, -0.08502500005648770676 ) ) ;
#200 = FACE_OUTER_BOUND ( 'NONE', #2644, .T. ) ;
#201 = VERTEX_POINT ( 'NONE', #3285 ) ;
#202 = COORDINATED_UNIVERSAL_TIME_OFFSET ( 1, 0, .AHEAD. ) ;
#203 = EDGE_CURVE ( 'NONE', #3457, #1257, #1973, .T. ) ;
#204 = DIRECTION ( 'NONE',  ( 1.000000000000000000, 0.000000000000000000, -6.505213034913037648E-15 ) ) ;
#205 = DIRECTION ( 'NONE',  ( 1.000000000000000000, 0.000000000000000000, -6.505213034913023449E-15 ) ) ;
#206 = CYLINDRICAL_SURFACE ( 'NONE', #1318, 0.02499999999999995628 ) ;
#207 = CARTESIAN_POINT ( 'NONE',  ( 0.3551249999651975298, -2.723253226996780185, -5.000000000000000000 ) ) ;
#208 = ORIENTED_EDGE ( 'NONE', *, *, #422, .T. ) ;
#209 = FACE_OUTER_BOUND ( 'NONE', #2336, .T. ) ;
#210 = CARTESIAN_POINT ( 'NONE',  ( 0.2599999999999999534, 0.5699999999999999512, -0.3551250000564815656 ) ) ;
#211 = ORIENTED_EDGE ( 'NONE', *, *, #3351, .F. ) ;
#212 = AXIS2_PLACEMENT_3D ( 'NONE', #2543, #3802, #998 ) ;
#213 = ORIENTED_EDGE ( 'NONE', *, *, #2291, .T. ) ;
#214 = ORIENTED_EDGE ( 'NONE', *, *, #3797, .T. ) ;
#215 = DIRECTION ( 'NONE',  ( 6.505213034913030548E-15, 0.000000000000000000, 1.000000000000000000 ) ) ;
#216 = UNCERTAINTY_MEASURE_WITH_UNIT (LENGTH_MEASURE( 1.000000000000000082E-05 ), #3160, 'distance_accuracy_value', 'NONE');
#217 = DIRECTION ( 'NONE',  ( 6.982962677686270655E-15, 0.000000000000000000, 1.000000000000000000 ) ) ;
#218 = ORIENTED_EDGE ( 'NONE', *, *, #3068, .T. ) ;
#219 = PERSON_AND_ORGANIZATION ( #339, #2388 ) ;
#220 = DIRECTION ( 'NONE',  ( 0.000000000000000000, -1.000000000000000000, 0.000000000000000000 ) ) ;
#221 = CARTESIAN_POINT ( 'NONE',  ( 0.08999999999999680478, 0.5950000000000000844, -0.3551250000564805109 ) ) ;
#222 = VECTOR ( 'NONE', #2339, 1000.000000000000000 ) ;
#223 = PLANE ( 'NONE',  #2429 ) ;
#224 = LINE ( 'NONE', #3372, #683 ) ;
#225 = ADVANCED_FACE ( 'NONE', ( #3266 ), #792, .F. ) ;
#226 = VECTOR ( 'NONE', #719, 1000.000000000000000 ) ;
#227 = EDGE_CURVE ( 'NONE', #3235, #197, #2979, .T. ) ;
#228 = ADVANCED_FACE ( 'NONE', ( #3575 ), #206, .F. ) ;
#229 = EDGE_LOOP ( 'NONE', ( #2340, #1379, #2970, #3393 ) ) ;
#230 = CIRCLE ( 'NONE', #2954, 0.04500000000000001221 ) ;
#231 = CARTESIAN_POINT ( 'NONE',  ( 0.2518214560863000218, 0.3235714285714290095, -0.3549999999999999822 ) ) ;
#232 = DIRECTION ( 'NONE',  ( -6.505213034913040804E-15, 0.000000000000000000, -1.000000000000000000 ) ) ;
#233 = ORIENTED_EDGE ( 'NONE', *, *, #3291, .F. ) ;
#234 = ORIENTED_EDGE ( 'NONE', *, *, #3949, .F. ) ;
#235 = VERTEX_POINT ( 'NONE', #1494 ) ;
#236 = CYLINDRICAL_SURFACE ( 'NONE', #1280, 0.04500000000000001221 ) ;
#237 = DIRECTION ( 'NONE',  ( 1.000000000000000000, 0.000000000000000000, -7.228014483236693597E-15 ) ) ;
#238 = EDGE_CURVE ( 'NONE', #1860, #2252, #855, .T. ) ;
#239 = PRODUCT_DEFINITION_SHAPE ( 'NONE', 'NONE',  #3423 ) ;
#240 = ORIENTED_EDGE ( 'NONE', *, *, #1748, .F. ) ;
#241 = PERSON_AND_ORGANIZATION_ROLE ( 'design_owner' ) ;
#242 = DIRECTION ( 'NONE',  ( 1.000000000000000000, 0.000000000000000000, -6.505213034913023449E-15 ) ) ;
#243 = AXIS2_PLACEMENT_3D ( 'NONE', #1173, #258, #2414 ) ;
#244 = AXIS2_PLACEMENT_3D ( 'NONE', #548, #834, #3014 ) ;
#245 = ORIENTED_EDGE ( 'NONE', *, *, #549, .T. ) ;
#246 = DIRECTION ( 'NONE',  ( 1.000000000000000000, 0.000000000000000000, -6.982962677686270655E-15 ) ) ;
#247 = LOCAL_TIME ( 11, 1, 48.00000000000000000, #3510 ) ;
#248 = DIRECTION ( 'NONE',  ( 6.505213034913021082E-15, 0.000000000000000000, 1.000000000000000000 ) ) ;
#249 = DIRECTION ( 'NONE',  ( -6.505213034913021082E-15, 0.000000000000000000, -1.000000000000000000 ) ) ;
#250 = EDGE_LOOP ( 'NONE', ( #1065, #439, #3376, #2109 ) ) ;
#251 = EDGE_CURVE ( 'NONE', #2719, #3547, #475, .T. ) ;
#252 = EDGE_CURVE ( 'NONE', #268, #1349, #3618, .T. ) ;
#253 = CARTESIAN_POINT ( 'NONE',  ( 0.4850000000000000422, 0.6199999999999999956, -0.3551250000564830089 ) ) ;
#254 = DIRECTION ( 'NONE',  ( 6.505213034913030548E-15, 0.000000000000000000, 1.000000000000000000 ) ) ;
#255 = ORIENTED_EDGE ( 'NONE', *, *, #3268, .F. ) ;
#256 = ORIENTED_EDGE ( 'NONE', *, *, #562, .F. ) ;
#257 = ORIENTED_EDGE ( 'NONE', *, *, #2347, .F. ) ;
#258 = DIRECTION ( 'NONE',  ( 6.505213034913030548E-15, 0.000000000000000000, 1.000000000000000000 ) ) ;
#259 = CARTESIAN_POINT ( 'NONE',  ( -2.913505490301934844E-15, 0.06000000000000000472, -0.3551250000564795117 ) ) ;
#260 = ORIENTED_EDGE ( 'NONE', *, *, #3217, .F. ) ;
#261 = EDGE_CURVE ( 'NONE', #2580, #2169, #672, .T. ) ;
#262 = CARTESIAN_POINT ( 'NONE',  ( -0.09000000000000249467, -0.5950000000000000844, -0.3551250000564790676 ) ) ;
#263 = CARTESIAN_POINT ( 'NONE',  ( 0.1149999999999969935, -0.3200000000000000067, -0.3551250000564805109 ) ) ;
#264 = ORIENTED_EDGE ( 'NONE', *, *, #3579, .T. ) ;
#265 = DIRECTION ( 'NONE',  ( -6.505213034913021082E-15, 0.000000000000000000, -1.000000000000000000 ) ) ;
#266 = DIRECTION ( 'NONE',  ( 6.982962677686270655E-15, 0.000000000000000000, 1.000000000000000000 ) ) ;
#267 = CARTESIAN_POINT ( 'NONE',  ( 0.3099999999999999978, -0.5699999999999999512, -0.3551250000564820097 ) ) ;
#268 = VERTEX_POINT ( 'NONE', #3642 ) ;
#269 = DIRECTION ( 'NONE',  ( 6.982962677686270655E-15, 0.000000000000000000, 1.000000000000000000 ) ) ;
#270 = LINE ( 'NONE', #3991, #555 ) ;
#271 = EDGE_LOOP ( 'NONE', ( #807, #2335, #3435, #882 ) ) ;
#272 = ORIENTED_EDGE ( 'NONE', *, *, #101, .F. ) ;
#273 = ADVANCED_FACE ( 'NONE', ( #531 ), #223, .T. ) ;
#274 = ORIENTED_EDGE ( 'NONE', *, *, #3544, .F. ) ;
#275 = PLANE ( 'NONE',  #4028 ) ;
#276 = FACE_OUTER_BOUND ( 'NONE', #13, .T. ) ;
#277 = EDGE_CURVE ( 'NONE', #3234, #3644, #2037, .T. ) ;
#278 = ORIENTED_EDGE ( 'NONE', *, *, #649, .F. ) ;
#279 = VECTOR ( 'NONE', #3405, 1000.000000000000000 ) ;
#280 = APPROVAL ( #1969, 'UNSPECIFIED' ) ;
#281 = CARTESIAN_POINT ( 'NONE',  ( 0.08999999999999729050, -0.5950000000000000844, -0.3549999999999999822 ) ) ;
#282 = VECTOR ( 'NONE', #3040, 1000.000000000000000 ) ;
#283 = DIRECTION ( 'NONE',  ( 6.982962677686270655E-15, 0.000000000000000000, 1.000000000000000000 ) ) ;
#284 = ORIENTED_EDGE ( 'NONE', *, *, #2131, .F. ) ;
#285 = AXIS2_PLACEMENT_3D ( 'NONE', #3706, #2750, #1533 ) ;
#286 = LINE ( 'NONE', #2792, #481 ) ;
#287 = CARTESIAN_POINT ( 'NONE',  ( -1.448726270043842357, 6.058427314146597631, 5.000000000000000000 ) ) ;
#288 = VECTOR ( 'NONE', #3163, 1000.000000000000000 ) ;
#289 = VERTEX_POINT ( 'NONE', #2405 ) ;
#290 = VECTOR ( 'NONE', #2214, 1000.000000000000000 ) ;
#291 = DIRECTION ( 'NONE',  ( 7.228014483236690442E-15, 0.000000000000000000, 1.000000000000000000 ) ) ;
#292 = DIRECTION ( 'NONE',  ( -6.982962677686270655E-15, 0.000000000000000000, -1.000000000000000000 ) ) ;
#293 = ORIENTED_EDGE ( 'NONE', *, *, #3704, .F. ) ;
#294 = VECTOR ( 'NONE', #984, 1000.000000000000114 ) ;
#295 = EDGE_LOOP ( 'NONE', ( #2557, #3251, #479, #264 ) ) ;
#296 = LINE ( 'NONE', #3111, #1414 ) ;
#297 = CARTESIAN_POINT ( 'NONE',  ( 0.6600000000000000311, 0.4949999999999999956, -0.3549999999999999822 ) ) ;
#298 = ORIENTED_EDGE ( 'NONE', *, *, #3978, .T. ) ;
#299 = ADVANCED_FACE ( 'NONE', ( #777 ), #467, .F. ) ;
#300 = LINE ( 'NONE', #2768, #2781 ) ;
#301 = ADVANCED_FACE ( 'NONE', ( #2652 ), #3910, .T. ) ;
#303 = EDGE_CURVE ( 'NONE', #3071, #437, #2447, .T. ) ;
#302 = DIRECTION ( 'NONE',  ( -6.505213034913040804E-15, 0.000000000000000000, -1.000000000000000000 ) ) ;
#304 = CC_DESIGN_DATE_AND_TIME_ASSIGNMENT ( #1368, #148, ( #2001 ) ) ;
#305 = VERTEX_POINT ( 'NONE', #2502 ) ;
#306 = VECTOR ( 'NONE', #1253, 1000.000000000000000 ) ;
#307 = DIRECTION ( 'NONE',  ( 1.000000000000000000, 0.000000000000000000, -6.505213034913037648E-15 ) ) ;
#308 = AXIS2_PLACEMENT_3D ( 'NONE', #1607, #2181, #1886 ) ;
#309 = CARTESIAN_POINT ( 'NONE',  ( 0.4850000000000000422, 0.5950000000000000844, -0.3549999999999999822 ) ) ;
#310 = CIRCLE ( 'NONE', #1021, 0.04999999999999999584 ) ;
#311 = LOCAL_TIME ( 11, 1, 48.00000000000000000, #2674 ) ;
#312 = DIRECTION ( 'NONE',  ( 6.982962677686270655E-15, 0.000000000000000000, 1.000000000000000000 ) ) ;
#313 = DIRECTION ( 'NONE',  ( -1.000000000000000000, 0.000000000000000000, 6.505213034913037648E-15 ) ) ;
#314 = ORIENTED_EDGE ( 'NONE', *, *, #1294, .T. ) ;
#315 = COORDINATED_UNIVERSAL_TIME_OFFSET ( 1, 0, .AHEAD. ) ;
#316 = DIRECTION ( 'NONE',  ( 1.000000000000000000, 0.000000000000000000, -6.505213034913023449E-15 ) ) ;
#317 = CARTESIAN_POINT ( 'NONE',  ( 0.6600000000000000311, 0.2250000000000000056, -0.3549999999999999822 ) ) ;
#318 = PLANE ( 'NONE',  #419 ) ;
#319 = ORIENTED_EDGE ( 'NONE', *, *, #2866, .F. ) ;
#320 = CARTESIAN_POINT ( 'NONE',  ( 0.2099999999999969946, 0.5699999999999999512, -0.3551250000564810660 ) ) ;
#321 = CARTESIAN_POINT ( 'NONE',  ( 0.3551250000564473708, -2.284841781425449359, 5.000000000000000000 ) ) ;
#322 = ORIENTED_EDGE ( 'NONE', *, *, #3570, .T. ) ;
#323 = EDGE_CURVE ( 'NONE', #3389, #2772, #1182, .T. ) ;
#324 = CARTESIAN_POINT ( 'NONE',  ( 0.6600000000000000311, 0.06000000000000000472, -0.3551250000564845077 ) ) ;
#325 = DIRECTION ( 'NONE',  ( 0.000000000000000000, 1.000000000000000000, 0.000000000000000000 ) ) ;
#326 = AXIS2_PLACEMENT_3D ( 'NONE', #1546, #1787, #3699 ) ;
#327 = PRODUCT_RELATED_PRODUCT_CATEGORY ( 'detail', '', ( #2741 ) ) ;
#328 = CARTESIAN_POINT ( 'NONE',  ( -1.394874999943561011, -2.223730434814909618, 5.000000000000000000 ) ) ;
#329 = CARTESIAN_POINT ( 'NONE',  ( -0.1150000000000024059, -0.2550000000000000044, -0.3551250000564785125 ) ) ;
#330 = ORIENTED_EDGE ( 'NONE', *, *, #345, .F. ) ;
#331 = DIRECTION ( 'NONE',  ( -0.000000000000000000, -0.000000000000000000, -1.000000000000000000 ) ) ;
#332 = DIRECTION ( 'NONE',  ( -0.000000000000000000, 1.000000000000000000, 0.000000000000000000 ) ) ;
#333 = EDGE_LOOP ( 'NONE', ( #2922, #1488, #2606, #2011 ) ) ;
#334 = VERTEX_POINT ( 'NONE', #3122 ) ;
#335 = DIRECTION ( 'NONE',  ( 6.505213034913030548E-15, 0.000000000000000000, 1.000000000000000000 ) ) ;
#336 = DIRECTION ( 'NONE',  ( -1.000000000000000000, 0.000000000000000000, 6.982962677686270655E-15 ) ) ;
#337 = EDGE_LOOP ( 'NONE', ( #3521, #3650, #1535, #1601 ) ) ;
#338 = VECTOR ( 'NONE', #3619, 1000.000000000000000 ) ;
#339 = PERSON ( 'UNSPECIFIED', 'UNSPECIFIED', 'UNSPECIFIED', ('UNSPECIFIED'), ('UNSPECIFIED'), ('UNSPECIFIED') ) ;
#340 = FACE_OUTER_BOUND ( 'NONE', #3074, .T. ) ;
#341 = CARTESIAN_POINT ( 'NONE',  ( 0.5599999999999999423, 0.5199999999999999067, -0.3549999999999999822 ) ) ;
#342 = VECTOR ( 'NONE', #1948, 1000.000000000000000 ) ;
#343 = EDGE_CURVE ( 'NONE', #2161, #457, #920, .T. ) ;
#344 = CARTESIAN_POINT ( 'NONE',  ( 0.5810555127546370713, 0.2500000000000000000, -0.3551250000564840081 ) ) ;
#345 = EDGE_CURVE ( 'NONE', #196, #38, #1832, .T. ) ;
#346 = DIRECTION ( 'NONE',  ( 1.000000000000000000, 0.000000000000000000, 0.000000000000000000 ) ) ;
#347 = CIRCLE ( 'NONE', #1062, 0.02500000000000001180 ) ;
#348 = ADVANCED_FACE ( 'NONE', ( #340 ), #594, .T. ) ;
#349 = ORIENTED_EDGE ( 'NONE', *, *, #3492, .T. ) ;
#350 = DATE_AND_TIME ( #3825, #2651 ) ;
#351 = CIRCLE ( 'NONE', #2628, 0.04999999999999999584 ) ;
#352 = DIRECTION ( 'NONE',  ( -1.000000000000000000, 0.000000000000000000, 7.228014483236693597E-15 ) ) ;
#353 = DIRECTION ( 'NONE',  ( 1.000000000000000000, 0.000000000000000000, -6.982962677686270655E-15 ) ) ;
#354 = ORIENTED_EDGE ( 'NONE', *, *, #1698, .T. ) ;
#355 = AXIS2_PLACEMENT_3D ( 'NONE', #478, #1373, #2045 ) ;
#356 = ORIENTED_EDGE ( 'NONE', *, *, #701, .T. ) ;
#357 = VECTOR ( 'NONE', #2266, 1000.000000000000000 ) ;
#358 = CARTESIAN_POINT ( 'NONE',  ( 0.4449999999999999512, 1.084202172485503941E-16, -0.3549999999999999822 ) ) ;
#359 = CARTESIAN_POINT ( 'NONE',  ( 0.2099999999999969946, -0.5699999999999999512, -0.3551250000564810660 ) ) ;
#360 = ORIENTED_EDGE ( 'NONE', *, *, #903, .T. ) ;
#361 = DIRECTION ( 'NONE',  ( 7.228014483236690442E-15, 0.000000000000000000, 1.000000000000000000 ) ) ;
#362 = FACE_OUTER_BOUND ( 'NONE', #3871, .T. ) ;
#363 = CIRCLE ( 'NONE', #2322, 0.02499999999999995628 ) ;
#364 = AXIS2_PLACEMENT_3D ( 'NONE', #2749, #246, #853 ) ;
#365 = CARTESIAN_POINT ( 'NONE',  ( -2.846604824987382987, -5.059081103884319752, 5.000000000000000000 ) ) ;
#366 = DIRECTION ( 'NONE',  ( -6.505213034913030548E-15, 0.000000000000000000, -1.000000000000000000 ) ) ;
#367 = VECTOR ( 'NONE', #3585, 1000.000000000000000 ) ;
#368 = CC_DESIGN_APPROVAL ( #2743, ( #2134 ) ) ;
#369 = ORIENTED_EDGE ( 'NONE', *, *, #2217, .T. ) ;
#370 = CALENDAR_DATE ( 2026, 26, 8 ) ;
#371 = ADVANCED_FACE ( 'NONE', ( #1588 ), #613, .F. ) ;
#372 = EDGE_CURVE ( 'NONE', #2580, #2500, #2466, .T. ) ;
#373 = LINE ( 'NONE', #3788, #3370 ) ;
#374 = CARTESIAN_POINT ( 'NONE',  ( 1.149999999999999911, 1.149999999999999911, -0.08502500005648770676 ) ) ;
#375 = EDGE_LOOP ( 'NONE', ( #770, #2551, #518, #2106 ) ) ;
#376 = AXIS2_PLACEMENT_3D ( 'NONE', #1707, #3244, #2892 ) ;
#377 = EDGE_LOOP ( 'NONE', ( #990, #3587, #2732, #3552 ) ) ;
#378 = CARTESIAN_POINT ( 'NONE',  ( 0.5599999999999999423, 0.5199999999999999067, -0.3551250000564835640 ) ) ;
#379 = CARTESIAN_POINT ( 'NONE',  ( 0.1149999999999969935, 0.3200000000000000067, -0.3551250000564805109 ) ) ;
#380 = ORIENTED_EDGE ( 'NONE', *, *, #3872, .F. ) ;
#381 = PERSON_AND_ORGANIZATION_ROLE ( 'creator' ) ;
#382 = ADVANCED_FACE ( 'NONE', ( #2144 ), #1205, .T. ) ;
#383 = CARTESIAN_POINT ( 'NONE',  ( -8.981845694529432933, 12.60815517220120086, 5.000000000000000000 ) ) ;
#384 = FACE_OUTER_BOUND ( 'NONE', #295, .T. ) ;
#385 = CYLINDRICAL_SURFACE ( 'NONE', #1899, 0.04500000000000001221 ) ;
#386 = DIRECTION ( 'NONE',  ( 6.505213034913040804E-15, 0.000000000000000000, 1.000000000000000000 ) ) ;
#387 = CARTESIAN_POINT ( 'NONE',  ( -1.149999999999999911, 1.149999999999999911, 0.004974999943528359524 ) ) ;
#388 = VERTEX_POINT ( 'NONE', #2484 ) ;
#389 = CALENDAR_DATE ( 2026, 26, 8 ) ;
#390 = AXIS2_PLACEMENT_3D ( 'NONE', #1430, #3571, #3615 ) ;
#391 = DIRECTION ( 'NONE',  ( -1.000000000000000000, 0.000000000000000000, 6.505213034913037648E-15 ) ) ;
#392 = FACE_OUTER_BOUND ( 'NONE', #3714, .T. ) ;
#393 = ADVANCED_FACE ( 'NONE', ( #1512 ), #3429, .T. ) ;
#394 = EDGE_LOOP ( 'NONE', ( #2906, #70, #1374, #213 ) ) ;
#395 = EDGE_LOOP ( 'NONE', ( #3462, #3036, #3400, #3845, #2655, #2479, #356, #3815 ) ) ;
#396 = DIRECTION ( 'NONE',  ( -6.505213034913030548E-15, 0.000000000000000000, -1.000000000000000000 ) ) ;
#398 = EDGE_CURVE ( 'NONE', #926, #2124, #1854, .T. ) ;
#397 = CARTESIAN_POINT ( 'NONE',  ( 0.1149999999999967992, -0.5950000000000000844, -0.3551250000564805109 ) ) ;
#399 = EDGE_CURVE ( 'NONE', #3466, #268, #3148, .T. ) ;
#400 = VERTEX_POINT ( 'NONE', #1874 ) ;
#401 = CC_DESIGN_PERSON_AND_ORGANIZATION_ASSIGNMENT ( #2341, #3458, ( #766 ) ) ;
#402 = PERSON_AND_ORGANIZATION ( #339, #2388 ) ;
#403 = DIRECTION ( 'NONE',  ( -6.505213034913030548E-15, 0.000000000000000000, -1.000000000000000000 ) ) ;
#404 = AXIS2_PLACEMENT_3D ( 'NONE', #1497, #1478, #1776 ) ;
#405 = DIRECTION ( 'NONE',  ( 6.505213034913040804E-15, 0.000000000000000000, 1.000000000000000000 ) ) ;
#406 = B_SPLINE_CURVE_WITH_KNOTS ( 'NONE', 2,
 ( #5, #1187, #925 ),
 .UNSPECIFIED., .F., .F.,
 ( 3, 3 ),
 ( 0.4988120746294950059, 0.4994128454637969949 ),
 .UNSPECIFIED. ) ;
#407 = FACE_OUTER_BOUND ( 'NONE', #3794, .T. ) ;
#408 = CARTESIAN_POINT ( 'NONE',  ( 0.6350000000000000089, -0.03499999999999999639, -0.3551250000564840081 ) ) ;
#409 = CYLINDRICAL_SURFACE ( 'NONE', #1199, 0.02500000000000001180 ) ;
#410 = ORIENTED_EDGE ( 'NONE', *, *, #2347, .T. ) ;
#411 = ITEM_DEFINED_TRANSFORMATION ( 'NONE', 'NONE', #3898,  #691 ) ;
#412 = DIRECTION ( 'NONE',  ( 6.982962677686270655E-15, 0.000000000000000000, 1.000000000000000000 ) ) ;
#413 = CARTESIAN_POINT ( 'NONE',  ( 0.1749999999999969913, 0.05000000000000000278, -0.3551250000564810660 ) ) ;
#414 = VERTEX_POINT ( 'NONE', #3080 ) ;
#415 = ORIENTED_EDGE ( 'NONE', *, *, #733, .T. ) ;
#416 = EDGE_LOOP ( 'NONE', ( #3094, #3399, #3155, #410, #2275, #2758, #3541, #1367, #1518, #536, #585, #1114, #369, #3721, #3791, #708, #2522, #2313, #3635, #2804, #74, #2673, #354, #2925, #2024, #322, #69, #2410, #3701, #2251, #2387, #2354, #298, #1780, #780, #1456, #1743, #891, #2818, #2215, #1090, #2471, #3775, #3939, #3365, #981, #1403, #3989, #3361, #2073, #218, #2940, #3316, #2067, #3516, #3107, #1223, #3449, #3406, #4039, #360, #1137, #715, #3952, #1145, #2724, #2464, #3691, #3146, #3584, #964, #1943, #542, #2210, #1977, #1538, #1958 ) ) ;
#417 = CARTESIAN_POINT ( 'NONE',  ( -0.9075306697980521919, -0.1237304348149260991, 5.000000000000000000 ) ) ;
#418 = CARTESIAN_POINT ( 'NONE',  ( 0.1749999999999969913, -0.05000000000000000278, -0.3551250000564810660 ) ) ;
#419 = AXIS2_PLACEMENT_3D ( 'NONE', #1193, #2437, #3385 ) ;
#420 = ORIENTED_EDGE ( 'NONE', *, *, #1991, .F. ) ;
#421 =( NAMED_UNIT ( * ) SI_UNIT ( $, .STERADIAN. ) SOLID_ANGLE_UNIT ( ) );
#422 = EDGE_CURVE ( 'NONE', #2206, #2875, #286, .T. ) ;
#423 = AXIS2_PLACEMENT_3D ( 'NONE', #329, #2506, #3767 ) ;
#424 = EDGE_CURVE ( 'NONE', #2596, #1465, #2202, .T. ) ;
#425 = EDGE_CURVE ( 'NONE', #3790, #2803, #3371, .T. ) ;
#426 = DIRECTION ( 'NONE',  ( -1.000000000000000000, 0.000000000000000000, 6.505213034913037648E-15 ) ) ;
#427 = DIRECTION ( 'NONE',  ( 1.000000000000000000, 1.129377263005733868E-16, -6.982962677686270655E-15 ) ) ;
#428 = CARTESIAN_POINT ( 'NONE',  ( 0.3350000000000000200, -0.5950000000000000844, -0.3551250000564820097 ) ) ;
#429 = CARTESIAN_POINT ( 'NONE',  ( -2.846604824987382987, -5.059081103884319752, 5.000000000000000000 ) ) ;
#430 = CARTESIAN_POINT ( 'NONE',  ( 0.4681785439136939564, -0.03857142857142845799, -0.3551250000564830089 ) ) ;
#431 = ORIENTED_EDGE ( 'NONE', *, *, #1316, .T. ) ;
#432 = VECTOR ( 'NONE', #3149, 1000.000000000000000 ) ;
#433 = CARTESIAN_POINT ( 'NONE',  ( 0.4449999999999999512, 1.084202172485503941E-16, -0.3551250000564830089 ) ) ;
#434 = VECTOR ( 'NONE', #3947, 1000.000000000000000 ) ;
#435 = CARTESIAN_POINT ( 'NONE',  ( -1.394874999943561011, -2.223730434814909618, 5.000000000000000000 ) ) ;
#436 = ORIENTED_EDGE ( 'NONE', *, *, #2170, .F. ) ;
#437 = VERTEX_POINT ( 'NONE', #1241 ) ;
#438 = LOCAL_TIME ( 11, 1, 48.00000000000000000, #3498 ) ;
#439 = ORIENTED_EDGE ( 'NONE', *, *, #1429, .F. ) ;
#440 = DIRECTION ( 'NONE',  ( 1.000000000000000000, 0.000000000000000000, -6.505213034913023449E-15 ) ) ;
#441 = CARTESIAN_POINT ( 'NONE',  ( 0.5450000000000000400, 0.2849999999999999756, -0.3551250000564835640 ) ) ;
#442 = EDGE_LOOP ( 'NONE', ( #918, #2635, #1834, #1921 ) ) ;
#443 = DIRECTION ( 'NONE',  ( 1.000000000000000000, 0.000000000000000000, 0.000000000000000000 ) ) ;
#444 = DIRECTION ( 'NONE',  ( -1.000000000000000000, 0.000000000000000000, 6.505213034913027393E-15 ) ) ;
#445 = DIRECTION ( 'NONE',  ( 0.000000000000000000, 1.000000000000000000, 0.000000000000000000 ) ) ;
#446 = ADVANCED_FACE ( 'NONE', ( #3451 ), #3744, .F. ) ;
#447 = DIRECTION ( 'NONE',  ( 1.000000000000000000, 0.000000000000000000, -6.505213034913023449E-15 ) ) ;
#448 = DIRECTION ( 'NONE',  ( -1.000000000000000000, 0.000000000000000000, 6.505213034913027393E-15 ) ) ;
#449 = DIRECTION ( 'NONE',  ( -6.505213034913040804E-15, 0.000000000000000000, -1.000000000000000000 ) ) ;
#450 = ORIENTED_EDGE ( 'NONE', *, *, #2487, .T. ) ;
#451 = APPROVAL ( #567, 'UNSPECIFIED' ) ;
#452 = LINE ( 'NONE', #1352, #1835 ) ;
#453 = CARTESIAN_POINT ( 'NONE',  ( -0.09000000000000249467, 0.2550000000000000044, -0.3551250000564790676 ) ) ;
#454 = ORIENTED_EDGE ( 'NONE', *, *, #2913, .F. ) ;
#455 = ORIENTED_EDGE ( 'NONE', *, *, #2587, .F. ) ;
#456 = AXIS2_PLACEMENT_3D ( 'NONE', #3035, #1528, #3425 ) ;
#457 = VERTEX_POINT ( 'NONE', #2184 ) ;
#458 = DIRECTION ( 'NONE',  ( -6.505213034913021082E-15, 0.000000000000000000, -1.000000000000000000 ) ) ;
#459 = CARTESIAN_POINT ( 'NONE',  ( -1.149999999999999911, -1.149999999999999911, -0.08502500005647160852 ) ) ;
#460 = B_SPLINE_SURFACE_WITH_KNOTS ( 'NONE', 2, 1, ( 
 ( #2123, #578 ),
 ( #287, #3392 ),
 ( #595, #1534 ) ),
 .UNSPECIFIED., .F., .F., .F.,
 ( 3, 3 ),
 ( 2, 2 ),
 ( 0.5008207051229819351, 0.5020133117822229707 ),
 ( 0.000000000000000000, 1.000000000000000000 ),
 .UNSPECIFIED. ) ;
#461 = VERTEX_POINT ( 'NONE', #1225 ) ;
#462 = DIRECTION ( 'NONE',  ( 0.000000000000000000, 0.000000000000000000, 1.000000000000000000 ) ) ;
#463 = DIRECTION ( 'NONE',  ( -6.505213034913040804E-15, 0.000000000000000000, -1.000000000000000000 ) ) ;
#464 = CARTESIAN_POINT ( 'NONE',  ( 0.2249999999999975075, 1.219727444046191995E-16, -0.3550000000000003153 ) ) ;
#465 = MANIFOLD_SOLID_BREP ( 'Defeatured_0_28', #3803 ) ;
#466 = ADVANCED_FACE ( 'NONE', ( #2541 ), #120, .T. ) ;
#467 = PLANE ( 'NONE',  #2950 ) ;
#468 = AXIS2_PLACEMENT_3D ( 'NONE', #3272, #477, #1438 ) ;
#469 = LINE ( 'NONE', #794, #2228 ) ;
#470 = DIRECTION ( 'NONE',  ( 7.228014483236690442E-15, 0.000000000000000000, 1.000000000000000000 ) ) ;
#471 = VERTEX_POINT ( 'NONE', #3859 ) ;
#472 = AXIS2_PLACEMENT_3D ( 'NONE', #124, #168, #1346 ) ;
#473 = EDGE_CURVE ( 'NONE', #1942, #2490, #1054, .T. ) ;
#474 = EDGE_CURVE ( 'NONE', #2664, #604, #1628, .T. ) ;
#475 = CIRCLE ( 'NONE', #2103, 0.04500000000000001221 ) ;
#476 = EDGE_CURVE ( 'NONE', #1527, #414, #1585, .T. ) ;
#477 = DIRECTION ( 'NONE',  ( -0.000000000000000000, 1.000000000000000000, 0.000000000000000000 ) ) ;
#478 = CARTESIAN_POINT ( 'NONE',  ( -0.1150000000000024059, -0.4249999999999999889, -0.3551250000564785125 ) ) ;
#479 = ORIENTED_EDGE ( 'NONE', *, *, #1888, .T. ) ;
#480 = ORIENTED_EDGE ( 'NONE', *, *, #671, .T. ) ;
#481 = VECTOR ( 'NONE', #2774, 1000.000000000000114 ) ;
#482 = EDGE_LOOP ( 'NONE', ( #2533, #784, #2677, #4033, #208, #3736, #2180, #2006, #1188, #12, #897, #1680 ) ) ;
#483 = CARTESIAN_POINT ( 'NONE',  ( 0.08999999999999680478, -0.5950000000000000844, -0.3549999999999999822 ) ) ;
#484 = DIRECTION ( 'NONE',  ( 1.000000000000000000, 0.000000000000000000, -6.505213034913023449E-15 ) ) ;
#485 = AXIS2_PLACEMENT_3D ( 'NONE', #2544, #2835, #3804 ) ;
#486 = ORIENTED_EDGE ( 'NONE', *, *, #2272, .F. ) ;
#487 = COORDINATED_UNIVERSAL_TIME_OFFSET ( 1, 0, .AHEAD. ) ;
#488 = VECTOR ( 'NONE', #3652, 1000.000000000000114 ) ;
#489 = DIRECTION ( 'NONE',  ( 1.000000000000000000, 0.000000000000000000, -6.505213034913037648E-15 ) ) ;
#490 = FACE_OUTER_BOUND ( 'NONE', #3116, .T. ) ;
#491 = VECTOR ( 'NONE', #1740, 1000.000000000000000 ) ;
#492 = DIRECTION ( 'NONE',  ( 6.982962677686270655E-15, 0.000000000000000000, 1.000000000000000000 ) ) ;
#493 = LINE ( 'NONE', #1080, #144 ) ;
#494 = DIRECTION ( 'NONE',  ( -6.505213034913040804E-15, 0.000000000000000000, -1.000000000000000000 ) ) ;
#495 = VERTEX_POINT ( 'NONE', #3511 ) ;
#496 = FACE_OUTER_BOUND ( 'NONE', #1296, .T. ) ;
#497 = CARTESIAN_POINT ( 'NONE',  ( 0.6350000000000000089, -0.3449999999999999734, -0.3551250000564840081 ) ) ;
#498 = VERTEX_POINT ( 'NONE', #1646 ) ;
#499 = ORIENTED_EDGE ( 'NONE', *, *, #549, .F. ) ;
#500 = EDGE_CURVE ( 'NONE', #3335, #1275, #3807, .T. ) ;
#501 = AXIS2_PLACEMENT_3D ( 'NONE', #2638, #2358, #1681 ) ;
#502 = EDGE_LOOP ( 'NONE', ( #3152, #1822, #193, #869 ) ) ;
#503 = VECTOR ( 'NONE', #2540, 1000.000000000000000 ) ;
#504 = DIRECTION ( 'NONE',  ( 6.982962677686270655E-15, 0.000000000000000000, 1.000000000000000000 ) ) ;
#505 = DIRECTION ( 'NONE',  ( -6.505213034913030548E-15, 0.000000000000000000, -1.000000000000000000 ) ) ;
#506 = ORIENTED_EDGE ( 'NONE', *, *, #3847, .T. ) ;
#507 = CIRCLE ( 'NONE', #1283, 0.04999999999999999584 ) ;
#508 = PERSON_AND_ORGANIZATION ( #339, #2388 ) ;
#509 = ORGANIZATION ( 'NAUO-ORG3', 'UNSPECIFIED', 'UNSPECIFIED' ) ;
#510 = LINE ( 'NONE', #164, #1 ) ;
#511 = LINE ( 'NONE', #2365, #1736 ) ;
#512 = DIRECTION ( 'NONE',  ( 6.982962677686270655E-15, 0.000000000000000000, 1.000000000000000000 ) ) ;
#513 = CARTESIAN_POINT ( 'NONE',  ( -2.846604824987382987, -5.059081103884319752, 5.000000000000000000 ) ) ;
#514 = ORIENTED_EDGE ( 'NONE', *, *, #3247, .T. ) ;
#515 = CARTESIAN_POINT ( 'NONE',  ( -0.6600000000000000311, 0.2550000000000000044, -0.3551250000564750153 ) ) ;
#516 = CYLINDRICAL_SURFACE ( 'NONE', #3360, 0.05000000000000002359 ) ;
#517 = ORIENTED_EDGE ( 'NONE', *, *, #1747, .F. ) ;
#518 = ORIENTED_EDGE ( 'NONE', *, *, #261, .T. ) ;
#519 = ORIENTED_EDGE ( 'NONE', *, *, #1294, .F. ) ;
#520 = ADVANCED_FACE ( 'NONE', ( #3162 ), #975, .T. ) ;
#521 = CARTESIAN_POINT ( 'NONE',  ( 0.2099999999999969946, 0.5699999999999999512, -0.3551250000564810660 ) ) ;
#522 = ADVANCED_FACE ( 'NONE', ( #751 ), #1012, .T. ) ;
#523 = CARTESIAN_POINT ( 'NONE',  ( 0.2389444872453570234, 0.2500000000000000000, -0.3551250000564815656 ) ) ;
#524 = VERTEX_POINT ( 'NONE', #1610 ) ;
#525 = COORDINATED_UNIVERSAL_TIME_OFFSET ( 1, 0, .AHEAD. ) ;
#526 = EDGE_CURVE ( 'NONE', #2375, #3757, #3838, .T. ) ;
#527 = LINE ( 'NONE', #3013, #3262 ) ;
#528 = EDGE_CURVE ( 'NONE', #705, #2194, #2802, .T. ) ;
#529 = EDGE_CURVE ( 'NONE', #639, #3962, #2412, .T. ) ;
#530 = DIRECTION ( 'NONE',  ( 6.982962677686270655E-15, 0.000000000000000000, 1.000000000000000000 ) ) ;
#531 = FACE_OUTER_BOUND ( 'NONE', #1476, .T. ) ;
#532 = DIRECTION ( 'NONE',  ( -1.000000000000000000, 0.000000000000000000, 6.982962677686270655E-15 ) ) ;
#533 = ORIENTED_EDGE ( 'NONE', *, *, #3422, .T. ) ;
#534 = CARTESIAN_POINT ( 'NONE',  ( 1.149999999999999911, -1.149999999999999911, 0.004974999943512300321 ) ) ;
#535 = CARTESIAN_POINT ( 'NONE',  ( 0.1849999999999974998, 0.6199999999999999956, -0.3549999999999999822 ) ) ;
#536 = ORIENTED_EDGE ( 'NONE', *, *, #848, .T. ) ;
#537 = AXIS2_PLACEMENT_3D ( 'NONE', #1039, #1102, #2604 ) ;
#538 = VERTEX_POINT ( 'NONE', #39 ) ;
#539 = ORIENTED_EDGE ( 'NONE', *, *, #847, .F. ) ;
#540 = CARTESIAN_POINT ( 'NONE',  ( 0.5450000000000000400, -0.2849999999999999756, -0.3551250000564835640 ) ) ;
#541 = DIRECTION ( 'NONE',  ( -2.081376414897577625E-10, -1.000000000000000000, 0.000000000000000000 ) ) ;
#542 = ORIENTED_EDGE ( 'NONE', *, *, #1124, .T. ) ;
#543 = B_SPLINE_CURVE_WITH_KNOTS ( 'NONE', 2,
 ( #2403, #3345, #1769 ),
 .UNSPECIFIED., .F., .F.,
 ( 3, 3 ),
 ( 0.4976672411085089620, 0.4995542795880109632 ),
 .UNSPECIFIED. ) ;
#544 = APPROVAL_DATE_TIME ( #3923, #2448 ) ;
#545 = CARTESIAN_POINT ( 'NONE',  ( -0.9075306697980521919, -0.1237304348149260991, -5.000000000000000000 ) ) ;
#546 = AXIS2_PLACEMENT_3D ( 'NONE', #1952, #980, #1936 ) ;
#547 = ORIENTED_EDGE ( 'NONE', *, *, #2937, .F. ) ;
#548 = CARTESIAN_POINT ( 'NONE',  ( -0.6350000000000000089, 0.5950000000000000844, -0.3551250000564750153 ) ) ;
#549 = EDGE_CURVE ( 'NONE', #3058, #1761, #2220, .T. ) ;
#550 = EDGE_CURVE ( 'NONE', #2194, #2418, #3529, .T. ) ;
#551 = EDGE_CURVE ( 'NONE', #2189, #705, #2601, .T. ) ;
#552 = AXIS2_PLACEMENT_3D ( 'NONE', #3982, #1825, #3738 ) ;
#553 = DIRECTION ( 'NONE',  ( -1.000000000000000000, 0.000000000000000000, 6.982962677686270655E-15 ) ) ;
#554 = CARTESIAN_POINT ( 'NONE',  ( 0.2518214560863000218, -0.2464285714285714968, -0.3549999999999999822 ) ) ;
#555 = VECTOR ( 'NONE', #2431, 1000.000000000000000 ) ;
#556 = VERTEX_POINT ( 'NONE', #669 ) ;
#557 = VECTOR ( 'NONE', #880, 1000.000000000000000 ) ;
#558 = CARTESIAN_POINT ( 'NONE',  ( 0.4850000000000000422, 0.6199999999999999956, -0.3551250000564830089 ) ) ;
#559 = LINE ( 'NONE', #1498, #3885 ) ;
#560 = ORIENTED_EDGE ( 'NONE', *, *, #2591, .F. ) ;
#561 = EDGE_LOOP ( 'NONE', ( #1335, #3215, #1195, #2308 ) ) ;
#562 = EDGE_CURVE ( 'NONE', #1783, #1172, #1301, .T. ) ;
#563 = VERTEX_POINT ( 'NONE', #2239 ) ;
#564 = DIRECTION ( 'NONE',  ( 6.982962677686270655E-15, 0.000000000000000000, 1.000000000000000000 ) ) ;
#565 = CYLINDRICAL_SURFACE ( 'NONE', #2699, 0.04500000000000001221 ) ;
#566 = ORIENTED_EDGE ( 'NONE', *, *, #4027, .T. ) ;
#567 = APPROVAL_STATUS ( 'not_yet_approved' ) ;
#568 = VECTOR ( 'NONE', #564, 1000.000000000000000 ) ;
#569 = VECTOR ( 'NONE', #2707, 1000.000000000000000 ) ;
#570 = LINE ( 'NONE', #3367, #3903 ) ;
#571 = DIRECTION ( 'NONE',  ( 6.982962677686270655E-15, 0.000000000000000000, 1.000000000000000000 ) ) ;
#572 = AXIS2_PLACEMENT_3D ( 'NONE', #2213, #396, #2827 ) ;
#573 = CC_DESIGN_APPROVAL ( #280, ( #3563 ) ) ;
#574 = ORIENTED_EDGE ( 'NONE', *, *, #2272, .T. ) ;
#575 = CARTESIAN_POINT ( 'NONE',  ( -0.6600000000000000311, -0.4249999999999999889, -0.3551250000564750153 ) ) ;
#576 = DIRECTION ( 'NONE',  ( 1.000000000000000000, -4.401757866934369622E-17, -6.982962677686270655E-15 ) ) ;
#577 = EDGE_CURVE ( 'NONE', #2206, #3481, #1340, .T. ) ;
#578 = CARTESIAN_POINT ( 'NONE',  ( 0.3551250000566972265, 3.001549528634499975, -5.000000000000000000 ) ) ;
#579 = ORIENTED_EDGE ( 'NONE', *, *, #1818, .T. ) ;
#580 = DIRECTION ( 'NONE',  ( -1.000000000000000000, 0.000000000000000000, 6.505213034913037648E-15 ) ) ;
#581 = CARTESIAN_POINT ( 'NONE',  ( 0.5681785439136940452, -0.3235714285714285099, -0.3551250000564835640 ) ) ;
#582 = ORIENTED_EDGE ( 'NONE', *, *, #474, .T. ) ;
#583 = PRODUCT_DEFINITION ( 'UNKNOWN', '', #3641, #1157 ) ;
#584 = ORIENTED_EDGE ( 'NONE', *, *, #3797, .F. ) ;
#585 = ORIENTED_EDGE ( 'NONE', *, *, #817, .T. ) ;
#586 = CARTESIAN_POINT ( 'NONE',  ( 0.1149999999999969935, -0.6199999999999999956, -0.3549999999999999822 ) ) ;
#587 = DIRECTION ( 'NONE',  ( 1.000000000000000000, 0.000000000000000000, -6.982962677686270655E-15 ) ) ;
#588 = UNCERTAINTY_MEASURE_WITH_UNIT (LENGTH_MEASURE( 1.000000000000000082E-05 ), #3428, 'distance_accuracy_value', 'NONE');
#589 = ORIENTED_EDGE ( 'NONE', *, *, #1408, .F. ) ;
#590 = DIRECTION ( 'NONE',  ( -6.505213034913021082E-15, 0.000000000000000000, -1.000000000000000000 ) ) ;
#591 = DIRECTION ( 'NONE',  ( 6.505213034913040804E-15, 0.000000000000000000, 1.000000000000000000 ) ) ;
#592 = ORIENTED_EDGE ( 'NONE', *, *, #3421, .F. ) ;
#593 = CARTESIAN_POINT ( 'NONE',  ( -1.738258917843607858E-14, -1.262177448353634135E-28, -2.500000000000000000 ) ) ;
#594 = PLANE ( 'NONE',  #285 ) ;
#595 = CARTESIAN_POINT ( 'NONE',  ( -6.994875025828872772, 10.47738999221430234, 5.000000000000000000 ) ) ;
#596 = VERTEX_POINT ( 'NONE', #688 ) ;
#597 = LINE ( 'NONE', #907, #3407 ) ;
#598 = DIRECTION ( 'NONE',  ( -1.000000000000000000, 0.000000000000000000, 6.982962677686270655E-15 ) ) ;
#599 = EDGE_LOOP ( 'NONE', ( #2435, #3176, #2577, #3256 ) ) ;
#600 = ORIENTED_EDGE ( 'NONE', *, *, #22, .T. ) ;
#601 = EDGE_CURVE ( 'NONE', #2117, #2401, #3488, .T. ) ;
#602 = EDGE_CURVE ( 'NONE', #1783, #2206, #3184, .T. ) ;
#603 = EDGE_CURVE ( 'NONE', #2710, #3673, #543, .T. ) ;
#604 = VERTEX_POINT ( 'NONE', #3882 ) ;
#605 = DIRECTION ( 'NONE',  ( 1.000000000000000000, 0.000000000000000000, -7.228014483236693597E-15 ) ) ;
#606 = CIRCLE ( 'NONE', #2422, 0.02500000000000001180 ) ;
#607 = DIRECTION ( 'NONE',  ( 6.505213034913030548E-15, 0.000000000000000000, 1.000000000000000000 ) ) ;
#608 = ORIENTED_EDGE ( 'NONE', *, *, #3977, .F. ) ;
#609 = CARTESIAN_POINT ( 'NONE',  ( 0.1149999999999972017, -0.3449999999999999734, -0.3549999999999999822 ) ) ;
#610 = VECTOR ( 'NONE', #3841, 1000.000000000000000 ) ;
#611 = CARTESIAN_POINT ( 'NONE',  ( 0.1849999999999970002, 0.5950000000000000844, -0.3551250000564810660 ) ) ;
#612 = ORIENTED_EDGE ( 'NONE', *, *, #1817, .F. ) ;
#613 = CYLINDRICAL_SURFACE ( 'NONE', #868, 0.02499999999999995628 ) ;
#614 = CARTESIAN_POINT ( 'NONE',  ( 0.5810555127546370713, -0.2500000000000000000, -0.3551250000564840081 ) ) ;
#615 = CIRCLE ( 'NONE', #3089, 0.04500000000000001221 ) ;
#616 = VERTEX_POINT ( 'NONE', #2706 ) ;
#617 = AXIS2_PLACEMENT_3D ( 'NONE', #3756, #1506, #2136 ) ;
#618 = CARTESIAN_POINT ( 'NONE',  ( 0.5100000000000000089, 0.5699999999999999512, -0.3551250000564835640 ) ) ;
#619 = CARTESIAN_POINT ( 'NONE',  ( 0.08999999999999680478, 0.2250000000000000056, -0.3549999999999999822 ) ) ;
#620 = EDGE_LOOP ( 'NONE', ( #3992, #234, #1616, #1437 ) ) ;
#621 = CIRCLE ( 'NONE', #2186, 0.04500000000000001221 ) ;
#622 = DIRECTION ( 'NONE',  ( 6.982962677686270655E-15, 0.000000000000000000, 1.000000000000000000 ) ) ;
#623 = CARTESIAN_POINT ( 'NONE',  ( -0.6350000000000000089, -0.08500000000000000611, -0.3551250000564750153 ) ) ;
#624 = PLANE ( 'NONE',  #617 ) ;
#625 = EDGE_CURVE ( 'NONE', #2083, #927, #1076, .T. ) ;
#626 = ORIENTED_EDGE ( 'NONE', *, *, #3840, .F. ) ;
#627 = PLANE ( 'NONE',  #1416 ) ;
#628 = CARTESIAN_POINT ( 'NONE',  ( 0.2099999999999969946, 0.5950000000000000844, -0.3551250000564810660 ) ) ;
#629 = ORIENTED_EDGE ( 'NONE', *, *, #1317, .T. ) ;
#630 = CC_DESIGN_PERSON_AND_ORGANIZATION_ASSIGNMENT ( #3806, #658, ( #2327 ) ) ;
#631 = CARTESIAN_POINT ( 'NONE',  ( 1.738258917843607858E-14, 1.262177448353634135E-28, 2.500000000000000000 ) ) ;
#632 = CIRCLE ( 'NONE', #2516, 0.04500000000000001221 ) ;
#633 = CARTESIAN_POINT ( 'NONE',  ( 0.08999999999999680478, -0.3449999999999999734, -0.3551250000564805109 ) ) ;
#634 = DIRECTION ( 'NONE',  ( 1.000000000000000000, 0.000000000000000000, -6.505213034913037648E-15 ) ) ;
#635 = FACE_OUTER_BOUND ( 'NONE', #250, .T. ) ;
#636 = CC_DESIGN_APPROVAL ( #3600, ( #3641 ) ) ;
#637 = CARTESIAN_POINT ( 'NONE',  ( -18.94519211359818911, 7.540918895746552053, -5.000000000000000000 ) ) ;
#638 = DIRECTION ( 'NONE',  ( 7.228014483236690442E-15, 0.000000000000000000, 1.000000000000000000 ) ) ;
#639 = VERTEX_POINT ( 'NONE', #2622 ) ;
#640 = ITEM_DEFINED_TRANSFORMATION ( 'NONE', 'NONE', #1804,  #691 ) ;
#641 = CARTESIAN_POINT ( 'NONE',  ( 0.5100000000000000089, -0.5699999999999999512, -0.3549999999999999822 ) ) ;
#642 = LINE ( 'NONE', #259, #1003 ) ;
#643 = ORIENTED_EDGE ( 'NONE', *, *, #1396, .F. ) ;
#644 = ORIENTED_EDGE ( 'NONE', *, *, #2487, .F. ) ;
#645 = PLANE ( 'NONE',  #2456 ) ;
#646 = CARTESIAN_POINT ( 'NONE',  ( -1.149999999999999911, 1.149999999999999911, -0.08502500005647160852 ) ) ;
#647 = EDGE_LOOP ( 'NONE', ( #2457, #293, #1575, #2764 ) ) ;
#648 = CYLINDRICAL_SURFACE ( 'NONE', #308, 0.05000000000000002359 ) ;
#649 = EDGE_CURVE ( 'NONE', #147, #2721, #3589, .T. ) ;
#650 = ADVANCED_FACE ( 'NONE', ( #3656 ), #2667, .F. ) ;
#651 = EDGE_CURVE ( 'NONE', #2881, #196, #1162, .T. ) ;
#652 = CARTESIAN_POINT ( 'NONE',  ( 0.1149999999999967992, 0.5950000000000000844, -0.3551250000564805109 ) ) ;
#653 = LINE ( 'NONE', #976, #1906 ) ;
#654 = VECTOR ( 'NONE', #730, 1000.000000000000114 ) ;
#655 = CARTESIAN_POINT ( 'NONE',  ( -0.6350000000000000089, -0.4249999999999999889, -0.3551250000564750153 ) ) ;
#656 = FACE_OUTER_BOUND ( 'NONE', #1885, .T. ) ;
#657 = VERTEX_POINT ( 'NONE', #2343 ) ;
#658 = PERSON_AND_ORGANIZATION_ROLE ( 'classification_officer' ) ;
#659 = DIRECTION ( 'NONE',  ( 7.228014483236690442E-15, 0.000000000000000000, 1.000000000000000000 ) ) ;
#660 = CARTESIAN_POINT ( 'NONE',  ( 0.4681785439136939564, 0.03857142857142870779, -0.3549999999999999822 ) ) ;
#661 = VERTEX_POINT ( 'NONE', #2951 ) ;
#662 = AXIS2_PLACEMENT_3D ( 'NONE', #739, #1738, #2938 ) ;
#663 = ORIENTED_EDGE ( 'NONE', *, *, #879, .F. ) ;
#664 = DIRECTION ( 'NONE',  ( 1.000000000000000000, 0.000000000000000000, -6.505213034913027393E-15 ) ) ;
#665 = CARTESIAN_POINT ( 'NONE',  ( 0.5100000000000000089, -0.5950000000000000844, -0.3549999999999999822 ) ) ;
#666 = ORIENTED_EDGE ( 'NONE', *, *, #1503, .F. ) ;
#667 = VECTOR ( 'NONE', #2806, 1000.000000000000000 ) ;
#668 = DIRECTION ( 'NONE',  ( 0.000000000000000000, 5.048709793414475555E-29, 0.9999999999999998890 ) ) ;
#669 = CARTESIAN_POINT ( 'NONE',  ( 0.1849999999999965006, 0.6199999999999999956, -0.3549999999999999822 ) ) ;
#670 = DIRECTION ( 'NONE',  ( -6.505213034913021082E-15, 0.000000000000000000, -1.000000000000000000 ) ) ;
#671 = EDGE_CURVE ( 'NONE', #197, #3324, #3154, .T. ) ;
#672 = CIRCLE ( 'NONE', #155, 0.02500000000000001180 ) ;
#673 = EDGE_CURVE ( 'NONE', #3666, #388, #2972, .T. ) ;
#674 = DIRECTION ( 'NONE',  ( -1.000000000000000000, 0.000000000000000000, 6.505213034913037648E-15 ) ) ;
#675 = DIRECTION ( 'NONE',  ( -6.505213034913030548E-15, 0.000000000000000000, -1.000000000000000000 ) ) ;
#676 = CIRCLE ( 'NONE', #3697, 0.04500000000000001221 ) ;
#677 = ORIENTED_EDGE ( 'NONE', *, *, #1847, .T. ) ;
#678 = PERSON_AND_ORGANIZATION_ROLE ( 'classification_officer' ) ;
#679 = LINE ( 'NONE', #2493, #432 ) ;
#680 = DIRECTION ( 'NONE',  ( -1.000000000000000000, 0.000000000000000000, 6.505213034913023449E-15 ) ) ;
#681 = ORIENTED_EDGE ( 'NONE', *, *, #1545, .T. ) ;
#682 = ORIENTED_EDGE ( 'NONE', *, *, #1665, .F. ) ;
#683 = VECTOR ( 'NONE', #3352, 1000.000000000000000 ) ;
#684 = DIRECTION ( 'NONE',  ( -1.000000000000000000, 0.000000000000000000, 6.982962677686270655E-15 ) ) ;
#685 = CARTESIAN_POINT ( 'NONE',  ( 1.149999999999999911, 1.149999999999999911, 0.004974999943512300321 ) ) ;
#686 = ORIENTED_EDGE ( 'NONE', *, *, #601, .T. ) ;
#687 = APPROVAL_STATUS ( 'not_yet_approved' ) ;
#688 = CARTESIAN_POINT ( 'NONE',  ( 0.6600000000000000311, 0.3449999999999999734, -0.3551250000564845077 ) ) ;
#689 = DIRECTION ( 'NONE',  ( 6.982962677686270655E-15, 0.000000000000000000, 1.000000000000000000 ) ) ;
#690 = VECTOR ( 'NONE', #85, 1000.000000000000000 ) ;
#691 = AXIS2_PLACEMENT_3D ( 'NONE', #3136, #2773, #59 ) ;
#692 = LINE ( 'NONE', #3754, #2172 ) ;
#693 = EDGE_CURVE ( 'NONE', #4011, #2629, #510, .T. ) ;
#694 = CARTESIAN_POINT ( 'NONE',  ( 0.000000000000000000, 0.000000000000000000, 5.000000000000000000 ) ) ;
#695 = DIRECTION ( 'NONE',  ( -0.9848077530121999157, -0.1736481776669762389, 0.000000000000000000 ) ) ;
#696 = VECTOR ( 'NONE', #1923, 1000.000000000000000 ) ;
#697 = LOCAL_TIME ( 11, 1, 48.00000000000000000, #1075 ) ;
#698 = ORIENTED_EDGE ( 'NONE', *, *, #1123, .F. ) ;
#699 = SECURITY_CLASSIFICATION_LEVEL ( 'unclassified' ) ;
#700 = EDGE_CURVE ( 'NONE', #2629, #3833, #1729, .T. ) ;
#701 = EDGE_CURVE ( 'NONE', #3002, #147, #851, .T. ) ;
#702 = CARTESIAN_POINT ( 'NONE',  ( 0.08999999999999680478, 0.5950000000000000844, -0.3549999999999999822 ) ) ;
#703 = CARTESIAN_POINT ( 'NONE',  ( -0.6350000000000000089, -0.2799999999999999711, -0.3551250000564750153 ) ) ;
#704 = ORIENTED_EDGE ( 'NONE', *, *, #3140, .T. ) ;
#705 = VERTEX_POINT ( 'NONE', #3946 ) ;
#706 = CARTESIAN_POINT ( 'NONE',  ( 0.6350000000000000089, 0.2500000000000000000, -0.3551250000564840081 ) ) ;
#707 = LINE ( 'NONE', #3835, #1466 ) ;
#708 = ORIENTED_EDGE ( 'NONE', *, *, #183, .T. ) ;
#709 = DATE_TIME_ROLE ( 'classification_date' ) ;
#710 = DIRECTION ( 'NONE',  ( -1.000000000000000000, 0.000000000000000000, 6.982962677686270655E-15 ) ) ;
#711 = DIRECTION ( 'NONE',  ( 1.000000000000000000, 0.000000000000000000, -6.505213034913023449E-15 ) ) ;
#712 = DIRECTION ( 'NONE',  ( -1.000000000000000000, 0.000000000000000000, 6.982962677686270655E-15 ) ) ;
#713 = CARTESIAN_POINT ( 'NONE',  ( 0.6600000000000000311, 0.4949999999999999956, -0.3551250000564845077 ) ) ;
#714 = LINE ( 'NONE', #1574, #2115 ) ;
#715 = ORIENTED_EDGE ( 'NONE', *, *, #398, .T. ) ;
#716 = DATE_AND_TIME ( #370, #438 ) ;
#717 = VECTOR ( 'NONE', #1971, 1000.000000000000114 ) ;
#718 = CARTESIAN_POINT ( 'NONE',  ( 0.3551250000566972265, 3.001549528634499975, 5.000000000000000000 ) ) ;
#719 = DIRECTION ( 'NONE',  ( 6.982962677686270655E-15, 0.000000000000000000, 1.000000000000000000 ) ) ;
#720 = ORIENTED_EDGE ( 'NONE', *, *, #1746, .F. ) ;
#721 = ADVANCED_FACE ( 'NONE', ( #2321 ), #2031, .F. ) ;
#722 = EDGE_LOOP ( 'NONE', ( #2786, #1184, #2736, #2782 ) ) ;
#723 = ADVANCED_FACE ( 'NONE', ( #3283 ), #3925, .T. ) ;
#724 = EDGE_CURVE ( 'NONE', #3419, #3540, #2383, .T. ) ;
#725 = ORIENTED_EDGE ( 'NONE', *, *, #3270, .T. ) ;
#726 = CARTESIAN_POINT ( 'NONE',  ( 0.08999999999999729050, -0.2250000000000000056, -0.3549999999999999822 ) ) ;
#727 = LINE ( 'NONE', #972, #1654 ) ;
#728 = ORIENTED_EDGE ( 'NONE', *, *, #2043, .T. ) ;
#729 = COORDINATED_UNIVERSAL_TIME_OFFSET ( 1, 0, .AHEAD. ) ;
#730 = DIRECTION ( 'NONE',  ( -0.9986295347545740553, -0.05233595624294033744, 0.000000000000000000 ) ) ;
#731 = CIRCLE ( 'NONE', #3012, 0.02499999999999995628 ) ;
#732 = LINE ( 'NONE', #3224, #1935 ) ;
#733 = EDGE_CURVE ( 'NONE', #2881, #1275, #1099, .T. ) ;
#734 = CARTESIAN_POINT ( 'NONE',  ( 0.3551250000556511188, -1.237747038088879550E-13, -5.000000000000000000 ) ) ;
#735 = CARTESIAN_POINT ( 'NONE',  ( -1.149999999999999911, 1.149999999999999911, -0.3551250000564715181 ) ) ;
#736 = AXIS2_PLACEMENT_3D ( 'NONE', #1434, #248, #1731 ) ;
#737 = LINE ( 'NONE', #1975, #2314 ) ;
#738 = EDGE_LOOP ( 'NONE', ( #1045, #3681, #3971, #3318 ) ) ;
#739 = CARTESIAN_POINT ( 'NONE',  ( 0.2750000000000000222, 0.2849999999999999756, -0.3551250000564815656 ) ) ;
#740 = FACE_OUTER_BOUND ( 'NONE', #3902, .T. ) ;
#741 = ORIENTED_EDGE ( 'NONE', *, *, #1245, .F. ) ;
#742 = ORIENTED_EDGE ( 'NONE', *, *, #1016, .F. ) ;
#743 = AXIS2_PLACEMENT_3D ( 'NONE', #418, #2599, #2235 ) ;
#744 = ORIENTED_EDGE ( 'NONE', *, *, #125, .F. ) ;
#745 = DIRECTION ( 'NONE',  ( 0.000000000000000000, -1.000000000000000000, 0.000000000000000000 ) ) ;
#746 = EDGE_CURVE ( 'NONE', #2747, #3698, #3459, .T. ) ;
#747 = CARTESIAN_POINT ( 'NONE',  ( 0.1149999999999969935, -0.6199999999999999956, -0.3551250000564805109 ) ) ;
#748 = EDGE_LOOP ( 'NONE', ( #600, #3559, #3443, #830, #3810, #985, #349, #2759 ) ) ;
#749 = APPROVAL_DATE_TIME ( #1315, #3223 ) ;
#750 = VECTOR ( 'NONE', #2654, 1000.000000000000000 ) ;
#751 = FACE_OUTER_BOUND ( 'NONE', #3281, .T. ) ;
#752 = CC_DESIGN_DATE_AND_TIME_ASSIGNMENT ( #1115, #2054, ( #583 ) ) ;
#753 = CARTESIAN_POINT ( 'NONE',  ( -6.994875025828874548, 10.47738999221430234, -5.000000000000000000 ) ) ;
#754 = LINE ( 'NONE', #2283, #2882 ) ;
#755 = CARTESIAN_POINT ( 'NONE',  ( -10.21500838427921387, -3.697644103227559320, -5.000000000000000000 ) ) ;
#756 = CARTESIAN_POINT ( 'NONE',  ( 0.5100000000000000089, -0.5699999999999999512, -0.3551250000564835640 ) ) ;
#757 = EDGE_LOOP ( 'NONE', ( #1108, #1762, #3331, #1421, #2154, #2133, #2279, #2299 ) ) ;
#758 = VECTOR ( 'NONE', #1192, 1000.000000000000000 ) ;
#759 = CALENDAR_DATE ( 2026, 26, 8 ) ;
#760 = CIRCLE ( 'NONE', #1543, 0.02499999999999995628 ) ;
#761 = DIRECTION ( 'NONE',  ( 7.228014483236690442E-15, 0.000000000000000000, 1.000000000000000000 ) ) ;
#762 = LOCAL_TIME ( 11, 1, 48.00000000000000000, #729 ) ;
#763 = LINE ( 'NONE', #2676, #2501 ) ;
#764 = ORIENTED_EDGE ( 'NONE', *, *, #3703, .T. ) ;
#765 = ORIENTED_EDGE ( 'NONE', *, *, #923, .F. ) ;
#766 = PRODUCT_DEFINITION_FORMATION_WITH_SPECIFIED_SOURCE ( 'ANY', '', #854, .NOT_KNOWN. ) ;
#767 = EDGE_LOOP ( 'NONE', ( #2141, #3524, #2230, #2959 ) ) ;
#768 = LINE ( 'NONE', #3319, #3504 ) ;
#769 = CARTESIAN_POINT ( 'NONE',  ( 0.3551250005320090164, -7.391488004478132823E-11, 5.000000000000000000 ) ) ;
#770 = ORIENTED_EDGE ( 'NONE', *, *, #817, .F. ) ;
#771 = EDGE_CURVE ( 'NONE', #888, #974, #527, .T. ) ;
#772 = CARTESIAN_POINT ( 'NONE',  ( -0.6350000000000000089, -0.2550000000000000044, -0.3551250000564750153 ) ) ;
#773 = DIRECTION ( 'NONE',  ( -1.000000000000000000, 0.000000000000000000, 6.505213034913027393E-15 ) ) ;
#774 = EDGE_CURVE ( 'NONE', #3757, #1587, #1564, .T. ) ;
#775 = EDGE_CURVE ( 'NONE', #1082, #3255, #3114, .T. ) ;
#776 = ADVANCED_FACE ( 'NONE', ( #3677 ), #2805, .T. ) ;
#777 = FACE_OUTER_BOUND ( 'NONE', #1962, .T. ) ;
#778 = LINE ( 'NONE', #2931, #1577 ) ;
#779 = CARTESIAN_POINT ( 'NONE',  ( 0.2750000000000000222, 0.2849999999999999756, -0.3549999999999999822 ) ) ;
#780 = ORIENTED_EDGE ( 'NONE', *, *, #424, .T. ) ;
#781 = CARTESIAN_POINT ( 'NONE',  ( 0.5599999999999999423, -0.5699999999999999512, -0.3549999999999999822 ) ) ;
#782 = CARTESIAN_POINT ( 'NONE',  ( -0.1150000000000024059, -0.08500000000000000611, -0.3551250000564785125 ) ) ;
#783 = VERTEX_POINT ( 'NONE', #916 ) ;
#784 = ORIENTED_EDGE ( 'NONE', *, *, #3374, .T. ) ;
#785 = ORIENTED_EDGE ( 'NONE', *, *, #3676, .T. ) ;
#786 = LINE ( 'NONE', #2617, #3896 ) ;
#787 = DIRECTION ( 'NONE',  ( 0.000000000000000000, 0.000000000000000000, -1.000000000000000000 ) ) ;
#788 = ORIENTED_EDGE ( 'NONE', *, *, #872, .F. ) ;
#789 = PERSON_AND_ORGANIZATION_ROLE ( 'classification_officer' ) ;
#790 = DIRECTION ( 'NONE',  ( 0.000000000000000000, -1.000000000000000000, 0.000000000000000000 ) ) ;
#791 = CARTESIAN_POINT ( 'NONE',  ( -0.6350000000000000089, 0.2799999999999999711, -0.3551250000564750153 ) ) ;
#792 = CYLINDRICAL_SURFACE ( 'NONE', #736, 0.02500000000000001180 ) ;
#793 = AXIS2_PLACEMENT_3D ( 'NONE', #1758, #2961, #172 ) ;
#794 = CARTESIAN_POINT ( 'NONE',  ( 0.2389444872453570234, -0.2500000000000000000, -0.3551250000564815656 ) ) ;
#795 = EDGE_CURVE ( 'NONE', #3389, #3419, #2212, .T. ) ;
#796 = DIRECTION ( 'NONE',  ( 1.000000000000000000, 0.000000000000000000, -6.505213034913023449E-15 ) ) ;
#797 = ORIENTED_EDGE ( 'NONE', *, *, #2345, .F. ) ;
#798 = AXIS2_PLACEMENT_3D ( 'NONE', #3863, #2588, #3532 ) ;
#799 = DIRECTION ( 'NONE',  ( 0.000000000000000000, -1.000000000000000000, 0.000000000000000000 ) ) ;
#800 = LINE ( 'NONE', #3254, #3028 ) ;
#801 = ORIENTED_EDGE ( 'NONE', *, *, #3446, .F. ) ;
#802 = ORIENTED_EDGE ( 'NONE', *, *, #746, .F. ) ;
#803 = AXIS2_PLACEMENT_3D ( 'NONE', #3549, #1035, #1993 ) ;
#804 = ORIENTED_EDGE ( 'NONE', *, *, #2888, .T. ) ;
#805 = CARTESIAN_POINT ( 'NONE',  ( 0.2099999999999969946, 0.5950000000000000844, -0.3549999999999999822 ) ) ;
#806 = LINE ( 'NONE', #1782, #2242 ) ;
#807 = ORIENTED_EDGE ( 'NONE', *, *, #2218, .T. ) ;
#808 = PERSON_AND_ORGANIZATION ( #339, #2388 ) ;
#809 = AXIS2_PLACEMENT_3D ( 'NONE', #3610, #3565, #3901 ) ;
#810 = CARTESIAN_POINT ( 'NONE',  ( 0.6600000000000000311, 0.2250000000000000056, -0.3551250000564845077 ) ) ;
#811 = CARTESIAN_POINT ( 'NONE',  ( 0.4810555127546370380, -0.06000000000000000472, -0.3549999999999999822 ) ) ;
#812 = VECTOR ( 'NONE', #2897, 1000.000000000000000 ) ;
#813 = DIRECTION ( 'NONE',  ( -1.000000000000000000, 0.000000000000000000, 6.505213034913023449E-15 ) ) ;
#814 = CARTESIAN_POINT ( 'NONE',  ( 0.6350000000000000089, 0.03499999999999999639, -0.3551250000564840081 ) ) ;
#815 = DIRECTION ( 'NONE',  ( 6.982962677686270655E-15, 0.000000000000000000, 1.000000000000000000 ) ) ;
#816 = ORIENTED_EDGE ( 'NONE', *, *, #99, .F. ) ;
#817 = EDGE_CURVE ( 'NONE', #2500, #1779, #3394, .T. ) ;
#818 = CARTESIAN_POINT ( 'NONE',  ( 0.5450000000000000400, -0.2849999999999999756, -0.3549999999999999822 ) ) ;
#819 = CARTESIAN_POINT ( 'NONE',  ( 0.1149999999999967992, -0.5950000000000000844, -0.3551250000564805109 ) ) ;
#820 = VERTEX_POINT ( 'NONE', #1810 ) ;
#821 = ORIENTED_EDGE ( 'NONE', *, *, #1429, .T. ) ;
#822 = EDGE_CURVE ( 'NONE', #2942, #2637, #3404, .T. ) ;
#823 = ADVANCED_FACE ( 'NONE', ( #1219 ), #4002, .F. ) ;
#824 = ADVANCED_FACE ( 'NONE', ( #1867 ), #1565, .T. ) ;
#825 = AXIS2_PLACEMENT_3D ( 'NONE', #1306, #3129, #2190 ) ;
#827 = EDGE_LOOP ( 'NONE', ( #3647, #3027, #3503, #3189 ) ) ;
#826 = ADVANCED_FACE ( 'NONE', ( #1197 ), #2727, .F. ) ;
#828 = CARTESIAN_POINT ( 'NONE',  ( 0.5100000000000000089, -0.5699999999999999512, -0.3549999999999999822 ) ) ;
#829 = DIRECTION ( 'NONE',  ( 1.000000000000000000, 0.000000000000000000, 0.000000000000000000 ) ) ;
#830 = ORIENTED_EDGE ( 'NONE', *, *, #2889, .T. ) ;
#831 = MECHANICAL_CONTEXT ( 'NONE', #1699, 'mechanical' ) ;
#832 = CC_DESIGN_APPROVAL ( #451, ( #766 ) ) ;
#833 = DIRECTION ( 'NONE',  ( 6.982962677686270655E-15, 0.000000000000000000, 1.000000000000000000 ) ) ;
#834 = DIRECTION ( 'NONE',  ( 6.505213034913040804E-15, 0.000000000000000000, 1.000000000000000000 ) ) ;
#835 = DIRECTION ( 'NONE',  ( -0.9993908270190959842, 0.03489949670249007513, 0.000000000000000000 ) ) ;
#836 = CARTESIAN_POINT ( 'NONE',  ( -0.6600000000000000311, 8.418510986358040635E-16, -0.3551250000564750153 ) ) ;
#837 = VERTEX_POINT ( 'NONE', #3985 ) ;
#838 = CARTESIAN_POINT ( 'NONE',  ( 0.1149999999999969935, 0.2500000000000000000, -0.3551250000564805109 ) ) ;
#839 = CARTESIAN_POINT ( 'NONE',  ( 0.1149999999999972017, -0.2250000000000000056, -0.3549999999999999822 ) ) ;
#840 = ORIENTED_EDGE ( 'NONE', *, *, #3669, .F. ) ;
#841 = ORIENTED_EDGE ( 'NONE', *, *, #3774, .T. ) ;
#842 = EDGE_LOOP ( 'NONE', ( #560, #3917, #3895, #2507 ) ) ;
#843 = LINE ( 'NONE', #4019, #568 ) ;
#845 = EDGE_CURVE ( 'NONE', #2453, #3230, #300, .T. ) ;
#844 = LINE ( 'NONE', #159, #4012 ) ;
#846 = VECTOR ( 'NONE', #2646, 1000.000000000000000 ) ;
#847 = EDGE_CURVE ( 'NONE', #334, #837, #310, .T. ) ;
#848 = EDGE_CURVE ( 'NONE', #1029, #2500, #1491, .T. ) ;
#849 = VERTEX_POINT ( 'NONE', #3761 ) ;
#850 = APPROVAL_ROLE ( '' ) ;
#851 = LINE ( 'NONE', #1382, #1038 ) ;
#852 = ORIENTED_EDGE ( 'NONE', *, *, #733, .F. ) ;
#853 = DIRECTION ( 'NONE',  ( -6.982962677686270655E-15, 0.000000000000000000, -1.000000000000000000 ) ) ;
#854 = PRODUCT ( 'lente dot je', 'lente dot je', '', ( #831 ) ) ;
#855 = LINE ( 'NONE', #3948, #2100 ) ;
#856 = ADVANCED_FACE ( 'NONE', ( #2787 ), #2745, .T. ) ;
#857 = CARTESIAN_POINT ( 'NONE',  ( -69.88413394276419410, -40.47183154957589579, 5.000000000000000000 ) ) ;
#858 = ORIENTED_EDGE ( 'NONE', *, *, #2093, .F. ) ;
#859 = AXIS2_PLACEMENT_3D ( 'NONE', #3954, #2451, #924 ) ;
#860 = FACE_OUTER_BOUND ( 'NONE', #2444, .T. ) ;
#861 = PLANE ( 'NONE',  #2380 ) ;
#862 = ORIENTED_EDGE ( 'NONE', *, *, #1245, .T. ) ;
#863 = VECTOR ( 'NONE', #1509, 1000.000000000000000 ) ;
#864 = VERTEX_POINT ( 'NONE', #873 ) ;
#865 = ORIENTED_EDGE ( 'NONE', *, *, #2395, .T. ) ;
#866 = DIRECTION ( 'NONE',  ( 6.982962677686270655E-15, 0.000000000000000000, 1.000000000000000000 ) ) ;
#867 = DIRECTION ( 'NONE',  ( -6.505213034913040804E-15, 0.000000000000000000, -1.000000000000000000 ) ) ;
#868 = AXIS2_PLACEMENT_3D ( 'NONE', #4008, #2424, #307 ) ;
#869 = ORIENTED_EDGE ( 'NONE', *, *, #343, .T. ) ;
#870 = CALENDAR_DATE ( 2026, 26, 8 ) ;
#871 =( REPRESENTATION_RELATIONSHIP ('NONE','NONE', #3442, #3574 ) REPRESENTATION_RELATIONSHIP_WITH_TRANSFORMATION ( #411 )SHAPE_REPRESENTATION_RELATIONSHIP( ) );
#872 = EDGE_CURVE ( 'NONE', #3894, #1413, #3831, .T. ) ;
#873 = CARTESIAN_POINT ( 'NONE',  ( 0.5599999999999999423, -0.5199999999999999067, -0.3551250000564835640 ) ) ;
#874 = CIRCLE ( 'NONE', #2504, 69.99999999999981526 ) ;
#875 = EDGE_LOOP ( 'NONE', ( #255, #2319, #3135, #2780 ) ) ;
#876 = LINE ( 'NONE', #2096, #2129 ) ;
#877 = CIRCLE ( 'NONE', #937, 0.02499999999999995628 ) ;
#878 = CARTESIAN_POINT ( 'NONE',  ( 0.6350000000000000089, -0.06000000000000000472, -0.3551250000564840081 ) ) ;
#879 = EDGE_CURVE ( 'NONE', #3207, #3547, #570, .T. ) ;
#880 = DIRECTION ( 'NONE',  ( 6.982962677686270655E-15, 0.000000000000000000, 1.000000000000000000 ) ) ;
#881 = AXIS2_PLACEMENT_3D ( 'NONE', #1920, #68, #2844 ) ;
#882 = ORIENTED_EDGE ( 'NONE', *, *, #973, .T. ) ;
#883 = AXIS2_PLACEMENT_3D ( 'NONE', #1144, #1455, #1815 ) ;
#884 = LINE ( 'NONE', #3024, #3339 ) ;
#885 = CYLINDRICAL_SURFACE ( 'NONE', #1469, 0.02500000000000001180 ) ;
#886 = ORIENTED_EDGE ( 'NONE', *, *, #3196, .T. ) ;
#887 = ORIENTED_EDGE ( 'NONE', *, *, #1097, .T. ) ;
#888 = VERTEX_POINT ( 'NONE', #262 ) ;
#889 = CARTESIAN_POINT ( 'NONE',  ( 0.5810555127546370713, -0.2250000000000000056, -0.3551250000564840081 ) ) ;
#890 = CARTESIAN_POINT ( 'NONE',  ( 0.08999999999999680478, 0.3449999999999999734, -0.3549999999999999822 ) ) ;
#891 = ORIENTED_EDGE ( 'NONE', *, *, #1042, .T. ) ;
#892 = CIRCLE ( 'NONE', #243, 0.04999999999999999584 ) ;
#893 = DIRECTION ( 'NONE',  ( 6.982962677686270655E-15, 0.000000000000000000, 1.000000000000000000 ) ) ;
#894 = DIRECTION ( 'NONE',  ( 6.982962677686270655E-15, 0.000000000000000000, 1.000000000000000000 ) ) ;
#895 = VECTOR ( 'NONE', #1134, 1000.000000000000000 ) ;
#896 = SECURITY_CLASSIFICATION ( '', '', #2382 ) ;
#897 = ORIENTED_EDGE ( 'NONE', *, *, #2641, .T. ) ;
#898 = EDGE_CURVE ( 'NONE', #1460, #2355, #1802, .T. ) ;
#899 = CARTESIAN_POINT ( 'NONE',  ( 0.4810555127546370380, -0.03499999999999999639, -0.3551250000564830089 ) ) ;
#900 = CARTESIAN_POINT ( 'NONE',  ( 0.6350000000000000089, 0.3200000000000000067, -0.3551250000564840081 ) ) ;
#901 = LINE ( 'NONE', #2146, #557 ) ;
#902 = ADVANCED_FACE ( 'NONE', ( #2178 ), #627, .T. ) ;
#903 = EDGE_CURVE ( 'NONE', #2772, #3540, #3710, .T. ) ;
#904 = AXIS2_PLACEMENT_3D ( 'NONE', #1890, #3819, #2203 ) ;
#905 = EDGE_CURVE ( 'NONE', #820, #4000, #507, .T. ) ;
#906 = ORIENTED_EDGE ( 'NONE', *, *, #398, .F. ) ;
#907 = CARTESIAN_POINT ( 'NONE',  ( 0.5810555127546370713, -0.3200000000000000067, -0.3551250000564840081 ) ) ;
#908 = CARTESIAN_POINT ( 'NONE',  ( 0.4810555127546370380, -0.03499999999999999639, -0.3551250000564830089 ) ) ;
#909 = ORIENTED_EDGE ( 'NONE', *, *, #3730, .T. ) ;
#910 = ORIENTED_EDGE ( 'NONE', *, *, #2536, .F. ) ;
#911 = VERTEX_POINT ( 'NONE', #706 ) ;
#912 = DIRECTION ( 'NONE',  ( 1.000000000000000000, 0.000000000000000000, -6.505213034913023449E-15 ) ) ;
#913 = DIRECTION ( 'NONE',  ( -1.000000000000000000, 0.000000000000000000, 6.505213034913023449E-15 ) ) ;
#914 = ADVANCED_FACE ( 'NONE', ( #1603 ), #71, .T. ) ;
#915 = ORIENTED_EDGE ( 'NONE', *, *, #2686, .T. ) ;
#916 = CARTESIAN_POINT ( 'NONE',  ( 0.6600000000000000311, -0.2250000000000000056, -0.3551250000564845077 ) ) ;
#917 = LINE ( 'NONE', #2499, #863 ) ;
#918 = ORIENTED_EDGE ( 'NONE', *, *, #2148, .F. ) ;
#919 = VECTOR ( 'NONE', #2198, 1000.000000000000000 ) ;
#920 = LINE ( 'NONE', #900, #3349 ) ;
#921 = DIRECTION ( 'NONE',  ( -1.000000000000000000, 0.000000000000000000, 6.505213034913023449E-15 ) ) ;
#922 = EDGE_LOOP ( 'NONE', ( #3776, #3336, #2155, #415 ) ) ;
#923 = EDGE_CURVE ( 'NONE', #1465, #3051, #2326, .T. ) ;
#924 = DIRECTION ( 'NONE',  ( -6.982962677686270655E-15, 0.000000000000000000, -1.000000000000000000 ) ) ;
#925 = CARTESIAN_POINT ( 'NONE',  ( 0.3551249999651975298, -2.723253226996780185, 5.000000000000000000 ) ) ;
#926 = VERTEX_POINT ( 'NONE', #3180 ) ;
#927 = VERTEX_POINT ( 'NONE', #36 ) ;
#928 = CARTESIAN_POINT ( 'NONE',  ( 0.1149999999999972017, -0.5950000000000000844, -0.3549999999999999822 ) ) ;
#929 = VECTOR ( 'NONE', #312, 1000.000000000000000 ) ;
#930 = CARTESIAN_POINT ( 'NONE',  ( 0.08999999999999680478, -0.3449999999999999734, -0.3551250000564805109 ) ) ;
#931 = VERTEX_POINT ( 'NONE', #2849 ) ;
#932 = DIRECTION ( 'NONE',  ( -4.373741005274489641E-16, -1.000000000000000000, 3.054167020169775208E-30 ) ) ;
#933 = CARTESIAN_POINT ( 'NONE',  ( -23.03592114560350268, 11.54013782009829825, -5.000000000000000000 ) ) ;
#934 = ORIENTED_EDGE ( 'NONE', *, *, #2929, .F. ) ;
#935 = DIRECTION ( 'NONE',  ( 6.505213034913021082E-15, 0.000000000000000000, 1.000000000000000000 ) ) ;
#936 = CARTESIAN_POINT ( 'NONE',  ( 0.5450000000000000400, -0.2849999999999999756, -0.3551250000564835640 ) ) ;
#937 = AXIS2_PLACEMENT_3D ( 'NONE', #3092, #867, #2192 ) ;
#938 = AXIS2_PLACEMENT_3D ( 'NONE', #86, #3828, #1044 ) ;
#939 = DIRECTION ( 'NONE',  ( 0.000000000000000000, 1.000000000000000000, 0.000000000000000000 ) ) ;
#940 = DIRECTION ( 'NONE',  ( -1.000000000000000000, 0.000000000000000000, 6.505213034913027393E-15 ) ) ;
#941 = VERTEX_POINT ( 'NONE', #1297 ) ;
#942 = EDGE_CURVE ( 'NONE', #1624, #3368, #1311, .T. ) ;
#943 = DATE_TIME_ROLE ( 'classification_date' ) ;
#944 = VECTOR ( 'NONE', #2066, 1000.000000000000000 ) ;
#945 = DIRECTION ( 'NONE',  ( 1.000000000000000000, 0.000000000000000000, -6.982962677686270655E-15 ) ) ;
#946 = DIRECTION ( 'NONE',  ( -0.000000000000000000, -0.000000000000000000, -1.000000000000000000 ) ) ;
#947 = CARTESIAN_POINT ( 'NONE',  ( 0.6600000000000000311, -0.2250000000000000056, -0.3549999999999999822 ) ) ;
#948 = ADVANCED_FACE ( 'NONE', ( #1901 ), #1963, .F. ) ;
#949 = VERTEX_POINT ( 'NONE', #378 ) ;
#950 = EDGE_CURVE ( 'NONE', #1925, #931, #1737, .T. ) ;
#951 = ADVANCED_FACE ( 'NONE', ( #3792 ), #645, .T. ) ;
#952 = ORIENTED_EDGE ( 'NONE', *, *, #2069, .T. ) ;
#953 = DIRECTION ( 'NONE',  ( -1.000000000000000000, 0.000000000000000000, 6.505213034913037648E-15 ) ) ;
#954 = LINE ( 'NONE', #3426, #3143 ) ;
#955 = ORIENTED_EDGE ( 'NONE', *, *, #2771, .T. ) ;
#956 =( NAMED_UNIT ( * ) PLANE_ANGLE_UNIT ( ) SI_UNIT ( $, .RADIAN. ) );
#957 = AXIS2_PLACEMENT_3D ( 'NONE', #3542, #215, #2071 ) ;
#958 = CARTESIAN_POINT ( 'NONE',  ( 0.6350000000000000089, -0.3200000000000000067, -0.3551250000564840081 ) ) ;
#959 = AXIS2_PLACEMENT_3D ( 'NONE', #2216, #3117, #2465 ) ;
#960 = CYLINDRICAL_SURFACE ( 'NONE', #904, 69.99999999999980105 ) ;
#961 = LOCAL_TIME ( 11, 1, 48.00000000000000000, #202 ) ;
#962 = DIRECTION ( 'NONE',  ( 6.982962677686270655E-15, 0.000000000000000000, 1.000000000000000000 ) ) ;
#963 = CARTESIAN_POINT ( 'NONE',  ( 1.149999999999999911, 1.149999999999999911, -0.3551250000564875053 ) ) ;
#964 = ORIENTED_EDGE ( 'NONE', *, *, #1148, .T. ) ;
#965 = COORDINATED_UNIVERSAL_TIME_OFFSET ( 1, 0, .AHEAD. ) ;
#966 = CARTESIAN_POINT ( 'NONE',  ( 0.6600000000000000311, 0.4949999999999999956, -0.3550000000000045342 ) ) ;
#967 = DIRECTION ( 'NONE',  ( -6.505213034913040804E-15, 0.000000000000000000, -1.000000000000000000 ) ) ;
#968 = ORIENTED_EDGE ( 'NONE', *, *, #3927, .T. ) ;
#969 = ORIENTED_EDGE ( 'NONE', *, *, #2, .T. ) ;
#970 = CYLINDRICAL_SURFACE ( 'NONE', #2132, 0.04999999999999999584 ) ;
#971 = ADVANCED_FACE ( 'NONE', ( #988 ), #1590, .F. ) ;
#973 = EDGE_CURVE ( 'NONE', #1860, #64, #1049, .T. ) ;
#972 = CARTESIAN_POINT ( 'NONE',  ( 0.2099999999999975220, 0.5950000000000000844, -0.3549999999999999822 ) ) ;
#974 = VERTEX_POINT ( 'NONE', #2233 ) ;
#975 = PLANE ( 'NONE',  #803 ) ;
#976 = CARTESIAN_POINT ( 'NONE',  ( 0.1749999999999969913, -0.05000000000000000278, -0.3551250000564810660 ) ) ;
#977 = AXIS2_PLACEMENT_3D ( 'NONE', #2363, #1140, #489 ) ;
#978 = ADVANCED_FACE ( 'NONE', ( #1277 ), #970, .T. ) ;
#979 = FACE_OUTER_BOUND ( 'NONE', #3631, .T. ) ;
#980 = DIRECTION ( 'NONE',  ( -1.000000000000000000, 0.000000000000000000, 0.000000000000000000 ) ) ;
#981 = ORIENTED_EDGE ( 'NONE', *, *, #2397, .T. ) ;
#982 = DATE_AND_TIME ( #3170, #2717 ) ;
#983 = LINE ( 'NONE', #966, #690 ) ;
#984 = DIRECTION ( 'NONE',  ( 0.9848077530121999157, 0.1736481776669762389, 0.000000000000000000 ) ) ;
#985 = ORIENTED_EDGE ( 'NONE', *, *, #1868, .T. ) ;
#986 = AXIS2_PLACEMENT_3D ( 'NONE', #818, #109, #3356 ) ;
#987 = EDGE_LOOP ( 'NONE', ( #744, #1375, #725, #582 ) ) ;
#988 = FACE_OUTER_BOUND ( 'NONE', #1882, .T. ) ;
#989 = CARTESIAN_POINT ( 'NONE',  ( 0.3350000000000000200, 0.5950000000000000844, -0.3551250000564820097 ) ) ;
#990 = ORIENTED_EDGE ( 'NONE', *, *, #2182, .F. ) ;
#991 = AXIS2_PLACEMENT_3D ( 'NONE', #3076, #302, #3447 ) ;
#992 = EDGE_CURVE ( 'NONE', #1131, #1624, #1625, .T. ) ;
#993 = AXIS2_PLACEMENT_3D ( 'NONE', #2603, #2586, #316 ) ;
#994 = CARTESIAN_POINT ( 'NONE',  ( 1.484527364560580320, 1.384344158600975039, 5.000000000000000000 ) ) ;
#995 = CARTESIAN_POINT ( 'NONE',  ( 0.5100000000000000089, -0.5699999999999999512, -0.3551250000564835640 ) ) ;
#996 = VECTOR ( 'NONE', #266, 1000.000000000000000 ) ;
#997 = EDGE_CURVE ( 'NONE', #2693, #2047, #2977, .T. ) ;
#998 = DIRECTION ( 'NONE',  ( -1.000000000000000000, 0.000000000000000000, 6.982962677686270655E-15 ) ) ;
#999 = CARTESIAN_POINT ( 'NONE',  ( -0.3800226277564004440, 2.155215419837634983, 5.000000000000000000 ) ) ;
#1000 = AXIS2_PLACEMENT_3D ( 'NONE', #1040, #494, #2369 ) ;
#1001 = EDGE_LOOP ( 'NONE', ( #1522, #4042, #3598, #4016 ) ) ;
#1002 = APPROVAL_ROLE ( '' ) ;
#1003 = VECTOR ( 'NONE', #587, 1000.000000000000000 ) ;
#1004 = CARTESIAN_POINT ( 'NONE',  ( 0.6600000000000000311, -0.4949999999999999956, -0.3551250000564845077 ) ) ;
#1005 = CARTESIAN_POINT ( 'NONE',  ( -18.94519211359817135, 7.540918895746568040, -5.000000000000000000 ) ) ;
#1006 = ORIENTED_EDGE ( 'NONE', *, *, #903, .F. ) ;
#1007 = AXIS2_PLACEMENT_3D ( 'NONE', #1331, #1956, #1897 ) ;
#1008 = EDGE_LOOP ( 'NONE', ( #2068, #118, #1558, #887 ) ) ;
#1009 = DIRECTION ( 'NONE',  ( -6.982962677686270655E-15, 0.000000000000000000, -1.000000000000000000 ) ) ;
#1010 = LINE ( 'NONE', #379, #1204 ) ;
#1011 = ORIENTED_EDGE ( 'NONE', *, *, #1545, .F. ) ;
#1012 = PLANE ( 'NONE',  #1059 ) ;
#1013 = DIRECTION ( 'NONE',  ( 1.000000000000000000, 0.000000000000000000, -6.505213034913023449E-15 ) ) ;
#1014 = CIRCLE ( 'NONE', #2647, 0.02499999999999999792 ) ;
#1015 = LINE ( 'NONE', #122, #1708 ) ;
#1016 = EDGE_CURVE ( 'NONE', #949, #3668, #3834, .T. ) ;
#1017 = PLANE ( 'NONE',  #3209 ) ;
#1018 = EDGE_CURVE ( 'NONE', #911, #3335, #768, .T. ) ;
#1019 = CARTESIAN_POINT ( 'NONE',  ( 0.2099999999999969946, 0.5699999999999999512, -0.3549999999999999822 ) ) ;
#1020 = EDGE_CURVE ( 'NONE', #661, #1460, #3279, .T. ) ;
#1021 = AXIS2_PLACEMENT_3D ( 'NONE', #1849, #3097, #4023 ) ;
#1022 = APPROVAL_PERSON_ORGANIZATION ( #3623, #1599, #2287 ) ;
#1023 = EDGE_LOOP ( 'NONE', ( #1308, #499, #728, #1742 ) ) ;
#1024 = CONTEXT_DEPENDENT_SHAPE_REPRESENTATION ( #1447, #3265 ) ;
#1025 = LINE ( 'NONE', #2271, #3306 ) ;
#1026 = CARTESIAN_POINT ( 'NONE',  ( 0.3200000000000000067, -0.2849999999999999756, -0.3550000000000003153 ) ) ;
#1027 = ORIENTED_EDGE ( 'NONE', *, *, #774, .T. ) ;
#1028 = ORIENTED_EDGE ( 'NONE', *, *, #2145, .T. ) ;
#1029 = VERTEX_POINT ( 'NONE', #483 ) ;
#1030 = CARTESIAN_POINT ( 'NONE',  ( 0.5599999999999999423, 0.5199999999999999067, -0.3551250000564835640 ) ) ;
#1031 = DIRECTION ( 'NONE',  ( 0.000000000000000000, -1.000000000000000000, 0.000000000000000000 ) ) ;
#1032 = ORIENTED_EDGE ( 'NONE', *, *, #127, .F. ) ;
#1033 = PERSON_AND_ORGANIZATION ( #339, #2388 ) ;
#1034 = B_SPLINE_CURVE_WITH_KNOTS ( 'NONE', 2,
 ( #3460, #1655, #2227 ),
 .UNSPECIFIED., .F., .F.,
 ( 3, 3 ),
 ( 0.5008207051229819351, 0.5020133117822229707 ),
 .UNSPECIFIED. ) ;
#1035 = DIRECTION ( 'NONE',  ( -1.000000000000000000, 0.000000000000000000, 6.982962677686270655E-15 ) ) ;
#1036 = DIRECTION ( 'NONE',  ( 6.505213034913021082E-15, 0.000000000000000000, 1.000000000000000000 ) ) ;
#1037 = LINE ( 'NONE', #734, #3679 ) ;
#1038 = VECTOR ( 'NONE', #220, 1000.000000000000000 ) ;
#1039 = CARTESIAN_POINT ( 'NONE',  ( 0.2389444872453570234, -0.2250000000000000056, -0.3551250000564815656 ) ) ;
#1040 = CARTESIAN_POINT ( 'NONE',  ( 0.5810555127546380705, -0.2250000000000000056, -0.3549999999999999822 ) ) ;
#1041 = VERTEX_POINT ( 'NONE', #2050 ) ;
#1042 = EDGE_CURVE ( 'NONE', #556, #1170, #4034, .T. ) ;
#1043 = DIRECTION ( 'NONE',  ( 1.000000000000000000, 0.000000000000000000, -7.228014483236693597E-15 ) ) ;
#1044 = DIRECTION ( 'NONE',  ( -1.000000000000000000, 0.000000000000000000, 6.505213034913027393E-15 ) ) ;
#1045 = ORIENTED_EDGE ( 'NONE', *, *, #1071, .T. ) ;
#1046 = EDGE_LOOP ( 'NONE', ( #1422, #420, #2292, #3687 ) ) ;
#1048 = VERTEX_POINT ( 'NONE', #3259 ) ;
#1047 = APPROVAL ( #2993, 'UNSPECIFIED' ) ;
#1049 = LINE ( 'NONE', #3777, #1085 ) ;
#1050 = CARTESIAN_POINT ( 'NONE',  ( 0.3099999999999999978, -0.5699999999999999512, -0.3549999999999999822 ) ) ;
#1051 = ORIENTED_EDGE ( 'NONE', *, *, #3820, .T. ) ;
#1052 = PERSON_AND_ORGANIZATION ( #339, #2388 ) ;
#1053 = AXIS2_PLACEMENT_3D ( 'NONE', #2352, #1105, #2064 ) ;
#1054 = LINE ( 'NONE', #1907, #2820 ) ;
#1055 = VECTOR ( 'NONE', #2305, 1000.000000000000000 ) ;
#1056 = DIRECTION ( 'NONE',  ( 0.000000000000000000, -1.000000000000000000, 0.000000000000000000 ) ) ;
#1057 = LINE ( 'NONE', #1560, #2034 ) ;
#1058 = CARTESIAN_POINT ( 'NONE',  ( 0.08999999999999680478, 0.07499999999999999722, -0.3549999999999999822 ) ) ;
#1059 = AXIS2_PLACEMENT_3D ( 'NONE', #3242, #3222, #2260 ) ;
#1060 = CARTESIAN_POINT ( 'NONE',  ( 0.6350000000000000089, 0.4949999999999999956, -0.3551250000564840081 ) ) ;
#1061 = ORIENTED_EDGE ( 'NONE', *, *, #746, .T. ) ;
#1062 = AXIS2_PLACEMENT_3D ( 'NONE', #3409, #249, #2752 ) ;
#1063 = CARTESIAN_POINT ( 'NONE',  ( 0.2389444872453570234, 0.3449999999999999734, -0.3551250000564815656 ) ) ;
#1064 = DIRECTION ( 'NONE',  ( 1.000000000000000000, 0.000000000000000000, -6.505213034913037648E-15 ) ) ;
#1065 = ORIENTED_EDGE ( 'NONE', *, *, #3374, .F. ) ;
#1066 = ORIENTED_EDGE ( 'NONE', *, *, #693, .F. ) ;
#1067 = AXIS2_PLACEMENT_3D ( 'NONE', #2415, #3672, #913 ) ;
#1068 = ORIENTED_EDGE ( 'NONE', *, *, #3979, .T. ) ;
#1069 = DIRECTION ( 'NONE',  ( -0.000000000000000000, -0.000000000000000000, -1.000000000000000000 ) ) ;
#1071 = EDGE_CURVE ( 'NONE', #157, #161, #3236, .T. ) ;
#1070 = CARTESIAN_POINT ( 'NONE',  ( 0.2389444872453570234, -0.3449999999999999734, -0.3551250000564815656 ) ) ;
#1072 = EDGE_CURVE ( 'NONE', #2381, #888, #2907, .T. ) ;
#1073 = EDGE_CURVE ( 'NONE', #3368, #3271, #2509, .T. ) ;
#1074 = VERTEX_POINT ( 'NONE', #828 ) ;
#1075 = COORDINATED_UNIVERSAL_TIME_OFFSET ( 1, 0, .AHEAD. ) ;
#1076 = LINE ( 'NONE', #2685, #3328 ) ;
#1077 = DIRECTION ( 'NONE',  ( 0.000000000000000000, 0.000000000000000000, -1.000000000000000000 ) ) ;
#1078 = B_SPLINE_SURFACE_WITH_KNOTS ( 'NONE', 2, 1, ( 
 ( #513, #1755 ),
 ( #3001, #3912 ),
 ( #3844, #207 ) ),
 .UNSPECIFIED., .F., .F., .F.,
 ( 3, 3 ),
 ( 2, 2 ),
 ( 0.4988120746294950059, 0.4994128454637969949 ),
 ( 0.000000000000000000, 1.000000000000000000 ),
 .UNSPECIFIED. ) ;
#1079 = DIRECTION ( 'NONE',  ( 6.505213034913021082E-15, 0.000000000000000000, 1.000000000000000000 ) ) ;
#1080 = CARTESIAN_POINT ( 'NONE',  ( 0.4810555127546370380, 0.03499999999999999639, -0.3551250000564830089 ) ) ;
#1081 = DIRECTION ( 'NONE',  ( 0.9993908270190959842, -0.03489949670249007513, 0.000000000000000000 ) ) ;
#1082 = VERTEX_POINT ( 'NONE', #521 ) ;
#1083 = AXIS2_PLACEMENT_3D ( 'NONE', #1505, #3670, #2762 ) ;
#1084 = VECTOR ( 'NONE', #1511, 1000.000000000000000 ) ;
#1085 = VECTOR ( 'NONE', #2297, 1000.000000000000000 ) ;
#1086 = DIRECTION ( 'NONE',  ( 1.000000000000000000, 0.000000000000000000, -6.505213034913023449E-15 ) ) ;
#1087 = LOCAL_TIME ( 11, 1, 48.00000000000000000, #1938 ) ;
#1088 = DIRECTION ( 'NONE',  ( 6.505213034913040804E-15, 0.000000000000000000, 1.000000000000000000 ) ) ;
#1089 = ORIENTED_EDGE ( 'NONE', *, *, #3795, .F. ) ;
#1090 = ORIENTED_EDGE ( 'NONE', *, *, #2470, .T. ) ;
#1091 = EDGE_LOOP ( 'NONE', ( #1327, #3347, #533, #3084 ) ) ;
#1092 = DIRECTION ( 'NONE',  ( 6.505213034913021082E-15, 0.000000000000000000, 1.000000000000000000 ) ) ;
#1093 = DIRECTION ( 'NONE',  ( -6.505213034913040804E-15, 0.000000000000000000, -1.000000000000000000 ) ) ;
#1094 = AXIS2_PLACEMENT_3D ( 'NONE', #2262, #1875, #711 ) ;
#1095 = ORIENTED_EDGE ( 'NONE', *, *, #95, .F. ) ;
#1096 = APPROVAL_DATE_TIME ( #2798, #451 ) ;
#1097 = EDGE_CURVE ( 'NONE', #157, #1741, #1423, .T. ) ;
#1098 = EDGE_CURVE ( 'NONE', #2490, #1180, #2945, .T. ) ;
#1099 = LINE ( 'NONE', #1470, #2863 ) ;
#1100 = CARTESIAN_POINT ( 'NONE',  ( 0.3350000000000000200, 0.6199999999999999956, -0.3551250000564820097 ) ) ;
#1101 = CARTESIAN_POINT ( 'NONE',  ( 0.5100000000000000089, -0.5699999999999999512, -0.3551250000564835640 ) ) ;
#1102 = DIRECTION ( 'NONE',  ( -6.505213034913021082E-15, 0.000000000000000000, -1.000000000000000000 ) ) ;
#1103 = DIRECTION ( 'NONE',  ( 6.982962677686270655E-15, 0.000000000000000000, 1.000000000000000000 ) ) ;
#1104 = ORIENTED_EDGE ( 'NONE', *, *, #22, .F. ) ;
#1105 = DIRECTION ( 'NONE',  ( 6.505213034913021082E-15, 0.000000000000000000, 1.000000000000000000 ) ) ;
#1106 = CARTESIAN_POINT ( 'NONE',  ( -1.394874999943561011, 1.976269565185000854, 5.000000000000000000 ) ) ;
#1107 = VERTEX_POINT ( 'NONE', #2338 ) ;
#1108 = ORIENTED_EDGE ( 'NONE', *, *, #72, .T. ) ;
#1109 = AXIS2_PLACEMENT_3D ( 'NONE', #3305, #3906, #953 ) ;
#1110 = VERTEX_POINT ( 'NONE', #3564 ) ;
#1111 = DIRECTION ( 'NONE',  ( 1.000000000000000000, 0.000000000000000000, -6.505213034913023449E-15 ) ) ;
#1112 = CARTESIAN_POINT ( 'NONE',  ( 0.3551250000564473708, 2.284841781424900020, 5.000000000000000000 ) ) ;
#1113 = PRODUCT_DEFINITION_SHAPE ( 'NONE', 'NONE',  #583 ) ;
#1114 = ORIENTED_EDGE ( 'NONE', *, *, #3546, .T. ) ;
#1115 = DATE_AND_TIME ( #2074, #45 ) ;
#1116 = DIRECTION ( 'NONE',  ( 6.505213034913040804E-15, 0.000000000000000000, 1.000000000000000000 ) ) ;
#1117 = EDGE_CURVE ( 'NONE', #2169, #1779, #1700, .T. ) ;
#1118 = CARTESIAN_POINT ( 'NONE',  ( 0.1149999999999969935, -0.2500000000000000000, -0.3551250000564805109 ) ) ;
#1119 = CARTESIAN_POINT ( 'NONE',  ( 0.3099999999999999978, 0.5950000000000000844, -0.3551250000564820097 ) ) ;
#1120 = VECTOR ( 'NONE', #1129, 1000.000000000000000 ) ;
#1121 = LINE ( 'NONE', #2367, #4001 ) ;
#1122 = DIRECTION ( 'NONE',  ( -0.000000000000000000, 0.000000000000000000, 1.000000000000000000 ) ) ;
#1123 = EDGE_CURVE ( 'NONE', #524, #2575, #3960, .T. ) ;
#1124 = EDGE_CURVE ( 'NONE', #2232, #3010, #1723, .T. ) ;
#1125 = ORIENTED_EDGE ( 'NONE', *, *, #101, .T. ) ;
#1126 = PERSON_AND_ORGANIZATION_ROLE ( 'classification_officer' ) ;
#1127 = EDGE_CURVE ( 'NONE', #1257, #4038, #2581, .T. ) ;
#1128 = AXIS2_PLACEMENT_3D ( 'NONE', #428, #1079, #447 ) ;
#1129 = DIRECTION ( 'NONE',  ( -1.000000000000000000, 0.000000000000000000, 6.982962677686270655E-15 ) ) ;
#1130 = CARTESIAN_POINT ( 'NONE',  ( 0.2099999999999969946, 0.5950000000000000844, -0.3551250000564810660 ) ) ;
#1131 = VERTEX_POINT ( 'NONE', #1986 ) ;
#1132 = EDGE_LOOP ( 'NONE', ( #1190, #2274, #592, #1960 ) ) ;
#1133 = ORIENTED_EDGE ( 'NONE', *, *, #1501, .F. ) ;
#1134 = DIRECTION ( 'NONE',  ( -6.982962677686270655E-15, 0.000000000000000000, -1.000000000000000000 ) ) ;
#1135 = DIRECTION ( 'NONE',  ( 1.000000000000000000, 0.000000000000000000, -6.505213034913037648E-15 ) ) ;
#1136 = AXIS2_PLACEMENT_3D ( 'NONE', #2185, #3512, #1612 ) ;
#1137 = ORIENTED_EDGE ( 'NONE', *, *, #3884, .T. ) ;
#1138 = PERSON_AND_ORGANIZATION ( #339, #2388 ) ;
#1139 = AXIS2_PLACEMENT_3D ( 'NONE', #989, #2924, #3856 ) ;
#1140 = DIRECTION ( 'NONE',  ( 6.505213034913040804E-15, 0.000000000000000000, 1.000000000000000000 ) ) ;
#1141 = CYLINDRICAL_SURFACE ( 'NONE', #3434, 0.04500000000000001221 ) ;
#1142 = CIRCLE ( 'NONE', #355, 0.02499999999999999792 ) ;
#1143 = DIRECTION ( 'NONE',  ( -1.000000000000000000, 8.803515733868739243E-17, 0.000000000000000000 ) ) ;
#1144 = CARTESIAN_POINT ( 'NONE',  ( 0.6350000000000000089, -0.06000000000000000472, -0.3550000000000045342 ) ) ;
#1145 = ORIENTED_EDGE ( 'NONE', *, *, #3870, .T. ) ;
#1146 = EDGE_CURVE ( 'NONE', #1663, #949, #2195, .T. ) ;
#1147 = ADVANCED_FACE ( 'NONE', ( #2923 ), #137, .T. ) ;
#1148 = EDGE_CURVE ( 'NONE', #289, #437, #786, .T. ) ;
#1149 = PLANE ( 'NONE',  #1380 ) ;
#1150 = FACE_OUTER_BOUND ( 'NONE', #1001, .T. ) ;
#1151 = ORIENTED_EDGE ( 'NONE', *, *, #601, .F. ) ;
#1152 = VERTEX_POINT ( 'NONE', #3876 ) ;
#1153 = VECTOR ( 'NONE', #1392, 1000.000000000000000 ) ;
#1154 = ORIENTED_EDGE ( 'NONE', *, *, #3730, .F. ) ;
#1155 = APPROVAL_PERSON_ORGANIZATION ( #186, #1047, #1428 ) ;
#1156 = CARTESIAN_POINT ( 'NONE',  ( 0.6600000000000000311, -0.3449999999999999734, -0.3550000000000045342 ) ) ;
#1157 = DESIGN_CONTEXT ( 'detailed design', #1648, 'design' ) ;
#1158 = CARTESIAN_POINT ( 'NONE',  ( 0.5599999999999999423, 0.5699999999999999512, -0.3549999999999999822 ) ) ;
#1159 = ORIENTED_EDGE ( 'NONE', *, *, #345, .T. ) ;
#1160 = APPROVAL_DATE_TIME ( #1446, #1047 ) ;
#1161 = ORGANIZATION ( 'NAUO-ORG2', 'UNSPECIFIED', 'UNSPECIFIED' ) ;
#1162 = LINE ( 'NONE', #810, #1175 ) ;
#1163 = CARTESIAN_POINT ( 'NONE',  ( 0.6350000000000000089, -0.2250000000000000056, -0.3550000000000045342 ) ) ;
#1164 = CARTESIAN_POINT ( 'NONE',  ( -1.394874999943561011, -2.223730434814909618, -5.000000000000000000 ) ) ;
#1165 = DIRECTION ( 'NONE',  ( 6.505213034913021082E-15, 0.000000000000000000, 1.000000000000000000 ) ) ;
#1166 = EDGE_LOOP ( 'NONE', ( #3829, #1440, #1953, #3052 ) ) ;
#1167 = DIRECTION ( 'NONE',  ( 6.982962677686270655E-15, 0.000000000000000000, 1.000000000000000000 ) ) ;
#1168 = FACE_OUTER_BOUND ( 'NONE', #3933, .T. ) ;
#1169 = ORIENTED_EDGE ( 'NONE', *, *, #2715, .F. ) ;
#1170 = VERTEX_POINT ( 'NONE', #805 ) ;
#1171 = EDGE_CURVE ( 'NONE', #2532, #3894, #3301, .T. ) ;
#1172 = VERTEX_POINT ( 'NONE', #2989 ) ;
#1173 = CARTESIAN_POINT ( 'NONE',  ( 0.2599999999999999534, 0.5699999999999999512, -0.3549999999999999822 ) ) ;
#1174 = FACE_OUTER_BOUND ( 'NONE', #3213, .T. ) ;
#1175 = VECTOR ( 'NONE', #790, 1000.000000000000000 ) ;
#1176 = EDGE_LOOP ( 'NONE', ( #3197, #1066, #3739, #2267 ) ) ;
#1177 = PERSON_AND_ORGANIZATION ( #339, #2388 ) ;
#1178 = CC_DESIGN_PERSON_AND_ORGANIZATION_ASSIGNMENT ( #1947, #3240, ( #1477 ) ) ;
#1179 = DIRECTION ( 'NONE',  ( -5.421010862427529566E-17, 1.000000000000000000, 3.785471652766330157E-31 ) ) ;
#1180 = VERTEX_POINT ( 'NONE', #1443 ) ;
#1181 = DIRECTION ( 'NONE',  ( -6.505213034913021082E-15, 0.000000000000000000, -1.000000000000000000 ) ) ;
#1182 = LINE ( 'NONE', #3060, #2621 ) ;
#1183 = DIRECTION ( 'NONE',  ( 1.000000000000000000, 0.000000000000000000, 0.000000000000000000 ) ) ;
#1184 = ORIENTED_EDGE ( 'NONE', *, *, #3297, .F. ) ;
#1185 = VECTOR ( 'NONE', #3934, 1000.000000000000000 ) ;
#1186 = CARTESIAN_POINT ( 'NONE',  ( -2.846604824987382987, -5.059081103884319752, 5.000000000000000000 ) ) ;
#1187 = CARTESIAN_POINT ( 'NONE',  ( -0.7423668819740020242, -3.935206599586729137, 5.000000000000000000 ) ) ;
#1188 = ORIENTED_EDGE ( 'NONE', *, *, #671, .F. ) ;
#1189 = AXIS2_PLACEMENT_3D ( 'NONE', #2179, #1945, #1298 ) ;
#1190 = ORIENTED_EDGE ( 'NONE', *, *, #227, .T. ) ;
#1191 = EDGE_LOOP ( 'NONE', ( #2797, #1228, #3062, #3278 ) ) ;
#1192 = DIRECTION ( 'NONE',  ( 1.000000000000000000, 0.000000000000000000, -6.982962677686270655E-15 ) ) ;
#1193 = CARTESIAN_POINT ( 'NONE',  ( 1.149999999999999911, -1.149999999999999911, -0.08502500005648770676 ) ) ;
#1194 = VECTOR ( 'NONE', #1568, 1000.000000000000000 ) ;
#1195 = ORIENTED_EDGE ( 'NONE', *, *, #2565, .T. ) ;
#1196 = ADVANCED_FACE ( 'NONE', ( #2378 ), #3981, .F. ) ;
#1197 = FACE_OUTER_BOUND ( 'NONE', #375, .T. ) ;
#1198 = EDGE_CURVE ( 'NONE', #2370, #461, #9, .T. ) ;
#1199 = AXIS2_PLACEMENT_3D ( 'NONE', #3206, #3515, #2874 ) ;
#1201 = EDGE_CURVE ( 'NONE', #3897, #3002, #3039, .T. ) ;
#1200 = CARTESIAN_POINT ( 'NONE',  ( 0.6350000000000000089, -0.03499999999999999639, -0.3549999999999999822 ) ) ;
#1202 = ORIENTED_EDGE ( 'NONE', *, *, #1371, .T. ) ;
#1203 = LINE ( 'NONE', #899, #1344 ) ;
#1204 = VECTOR ( 'NONE', #3157, 1000.000000000000000 ) ;
#1205 = PLANE ( 'NONE',  #1711 ) ;
#1206 = CARTESIAN_POINT ( 'NONE',  ( 0.4850000000000000422, -0.6199999999999999956, -0.3551250000564830089 ) ) ;
#1207 = VERTEX_POINT ( 'NONE', #2739 ) ;
#1208 = CIRCLE ( 'NONE', #1000, 0.02499999999999995628 ) ;
#1209 = DIRECTION ( 'NONE',  ( 2.081376414897577884E-10, 1.000000000000000000, 0.000000000000000000 ) ) ;
#1210 = CARTESIAN_POINT ( 'NONE',  ( 1.149999999999999911, 1.149999999999999911, -0.08502500005648770676 ) ) ;
#1211 = ORIENTED_EDGE ( 'NONE', *, *, #476, .F. ) ;
#1212 = ORIENTED_EDGE ( 'NONE', *, *, #845, .F. ) ;
#1213 = VERTEX_POINT ( 'NONE', #586 ) ;
#1214 = DIRECTION ( 'NONE',  ( 1.000000000000000000, -4.373741005274489641E-16, -6.982962677686270655E-15 ) ) ;
#1215 = DIRECTION ( 'NONE',  ( 1.000000000000000000, 0.000000000000000000, -6.505213034913023449E-15 ) ) ;
#1216 = VERTEX_POINT ( 'NONE', #2399 ) ;
#1217 = VECTOR ( 'NONE', #331, 1000.000000000000000 ) ;
#1218 = AXIS2_PLACEMENT_3D ( 'NONE', #2076, #2118, #2998 ) ;
#1219 = FACE_OUTER_BOUND ( 'NONE', #1904, .T. ) ;
#1220 = DIRECTION ( 'NONE',  ( 1.000000000000000000, 0.000000000000000000, -6.505213034913023449E-15 ) ) ;
#1221 = VECTOR ( 'NONE', #504, 1000.000000000000000 ) ;
#1222 = DIRECTION ( 'NONE',  ( 0.000000000000000000, -1.000000000000000000, 0.000000000000000000 ) ) ;
#1223 = ORIENTED_EDGE ( 'NONE', *, *, #53, .T. ) ;
#1224 = EDGE_CURVE ( 'NONE', #38, #1778, #363, .T. ) ;
#1225 = CARTESIAN_POINT ( 'NONE',  ( 0.6350000000000000089, 0.5199999999999999067, -0.3549999999999999822 ) ) ;
#1226 = CARTESIAN_POINT ( 'NONE',  ( 0.6350000000000000089, -0.03499999999999999639, -0.3551250000564840081 ) ) ;
#1227 = B_SPLINE_CURVE_WITH_KNOTS ( 'NONE', 2,
 ( #3839, #3573, #753 ),
 .UNSPECIFIED., .F., .F.,
 ( 3, 3 ),
 ( 0.5008207051229819351, 0.5020133117822229707 ),
 .UNSPECIFIED. ) ;
#1228 = ORIENTED_EDGE ( 'NONE', *, *, #602, .F. ) ;
#1229 = LINE ( 'NONE', #3689, #1254 ) ;
#1230 = CARTESIAN_POINT ( 'NONE',  ( 0.5810555127546370713, -0.3449999999999999734, -0.3549999999999999822 ) ) ;
#1231 = ORIENTED_EDGE ( 'NONE', *, *, #252, .T. ) ;
#1232 = ORIENTED_EDGE ( 'NONE', *, *, #2171, .F. ) ;
#1233 = CARTESIAN_POINT ( 'NONE',  ( 0.3350000000000000200, 0.6199999999999999956, -0.3551250000564820097 ) ) ;
#1234 = LINE ( 'NONE', #1843, #2376 ) ;
#1235 = ORIENTED_EDGE ( 'NONE', *, *, #992, .F. ) ;
#1236 = VECTOR ( 'NONE', #1448, 1000.000000000000000 ) ;
#1237 = DIRECTION ( 'NONE',  ( 6.982962677686270655E-15, 0.000000000000000000, 1.000000000000000000 ) ) ;
#1238 = CARTESIAN_POINT ( 'NONE',  ( 0.3551249999651975298, -2.723253226996780185, 5.000000000000000000 ) ) ;
#1239 = ORIENTED_EDGE ( 'NONE', *, *, #2417, .F. ) ;
#1240 = DIRECTION ( 'NONE',  ( 0.000000000000000000, 5.048709793414475555E-29, 0.9999999999999998890 ) ) ;
#1241 = CARTESIAN_POINT ( 'NONE',  ( 0.6350000000000000089, -0.3200000000000000067, -0.3549999999999999822 ) ) ;
#1242 = EDGE_CURVE ( 'NONE', #1527, #1465, #843, .T. ) ;
#1243 = ADVANCED_FACE ( 'NONE', ( #2086 ), #236, .T. ) ;
#1244 = CARTESIAN_POINT ( 'NONE',  ( -1.149999999999999911, -1.149999999999999911, -0.08502500005647170567 ) ) ;
#1245 = EDGE_CURVE ( 'NONE', #2848, #1394, #3995, .T. ) ;
#1246 = LINE ( 'NONE', #344, #3937 ) ;
#1247 = EDGE_CURVE ( 'NONE', #1107, #1663, #1862, .T. ) ;
#1248 = CARTESIAN_POINT ( 'NONE',  ( 0.6350000000000000089, -0.3200000000000000067, -0.3551250000564840081 ) ) ;
#1249 = ADVANCED_FACE ( 'NONE', ( #2459 ), #275, .T. ) ;
#1250 = ORIENTED_EDGE ( 'NONE', *, *, #1845, .T. ) ;
#1251 = PERSON_AND_ORGANIZATION ( #339, #2388 ) ;
#1252 = CARTESIAN_POINT ( 'NONE',  ( 1.149999999999999911, 1.149999999999999911, -0.3551250000564875053 ) ) ;
#1253 = DIRECTION ( 'NONE',  ( -1.000000000000000000, 0.000000000000000000, 6.982962677686270655E-15 ) ) ;
#1254 = VECTOR ( 'NONE', #1819, 1000.000000000000000 ) ;
#1255 = CARTESIAN_POINT ( 'NONE',  ( 0.6350000000000000089, 0.5199999999999999067, -0.3550000000000045342 ) ) ;
#1256 = ORIENTED_EDGE ( 'NONE', *, *, #2368, .T. ) ;
#1257 = VERTEX_POINT ( 'NONE', #1842 ) ;
#1258 = CARTESIAN_POINT ( 'NONE',  ( 0.1149999999999967992, -0.3449999999999999734, -0.3551250000564805109 ) ) ;
#1259 = DIRECTION ( 'NONE',  ( -1.000000000000000000, 0.000000000000000000, 6.505213034913023449E-15 ) ) ;
#1260 = VERTEX_POINT ( 'NONE', #2722 ) ;
#1261 = SHAPE_REPRESENTATION_RELATIONSHIP ( 'NONE' , 'NONE' ,  #3574, #3118 ) ;
#1262 = DIRECTION ( 'NONE',  ( 1.885568995626964780E-16, 1.000000000000000000, 0.000000000000000000 ) ) ;
#1263 = LINE ( 'NONE', #1244, #1326 ) ;
#1264 = AXIS2_PLACEMENT_3D ( 'NONE', #1444, #3586, #787 ) ;
#1265 = AXIS2_PLACEMENT_3D ( 'NONE', #819, #1393, #2939 ) ;
#1266 = CYLINDRICAL_SURFACE ( 'NONE', #17, 0.02500000000000001180 ) ;
#1267 = DIRECTION ( 'NONE',  ( 1.000000000000000000, 0.000000000000000000, -6.505213034913037648E-15 ) ) ;
#1268 = ORIENTED_EDGE ( 'NONE', *, *, #4027, .F. ) ;
#1269 = EDGE_CURVE ( 'NONE', #3255, #201, #892, .T. ) ;
#1270 = AXIS2_PLACEMENT_3D ( 'NONE', #2078, #3330, #532 ) ;
#1271 = ADVANCED_FACE ( 'NONE', ( #4040 ), #1523, .T. ) ;
#1272 = EDGE_CURVE ( 'NONE', #2747, #471, #296, .T. ) ;
#1273 = LINE ( 'NONE', #718, #1606 ) ;
#1274 = CARTESIAN_POINT ( 'NONE',  ( -0.09000000000000249467, 0.5950000000000000844, -0.3551250000564790676 ) ) ;
#1275 = VERTEX_POINT ( 'NONE', #317 ) ;
#1276 = ORIENTED_EDGE ( 'NONE', *, *, #127, .T. ) ;
#1277 = FACE_OUTER_BOUND ( 'NONE', #333, .T. ) ;
#1278 = CARTESIAN_POINT ( 'NONE',  ( 0.4810555127546370380, 0.03499999999999999639, -0.3551250000564830089 ) ) ;
#1279 = ORIENTED_EDGE ( 'NONE', *, *, #4022, .T. ) ;
#1280 = AXIS2_PLACEMENT_3D ( 'NONE', #540, #2175, #605 ) ;
#1281 = CARTESIAN_POINT ( 'NONE',  ( 0.000000000000000000, 0.000000000000000000, 0.000000000000000000 ) ) ;
#1282 = EDGE_CURVE ( 'NONE', #3358, #1719, #3737, .T. ) ;
#1283 = AXIS2_PLACEMENT_3D ( 'NONE', #2864, #335, #3156 ) ;
#1284 = CARTESIAN_POINT ( 'NONE',  ( 0.5681785439136940452, -0.3235714285714285099, -0.3551250000564835640 ) ) ;
#1285 = VECTOR ( 'NONE', #427, 1000.000000000000000 ) ;
#1286 = CARTESIAN_POINT ( 'NONE',  ( 0.5810555127546370713, 0.2250000000000000056, -0.3551250000564840081 ) ) ;
#1287 = LOCAL_TIME ( 11, 1, 48.00000000000000000, #2546 ) ;
#1288 = LINE ( 'NONE', #3103, #3536 ) ;
#1289 = CARTESIAN_POINT ( 'NONE',  ( 0.2518214560863000218, -0.2464285714285714968, -0.3551250000564815656 ) ) ;
#1290 = ORIENTED_EDGE ( 'NONE', *, *, #474, .F. ) ;
#1291 = DATE_AND_TIME ( #3127, #1287 ) ;
#1292 = CARTESIAN_POINT ( 'NONE',  ( 0.2389444872453570234, -0.3200000000000000067, -0.3549999999999999822 ) ) ;
#1293 = CARTESIAN_POINT ( 'NONE',  ( -0.3800226277564004440, 2.155215419837634983, -5.000000000000000000 ) ) ;
#1294 = EDGE_CURVE ( 'NONE', #2130, #3368, #3416, .T. ) ;
#1295 = EDGE_LOOP ( 'NONE', ( #2983, #3983, #3824, #2616 ) ) ;
#1296 = EDGE_LOOP ( 'NONE', ( #3630, #1595, #1354, #1644 ) ) ;
#1297 = CARTESIAN_POINT ( 'NONE',  ( -1.149999999999999911, 1.149999999999999911, -0.3551250000564715181 ) ) ;
#1298 = DIRECTION ( 'NONE',  ( -1.000000000000000000, 0.000000000000000000, 6.505213034913023449E-15 ) ) ;
#1299 = ORIENTED_EDGE ( 'NONE', *, *, #2368, .F. ) ;
#1300 = DIRECTION ( 'NONE',  ( 6.982962677686270655E-15, 0.000000000000000000, 1.000000000000000000 ) ) ;
#1301 = LINE ( 'NONE', #994, #717 ) ;
#1302 = CYLINDRICAL_SURFACE ( 'NONE', #89, 0.02499999999999995628 ) ;
#1303 = PLANE ( 'NONE',  #2030 ) ;
#1304 = PLANE ( 'NONE',  #485 ) ;
#1305 = ORIENTED_EDGE ( 'NONE', *, *, #3414, .T. ) ;
#1306 = CARTESIAN_POINT ( 'NONE',  ( 0.1149999999999969935, 0.3200000000000000067, -0.3551250000564805109 ) ) ;
#1307 = LINE ( 'NONE', #31, #2895 ) ;
#1308 = ORIENTED_EDGE ( 'NONE', *, *, #3070, .F. ) ;
#1309 = AXIS2_PLACEMENT_3D ( 'NONE', #781, #3867, #1086 ) ;
#1310 = ORIENTED_EDGE ( 'NONE', *, *, #1915, .T. ) ;
#1311 = LINE ( 'NONE', #726, #696 ) ;
#1312 = CARTESIAN_POINT ( 'NONE',  ( -2.784235231274814732E-15, 0.6199999999999999956, -0.3551250000564795117 ) ) ;
#1313 = ORIENTED_EDGE ( 'NONE', *, *, #2975, .F. ) ;
#1314 = CIRCLE ( 'NONE', #2879, 0.02500000000000001180 ) ;
#1315 = DATE_AND_TIME ( #2869, #697 ) ;
#1316 = EDGE_CURVE ( 'NONE', #3527, #2921, #2127, .T. ) ;
#1317 = EDGE_CURVE ( 'NONE', #2169, #2848, #1824, .T. ) ;
#1318 = AXIS2_PLACEMENT_3D ( 'NONE', #1753, #3310, #1453 ) ;
#1319 = EDGE_CURVE ( 'NONE', #1213, #1029, #1014, .T. ) ;
#1320 = DIRECTION ( 'NONE',  ( 0.000000000000000000, 1.000000000000000000, 0.000000000000000000 ) ) ;
#1321 = LINE ( 'NONE', #3430, #3617 ) ;
#1322 = VECTOR ( 'NONE', #4029, 1000.000000000000000 ) ;
#1323 = CARTESIAN_POINT ( 'NONE',  ( 0.2599999999999999534, -0.5699999999999999512, -0.3549999999999999822 ) ) ;
#1324 = CYLINDRICAL_SURFACE ( 'NONE', #1454, 0.02500000000000001180 ) ;
#1325 = LINE ( 'NONE', #2570, #357 ) ;
#1326 = VECTOR ( 'NONE', #2485, 1000.000000000000000 ) ;
#1327 = ORIENTED_EDGE ( 'NONE', *, *, #2090, .F. ) ;
#1328 = APPROVAL_ROLE ( '' ) ;
#1329 = VECTOR ( 'NONE', #2278, 1000.000000000000000 ) ;
#1330 = CARTESIAN_POINT ( 'NONE',  ( 0.08999999999999680478, -0.5950000000000000844, -0.3551250000564805109 ) ) ;
#1331 = CARTESIAN_POINT ( 'NONE',  ( 0.6350000000000000089, 0.2250000000000000056, -0.3551250000564840081 ) ) ;
#1332 = ORIENTED_EDGE ( 'NONE', *, *, #2817, .F. ) ;
#1333 = EDGE_LOOP ( 'NONE', ( #1635, #1660, #319, #821 ) ) ;
#1334 = AXIS2_PLACEMENT_3D ( 'NONE', #999, #3125, #695 ) ;
#1335 = ORIENTED_EDGE ( 'NONE', *, *, #1269, .F. ) ;
#1336 = DIRECTION ( 'NONE',  ( -6.505213034913030548E-15, 0.000000000000000000, -1.000000000000000000 ) ) ;
#1337 = DIRECTION ( 'NONE',  ( 6.505213034913040804E-15, 0.000000000000000000, 1.000000000000000000 ) ) ;
#1338 = VERTEX_POINT ( 'NONE', #3210 ) ;
#1339 = DATE_AND_TIME ( #3904, #247 ) ;
#1340 = LINE ( 'NONE', #2281, #654 ) ;
#1341 = DIRECTION ( 'NONE',  ( -1.000000000000000000, 0.000000000000000000, 6.982962677686270655E-15 ) ) ;
#1342 = EDGE_CURVE ( 'NONE', #400, #2211, #373, .T. ) ;
#1343 = VECTOR ( 'NONE', #2878, 1000.000000000000000 ) ;
#1344 = VECTOR ( 'NONE', #1730, 1000.000000000000000 ) ;
#1345 = CARTESIAN_POINT ( 'NONE',  ( -2.913505490301934844E-15, 0.4000000000000000222, -0.3551250000564795117 ) ) ;
#1346 = DIRECTION ( 'NONE',  ( -1.000000000000000000, 0.000000000000000000, 6.505213034913037648E-15 ) ) ;
#1347 = CARTESIAN_POINT ( 'NONE',  ( 0.1149999999999969935, -0.05000000000000000278, -0.3549999999999999822 ) ) ;
#1348 = CC_DESIGN_APPROVAL ( #3050, ( #2327 ) ) ;
#1349 = VERTEX_POINT ( 'NONE', #3772 ) ;
#1350 = APPROVAL_DATE_TIME ( #1390, #3019 ) ;
#1351 = CC_DESIGN_PERSON_AND_ORGANIZATION_ASSIGNMENT ( #2225, #678, ( #3377 ) ) ;
#1352 = CARTESIAN_POINT ( 'NONE',  ( -0.09000000000000249467, 0.000000000000000000, -0.3551250000564790676 ) ) ;
#1353 = DIRECTION ( 'NONE',  ( 1.000000000000000000, 0.000000000000000000, 0.000000000000000000 ) ) ;
#1354 = ORIENTED_EDGE ( 'NONE', *, *, #529, .F. ) ;
#1355 = ORIENTED_EDGE ( 'NONE', *, *, #3492, .F. ) ;
#1356 = ORIENTED_EDGE ( 'NONE', *, *, #2173, .T. ) ;
#1357 = CARTESIAN_POINT ( 'NONE',  ( -2.913505490301934844E-15, 0.000000000000000000, -0.3551250000564795117 ) ) ;
#1358 = CYLINDRICAL_SURFACE ( 'NONE', #1139, 0.02500000000000001180 ) ;
#1359 = ORIENTED_EDGE ( 'NONE', *, *, #3298, .F. ) ;
#1360 = CALENDAR_DATE ( 2026, 26, 8 ) ;
#1361 = DIRECTION ( 'NONE',  ( 0.9848077530121999157, 0.1736481776669762389, 0.000000000000000000 ) ) ;
#1362 = LINE ( 'NONE', #3203, #569 ) ;
#1363 = EDGE_CURVE ( 'NONE', #268, #783, #1025, .T. ) ;
#1364 = DIRECTION ( 'NONE',  ( -6.505213034913040804E-15, 0.000000000000000000, -1.000000000000000000 ) ) ;
#1365 = LINE ( 'NONE', #408, #3862 ) ;
#1366 = CARTESIAN_POINT ( 'NONE',  ( -0.07925871954190913393, -2.269672767682391790, 5.000000000000000000 ) ) ;
#1367 = ORIENTED_EDGE ( 'NONE', *, *, #3977, .T. ) ;
#1368 = DATE_AND_TIME ( #3914, #3309 ) ;
#1369 = EDGE_CURVE ( 'NONE', #1110, #563, #1273, .T. ) ;
#1370 = EDGE_CURVE ( 'NONE', #2592, #3010, #1955, .T. ) ;
#1371 = EDGE_CURVE ( 'NONE', #1110, #1172, #1034, .T. ) ;
#1372 = FACE_OUTER_BOUND ( 'NONE', #3212, .T. ) ;
#1373 = DIRECTION ( 'NONE',  ( 6.505213034913021082E-15, 0.000000000000000000, 1.000000000000000000 ) ) ;
#1374 = ORIENTED_EDGE ( 'NONE', *, *, #673, .T. ) ;
#1375 = ORIENTED_EDGE ( 'NONE', *, *, #1370, .F. ) ;
#1376 = ORIENTED_EDGE ( 'NONE', *, *, #950, .T. ) ;
#1377 = DIRECTION ( 'NONE',  ( 1.000000000000000000, 0.000000000000000000, 0.000000000000000000 ) ) ;
#1378 = FACE_OUTER_BOUND ( 'NONE', #2112, .T. ) ;
#1379 = ORIENTED_EDGE ( 'NONE', *, *, #2102, .F. ) ;
#1380 = AXIS2_PLACEMENT_3D ( 'NONE', #4013, #2716, #1209 ) ;
#1381 = EDGE_CURVE ( 'NONE', #2201, #1550, #632, .T. ) ;
#1382 = CARTESIAN_POINT ( 'NONE',  ( -0.6600000000000000311, 0.000000000000000000, -0.3551250000564750153 ) ) ;
#1383 = CIRCLE ( 'NONE', #1189, 0.02500000000000001180 ) ;
#1384 = DIRECTION ( 'NONE',  ( 0.000000000000000000, 1.000000000000000000, 0.000000000000000000 ) ) ;
#1385 = DIRECTION ( 'NONE',  ( 3.485384126420032828E-13, 1.000000000000000000, 0.000000000000000000 ) ) ;
#1386 = FACE_OUTER_BOUND ( 'NONE', #1602, .T. ) ;
#1387 = AXIS2_PLACEMENT_3D ( 'NONE', #1666, #403, #2301 ) ;
#1388 = DIRECTION ( 'NONE',  ( -1.000000000000000000, 0.000000000000000000, 6.505213034913037648E-15 ) ) ;
#1389 = VERTEX_POINT ( 'NONE', #2573 ) ;
#1390 = DATE_AND_TIME ( #759, #311 ) ;
#1391 = VECTOR ( 'NONE', #3139, 1000.000000000000000 ) ;
#1392 = DIRECTION ( 'NONE',  ( 0.000000000000000000, -1.000000000000000000, 0.000000000000000000 ) ) ;
#1393 = DIRECTION ( 'NONE',  ( -6.505213034913021082E-15, 0.000000000000000000, -1.000000000000000000 ) ) ;
#1394 = VERTEX_POINT ( 'NONE', #1292 ) ;
#1395 = ORIENTED_EDGE ( 'NONE', *, *, #3949, .T. ) ;
#1396 = EDGE_CURVE ( 'NONE', #498, #3230, #679, .T. ) ;
#1397 = EDGE_CURVE ( 'NONE', #2634, #1563, #983, .T. ) ;
#1398 = VECTOR ( 'NONE', #541, 1000.000000000000000 ) ;
#1399 = ORIENTED_EDGE ( 'NONE', *, *, #3979, .F. ) ;
#1400 = CARTESIAN_POINT ( 'NONE',  ( 0.5100000000000000089, 0.5950000000000000844, -0.3549999999999999822 ) ) ;
#1401 = DIRECTION ( 'NONE',  ( -1.000000000000000000, 0.000000000000000000, 6.982962677686270655E-15 ) ) ;
#1402 = VECTOR ( 'NONE', #3334, 1000.000000000000000 ) ;
#1403 = ORIENTED_EDGE ( 'NONE', *, *, #2515, .T. ) ;
#1404 = PERSON_AND_ORGANIZATION_ROLE ( 'design_owner' ) ;
#1405 = AXIS2_PLACEMENT_3D ( 'NONE', #3475, #675, #3456 ) ;
#1406 = CARTESIAN_POINT ( 'NONE',  ( 0.5810555127546370713, 0.3449999999999999734, -0.3551250000564840081 ) ) ;
#1407 = CARTESIAN_POINT ( 'NONE',  ( 0.4810555127546370380, 0.06000000000000000472, -0.3551250000564830089 ) ) ;
#1408 = EDGE_CURVE ( 'NONE', #2803, #2992, #760, .T. ) ;
#1409 = PRODUCT_DEFINITION_SHAPE ( 'NONE', 'NONE',  #4048 ) ;
#1410 = CARTESIAN_POINT ( 'NONE',  ( 0.5810555127546370713, -0.3200000000000000067, -0.3551250000564840081 ) ) ;
#1411 = CARTESIAN_POINT ( 'NONE',  ( -0.1150000000000024059, 0.2550000000000000044, -0.3551250000564785125 ) ) ;
#1412 = DIRECTION ( 'NONE',  ( 1.000000000000000000, 0.000000000000000000, 0.000000000000000000 ) ) ;
#1413 = VERTEX_POINT ( 'NONE', #3755 ) ;
#1414 = VECTOR ( 'NONE', #1805, 1000.000000000000000 ) ;
#1415 = CIRCLE ( 'NONE', #1218, 0.05000000000000002359 ) ;
#1416 = AXIS2_PLACEMENT_3D ( 'NONE', #3855, #1661, #1009 ) ;
#1417 = CARTESIAN_POINT ( 'NONE',  ( -0.6600000000000000311, 0.08500000000000000611, -0.3551250000564750153 ) ) ;
#1418 = CC_DESIGN_APPROVAL ( #2448, ( #896 ) ) ;
#1419 = DIRECTION ( 'NONE',  ( 1.000000000000000000, 0.000000000000000000, -6.982962677686270655E-15 ) ) ;
#1420 = ORIENTED_EDGE ( 'NONE', *, *, #277, .T. ) ;
#1421 = ORIENTED_EDGE ( 'NONE', *, *, #2666, .T. ) ;
#1422 = ORIENTED_EDGE ( 'NONE', *, *, #848, .F. ) ;
#1423 = LINE ( 'NONE', #1763, #2973 ) ;
#1424 = EDGE_CURVE ( 'NONE', #1445, #3481, #2842, .T. ) ;
#1425 = DIRECTION ( 'NONE',  ( 6.505213034913021082E-15, 0.000000000000000000, 1.000000000000000000 ) ) ;
#1426 = AXIS2_PLACEMENT_3D ( 'NONE', #1100, #1056, #1077 ) ;
#1427 = EDGE_LOOP ( 'NONE', ( #2886, #2433, #3922, #1718 ) ) ;
#1428 = APPROVAL_ROLE ( '' ) ;
#1429 = EDGE_CURVE ( 'NONE', #3607, #2710, #2899, .T. ) ;
#1430 = CARTESIAN_POINT ( 'NONE',  ( 0.5810555127546370713, -0.2500000000000000000, -0.3551250000564840081 ) ) ;
#1431 = ADVANCED_FACE ( 'NONE', ( #2821 ), #2249, .T. ) ;
#1432 = APPROVAL ( #3342, 'UNSPECIFIED' ) ;
#1433 = LINE ( 'NONE', #2668, #2454 ) ;
#1434 = CARTESIAN_POINT ( 'NONE',  ( 0.2389444872453570234, -0.3449999999999999734, -0.3551250000564815656 ) ) ;
#1435 = FACE_BOUND ( 'NONE', #748, .T. ) ;
#1436 = LINE ( 'NONE', #169, #2303 ) ;
#1437 = ORIENTED_EDGE ( 'NONE', *, *, #1959, .T. ) ;
#1438 = DIRECTION ( 'NONE',  ( 1.000000000000000000, 0.000000000000000000, 0.000000000000000000 ) ) ;
#1439 = CARTESIAN_POINT ( 'NONE',  ( -10.21500838427921387, -3.697644103227559320, 5.000000000000000000 ) ) ;
#1440 = ORIENTED_EDGE ( 'NONE', *, *, #2771, .F. ) ;
#1441 = ORIENTED_EDGE ( 'NONE', *, *, #3247, .F. ) ;
#1442 = ORIENTED_EDGE ( 'NONE', *, *, #3750, .F. ) ;
#1443 = CARTESIAN_POINT ( 'NONE',  ( 0.3551250000564473708, 2.284841781424900020, -5.000000000000000000 ) ) ;
#1444 = CARTESIAN_POINT ( 'NONE',  ( 1.149999999999999911, 1.149999999999999911, -0.08502500005648770676 ) ) ;
#1445 = VERTEX_POINT ( 'NONE', #1919 ) ;
#1446 = DATE_AND_TIME ( #1467, #961 ) ;
#1447 =( REPRESENTATION_RELATIONSHIP ('NONE','NONE', #3442, #2143 ) REPRESENTATION_RELATIONSHIP_WITH_TRANSFORMATION ( #2819 )SHAPE_REPRESENTATION_RELATIONSHIP( ) );
#1448 = DIRECTION ( 'NONE',  ( 0.000000000000000000, -1.000000000000000000, 0.000000000000000000 ) ) ;
#1449 = FACE_OUTER_BOUND ( 'NONE', #1427, .T. ) ;
#1450 = EDGE_CURVE ( 'NONE', #3033, #2315, #29, .T. ) ;
#1451 = ADVANCED_FACE ( 'NONE', ( #1618 ), #67, .T. ) ;
#1452 = EDGE_CURVE ( 'NONE', #1074, #2236, #3438, .T. ) ;
#1453 = DIRECTION ( 'NONE',  ( 1.000000000000000000, 0.000000000000000000, -6.505213034913037648E-15 ) ) ;
#1454 = AXIS2_PLACEMENT_3D ( 'NONE', #2265, #1934, #2873 ) ;
#1455 = DIRECTION ( 'NONE',  ( -6.505213034913040804E-15, 0.000000000000000000, -1.000000000000000000 ) ) ;
#1456 = ORIENTED_EDGE ( 'NONE', *, *, #923, .T. ) ;
#1457 = FACE_OUTER_BOUND ( 'NONE', #2659, .T. ) ;
#1458 = CARTESIAN_POINT ( 'NONE',  ( -0.6350000000000000089, 0.6199999999999999956, -0.3551250000564750153 ) ) ;
#1459 = ORIENTED_EDGE ( 'NONE', *, *, #526, .F. ) ;
#1460 = VERTEX_POINT ( 'NONE', #1578 ) ;
#1461 = EDGE_CURVE ( 'NONE', #1172, #2875, #3808, .T. ) ;
#1462 = ORIENTED_EDGE ( 'NONE', *, *, #551, .F. ) ;
#1463 = DIRECTION ( 'NONE',  ( -6.505213034913030548E-15, 0.000000000000000000, -1.000000000000000000 ) ) ;
#1464 = CARTESIAN_POINT ( 'NONE',  ( -0.1150000000000013928, 0.2799999999999999711, -0.3551250000564785125 ) ) ;
#1465 = VERTEX_POINT ( 'NONE', #702 ) ;
#1466 = VECTOR ( 'NONE', #2254, 1000.000000000000000 ) ;
#1467 = CALENDAR_DATE ( 2026, 26, 8 ) ;
#1468 = ADVANCED_BREP_SHAPE_REPRESENTATION ( '', ( #465, #691 ), #2712 ) ;
#1469 = AXIS2_PLACEMENT_3D ( 'NONE', #2778, #4037, #1859 ) ;
#1470 = CARTESIAN_POINT ( 'NONE',  ( 0.6600000000000000311, 0.2250000000000000056, -0.3551250000564845077 ) ) ;
#1471 = DIRECTION ( 'NONE',  ( 1.000000000000000000, 0.000000000000000000, -7.228014483236693597E-15 ) ) ;
#1472 = VECTOR ( 'NONE', #3558, 1000.000000000000000 ) ;
#1473 = DIRECTION ( 'NONE',  ( -6.505213034913021082E-15, 0.000000000000000000, -1.000000000000000000 ) ) ;
#1474 = EDGE_CURVE ( 'NONE', #2721, #2276, #1940, .T. ) ;
#1475 = CARTESIAN_POINT ( 'NONE',  ( 0.4850000000000000422, -0.6199999999999999956, -0.3551250000564830089 ) ) ;
#1476 = EDGE_LOOP ( 'NONE', ( #906, #1722, #1279, #2084 ) ) ;
#1477 = PRODUCT ( 'LUXEON HL2Z 3D', 'LUXEON HL2Z 3D', '', ( #1989 ) ) ;
#1478 = DIRECTION ( 'NONE',  ( 6.505213034913040804E-15, 0.000000000000000000, 1.000000000000000000 ) ) ;
#1479 = FACE_OUTER_BOUND ( 'NONE', #1881, .T. ) ;
#1480 = EDGE_LOOP ( 'NONE', ( #3724, #720, #909, #764 ) ) ;
#1481 = CC_DESIGN_PERSON_AND_ORGANIZATION_ASSIGNMENT ( #1033, #1664, ( #3563 ) ) ;
#1482 = ORIENTED_EDGE ( 'NONE', *, *, #1317, .F. ) ;
#1483 = VECTOR ( 'NONE', #3940, 1000.000000000000000 ) ;
#1484 = ORIENTED_EDGE ( 'NONE', *, *, #1966, .F. ) ;
#1485 = LOCAL_TIME ( 11, 1, 48.00000000000000000, #1645 ) ;
#1486 = DIRECTION ( 'NONE',  ( -6.982962677686270655E-15, 0.000000000000000000, -1.000000000000000000 ) ) ;
#1487 = DIRECTION ( 'NONE',  ( 1.000000000000000000, 0.000000000000000000, -6.505213034913027393E-15 ) ) ;
#1488 = ORIENTED_EDGE ( 'NONE', *, *, #3119, .T. ) ;
#1489 = CALENDAR_DATE ( 2026, 26, 8 ) ;
#1490 = LOCAL_TIME ( 11, 1, 48.00000000000000000, #3208 ) ;
#1491 = LINE ( 'NONE', #281, #3308 ) ;
#1492 = ORIENTED_EDGE ( 'NONE', *, *, #2150, .F. ) ;
#1493 = DIRECTION ( 'NONE',  ( -1.000000000000000000, 0.000000000000000000, 6.982962677686270655E-15 ) ) ;
#1494 = CARTESIAN_POINT ( 'NONE',  ( 0.1149999999999969935, -0.05000000000000000278, -0.3551250000564805109 ) ) ;
#1495 = FACE_OUTER_BOUND ( 'NONE', #2482, .T. ) ;
#1496 = ORIENTED_EDGE ( 'NONE', *, *, #2219, .F. ) ;
#1497 = CARTESIAN_POINT ( 'NONE',  ( -0.6350000000000000089, -0.5950000000000000844, -0.3551250000564750153 ) ) ;
#1498 = CARTESIAN_POINT ( 'NONE',  ( 0.2249999999999969802, 1.219727444046191995E-16, -0.3551250000564813991 ) ) ;
#1499 = EDGE_LOOP ( 'NONE', ( #1821, #1032, #3692, #1531 ) ) ;
#1500 = VERTEX_POINT ( 'NONE', #1330 ) ;
#1501 = EDGE_CURVE ( 'NONE', #604, #1041, #3293, .T. ) ;
#1502 = ADVANCED_FACE ( 'NONE', ( #3231 ), #2333, .T. ) ;
#1503 = EDGE_CURVE ( 'NONE', #1587, #1514, #2004, .T. ) ;
#1504 = ORIENTED_EDGE ( 'NONE', *, *, #2690, .F. ) ;
#1505 = CARTESIAN_POINT ( 'NONE',  ( -2.913505490301934844E-15, 0.000000000000000000, -0.3551250000564795117 ) ) ;
#1506 = DIRECTION ( 'NONE',  ( 0.7313537027583412176, 0.6819983588408874420, -0.000000000000000000 ) ) ;
#1507 = ORIENTED_EDGE ( 'NONE', *, *, #183, .F. ) ;
#1508 = CARTESIAN_POINT ( 'NONE',  ( 0.5599999999999999423, 0.5699999999999999512, -0.3551250000564835640 ) ) ;
#1509 = DIRECTION ( 'NONE',  ( 6.982962677686270655E-15, 0.000000000000000000, 1.000000000000000000 ) ) ;
#1510 = VERTEX_POINT ( 'NONE', #2657 ) ;
#1511 = DIRECTION ( 'NONE',  ( -1.000000000000000000, 0.000000000000000000, 6.982962677686270655E-15 ) ) ;
#1512 = FACE_OUTER_BOUND ( 'NONE', #2432, .T. ) ;
#1513 = CARTESIAN_POINT ( 'NONE',  ( 0.1149999999999969935, 0.2500000000000000000, -0.3551250000564805109 ) ) ;
#1514 = VERTEX_POINT ( 'NONE', #1417 ) ;
#1515 = CIRCLE ( 'NONE', #404, 0.02499999999999995628 ) ;
#1516 = DIRECTION ( 'NONE',  ( -1.000000000000000000, 0.000000000000000000, 7.228014483236693597E-15 ) ) ;
#1517 = DIRECTION ( 'NONE',  ( -1.000000000000000000, 0.000000000000000000, 6.982962677686270655E-15 ) ) ;
#1518 = ORIENTED_EDGE ( 'NONE', *, *, #1319, .T. ) ;
#1519 = CIRCLE ( 'NONE', #2098, 0.02500000000000001180 ) ;
#1520 = VERTEX_POINT ( 'NONE', #3557 ) ;
#1521 = AXIS2_PLACEMENT_3D ( 'NONE', #3415, #1364, #3861 ) ;
#1522 = ORIENTED_EDGE ( 'NONE', *, *, #2633, .F. ) ;
#1523 = PLANE ( 'NONE',  #1083 ) ;
#1524 = CARTESIAN_POINT ( 'NONE',  ( 0.6350000000000000089, -0.2500000000000000000, -0.3549999999999999822 ) ) ;
#1525 = ADVANCED_FACE ( 'NONE', ( #2631 ), #2593, .F. ) ;
#1526 = AXIS2_PLACEMENT_3D ( 'NONE', #2583, #710, #1320 ) ;
#1527 = VERTEX_POINT ( 'NONE', #2918 ) ;
#1528 = DIRECTION ( 'NONE',  ( 6.505213034913040804E-15, 0.000000000000000000, 1.000000000000000000 ) ) ;
#1529 = CIRCLE ( 'NONE', #1405, 0.02499999999999999792 ) ;
#1530 = FACE_OUTER_BOUND ( 'NONE', #3067, .T. ) ;
#1531 = ORIENTED_EDGE ( 'NONE', *, *, #693, .T. ) ;
#1532 = CIRCLE ( 'NONE', #2307, 0.02499999999999999792 ) ;
#1533 = DIRECTION ( 'NONE',  ( -1.000000000000000000, 0.000000000000000000, 6.982962677686270655E-15 ) ) ;
#1534 = CARTESIAN_POINT ( 'NONE',  ( -6.994875025828872772, 10.47738999221430234, -5.000000000000000000 ) ) ;
#1535 = ORIENTED_EDGE ( 'NONE', *, *, #1071, .F. ) ;
#1536 = LINE ( 'NONE', #2777, #3799 ) ;
#1537 = FACE_OUTER_BOUND ( 'NONE', #271, .T. ) ;
#1538 = ORIENTED_EDGE ( 'NONE', *, *, #1552, .T. ) ;
#1539 = EDGE_LOOP ( 'NONE', ( #1313, #1169, #2474, #952 ) ) ;
#1540 = DIRECTION ( 'NONE',  ( -6.505213034913040804E-15, 0.000000000000000000, -1.000000000000000000 ) ) ;
#1541 = DIRECTION ( 'NONE',  ( -2.081376414897577625E-10, -1.000000000000000000, 0.000000000000000000 ) ) ;
#1542 = VERTEX_POINT ( 'NONE', #1676 ) ;
#1543 = AXIS2_PLACEMENT_3D ( 'NONE', #2208, #1598, #391 ) ;
#1544 = CIRCLE ( 'NONE', #244, 0.02499999999999995628 ) ;
#1545 = EDGE_CURVE ( 'NONE', #1937, #596, #3314, .T. ) ;
#1546 = CARTESIAN_POINT ( 'NONE',  ( 0.4449999999999999512, 1.084202172485503941E-16, -0.3551250000564830089 ) ) ;
#1547 = CARTESIAN_POINT ( 'NONE',  ( 0.4850000000000000422, -0.5950000000000000844, -0.3549999999999999822 ) ) ;
#1548 = AXIS2_PLACEMENT_3D ( 'NONE', #2420, #932, #2462 ) ;
#1549 = CC_DESIGN_APPROVAL ( #3223, ( #4035 ) ) ;
#1550 = VERTEX_POINT ( 'NONE', #3892 ) ;
#1551 = EDGE_CURVE ( 'NONE', #3560, #1925, #2310, .T. ) ;
#1552 = EDGE_CURVE ( 'NONE', #1041, #1074, #2095, .T. ) ;
#1553 = DIRECTION ( 'NONE',  ( -6.505213034913040804E-15, 0.000000000000000000, -1.000000000000000000 ) ) ;
#1554 = CC_DESIGN_PERSON_AND_ORGANIZATION_ASSIGNMENT ( #2572, #3147, ( #2134 ) ) ;
#1555 = DIRECTION ( 'NONE',  ( 7.228014483236690442E-15, 0.000000000000000000, 1.000000000000000000 ) ) ;
#1556 = DIRECTION ( 'NONE',  ( 1.000000000000000000, 0.000000000000000000, -6.982962677686270655E-15 ) ) ;
#1557 = DIRECTION ( 'NONE',  ( -1.000000000000000000, 0.000000000000000000, 6.505213034913027393E-15 ) ) ;
#1558 = ORIENTED_EDGE ( 'NONE', *, *, #2468, .F. ) ;
#1559 = CALENDAR_DATE ( 2026, 26, 8 ) ;
#1560 = CARTESIAN_POINT ( 'NONE',  ( 0.6600000000000000311, -0.2250000000000000056, -0.3551250000564845077 ) ) ;
#1561 = DIRECTION ( 'NONE',  ( 1.000000000000000000, 0.000000000000000000, -6.982962677686270655E-15 ) ) ;
#1562 = CARTESIAN_POINT ( 'NONE',  ( 0.4850000000000000422, -0.6199999999999999956, -0.3549999999999999822 ) ) ;
#1563 = VERTEX_POINT ( 'NONE', #3580 ) ;
#1564 = CIRCLE ( 'NONE', #1109, 0.02499999999999995628 ) ;
#1565 = CYLINDRICAL_SURFACE ( 'NONE', #3787, 0.05000000000000002359 ) ;
#1566 = CARTESIAN_POINT ( 'NONE',  ( 0.6600000000000000311, -0.3449999999999999734, -0.3551250000564845077 ) ) ;
#1567 =( NAMED_UNIT ( * ) SI_UNIT ( $, .STERADIAN. ) SOLID_ANGLE_UNIT ( ) );
#1568 = DIRECTION ( 'NONE',  ( 6.982962677686270655E-15, 0.000000000000000000, 1.000000000000000000 ) ) ;
#1569 = CARTESIAN_POINT ( 'NONE',  ( 0.3099999999999999978, -0.5699999999999999512, -0.3551250000564820097 ) ) ;
#1570 = ADVANCED_FACE ( 'NONE', ( #1693 ), #2288, .F. ) ;
#1571 = EDGE_CURVE ( 'NONE', #93, #87, #452, .T. ) ;
#1572 = ADVANCED_FACE ( 'NONE', ( #496 ), #3601, .T. ) ;
#1573 = DIRECTION ( 'NONE',  ( 1.000000000000000000, 0.000000000000000000, 0.000000000000000000 ) ) ;
#1574 = CARTESIAN_POINT ( 'NONE',  ( 0.3551250000556511188, -1.237747038088879550E-13, 5.000000000000000000 ) ) ;
#1575 = ORIENTED_EDGE ( 'NONE', *, *, #2356, .T. ) ;
#1577 = VECTOR ( 'NONE', #2329, 1000.000000000000000 ) ;
#1576 = APPROVAL_STATUS ( 'not_yet_approved' ) ;
#1578 = CARTESIAN_POINT ( 'NONE',  ( 0.2389444872453570234, 0.2500000000000000000, -0.3551250000564815656 ) ) ;
#1579 = CIRCLE ( 'NONE', #472, 0.02499999999999995628 ) ;
#1580 = DIRECTION ( 'NONE',  ( 6.982962677686270655E-15, 0.000000000000000000, 1.000000000000000000 ) ) ;
#1581 = VERTEX_POINT ( 'NONE', #1716 ) ;
#1582 = AXIS2_PLACEMENT_3D ( 'NONE', #8, #2492, #3491 ) ;
#1583 = ORIENTED_EDGE ( 'NONE', *, *, #1670, .F. ) ;
#1584 = DIRECTION ( 'NONE',  ( 7.228014483236690442E-15, 0.000000000000000000, 1.000000000000000000 ) ) ;
#1585 = CIRCLE ( 'NONE', #1387, 0.02499999999999999792 ) ;
#1586 = CARTESIAN_POINT ( 'NONE',  ( 0.08999999999999680478, 0.07499999999999999722, -0.3551250000564805109 ) ) ;
#1587 = VERTEX_POINT ( 'NONE', #515 ) ;
#1588 = FACE_OUTER_BOUND ( 'NONE', #3993, .T. ) ;
#1589 = DIRECTION ( 'NONE',  ( 6.505213034913040804E-15, 0.000000000000000000, 1.000000000000000000 ) ) ;
#1590 =( BOUNDED_SURFACE ( )  B_SPLINE_SURFACE ( 2, 1, ( 
 ( #3813, #2519 ),
 ( #417, #1641 ),
 ( #2598, #3133 ) ),
 .UNSPECIFIED., .F., .F., .F. ) 
 B_SPLINE_SURFACE_WITH_KNOTS ( ( 3, 3 ),
 ( 2, 2 ),
 ( 0.000000000000000000, 1.000000000000000000 ),
 ( 0.000000000000000000, 1.000000000000000000 ),
 .UNSPECIFIED. ) 
 GEOMETRIC_REPRESENTATION_ITEM ( )  RATIONAL_B_SPLINE_SURFACE ( (
 ( 1.000000000000000000, 1.000000000000000000),
 ( 3.231801218513670193, 3.231801218513670193),
 ( 1.000000000000000000, 1.000000000000000000) ) ) 
 REPRESENTATION_ITEM ( '' )  SURFACE ( )  );
#1591 = EDGE_CURVE ( 'NONE', #3457, #3358, #606, .T. ) ;
#1592 = VECTOR ( 'NONE', #2082, 1000.000000000000000 ) ;
#1593 = LINE ( 'NONE', #365, #2166 ) ;
#1594 = LINE ( 'NONE', #3747, #3096 ) ;
#1595 = ORIENTED_EDGE ( 'NONE', *, *, #2990, .T. ) ;
#1596 = CALENDAR_DATE ( 2026, 26, 8 ) ;
#1597 = VECTOR ( 'NONE', #24, 1000.000000000000000 ) ;
#1598 = DIRECTION ( 'NONE',  ( 6.505213034913040804E-15, 0.000000000000000000, 1.000000000000000000 ) ) ;
#1599 = APPROVAL ( #3517, 'UNKNOWN' ) ;
#1600 = DIRECTION ( 'NONE',  ( -6.505213034913021082E-15, 0.000000000000000000, -1.000000000000000000 ) ) ;
#1601 = ORIENTED_EDGE ( 'NONE', *, *, #2468, .T. ) ;
#1602 = EDGE_LOOP ( 'NONE', ( #2826, #1894, #886, #2413 ) ) ;
#1603 = FACE_OUTER_BOUND ( 'NONE', #2128, .T. ) ;
#1604 = DIRECTION ( 'NONE',  ( -1.000000000000000000, 0.000000000000000000, 7.228014483236693597E-15 ) ) ;
#1605 = ORIENTED_EDGE ( 'NONE', *, *, #3422, .F. ) ;
#1606 = VECTOR ( 'NONE', #3479, 1000.000000000000000 ) ;
#1607 = CARTESIAN_POINT ( 'NONE',  ( 0.5599999999999999423, -0.5699999999999999512, -0.3551250000564835640 ) ) ;
#1608 = AXIS2_PLACEMENT_3D ( 'NONE', #1770, #265, #205 ) ;
#1609 = VECTOR ( 'NONE', #1944, 1000.000000000000000 ) ;
#1610 = CARTESIAN_POINT ( 'NONE',  ( 0.5100000000000000089, 0.5950000000000000844, -0.3549999999999999822 ) ) ;
#1611 = LOCAL_TIME ( 11, 1, 48.00000000000000000, #2419 ) ;
#1612 = DIRECTION ( 'NONE',  ( -6.982962677686270655E-15, 0.000000000000000000, -1.000000000000000000 ) ) ;
#1613 = CARTESIAN_POINT ( 'NONE',  ( -0.09000000000000249467, 0.4249999999999999889, -0.3551250000564790676 ) ) ;
#1614 = CIRCLE ( 'NONE', #1094, 0.02500000000000001180 ) ;
#1615 = CARTESIAN_POINT ( 'NONE',  ( 0.2750000000000000222, 0.2849999999999999756, -0.3551250000564815656 ) ) ;
#1616 = ORIENTED_EDGE ( 'NONE', *, *, #550, .T. ) ;
#1617 = PERSON_AND_ORGANIZATION_ROLE ( 'design_supplier' ) ;
#1618 = FACE_OUTER_BOUND ( 'NONE', #1295, .T. ) ;
#1619 = DIRECTION ( 'NONE',  ( 1.000000000000000000, 0.000000000000000000, -6.982962677686270655E-15 ) ) ;
#1620 = ADVANCED_FACE ( 'NONE', ( #1372 ), #2021, .T. ) ;
#1621 = ORIENTED_EDGE ( 'NONE', *, *, #3820, .F. ) ;
#1622 = EDGE_CURVE ( 'NONE', #196, #657, #77, .T. ) ;
#1623 = EDGE_CURVE ( 'NONE', #949, #2370, #2675, .T. ) ;
#1624 = VERTEX_POINT ( 'NONE', #3628 ) ;
#1625 = LINE ( 'NONE', #3483, #1609 ) ;
#1626 = DIRECTION ( 'NONE',  ( 1.000000000000000000, 0.000000000000000000, -6.505213034913023449E-15 ) ) ;
#1627 = ORIENTED_EDGE ( 'NONE', *, *, #3703, .F. ) ;
#1628 = LINE ( 'NONE', #3818, #3873 ) ;
#1629 = LINE ( 'NONE', #3800, #2371 ) ;
#1630 = EDGE_CURVE ( 'NONE', #1839, #1761, #2748, .T. ) ;
#1631 = VECTOR ( 'NONE', #2910, 1000.000000000000000 ) ;
#1632 = DIRECTION ( 'NONE',  ( 1.000000000000000000, 0.000000000000000000, -6.982962677686270655E-15 ) ) ;
#1633 = FACE_OUTER_BOUND ( 'NONE', #2177, .T. ) ;
#1634 = FACE_OUTER_BOUND ( 'NONE', #1480, .T. ) ;
#1635 = ORIENTED_EDGE ( 'NONE', *, *, #603, .T. ) ;
#1636 = APPROVAL_DATE_TIME ( #2248, #2743 ) ;
#1637 = DIRECTION ( 'NONE',  ( 1.000000000000000000, 0.000000000000000000, -6.982962677686270655E-15 ) ) ;
#1638 = PLANE ( 'NONE',  #4017 ) ;
#1639 = ORIENTED_EDGE ( 'NONE', *, *, #2396, .T. ) ;
#1640 = ORIENTED_EDGE ( 'NONE', *, *, #3068, .F. ) ;
#1641 = CARTESIAN_POINT ( 'NONE',  ( -0.9075306697980521919, -0.1237304348149260991, -5.000000000000000000 ) ) ;
#1642 = EDGE_CURVE ( 'NONE', #911, #2881, #3996, .T. ) ;
#1643 = CARTESIAN_POINT ( 'NONE',  ( 0.1149999999999967992, 0.3449999999999999734, -0.3551250000564805109 ) ) ;
#1644 = ORIENTED_EDGE ( 'NONE', *, *, #2145, .F. ) ;
#1645 = COORDINATED_UNIVERSAL_TIME_OFFSET ( 1, 0, .AHEAD. ) ;
#1646 = CARTESIAN_POINT ( 'NONE',  ( 0.2389444872453570234, -0.2500000000000000000, -0.3549999999999999822 ) ) ;
#1647 = DIRECTION ( 'NONE',  ( 6.982962677686270655E-15, 0.000000000000000000, 1.000000000000000000 ) ) ;
#1648 = APPLICATION_CONTEXT ( 'configuration controlled 3d designs of mechanical parts and assemblies' ) ;
#1649 = CARTESIAN_POINT ( 'NONE',  ( 0.2750000000000000222, -0.2849999999999999756, -0.3551250000564815656 ) ) ;
#1650 = CARTESIAN_POINT ( 'NONE',  ( 0.5681785439136940452, 0.2464285714285714968, -0.3551250000564835640 ) ) ;
#1651 = CARTESIAN_POINT ( 'NONE',  ( 0.6350000000000000089, -0.4949999999999999956, -0.3551250000564840081 ) ) ;
#1652 = ORIENTED_EDGE ( 'NONE', *, *, #1363, .T. ) ;
#1653 = SHAPE_DEFINITION_REPRESENTATION ( #239, #3574 ) ;
#1654 = VECTOR ( 'NONE', #1964, 1000.000000000000000 ) ;
#1655 = CARTESIAN_POINT ( 'NONE',  ( -1.448726270043842357, 6.058427314146597631, 5.000000000000000000 ) ) ;
#1656 = DIRECTION ( 'NONE',  ( -1.000000000000000000, 0.000000000000000000, 6.505213034913037648E-15 ) ) ;
#1657 = ORIENTED_EDGE ( 'NONE', *, *, #3999, .F. ) ;
#1658 = ORIENTED_EDGE ( 'NONE', *, *, #3494, .F. ) ;
#1659 = AXIS2_PLACEMENT_3D ( 'NONE', #3713, #4014, #292 ) ;
#1660 = ORIENTED_EDGE ( 'NONE', *, *, #1818, .F. ) ;
#1661 = DIRECTION ( 'NONE',  ( 1.000000000000000000, 0.000000000000000000, -6.982962677686270655E-15 ) ) ;
#1662 = CARTESIAN_POINT ( 'NONE',  ( 0.6600000000000000311, -0.3449999999999999734, -0.3551250000564845077 ) ) ;
#1663 = VERTEX_POINT ( 'NONE', #618 ) ;
#1664 = PERSON_AND_ORGANIZATION_ROLE ( 'creator' ) ;
#1665 = EDGE_CURVE ( 'NONE', #1550, #3207, #3604, .T. ) ;
#1666 = CARTESIAN_POINT ( 'NONE',  ( 0.1149999999999967992, 0.5950000000000000844, -0.3551250000564805109 ) ) ;
#1667 = CARTESIAN_POINT ( 'NONE',  ( -0.6600000000000000311, 0.5950000000000000844, -0.3551250000564750153 ) ) ;
#1668 = EDGE_CURVE ( 'NONE', #661, #1898, #3664, .T. ) ;
#1669 = EDGE_CURVE ( 'NONE', #2394, #154, #731, .T. ) ;
#1670 = EDGE_CURVE ( 'NONE', #931, #1413, #1229, .T. ) ;
#1671 = CARTESIAN_POINT ( 'NONE',  ( -0.09000000000000249467, -0.08500000000000000611, -0.3551250000564790676 ) ) ;
#1672 = CARTESIAN_POINT ( 'NONE',  ( 0.2099999999999969946, 0.5950000000000000844, -0.3551250000564810660 ) ) ;
#1673 = CARTESIAN_POINT ( 'NONE',  ( -23.03592114560350268, 0.000000000000000000, 5.000000000000000000 ) ) ;
#1674 = APPROVAL_PERSON_ORGANIZATION ( #3806, #3050, #1328 ) ;
#1675 = ORIENTED_EDGE ( 'NONE', *, *, #2294, .T. ) ;
#1676 = CARTESIAN_POINT ( 'NONE',  ( -1.149999999999999911, -1.149999999999999911, -0.08502500005647160852 ) ) ;
#1677 = FACE_OUTER_BOUND ( 'NONE', #3522, .T. ) ;
#1678 = ORIENTED_EDGE ( 'NONE', *, *, #3840, .T. ) ;
#1679 = ORIENTED_EDGE ( 'NONE', *, *, #3245, .F. ) ;
#1680 = ORIENTED_EDGE ( 'NONE', *, *, #2994, .F. ) ;
#1681 = DIRECTION ( 'NONE',  ( -1.000000000000000000, 0.000000000000000000, 6.505213034913023449E-15 ) ) ;
#1682 = PLANE ( 'NONE',  #743 ) ;
#1683 = VERTEX_POINT ( 'NONE', #3731 ) ;
#1684 = APPROVAL_ROLE ( '' ) ;
#1685 = CARTESIAN_POINT ( 'NONE',  ( 0.2750000000000000222, 0.2849999999999999756, -0.3549999999999999822 ) ) ;
#1686 = CARTESIAN_POINT ( 'NONE',  ( 0.6600000000000000311, -0.3449999999999999734, -0.3551250000564845077 ) ) ;
#1687 = DIRECTION ( 'NONE',  ( -1.000000000000000000, 0.000000000000000000, 7.228014483236693597E-15 ) ) ;
#1688 = FACE_BOUND ( 'NONE', #395, .T. ) ;
#1689 = ADVANCED_FACE ( 'NONE', ( #209 ), #3003, .T. ) ;
#1690 = CARTESIAN_POINT ( 'NONE',  ( 0.1749999999999969913, 0.05000000000000000278, -0.3549999999999999822 ) ) ;
#1691 = ADVANCED_FACE ( 'NONE', ( #1457 ), #1149, .T. ) ;
#1692 = ORIENTED_EDGE ( 'NONE', *, *, #2003, .T. ) ;
#1693 = FACE_OUTER_BOUND ( 'NONE', #3476, .T. ) ;
#1694 = CARTESIAN_POINT ( 'NONE',  ( 0.2099999999999969946, -0.5950000000000000844, -0.3551250000564810660 ) ) ;
#1695 = ORIENTED_EDGE ( 'NONE', *, *, #3344, .F. ) ;
#1696 = ORIENTED_EDGE ( 'NONE', *, *, #2935, .T. ) ;
#1697 = ORIENTED_EDGE ( 'NONE', *, *, #3468, .T. ) ;
#1698 = EDGE_CURVE ( 'NONE', #3812, #3303, #1704, .T. ) ;
#1699 = APPLICATION_CONTEXT ( 'configuration controlled 3d designs of mechanical parts and assemblies' ) ;
#1700 = LINE ( 'NONE', #2701, #1483 ) ;
#1701 = LINE ( 'NONE', #2946, #222 ) ;
#1702 = ORIENTED_EDGE ( 'NONE', *, *, #1224, .F. ) ;
#1703 = APPROVAL_STATUS ( 'not_yet_approved' ) ;
#1704 = CIRCLE ( 'NONE', #2226, 0.04999999999999999584 ) ;
#1705 = DIRECTION ( 'NONE',  ( 0.000000000000000000, 1.000000000000000000, 0.000000000000000000 ) ) ;
#1706 = CIRCLE ( 'NONE', #3081, 0.02499999999999999792 ) ;
#1707 = CARTESIAN_POINT ( 'NONE',  ( 0.1149999999999967992, 0.2250000000000000056, -0.3551250000564805109 ) ) ;
#1708 = VECTOR ( 'NONE', #2930, 1000.000000000000000 ) ;
#1709 = DIRECTION ( 'NONE',  ( 0.05233595624294034437, -0.9986295347545741663, 0.000000000000000000 ) ) ;
#1710 = DIRECTION ( 'NONE',  ( 6.982962677686270655E-15, 0.000000000000000000, 1.000000000000000000 ) ) ;
#1711 = AXIS2_PLACEMENT_3D ( 'NONE', #3391, #3408, #2163 ) ;
#1712 = PLANE ( 'NONE',  #167 ) ;
#1713 = EDGE_LOOP ( 'NONE', ( #1878, #2988, #629, #862 ) ) ;
#1714 = ADVANCED_FACE ( 'NONE', ( #860 ), #2695, .T. ) ;
#1715 = CIRCLE ( 'NONE', #883, 0.02499999999999995628 ) ;
#1716 = CARTESIAN_POINT ( 'NONE',  ( 0.4810555127546370380, 0.03499999999999999639, -0.3551250000564830089 ) ) ;
#1717 = CARTESIAN_POINT ( 'NONE',  ( 0.2099999999999969946, 0.5950000000000000844, -0.3551250000564810660 ) ) ;
#1718 = ORIENTED_EDGE ( 'NONE', *, *, #251, .F. ) ;
#1719 = VERTEX_POINT ( 'NONE', #253 ) ;
#1720 = CIRCLE ( 'NONE', #2958, 0.02500000000000001180 ) ;
#1722 = ORIENTED_EDGE ( 'NONE', *, *, #3016, .F. ) ;
#1721 = PRODUCT_RELATED_PRODUCT_CATEGORY ( 'detail', '', ( #1477 ) ) ;
#1723 = LINE ( 'NONE', #1156, #3239 ) ;
#1724 = DIRECTION ( 'NONE',  ( -6.505213034913021082E-15, 0.000000000000000000, -1.000000000000000000 ) ) ;
#1725 = AXIS2_PLACEMENT_3D ( 'NONE', #3850, #332, #1353 ) ;
#1726 = VERTEX_POINT ( 'NONE', #1186 ) ;
#1727 = DATE_TIME_ROLE ( 'classification_date' ) ;
#1728 = CIRCLE ( 'NONE', #2760, 0.02499999999999995628 ) ;
#1729 = LINE ( 'NONE', #141, #846 ) ;
#1730 = DIRECTION ( 'NONE',  ( 1.000000000000000000, -8.803515733868729383E-17, -6.982962677686270655E-15 ) ) ;
#1731 = DIRECTION ( 'NONE',  ( 1.000000000000000000, 0.000000000000000000, -6.505213034913023449E-15 ) ) ;
#1732 = DIRECTION ( 'NONE',  ( 6.982962677686270655E-15, 0.000000000000000000, 1.000000000000000000 ) ) ;
#1733 = DIRECTION ( 'NONE',  ( -1.000000000000000000, -4.401757866934369622E-17, 6.982962677686270655E-15 ) ) ;
#1734 = ORIENTED_EDGE ( 'NONE', *, *, #203, .F. ) ;
#1735 = AXIS2_PLACEMENT_3D ( 'NONE', #623, #2135, #2784 ) ;
#1736 = VECTOR ( 'NONE', #530, 1000.000000000000000 ) ;
#1737 = CIRCLE ( 'NONE', #185, 0.02500000000000001180 ) ;
#1738 = DIRECTION ( 'NONE',  ( 7.228014483236690442E-15, 0.000000000000000000, 1.000000000000000000 ) ) ;
#1739 = LOCAL_TIME ( 11, 1, 48.00000000000000000, #3674 ) ;
#1740 = DIRECTION ( 'NONE',  ( 6.982962677686270655E-15, 0.000000000000000000, 1.000000000000000000 ) ) ;
#1741 = VERTEX_POINT ( 'NONE', #534 ) ;
#1742 = ORIENTED_EDGE ( 'NONE', *, *, #1747, .T. ) ;
#1743 = ORIENTED_EDGE ( 'NONE', *, *, #2975, .T. ) ;
#1744 = DIRECTION ( 'NONE',  ( -1.000000000000000000, 0.000000000000000000, 6.982962677686270655E-15 ) ) ;
#1746 = EDGE_CURVE ( 'NONE', #1719, #198, #1797, .T. ) ;
#1745 = CARTESIAN_POINT ( 'NONE',  ( 0.5681785439136940452, 0.2464285714285714968, -0.3549999999999999822 ) ) ;
#1747 = EDGE_CURVE ( 'NONE', #2046, #289, #597, .T. ) ;
#1748 = EDGE_CURVE ( 'NONE', #88, #1152, #1515, .T. ) ;
#1749 = EDGE_LOOP ( 'NONE', ( #2357, #785, #1095, #272 ) ) ;
#1750 = APPLICATION_PROTOCOL_DEFINITION ( 'international standard', 'config_control_design', 1994, #2744 ) ;
#1751 = DIRECTION ( 'NONE',  ( -1.000000000000000000, 0.000000000000000000, 6.505213034913037648E-15 ) ) ;
#1752 = LINE ( 'NONE', #2384, #3966 ) ;
#1753 = CARTESIAN_POINT ( 'NONE',  ( 0.4810555127546370380, -0.06000000000000000472, -0.3551250000564830089 ) ) ;
#1754 = ADVANCED_FACE ( 'NONE', ( #2733 ), #3990, .T. ) ;
#1755 = CARTESIAN_POINT ( 'NONE',  ( -2.846604824987382987, -5.059081103884319752, -5.000000000000000000 ) ) ;
#1756 = VERTEX_POINT ( 'NONE', #231 ) ;
#1757 = AXIS2_PLACEMENT_3D ( 'NONE', #1685, #361, #3798 ) ;
#1758 = CARTESIAN_POINT ( 'NONE',  ( 0.6350000000000000089, 0.06000000000000000472, -0.3551250000564840081 ) ) ;
#1759 = CARTESIAN_POINT ( 'NONE',  ( 0.5681785439136940452, -0.2464285714285714968, -0.3551250000564835640 ) ) ;
#1760 = VERTEX_POINT ( 'NONE', #3333 ) ;
#1761 = VERTEX_POINT ( 'NONE', #2430 ) ;
#1762 = ORIENTED_EDGE ( 'NONE', *, *, #3569, .T. ) ;
#1763 = CARTESIAN_POINT ( 'NONE',  ( 1.149999999999999911, -1.149999999999999911, -0.08502500005648770676 ) ) ;
#1764 = UNCERTAINTY_MEASURE_WITH_UNIT (LENGTH_MEASURE( 1.000000000000000082E-05 ), #3100, 'distance_accuracy_value', 'NONE');
#1765 = CARTESIAN_POINT ( 'NONE',  ( 1.149999999999999911, -1.149999999999999911, -0.08502500005648770676 ) ) ;
#1766 = ORIENTED_EDGE ( 'NONE', *, *, #1939, .F. ) ;
#1767 = SHAPE_DEFINITION_REPRESENTATION ( #1113, #2143 ) ;
#1768 = EDGE_CURVE ( 'NONE', #1683, #1338, #884, .T. ) ;
#1769 = CARTESIAN_POINT ( 'NONE',  ( -2.846604824987382987, -5.059081103884319752, -5.000000000000000000 ) ) ;
#1770 = CARTESIAN_POINT ( 'NONE',  ( 0.1149999999999967992, -0.07499999999999999722, -0.3551250000564805109 ) ) ;
#1771 = CARTESIAN_POINT ( 'NONE',  ( -0.6835572876454348856, 13.04305003945616726, 5.000000000000000000 ) ) ;
#1772 = AXIS2_PLACEMENT_3D ( 'NONE', #3645, #2149, #2081 ) ;
#1773 = CC_DESIGN_PERSON_AND_ORGANIZATION_ASSIGNMENT ( #3366, #3034, ( #3641 ) ) ;
#1774 = DIRECTION ( 'NONE',  ( 1.000000000000000000, 0.000000000000000000, -6.982962677686270655E-15 ) ) ;
#1775 = ORIENTED_EDGE ( 'NONE', *, *, #1503, .T. ) ;
#1776 = DIRECTION ( 'NONE',  ( -1.000000000000000000, 0.000000000000000000, 6.505213034913037648E-15 ) ) ;
#1777 = CARTESIAN_POINT ( 'NONE',  ( 0.3200000000000000067, 0.2849999999999999756, -0.3551250000564818432 ) ) ;
#1778 = VERTEX_POINT ( 'NONE', #4036 ) ;
#1779 = VERTEX_POINT ( 'NONE', #2125 ) ;
#1780 = ORIENTED_EDGE ( 'NONE', *, *, #3195, .T. ) ;
#1781 = CARTESIAN_POINT ( 'NONE',  ( 0.6350000000000000089, 0.5199999999999999067, -0.3551250000564840081 ) ) ;
#1782 = CARTESIAN_POINT ( 'NONE',  ( 0.3099999999999999978, 0.5950000000000000844, -0.3549999999999999822 ) ) ;
#1783 = VERTEX_POINT ( 'NONE', #3086 ) ;
#1784 = CIRCLE ( 'NONE', #2113, 0.02499999999999999792 ) ;
#1785 = APPROVAL_ROLE ( '' ) ;
#1786 = CIRCLE ( 'NONE', #2052, 0.02499999999999995628 ) ;
#1787 = DIRECTION ( 'NONE',  ( 7.228014483236690442E-15, 0.000000000000000000, 1.000000000000000000 ) ) ;
#1788 = ORIENTED_EDGE ( 'NONE', *, *, #3774, .F. ) ;
#1789 = CARTESIAN_POINT ( 'NONE',  ( 0.2249999999999970079, 1.219727444046191995E-16, -0.3551250000564813991 ) ) ;
#1790 = CIRCLE ( 'NONE', #2636, 0.02499999999999999792 ) ;
#1791 = CARTESIAN_POINT ( 'NONE',  ( 0.2750000000000000222, -0.2849999999999999756, -0.3549999999999999822 ) ) ;
#1792 = LINE ( 'NONE', #3685, #3553 ) ;
#1793 = EDGE_CURVE ( 'NONE', #1663, #2575, #1536, .T. ) ;
#1794 = ADVANCED_FACE ( 'NONE', ( #1892 ), #2245, .T. ) ;
#1795 = ADVANCED_FACE ( 'NONE', ( #3144 ), #1324, .F. ) ;
#1796 = ORIENTED_EDGE ( 'NONE', *, *, #528, .F. ) ;
#1797 = LINE ( 'NONE', #558, #3275 ) ;
#1798 = LINE ( 'NONE', #1777, #3551 ) ;
#1799 = VERTEX_POINT ( 'NONE', #2204 ) ;
#1800 = APPROVAL_PERSON_ORGANIZATION ( #2645, #280, #94 ) ;
#1801 = VERTEX_POINT ( 'NONE', #328 ) ;
#1802 = CIRCLE ( 'NONE', #3177, 0.02500000000000001180 ) ;
#1803 = VERTEX_POINT ( 'NONE', #2854 ) ;
#1804 = AXIS2_PLACEMENT_3D ( 'NONE', #631, #1905, #1240 ) ;
#1805 = DIRECTION ( 'NONE',  ( 6.982962677686270655E-15, 0.000000000000000000, 1.000000000000000000 ) ) ;
#1806 = CARTESIAN_POINT ( 'NONE',  ( 0.1149999999999972017, 0.2250000000000000056, -0.3549999999999999822 ) ) ;
#1807 = ORIENTED_EDGE ( 'NONE', *, *, #2996, .T. ) ;
#1808 = APPROVAL_ROLE ( '' ) ;
#1809 = ORGANIZATION ( 'NAUO-ORG1', 'UNSPECIFIED', 'UNSPECIFIED' ) ;
#1810 = CARTESIAN_POINT ( 'NONE',  ( 0.1749999999999969913, -0.05000000000000000278, -0.3551250000564810660 ) ) ;
#1811 = LINE ( 'NONE', #3723, #3866 ) ;
#1812 = ORIENTED_EDGE ( 'NONE', *, *, #277, .F. ) ;
#1813 = DIRECTION ( 'NONE',  ( 1.000000000000000000, 0.000000000000000000, -6.505213034913037648E-15 ) ) ;
#1814 = DIRECTION ( 'NONE',  ( 1.000000000000000000, 0.000000000000000000, -6.505213034913023449E-15 ) ) ;
#1815 = DIRECTION ( 'NONE',  ( -1.000000000000000000, 0.000000000000000000, 6.505213034913037648E-15 ) ) ;
#1816 = ORIENTED_EDGE ( 'NONE', *, *, #2839, .F. ) ;
#1817 = EDGE_CURVE ( 'NONE', #4025, #911, #1246, .T. ) ;
#1818 = EDGE_CURVE ( 'NONE', #1726, #3673, #1593, .T. ) ;
#1819 = DIRECTION ( 'NONE',  ( 6.982962677686270655E-15, 0.000000000000000000, 1.000000000000000000 ) ) ;
#1820 = CARTESIAN_POINT ( 'NONE',  ( 0.3551250000556511188, -1.237747038088879550E-13, 5.000000000000000000 ) ) ;
#1821 = ORIENTED_EDGE ( 'NONE', *, *, #3900, .F. ) ;
#1822 = ORIENTED_EDGE ( 'NONE', *, *, #3847, .F. ) ;
#1823 = ORIENTED_EDGE ( 'NONE', *, *, #1551, .T. ) ;
#1824 = LINE ( 'NONE', #3072, #176 ) ;
#1825 = DIRECTION ( 'NONE',  ( 1.000000000000000000, -1.885568995626964780E-16, -6.982962677686270655E-15 ) ) ;
#1826 = EDGE_LOOP ( 'NONE', ( #2883, #1807, #3169, #3506, #2528, #3276, #4018, #1202, #256, #450, #3852, #274 ) ) ;
#1827 = DIRECTION ( 'NONE',  ( 1.000000000000000000, 0.000000000000000000, -6.505213034913027393E-15 ) ) ;
#1828 = DIRECTION ( 'NONE',  ( 1.000000000000000000, 4.401757866934369622E-17, 0.000000000000000000 ) ) ;
#1829 = MANIFOLD_SOLID_BREP ( 'Saliente-Extruir1', #2552 ) ;
#1830 = ORIENTED_EDGE ( 'NONE', *, *, #1369, .T. ) ;
#1831 = DIRECTION ( 'NONE',  ( -0.9999999999999998890, -8.480254731125876908E-29, 0.000000000000000000 ) ) ;
#1832 = LINE ( 'NONE', #324, #996 ) ;
#1833 = PLANE ( 'NONE',  #2624 ) ;
#1834 = ORIENTED_EDGE ( 'NONE', *, *, #1282, .T. ) ;
#1835 = VECTOR ( 'NONE', #3537, 1000.000000000000000 ) ;
#1836 = DIRECTION ( 'NONE',  ( 1.000000000000000000, 0.000000000000000000, -6.505213034913037648E-15 ) ) ;
#1837 = DIRECTION ( 'NONE',  ( 0.000000000000000000, 1.000000000000000000, 0.000000000000000000 ) ) ;
#1838 = VECTOR ( 'NONE', #283, 1000.000000000000000 ) ;
#1839 = VERTEX_POINT ( 'NONE', #43 ) ;
#1840 = EDGE_CURVE ( 'NONE', #154, #3335, #62, .T. ) ;
#1841 = ORIENTED_EDGE ( 'NONE', *, *, #1623, .T. ) ;
#1842 = CARTESIAN_POINT ( 'NONE',  ( 0.3099999999999999978, 0.5950000000000000844, -0.3549999999999999822 ) ) ;
#1843 = CARTESIAN_POINT ( 'NONE',  ( -1.149999999999999911, 1.149999999999999911, -0.08502500005647170567 ) ) ;
#1844 = AXIS2_PLACEMENT_3D ( 'NONE', #652, #935, #1814 ) ;
#1845 = EDGE_CURVE ( 'NONE', #864, #1041, #2569, .T. ) ;
#1846 = ORIENTED_EDGE ( 'NONE', *, *, #425, .F. ) ;
#1847 = EDGE_CURVE ( 'NONE', #3358, #4038, #1288, .T. ) ;
#1848 = CC_DESIGN_DATE_AND_TIME_ASSIGNMENT ( #2725, #3984, ( #3423 ) ) ;
#1849 = CARTESIAN_POINT ( 'NONE',  ( 0.2599999999999999534, -0.5699999999999999512, -0.3551250000564815656 ) ) ;
#1850 = LINE ( 'NONE', #814, #1838 ) ;
#1851 = VERTEX_POINT ( 'NONE', #1613 ) ;
#1852 = FACE_OUTER_BOUND ( 'NONE', #1900, .T. ) ;
#1853 = AXIS2_PLACEMENT_3D ( 'NONE', #3402, #2723, #3073 ) ;
#1854 = LINE ( 'NONE', #3764, #3085 ) ;
#1855 = CARTESIAN_POINT ( 'NONE',  ( -23.03592114560350268, 11.87161228793415191, -5.000000000000000000 ) ) ;
#1856 = AXIS2_PLACEMENT_3D ( 'NONE', #1914, #2816, #346 ) ;
#1857 = EDGE_LOOP ( 'NONE', ( #455, #2682, #841, #2398 ) ) ;
#1858 = CARTESIAN_POINT ( 'NONE',  ( 0.1149999999999967992, -0.07499999999999999722, -0.3551250000564805109 ) ) ;
#1859 = DIRECTION ( 'NONE',  ( 1.000000000000000000, 0.000000000000000000, -6.505213034913023449E-15 ) ) ;
#1860 = VERTEX_POINT ( 'NONE', #2795 ) ;
#1861 = DIRECTION ( 'NONE',  ( 7.228014483236690442E-15, 0.000000000000000000, 1.000000000000000000 ) ) ;
#1862 = LINE ( 'NONE', #3030, #1926 ) ;
#1863 = DIRECTION ( 'NONE',  ( 6.505213034913021082E-15, 0.000000000000000000, 1.000000000000000000 ) ) ;
#1864 = EDGE_LOOP ( 'NONE', ( #765, #2407, #3200, #3274 ) ) ;
#1865 = VECTOR ( 'NONE', #1744, 1000.000000000000000 ) ;
#1866 = ADVANCED_FACE ( 'NONE', ( #3187 ), #1303, .T. ) ;
#1867 = FACE_OUTER_BOUND ( 'NONE', #2061, .T. ) ;
#1868 = EDGE_CURVE ( 'NONE', #1338, #3959, #2811, .T. ) ;
#1870 = ADVANCED_FACE ( 'NONE', ( #979 ), #1266, .F. ) ;
#1869 = PLANE ( 'NONE',  #3277 ) ;
#1871 = APPROVAL_PERSON_ORGANIZATION ( #1177, #451, #1808 ) ;
#1872 = VERTEX_POINT ( 'NONE', #3822 ) ;
#1873 =( NAMED_UNIT ( * ) PLANE_ANGLE_UNIT ( ) SI_UNIT ( $, .RADIAN. ) );
#1874 = CARTESIAN_POINT ( 'NONE',  ( -23.03592114560350268, 11.54013782009829825, 5.000000000000000000 ) ) ;
#1875 = DIRECTION ( 'NONE',  ( -6.505213034913021082E-15, 0.000000000000000000, -1.000000000000000000 ) ) ;
#1876 = PLANE ( 'NONE',  #212 ) ;
#1877 = CARTESIAN_POINT ( 'NONE',  ( 0.1149999999999969935, -0.6199999999999999956, -0.3551250000564805109 ) ) ;
#1878 = ORIENTED_EDGE ( 'NONE', *, *, #3546, .F. ) ;
#1879 = DIRECTION ( 'NONE',  ( 0.000000000000000000, -1.000000000000000000, 0.000000000000000000 ) ) ;
#1880 = CYLINDRICAL_SURFACE ( 'NONE', #3288, 0.02500000000000001180 ) ;
#1881 = EDGE_LOOP ( 'NONE', ( #969, #2158, #177, #3836 ) ) ;
#1882 = EDGE_LOOP ( 'NONE', ( #480, #3182, #2085, #704 ) ) ;
#1883 = CARTESIAN_POINT ( 'NONE',  ( 0.3350000000000000200, -0.5950000000000000844, -0.3551250000564820097 ) ) ;
#1884 = CARTESIAN_POINT ( 'NONE',  ( 0.2518214560863000218, 0.2464285714285714968, -0.3551250000564815656 ) ) ;
#1885 = EDGE_LOOP ( 'NONE', ( #1922, #2028, #2754, #3763 ) ) ;
#1886 = DIRECTION ( 'NONE',  ( 1.000000000000000000, 0.000000000000000000, -6.505213034913023449E-15 ) ) ;
#1887 = AXIS2_PLACEMENT_3D ( 'NONE', #2852, #2524, #444 ) ;
#1888 = EDGE_CURVE ( 'NONE', #2619, #4025, #3671, .T. ) ;
#1889 = DIRECTION ( 'NONE',  ( -1.000000000000000000, 1.885568995626964780E-16, 6.982962677686270655E-15 ) ) ;
#1890 = CARTESIAN_POINT ( 'NONE',  ( -69.88413394276419410, -40.47183154957589579, 5.000000000000000000 ) ) ;
#1891 = PRODUCT_RELATED_PRODUCT_CATEGORY ( 'detail', '', ( #854 ) ) ;
#1892 = FACE_OUTER_BOUND ( 'NONE', #1826, .T. ) ;
#1893 = DIRECTION ( 'NONE',  ( 1.885568995626964780E-16, 1.000000000000000000, -1.316685792266546124E-30 ) ) ;
#1894 = ORIENTED_EDGE ( 'NONE', *, *, #99, .T. ) ;
#1895 = DIRECTION ( 'NONE',  ( -0.000000000000000000, -0.000000000000000000, -1.000000000000000000 ) ) ;
#1896 = CIRCLE ( 'NONE', #2614, 0.02500000000000001180 ) ;
#1897 = DIRECTION ( 'NONE',  ( 1.000000000000000000, 0.000000000000000000, -6.505213034913037648E-15 ) ) ;
#1898 = VERTEX_POINT ( 'NONE', #3167 ) ;
#1899 = AXIS2_PLACEMENT_3D ( 'NONE', #1649, #1950, #3513 ) ;
#1900 = EDGE_LOOP ( 'NONE', ( #3386, #3980, #968, #1305 ) ) ;
#1901 = FACE_OUTER_BOUND ( 'NONE', #3055, .T. ) ;
#1902 = AXIS2_PLACEMENT_3D ( 'NONE', #2808, #1889, #1262 ) ;
#1903 = FACE_OUTER_BOUND ( 'NONE', #647, .T. ) ;
#1904 = EDGE_LOOP ( 'NONE', ( #3729, #2174, #1061, #2049 ) ) ;
#1905 = DIRECTION ( 'NONE',  ( -0.9999999999999998890, -8.480254731125876908E-29, 0.000000000000000000 ) ) ;
#1906 = VECTOR ( 'NONE', #2240, 1000.000000000000000 ) ;
#1907 = CARTESIAN_POINT ( 'NONE',  ( -0.3800226277564004440, 2.155215419837634983, 5.000000000000000000 ) ) ;
#1908 = ADVANCED_FACE ( 'NONE', ( #4 ), #1876, .T. ) ;
#1909 = DIRECTION ( 'NONE',  ( -1.000000000000000000, 0.000000000000000000, 7.228014483236693597E-15 ) ) ;
#1910 = AXIS2_PLACEMENT_3D ( 'NONE', #3340, #3280, #484 ) ;
#1911 = ADVANCED_FACE ( 'NONE', ( #1633 ), #1017, .T. ) ;
#1912 = DIRECTION ( 'NONE',  ( -6.505213034913040804E-15, 0.000000000000000000, -1.000000000000000000 ) ) ;
#1913 = ADVANCED_FACE ( 'NONE', ( #2187 ), #2642, .F. ) ;
#1914 = CARTESIAN_POINT ( 'NONE',  ( 0.000000000000000000, 0.000000000000000000, -5.000000000000000000 ) ) ;
#1915 = EDGE_CURVE ( 'NONE', #4000, #2189, #3743, .T. ) ;
#1916 = ORIENTED_EDGE ( 'NONE', *, *, #3928, .F. ) ;
#1917 = DATE_TIME_ROLE ( 'classification_date' ) ;
#1918 = VECTOR ( 'NONE', #3269, 1000.000000000000000 ) ;
#1919 = CARTESIAN_POINT ( 'NONE',  ( -23.03592114560350268, 11.87161228793415191, 5.000000000000000000 ) ) ;
#1920 = CARTESIAN_POINT ( 'NONE',  ( 0.6350000000000000089, 0.06000000000000000472, -0.3551250000564840081 ) ) ;
#1921 = ORIENTED_EDGE ( 'NONE', *, *, #1746, .T. ) ;
#1922 = ORIENTED_EDGE ( 'NONE', *, *, #3418, .F. ) ;
#1923 = DIRECTION ( 'NONE',  ( 0.000000000000000000, 1.000000000000000000, 0.000000000000000000 ) ) ;
#1924 = FACE_OUTER_BOUND ( 'NONE', #2070, .T. ) ;
#1925 = VERTEX_POINT ( 'NONE', #191 ) ;
#1926 = VECTOR ( 'NONE', #3719, 1000.000000000000000 ) ;
#1927 =( NAMED_UNIT ( * ) PLANE_ANGLE_UNIT ( ) SI_UNIT ( $, .RADIAN. ) );
#1928 = AXIS2_PLACEMENT_3D ( 'NONE', #3486, #462, #443 ) ;
#1929 = AXIS2_PLACEMENT_3D ( 'NONE', #358, #1584, #2904 ) ;
#1930 = DIRECTION ( 'NONE',  ( -0.000000000000000000, -0.000000000000000000, -1.000000000000000000 ) ) ;
#1931 = APPROVAL_PERSON_ORGANIZATION ( #1052, #3223, #3548 ) ;
#1932 = DIRECTION ( 'NONE',  ( -6.505213034913021082E-15, 0.000000000000000000, -1.000000000000000000 ) ) ;
#1933 = DIRECTION ( 'NONE',  ( 6.505213034913030548E-15, 0.000000000000000000, 1.000000000000000000 ) ) ;
#1934 = DIRECTION ( 'NONE',  ( 6.505213034913021082E-15, 0.000000000000000000, 1.000000000000000000 ) ) ;
#1935 = VECTOR ( 'NONE', #2302, 1000.000000000000000 ) ;
#1936 = DIRECTION ( 'NONE',  ( 0.000000000000000000, 0.000000000000000000, 1.000000000000000000 ) ) ;
#1937 = VERTEX_POINT ( 'NONE', #713 ) ;
#1938 = COORDINATED_UNIVERSAL_TIME_OFFSET ( 1, 0, .AHEAD. ) ;
#1939 = EDGE_CURVE ( 'NONE', #3207, #1510, #2486, .T. ) ;
#1940 = LINE ( 'NONE', #3191, #3638 ) ;
#1941 = DIRECTION ( 'NONE',  ( 6.505213034913040804E-15, 0.000000000000000000, 1.000000000000000000 ) ) ;
#1942 = VERTEX_POINT ( 'NONE', #1974 ) ;
#1943 = ORIENTED_EDGE ( 'NONE', *, *, #2633, .T. ) ;
#1944 = DIRECTION ( 'NONE',  ( 6.982962677686270655E-15, 0.000000000000000000, 1.000000000000000000 ) ) ;
#1945 = DIRECTION ( 'NONE',  ( -6.505213034913021082E-15, 0.000000000000000000, -1.000000000000000000 ) ) ;
#1946 = ORIENTED_EDGE ( 'NONE', *, *, #2269, .F. ) ;
#1947 = PERSON_AND_ORGANIZATION ( #339, #2388 ) ;
#1948 = DIRECTION ( 'NONE',  ( -1.000000000000000000, 0.000000000000000000, 6.982962677686270655E-15 ) ) ;
#1949 = LINE ( 'NONE', #3123, #3909 ) ;
#1950 = DIRECTION ( 'NONE',  ( 7.228014483236690442E-15, 0.000000000000000000, 1.000000000000000000 ) ) ;
#1951 = DIRECTION ( 'NONE',  ( 6.982962677686270655E-15, 0.000000000000000000, 1.000000000000000000 ) ) ;
#1952 = CARTESIAN_POINT ( 'NONE',  ( -23.03592114560350268, 0.000000000000000000, 5.000000000000000000 ) ) ;
#1953 = ORIENTED_EDGE ( 'NONE', *, *, #2219, .T. ) ;
#1954 = APPROVAL_DATE_TIME ( #716, #1599 ) ;
#1955 = LINE ( 'NONE', #1004, #3171 ) ;
#1956 = DIRECTION ( 'NONE',  ( 6.505213034913040804E-15, 0.000000000000000000, 1.000000000000000000 ) ) ;
#1957 = EDGE_CURVE ( 'NONE', #1581, #1520, #493, .T. ) ;
#1958 = ORIENTED_EDGE ( 'NONE', *, *, #1452, .T. ) ;
#1959 = EDGE_CURVE ( 'NONE', #2418, #3026, #778, .T. ) ;
#1960 = ORIENTED_EDGE ( 'NONE', *, *, #3795, .T. ) ;
#1961 = AXIS2_PLACEMENT_3D ( 'NONE', #655, #386, #2526 ) ;
#1962 = EDGE_LOOP ( 'NONE', ( #2296, #3497, #644, #3077 ) ) ;
#1963 = CYLINDRICAL_SURFACE ( 'NONE', #2846, 0.02500000000000001180 ) ;
#1965 = EDGE_CURVE ( 'NONE', #2619, #2394, #2349, .T. ) ;
#1964 = DIRECTION ( 'NONE',  ( 1.084202172485509956E-15, -1.000000000000000000, -7.570943305532690793E-30 ) ) ;
#1966 = EDGE_CURVE ( 'NONE', #3466, #2124, #1365, .T. ) ;
#1967 = ADVANCED_FACE ( 'NONE', ( #2981, #2016, #1688, #1435, #145, #1386 ), #3594, .T. ) ;
#1968 = ORIENTED_EDGE ( 'NONE', *, *, #3270, .F. ) ;
#1969 = APPROVAL_STATUS ( 'not_yet_approved' ) ;
#1970 = VECTOR ( 'NONE', #3660, 1000.000000000000000 ) ;
#1971 = DIRECTION ( 'NONE',  ( 0.6819983588408874420, -0.7313537027583412176, 0.000000000000000000 ) ) ;
#1972 = LINE ( 'NONE', #2033, #1285 ) ;
#1973 = LINE ( 'NONE', #1119, #3943 ) ;
#1974 = CARTESIAN_POINT ( 'NONE',  ( -1.394874999943561011, 1.976269565185000854, 5.000000000000000000 ) ) ;
#1975 = CARTESIAN_POINT ( 'NONE',  ( 0.1749999999999974909, 0.05000000000000000278, -0.3549999999999999822 ) ) ;
#1976 = CIRCLE ( 'NONE', #3023, 0.02499999999999995628 ) ;
#1977 = ORIENTED_EDGE ( 'NONE', *, *, #1501, .T. ) ;
#1978 = ITEM_DEFINED_TRANSFORMATION ( 'NONE', 'NONE', #3707,  #691 ) ;
#1979 = AXIS2_PLACEMENT_3D ( 'NONE', #3192, #2273, #2594 ) ;
#1980 = DIRECTION ( 'NONE',  ( -1.000000000000000000, 0.000000000000000000, 6.505213034913023449E-15 ) ) ;
#1981 = CARTESIAN_POINT ( 'NONE',  ( 0.2389444872453570234, -0.3200000000000000067, -0.3551250000564815656 ) ) ;
#1982 = ORIENTED_EDGE ( 'NONE', *, *, #625, .T. ) ;
#1983 = ORIENTED_EDGE ( 'NONE', *, *, #550, .F. ) ;
#1984 = AXIS2_PLACEMENT_3D ( 'NONE', #2099, #3950, #921 ) ;
#1985 = ORIENTED_EDGE ( 'NONE', *, *, #3872, .T. ) ;
#1986 = CARTESIAN_POINT ( 'NONE',  ( 0.08999999999999680478, -0.2250000000000000056, -0.3551250000564805109 ) ) ;
#1987 = FACE_OUTER_BOUND ( 'NONE', #722, .T. ) ;
#1988 = ORIENTED_EDGE ( 'NONE', *, *, #2515, .F. ) ;
#1989 = MECHANICAL_CONTEXT ( 'NONE', #3454, 'mechanical' ) ;
#1990 = EDGE_CURVE ( 'NONE', #3258, #3812, #3606, .T. ) ;
#1991 = EDGE_CURVE ( 'NONE', #1500, #1029, #1121, .T. ) ;
#1992 = EDGE_CURVE ( 'NONE', #849, #941, #3205, .T. ) ;
#1993 = DIRECTION ( 'NONE',  ( 0.000000000000000000, 1.000000000000000000, 0.000000000000000000 ) ) ;
#1994 = FACE_OUTER_BOUND ( 'NONE', #2571, .T. ) ;
#1995 = PERSON ( 'NAUO-PER2', 'UNSPECIFIED', 'UNSPECIFIED', ('UNSPECIFIED'), ('UNSPECIFIED'), ('UNSPECIFIED') ) ;
#1996 = AXIS2_PLACEMENT_3D ( 'NONE', #2156, #3338, #912 ) ;
#1997 = CIRCLE ( 'NONE', #1608, 0.02500000000000001180 ) ;
#1998 = DIRECTION ( 'NONE',  ( -1.000000000000000000, 0.000000000000000000, 6.505213034913027393E-15 ) ) ;
#1999 = DIRECTION ( 'NONE',  ( -1.000000000000000000, 0.000000000000000000, 6.982962677686270655E-15 ) ) ;
#2000 = DIRECTION ( 'NONE',  ( -6.505213034913040804E-15, 0.000000000000000000, -1.000000000000000000 ) ) ;
#2001 = SECURITY_CLASSIFICATION ( '', '', #2934 ) ;
#2002 = ORIENTED_EDGE ( 'NONE', *, *, #1198, .T. ) ;
#2003 = EDGE_CURVE ( 'NONE', #1510, #498, #469, .T. ) ;
#2004 = LINE ( 'NONE', #3253, #1153 ) ;
#2005 = DIRECTION ( 'NONE',  ( 6.505213034913021082E-15, 0.000000000000000000, 1.000000000000000000 ) ) ;
#2006 = ORIENTED_EDGE ( 'NONE', *, *, #2809, .F. ) ;
#2007 = VERTEX_POINT ( 'NONE', #1672 ) ;
#2008 = ORIENTED_EDGE ( 'NONE', *, *, #53, .F. ) ;
#2009 = CARTESIAN_POINT ( 'NONE',  ( 0.4850000000000000422, -0.6199999999999999956, -0.3549999999999999822 ) ) ;
#2010 = DIRECTION ( 'NONE',  ( 1.000000000000000000, 0.000000000000000000, -6.505213034913023449E-15 ) ) ;
#2011 = ORIENTED_EDGE ( 'NONE', *, *, #3597, .F. ) ;
#2012 = CARTESIAN_POINT ( 'NONE',  ( 0.4681785439136939564, -0.03857142857142845799, -0.3551250000564830089 ) ) ;
#2013 = FACE_OUTER_BOUND ( 'NONE', #842, .T. ) ;
#2014 = EDGE_CURVE ( 'NONE', #3644, #2942, #1314, .T. ) ;
#2015 = DIRECTION ( 'NONE',  ( 7.228014483236690442E-15, 0.000000000000000000, 1.000000000000000000 ) ) ;
#2016 = FACE_BOUND ( 'NONE', #2830, .T. ) ;
#2017 = LINE ( 'NONE', #2285, #1918 ) ;
#2018 = ORIENTED_EDGE ( 'NONE', *, *, #1020, .F. ) ;
#2019 = CC_DESIGN_PERSON_AND_ORGANIZATION_ASSIGNMENT ( #3623, #1126, ( #3711 ) ) ;
#2020 = PRODUCT_DEFINITION_SHAPE ( 'NONE', 'NONE',  #4047 ) ;
#2021 = PLANE ( 'NONE',  #468 ) ;
#2022 = DIRECTION ( 'NONE',  ( 6.505213034913021082E-15, 0.000000000000000000, 1.000000000000000000 ) ) ;
#2023 = ORIENTED_EDGE ( 'NONE', *, *, #701, .F. ) ;
#2024 = ORIENTED_EDGE ( 'NONE', *, *, #997, .T. ) ;
#2025 = VERTEX_POINT ( 'NONE', #104 ) ;
#2026 = DIRECTION ( 'NONE',  ( 6.982962677686270655E-15, 0.000000000000000000, 1.000000000000000000 ) ) ;
#2027 = FACE_OUTER_BOUND ( 'NONE', #3875, .T. ) ;
#2028 = ORIENTED_EDGE ( 'NONE', *, *, #2692, .F. ) ;
#2029 = CALENDAR_DATE ( 2026, 26, 8 ) ;
#2030 = AXIS2_PLACEMENT_3D ( 'NONE', #3783, #3514, #3766 ) ;
#2031 = CYLINDRICAL_SURFACE ( 'NONE', #977, 0.02499999999999995628 ) ;
#2032 = VECTOR ( 'NONE', #894, 1000.000000000000000 ) ;
#2033 = CARTESIAN_POINT ( 'NONE',  ( 0.1749999999999974909, -0.05000000000000000278, -0.3549999999999999822 ) ) ;
#2034 = VECTOR ( 'NONE', #622, 1000.000000000000000 ) ;
#2035 = CARTESIAN_POINT ( 'NONE',  ( 1.149999999999999911, -1.149999999999999911, -0.08502500005648770676 ) ) ;
#2036 = CARTESIAN_POINT ( 'NONE',  ( 0.1749999999999969913, 1.219727444046191995E-16, -0.3551250000564810660 ) ) ;
#2037 = CIRCLE ( 'NONE', #2234, 0.04500000000000001221 ) ;
#2038 = DIRECTION ( 'NONE',  ( 6.505213034913021082E-15, 0.000000000000000000, 1.000000000000000000 ) ) ;
#2039 = ORIENTED_EDGE ( 'NONE', *, *, #3063, .F. ) ;
#2040 = EDGE_CURVE ( 'NONE', #471, #3938, #1579, .T. ) ;
#2041 = EDGE_CURVE ( 'NONE', #2862, #2375, #1706, .T. ) ;
#2042 = VECTOR ( 'NONE', #1103, 1000.000000000000000 ) ;
#2043 = EDGE_CURVE ( 'NONE', #3058, #2046, #3675, .T. ) ;
#2044 = DIRECTION ( 'NONE',  ( -1.000000000000000000, 0.000000000000000000, 6.982962677686270655E-15 ) ) ;
#2045 = DIRECTION ( 'NONE',  ( -1.000000000000000000, 0.000000000000000000, 6.505213034913027393E-15 ) ) ;
#2046 = VERTEX_POINT ( 'NONE', #3843 ) ;
#2047 = VERTEX_POINT ( 'NONE', #1058 ) ;
#2048 = CIRCLE ( 'NONE', #1067, 0.02500000000000001180 ) ;
#2049 = ORIENTED_EDGE ( 'NONE', *, *, #4026, .T. ) ;
#2050 = CARTESIAN_POINT ( 'NONE',  ( 0.5599999999999999423, -0.5199999999999999067, -0.3549999999999999822 ) ) ;
#2051 = DIRECTION ( 'NONE',  ( -0.000000000000000000, 1.000000000000000000, 0.000000000000000000 ) ) ;
#2052 = AXIS2_PLACEMENT_3D ( 'NONE', #1230, #232, #313 ) ;
#2053 = ORIENTED_EDGE ( 'NONE', *, *, #3870, .F. ) ;
#2054 = DATE_TIME_ROLE ( 'creation_date' ) ;
#2055 = DIRECTION ( 'NONE',  ( 6.982962677686270655E-15, 0.000000000000000000, 1.000000000000000000 ) ) ;
#2056 = CARTESIAN_POINT ( 'NONE',  ( 0.1149999999999969935, 0.3200000000000000067, -0.3549999999999999822 ) ) ;
#2057 = CARTESIAN_POINT ( 'NONE',  ( -0.07925871954190913393, -2.269672767682391790, -5.000000000000000000 ) ) ;
#2058 = DIRECTION ( 'NONE',  ( 6.982962677686270655E-15, 0.000000000000000000, 1.000000000000000000 ) ) ;
#2059 = FACE_OUTER_BOUND ( 'NONE', #2742, .T. ) ;
#2060 = B_SPLINE_CURVE_WITH_KNOTS ( 'NONE', 2,
 ( #2126, #2473, #3065 ),
 .UNSPECIFIED., .F., .F.,
 ( 3, 3 ),
 ( 0.4988120746294950059, 0.4994128454637969949 ),
 .UNSPECIFIED. ) ;
#2061 = EDGE_LOOP ( 'NONE', ( #2944, #2088, #170, #34 ) ) ;
#2062 = AXIS2_PLACEMENT_3D ( 'NONE', #2858, #2530, #49 ) ;
#2063 = AXIS2_PLACEMENT_3D ( 'NONE', #2138, #2116, #4043 ) ;
#2064 = DIRECTION ( 'NONE',  ( 1.000000000000000000, 0.000000000000000000, -6.505213034913023449E-15 ) ) ;
#2065 = APPROVAL_PERSON_ORGANIZATION ( #508, #3600, #850 ) ;
#2066 = DIRECTION ( 'NONE',  ( 1.000000000000000000, 0.000000000000000000, -6.982962677686270655E-15 ) ) ;
#2067 = ORIENTED_EDGE ( 'NONE', *, *, #1669, .T. ) ;
#2068 = ORIENTED_EDGE ( 'NONE', *, *, #2193, .T. ) ;
#2069 = EDGE_CURVE ( 'NONE', #1048, #556, #3554, .T. ) ;
#2070 = EDGE_LOOP ( 'NONE', ( #2720, #2735, #1696, #2595 ) ) ;
#2071 = DIRECTION ( 'NONE',  ( -1.000000000000000000, 0.000000000000000000, 6.505213034913027393E-15 ) ) ;
#2072 = DIRECTION ( 'NONE',  ( 6.982962677686270655E-15, 0.000000000000000000, 1.000000000000000000 ) ) ;
#2073 = ORIENTED_EDGE ( 'NONE', *, *, #2389, .T. ) ;
#2074 = CALENDAR_DATE ( 2026, 26, 8 ) ;
#2075 = CC_DESIGN_DATE_AND_TIME_ASSIGNMENT ( #3770, #65, ( #2134 ) ) ;
#2076 = CARTESIAN_POINT ( 'NONE',  ( 0.5599999999999999423, -0.5699999999999999512, -0.3551250000564835640 ) ) ;
#2077 = CARTESIAN_POINT ( 'NONE',  ( 0.2750000000000000222, 0.2849999999999999756, -0.3551250000564815656 ) ) ;
#2078 = CARTESIAN_POINT ( 'NONE',  ( 1.311137653702460107E-16, 1.563548512937645049E-16, 0.004974999943520330356 ) ) ;
#2079 = ORIENTED_EDGE ( 'NONE', *, *, #3496, .T. ) ;
#2080 = AXIS2_PLACEMENT_3D ( 'NONE', #3722, #2442, #3445 ) ;
#2081 = DIRECTION ( 'NONE',  ( -1.000000000000000000, 0.000000000000000000, 6.982962677686270655E-15 ) ) ;
#2082 = DIRECTION ( 'NONE',  ( 6.982962677686270655E-15, 0.000000000000000000, 1.000000000000000000 ) ) ;
#2083 = VERTEX_POINT ( 'NONE', #646 ) ;
#2084 = ORIENTED_EDGE ( 'NONE', *, *, #1966, .T. ) ;
#2085 = ORIENTED_EDGE ( 'NONE', *, *, #2838, .F. ) ;
#2086 = FACE_OUTER_BOUND ( 'NONE', #139, .T. ) ;
#2087 = DIRECTION ( 'NONE',  ( -1.000000000000000000, 0.000000000000000000, 6.505213034913027393E-15 ) ) ;
#2088 = ORIENTED_EDGE ( 'NONE', *, *, #1793, .F. ) ;
#2089 = APPROVAL_STATUS ( 'not_yet_approved' ) ;
#2090 = EDGE_CURVE ( 'NONE', #461, #2634, #2364, .T. ) ;
#2091 = DIRECTION ( 'NONE',  ( 6.505213034913040804E-15, 0.000000000000000000, 1.000000000000000000 ) ) ;
#2092 = ADVANCED_FACE ( 'NONE', ( #2481 ), #1869, .T. ) ;
#2093 = EDGE_CURVE ( 'NONE', #657, #1778, #1850, .T. ) ;
#2094 = VERTEX_POINT ( 'NONE', #321 ) ;
#2095 = CIRCLE ( 'NONE', #1309, 0.05000000000000002359 ) ;
#2096 = CARTESIAN_POINT ( 'NONE',  ( 0.1849999999999965006, -0.6199999999999999956, -0.3551250000564810660 ) ) ;
#2097 = CARTESIAN_POINT ( 'NONE',  ( 0.4850000000000000422, 0.6199999999999999956, -0.3549999999999999822 ) ) ;
#2098 = AXIS2_PLACEMENT_3D ( 'NONE', #611, #2770, #1220 ) ;
#2099 = CARTESIAN_POINT ( 'NONE',  ( 0.2389444872453574953, 0.2250000000000000056, -0.3549999999999999822 ) ) ;
#2100 = VECTOR ( 'NONE', #2669, 1000.000000000000000 ) ;
#2101 = ORIENTED_EDGE ( 'NONE', *, *, #3569, .F. ) ;
#2102 = EDGE_CURVE ( 'NONE', #2290, #2232, #2140, .T. ) ;
#2103 = AXIS2_PLACEMENT_3D ( 'NONE', #1791, #3593, #2366 ) ;
#2104 = DIRECTION ( 'NONE',  ( 6.505213034913030548E-15, 0.000000000000000000, 1.000000000000000000 ) ) ;
#2105 = PLANE ( 'NONE',  #1659 ) ;
#2106 = ORIENTED_EDGE ( 'NONE', *, *, #1117, .T. ) ;
#2107 = ORIENTED_EDGE ( 'NONE', *, *, #182, .T. ) ;
#2108 = VECTOR ( 'NONE', #3728, 1000.000000000000000 ) ;
#2109 = ORIENTED_EDGE ( 'NONE', *, *, #1342, .T. ) ;
#2110 = DIRECTION ( 'NONE',  ( -1.000000000000000000, 0.000000000000000000, 6.505213034913037648E-15 ) ) ;
#2111 = CARTESIAN_POINT ( 'NONE',  ( 0.2599999999999999534, 0.5699999999999999512, -0.3551250000564815656 ) ) ;
#2112 = EDGE_LOOP ( 'NONE', ( #1640, #2851, #214, #2845 ) ) ;
#2113 = AXIS2_PLACEMENT_3D ( 'NONE', #3465, #505, #2087 ) ;
#2114 = DATE_AND_TIME ( #3654, #1739 ) ;
#2115 = VECTOR ( 'NONE', #3823, 1000.000000000000000 ) ;
#2116 = DIRECTION ( 'NONE',  ( -6.505213034913021082E-15, 0.000000000000000000, -1.000000000000000000 ) ) ;
#2117 = VERTEX_POINT ( 'NONE', #1238 ) ;
#2118 = DIRECTION ( 'NONE',  ( 6.505213034913021082E-15, 0.000000000000000000, 1.000000000000000000 ) ) ;
#2119 = AXIS2_PLACEMENT_3D ( 'NONE', #3185, #2221, #634 ) ;
#2120 = EDGE_CURVE ( 'NONE', #1542, #2083, #3700, .T. ) ;
#2121 = ADVANCED_FACE ( 'NONE', ( #1530 ), #2463, .F. ) ;
#2122 = CARTESIAN_POINT ( 'NONE',  ( 0.08999999999999729050, 0.3449999999999999734, -0.3549999999999999822 ) ) ;
#2123 = CARTESIAN_POINT ( 'NONE',  ( 0.3551250000566972265, 3.001549528634499975, 5.000000000000000000 ) ) ;
#2124 = VERTEX_POINT ( 'NONE', #1200 ) ;
#2125 = CARTESIAN_POINT ( 'NONE',  ( 0.1149999999999969935, -0.3200000000000000067, -0.3549999999999999822 ) ) ;
#2126 = CARTESIAN_POINT ( 'NONE',  ( -2.846604824987382987, -5.059081103884319752, -5.000000000000000000 ) ) ;
#2127 = CIRCLE ( 'NONE', #2779, 0.02499999999999995628 ) ;
#2128 = EDGE_LOOP ( 'NONE', ( #2986, #517, #2107, #3509 ) ) ;
#2129 = VECTOR ( 'NONE', #189, 1000.000000000000000 ) ;
#2130 = VERTEX_POINT ( 'NONE', #15 ) ;
#2131 = EDGE_CURVE ( 'NONE', #2025, #538, #1896, .T. ) ;
#2132 = AXIS2_PLACEMENT_3D ( 'NONE', #2884, #3507, #664 ) ;
#2133 = ORIENTED_EDGE ( 'NONE', *, *, #3999, .T. ) ;
#2134 = SECURITY_CLASSIFICATION ( '', '', #699 ) ;
#2135 = DIRECTION ( 'NONE',  ( 6.505213034913040804E-15, 0.000000000000000000, 1.000000000000000000 ) ) ;
#2136 = DIRECTION ( 'NONE',  ( -0.6819983588408874420, 0.7313537027583412176, 0.000000000000000000 ) ) ;
#2137 = ORIENTED_EDGE ( 'NONE', *, *, #2990, .F. ) ;
#2138 = CARTESIAN_POINT ( 'NONE',  ( 0.3350000000000000200, -0.5950000000000000844, -0.3549999999999999822 ) ) ;
#2139 = VECTOR ( 'NONE', #2585, 1000.000000000000000 ) ;
#2140 = LINE ( 'NONE', #1566, #79 ) ;
#2141 = ORIENTED_EDGE ( 'NONE', *, *, #2809, .T. ) ;
#2142 = DIRECTION ( 'NONE',  ( 7.228014483236690442E-15, 0.000000000000000000, 1.000000000000000000 ) ) ;
#2143 = SHAPE_REPRESENTATION ( 'LUXEON HL2Z 3D', ( #691 ), #2712 ) ;
#2144 = FACE_OUTER_BOUND ( 'NONE', #599, .T. ) ;
#2145 = EDGE_CURVE ( 'NONE', #2355, #639, #4024, .T. ) ;
#2146 = CARTESIAN_POINT ( 'NONE',  ( 0.5810555127546370713, 0.2500000000000000000, -0.3551250000564840081 ) ) ;
#2147 = VERTEX_POINT ( 'NONE', #2199 ) ;
#2148 = EDGE_CURVE ( 'NONE', #4038, #198, #1811, .T. ) ;
#2149 = DIRECTION ( 'NONE',  ( -6.982962677686270655E-15, 0.000000000000000000, -1.000000000000000000 ) ) ;
#2150 = EDGE_CURVE ( 'NONE', #1048, #2007, #1519, .T. ) ;
#2151 = DIRECTION ( 'NONE',  ( -6.505213034913030548E-15, 0.000000000000000000, -1.000000000000000000 ) ) ;
#2152 = ORIENTED_EDGE ( 'NONE', *, *, #2817, .T. ) ;
#2153 = CC_DESIGN_PERSON_AND_ORGANIZATION_ASSIGNMENT ( #2665, #2402, ( #3423 ) ) ;
#2154 = ORIENTED_EDGE ( 'NONE', *, *, #2293, .T. ) ;
#2155 = ORIENTED_EDGE ( 'NONE', *, *, #1642, .T. ) ;
#2156 = CARTESIAN_POINT ( 'NONE',  ( 0.1849999999999970002, -0.5950000000000000844, -0.3551250000564810660 ) ) ;
#2157 = FACE_OUTER_BOUND ( 'NONE', #3383, .T. ) ;
#2158 = ORIENTED_EDGE ( 'NONE', *, *, #1369, .F. ) ;
#2159 = DIRECTION ( 'NONE',  ( 6.505213034913021082E-15, 0.000000000000000000, 1.000000000000000000 ) ) ;
#2160 = LINE ( 'NONE', #628, #279 ) ;
#2161 = VERTEX_POINT ( 'NONE', #3057 ) ;
#2162 = CARTESIAN_POINT ( 'NONE',  ( 0.000000000000000000, 0.000000000000000000, 0.000000000000000000 ) ) ;
#2163 = DIRECTION ( 'NONE',  ( 0.000000000000000000, 0.000000000000000000, -1.000000000000000000 ) ) ;
#2164 = CARTESIAN_POINT ( 'NONE',  ( 0.2389444872453574953, 0.2500000000000000000, -0.3549999999999999822 ) ) ;
#2165 = ORIENTED_EDGE ( 'NONE', *, *, #2150, .T. ) ;
#2166 = VECTOR ( 'NONE', #81, 1000.000000000000000 ) ;
#2167 = DIRECTION ( 'NONE',  ( 0.000000000000000000, 1.000000000000000000, 0.000000000000000000 ) ) ;
#2168 = DIRECTION ( 'NONE',  ( 6.505213034913021082E-15, 0.000000000000000000, 1.000000000000000000 ) ) ;
#2169 = VERTEX_POINT ( 'NONE', #263 ) ;
#2170 = EDGE_CURVE ( 'NONE', #3527, #3833, #3134, .T. ) ;
#2171 = EDGE_CURVE ( 'NONE', #1937, #2634, #917, .T. ) ;
#2172 = VECTOR ( 'NONE', #712, 1000.000000000000000 ) ;
#2173 = EDGE_CURVE ( 'NONE', #2007, #1170, #2160, .T. ) ;
#2174 = ORIENTED_EDGE ( 'NONE', *, *, #1272, .F. ) ;
#2175 = DIRECTION ( 'NONE',  ( 7.228014483236690442E-15, 0.000000000000000000, 1.000000000000000000 ) ) ;
#2176 = DIRECTION ( 'NONE',  ( -6.505213034913030548E-15, 0.000000000000000000, -1.000000000000000000 ) ) ;
#2177 = EDGE_LOOP ( 'NONE', ( #698, #1627, #3566, #3769 ) ) ;
#2178 = FACE_OUTER_BOUND ( 'NONE', #620, .T. ) ;
#2179 = CARTESIAN_POINT ( 'NONE',  ( 0.2389444872453579949, -0.3449999999999999734, -0.3549999999999999822 ) ) ;
#2180 = ORIENTED_EDGE ( 'NONE', *, *, #2, .F. ) ;
#2181 = DIRECTION ( 'NONE',  ( 6.505213034913021082E-15, 0.000000000000000000, 1.000000000000000000 ) ) ;
#2182 = EDGE_CURVE ( 'NONE', #2236, #2532, #149, .T. ) ;
#2183 = VECTOR ( 'NONE', #1401, 1000.000000000000000 ) ;
#2184 = CARTESIAN_POINT ( 'NONE',  ( 0.6350000000000000089, 0.3200000000000000067, -0.3549999999999999822 ) ) ;
#2185 = CARTESIAN_POINT ( 'NONE',  ( 0.08999999999999680478, -0.07499999999999999722, -0.3551250000564805109 ) ) ;
#2186 = AXIS2_PLACEMENT_3D ( 'NONE', #3893, #3315, #3581 ) ;
#2187 = FACE_OUTER_BOUND ( 'NONE', #1333, .T. ) ;
#2188 = CARTESIAN_POINT ( 'NONE',  ( 0.3551250000564473708, -2.284841781425449359, -5.000000000000000000 ) ) ;
#2189 = VERTEX_POINT ( 'NONE', #2828 ) ;
#2190 = DIRECTION ( 'NONE',  ( 1.000000000000000000, 4.373741005274489641E-16, 0.000000000000000000 ) ) ;
#2191 = PERSON ( 'NAUO-PER1', 'UNSPECIFIED', 'UNSPECIFIED', ('UNSPECIFIED'), ('UNSPECIFIED'), ('UNSPECIFIED') ) ;
#2192 = DIRECTION ( 'NONE',  ( -1.000000000000000000, 0.000000000000000000, 6.505213034913037648E-15 ) ) ;
#2193 = EDGE_CURVE ( 'NONE', #1741, #3994, #954, .T. ) ;
#2194 = VERTEX_POINT ( 'NONE', #1586 ) ;
#2195 = CIRCLE ( 'NONE', #3705, 0.05000000000000002359 ) ;
#2196 = AXIS2_PLACEMENT_3D ( 'NONE', #142, #1036, #773 ) ;
#2197 = ORIENTED_EDGE ( 'NONE', *, *, #2889, .F. ) ;
#2198 = DIRECTION ( 'NONE',  ( 6.982962677686270655E-15, 0.000000000000000000, 1.000000000000000000 ) ) ;
#2199 = CARTESIAN_POINT ( 'NONE',  ( 0.08999999999999680478, 0.3449999999999999734, -0.3551250000564805109 ) ) ;
#2200 = CC_DESIGN_SECURITY_CLASSIFICATION ( #3711, ( #4047 ) ) ;
#2201 = VERTEX_POINT ( 'NONE', #37 ) ;
#2202 = LINE ( 'NONE', #2122, #1322 ) ;
#2203 = DIRECTION ( 'NONE',  ( -1.000000000000000000, 0.000000000000000000, 0.000000000000000000 ) ) ;
#2204 = CARTESIAN_POINT ( 'NONE',  ( -0.1150000000000000050, 0.4000000000000000222, -0.3551250000564785125 ) ) ;
#2205 = CARTESIAN_POINT ( 'NONE',  ( 0.3200000000000000067, 0.2849999999999999756, -0.3551250000564818432 ) ) ;
#2206 = VERTEX_POINT ( 'NONE', #3572 ) ;
#2207 = CALENDAR_DATE ( 2026, 26, 8 ) ;
#2208 = CARTESIAN_POINT ( 'NONE',  ( -0.6350000000000000089, 0.4249999999999999889, -0.3551250000564750153 ) ) ;
#2209 = FACE_OUTER_BOUND ( 'NONE', #1499, .T. ) ;
#2210 = ORIENTED_EDGE ( 'NONE', *, *, #125, .T. ) ;
#2211 = VERTEX_POINT ( 'NONE', #933 ) ;
#2212 = CIRCLE ( 'NONE', #326, 0.04500000000000001221 ) ;
#2213 = CARTESIAN_POINT ( 'NONE',  ( 0.1149999999999972017, 0.5950000000000000844, -0.3549999999999999822 ) ) ;
#2214 = DIRECTION ( 'NONE',  ( 0.000000000000000000, 1.000000000000000000, 0.000000000000000000 ) ) ;
#2215 = ORIENTED_EDGE ( 'NONE', *, *, #1269, .T. ) ;
#2216 = CARTESIAN_POINT ( 'NONE',  ( 0.000000000000000000, 0.000000000000000000, 0.000000000000000000 ) ) ;
#2217 = EDGE_CURVE ( 'NONE', #1394, #1389, #1383, .T. ) ;
#2218 = EDGE_CURVE ( 'NONE', #64, #1741, #3218, .T. ) ;
#2219 = EDGE_CURVE ( 'NONE', #837, #1872, #3181, .T. ) ;
#2220 = LINE ( 'NONE', #1284, #2478 ) ;
#2221 = DIRECTION ( 'NONE',  ( 6.505213034913040804E-15, 0.000000000000000000, 1.000000000000000000 ) ) ;
#2222 = DIRECTION ( 'NONE',  ( 6.505213034913021082E-15, 0.000000000000000000, 1.000000000000000000 ) ) ;
#2223 = DIRECTION ( 'NONE',  ( -0.000000000000000000, -0.000000000000000000, -1.000000000000000000 ) ) ;
#2224 = EDGE_LOOP ( 'NONE', ( #1507, #663, #3944, #1692 ) ) ;
#2226 = AXIS2_PLACEMENT_3D ( 'NONE', #2408, #2104, #3378 ) ;
#2225 = PERSON_AND_ORGANIZATION ( #2191, #1809 ) ;
#2227 = CARTESIAN_POINT ( 'NONE',  ( -6.994875025828874548, 10.47738999221430234, 5.000000000000000000 ) ) ;
#2228 = VECTOR ( 'NONE', #1710, 1000.000000000000000 ) ;
#2229 = FACE_OUTER_BOUND ( 'NONE', #827, .T. ) ;
#2230 = ORIENTED_EDGE ( 'NONE', *, *, #473, .F. ) ;
#2231 = AXIS2_PLACEMENT_3D ( 'NONE', #190, #1473, #813 ) ;
#2232 = VERTEX_POINT ( 'NONE', #2298 ) ;
#2233 = CARTESIAN_POINT ( 'NONE',  ( -0.09000000000000249467, -0.4249999999999999889, -0.3551250000564790676 ) ) ;
#2234 = AXIS2_PLACEMENT_3D ( 'NONE', #2077, #2015, #3329 ) ;
#2235 = DIRECTION ( 'NONE',  ( 0.000000000000000000, 0.000000000000000000, -1.000000000000000000 ) ) ;
#2236 = VERTEX_POINT ( 'NONE', #665 ) ;
#2237 = SECURITY_CLASSIFICATION_LEVEL ( 'unclassified' ) ;
#2238 = VECTOR ( 'NONE', #2605, 1000.000000000000114 ) ;
#2239 = CARTESIAN_POINT ( 'NONE',  ( 0.3551250000566972265, 3.001549528634499975, -5.000000000000000000 ) ) ;
#2240 = DIRECTION ( 'NONE',  ( 6.982962677686270655E-15, 0.000000000000000000, 1.000000000000000000 ) ) ;
#2241 = EDGE_CURVE ( 'NONE', #2942, #616, #1010, .T. ) ;
#2242 = VECTOR ( 'NONE', #2969, 1000.000000000000000 ) ;
#2243 = CARTESIAN_POINT ( 'NONE',  ( 0.2750000000000000222, -0.2849999999999999756, -0.3549999999999999822 ) ) ;
#2244 = CIRCLE ( 'NONE', #2703, 0.02499999999999999792 ) ;
#2245 = PLANE ( 'NONE',  #3138 ) ;
#2246 = PLANE ( 'NONE',  #1856 ) ;
#2247 = ORIENTED_EDGE ( 'NONE', *, *, #2692, .T. ) ;
#2248 = DATE_AND_TIME ( #1596, #2261 ) ;
#2249 = PLANE ( 'NONE',  #2062 ) ;
#2250 = CARTESIAN_POINT ( 'NONE',  ( 0.6350000000000000089, -0.3449999999999999734, -0.3551250000564840081 ) ) ;
#2251 = ORIENTED_EDGE ( 'NONE', *, *, #529, .T. ) ;
#2252 = VERTEX_POINT ( 'NONE', #3199 ) ;
#2253 = CARTESIAN_POINT ( 'NONE',  ( 0.5810555127546370713, -0.3200000000000000067, -0.3551250000564840081 ) ) ;
#2254 = DIRECTION ( 'NONE',  ( 6.982962677686270655E-15, 0.000000000000000000, 1.000000000000000000 ) ) ;
#2255 = ORIENTED_EDGE ( 'NONE', *, *, #1397, .F. ) ;
#2256 = VECTOR ( 'NONE', #866, 1000.000000000000000 ) ;
#2257 = CALENDAR_DATE ( 2026, 26, 8 ) ;
#2258 = CIRCLE ( 'NONE', #2196, 0.02499999999999999792 ) ;
#2259 = AXIS2_PLACEMENT_3D ( 'NONE', #91, #1336, #2578 ) ;
#2260 = DIRECTION ( 'NONE',  ( 1.000000000000000000, 0.000000000000000000, 0.000000000000000000 ) ) ;
#2261 = LOCAL_TIME ( 11, 1, 48.00000000000000000, #2508 ) ;
#2262 = CARTESIAN_POINT ( 'NONE',  ( 0.4850000000000000422, 0.5950000000000000844, -0.3551250000564830089 ) ) ;
#2263 = CARTESIAN_POINT ( 'NONE',  ( -1.394874999943561011, 1.976269565185000854, 5.000000000000000000 ) ) ;
#2264 = ADVANCED_FACE ( 'NONE', ( #1903 ), #2520, .F. ) ;
#2265 = CARTESIAN_POINT ( 'NONE',  ( 0.4850000000000000422, -0.5950000000000000844, -0.3551250000564830089 ) ) ;
#2266 = DIRECTION ( 'NONE',  ( 0.000000000000000000, 1.000000000000000000, -0.000000000000000000 ) ) ;
#2267 = ORIENTED_EDGE ( 'NONE', *, *, #2170, .T. ) ;
#2268 = SECURITY_CLASSIFICATION_LEVEL ( 'unclassified' ) ;
#2269 = EDGE_CURVE ( 'NONE', #3698, #2619, #3355, .T. ) ;
#2270 = ADVANCED_FACE ( 'NONE', ( #1924 ), #2865, .F. ) ;
#2271 = CARTESIAN_POINT ( 'NONE',  ( 0.6600000000000000311, -0.06000000000000000472, -0.3551250000564845077 ) ) ;
#2272 = EDGE_CURVE ( 'NONE', #1514, #495, #3420, .T. ) ;
#2273 = DIRECTION ( 'NONE',  ( 6.505213034913040804E-15, 0.000000000000000000, 1.000000000000000000 ) ) ;
#2274 = ORIENTED_EDGE ( 'NONE', *, *, #3140, .F. ) ;
#2275 = ORIENTED_EDGE ( 'NONE', *, *, #123, .T. ) ;
#2276 = VERTEX_POINT ( 'NONE', #57 ) ;
#2277 = DIRECTION ( 'NONE',  ( 6.505213034913021082E-15, 0.000000000000000000, 1.000000000000000000 ) ) ;
#2278 = DIRECTION ( 'NONE',  ( -1.000000000000000000, 2.085004177856739808E-16, 6.982962677686270655E-15 ) ) ;
#2279 = ORIENTED_EDGE ( 'NONE', *, *, #425, .T. ) ;
#2280 = PERSON_AND_ORGANIZATION ( #339, #2388 ) ;
#2281 = CARTESIAN_POINT ( 'NONE',  ( -0.6835572876454348856, 13.04305003945616726, -5.000000000000000000 ) ) ;
#2282 = LINE ( 'NONE', #1686, #2139 ) ;
#2283 = CARTESIAN_POINT ( 'NONE',  ( 0.6600000000000000311, 0.2250000000000000056, -0.3550000000000045342 ) ) ;
#2284 = DIRECTION ( 'NONE',  ( 6.505213034913021082E-15, 0.000000000000000000, 1.000000000000000000 ) ) ;
#2285 = CARTESIAN_POINT ( 'NONE',  ( 0.08999999999999680478, -0.3449999999999999734, -0.3551250000564805109 ) ) ;
#2286 = ORIENTED_EDGE ( 'NONE', *, *, #3468, .F. ) ;
#2287 = APPROVAL_ROLE ( '' ) ;
#2288 = CYLINDRICAL_SURFACE ( 'NONE', #3078, 0.02500000000000001180 ) ;
#2289 = CYLINDRICAL_SURFACE ( 'NONE', #881, 0.02499999999999995628 ) ;
#2290 = VERTEX_POINT ( 'NONE', #1662 ) ;
#2291 = EDGE_CURVE ( 'NONE', #388, #2236, #707, .T. ) ;
#2292 = ORIENTED_EDGE ( 'NONE', *, *, #3291, .T. ) ;
#2293 = EDGE_CURVE ( 'NONE', #2332, #2868, #3793, .T. ) ;
#2294 = EDGE_CURVE ( 'NONE', #3644, #1756, #3526, .T. ) ;
#2295 = AXIS2_PLACEMENT_3D ( 'NONE', #2036, #3911, #448 ) ;
#2296 = ORIENTED_EDGE ( 'NONE', *, *, #577, .T. ) ;
#2297 = DIRECTION ( 'NONE',  ( 6.982962677686270655E-15, 0.000000000000000000, 1.000000000000000000 ) ) ;
#2298 = CARTESIAN_POINT ( 'NONE',  ( 0.6600000000000000311, -0.3449999999999999734, -0.3549999999999999822 ) ) ;
#2299 = ORIENTED_EDGE ( 'NONE', *, *, #1408, .T. ) ;
#2300 = CIRCLE ( 'NONE', #2815, 0.04999999999999999584 ) ;
#2301 = DIRECTION ( 'NONE',  ( -1.000000000000000000, 0.000000000000000000, 6.505213034913027393E-15 ) ) ;
#2302 = DIRECTION ( 'NONE',  ( -0.000000000000000000, -0.000000000000000000, -1.000000000000000000 ) ) ;
#2303 = VECTOR ( 'NONE', #1733, 1000.000000000000000 ) ;
#2304 = PLANE ( 'NONE',  #1582 ) ;
#2305 = DIRECTION ( 'NONE',  ( 6.982962677686270655E-15, 0.000000000000000000, 1.000000000000000000 ) ) ;
#2306 = CARTESIAN_POINT ( 'NONE',  ( -69.88413394276419410, -40.47183154957589579, -5.000000000000000000 ) ) ;
#2307 = AXIS2_PLACEMENT_3D ( 'NONE', #1806, #2176, #1487 ) ;
#2308 = ORIENTED_EDGE ( 'NONE', *, *, #3298, .T. ) ;
#2309 = CIRCLE ( 'NONE', #3693, 0.02499999999999999792 ) ;
#2310 = LINE ( 'NONE', #152, #1120 ) ;
#2311 = CYLINDRICAL_SURFACE ( 'NONE', #3424, 0.05000000000000002359 ) ;
#2312 = ORIENTED_EDGE ( 'NONE', *, *, #1450, .T. ) ;
#2313 = ORIENTED_EDGE ( 'NONE', *, *, #3063, .T. ) ;
#2314 = VECTOR ( 'NONE', #3229, 1000.000000000000000 ) ;
#2315 = VERTEX_POINT ( 'NONE', #747 ) ;
#2316 = DIRECTION ( 'NONE',  ( 0.000000000000000000, -1.000000000000000000, 0.000000000000000000 ) ) ;
#2317 = EDGE_CURVE ( 'NONE', #1170, #3255, #727, .T. ) ;
#2318 = CARTESIAN_POINT ( 'NONE',  ( 0.3099999999999999978, 0.5699999999999999512, -0.3551250000564820097 ) ) ;
#2319 = ORIENTED_EDGE ( 'NONE', *, *, #1342, .F. ) ;
#2320 = CALENDAR_DATE ( 2026, 26, 8 ) ;
#2321 = FACE_OUTER_BOUND ( 'NONE', #987, .T. ) ;
#2322 = AXIS2_PLACEMENT_3D ( 'NONE', #3695, #1540, #3651 ) ;
#2323 = CC_DESIGN_DATE_AND_TIME_ASSIGNMENT ( #350, #1917, ( #2327 ) ) ;
#2324 = DIRECTION ( 'NONE',  ( 6.982962677686270655E-15, 0.000000000000000000, 1.000000000000000000 ) ) ;
#2325 = VECTOR ( 'NONE', #1384, 1000.000000000000000 ) ;
#2326 = CIRCLE ( 'NONE', #572, 0.02499999999999999792 ) ;
#2327 = SECURITY_CLASSIFICATION ( '', '', #3749 ) ;
#2328 = CARTESIAN_POINT ( 'NONE',  ( 0.4810555127546370380, -0.03499999999999999639, -0.3551250000564830089 ) ) ;
#2329 = DIRECTION ( 'NONE',  ( 6.982962677686270655E-15, 0.000000000000000000, 1.000000000000000000 ) ) ;
#2330 = DIRECTION ( 'NONE',  ( -1.000000000000000000, 0.000000000000000000, 7.228014483236693597E-15 ) ) ;
#2331 = CC_DESIGN_APPROVAL ( #3019, ( #2001 ) ) ;
#2332 = VERTEX_POINT ( 'NONE', #3814 ) ;
#2333 = CYLINDRICAL_SURFACE ( 'NONE', #3433, 0.04500000000000001221 ) ;
#2334 = CARTESIAN_POINT ( 'NONE',  ( -18.94519211359817135, 7.540918895746568040, 5.000000000000000000 ) ) ;
#2335 = ORIENTED_EDGE ( 'NONE', *, *, #1097, .F. ) ;
#2336 = EDGE_LOOP ( 'NONE', ( #2053, #3341, #1652, #1276 ) ) ;
#2337 = ORIENTED_EDGE ( 'NONE', *, *, #2014, .T. ) ;
#2338 = CARTESIAN_POINT ( 'NONE',  ( 0.5100000000000000089, 0.5950000000000000844, -0.3551250000564835640 ) ) ;
#2339 = DIRECTION ( 'NONE',  ( -1.000000000000000000, -4.401757866934369622E-17, 6.982962677686270655E-15 ) ) ;
#2340 = ORIENTED_EDGE ( 'NONE', *, *, #1124, .F. ) ;
#2341 = PERSON_AND_ORGANIZATION ( #339, #2388 ) ;
#2342 = ADVANCED_FACE ( 'NONE', ( #1987 ), #1682, .T. ) ;
#2343 = CARTESIAN_POINT ( 'NONE',  ( 0.6350000000000000089, 0.03499999999999999639, -0.3551250000564840081 ) ) ;
#2344 = LINE ( 'NONE', #3591, #3045 ) ;
#2345 = EDGE_CURVE ( 'NONE', #1851, #2698, #2850, .T. ) ;
#2346 = ADVANCED_FACE ( 'NONE', ( #117 ), #1358, .F. ) ;
#2347 = EDGE_CURVE ( 'NONE', #1413, #1260, #3484, .T. ) ;
#2348 = DIRECTION ( 'NONE',  ( -1.000000000000000000, 0.000000000000000000, 6.982962677686270655E-15 ) ) ;
#2349 = LINE ( 'NONE', #1650, #1055 ) ;
#2350 = CARTESIAN_POINT ( 'NONE',  ( 0.3099999999999999978, 0.5699999999999999512, -0.3551250000564820097 ) ) ;
#2351 = ORIENTED_EDGE ( 'NONE', *, *, #3716, .F. ) ;
#2352 = CARTESIAN_POINT ( 'NONE',  ( 0.2389444872453570234, -0.2250000000000000056, -0.3551250000564815656 ) ) ;
#2353 = CARTESIAN_POINT ( 'NONE',  ( 0.2599999999999999534, -0.5699999999999999512, -0.3551250000564815656 ) ) ;
#2354 = ORIENTED_EDGE ( 'NONE', *, *, #100, .T. ) ;
#2355 = VERTEX_POINT ( 'NONE', #3778 ) ;
#2356 = EDGE_CURVE ( 'NONE', #616, #2147, #1784, .T. ) ;
#2357 = ORIENTED_EDGE ( 'NONE', *, *, #1381, .T. ) ;
#2358 = DIRECTION ( 'NONE',  ( -6.505213034913021082E-15, 0.000000000000000000, -1.000000000000000000 ) ) ;
#2359 = PLANE ( 'NONE',  #28 ) ;
#2360 = ORIENTED_EDGE ( 'NONE', *, *, #3927, .F. ) ;
#2361 = APPLICATION_PROTOCOL_DEFINITION ( 'international standard', 'config_control_design', 1994, #1699 ) ;
#2362 = AXIS2_PLACEMENT_3D ( 'NONE', #3064, #3973, #580 ) ;
#2363 = CARTESIAN_POINT ( 'NONE',  ( 0.6350000000000000089, -0.4949999999999999956, -0.3551250000564840081 ) ) ;
#2364 = CIRCLE ( 'NONE', #991, 0.02499999999999995628 ) ;
#2365 = CARTESIAN_POINT ( 'NONE',  ( 0.08999999999999680478, 0.07499999999999999722, -0.3551250000564805109 ) ) ;
#2366 = DIRECTION ( 'NONE',  ( -1.000000000000000000, 0.000000000000000000, 7.228014483236693597E-15 ) ) ;
#2367 = CARTESIAN_POINT ( 'NONE',  ( 0.08999999999999680478, -0.5950000000000000844, -0.3551250000564805109 ) ) ;
#2368 = EDGE_CURVE ( 'NONE', #2848, #2201, #1720, .T. ) ;
#2369 = DIRECTION ( 'NONE',  ( 1.000000000000000000, 0.000000000000000000, -6.505213034913037648E-15 ) ) ;
#2370 = VERTEX_POINT ( 'NONE', #3942 ) ;
#2371 = VECTOR ( 'NONE', #689, 1000.000000000000000 ) ;
#2372 = CARTESIAN_POINT ( 'NONE',  ( 0.3350000000000000200, 0.5950000000000000844, -0.3551250000564820097 ) ) ;
#2373 = CARTESIAN_POINT ( 'NONE',  ( 0.5681785439136940452, -0.2464285714285714968, -0.3551250000564835640 ) ) ;
#2374 = VERTEX_POINT ( 'NONE', #2318 ) ;
#2375 = VERTEX_POINT ( 'NONE', #1464 ) ;
#2376 = VECTOR ( 'NONE', #2477, 1000.000000000000000 ) ;
#2377 = ORIENTED_EDGE ( 'NONE', *, *, #100, .F. ) ;
#2378 = FACE_OUTER_BOUND ( 'NONE', #3582, .T. ) ;
#2379 = CARTESIAN_POINT ( 'NONE',  ( 0.4810555127546370380, 0.06000000000000000472, -0.3551250000564830089 ) ) ;
#2380 = AXIS2_PLACEMENT_3D ( 'NONE', #1210, #1517, #1837 ) ;
#2381 = VERTEX_POINT ( 'NONE', #3877 ) ;
#2382 = SECURITY_CLASSIFICATION_LEVEL ( 'unclassified' ) ;
#2383 = LINE ( 'NONE', #2012, #66 ) ;
#2384 = CARTESIAN_POINT ( 'NONE',  ( 0.2389444872453579949, 0.3200000000000000067, -0.3549999999999999822 ) ) ;
#2385 = LINE ( 'NONE', #3350, #3611 ) ;
#2386 = DIRECTION ( 'NONE',  ( -1.000000000000000000, 0.000000000000000000, 6.982962677686270655E-15 ) ) ;
#2387 = ORIENTED_EDGE ( 'NONE', *, *, #3321, .T. ) ;
#2388 = ORGANIZATION ( 'UNSPECIFIED', 'UNSPECIFIED', '' ) ;
#2389 = EDGE_CURVE ( 'NONE', #1563, #457, #2893, .T. ) ;
#2390 = DIRECTION ( 'NONE',  ( 6.982962677686270655E-15, 0.000000000000000000, 1.000000000000000000 ) ) ;
#2391 = LOCAL_TIME ( 11, 1, 48.00000000000000000, #2683 ) ;
#2392 = DIRECTION ( 'NONE',  ( -1.000000000000000000, 0.000000000000000000, 6.505213034913027393E-15 ) ) ;
#2393 = ORIENTED_EDGE ( 'NONE', *, *, #3669, .T. ) ;
#2394 = VERTEX_POINT ( 'NONE', #1745 ) ;
#2395 = EDGE_CURVE ( 'NONE', #2094, #2117, #3302, .T. ) ;
#2396 = EDGE_CURVE ( 'NONE', #1542, #3994, #3260, .T. ) ;
#2397 = EDGE_CURVE ( 'NONE', #2575, #3668, #3753, .T. ) ;
#2398 = ORIENTED_EDGE ( 'NONE', *, *, #1668, .T. ) ;
#2399 = CARTESIAN_POINT ( 'NONE',  ( 0.4810555127546370380, -0.03499999999999999639, -0.3551250000564830089 ) ) ;
#2400 = CARTESIAN_POINT ( 'NONE',  ( -0.6835572876454348856, 13.04305003945616726, 5.000000000000000000 ) ) ;
#2401 = VERTEX_POINT ( 'NONE', #180 ) ;
#2402 = PERSON_AND_ORGANIZATION_ROLE ( 'creator' ) ;
#2403 = CARTESIAN_POINT ( 'NONE',  ( -18.94519211359817135, 7.540918895746568040, -5.000000000000000000 ) ) ;
#2404 = DIRECTION ( 'NONE',  ( 1.000000000000000000, 0.000000000000000000, 0.000000000000000000 ) ) ;
#2405 = CARTESIAN_POINT ( 'NONE',  ( 0.5810555127546370713, -0.3200000000000000067, -0.3549999999999999822 ) ) ;
#2406 = DIRECTION ( 'NONE',  ( 0.000000000000000000, 0.000000000000000000, -1.000000000000000000 ) ) ;
#2407 = ORIENTED_EDGE ( 'NONE', *, *, #1242, .F. ) ;
#2408 = CARTESIAN_POINT ( 'NONE',  ( 0.1749999999999974909, 1.219727444046191995E-16, -0.3549999999999999822 ) ) ;
#2409 = DIRECTION ( 'NONE',  ( -3.485384126420032828E-13, -1.000000000000000000, 0.000000000000000000 ) ) ;
#2410 = ORIENTED_EDGE ( 'NONE', *, *, #3444, .T. ) ;
#2411 = EDGE_LOOP ( 'NONE', ( #608, #380, #2312, #2963 ) ) ;
#2412 = CIRCLE ( 'NONE', #1757, 0.04500000000000001221 ) ;
#2413 = ORIENTED_EDGE ( 'NONE', *, *, #181, .T. ) ;
#2414 = DIRECTION ( 'NONE',  ( -1.000000000000000000, 0.000000000000000000, 6.505213034913027393E-15 ) ) ;
#2415 = CARTESIAN_POINT ( 'NONE',  ( 0.4810555127546370380, 0.06000000000000000472, -0.3549999999999999822 ) ) ;
#2416 = EDGE_CURVE ( 'NONE', #1581, #3389, #1976, .T. ) ;
#2417 = EDGE_CURVE ( 'NONE', #1778, #1520, #1701, .T. ) ;
#2418 = VERTEX_POINT ( 'NONE', #2991 ) ;
#2419 = COORDINATED_UNIVERSAL_TIME_OFFSET ( 1, 0, .AHEAD. ) ;
#2420 = CARTESIAN_POINT ( 'NONE',  ( 0.1149999999999969935, -0.3200000000000000067, -0.3551250000564805109 ) ) ;
#2421 = ORIENTED_EDGE ( 'NONE', *, *, #1146, .F. ) ;
#2422 = AXIS2_PLACEMENT_3D ( 'NONE', #2372, #131, #1980 ) ;
#2423 = DIRECTION ( 'NONE',  ( -6.505213034913040804E-15, 0.000000000000000000, -1.000000000000000000 ) ) ;
#2424 = DIRECTION ( 'NONE',  ( 6.505213034913040804E-15, 0.000000000000000000, 1.000000000000000000 ) ) ;
#2425 = VECTOR ( 'NONE', #2626, 1000.000000000000000 ) ;
#2426 = ADVANCED_FACE ( 'NONE', ( #200 ), #3031, .F. ) ;
#2427 = PLANE ( 'NONE',  #1270 ) ;
#2428 = ORIENTED_EDGE ( 'NONE', *, *, #2935, .F. ) ;
#2429 = AXIS2_PLACEMENT_3D ( 'NONE', #2328, #2688, #1143 ) ;
#2430 = CARTESIAN_POINT ( 'NONE',  ( 0.5681785439136940452, -0.3235714285714285099, -0.3549999999999999822 ) ) ;
#2431 = DIRECTION ( 'NONE',  ( 6.982962677686270655E-15, 0.000000000000000000, 1.000000000000000000 ) ) ;
#2432 = EDGE_LOOP ( 'NONE', ( #3337, #3890, #3534, #2600 ) ) ;
#2433 = ORIENTED_EDGE ( 'NONE', *, *, #1665, .T. ) ;
#2434 = CIRCLE ( 'NONE', #3153, 0.02499999999999999792 ) ;
#2435 = ORIENTED_EDGE ( 'NONE', *, *, #1840, .F. ) ;
#2436 = DIRECTION ( 'NONE',  ( 6.982962677686270655E-15, 0.000000000000000000, 1.000000000000000000 ) ) ;
#2437 = DIRECTION ( 'NONE',  ( -0.000000000000000000, 1.000000000000000000, 0.000000000000000000 ) ) ;
#2438 = ORIENTED_EDGE ( 'NONE', *, *, #2356, .F. ) ;
#2439 = VECTOR ( 'NONE', #3439, 1000.000000000000000 ) ;
#2440 = EDGE_CURVE ( 'NONE', #1207, #2025, #844, .T. ) ;
#2441 = VECTOR ( 'NONE', #1580, 1000.000000000000000 ) ;
#2442 = DIRECTION ( 'NONE',  ( 0.000000000000000000, -1.000000000000000000, 0.000000000000000000 ) ) ;
#2443 = CARTESIAN_POINT ( 'NONE',  ( 0.6350000000000000089, -0.06000000000000000472, -0.3551250000564840081 ) ) ;
#2444 = EDGE_LOOP ( 'NONE', ( #3243, #3410, #1068, #52 ) ) ;
#2445 = CARTESIAN_POINT ( 'NONE',  ( 0.6350000000000000089, -0.2500000000000000000, -0.3551250000564840081 ) ) ;
#2446 = VECTOR ( 'NONE', #2467, 1000.000000000000000 ) ;
#2447 = LINE ( 'NONE', #958, #3683 ) ;
#2448 = APPROVAL ( #2089, 'UNSPECIFIED' ) ;
#2449 = DIRECTION ( 'NONE',  ( -1.275531967630009880E-15, -1.000000000000000000, 8.906992124156080190E-30 ) ) ;
#2450 = ORIENTED_EDGE ( 'NONE', *, *, #3796, .F. ) ;
#2451 = DIRECTION ( 'NONE',  ( 1.000000000000000000, 0.000000000000000000, -6.982962677686270655E-15 ) ) ;
#2452 = LINE ( 'NONE', #908, #1592 ) ;
#2453 = VERTEX_POINT ( 'NONE', #2663 ) ;
#2454 = VECTOR ( 'NONE', #1300, 1000.000000000000000 ) ;
#2455 = EDGE_LOOP ( 'NONE', ( #3022, #3066, #278, #2023, #3398, #133, #547, #184 ) ) ;
#2456 = AXIS2_PLACEMENT_3D ( 'NONE', #1357, #3216, #684 ) ;
#2457 = ORIENTED_EDGE ( 'NONE', *, *, #3195, .F. ) ;
#2458 = LOCAL_TIME ( 11, 1, 48.00000000000000000, #525 ) ;
#2459 = FACE_OUTER_BOUND ( 'NONE', #1046, .T. ) ;
#2460 = DIRECTION ( 'NONE',  ( -1.000000000000000000, 0.000000000000000000, 6.505213034913027393E-15 ) ) ;
#2461 = ORIENTED_EDGE ( 'NONE', *, *, #2814, .F. ) ;
#2462 = DIRECTION ( 'NONE',  ( -1.000000000000000000, 4.373741005274489641E-16, 0.000000000000000000 ) ) ;
#2463 = CYLINDRICAL_SURFACE ( 'NONE', #3801, 0.02499999999999995628 ) ;
#2464 = ORIENTED_EDGE ( 'NONE', *, *, #700, .T. ) ;
#2465 = DIRECTION ( 'NONE',  ( 1.000000000000000000, 0.000000000000000000, 0.000000000000000000 ) ) ;
#2466 = LINE ( 'NONE', #633, #1194 ) ;
#2467 = DIRECTION ( 'NONE',  ( 0.000000000000000000, 1.000000000000000000, 0.000000000000000000 ) ) ;
#2468 = EDGE_CURVE ( 'NONE', #157, #1542, #3921, .T. ) ;
#2469 = ADVANCED_FACE ( 'NONE', ( #2027 ), #2681, .F. ) ;
#2470 = EDGE_CURVE ( 'NONE', #201, #1257, #806, .T. ) ;
#2471 = ORIENTED_EDGE ( 'NONE', *, *, #1127, .T. ) ;
#2472 = CARTESIAN_POINT ( 'NONE',  ( 0.5810555127546380705, 0.2250000000000000056, -0.3549999999999999822 ) ) ;
#2473 = CARTESIAN_POINT ( 'NONE',  ( -0.7423668819740020242, -3.935206599586729137, -5.000000000000000000 ) ) ;
#2474 = ORIENTED_EDGE ( 'NONE', *, *, #3041, .T. ) ;
#2475 = EDGE_LOOP ( 'NONE', ( #643, #3919, #3219, #32 ) ) ;
#2476 = DIRECTION ( 'NONE',  ( -6.505213034913040804E-15, 0.000000000000000000, -1.000000000000000000 ) ) ;
#2477 = DIRECTION ( 'NONE',  ( -6.982962677686270655E-15, 0.000000000000000000, -1.000000000000000000 ) ) ;
#2478 = VECTOR ( 'NONE', #3202, 1000.000000000000000 ) ;
#2479 = ORIENTED_EDGE ( 'NONE', *, *, #1201, .T. ) ;
#2480 = DIRECTION ( 'NONE',  ( 6.982962677686270655E-15, 0.000000000000000000, 1.000000000000000000 ) ) ;
#2481 = FACE_OUTER_BOUND ( 'NONE', #2613, .T. ) ;
#2482 = EDGE_LOOP ( 'NONE', ( #3403, #2545, #3238, #1830 ) ) ;
#2483 = DIRECTION ( 'NONE',  ( 0.000000000000000000, 5.048709793414475555E-29, 0.9999999999999998890 ) ) ;
#2484 = CARTESIAN_POINT ( 'NONE',  ( 0.5100000000000000089, -0.5950000000000000844, -0.3551250000564835640 ) ) ;
#2485 = DIRECTION ( 'NONE',  ( -6.982962677686270655E-15, 0.000000000000000000, -1.000000000000000000 ) ) ;
#2486 = CIRCLE ( 'NONE', #537, 0.02500000000000001180 ) ;
#2487 = EDGE_CURVE ( 'NONE', #1783, #1445, #3634, .T. ) ;
#2488 = CARTESIAN_POINT ( 'NONE',  ( 0.5100000000000000089, 0.5950000000000000844, -0.3551250000564835640 ) ) ;
#2489 = DIRECTION ( 'NONE',  ( -1.000000000000000000, 3.485384126420032828E-13, 0.000000000000000000 ) ) ;
#2490 = VERTEX_POINT ( 'NONE', #1112 ) ;
#2491 = DATE_AND_TIME ( #2207, #2847 ) ;
#2492 = DIRECTION ( 'NONE',  ( 0.000000000000000000, -1.000000000000000000, 0.000000000000000000 ) ) ;
#2493 = CARTESIAN_POINT ( 'NONE',  ( 0.2389444872453579949, -0.2500000000000000000, -0.3549999999999999822 ) ) ;
#2494 = CC_DESIGN_PERSON_AND_ORGANIZATION_ASSIGNMENT ( #140, #2908, ( #3563 ) ) ;
#2495 = CARTESIAN_POINT ( 'NONE',  ( 0.6600000000000000311, -0.4949999999999999956, -0.3551250000564845077 ) ) ;
#2496 = ORIENTED_EDGE ( 'NONE', *, *, #1888, .F. ) ;
#2497 = ORIENTED_EDGE ( 'NONE', *, *, #399, .F. ) ;
#2498 = DIRECTION ( 'NONE',  ( 1.000000000000000000, 0.000000000000000000, -6.505213034913023449E-15 ) ) ;
#2499 = CARTESIAN_POINT ( 'NONE',  ( 0.6600000000000000311, 0.4949999999999999956, -0.3551250000564845077 ) ) ;
#2500 = VERTEX_POINT ( 'NONE', #3961 ) ;
#2501 = VECTOR ( 'NONE', #1419, 1000.000000000000000 ) ;
#2502 = CARTESIAN_POINT ( 'NONE',  ( -0.09000000000000249467, 0.08500000000000000611, -0.3551250000564790676 ) ) ;
#2503 = DIRECTION ( 'NONE',  ( -1.000000000000000000, 0.000000000000000000, 6.505213034913023449E-15 ) ) ;
#2504 = AXIS2_PLACEMENT_3D ( 'NONE', #2306, #1122, #1412 ) ;
#2505 = DIRECTION ( 'NONE',  ( 6.982962677686270655E-15, 0.000000000000000000, 1.000000000000000000 ) ) ;
#2506 = DIRECTION ( 'NONE',  ( 6.505213034913021082E-15, 0.000000000000000000, 1.000000000000000000 ) ) ;
#2507 = ORIENTED_EDGE ( 'NONE', *, *, #323, .T. ) ;
#2508 = COORDINATED_UNIVERSAL_TIME_OFFSET ( 1, 0, .AHEAD. ) ;
#2509 = CIRCLE ( 'NONE', #2711, 0.02499999999999999792 ) ;
#2510 = CARTESIAN_POINT ( 'NONE',  ( 0.2750000000000000222, -0.2849999999999999756, -0.3551250000564815656 ) ) ;
#2511 = CYLINDRICAL_SURFACE ( 'NONE', #1979, 0.02499999999999995628 ) ;
#2512 = ADVANCED_FACE ( 'NONE', ( #1378 ), #2359, .T. ) ;
#2513 = ORIENTED_EDGE ( 'NONE', *, *, #942, .F. ) ;
#2514 = EDGE_CURVE ( 'NONE', #1460, #1803, #3009, .T. ) ;
#2515 = EDGE_CURVE ( 'NONE', #3668, #461, #2618, .T. ) ;
#2516 = AXIS2_PLACEMENT_3D ( 'NONE', #2510, #659, #352 ) ;
#2517 = APPROVAL_PERSON_ORGANIZATION ( #402, #1432, #1785 ) ;
#2518 = ORIENTED_EDGE ( 'NONE', *, *, #1073, .F. ) ;
#2519 = CARTESIAN_POINT ( 'NONE',  ( -1.394874999943561011, -2.223730434814910062, -5.000000000000000000 ) ) ;
#2520 = CYLINDRICAL_SURFACE ( 'NONE', #3095, 0.02500000000000001180 ) ;
#2521 = LOCAL_TIME ( 11, 1, 48.00000000000000000, #315 ) ;
#2522 = ORIENTED_EDGE ( 'NONE', *, *, #1396, .T. ) ;
#2523 = CARTESIAN_POINT ( 'NONE',  ( 0.3350000000000000200, 0.6199999999999999956, -0.3549999999999999822 ) ) ;
#2524 = DIRECTION ( 'NONE',  ( -6.505213034913030548E-15, 0.000000000000000000, -1.000000000000000000 ) ) ;
#2525 = CARTESIAN_POINT ( 'NONE',  ( 0.2518214560863000218, 0.3235714285714290095, -0.3551250000564815656 ) ) ;
#2526 = DIRECTION ( 'NONE',  ( -1.000000000000000000, 0.000000000000000000, 6.505213034913037648E-15 ) ) ;
#2527 = FACE_OUTER_BOUND ( 'NONE', #767, .T. ) ;
#2528 = ORIENTED_EDGE ( 'NONE', *, *, #2838, .T. ) ;
#2529 = SECURITY_CLASSIFICATION_LEVEL ( 'unclassified' ) ;
#2530 = DIRECTION ( 'NONE',  ( 0.000000000000000000, -1.000000000000000000, 0.000000000000000000 ) ) ;
#2531 = CYLINDRICAL_SURFACE ( 'NONE', #1007, 0.02499999999999995628 ) ;
#2532 = VERTEX_POINT ( 'NONE', #1562 ) ;
#2533 = ORIENTED_EDGE ( 'NONE', *, *, #603, .F. ) ;
#2534 = VECTOR ( 'NONE', #2995, 1000.000000000000000 ) ;
#2535 = DIRECTION ( 'NONE',  ( 1.000000000000000000, 0.000000000000000000, -6.505213034913023449E-15 ) ) ;
#2536 = EDGE_CURVE ( 'NONE', #495, #2700, #642, .T. ) ;
#2538 = ADVANCED_FACE ( 'NONE', ( #10 ), #3363, .F. ) ;
#2537 = DIRECTION ( 'NONE',  ( 7.228014483236690442E-15, 0.000000000000000000, 1.000000000000000000 ) ) ;
#2539 = EDGE_LOOP ( 'NONE', ( #514, #3007, #2807, #1639 ) ) ;
#2540 = DIRECTION ( 'NONE',  ( -1.000000000000000000, 0.000000000000000000, 6.982962677686270655E-15 ) ) ;
#2541 = FACE_OUTER_BOUND ( 'NONE', #2776, .T. ) ;
#2542 = CARTESIAN_POINT ( 'NONE',  ( 0.5681785439136940452, 0.3235714285714285099, -0.3551250000564835640 ) ) ;
#2543 = CARTESIAN_POINT ( 'NONE',  ( -2.913505490301934844E-15, 0.000000000000000000, -0.3551250000564795117 ) ) ;
#2544 = CARTESIAN_POINT ( 'NONE',  ( 0.1749999999999969913, 0.05000000000000000278, -0.3551250000564810660 ) ) ;
#2545 = ORIENTED_EDGE ( 'NONE', *, *, #1461, .F. ) ;
#2547 = AXIS2_PLACEMENT_3D ( 'NONE', #3474, #1912, #674 ) ;
#2546 = COORDINATED_UNIVERSAL_TIME_OFFSET ( 1, 0, .AHEAD. ) ;
#2548 = CARTESIAN_POINT ( 'NONE',  ( -23.03592114560350268, 11.87161228793415191, 5.000000000000000000 ) ) ;
#2549 = VECTOR ( 'NONE', #571, 1000.000000000000000 ) ;
#2550 = PLANE ( 'NONE',  #1725 ) ;
#2551 = ORIENTED_EDGE ( 'NONE', *, *, #372, .F. ) ;
#2552 = CLOSED_SHELL ( 'NONE', ( #1913, #3395, #1691, #3373, #971, #3141, #3093, #3592, #2640, #299, #3193, #3727, #1794, #3166 ) ) ;
#2553 = ORIENTED_EDGE ( 'NONE', *, *, #2293, .F. ) ;
#2554 = DIRECTION ( 'NONE',  ( -6.505213034913021082E-15, 0.000000000000000000, -1.000000000000000000 ) ) ;
#2555 = AXIS2_PLACEMENT_3D ( 'NONE', #60, #2561, #426 ) ;
#2556 = DIRECTION ( 'NONE',  ( 6.982962677686270655E-15, 0.000000000000000000, 1.000000000000000000 ) ) ;
#2557 = ORIENTED_EDGE ( 'NONE', *, *, #1669, .F. ) ;
#2558 = DATE_TIME_ROLE ( 'creation_date' ) ;
#2559 = ADVANCED_FACE ( 'NONE', ( #1174 ), #565, .T. ) ;
#2560 = VECTOR ( 'NONE', #3452, 1000.000000000000000 ) ;
#2561 = DIRECTION ( 'NONE',  ( -6.505213034913040804E-15, 0.000000000000000000, -1.000000000000000000 ) ) ;
#2562 = DIRECTION ( 'NONE',  ( 6.982962677686270655E-15, 0.000000000000000000, 1.000000000000000000 ) ) ;
#2563 = ADVANCED_FACE ( 'NONE', ( #2157 ), #1880, .F. ) ;
#2564 = VECTOR ( 'NONE', #138, 1000.000000000000000 ) ;
#2565 = EDGE_CURVE ( 'NONE', #1082, #2374, #351, .T. ) ;
#2566 = CC_DESIGN_PERSON_AND_ORGANIZATION_ASSIGNMENT ( #3282, #3325, ( #3641 ) ) ;
#2567 = CARTESIAN_POINT ( 'NONE',  ( -0.6600000000000000311, -0.2550000000000000044, -0.3551250000564750153 ) ) ;
#2568 = AXIS2_PLACEMENT_3D ( 'NONE', #2250, #967, #1656 ) ;
#2569 = LINE ( 'NONE', #23, #929 ) ;
#2570 = CARTESIAN_POINT ( 'NONE',  ( -23.03592114560350268, 0.000000000000000000, -5.000000000000000000 ) ) ;
#2571 = EDGE_LOOP ( 'NONE', ( #2137, #1420, #1675, #3099 ) ) ;
#2572 = PERSON_AND_ORGANIZATION ( #339, #2388 ) ;
#2573 = CARTESIAN_POINT ( 'NONE',  ( 0.2518214560863000218, -0.3235714285714285099, -0.3549999999999999822 ) ) ;
#2574 = CARTESIAN_POINT ( 'NONE',  ( 0.5810555127546370713, 0.3200000000000000067, -0.3551250000564840081 ) ) ;
#2575 = VERTEX_POINT ( 'NONE', #3696 ) ;
#2576 = ORIENTED_EDGE ( 'NONE', *, *, #2069, .F. ) ;
#2577 = ORIENTED_EDGE ( 'NONE', *, *, #1817, .T. ) ;
#2578 = DIRECTION ( 'NONE',  ( -1.000000000000000000, 0.000000000000000000, 6.505213034913027393E-15 ) ) ;
#2579 = DIRECTION ( 'NONE',  ( 0.000000000000000000, -1.000000000000000000, 0.000000000000000000 ) ) ;
#2580 = VERTEX_POINT ( 'NONE', #930 ) ;
#2581 = CIRCLE ( 'NONE', #501, 0.02500000000000001180 ) ;
#2582 = SHAPE_DEFINITION_REPRESENTATION ( #3332, #3442 ) ;
#2583 = CARTESIAN_POINT ( 'NONE',  ( 0.6600000000000000311, 0.2250000000000000056, -0.3551250000564845077 ) ) ;
#2584 = ORGANIZATION ( 'NAUO-ORG4', 'UNSPECIFIED', 'UNSPECIFIED' ) ;
#2585 = DIRECTION ( 'NONE',  ( 0.000000000000000000, -1.000000000000000000, 0.000000000000000000 ) ) ;
#2586 = DIRECTION ( 'NONE',  ( -6.505213034913021082E-15, 0.000000000000000000, -1.000000000000000000 ) ) ;
#2587 = EDGE_CURVE ( 'NONE', #3026, #1898, #1532, .T. ) ;
#2588 = DIRECTION ( 'NONE',  ( -6.505213034913040804E-15, 0.000000000000000000, -1.000000000000000000 ) ) ;
#2589 = ADVANCED_FACE ( 'NONE', ( #276 ), #3997, .T. ) ;
#2590 = LINE ( 'NONE', #756, #2042 ) ;
#2591 = EDGE_CURVE ( 'NONE', #1520, #2772, #2048, .T. ) ;
#2592 = VERTEX_POINT ( 'NONE', #2495 ) ;
#2593 = CYLINDRICAL_SURFACE ( 'NONE', #1053, 0.02500000000000001180 ) ;
#2594 = DIRECTION ( 'NONE',  ( 1.000000000000000000, 0.000000000000000000, -6.505213034913037648E-15 ) ) ;
#2595 = ORIENTED_EDGE ( 'NONE', *, *, #1991, .T. ) ;
#2596 = VERTEX_POINT ( 'NONE', #890 ) ;
#2597 = VERTEX_POINT ( 'NONE', #947 ) ;
#2598 = CARTESIAN_POINT ( 'NONE',  ( -1.394874999943561011, 1.976269565185000410, 5.000000000000000000 ) ) ;
#2599 = DIRECTION ( 'NONE',  ( 0.000000000000000000, -1.000000000000000000, 0.000000000000000000 ) ) ;
#2600 = ORIENTED_EDGE ( 'NONE', *, *, #2120, .T. ) ;
#2601 = LINE ( 'NONE', #97, #3853 ) ;
#2602 = FACE_OUTER_BOUND ( 'NONE', #442, .T. ) ;
#2603 = CARTESIAN_POINT ( 'NONE',  ( 0.2389444872453579949, 0.3449999999999999734, -0.3549999999999999822 ) ) ;
#2604 = DIRECTION ( 'NONE',  ( -1.000000000000000000, 0.000000000000000000, 6.505213034913023449E-15 ) ) ;
#2605 = DIRECTION ( 'NONE',  ( -0.9993908270190959842, 0.03489949670249007513, 0.000000000000000000 ) ) ;
#2606 = ORIENTED_EDGE ( 'NONE', *, *, #1990, .F. ) ;
#2607 = PERSON_AND_ORGANIZATION_ROLE ( 'classification_officer' ) ;
#2608 = EDGE_CURVE ( 'NONE', #2083, #941, #1234, .T. ) ;
#2609 = CARTESIAN_POINT ( 'NONE',  ( 0.6350000000000000089, -0.5199999999999999067, -0.3550000000000045342 ) ) ;
#2610 = LINE ( 'NONE', #1130, #1472 ) ;
#2611 = EDGE_LOOP ( 'NONE', ( #3440, #1104, #240, #1355, #2964, #2738, #2197, #3194 ) ) ;
#2612 = AXIS2_PLACEMENT_3D ( 'NONE', #3046, #2756, #2167 ) ;
#2613 = EDGE_LOOP ( 'NONE', ( #1239, #858, #3956, #3233 ) ) ;
#2614 = AXIS2_PLACEMENT_3D ( 'NONE', #2746, #3311, #1259 ) ;
#2616 = ORIENTED_EDGE ( 'NONE', *, *, #3704, .T. ) ;
#2615 = CC_DESIGN_PERSON_AND_ORGANIZATION_ASSIGNMENT ( #3304, #241, ( #854 ) ) ;
#2617 = CARTESIAN_POINT ( 'NONE',  ( 0.6350000000000000089, -0.3200000000000000067, -0.3550000000000045342 ) ) ;
#2618 = LINE ( 'NONE', #1255, #2439 ) ;
#2619 = VERTEX_POINT ( 'NONE', #3417 ) ;
#2620 = PERSON_AND_ORGANIZATION_ROLE ( 'classification_officer' ) ;
#2621 = VECTOR ( 'NONE', #3101, 1000.000000000000000 ) ;
#2622 = CARTESIAN_POINT ( 'NONE',  ( 0.2518214560863000218, 0.2464285714285714968, -0.3549999999999999822 ) ) ;
#2623 = DIRECTION ( 'NONE',  ( 7.228014483236690442E-15, 0.000000000000000000, 1.000000000000000000 ) ) ;
#2624 = AXIS2_PLACEMENT_3D ( 'NONE', #2709, #2386, #2731 ) ;
#2625 = CARTESIAN_POINT ( 'NONE',  ( 0.6600000000000000311, 0.06000000000000000472, -0.3549999999999999822 ) ) ;
#2626 = DIRECTION ( 'NONE',  ( 0.000000000000000000, 1.000000000000000000, 0.000000000000000000 ) ) ;
#2627 = LINE ( 'NONE', #2164, #3284 ) ;
#2628 = AXIS2_PLACEMENT_3D ( 'NONE', #2111, #607, #2460 ) ;
#2629 = VERTEX_POINT ( 'NONE', #1524 ) ;
#2630 = VECTOR ( 'NONE', #2718, 1000.000000000000000 ) ;
#2631 = FACE_OUTER_BOUND ( 'NONE', #2224, .T. ) ;
#2632 = LINE ( 'NONE', #1694, #491 ) ;
#2633 = EDGE_CURVE ( 'NONE', #437, #2232, #877, .T. ) ;
#2634 = VERTEX_POINT ( 'NONE', #297 ) ;
#2635 = ORIENTED_EDGE ( 'NONE', *, *, #1847, .F. ) ;
#2636 = AXIS2_PLACEMENT_3D ( 'NONE', #63, #366, #940 ) ;
#2637 = VERTEX_POINT ( 'NONE', #2801 ) ;
#2638 = CARTESIAN_POINT ( 'NONE',  ( 0.3350000000000000200, 0.5950000000000000844, -0.3549999999999999822 ) ) ;
#2640 = ADVANCED_FACE ( 'NONE', ( #2785 ), #624, .T. ) ;
#2639 = DIRECTION ( 'NONE',  ( 1.084202172485509956E-15, -1.000000000000000000, -7.570943305532690793E-30 ) ) ;
#2641 = EDGE_CURVE ( 'NONE', #3235, #2401, #3112, .T. ) ;
#2642 = B_SPLINE_SURFACE_WITH_KNOTS ( 'NONE', 2, 1, ( 
 ( #3431, #637 ),
 ( #3124, #755 ),
 ( #429, #3888 ) ),
 .UNSPECIFIED., .F., .F., .F.,
 ( 3, 3 ),
 ( 2, 2 ),
 ( 0.4976672411085089620, 0.4995542795880109632 ),
 ( 0.000000000000000000, 1.000000000000000000 ),
 .UNSPECIFIED. ) ;
#2643 = ADVANCED_FACE ( 'NONE', ( #4041 ), #318, .F. ) ;
#2644 = EDGE_LOOP ( 'NONE', ( #2152, #2678, #1504, #1982 ) ) ;
#2645 = PERSON_AND_ORGANIZATION ( #339, #2388 ) ;
#2646 = DIRECTION ( 'NONE',  ( -1.000000000000000000, 0.000000000000000000, 6.982962677686270655E-15 ) ) ;
#2647 = AXIS2_PLACEMENT_3D ( 'NONE', #928, #3362, #3091 ) ;
#2648 = DIRECTION ( 'NONE',  ( 1.000000000000000000, 0.000000000000000000, -6.505213034913037648E-15 ) ) ;
#2649 = VECTOR ( 'NONE', #1493, 1000.000000000000000 ) ;
#2650 = AXIS2_PLACEMENT_3D ( 'NONE', #3608, #458, #1111 ) ;
#2651 = LOCAL_TIME ( 11, 1, 48.00000000000000000, #3190 ) ;
#2652 = FACE_OUTER_BOUND ( 'NONE', #394, .T. ) ;
#2653 = DIRECTION ( 'NONE',  ( -1.000000000000000000, 0.000000000000000000, 6.505213034913027393E-15 ) ) ;
#2654 = DIRECTION ( 'NONE',  ( 0.000000000000000000, 1.000000000000000000, -0.000000000000000000 ) ) ;
#2655 = ORIENTED_EDGE ( 'NONE', *, *, #11, .T. ) ;
#2656 = VECTOR ( 'NONE', #2324, 1000.000000000000000 ) ;
#2657 = CARTESIAN_POINT ( 'NONE',  ( 0.2389444872453570234, -0.2500000000000000000, -0.3551250000564815656 ) ) ;
#2658 = DIRECTION ( 'NONE',  ( 1.000000000000000000, 0.000000000000000000, -6.505213034913037648E-15 ) ) ;
#2659 = EDGE_LOOP ( 'NONE', ( #3975, #1089, #865, #686 ) ) ;
#2660 = ORIENTED_EDGE ( 'NONE', *, *, #238, .T. ) ;
#2661 = ORIENTED_EDGE ( 'NONE', *, *, #2936, .F. ) ;
#2662 = DIRECTION ( 'NONE',  ( 1.000000000000000000, 0.000000000000000000, -6.982962677686270655E-15 ) ) ;
#2663 = CARTESIAN_POINT ( 'NONE',  ( 0.1149999999999969935, -0.2500000000000000000, -0.3551250000564805109 ) ) ;
#2664 = VERTEX_POINT ( 'NONE', #2763 ) ;
#2665 = PERSON_AND_ORGANIZATION ( #339, #2388 ) ;
#2666 = EDGE_CURVE ( 'NONE', #2698, #2332, #3158, .T. ) ;
#2667 = CYLINDRICAL_SURFACE ( 'NONE', #3525, 0.02499999999999995628 ) ;
#2668 = CARTESIAN_POINT ( 'NONE',  ( 0.5681785439136940452, 0.3235714285714285099, -0.3551250000564835640 ) ) ;
#2669 = DIRECTION ( 'NONE',  ( -6.982962677686270655E-15, 0.000000000000000000, -1.000000000000000000 ) ) ;
#2670 = AXIS2_PLACEMENT_3D ( 'NONE', #1406, #463, #3263 ) ;
#2671 = CARTESIAN_POINT ( 'NONE',  ( 0.1749999999999974909, 1.219727444046191995E-16, -0.3549999999999999822 ) ) ;
#2672 = DIRECTION ( 'NONE',  ( -0.03489949670249008207, -0.9993908270190960952, 0.000000000000000000 ) ) ;
#2673 = ORIENTED_EDGE ( 'NONE', *, *, #1990, .T. ) ;
#2674 = COORDINATED_UNIVERSAL_TIME_OFFSET ( 1, 0, .AHEAD. ) ;
#2675 = LINE ( 'NONE', #2984, #1185 ) ;
#2676 = CARTESIAN_POINT ( 'NONE',  ( 1.149999999999999911, 1.149999999999999911, 0.004974999943512300321 ) ) ;
#2677 = ORIENTED_EDGE ( 'NONE', *, *, #3268, .T. ) ;
#2678 = ORIENTED_EDGE ( 'NONE', *, *, #973, .F. ) ;
#2679 = ORIENTED_EDGE ( 'NONE', *, *, #950, .F. ) ;
#2680 = CARTESIAN_POINT ( 'NONE',  ( 0.3551250000564473708, 2.284841781424900020, 5.000000000000000000 ) ) ;
#2681 = CYLINDRICAL_SURFACE ( 'NONE', #1910, 0.02500000000000001180 ) ;
#2682 = ORIENTED_EDGE ( 'NONE', *, *, #1959, .F. ) ;
#2683 = COORDINATED_UNIVERSAL_TIME_OFFSET ( 1, 0, .AHEAD. ) ;
#2684 = VECTOR ( 'NONE', #1556, 1000.000000000000000 ) ;
#2685 = CARTESIAN_POINT ( 'NONE',  ( -1.149999999999999911, 1.149999999999999911, -0.08502500005647160852 ) ) ;
#2686 = EDGE_CURVE ( 'NONE', #3419, #1216, #3221, .T. ) ;
#2687 = CARTESIAN_POINT ( 'NONE',  ( 0.5681785439136940452, 0.3235714285714285099, -0.3549999999999999822 ) ) ;
#2688 = DIRECTION ( 'NONE',  ( -8.803515733868739243E-17, -1.000000000000000000, 6.147462180202930628E-31 ) ) ;
#2689 = LINE ( 'NONE', #267, #2446 ) ;
#2690 = EDGE_CURVE ( 'NONE', #2083, #1860, #3175, .T. ) ;
#2691 = ADVANCED_FACE ( 'NONE', ( #2822 ), #2550, .T. ) ;
#2692 = EDGE_CURVE ( 'NONE', #2189, #3303, #2900, .T. ) ;
#2693 = VERTEX_POINT ( 'NONE', #3809 ) ;
#2694 = AXIS2_PLACEMENT_3D ( 'NONE', #1158, #1425, #2702 ) ;
#2695 = PLANE ( 'NONE',  #859 ) ;
#2696 = FACE_OUTER_BOUND ( 'NONE', #561, .T. ) ;
#2697 = ORIENTED_EDGE ( 'NONE', *, *, #847, .T. ) ;
#2698 = VERTEX_POINT ( 'NONE', #1274 ) ;
#2699 = AXIS2_PLACEMENT_3D ( 'NONE', #3720, #3054, #237 ) ;
#2700 = VERTEX_POINT ( 'NONE', #3502 ) ;
#2701 = CARTESIAN_POINT ( 'NONE',  ( 0.1149999999999969935, -0.3200000000000000067, -0.3551250000564805109 ) ) ;
#2702 = DIRECTION ( 'NONE',  ( 1.000000000000000000, 0.000000000000000000, -6.505213034913023449E-15 ) ) ;
#2703 = AXIS2_PLACEMENT_3D ( 'NONE', #782, #2022, #2392 ) ;
#2704 = ORIENTED_EDGE ( 'NONE', *, *, #182, .F. ) ;
#2705 = PERSON_AND_ORGANIZATION_ROLE ( 'creator' ) ;
#2706 = CARTESIAN_POINT ( 'NONE',  ( 0.1149999999999969935, 0.3200000000000000067, -0.3551250000564805109 ) ) ;
#2707 = DIRECTION ( 'NONE',  ( 0.000000000000000000, -1.000000000000000000, 0.000000000000000000 ) ) ;
#2708 = DIRECTION ( 'NONE',  ( 1.000000000000000000, 0.000000000000000000, -6.505213034913023449E-15 ) ) ;
#2709 = CARTESIAN_POINT ( 'NONE',  ( 0.6600000000000000311, -0.3449999999999999734, -0.3551250000564845077 ) ) ;
#2710 = VERTEX_POINT ( 'NONE', #1005 ) ;
#2711 = AXIS2_PLACEMENT_3D ( 'NONE', #3920, #1463, #3008 ) ;
#2712 =( GEOMETRIC_REPRESENTATION_CONTEXT ( 3 ) GLOBAL_UNCERTAINTY_ASSIGNED_CONTEXT ( ( #1764 ) ) GLOBAL_UNIT_ASSIGNED_CONTEXT ( ( #3100, #956, #1567 ) ) REPRESENTATION_CONTEXT ( 'NONE', 'WORKASPACE' ) );
#2713 = ADVANCED_FACE ( 'NONE', ( #740 ), #2289, .F. ) ;
#2714 = EDGE_CURVE ( 'NONE', #3071, #2290, #3758, .T. ) ;
#2715 = EDGE_CURVE ( 'NONE', #414, #3051, #1307, .T. ) ;
#2716 = DIRECTION ( 'NONE',  ( 1.000000000000000000, -2.081376414897577884E-10, 0.000000000000000000 ) ) ;
#2717 = LOCAL_TIME ( 11, 1, 48.00000000000000000, #3786 ) ;
#2718 = DIRECTION ( 'NONE',  ( 1.000000000000000000, 0.000000000000000000, -6.982962677686270655E-15 ) ) ;
#2719 = VERTEX_POINT ( 'NONE', #1026 ) ;
#2720 = ORIENTED_EDGE ( 'NONE', *, *, #1319, .F. ) ;
#2721 = VERTEX_POINT ( 'NONE', #703 ) ;
#2722 = CARTESIAN_POINT ( 'NONE',  ( 0.3099999999999999978, -0.5699999999999999512, -0.3549999999999999822 ) ) ;
#2723 = DIRECTION ( 'NONE',  ( 6.505213034913030548E-15, 0.000000000000000000, 1.000000000000000000 ) ) ;
#2724 = ORIENTED_EDGE ( 'NONE', *, *, #3900, .T. ) ;
#2725 = DATE_AND_TIME ( #1489, #2391 ) ;
#2726 = PERSON ( 'NAUO-PER3', 'UNSPECIFIED', 'UNSPECIFIED', ('UNSPECIFIED'), ('UNSPECIFIED'), ('UNSPECIFIED') ) ;
#2727 = CYLINDRICAL_SURFACE ( 'NONE', #3044, 0.02500000000000001180 ) ;
#2728 = ORIENTED_EDGE ( 'NONE', *, *, #1171, .F. ) ;
#2729 = CARTESIAN_POINT ( 'NONE',  ( 0.3200000000000000067, 0.2849999999999999756, -0.3550000000000003153 ) ) ;
#2730 = CARTESIAN_POINT ( 'NONE',  ( 0.6600000000000000311, -0.06000000000000000472, -0.3551250000564845077 ) ) ;
#2731 = DIRECTION ( 'NONE',  ( 0.000000000000000000, 1.000000000000000000, 0.000000000000000000 ) ) ;
#2732 = ORIENTED_EDGE ( 'NONE', *, *, #3627, .T. ) ;
#2733 = FACE_OUTER_BOUND ( 'NONE', #416, .T. ) ;
#2734 = CARTESIAN_POINT ( 'NONE',  ( -0.6600000000000000311, -0.08500000000000000611, -0.3551250000564750153 ) ) ;
#2735 = ORIENTED_EDGE ( 'NONE', *, *, #3121, .F. ) ;
#2736 = ORIENTED_EDGE ( 'NONE', *, *, #2839, .T. ) ;
#2737 = ADVANCED_FACE ( 'NONE', ( #2209 ), #3538, .F. ) ;
#2738 = ORIENTED_EDGE ( 'NONE', *, *, #1768, .F. ) ;
#2739 = CARTESIAN_POINT ( 'NONE',  ( 0.2099999999999969946, -0.5699999999999999512, -0.3549999999999999822 ) ) ;
#2740 = CARTESIAN_POINT ( 'NONE',  ( 0.3551250005320090164, -7.391488004478132823E-11, -5.000000000000000000 ) ) ;
#2741 = PRODUCT ( 'ASSY DOT JE 2', 'ASSY DOT JE 2', '', ( #3183 ) ) ;
#2742 = EDGE_LOOP ( 'NONE', ( #3603, #1151, #4021, #579 ) ) ;
#2743 = APPROVAL ( #7, 'UNSPECIFIED' ) ;
#2744 = APPLICATION_CONTEXT ( 'configuration controlled 3d designs of mechanical parts and assemblies' ) ;
#2745 = PLANE ( 'NONE',  #1548 ) ;
#2746 = CARTESIAN_POINT ( 'NONE',  ( 0.1849999999999974998, -0.5950000000000000844, -0.3549999999999999822 ) ) ;
#2747 = VERTEX_POINT ( 'NONE', #2574 ) ;
#2748 = CIRCLE ( 'NONE', #986, 0.04500000000000001221 ) ;
#2749 = CARTESIAN_POINT ( 'NONE',  ( 0.3099999999999999978, -0.5699999999999999512, -0.3551250000564820097 ) ) ;
#2750 = DIRECTION ( 'NONE',  ( -6.982962677686270655E-15, 0.000000000000000000, -1.000000000000000000 ) ) ;
#2751 = AXIS2_PLACEMENT_3D ( 'NONE', #2671, #3267, #3931 ) ;
#2752 = DIRECTION ( 'NONE',  ( 1.000000000000000000, 0.000000000000000000, -6.505213034913023449E-15 ) ) ;
#2753 = VECTOR ( 'NONE', #3226, 1000.000000000000000 ) ;
#2754 = ORIENTED_EDGE ( 'NONE', *, *, #551, .T. ) ;
#2755 = VECTOR ( 'NONE', #512, 1000.000000000000000 ) ;
#2756 = DIRECTION ( 'NONE',  ( -1.000000000000000000, 0.000000000000000000, 6.982962677686270655E-15 ) ) ;
#2757 = LINE ( 'NONE', #535, #2630 ) ;
#2758 = ORIENTED_EDGE ( 'NONE', *, *, #2440, .T. ) ;
#2759 = ORIENTED_EDGE ( 'NONE', *, *, #1748, .T. ) ;
#2760 = AXIS2_PLACEMENT_3D ( 'NONE', #1651, #105, #1267 ) ;
#2761 = ORIENTED_EDGE ( 'NONE', *, *, #898, .T. ) ;
#2762 = DIRECTION ( 'NONE',  ( -1.000000000000000000, 0.000000000000000000, 6.982962677686270655E-15 ) ) ;
#2763 = CARTESIAN_POINT ( 'NONE',  ( 0.6350000000000000089, -0.5199999999999999067, -0.3551250000564840081 ) ) ;
#2764 = ORIENTED_EDGE ( 'NONE', *, *, #2867, .T. ) ;
#2765 = VECTOR ( 'NONE', #217, 1000.000000000000000 ) ;
#2766 = ADVANCED_FACE ( 'NONE', ( #3130 ), #2511, .F. ) ;
#2767 = VECTOR ( 'NONE', #353, 1000.000000000000000 ) ;
#2768 = CARTESIAN_POINT ( 'NONE',  ( 0.1149999999999969935, -0.2500000000000000000, -0.3551250000564805109 ) ) ;
#2769 = ADVANCED_FACE ( 'NONE', ( #392 ), #1638, .T. ) ;
#2771 = EDGE_CURVE ( 'NONE', #837, #1207, #3520, .T. ) ;
#2770 = DIRECTION ( 'NONE',  ( -6.505213034913021082E-15, 0.000000000000000000, -1.000000000000000000 ) ) ;
#2772 = VERTEX_POINT ( 'NONE', #660 ) ;
#2773 = DIRECTION ( 'NONE',  ( 0.000000000000000000, 0.000000000000000000, 1.000000000000000000 ) ) ;
#2774 = DIRECTION ( 'NONE',  ( 0.6819983588408874420, -0.7313537027583412176, 0.000000000000000000 ) ) ;
#2775 = LINE ( 'NONE', #836, #2833 ) ;
#2776 = EDGE_LOOP ( 'NONE', ( #2008, #852, #3709, #1159 ) ) ;
#2777 = CARTESIAN_POINT ( 'NONE',  ( 0.5100000000000000089, 0.5699999999999999512, -0.3551250000564835640 ) ) ;
#2778 = CARTESIAN_POINT ( 'NONE',  ( 0.2389444872453570234, 0.2250000000000000056, -0.3551250000564815656 ) ) ;
#2779 = AXIS2_PLACEMENT_3D ( 'NONE', #889, #2476, #2110 ) ;
#2780 = ORIENTED_EDGE ( 'NONE', *, *, #1424, .T. ) ;
#2781 = VECTOR ( 'NONE', #893, 1000.000000000000000 ) ;
#2782 = ORIENTED_EDGE ( 'NONE', *, *, #3597, .T. ) ;
#2783 = CC_DESIGN_APPROVAL ( #1432, ( #583 ) ) ;
#2784 = DIRECTION ( 'NONE',  ( -1.000000000000000000, 0.000000000000000000, 6.505213034913037648E-15 ) ) ;
#2785 = FACE_OUTER_BOUND ( 'NONE', #1191, .T. ) ;
#2786 = ORIENTED_EDGE ( 'NONE', *, *, #3848, .F. ) ;
#2787 = FACE_OUTER_BOUND ( 'NONE', #1713, .T. ) ;
#2788 = DIRECTION ( 'NONE',  ( -1.000000000000000000, 0.000000000000000000, 6.505213034913023449E-15 ) ) ;
#2789 = ORIENTED_EDGE ( 'NONE', *, *, #2470, .F. ) ;
#2790 = DIRECTION ( 'NONE',  ( 0.000000000000000000, 0.000000000000000000, 1.000000000000000000 ) ) ;
#2791 = ADVANCED_FACE ( 'NONE', ( #2859 ), #2531, .F. ) ;
#2792 = CARTESIAN_POINT ( 'NONE',  ( 1.484527364560580320, 1.384344158600975039, -5.000000000000000000 ) ) ;
#2793 = LINE ( 'NONE', #3745, #1391 ) ;
#2794 = PRODUCT_DEFINITION ( 'UNKNOWN', '', #3563, #3941 ) ;
#2795 = CARTESIAN_POINT ( 'NONE',  ( 1.149999999999999911, 1.149999999999999911, -0.08502500005648770676 ) ) ;
#2796 = PLANE ( 'NONE',  #33 ) ;
#2797 = ORIENTED_EDGE ( 'NONE', *, *, #422, .F. ) ;
#2798 = DATE_AND_TIME ( #1559, #2521 ) ;
#2799 = FACE_OUTER_BOUND ( 'NONE', #6, .T. ) ;
#2800 = CARTESIAN_POINT ( 'NONE',  ( 0.08999999999999680478, -0.07499999999999999722, -0.3551250000564805109 ) ) ;
#2801 = CARTESIAN_POINT ( 'NONE',  ( 0.2389444872453570234, 0.3200000000000000067, -0.3549999999999999822 ) ) ;
#2802 = CIRCLE ( 'NONE', #1887, 0.02499999999999999792 ) ;
#2803 = VERTEX_POINT ( 'NONE', #3211 ) ;
#2804 = ORIENTED_EDGE ( 'NONE', *, *, #1073, .T. ) ;
#2805 = PLANE ( 'NONE',  #2080 ) ;
#2806 = DIRECTION ( 'NONE',  ( 1.885568995626964780E-16, 1.000000000000000000, -1.316685792266546124E-30 ) ) ;
#2807 = ORIENTED_EDGE ( 'NONE', *, *, #2120, .F. ) ;
#2808 = CARTESIAN_POINT ( 'NONE',  ( -1.149999999999999911, 1.149999999999999911, -0.08502500005647170567 ) ) ;
#2809 = EDGE_CURVE ( 'NONE', #3324, #1180, #50, .T. ) ;
#2810 = CYLINDRICAL_SURFACE ( 'NONE', #2119, 0.02499999999999995628 ) ;
#2811 = CIRCLE ( 'NONE', #1961, 0.02499999999999995628 ) ;
#2812 = ADVANCED_FACE ( 'NONE', ( #2229 ), #3646, .T. ) ;
#2813 = DIRECTION ( 'NONE',  ( 1.000000000000000000, 0.000000000000000000, -6.982962677686270655E-15 ) ) ;
#2814 = EDGE_CURVE ( 'NONE', #783, #4011, #96, .T. ) ;
#2815 = AXIS2_PLACEMENT_3D ( 'NONE', #1323, #1933, #1998 ) ;
#2816 = DIRECTION ( 'NONE',  ( -0.000000000000000000, 0.000000000000000000, 1.000000000000000000 ) ) ;
#2817 = EDGE_CURVE ( 'NONE', #927, #64, #763, .T. ) ;
#2818 = ORIENTED_EDGE ( 'NONE', *, *, #2317, .T. ) ;
#2819 = ITEM_DEFINED_TRANSFORMATION ( 'NONE', 'NONE', #2909,  #691 ) ;
#2820 = VECTOR ( 'NONE', #1361, 1000.000000000000114 ) ;
#2821 = FACE_OUTER_BOUND ( 'NONE', #337, .T. ) ;
#2822 = FACE_OUTER_BOUND ( 'NONE', #3715, .T. ) ;
#2823 = APPLICATION_CONTEXT ( 'configuration controlled 3d designs of mechanical parts and assemblies' ) ;
#2824 = ORIENTED_EDGE ( 'NONE', *, *, #3627, .F. ) ;
#2825 = CIRCLE ( 'NONE', #2965, 0.02499999999999995628 ) ;
#2826 = ORIENTED_EDGE ( 'NONE', *, *, #1992, .T. ) ;
#2827 = DIRECTION ( 'NONE',  ( 1.000000000000000000, 0.000000000000000000, -6.505213034913027393E-15 ) ) ;
#2828 = CARTESIAN_POINT ( 'NONE',  ( 0.1749999999999969913, 0.05000000000000000278, -0.3551250000564810660 ) ) ;
#2829 = VECTOR ( 'NONE', #1541, 1000.000000000000000 ) ;
#2830 = EDGE_LOOP ( 'NONE', ( #3049, #2933, #1678, #3485, #2901, #1027, #1775, #574 ) ) ;
#2831 = CARTESIAN_POINT ( 'NONE',  ( -0.6600000000000000311, 0.000000000000000000, -0.3551250000564750153 ) ) ;
#2832 = LINE ( 'NONE', #1569, #2656 ) ;
#2833 = VECTOR ( 'NONE', #2449, 1000.000000000000000 ) ;
#2834 = CARTESIAN_POINT ( 'NONE',  ( 0.6350000000000000089, 0.2500000000000000000, -0.3550000000000045342 ) ) ;
#2835 = DIRECTION ( 'NONE',  ( -0.000000000000000000, 1.000000000000000000, 0.000000000000000000 ) ) ;
#2836 = ORIENTED_EDGE ( 'NONE', *, *, #1622, .T. ) ;
#2837 = PERSON_AND_ORGANIZATION ( #339, #2388 ) ;
#2838 = EDGE_CURVE ( 'NONE', #1801, #1942, #2840, .T. ) ;
#2839 = EDGE_CURVE ( 'NONE', #235, #820, #3004, .T. ) ;
#2840 =( BOUNDED_CURVE ( )  B_SPLINE_CURVE ( 2, ( #435, #3916, #1106 ),
 .UNSPECIFIED., .F., .F. ) 
 B_SPLINE_CURVE_WITH_KNOTS ( ( 3, 3 ),
 ( 0.000000000000000000, 1.000000000000000000 ),
 .UNSPECIFIED. ) 
 CURVE ( )  GEOMETRIC_REPRESENTATION_ITEM ( )  RATIONAL_B_SPLINE_CURVE ( ( 1.000000000000000000, 3.231801218513670193, 1.000000000000000000 ) ) 
 REPRESENTATION_ITEM ( '' )  );
#2841 = VECTOR ( 'NONE', #2436, 1000.000000000000000 ) ;
#2842 = LINE ( 'NONE', #2548, #1217 ) ;
#2843 = AXIS2_PLACEMENT_3D ( 'NONE', #1163, #2423, #1813 ) ;
#2844 = DIRECTION ( 'NONE',  ( 1.000000000000000000, 0.000000000000000000, -6.505213034913037648E-15 ) ) ;
#2845 = ORIENTED_EDGE ( 'NONE', *, *, #1272, .T. ) ;
#2846 = AXIS2_PLACEMENT_3D ( 'NONE', #3198, #2277, #56 ) ;
#2847 = LOCAL_TIME ( 11, 1, 48.00000000000000000, #965 ) ;
#2848 = VERTEX_POINT ( 'NONE', #1981 ) ;
#2849 = CARTESIAN_POINT ( 'NONE',  ( 0.3099999999999999978, -0.5950000000000000844, -0.3551250000564820097 ) ) ;
#2850 = LINE ( 'NONE', #2905, #290 ) ;
#2851 = ORIENTED_EDGE ( 'NONE', *, *, #343, .F. ) ;
#2852 = CARTESIAN_POINT ( 'NONE',  ( 0.1149999999999967992, 0.07499999999999999722, -0.3551250000564805109 ) ) ;
#2853 = CARTESIAN_POINT ( 'NONE',  ( 0.4850000000000000422, -0.5950000000000000844, -0.3551250000564830089 ) ) ;
#2854 = CARTESIAN_POINT ( 'NONE',  ( 0.2389444872453570234, 0.2500000000000000000, -0.3549999999999999822 ) ) ;
#2855 = DIRECTION ( 'NONE',  ( -1.000000000000000000, 0.000000000000000000, 7.228014483236693597E-15 ) ) ;
#2856 = ORIENTED_EDGE ( 'NONE', *, *, #261, .F. ) ;
#2857 = CALENDAR_DATE ( 2026, 26, 8 ) ;
#2858 = CARTESIAN_POINT ( 'NONE',  ( 1.149999999999999911, -1.149999999999999911, -0.08502500005648770676 ) ) ;
#2859 = FACE_OUTER_BOUND ( 'NONE', #922, .T. ) ;
#2860 = ADVANCED_FACE ( 'NONE', ( #1677 ), #2311, .T. ) ;
#2861 = EDGE_LOOP ( 'NONE', ( #2903, #1734, #3632, #677 ) ) ;
#2862 = VERTEX_POINT ( 'NONE', #453 ) ;
#2863 = VECTOR ( 'NONE', #2055, 1000.000000000000000 ) ;
#2864 = CARTESIAN_POINT ( 'NONE',  ( 0.1749999999999969913, 1.219727444046191995E-16, -0.3551250000564810660 ) ) ;
#2866 = EDGE_CURVE ( 'NONE', #3607, #1726, #3038, .T. ) ;
#2865 = CYLINDRICAL_SURFACE ( 'NONE', #3881, 0.02500000000000001180 ) ;
#2867 = EDGE_CURVE ( 'NONE', #2147, #2596, #800, .T. ) ;
#2868 = VERTEX_POINT ( 'NONE', #1458 ) ;
#2869 = CALENDAR_DATE ( 2026, 26, 8 ) ;
#2870 = CARTESIAN_POINT ( 'NONE',  ( 0.3551249999651975298, -2.723253226996780185, 5.000000000000000000 ) ) ;
#2871 = LINE ( 'NONE', #78, #2560 ) ;
#2872 = CARTESIAN_POINT ( 'NONE',  ( -0.6600000000000000311, -0.5950000000000000844, -0.3551250000564750153 ) ) ;
#2873 = DIRECTION ( 'NONE',  ( 1.000000000000000000, 0.000000000000000000, -6.505213034913023449E-15 ) ) ;
#2874 = DIRECTION ( 'NONE',  ( 1.000000000000000000, 0.000000000000000000, -6.505213034913023449E-15 ) ) ;
#2875 = VERTEX_POINT ( 'NONE', #132 ) ;
#2877 = VECTOR ( 'NONE', #269, 1000.000000000000000 ) ;
#2876 = CONTEXT_DEPENDENT_SHAPE_REPRESENTATION ( #871, #3891 ) ;
#2878 = DIRECTION ( 'NONE',  ( -0.000000000000000000, -0.000000000000000000, -1.000000000000000000 ) ) ;
#2879 = AXIS2_PLACEMENT_3D ( 'NONE', #2956, #3286, #2915 ) ;
#2880 = DIRECTION ( 'NONE',  ( -6.982962677686270655E-15, 0.000000000000000000, -1.000000000000000000 ) ) ;
#2881 = VERTEX_POINT ( 'NONE', #2985 ) ;
#2882 = VECTOR ( 'NONE', #3186, 1000.000000000000000 ) ;
#2883 = ORIENTED_EDGE ( 'NONE', *, *, #2866, .T. ) ;
#2884 = CARTESIAN_POINT ( 'NONE',  ( 0.1749999999999969913, 1.219727444046191995E-16, -0.3551250000564810660 ) ) ;
#2885 = DIRECTION ( 'NONE',  ( 6.505213034913021082E-15, 0.000000000000000000, 1.000000000000000000 ) ) ;
#2886 = ORIENTED_EDGE ( 'NONE', *, *, #3676, .F. ) ;
#2887 = PERSON_AND_ORGANIZATION ( #339, #2388 ) ;
#2888 = EDGE_CURVE ( 'NONE', #2921, #1839, #195, .T. ) ;
#2889 = EDGE_CURVE ( 'NONE', #974, #1683, #1142, .T. ) ;
#2890 = ADVANCED_FACE ( 'NONE', ( #1150 ), #3294, .F. ) ;
#2891 = CARTESIAN_POINT ( 'NONE',  ( -2.913505490301934844E-15, 0.2799999999999999711, -0.3551250000564795117 ) ) ;
#2892 = DIRECTION ( 'NONE',  ( 1.000000000000000000, 0.000000000000000000, -6.505213034913023449E-15 ) ) ;
#2893 = CIRCLE ( 'NONE', #809, 0.02499999999999995628 ) ;
#2894 = CARTESIAN_POINT ( 'NONE',  ( 1.149999999999999911, 1.149999999999999911, 0.004974999943512300321 ) ) ;
#2895 = VECTOR ( 'NONE', #3789, 1000.000000000000000 ) ;
#2896 = DIRECTION ( 'NONE',  ( -6.982962677686270655E-15, 0.000000000000000000, -1.000000000000000000 ) ) ;
#2897 = DIRECTION ( 'NONE',  ( 6.982962677686270655E-15, 0.000000000000000000, 1.000000000000000000 ) ) ;
#2898 = ORIENTED_EDGE ( 'NONE', *, *, #992, .T. ) ;
#2899 = LINE ( 'NONE', #3827, #3826 ) ;
#2900 = LINE ( 'NONE', #413, #2441 ) ;
#2901 = ORIENTED_EDGE ( 'NONE', *, *, #526, .T. ) ;
#2902 = ORIENTED_EDGE ( 'NONE', *, *, #1450, .F. ) ;
#2903 = ORIENTED_EDGE ( 'NONE', *, *, #1127, .F. ) ;
#2904 = DIRECTION ( 'NONE',  ( -1.000000000000000000, 0.000000000000000000, 7.228014483236693597E-15 ) ) ;
#2905 = CARTESIAN_POINT ( 'NONE',  ( -0.09000000000000249467, 0.000000000000000000, -0.3551250000564790676 ) ) ;
#2906 = ORIENTED_EDGE ( 'NONE', *, *, #1452, .F. ) ;
#2907 = CIRCLE ( 'NONE', #957, 0.02499999999999999792 ) ;
#2908 = PERSON_AND_ORGANIZATION_ROLE ( 'design_supplier' ) ;
#2909 = AXIS2_PLACEMENT_3D ( 'NONE', #1281, #3467, #668 ) ;
#2910 = DIRECTION ( 'NONE',  ( 0.000000000000000000, 1.000000000000000000, 0.000000000000000000 ) ) ;
#2911 = LOCAL_TIME ( 11, 1, 48.00000000000000000, #3880 ) ;
#2912 = CARTESIAN_POINT ( 'NONE',  ( 0.5810555127546370713, 0.3200000000000000067, -0.3551250000564840081 ) ) ;
#2913 = EDGE_CURVE ( 'NONE', #2007, #1082, #2610, .T. ) ;
#2914 = LINE ( 'NONE', #1252, #3346 ) ;
#2915 = DIRECTION ( 'NONE',  ( -1.000000000000000000, 0.000000000000000000, 6.505213034913023449E-15 ) ) ;
#2916 = CARTESIAN_POINT ( 'NONE',  ( -0.07925871954190913393, -2.269672767682391790, 5.000000000000000000 ) ) ;
#2917 = ORIENTED_EDGE ( 'NONE', *, *, #2269, .T. ) ;
#2918 = CARTESIAN_POINT ( 'NONE',  ( 0.08999999999999680478, 0.5950000000000000844, -0.3551250000564805109 ) ) ;
#2919 = DIRECTION ( 'NONE',  ( -6.505213034913040804E-15, 0.000000000000000000, -1.000000000000000000 ) ) ;
#2920 = ORIENTED_EDGE ( 'NONE', *, *, #3752, .F. ) ;
#2921 = VERTEX_POINT ( 'NONE', #2373 ) ;
#2922 = ORIENTED_EDGE ( 'NONE', *, *, #905, .T. ) ;
#2923 = FACE_OUTER_BOUND ( 'NONE', #2411, .T. ) ;
#2924 = DIRECTION ( 'NONE',  ( 6.505213034913021082E-15, 0.000000000000000000, 1.000000000000000000 ) ) ;
#2925 = ORIENTED_EDGE ( 'NONE', *, *, #3418, .T. ) ;
#2926 = APPLICATION_PROTOCOL_DEFINITION ( 'international standard', 'config_control_design', 1994, #2980 ) ;
#2927 = CARTESIAN_POINT ( 'NONE',  ( 0.5100000000000000089, -0.5699999999999999512, -0.3551250000564835640 ) ) ;
#2928 = LINE ( 'NONE', #121, #2325 ) ;
#2929 = EDGE_CURVE ( 'NONE', #1872, #2025, #2632, .T. ) ;
#2930 = DIRECTION ( 'NONE',  ( 6.982962677686270655E-15, 0.000000000000000000, 1.000000000000000000 ) ) ;
#2931 = CARTESIAN_POINT ( 'NONE',  ( 0.08999999999999680478, 0.2250000000000000056, -0.3551250000564805109 ) ) ;
#2932 = CARTESIAN_POINT ( 'NONE',  ( 0.08999999999999680478, -0.07499999999999999722, -0.3549999999999999822 ) ) ;
#2933 = ORIENTED_EDGE ( 'NONE', *, *, #3796, .T. ) ;
#2934 = SECURITY_CLASSIFICATION_LEVEL ( 'unclassified' ) ;
#2935 = EDGE_CURVE ( 'NONE', #2315, #1500, #3225, .T. ) ;
#2936 = EDGE_CURVE ( 'NONE', #3938, #2394, #621, .T. ) ;
#2937 = EDGE_CURVE ( 'NONE', #87, #1760, #2244, .T. ) ;
#2938 = DIRECTION ( 'NONE',  ( 1.000000000000000000, 0.000000000000000000, -7.228014483236693597E-15 ) ) ;
#2939 = DIRECTION ( 'NONE',  ( 1.000000000000000000, 0.000000000000000000, -6.505213034913023449E-15 ) ) ;
#2940 = ORIENTED_EDGE ( 'NONE', *, *, #2040, .T. ) ;
#2941 = VECTOR ( 'NONE', #799, 1000.000000000000000 ) ;
#2942 = VERTEX_POINT ( 'NONE', #3273 ) ;
#2943 = AXIS2_PLACEMENT_3D ( 'NONE', #1547, #3762, #2788 ) ;
#2944 = ORIENTED_EDGE ( 'NONE', *, *, #2397, .F. ) ;
#2945 = LINE ( 'NONE', #2680, #3768 ) ;
#2946 = CARTESIAN_POINT ( 'NONE',  ( 0.6350000000000000089, 0.03499999999999999639, -0.3550000000000045342 ) ) ;
#2947 = AXIS2_PLACEMENT_3D ( 'NONE', #2243, #1861, #1687 ) ;
#2948 = ORIENTED_EDGE ( 'NONE', *, *, #2686, .F. ) ;
#2949 = APPLICATION_PROTOCOL_DEFINITION ( 'international standard', 'config_control_design', 1994, #2823 ) ;
#2950 = AXIS2_PLACEMENT_3D ( 'NONE', #1771, #1709, #2955 ) ;
#2951 = CARTESIAN_POINT ( 'NONE',  ( 0.1149999999999969935, 0.2500000000000000000, -0.3551250000564805109 ) ) ;
#2952 = CARTESIAN_POINT ( 'NONE',  ( 0.3099999999999999978, 0.5950000000000000844, -0.3551250000564820097 ) ) ;
#2953 =( REPRESENTATION_RELATIONSHIP ('NONE','NONE', #3442, #2143 ) REPRESENTATION_RELATIONSHIP_WITH_TRANSFORMATION ( #640 )SHAPE_REPRESENTATION_RELATIONSHIP( ) );
#2954 = AXIS2_PLACEMENT_3D ( 'NONE', #779, #470, #2330 ) ;
#2955 = DIRECTION ( 'NONE',  ( 0.9986295347545740553, 0.05233595624294033744, 0.000000000000000000 ) ) ;
#2956 = CARTESIAN_POINT ( 'NONE',  ( 0.2389444872453570234, 0.3449999999999999734, -0.3551250000564815656 ) ) ;
#2957 = CARTESIAN_POINT ( 'NONE',  ( 0.1149999999999967992, 0.2250000000000000056, -0.3551250000564805109 ) ) ;
#2958 = AXIS2_PLACEMENT_3D ( 'NONE', #1070, #1724, #2010 ) ;
#2959 = ORIENTED_EDGE ( 'NONE', *, *, #150, .T. ) ;
#2960 = AXIS2_PLACEMENT_3D ( 'NONE', #3150, #1600, #680 ) ;
#2961 = DIRECTION ( 'NONE',  ( -6.505213034913040804E-15, 0.000000000000000000, -1.000000000000000000 ) ) ;
#2962 = DIRECTION ( 'NONE',  ( 0.000000000000000000, 1.000000000000000000, 0.000000000000000000 ) ) ;
#2963 = ORIENTED_EDGE ( 'NONE', *, *, #3121, .T. ) ;
#2964 = ORIENTED_EDGE ( 'NONE', *, *, #1868, .F. ) ;
#2965 = AXIS2_PLACEMENT_3D ( 'NONE', #3312, #449, #3864 ) ;
#2966 = ADVANCED_FACE ( 'NONE', ( #2696 ), #516, .T. ) ;
#2967 = ORIENTED_EDGE ( 'NONE', *, *, #1642, .F. ) ;
#2968 = CARTESIAN_POINT ( 'NONE',  ( 0.5599999999999999423, 0.5699999999999999512, -0.3551250000564835640 ) ) ;
#2969 = DIRECTION ( 'NONE',  ( 0.000000000000000000, 1.000000000000000000, 0.000000000000000000 ) ) ;
#2970 = ORIENTED_EDGE ( 'NONE', *, *, #3752, .T. ) ;
#2971 = APPROVAL_DATE_TIME ( #2114, #1432 ) ;
#2972 = LINE ( 'NONE', #2927, #1236 ) ;
#2973 = VECTOR ( 'NONE', #158, 1000.000000000000000 ) ;
#2974 = AXIS2_PLACEMENT_3D ( 'NONE', #3369, #3967, #2404 ) ;
#2975 = EDGE_CURVE ( 'NONE', #3051, #556, #2757, .T. ) ;
#2976 = CARTESIAN_POINT ( 'NONE',  ( 0.5810555127546370713, 0.2500000000000000000, -0.3551250000564840081 ) ) ;
#2977 = CIRCLE ( 'NONE', #2259, 0.02499999999999999792 ) ;
#2978 = LOCAL_TIME ( 11, 1, 48.00000000000000000, #487 ) ;
#2979 = LINE ( 'NONE', #2057, #3083 ) ;
#2980 = APPLICATION_CONTEXT ( 'configuration controlled 3d designs of mechanical parts and assemblies' ) ;
#2981 = FACE_BOUND ( 'NONE', #757, .T. ) ;
#2982 = CARTESIAN_POINT ( 'NONE',  ( 0.6350000000000000089, 0.2500000000000000000, -0.3549999999999999822 ) ) ;
#2983 = ORIENTED_EDGE ( 'NONE', *, *, #3978, .F. ) ;
#2984 = CARTESIAN_POINT ( 'NONE',  ( 0.5599999999999999423, 0.5199999999999999067, -0.3551250000564835640 ) ) ;
#2985 = CARTESIAN_POINT ( 'NONE',  ( 0.6600000000000000311, 0.2250000000000000056, -0.3551250000564845077 ) ) ;
#2986 = ORIENTED_EDGE ( 'NONE', *, *, #1148, .F. ) ;
#2987 = ORIENTED_EDGE ( 'NONE', *, *, #2294, .F. ) ;
#2988 = ORIENTED_EDGE ( 'NONE', *, *, #1117, .F. ) ;
#2989 = CARTESIAN_POINT ( 'NONE',  ( -6.994875025828874548, 10.47738999221430234, 5.000000000000000000 ) ) ;
#2990 = EDGE_CURVE ( 'NONE', #3234, #3962, #1798, .T. ) ;
#2991 = CARTESIAN_POINT ( 'NONE',  ( 0.08999999999999680478, 0.2250000000000000056, -0.3551250000564805109 ) ) ;
#2992 = VERTEX_POINT ( 'NONE', #3104 ) ;
#2993 = APPROVAL_STATUS ( 'not_yet_approved' ) ;
#2994 = EDGE_CURVE ( 'NONE', #3673, #2401, #2060, .T. ) ;
#2995 = DIRECTION ( 'NONE',  ( -0.000000000000000000, -0.000000000000000000, -1.000000000000000000 ) ) ;
#2996 = EDGE_CURVE ( 'NONE', #1726, #2117, #406, .T. ) ;
#2997 = CC_DESIGN_DATE_AND_TIME_ASSIGNMENT ( #162, #2558, ( #2794 ) ) ;
#2998 = DIRECTION ( 'NONE',  ( -1.000000000000000000, 0.000000000000000000, 6.505213034913023449E-15 ) ) ;
#2999 = CARTESIAN_POINT ( 'NONE',  ( 0.1149999999999967992, -0.3449999999999999734, -0.3551250000564805109 ) ) ;
#3000 = AXIS2_PLACEMENT_3D ( 'NONE', #772, #2091, #1751 ) ;
#3001 = CARTESIAN_POINT ( 'NONE',  ( -0.7423668819740020242, -3.935206599586729137, 5.000000000000000000 ) ) ;
#3002 = VERTEX_POINT ( 'NONE', #2734 ) ;
#3003 = PLANE ( 'NONE',  #2612 ) ;
#3004 = LINE ( 'NONE', #3868, #944 ) ;
#3005 = ORIENTED_EDGE ( 'NONE', *, *, #2217, .F. ) ;
#3006 = EDGE_LOOP ( 'NONE', ( #2255, #1232, #681, #506 ) ) ;
#3007 = ORIENTED_EDGE ( 'NONE', *, *, #625, .F. ) ;
#3008 = DIRECTION ( 'NONE',  ( 1.000000000000000000, 0.000000000000000000, -6.505213034913027393E-15 ) ) ;
#3009 = LINE ( 'NONE', #523, #2765 ) ;
#3010 = VERTEX_POINT ( 'NONE', #3379 ) ;
#3011 = APPROVAL_STATUS ( 'not_yet_approved' ) ;
#3012 = AXIS2_PLACEMENT_3D ( 'NONE', #2472, #3411, #1836 ) ;
#3013 = CARTESIAN_POINT ( 'NONE',  ( -0.09000000000000249467, 0.000000000000000000, -0.3551250000564790676 ) ) ;
#3014 = DIRECTION ( 'NONE',  ( -1.000000000000000000, 0.000000000000000000, 6.505213034913037648E-15 ) ) ;
#3015 = ADVANCED_FACE ( 'NONE', ( #1537 ), #861, .F. ) ;
#3016 = EDGE_CURVE ( 'NONE', #1216, #926, #2452, .T. ) ;
#3017 = CIRCLE ( 'NONE', #2947, 0.04500000000000001221 ) ;
#3018 = ADVANCED_FACE ( 'NONE', ( #3087 ), #2105, .T. ) ;
#3019 = APPROVAL ( #130, 'UNKNOWN' ) ;
#3020 = CARTESIAN_POINT ( 'NONE',  ( 0.6600000000000000311, 0.06000000000000000472, -0.3551250000564845077 ) ) ;
#3021 = CARTESIAN_POINT ( 'NONE',  ( 0.3099999999999999978, 0.5950000000000000844, -0.3551250000564820097 ) ) ;
#3022 = ORIENTED_EDGE ( 'NONE', *, *, #3151, .F. ) ;
#3023 = AXIS2_PLACEMENT_3D ( 'NONE', #2379, #1093, #1135 ) ;
#3024 = CARTESIAN_POINT ( 'NONE',  ( -2.913505490301934844E-15, -0.4000000000000000222, -0.3551250000564795117 ) ) ;
#3025 = CARTESIAN_POINT ( 'NONE',  ( 0.1149999999999969935, 0.6199999999999999956, -0.3551250000564805109 ) ) ;
#3026 = VERTEX_POINT ( 'NONE', #619 ) ;
#3027 = ORIENTED_EDGE ( 'NONE', *, *, #2173, .F. ) ;
#3028 = VECTOR ( 'NONE', #3935, 1000.000000000000000 ) ;
#3029 = ORIENTED_EDGE ( 'NONE', *, *, #822, .T. ) ;
#3030 = CARTESIAN_POINT ( 'NONE',  ( 0.5100000000000000089, 0.5950000000000000844, -0.3551250000564835640 ) ) ;
#3031 = PLANE ( 'NONE',  #1264 ) ;
#3032 = AXIS2_PLACEMENT_3D ( 'NONE', #2957, #2038, #796 ) ;
#3033 = VERTEX_POINT ( 'NONE', #3048 ) ;
#3034 = PERSON_AND_ORGANIZATION_ROLE ( 'design_supplier' ) ;
#3035 = CARTESIAN_POINT ( 'NONE',  ( 0.5810555127546370713, 0.3449999999999999734, -0.3551250000564840081 ) ) ;
#3036 = ORIENTED_EDGE ( 'NONE', *, *, #3151, .T. ) ;
#3037 = FACE_OUTER_BOUND ( 'NONE', #2475, .T. ) ;
#3038 = B_SPLINE_CURVE_WITH_KNOTS ( 'NONE', 2,
 ( #2334, #1439, #3602 ),
 .UNSPECIFIED., .F., .F.,
 ( 3, 3 ),
 ( 0.4976672411085089620, 0.4995542795880109632 ),
 .UNSPECIFIED. ) ;
#3039 = CIRCLE ( 'NONE', #1735, 0.02499999999999995628 ) ;
#3040 = DIRECTION ( 'NONE',  ( -0.000000000000000000, -0.000000000000000000, -1.000000000000000000 ) ) ;
#3041 = EDGE_CURVE ( 'NONE', #414, #1048, #3357, .T. ) ;
#3042 = DIRECTION ( 'NONE',  ( 0.000000000000000000, 1.000000000000000000, 0.000000000000000000 ) ) ;
#3043 = ORIENTED_EDGE ( 'NONE', *, *, #2514, .F. ) ;
#3044 = AXIS2_PLACEMENT_3D ( 'NONE', #1258, #3075, #2498 ) ;
#3045 = VECTOR ( 'NONE', #1647, 1000.000000000000000 ) ;
#3046 = CARTESIAN_POINT ( 'NONE',  ( 0.6600000000000000311, -0.06000000000000000472, -0.3551250000564845077 ) ) ;
#3047 = CC_DESIGN_SECURITY_CLASSIFICATION ( #2327, ( #4046 ) ) ;
#3048 = CARTESIAN_POINT ( 'NONE',  ( 0.1849999999999965006, -0.6199999999999999956, -0.3551250000564810660 ) ) ;
#3049 = ORIENTED_EDGE ( 'NONE', *, *, #2536, .T. ) ;
#3050 = APPROVAL ( #84, 'UNKNOWN' ) ;
#3051 = VERTEX_POINT ( 'NONE', #3412 ) ;
#3052 = ORIENTED_EDGE ( 'NONE', *, *, #2929, .T. ) ;
#3053 = CARTESIAN_POINT ( 'NONE',  ( 0.08999999999999680478, -0.3449999999999999734, -0.3551250000564805109 ) ) ;
#3054 = DIRECTION ( 'NONE',  ( 7.228014483236690442E-15, 0.000000000000000000, 1.000000000000000000 ) ) ;
#3055 = EDGE_LOOP ( 'NONE', ( #3126, #2351, #4005, #1395 ) ) ;
#3056 = CARTESIAN_POINT ( 'NONE',  ( 0.2389444872453570234, 0.3200000000000000067, -0.3551250000564815656 ) ) ;
#3057 = CARTESIAN_POINT ( 'NONE',  ( 0.6350000000000000089, 0.3200000000000000067, -0.3551250000564840081 ) ) ;
#3058 = VERTEX_POINT ( 'NONE', #581 ) ;
#3059 = LINE ( 'NONE', #1118, #2649 ) ;
#3060 = CARTESIAN_POINT ( 'NONE',  ( 0.4681785439136939564, 0.03857142857142870779, -0.3551250000564830089 ) ) ;
#3061 = FACE_OUTER_BOUND ( 'NONE', #3936, .T. ) ;
#3062 = ORIENTED_EDGE ( 'NONE', *, *, #562, .T. ) ;
#3063 = EDGE_CURVE ( 'NONE', #3230, #1624, #2309, .T. ) ;
#3064 = CARTESIAN_POINT ( 'NONE',  ( 0.6350000000000000089, 0.2250000000000000056, -0.3551250000564840081 ) ) ;
#3065 = CARTESIAN_POINT ( 'NONE',  ( 0.3551249999651975298, -2.723253226996780185, -5.000000000000000000 ) ) ;
#3066 = ORIENTED_EDGE ( 'NONE', *, *, #1474, .F. ) ;
#3067 = EDGE_LOOP ( 'NONE', ( #3088, #1484, #3735, #1231 ) ) ;
#3068 = EDGE_CURVE ( 'NONE', #457, #471, #3665, .T. ) ;
#3069 = ADVANCED_FACE ( 'NONE', ( #1168 ), #885, .F. ) ;
#3070 = EDGE_CURVE ( 'NONE', #1761, #289, #1786, .T. ) ;
#3071 = VERTEX_POINT ( 'NONE', #1248 ) ;
#3072 = CARTESIAN_POINT ( 'NONE',  ( 0.1149999999999969935, -0.3200000000000000067, -0.3551250000564805109 ) ) ;
#3073 = DIRECTION ( 'NONE',  ( 1.000000000000000000, 0.000000000000000000, -6.505213034913027393E-15 ) ) ;
#3074 = EDGE_LOOP ( 'NONE', ( #2101, #134, #589, #1846, #1657, #2553, #3159, #797 ) ) ;
#3075 = DIRECTION ( 'NONE',  ( 6.505213034913021082E-15, 0.000000000000000000, 1.000000000000000000 ) ) ;
#3076 = CARTESIAN_POINT ( 'NONE',  ( 0.6350000000000000089, 0.4949999999999999956, -0.3550000000000045342 ) ) ;
#3077 = ORIENTED_EDGE ( 'NONE', *, *, #602, .T. ) ;
#3078 = AXIS2_PLACEMENT_3D ( 'NONE', #1063, #194, #3915 ) ;
#3079 = CARTESIAN_POINT ( 'NONE',  ( 0.5599999999999999423, -0.5199999999999999067, -0.3551250000564835640 ) ) ;
#3080 = CARTESIAN_POINT ( 'NONE',  ( 0.1149999999999969935, 0.6199999999999999956, -0.3551250000564805109 ) ) ;
#3081 = AXIS2_PLACEMENT_3D ( 'NONE', #1411, #2284, #2653 ) ;
#3082 = LINE ( 'NONE', #1206, #2108 ) ;
#3083 = VECTOR ( 'NONE', #835, 1000.000000000000114 ) ;
#3084 = ORIENTED_EDGE ( 'NONE', *, *, #2171, .T. ) ;
#3085 = VECTOR ( 'NONE', #576, 1000.000000000000000 ) ;
#3086 = CARTESIAN_POINT ( 'NONE',  ( -8.981845694529432933, 12.60815517220120086, 5.000000000000000000 ) ) ;
#3087 = FACE_OUTER_BOUND ( 'NONE', #738, .T. ) ;
#3088 = ORIENTED_EDGE ( 'NONE', *, *, #3453, .F. ) ;
#3089 = AXIS2_PLACEMENT_3D ( 'NONE', #936, #1555, #1909 ) ;
#3090 = ORIENTED_EDGE ( 'NONE', *, *, #203, .T. ) ;
#3091 = DIRECTION ( 'NONE',  ( -1.000000000000000000, 0.000000000000000000, 6.505213034913027393E-15 ) ) ;
#3092 = CARTESIAN_POINT ( 'NONE',  ( 0.6350000000000000089, -0.3449999999999999734, -0.3550000000000045342 ) ) ;
#3093 = ADVANCED_FACE ( 'NONE', ( #1479 ), #2796, .F. ) ;
#3094 = ORIENTED_EDGE ( 'NONE', *, *, #2182, .T. ) ;
#3095 = AXIS2_PLACEMENT_3D ( 'NONE', #1643, #3237, #1626 ) ;
#3096 = VECTOR ( 'NONE', #2223, 1000.000000000000000 ) ;
#3097 = DIRECTION ( 'NONE',  ( 6.505213034913030548E-15, 0.000000000000000000, 1.000000000000000000 ) ) ;
#3098 = DIRECTION ( 'NONE',  ( 1.000000000000000000, 0.000000000000000000, -6.505213034913037648E-15 ) ) ;
#3099 = ORIENTED_EDGE ( 'NONE', *, *, #3321, .F. ) ;
#3100 =( LENGTH_UNIT ( ) NAMED_UNIT ( * ) SI_UNIT ( .MILLI., .METRE. ) );
#3101 = DIRECTION ( 'NONE',  ( 6.982962677686270655E-15, 0.000000000000000000, 1.000000000000000000 ) ) ;
#3102 = PLANE ( 'NONE',  #35 ) ;
#3103 = CARTESIAN_POINT ( 'NONE',  ( 0.3350000000000000200, 0.6199999999999999956, -0.3551250000564820097 ) ) ;
#3104 = CARTESIAN_POINT ( 'NONE',  ( -0.6350000000000000089, 0.4000000000000000222, -0.3551250000564750153 ) ) ;
#3105 = VECTOR ( 'NONE', #1879, 1000.000000000000000 ) ;
#3106 = CIRCLE ( 'NONE', #3174, 0.02500000000000001180 ) ;
#3107 = ORIENTED_EDGE ( 'NONE', *, *, #500, .T. ) ;
#3108 = CALENDAR_DATE ( 2026, 26, 8 ) ;
#3109 = LINE ( 'NONE', #1345, #3214 ) ;
#3110 = CC_DESIGN_SECURITY_CLASSIFICATION ( #2134, ( #766 ) ) ;
#3111 = CARTESIAN_POINT ( 'NONE',  ( 0.5810555127546370713, 0.3200000000000000067, -0.3551250000564840081 ) ) ;
#3112 = LINE ( 'NONE', #2740, #2829 ) ;
#3113 = ORIENTED_EDGE ( 'NONE', *, *, #651, .F. ) ;
#3114 = LINE ( 'NONE', #320, #919 ) ;
#3115 = DIRECTION ( 'NONE',  ( 1.000000000000000000, 0.000000000000000000, -6.982962677686270655E-15 ) ) ;
#3116 = EDGE_LOOP ( 'NONE', ( #257, #1583, #1697, #3427 ) ) ;
#3117 = DIRECTION ( 'NONE',  ( 0.000000000000000000, 0.000000000000000000, 1.000000000000000000 ) ) ;
#3118 = ADVANCED_BREP_SHAPE_REPRESENTATION ( '', ( #1829, #691 ), #4031 ) ;
#3119 = EDGE_CURVE ( 'NONE', #4000, #3812, #559, .T. ) ;
#3120 = EDGE_CURVE ( 'NONE', #1925, #3894, #270, .T. ) ;
#3121 = EDGE_CURVE ( 'NONE', #2315, #1213, #3690, .T. ) ;
#3122 = CARTESIAN_POINT ( 'NONE',  ( 0.3099999999999999978, -0.5699999999999999512, -0.3551250000564820097 ) ) ;
#3123 = CARTESIAN_POINT ( 'NONE',  ( 0.08999999999999680478, -0.07499999999999999722, -0.3551250000564805109 ) ) ;
#3124 = CARTESIAN_POINT ( 'NONE',  ( -10.21500838427921387, -3.697644103227559320, 5.000000000000000000 ) ) ;
#3125 = DIRECTION ( 'NONE',  ( -0.1736481776669762667, 0.9848077530122000267, 0.000000000000000000 ) ) ;
#3126 = ORIENTED_EDGE ( 'NONE', *, *, #997, .F. ) ;
#3127 = CALENDAR_DATE ( 2026, 26, 8 ) ;
#3128 = AXIS2_PLACEMENT_3D ( 'NONE', #609, #14, #1827 ) ;
#3129 = DIRECTION ( 'NONE',  ( -4.373741005274489641E-16, 1.000000000000000000, 3.054167020169775208E-30 ) ) ;
#3130 = FACE_OUTER_BOUND ( 'NONE', #1023, .T. ) ;
#3131 = ORIENTED_EDGE ( 'NONE', *, *, #898, .F. ) ;
#3132 = ORIENTED_EDGE ( 'NONE', *, *, #3444, .F. ) ;
#3133 = CARTESIAN_POINT ( 'NONE',  ( -1.394874999943561011, 1.976269565185000410, -5.000000000000000000 ) ) ;
#3134 = LINE ( 'NONE', #4004, #2032 ) ;
#3135 = ORIENTED_EDGE ( 'NONE', *, *, #3375, .T. ) ;
#3136 = CARTESIAN_POINT ( 'NONE',  ( 0.000000000000000000, 0.000000000000000000, 0.000000000000000000 ) ) ;
#3137 = DIRECTION ( 'NONE',  ( -1.000000000000000000, 0.000000000000000000, 6.505213034913037648E-15 ) ) ;
#3138 = AXIS2_PLACEMENT_3D ( 'NONE', #694, #3455, #1573 ) ;
#3139 = DIRECTION ( 'NONE',  ( -1.885568995626964780E-16, -1.000000000000000000, 1.316685792266546124E-30 ) ) ;
#3140 = EDGE_CURVE ( 'NONE', #1801, #197, #1594, .T. ) ;
#3141 = ADVANCED_FACE ( 'NONE', ( #2527 ), #3784, .F. ) ;
#3142 = EDGE_CURVE ( 'NONE', #2490, #1110, #714, .T. ) ;
#3143 = VECTOR ( 'NONE', #336, 1000.000000000000000 ) ;
#3144 = FACE_OUTER_BOUND ( 'NONE', #377, .T. ) ;
#3145 = CARTESIAN_POINT ( 'NONE',  ( 0.1149999999999969935, -0.2500000000000000000, -0.3549999999999999822 ) ) ;
#3146 = ORIENTED_EDGE ( 'NONE', *, *, #1630, .T. ) ;
#3147 = PERSON_AND_ORGANIZATION_ROLE ( 'classification_officer' ) ;
#3148 = CIRCLE ( 'NONE', #4007, 0.02499999999999995628 ) ;
#3149 = DIRECTION ( 'NONE',  ( -1.000000000000000000, 0.000000000000000000, 6.982962677686270655E-15 ) ) ;
#3150 = CARTESIAN_POINT ( 'NONE',  ( 0.4810555127546370380, -0.06000000000000000472, -0.3551250000564830089 ) ) ;
#3151 = EDGE_CURVE ( 'NONE', #2276, #93, #3625, .T. ) ;
#3152 = ORIENTED_EDGE ( 'NONE', *, *, #2389, .F. ) ;
#3153 = AXIS2_PLACEMENT_3D ( 'NONE', #3970, #1165, #3988 ) ;
#3154 =( BOUNDED_CURVE ( )  B_SPLINE_CURVE ( 2, ( #188, #545, #3326 ),
 .UNSPECIFIED., .F., .F. ) 
 B_SPLINE_CURVE_WITH_KNOTS ( ( 3, 3 ),
 ( 0.000000000000000000, 1.000000000000000000 ),
 .UNSPECIFIED. ) 
 CURVE ( )  GEOMETRIC_REPRESENTATION_ITEM ( )  RATIONAL_B_SPLINE_CURVE ( ( 1.000000000000000000, 3.231801218513670193, 1.000000000000000000 ) ) 
 REPRESENTATION_ITEM ( '' )  );
#3155 = ORIENTED_EDGE ( 'NONE', *, *, #872, .T. ) ;
#3156 = DIRECTION ( 'NONE',  ( -1.000000000000000000, 0.000000000000000000, 6.505213034913027393E-15 ) ) ;
#3157 = DIRECTION ( 'NONE',  ( -1.000000000000000000, -4.373741005274489641E-16, 6.982962677686270655E-15 ) ) ;
#3158 = CIRCLE ( 'NONE', #938, 0.02499999999999999792 ) ;
#3159 = ORIENTED_EDGE ( 'NONE', *, *, #2666, .F. ) ;
#3160 =( LENGTH_UNIT ( ) NAMED_UNIT ( * ) SI_UNIT ( .MILLI., .METRE. ) );
#3161 = AXIS2_PLACEMENT_3D ( 'NONE', #173, #2919, #2658 ) ;
#3162 = FACE_OUTER_BOUND ( 'NONE', #3006, .T. ) ;
#3163 = DIRECTION ( 'NONE',  ( 7.228014483236690442E-15, 0.000000000000000000, 1.000000000000000000 ) ) ;
#3164 = AXIS2_PLACEMENT_3D ( 'NONE', #309, #670, #1013 ) ;
#3165 =( REPRESENTATION_RELATIONSHIP ('NONE','NONE', #3442, #2143 ) REPRESENTATION_RELATIONSHIP_WITH_TRANSFORMATION ( #1978 )SHAPE_REPRESENTATION_RELATIONSHIP( ) );
#3166 = ADVANCED_FACE ( 'NONE', ( #3432 ), #2246, .F. ) ;
#3167 = CARTESIAN_POINT ( 'NONE',  ( 0.1149999999999969935, 0.2500000000000000000, -0.3549999999999999822 ) ) ;
#3168 = LINE ( 'NONE', #963, #1597 ) ;
#3169 = ORIENTED_EDGE ( 'NONE', *, *, #2395, .F. ) ;
#3170 = CALENDAR_DATE ( 2026, 26, 8 ) ;
#3171 = VECTOR ( 'NONE', #412, 1000.000000000000000 ) ;
#3172 = CARTESIAN_POINT ( 'NONE',  ( 0.1149999999999969935, -0.6199999999999999956, -0.3551250000564805109 ) ) ;
#3173 = CC_DESIGN_PERSON_AND_ORGANIZATION_ASSIGNMENT ( #808, #2705, ( #583 ) ) ;
#3174 = AXIS2_PLACEMENT_3D ( 'NONE', #811, #1181, #3702 ) ;
#3175 = LINE ( 'NONE', #374, #2767 ) ;
#3176 = ORIENTED_EDGE ( 'NONE', *, *, #3579, .F. ) ;
#3177 = AXIS2_PLACEMENT_3D ( 'NONE', #3387, #590, #3740 ) ;
#3178 = CC_DESIGN_SECURITY_CLASSIFICATION ( #3377, ( #4045 ) ) ;
#3179 = ORIENTED_EDGE ( 'NONE', *, *, #4022, .F. ) ;
#3180 = CARTESIAN_POINT ( 'NONE',  ( 0.4810555127546370380, -0.03499999999999999639, -0.3549999999999999822 ) ) ;
#3181 = LINE ( 'NONE', #359, #3965 ) ;
#3182 = ORIENTED_EDGE ( 'NONE', *, *, #150, .F. ) ;
#3183 = MECHANICAL_CONTEXT ( 'NONE', #2980, 'mechanical' ) ;
#3184 = LINE ( 'NONE', #383, #2534 ) ;
#3185 = CARTESIAN_POINT ( 'NONE',  ( 0.6350000000000000089, 0.4949999999999999956, -0.3551250000564840081 ) ) ;
#3186 = DIRECTION ( 'NONE',  ( 0.000000000000000000, -1.000000000000000000, 0.000000000000000000 ) ) ;
#3187 = FACE_OUTER_BOUND ( 'NONE', #1166, .T. ) ;
#3188 = LINE ( 'NONE', #387, #3490 ) ;
#3189 = ORIENTED_EDGE ( 'NONE', *, *, #775, .T. ) ;
#3190 = COORDINATED_UNIVERSAL_TIME_OFFSET ( 1, 0, .AHEAD. ) ;
#3191 = CARTESIAN_POINT ( 'NONE',  ( -2.913505490301934844E-15, -0.2799999999999999711, -0.3551250000564795117 ) ) ;
#3192 = CARTESIAN_POINT ( 'NONE',  ( 0.5810555127546370713, -0.3449999999999999734, -0.3551250000564840081 ) ) ;
#3193 = ADVANCED_FACE ( 'NONE', ( #44 ), #3495, .T. ) ;
#3194 = ORIENTED_EDGE ( 'NONE', *, *, #771, .F. ) ;
#3195 = EDGE_CURVE ( 'NONE', #3913, #2596, #1529, .T. ) ;
#3196 = EDGE_CURVE ( 'NONE', #2252, #161, #3168, .T. ) ;
#3197 = ORIENTED_EDGE ( 'NONE', *, *, #700, .F. ) ;
#3198 = CARTESIAN_POINT ( 'NONE',  ( 0.1149999999999967992, 0.07499999999999999722, -0.3551250000564805109 ) ) ;
#3199 = CARTESIAN_POINT ( 'NONE',  ( 1.149999999999999911, 1.149999999999999911, -0.3551250000564875053 ) ) ;
#3200 = ORIENTED_EDGE ( 'NONE', *, *, #476, .T. ) ;
#3201 = APPLICATION_PROTOCOL_DEFINITION ( 'international standard', 'config_control_design', 1994, #1648 ) ;
#3202 = DIRECTION ( 'NONE',  ( 6.982962677686270655E-15, 0.000000000000000000, 1.000000000000000000 ) ) ;
#3203 = CARTESIAN_POINT ( 'NONE',  ( 0.6600000000000000311, -0.06000000000000000472, -0.3550000000000045342 ) ) ;
#3204 = CARTESIAN_POINT ( 'NONE',  ( -3.042775749329054561E-15, -0.6199999999999999956, -0.3551250000564795117 ) ) ;
#3205 = LINE ( 'NONE', #735, #2425 ) ;
#3206 = CARTESIAN_POINT ( 'NONE',  ( 0.4850000000000000422, 0.5950000000000000844, -0.3551250000564830089 ) ) ;
#3207 = VERTEX_POINT ( 'NONE', #1289 ) ;
#3209 = AXIS2_PLACEMENT_3D ( 'NONE', #2488, #3746, #939 ) ;
#3208 = COORDINATED_UNIVERSAL_TIME_OFFSET ( 1, 0, .AHEAD. ) ;
#3210 = CARTESIAN_POINT ( 'NONE',  ( -0.6350000000000000089, -0.4000000000000000222, -0.3551250000564750153 ) ) ;
#3211 = CARTESIAN_POINT ( 'NONE',  ( -0.6600000000000000311, 0.4249999999999999889, -0.3551250000564750153 ) ) ;
#3212 = EDGE_LOOP ( 'NONE', ( #1133, #1290, #566, #1250 ) ) ;
#3213 = EDGE_LOOP ( 'NONE', ( #2661, #175, #2917, #3354 ) ) ;
#3214 = VECTOR ( 'NONE', #1632, 1000.000000000000000 ) ;
#3215 = ORIENTED_EDGE ( 'NONE', *, *, #775, .F. ) ;
#3216 = DIRECTION ( 'NONE',  ( -6.982962677686270655E-15, 0.000000000000000000, -1.000000000000000000 ) ) ;
#3217 = EDGE_CURVE ( 'NONE', #2453, #1131, #1790, .T. ) ;
#3218 = LINE ( 'NONE', #685, #3472 ) ;
#3219 = ORIENTED_EDGE ( 'NONE', *, *, #3928, .T. ) ;
#3220 = APPROVAL_DATE_TIME ( #1339, #280 ) ;
#3221 = CIRCLE ( 'NONE', #2960, 0.02500000000000001180 ) ;
#3222 = DIRECTION ( 'NONE',  ( -0.000000000000000000, 1.000000000000000000, 0.000000000000000000 ) ) ;
#3223 = APPROVAL ( #687, 'UNSPECIFIED' ) ;
#3224 = CARTESIAN_POINT ( 'NONE',  ( 0.3551250000564473708, -2.284841781425449359, 5.000000000000000000 ) ) ;
#3225 = CIRCLE ( 'NONE', #1265, 0.02500000000000001180 ) ;
#3226 = DIRECTION ( 'NONE',  ( 1.000000000000000000, -2.085004177856739808E-16, -6.982962677686270655E-15 ) ) ;
#3227 = VECTOR ( 'NONE', #598, 1000.000000000000000 ) ;
#3228 = CARTESIAN_POINT ( 'NONE',  ( -2.913505490301934844E-15, 0.000000000000000000, -0.3551250000564795117 ) ) ;
#3229 = DIRECTION ( 'NONE',  ( -1.000000000000000000, 1.129377263005733868E-16, 6.982962677686270655E-15 ) ) ;
#3230 = VERTEX_POINT ( 'NONE', #3145 ) ;
#3231 = FACE_OUTER_BOUND ( 'NONE', #3317, .T. ) ;
#3232 = DIRECTION ( 'NONE',  ( 1.000000000000000000, 0.000000000000000000, -6.505213034913023449E-15 ) ) ;
#3233 = ORIENTED_EDGE ( 'NONE', *, *, #1957, .T. ) ;
#3234 = VERTEX_POINT ( 'NONE', #2205 ) ;
#3235 = VERTEX_POINT ( 'NONE', #2188 ) ;
#3236 = LINE ( 'NONE', #199, #895 ) ;
#3237 = DIRECTION ( 'NONE',  ( 6.505213034913021082E-15, 0.000000000000000000, 1.000000000000000000 ) ) ;
#3238 = ORIENTED_EDGE ( 'NONE', *, *, #1371, .F. ) ;
#3239 = VECTOR ( 'NONE', #2316, 1000.000000000000000 ) ;
#3240 = PERSON_AND_ORGANIZATION_ROLE ( 'design_owner' ) ;
#3241 = APPROVAL_PERSON_ORGANIZATION ( #2280, #3523, #1684 ) ;
#3242 = CARTESIAN_POINT ( 'NONE',  ( 0.3350000000000000200, -0.6199999999999999956, -0.3551250000564820097 ) ) ;
#3243 = ORIENTED_EDGE ( 'NONE', *, *, #424, .F. ) ;
#3244 = DIRECTION ( 'NONE',  ( -6.505213034913021082E-15, 0.000000000000000000, -1.000000000000000000 ) ) ;
#3245 = EDGE_CURVE ( 'NONE', #2355, #3234, #676, .T. ) ;
#3246 = ADVANCED_FACE ( 'NONE', ( #656 ), #1304, .T. ) ;
#3247 = EDGE_CURVE ( 'NONE', #3994, #927, #3188, .T. ) ;
#3248 = CYLINDRICAL_SURFACE ( 'NONE', #1128, 0.02500000000000001180 ) ;
#3249 = CARTESIAN_POINT ( 'NONE',  ( 0.1849999999999965006, 0.6199999999999999956, -0.3551250000564810660 ) ) ;
#3250 = LINE ( 'NONE', #3595, #4010 ) ;
#3251 = ORIENTED_EDGE ( 'NONE', *, *, #1965, .F. ) ;
#3252 = CONTEXT_DEPENDENT_SHAPE_REPRESENTATION ( #2953, #2020 ) ;
#3253 = CARTESIAN_POINT ( 'NONE',  ( -0.6600000000000000311, 0.000000000000000000, -0.3551250000564750153 ) ) ;
#3254 = CARTESIAN_POINT ( 'NONE',  ( 0.08999999999999680478, 0.3449999999999999734, -0.3551250000564805109 ) ) ;
#3255 = VERTEX_POINT ( 'NONE', #1019 ) ;
#3256 = ORIENTED_EDGE ( 'NONE', *, *, #1018, .T. ) ;
#3257 = ADVANCED_FACE ( 'NONE', ( #1634 ), #409, .F. ) ;
#3258 = VERTEX_POINT ( 'NONE', #82 ) ;
#3259 = CARTESIAN_POINT ( 'NONE',  ( 0.1849999999999965006, 0.6199999999999999956, -0.3551250000564810660 ) ) ;
#3260 = LINE ( 'NONE', #459, #3951 ) ;
#3261 = ORIENTED_EDGE ( 'NONE', *, *, #2218, .F. ) ;
#3262 = VECTOR ( 'NONE', #1705, 1000.000000000000000 ) ;
#3263 = DIRECTION ( 'NONE',  ( 1.000000000000000000, 0.000000000000000000, -6.505213034913037648E-15 ) ) ;
#3264 = CYLINDRICAL_SURFACE ( 'NONE', #3639, 0.02499999999999995628 ) ;
#3265 = PRODUCT_DEFINITION_SHAPE ( 'NONE', 'NONE',  #4046 ) ;
#3266 = FACE_OUTER_BOUND ( 'NONE', #3556, .T. ) ;
#3267 = DIRECTION ( 'NONE',  ( 6.505213034913030548E-15, 0.000000000000000000, 1.000000000000000000 ) ) ;
#3268 = EDGE_CURVE ( 'NONE', #2211, #3481, #1325, .T. ) ;
#3269 = DIRECTION ( 'NONE',  ( 0.000000000000000000, 1.000000000000000000, 0.000000000000000000 ) ) ;
#3270 = EDGE_CURVE ( 'NONE', #2592, #2664, #1728, .T. ) ;
#3271 = VERTEX_POINT ( 'NONE', #1347 ) ;
#3272 = CARTESIAN_POINT ( 'NONE',  ( 0.5599999999999999423, -0.5199999999999999067, -0.3551250000564835640 ) ) ;
#3273 = CARTESIAN_POINT ( 'NONE',  ( 0.2389444872453570234, 0.3200000000000000067, -0.3551250000564815656 ) ) ;
#3274 = ORIENTED_EDGE ( 'NONE', *, *, #2715, .T. ) ;
#3275 = VECTOR ( 'NONE', #2390, 1000.000000000000000 ) ;
#3276 = ORIENTED_EDGE ( 'NONE', *, *, #473, .T. ) ;
#3277 = AXIS2_PLACEMENT_3D ( 'NONE', #1278, #3741, #1828 ) ;
#3278 = ORIENTED_EDGE ( 'NONE', *, *, #1461, .T. ) ;
#3279 = LINE ( 'NONE', #3633, #367 ) ;
#3280 = DIRECTION ( 'NONE',  ( 6.505213034913021082E-15, 0.000000000000000000, 1.000000000000000000 ) ) ;
#3281 = EDGE_LOOP ( 'NONE', ( #2728, #801, #1823, #3482 ) ) ;
#3282 = PERSON_AND_ORGANIZATION ( #339, #2388 ) ;
#3283 = FACE_OUTER_BOUND ( 'NONE', #1176, .T. ) ;
#3284 = VECTOR ( 'NONE', #1774, 1000.000000000000000 ) ;
#3285 = CARTESIAN_POINT ( 'NONE',  ( 0.3099999999999999978, 0.5699999999999999512, -0.3549999999999999822 ) ) ;
#3286 = DIRECTION ( 'NONE',  ( -6.505213034913021082E-15, 0.000000000000000000, -1.000000000000000000 ) ) ;
#3287 = CYLINDRICAL_SURFACE ( 'NONE', #3032, 0.02500000000000001180 ) ;
#3288 = AXIS2_PLACEMENT_3D ( 'NONE', #4020, #1863, #1215 ) ;
#3289 = ORIENTED_EDGE ( 'NONE', *, *, #1622, .F. ) ;
#3290 = PERSON_AND_ORGANIZATION ( #3661, #2584 ) ;
#3291 = EDGE_CURVE ( 'NONE', #1500, #2580, #2017, .T. ) ;
#3292 = AXIS2_PLACEMENT_3D ( 'NONE', #111, #1941, #3461 ) ;
#3293 = LINE ( 'NONE', #2609, #108 ) ;
#3294 = CYLINDRICAL_SURFACE ( 'NONE', #3953, 0.02499999999999995628 ) ;
#3295 = ORIENTED_EDGE ( 'NONE', *, *, #2690, .T. ) ;
#3296 = ORIENTED_EDGE ( 'NONE', *, *, #2093, .T. ) ;
#3297 = EDGE_CURVE ( 'NONE', #235, #3271, #3250, .T. ) ;
#3298 = EDGE_CURVE ( 'NONE', #2374, #201, #192, .T. ) ;
#3300 = ORIENTED_EDGE ( 'NONE', *, *, #2193, .F. ) ;
#3299 = CC_DESIGN_PERSON_AND_ORGANIZATION_ASSIGNMENT ( #3528, #1404, ( #2741 ) ) ;
#3301 = LINE ( 'NONE', #2009, #1865 ) ;
#3302 = LINE ( 'NONE', #769, #1398 ) ;
#3303 = VERTEX_POINT ( 'NONE', #1690 ) ;
#3304 = PERSON_AND_ORGANIZATION ( #339, #2388 ) ;
#3305 = CARTESIAN_POINT ( 'NONE',  ( -0.6350000000000000089, 0.2550000000000000044, -0.3551250000564750153 ) ) ;
#3306 = VECTOR ( 'NONE', #3519, 1000.000000000000000 ) ;
#3307 = PLANE ( 'NONE',  #2974 ) ;
#3308 = VECTOR ( 'NONE', #1179, 1000.000000000000000 ) ;
#3309 = LOCAL_TIME ( 11, 1, 48.00000000000000000, #171 ) ;
#3310 = DIRECTION ( 'NONE',  ( 6.505213034913040804E-15, 0.000000000000000000, 1.000000000000000000 ) ) ;
#3311 = DIRECTION ( 'NONE',  ( -6.505213034913021082E-15, 0.000000000000000000, -1.000000000000000000 ) ) ;
#3312 = CARTESIAN_POINT ( 'NONE',  ( 0.6350000000000000089, 0.3449999999999999734, -0.3551250000564840081 ) ) ;
#3313 = ORIENTED_EDGE ( 'NONE', *, *, #1316, .F. ) ;
#3314 = LINE ( 'NONE', #3849, #2941 ) ;
#3315 = DIRECTION ( 'NONE',  ( 7.228014483236690442E-15, 0.000000000000000000, 1.000000000000000000 ) ) ;
#3316 = ORIENTED_EDGE ( 'NONE', *, *, #2936, .T. ) ;
#3317 = EDGE_LOOP ( 'NONE', ( #1006, #16, #3879, #106 ) ) ;
#3318 = ORIENTED_EDGE ( 'NONE', *, *, #3596, .T. ) ;
#3319 = CARTESIAN_POINT ( 'NONE',  ( 0.6350000000000000089, 0.2500000000000000000, -0.3551250000564840081 ) ) ;
#3321 = EDGE_CURVE ( 'NONE', #3962, #1756, #230, .T. ) ;
#3320 = CARTESIAN_POINT ( 'NONE',  ( 0.5810555127546370713, 0.3200000000000000067, -0.3551250000564840081 ) ) ;
#3322 = EDGE_CURVE ( 'NONE', #596, #2161, #2825, .T. ) ;
#3323 = ADVANCED_FACE ( 'NONE', ( #3889 ), #3287, .F. ) ;
#3324 = VERTEX_POINT ( 'NONE', #3577 ) ;
#3325 = PERSON_AND_ORGANIZATION_ROLE ( 'creator' ) ;
#3326 = CARTESIAN_POINT ( 'NONE',  ( -1.394874999943561011, 1.976269565185000854, -5.000000000000000000 ) ) ;
#3327 = PLANE ( 'NONE',  #364 ) ;
#3328 = VECTOR ( 'NONE', #833, 1000.000000000000000 ) ;
#3329 = DIRECTION ( 'NONE',  ( -1.000000000000000000, 0.000000000000000000, 7.228014483236693597E-15 ) ) ;
#3330 = DIRECTION ( 'NONE',  ( -6.982962677686270655E-15, 0.000000000000000000, -1.000000000000000000 ) ) ;
#3331 = ORIENTED_EDGE ( 'NONE', *, *, #2345, .T. ) ;
#3332 = PRODUCT_DEFINITION_SHAPE ( 'NONE', 'NONE',  #2794 ) ;
#3333 = CARTESIAN_POINT ( 'NONE',  ( -0.1150000000000013928, -0.06000000000000000472, -0.3551250000564785125 ) ) ;
#3334 = DIRECTION ( 'NONE',  ( 1.000000000000000000, 0.000000000000000000, -6.982962677686270655E-15 ) ) ;
#3335 = VERTEX_POINT ( 'NONE', #2982 ) ;
#3336 = ORIENTED_EDGE ( 'NONE', *, *, #1018, .F. ) ;
#3337 = ORIENTED_EDGE ( 'NONE', *, *, #2608, .T. ) ;
#3338 = DIRECTION ( 'NONE',  ( 6.505213034913021082E-15, 0.000000000000000000, 1.000000000000000000 ) ) ;
#3339 = VECTOR ( 'NONE', #3396, 1000.000000000000000 ) ;
#3340 = CARTESIAN_POINT ( 'NONE',  ( 0.1149999999999967992, -0.2250000000000000056, -0.3551250000564805109 ) ) ;
#3341 = ORIENTED_EDGE ( 'NONE', *, *, #252, .F. ) ;
#3342 = APPROVAL_STATUS ( 'not_yet_approved' ) ;
#3343 = AXIS2_PLACEMENT_3D ( 'NONE', #3228, #2896, #1999 ) ;
#3344 = EDGE_CURVE ( 'NONE', #3833, #1839, #1208, .T. ) ;
#3345 = CARTESIAN_POINT ( 'NONE',  ( -10.21500838427921387, -3.697644103227559320, -5.000000000000000000 ) ) ;
#3346 = VECTOR ( 'NONE', #945, 1000.000000000000000 ) ;
#3347 = ORIENTED_EDGE ( 'NONE', *, *, #1198, .F. ) ;
#3348 = DIRECTION ( 'NONE',  ( -1.000000000000000000, 0.000000000000000000, 6.982962677686270655E-15 ) ) ;
#3349 = VECTOR ( 'NONE', #19, 1000.000000000000000 ) ;
#3350 = CARTESIAN_POINT ( 'NONE',  ( 1.149999999999999911, -1.149999999999999911, -0.3551250000564875053 ) ) ;
#3351 = EDGE_CURVE ( 'NONE', #657, #1581, #1436, .T. ) ;
#3352 = DIRECTION ( 'NONE',  ( 1.000000000000000000, -4.373741005274485204E-16, -6.982962677686270655E-15 ) ) ;
#3353 = VECTOR ( 'NONE', #815, 1000.000000000000000 ) ;
#3354 = ORIENTED_EDGE ( 'NONE', *, *, #1965, .T. ) ;
#3355 = CIRCLE ( 'NONE', #163, 0.04500000000000001221 ) ;
#3356 = DIRECTION ( 'NONE',  ( -1.000000000000000000, 0.000000000000000000, 7.228014483236693597E-15 ) ) ;
#3357 = LINE ( 'NONE', #3025, #1402 ) ;
#3358 = VERTEX_POINT ( 'NONE', #3555 ) ;
#3359 = ORIENTED_EDGE ( 'NONE', *, *, #724, .F. ) ;
#3360 = AXIS2_PLACEMENT_3D ( 'NONE', #210, #2168, #3397 ) ;
#3361 = ORIENTED_EDGE ( 'NONE', *, *, #1397, .T. ) ;
#3362 = DIRECTION ( 'NONE',  ( -6.505213034913030548E-15, 0.000000000000000000, -1.000000000000000000 ) ) ;
#3363 = PLANE ( 'NONE',  #552 ) ;
#3364 = CIRCLE ( 'NONE', #3164, 0.02500000000000001180 ) ;
#3365 = ORIENTED_EDGE ( 'NONE', *, *, #1123, .T. ) ;
#3366 = PERSON_AND_ORGANIZATION ( #339, #2388 ) ;
#3367 = CARTESIAN_POINT ( 'NONE',  ( 0.2518214560863000218, -0.2464285714285714968, -0.3551250000564815656 ) ) ;
#3368 = VERTEX_POINT ( 'NONE', #2932 ) ;
#3369 = CARTESIAN_POINT ( 'NONE',  ( 0.1149999999999969935, -0.2500000000000000000, -0.3551250000564805109 ) ) ;
#3370 = VECTOR ( 'NONE', #1895, 1000.000000000000000 ) ;
#3371 = LINE ( 'NONE', #2831, #3614 ) ;
#3372 = CARTESIAN_POINT ( 'NONE',  ( 0.2389444872453579949, -0.3200000000000000067, -0.3549999999999999822 ) ) ;
#3373 = ADVANCED_FACE ( 'NONE', ( #3533 ), #1712, .F. ) ;
#3374 = EDGE_CURVE ( 'NONE', #2710, #2211, #874, .T. ) ;
#3375 = EDGE_CURVE ( 'NONE', #400, #1445, #3620, .T. ) ;
#3376 = ORIENTED_EDGE ( 'NONE', *, *, #3544, .T. ) ;
#3377 = SECURITY_CLASSIFICATION ( '', '', #2268 ) ;
#3378 = DIRECTION ( 'NONE',  ( -1.000000000000000000, 0.000000000000000000, 6.505213034913027393E-15 ) ) ;
#3379 = CARTESIAN_POINT ( 'NONE',  ( 0.6600000000000000311, -0.4949999999999999956, -0.3549999999999999822 ) ) ;
#3380 = ORIENTED_EDGE ( 'NONE', *, *, #2416, .F. ) ;
#3381 = ORIENTED_EDGE ( 'NONE', *, *, #3322, .F. ) ;
#3382 = AXIS2_PLACEMENT_3D ( 'NONE', #3860, #2623, #98 ) ;
#3383 = EDGE_LOOP ( 'NONE', ( #3779, #2576, #2165, #1356 ) ) ;
#3384 = CARTESIAN_POINT ( 'NONE',  ( 0.2389444872453570234, -0.3200000000000000067, -0.3551250000564815656 ) ) ;
#3385 = DIRECTION ( 'NONE',  ( 1.000000000000000000, 0.000000000000000000, 0.000000000000000000 ) ) ;
#3386 = ORIENTED_EDGE ( 'NONE', *, *, #1552, .F. ) ;
#3387 = CARTESIAN_POINT ( 'NONE',  ( 0.2389444872453570234, 0.2250000000000000056, -0.3551250000564815656 ) ) ;
#3388 = CARTESIAN_POINT ( 'NONE',  ( -1.149999999999999911, 1.149999999999999911, -0.08502500005647170567 ) ) ;
#3389 = VERTEX_POINT ( 'NONE', #126 ) ;
#3390 = SHAPE_REPRESENTATION_RELATIONSHIP ( 'NONE' , 'NONE' ,  #2143, #1468 ) ;
#3391 = CARTESIAN_POINT ( 'NONE',  ( 0.5810555127546370713, 0.2500000000000000000, -0.3551250000564840081 ) ) ;
#3392 = CARTESIAN_POINT ( 'NONE',  ( -1.448726270043842357, 6.058427314146597631, -5.000000000000000000 ) ) ;
#3393 = ORIENTED_EDGE ( 'NONE', *, *, #1370, .T. ) ;
#3394 = CIRCLE ( 'NONE', #3128, 0.02499999999999999792 ) ;
#3395 = ADVANCED_FACE ( 'NONE', ( #2059 ), #1078, .F. ) ;
#3396 = DIRECTION ( 'NONE',  ( -1.000000000000000000, 0.000000000000000000, 6.982962677686270655E-15 ) ) ;
#3397 = DIRECTION ( 'NONE',  ( 1.000000000000000000, 0.000000000000000000, -6.505213034913023449E-15 ) ) ;
#3398 = ORIENTED_EDGE ( 'NONE', *, *, #1201, .F. ) ;
#3399 = ORIENTED_EDGE ( 'NONE', *, *, #1171, .T. ) ;
#3400 = ORIENTED_EDGE ( 'NONE', *, *, #1571, .T. ) ;
#3401 = DIRECTION ( 'NONE',  ( 6.982962677686270655E-15, 0.000000000000000000, 1.000000000000000000 ) ) ;
#3402 = CARTESIAN_POINT ( 'NONE',  ( 0.1749999999999969913, 1.219727444046191995E-16, -0.3551250000564810660 ) ) ;
#3403 = ORIENTED_EDGE ( 'NONE', *, *, #3842, .T. ) ;
#3404 = LINE ( 'NONE', #3056, #3659 ) ;
#3405 = DIRECTION ( 'NONE',  ( 6.982962677686270655E-15, 0.000000000000000000, 1.000000000000000000 ) ) ;
#3406 = ORIENTED_EDGE ( 'NONE', *, *, #2417, .T. ) ;
#3407 = VECTOR ( 'NONE', #1167, 1000.000000000000000 ) ;
#3408 = DIRECTION ( 'NONE',  ( 0.000000000000000000, -1.000000000000000000, 0.000000000000000000 ) ) ;
#3409 = CARTESIAN_POINT ( 'NONE',  ( 0.1849999999999970002, -0.5950000000000000844, -0.3551250000564810660 ) ) ;
#3410 = ORIENTED_EDGE ( 'NONE', *, *, #2867, .F. ) ;
#3411 = DIRECTION ( 'NONE',  ( -6.505213034913040804E-15, 0.000000000000000000, -1.000000000000000000 ) ) ;
#3412 = CARTESIAN_POINT ( 'NONE',  ( 0.1149999999999969935, 0.6199999999999999956, -0.3549999999999999822 ) ) ;
#3413 = ORIENTED_EDGE ( 'NONE', *, *, #1668, .F. ) ;
#3414 = EDGE_CURVE ( 'NONE', #3666, #1074, #2590, .T. ) ;
#3415 = CARTESIAN_POINT ( 'NONE',  ( 0.6350000000000000089, -0.4949999999999999956, -0.3550000000000045342 ) ) ;
#3416 = LINE ( 'NONE', #2800, #2256 ) ;
#3417 = CARTESIAN_POINT ( 'NONE',  ( 0.5681785439136940452, 0.2464285714285714968, -0.3551250000564835640 ) ) ;
#3418 = EDGE_CURVE ( 'NONE', #3303, #2693, #737, .T. ) ;
#3419 = VERTEX_POINT ( 'NONE', #430 ) ;
#3420 = CIRCLE ( 'NONE', #3688, 0.02499999999999995628 ) ;
#3421 = EDGE_CURVE ( 'NONE', #2094, #1801, #146, .T. ) ;
#3422 = EDGE_CURVE ( 'NONE', #2370, #1937, #3811, .T. ) ;
#3423 = PRODUCT_DEFINITION ( 'UNKNOWN', '', #766, #3609 ) ;
#3424 = AXIS2_PLACEMENT_3D ( 'NONE', #2353, #2005, #3232 ) ;
#3425 = DIRECTION ( 'NONE',  ( 1.000000000000000000, 0.000000000000000000, -6.505213034913037648E-15 ) ) ;
#3426 = CARTESIAN_POINT ( 'NONE',  ( 1.149999999999999911, -1.149999999999999911, 0.004974999943512300321 ) ) ;
#3427 = ORIENTED_EDGE ( 'NONE', *, *, #3750, .T. ) ;
#3428 =( LENGTH_UNIT ( ) NAMED_UNIT ( * ) SI_UNIT ( .MILLI., .METRE. ) );
#3429 = PLANE ( 'NONE',  #1902 ) ;
#3430 = CARTESIAN_POINT ( 'NONE',  ( 0.1149999999999969935, 0.05000000000000000278, -0.3551250000564805109 ) ) ;
#3431 = CARTESIAN_POINT ( 'NONE',  ( -18.94519211359818911, 7.540918895746552053, 5.000000000000000000 ) ) ;
#3432 = FACE_OUTER_BOUND ( 'NONE', #482, .T. ) ;
#3433 = AXIS2_PLACEMENT_3D ( 'NONE', #433, #761, #1043 ) ;
#3434 = AXIS2_PLACEMENT_3D ( 'NONE', #3640, #2142, #1471 ) ;
#3435 = ORIENTED_EDGE ( 'NONE', *, *, #3596, .F. ) ;
#3436 = APPROVAL_DATE_TIME ( #1291, #3050 ) ;
#3437 = CC_DESIGN_APPROVAL ( #1047, ( #3423 ) ) ;
#3438 = LINE ( 'NONE', #641, #3105 ) ;
#3439 = DIRECTION ( 'NONE',  ( 1.000000000000000000, 0.000000000000000000, -6.982962677686270655E-15 ) ) ;
#3440 = ORIENTED_EDGE ( 'NONE', *, *, #1072, .F. ) ;
#3441 = APPROVAL_PERSON_ORGANIZATION ( #3290, #3019, #3535 ) ;
#3442 = SHAPE_REPRESENTATION ( 'ASSY DOT JE 2', ( #1928, #3898, #2909, #1804, #3707 ), #110 ) ;
#3443 = ORIENTED_EDGE ( 'NONE', *, *, #771, .T. ) ;
#3444 = EDGE_CURVE ( 'NONE', #1898, #1803, #2627, .T. ) ;
#3445 = DIRECTION ( 'NONE',  ( 0.000000000000000000, 0.000000000000000000, -1.000000000000000000 ) ) ;
#3446 = EDGE_CURVE ( 'NONE', #3560, #2532, #3082, .T. ) ;
#3448 = ADVANCED_FACE ( 'NONE', ( #3061 ), #3102, .T. ) ;
#3447 = DIRECTION ( 'NONE',  ( -1.000000000000000000, 0.000000000000000000, 6.505213034913037648E-15 ) ) ;
#3449 = ORIENTED_EDGE ( 'NONE', *, *, #1224, .T. ) ;
#3450 = DIRECTION ( 'NONE',  ( 1.000000000000000000, 0.000000000000000000, 0.000000000000000000 ) ) ;
#3451 = FACE_OUTER_BOUND ( 'NONE', #1864, .T. ) ;
#3452 = DIRECTION ( 'NONE',  ( 6.982962677686270655E-15, 0.000000000000000000, 1.000000000000000000 ) ) ;
#3453 = EDGE_CURVE ( 'NONE', #2124, #1349, #1715, .T. ) ;
#3454 = APPLICATION_CONTEXT ( 'configuration controlled 3d designs of mechanical parts and assemblies' ) ;
#3455 = DIRECTION ( 'NONE',  ( -0.000000000000000000, 0.000000000000000000, 1.000000000000000000 ) ) ;
#3456 = DIRECTION ( 'NONE',  ( -1.000000000000000000, 0.000000000000000000, 6.505213034913027393E-15 ) ) ;
#3457 = VERTEX_POINT ( 'NONE', #3021 ) ;
#3458 = PERSON_AND_ORGANIZATION_ROLE ( 'creator' ) ;
#3459 = CIRCLE ( 'NONE', #2670, 0.02499999999999995628 ) ;
#3460 = CARTESIAN_POINT ( 'NONE',  ( 0.3551250000566972265, 3.001549528634499975, 5.000000000000000000 ) ) ;
#3461 = DIRECTION ( 'NONE',  ( 1.000000000000000000, 0.000000000000000000, -6.505213034913037648E-15 ) ) ;
#3462 = ORIENTED_EDGE ( 'NONE', *, *, #1474, .T. ) ;
#3463 = ORIENTED_EDGE ( 'NONE', *, *, #2514, .T. ) ;
#3464 = DIRECTION ( 'NONE',  ( 0.000000000000000000, 7.017346620700199258E-30, -1.000000000000000000 ) ) ;
#3465 = CARTESIAN_POINT ( 'NONE',  ( 0.1149999999999967992, 0.3449999999999999734, -0.3551250000564805109 ) ) ;
#3466 = VERTEX_POINT ( 'NONE', #1226 ) ;
#3467 = DIRECTION ( 'NONE',  ( -0.9999999999999998890, -8.480254731125876908E-29, 0.000000000000000000 ) ) ;
#3468 = EDGE_CURVE ( 'NONE', #931, #334, #2689, .T. ) ;
#3469 = DIRECTION ( 'NONE',  ( -1.000000000000000000, 0.000000000000000000, 6.982962677686270655E-15 ) ) ;
#3470 = AXIS2_PLACEMENT_3D ( 'NONE', #3712, #291, #1516 ) ;
#3471 = CARTESIAN_POINT ( 'NONE',  ( -18.94519211359817135, 7.540918895746568040, 5.000000000000000000 ) ) ;
#3472 = VECTOR ( 'NONE', #1031, 1000.000000000000000 ) ;
#3473 = CC_DESIGN_DATE_AND_TIME_ASSIGNMENT ( #982, #107, ( #3711 ) ) ;
#3474 = CARTESIAN_POINT ( 'NONE',  ( 0.5810555127546370713, 0.2250000000000000056, -0.3551250000564840081 ) ) ;
#3475 = CARTESIAN_POINT ( 'NONE',  ( 0.1149999999999972017, 0.3449999999999999734, -0.3549999999999999822 ) ) ;
#3476 = EDGE_LOOP ( 'NONE', ( #2377, #2987, #2337, #3029 ) ) ;
#3477 = DATE_AND_TIME ( #389, #1087 ) ;
#3478 = AXIS2_PLACEMENT_3D ( 'NONE', #1101, #2348, #3684 ) ;
#3479 = DIRECTION ( 'NONE',  ( -0.000000000000000000, -0.000000000000000000, -1.000000000000000000 ) ) ;
#3480 = CARTESIAN_POINT ( 'NONE',  ( 0.2099999999999969946, -0.5699999999999999512, -0.3551250000564810660 ) ) ;
#3481 = VERTEX_POINT ( 'NONE', #1855 ) ;
#3482 = ORIENTED_EDGE ( 'NONE', *, *, #3120, .T. ) ;
#3483 = CARTESIAN_POINT ( 'NONE',  ( 0.08999999999999680478, -0.2250000000000000056, -0.3551250000564805109 ) ) ;
#3484 = LINE ( 'NONE', #1050, #2564 ) ;
#3485 = ORIENTED_EDGE ( 'NONE', *, *, #2041, .T. ) ;
#3486 = CARTESIAN_POINT ( 'NONE',  ( 0.000000000000000000, 0.000000000000000000, 0.000000000000000000 ) ) ;
#3487 = VECTOR ( 'NONE', #3955, 1000.000000000000000 ) ;
#3488 = LINE ( 'NONE', #2870, #3924 ) ;
#3489 = LINE ( 'NONE', #3782, #288 ) ;
#3490 = VECTOR ( 'NONE', #1893, 1000.000000000000000 ) ;
#3491 = DIRECTION ( 'NONE',  ( 0.000000000000000000, 0.000000000000000000, -1.000000000000000000 ) ) ;
#3492 = EDGE_CURVE ( 'NONE', #3959, #88, #2775, .T. ) ;
#3493 = DIRECTION ( 'NONE',  ( 1.000000000000000000, 0.000000000000000000, -6.505213034913023449E-15 ) ) ;
#3494 = EDGE_CURVE ( 'NONE', #1803, #639, #3760, .T. ) ;
#3495 = PLANE ( 'NONE',  #546 ) ;
#3496 = EDGE_CURVE ( 'NONE', #1872, #3033, #347, .T. ) ;
#3497 = ORIENTED_EDGE ( 'NONE', *, *, #1424, .F. ) ;
#3498 = COORDINATED_UNIVERSAL_TIME_OFFSET ( 1, 0, .AHEAD. ) ;
#3499 = AXIS2_PLACEMENT_3D ( 'NONE', #3899, #179, #1377 ) ;
#3500 = CARTESIAN_POINT ( 'NONE',  ( -6.994875025828874548, 10.47738999221430234, 5.000000000000000000 ) ) ;
#3501 = VECTOR ( 'NONE', #445, 1000.000000000000000 ) ;
#3502 = CARTESIAN_POINT ( 'NONE',  ( -0.1150000000000000050, 0.06000000000000000472, -0.3551250000564785125 ) ) ;
#3503 = ORIENTED_EDGE ( 'NONE', *, *, #2913, .T. ) ;
#3504 = VECTOR ( 'NONE', #2026, 1000.000000000000000 ) ;
#3505 = CC_DESIGN_APPROVAL ( #1599, ( #3711 ) ) ;
#3506 = ORIENTED_EDGE ( 'NONE', *, *, #3421, .T. ) ;
#3507 = DIRECTION ( 'NONE',  ( 6.505213034913030548E-15, 0.000000000000000000, 1.000000000000000000 ) ) ;
#3508 = CARTESIAN_POINT ( 'NONE',  ( 0.2518214560863000218, 0.3235714285714290095, -0.3551250000564815656 ) ) ;
#3509 = ORIENTED_EDGE ( 'NONE', *, *, #303, .T. ) ;
#3510 = COORDINATED_UNIVERSAL_TIME_OFFSET ( 1, 0, .AHEAD. ) ;
#3511 = CARTESIAN_POINT ( 'NONE',  ( -0.6350000000000000089, 0.06000000000000000472, -0.3551250000564750153 ) ) ;
#3512 = DIRECTION ( 'NONE',  ( 1.000000000000000000, 0.000000000000000000, -6.982962677686270655E-15 ) ) ;
#3513 = DIRECTION ( 'NONE',  ( 1.000000000000000000, 0.000000000000000000, -7.228014483236693597E-15 ) ) ;
#3514 = DIRECTION ( 'NONE',  ( -1.000000000000000000, 0.000000000000000000, 6.982962677686270655E-15 ) ) ;
#3515 = DIRECTION ( 'NONE',  ( 6.505213034913021082E-15, 0.000000000000000000, 1.000000000000000000 ) ) ;
#3516 = ORIENTED_EDGE ( 'NONE', *, *, #1840, .T. ) ;
#3517 = APPROVAL_STATUS ( 'not_yet_approved' ) ;
#3518 = ADVANCED_FACE ( 'NONE', ( #4009 ), #1833, .T. ) ;
#3519 = DIRECTION ( 'NONE',  ( 0.000000000000000000, -1.000000000000000000, 0.000000000000000000 ) ) ;
#3520 = LINE ( 'NONE', #3480, #226 ) ;
#3521 = ORIENTED_EDGE ( 'NONE', *, *, #3649, .T. ) ;
#3522 = EDGE_LOOP ( 'NONE', ( #26, #1442, #2697, #955 ) ) ;
#3524 = ORIENTED_EDGE ( 'NONE', *, *, #1098, .F. ) ;
#3523 = APPROVAL ( #1703, 'UNSPECIFIED' ) ;
#3525 = AXIS2_PLACEMENT_3D ( 'NONE', #3590, #1116, #204 ) ;
#3526 = LINE ( 'NONE', #3508, #3621 ) ;
#3527 = VERTEX_POINT ( 'NONE', #614 ) ;
#3528 = PERSON_AND_ORGANIZATION ( #339, #2388 ) ;
#3529 = LINE ( 'NONE', #3781, #1631 ) ;
#3530 = LINE ( 'NONE', #2952, #3501 ) ;
#3531 = CARTESIAN_POINT ( 'NONE',  ( 0.5810555127546370713, -0.2500000000000000000, -0.3551250000564840081 ) ) ;
#3532 = DIRECTION ( 'NONE',  ( -1.000000000000000000, 0.000000000000000000, 6.505213034913037648E-15 ) ) ;
#3533 = FACE_OUTER_BOUND ( 'NONE', #1132, .T. ) ;
#3534 = ORIENTED_EDGE ( 'NONE', *, *, #3649, .F. ) ;
#3536 = VECTOR ( 'NONE', #2505, 1000.000000000000000 ) ;
#3535 = APPROVAL_ROLE ( '' ) ;
#3537 = DIRECTION ( 'NONE',  ( 0.000000000000000000, 1.000000000000000000, 0.000000000000000000 ) ) ;
#3538 = CYLINDRICAL_SURFACE ( 'NONE', #3292, 0.02499999999999995628 ) ;
#3539 = ORIENTED_EDGE ( 'NONE', *, *, #3120, .F. ) ;
#3540 = VERTEX_POINT ( 'NONE', #4032 ) ;
#3541 = ORIENTED_EDGE ( 'NONE', *, *, #2131, .T. ) ;
#3542 = CARTESIAN_POINT ( 'NONE',  ( -0.1150000000000024059, -0.5950000000000000844, -0.3551250000564785125 ) ) ;
#3544 = EDGE_CURVE ( 'NONE', #3607, #400, #3887, .T. ) ;
#3543 = DIRECTION ( 'NONE',  ( -1.000000000000000000, 0.000000000000000000, 6.505213034913037648E-15 ) ) ;
#3545 = ADVANCED_FACE ( 'NONE', ( #3708 ), #2427, .F. ) ;
#3546 = EDGE_CURVE ( 'NONE', #1779, #1394, #224, .T. ) ;
#3547 = VERTEX_POINT ( 'NONE', #554 ) ;
#3548 = APPROVAL_ROLE ( '' ) ;
#3549 = CARTESIAN_POINT ( 'NONE',  ( 0.6600000000000000311, 0.4949999999999999956, -0.3551250000564845077 ) ) ;
#3550 = CARTESIAN_POINT ( 'NONE',  ( 0.5810555127546380705, -0.2500000000000000000, -0.3549999999999999822 ) ) ;
#3551 = VECTOR ( 'NONE', #3733, 1000.000000000000000 ) ;
#3552 = ORIENTED_EDGE ( 'NONE', *, *, #3446, .T. ) ;
#3553 = VECTOR ( 'NONE', #3042, 1000.000000000000000 ) ;
#3554 = LINE ( 'NONE', #3249, #338 ) ;
#3555 = CARTESIAN_POINT ( 'NONE',  ( 0.3350000000000000200, 0.6199999999999999956, -0.3551250000564820097 ) ) ;
#3556 = EDGE_LOOP ( 'NONE', ( #3005, #741, #1256, #1125 ) ) ;
#3557 = CARTESIAN_POINT ( 'NONE',  ( 0.4810555127546370380, 0.03499999999999999639, -0.3549999999999999822 ) ) ;
#3558 = DIRECTION ( 'NONE',  ( 0.000000000000000000, -1.000000000000000000, 0.000000000000000000 ) ) ;
#3559 = ORIENTED_EDGE ( 'NONE', *, *, #1072, .T. ) ;
#3560 = VERTEX_POINT ( 'NONE', #1475 ) ;
#3561 = VECTOR ( 'NONE', #745, 1000.000000000000000 ) ;
#3562 = ORIENTED_EDGE ( 'NONE', *, *, #1363, .F. ) ;
#3563 = PRODUCT_DEFINITION_FORMATION_WITH_SPECIFIED_SOURCE ( 'ANY', '', #2741, .NOT_KNOWN. ) ;
#3564 = CARTESIAN_POINT ( 'NONE',  ( 0.3551250000566972265, 3.001549528634499975, 5.000000000000000000 ) ) ;
#3565 = DIRECTION ( 'NONE',  ( -6.505213034913040804E-15, 0.000000000000000000, -1.000000000000000000 ) ) ;
#3566 = ORIENTED_EDGE ( 'NONE', *, *, #1247, .T. ) ;
#3567 = AXIS2_PLACEMENT_3D ( 'NONE', #2253, #116, #3464 ) ;
#3568 = CIRCLE ( 'NONE', #2843, 0.02499999999999995628 ) ;
#3569 = EDGE_CURVE ( 'NONE', #1799, #1851, #2434, .T. ) ;
#3570 = EDGE_CURVE ( 'NONE', #2047, #3026, #1792, .T. ) ;
#3571 = DIRECTION ( 'NONE',  ( -0.000000000000000000, 1.000000000000000000, 0.000000000000000000 ) ) ;
#3572 = CARTESIAN_POINT ( 'NONE',  ( -8.981845694529432933, 12.60815517220120086, -5.000000000000000000 ) ) ;
#3573 = CARTESIAN_POINT ( 'NONE',  ( -1.448726270043842357, 6.058427314146597631, -5.000000000000000000 ) ) ;
#3574 = SHAPE_REPRESENTATION ( 'lente dot je', ( #691 ), #4031 ) ;
#3575 = FACE_OUTER_BOUND ( 'NONE', #46, .T. ) ;
#3576 = DIRECTION ( 'NONE',  ( 6.982962677686270655E-15, 0.000000000000000000, 1.000000000000000000 ) ) ;
#3577 = CARTESIAN_POINT ( 'NONE',  ( -1.394874999943561011, 1.976269565185000854, -5.000000000000000000 ) ) ;
#3578 = ORIENTED_EDGE ( 'NONE', *, *, #2565, .F. ) ;
#3579 = EDGE_CURVE ( 'NONE', #4025, #154, #901, .T. ) ;
#3580 = CARTESIAN_POINT ( 'NONE',  ( 0.6600000000000000311, 0.3449999999999999734, -0.3549999999999999822 ) ) ;
#3581 = DIRECTION ( 'NONE',  ( -1.000000000000000000, 0.000000000000000000, 7.228014483236693597E-15 ) ) ;
#3582 = EDGE_LOOP ( 'NONE', ( #284, #934, #2079, #1985 ) ) ;
#3583 = ORIENTED_EDGE ( 'NONE', *, *, #3972, .T. ) ;
#3584 = ORIENTED_EDGE ( 'NONE', *, *, #3070, .T. ) ;
#3585 = DIRECTION ( 'NONE',  ( 1.000000000000000000, 0.000000000000000000, -6.982962677686270655E-15 ) ) ;
#3586 = DIRECTION ( 'NONE',  ( 0.000000000000000000, -1.000000000000000000, 0.000000000000000000 ) ) ;
#3587 = ORIENTED_EDGE ( 'NONE', *, *, #2291, .F. ) ;
#3588 = DATE_AND_TIME ( #3108, #2978 ) ;
#3589 = CIRCLE ( 'NONE', #3000, 0.02499999999999995628 ) ;
#3590 = CARTESIAN_POINT ( 'NONE',  ( 0.6350000000000000089, 0.3449999999999999734, -0.3551250000564840081 ) ) ;
#3591 = CARTESIAN_POINT ( 'NONE',  ( 0.6600000000000000311, 0.3449999999999999734, -0.3551250000564845077 ) ) ;
#3592 = ADVANCED_FACE ( 'NONE', ( #1495 ), #460, .F. ) ;
#3593 = DIRECTION ( 'NONE',  ( 7.228014483236690442E-15, 0.000000000000000000, 1.000000000000000000 ) ) ;
#3594 = PLANE ( 'NONE',  #3343 ) ;
#3595 = CARTESIAN_POINT ( 'NONE',  ( 0.1149999999999969935, -0.05000000000000000278, -0.3551250000564805109 ) ) ;
#3596 = EDGE_CURVE ( 'NONE', #1860, #157, #2793, .T. ) ;
#3597 = EDGE_CURVE ( 'NONE', #820, #3258, #653, .T. ) ;
#3598 = ORIENTED_EDGE ( 'NONE', *, *, #2714, .T. ) ;
#3599 = CONTEXT_DEPENDENT_SHAPE_REPRESENTATION ( #3165, #1409 ) ;
#3600 = APPROVAL ( #3011, 'UNSPECIFIED' ) ;
#3601 = CYLINDRICAL_SURFACE ( 'NONE', #662, 0.04500000000000001221 ) ;
#3602 = CARTESIAN_POINT ( 'NONE',  ( -2.846604824987382987, -5.059081103884319752, 5.000000000000000000 ) ) ;
#3603 = ORIENTED_EDGE ( 'NONE', *, *, #2994, .T. ) ;
#3604 = CIRCLE ( 'NONE', #3470, 0.04500000000000001221 ) ;
#3605 = ORIENTED_EDGE ( 'NONE', *, *, #3732, .F. ) ;
#3606 = CIRCLE ( 'NONE', #2751, 0.04999999999999999584 ) ;
#3607 = VERTEX_POINT ( 'NONE', #3471 ) ;
#3608 = CARTESIAN_POINT ( 'NONE',  ( 0.1849999999999974998, 0.5950000000000000844, -0.3549999999999999822 ) ) ;
#3609 = DESIGN_CONTEXT ( 'detailed design', #2744, 'design' ) ;
#3610 = CARTESIAN_POINT ( 'NONE',  ( 0.6350000000000000089, 0.3449999999999999734, -0.3550000000000045342 ) ) ;
#3611 = VECTOR ( 'NONE', #553, 1000.000000000000000 ) ;
#3612 = ORIENTED_EDGE ( 'NONE', *, *, #1381, .F. ) ;
#3613 = DATE_AND_TIME ( #2029, #2458 ) ;
#3614 = VECTOR ( 'NONE', #1222, 1000.000000000000000 ) ;
#3615 = DIRECTION ( 'NONE',  ( 1.000000000000000000, 0.000000000000000000, 0.000000000000000000 ) ) ;
#3616 = CARTESIAN_POINT ( 'NONE',  ( 0.1849999999999970002, -0.6199999999999999956, -0.3549999999999999822 ) ) ;
#3617 = VECTOR ( 'NONE', #2562, 1000.000000000000000 ) ;
#3618 = LINE ( 'NONE', #2730, #2755 ) ;
#3619 = DIRECTION ( 'NONE',  ( 6.982962677686270655E-15, 0.000000000000000000, 1.000000000000000000 ) ) ;
#3620 = LINE ( 'NONE', #1673, #750 ) ;
#3621 = VECTOR ( 'NONE', #2556, 1000.000000000000000 ) ;
#3622 = EDGE_LOOP ( 'NONE', ( #2450, #910, #486, #666, #3742, #1459, #3648, #626 ) ) ;
#3623 = PERSON_AND_ORGANIZATION ( #2726, #509 ) ;
#3624 = ADVANCED_FACE ( 'NONE', ( #20 ), #2810, .F. ) ;
#3625 = CIRCLE ( 'NONE', #423, 0.02499999999999999792 ) ;
#3626 = EDGE_CURVE ( 'NONE', #198, #524, #3364, .T. ) ;
#3627 = EDGE_CURVE ( 'NONE', #388, #3560, #25, .T. ) ;
#3628 = CARTESIAN_POINT ( 'NONE',  ( 0.08999999999999680478, -0.2250000000000000056, -0.3549999999999999822 ) ) ;
#3629 = DIRECTION ( 'NONE',  ( -1.000000000000000000, 0.000000000000000000, 6.982962677686270655E-15 ) ) ;
#3630 = ORIENTED_EDGE ( 'NONE', *, *, #3245, .T. ) ;
#3631 = EDGE_LOOP ( 'NONE', ( #2518, #519, #3583, #90 ) ) ;
#3632 = ORIENTED_EDGE ( 'NONE', *, *, #1591, .T. ) ;
#3633 = CARTESIAN_POINT ( 'NONE',  ( 0.1149999999999969935, 0.2500000000000000000, -0.3551250000564805109 ) ) ;
#3634 = LINE ( 'NONE', #2400, #488 ) ;
#3635 = ORIENTED_EDGE ( 'NONE', *, *, #942, .T. ) ;
#3636 = APPROVAL_ROLE ( '' ) ;
#3637 = DIRECTION ( 'NONE',  ( 6.982962677686270655E-15, 0.000000000000000000, 1.000000000000000000 ) ) ;
#3638 = VECTOR ( 'NONE', #1637, 1000.000000000000000 ) ;
#3639 = AXIS2_PLACEMENT_3D ( 'NONE', #1407, #405, #2648 ) ;
#3640 = CARTESIAN_POINT ( 'NONE',  ( 0.2750000000000000222, -0.2849999999999999756, -0.3551250000564815656 ) ) ;
#3641 = PRODUCT_DEFINITION_FORMATION_WITH_SPECIFIED_SOURCE ( 'ANY', '', #1477, .NOT_KNOWN. ) ;
#3642 = CARTESIAN_POINT ( 'NONE',  ( 0.6600000000000000311, -0.06000000000000000472, -0.3551250000564845077 ) ) ;
#3643 = DIRECTION ( 'NONE',  ( -0.000000000000000000, 0.000000000000000000, 1.000000000000000000 ) ) ;
#3644 = VERTEX_POINT ( 'NONE', #2525 ) ;
#3645 = CARTESIAN_POINT ( 'NONE',  ( 0.4850000000000000422, -0.5950000000000000844, -0.3549999999999999822 ) ) ;
#3646 = PLANE ( 'NONE',  #3817 ) ;
#3647 = ORIENTED_EDGE ( 'NONE', *, *, #2317, .F. ) ;
#3648 = ORIENTED_EDGE ( 'NONE', *, *, #2041, .F. ) ;
#3649 = EDGE_CURVE ( 'NONE', #1542, #849, #1263, .T. ) ;
#3650 = ORIENTED_EDGE ( 'NONE', *, *, #181, .F. ) ;
#3651 = DIRECTION ( 'NONE',  ( 1.000000000000000000, 0.000000000000000000, -6.505213034913037648E-15 ) ) ;
#3652 = DIRECTION ( 'NONE',  ( -0.9986295347545740553, -0.05233595624294033744, 0.000000000000000000 ) ) ;
#3653 = ORIENTED_EDGE ( 'NONE', *, *, #3119, .F. ) ;
#3654 = CALENDAR_DATE ( 2026, 26, 8 ) ;
#3655 = APPROVAL ( #1576, 'UNKNOWN' ) ;
#3656 = FACE_OUTER_BOUND ( 'NONE', #502, .T. ) ;
#3657 = ORIENTED_EDGE ( 'NONE', *, *, #2714, .F. ) ;
#3658 = LINE ( 'NONE', #3616, #1084 ) ;
#3659 = VECTOR ( 'NONE', #2480, 1000.000000000000000 ) ;
#3660 = DIRECTION ( 'NONE',  ( 1.000000000000000000, 1.004923976340843883E-15, -6.982962677686270655E-15 ) ) ;
#3661 = PERSON ( 'NAUO-PER4', 'UNSPECIFIED', 'UNSPECIFIED', ('UNSPECIFIED'), ('UNSPECIFIED'), ('UNSPECIFIED') ) ;
#3662 = DIRECTION ( 'NONE',  ( 0.000000000000000000, -1.000000000000000000, 0.000000000000000000 ) ) ;
#3663 = ORIENTED_EDGE ( 'NONE', *, *, #1247, .F. ) ;
#3664 = LINE ( 'NONE', #838, #2877 ) ;
#3665 = LINE ( 'NONE', #3974, #3227 ) ;
#3666 = VERTEX_POINT ( 'NONE', #995 ) ;
#3667 = ORIENTED_EDGE ( 'NONE', *, *, #905, .F. ) ;
#3668 = VERTEX_POINT ( 'NONE', #341 ) ;
#3669 = EDGE_CURVE ( 'NONE', #2921, #3058, #615, .T. ) ;
#3670 = DIRECTION ( 'NONE',  ( -6.982962677686270655E-15, 0.000000000000000000, -1.000000000000000000 ) ) ;
#3671 = CIRCLE ( 'NONE', #2547, 0.02499999999999995628 ) ;
#3672 = DIRECTION ( 'NONE',  ( -6.505213034913021082E-15, 0.000000000000000000, -1.000000000000000000 ) ) ;
#3673 = VERTEX_POINT ( 'NONE', #3765 ) ;
#3674 = COORDINATED_UNIVERSAL_TIME_OFFSET ( 1, 0, .AHEAD. ) ;
#3675 = CIRCLE ( 'NONE', #798, 0.02499999999999995628 ) ;
#3676 = EDGE_CURVE ( 'NONE', #1550, #2719, #3489, .T. ) ;
#3677 = FACE_OUTER_BOUND ( 'NONE', #1539, .T. ) ;
#3678 = ADVANCED_FACE ( 'NONE', ( #362 ), #40, .T. ) ;
#3679 = VECTOR ( 'NONE', #1385, 1000.000000000000000 ) ;
#3680 = ADVANCED_FACE ( 'NONE', ( #384 ), #1302, .F. ) ;
#3681 = ORIENTED_EDGE ( 'NONE', *, *, #3196, .F. ) ;
#3682 = CARTESIAN_POINT ( 'NONE',  ( 0.3350000000000000200, -0.6199999999999999956, -0.3549999999999999822 ) ) ;
#3683 = VECTOR ( 'NONE', #3726, 1000.000000000000000 ) ;
#3684 = DIRECTION ( 'NONE',  ( 0.000000000000000000, 1.000000000000000000, 0.000000000000000000 ) ) ;
#3685 = CARTESIAN_POINT ( 'NONE',  ( 0.08999999999999729050, 0.07499999999999999722, -0.3549999999999999822 ) ) ;
#3686 = AXIS2_PLACEMENT_3D ( 'NONE', #857, #3643, #1183 ) ;
#3687 = ORIENTED_EDGE ( 'NONE', *, *, #372, .T. ) ;
#3688 = AXIS2_PLACEMENT_3D ( 'NONE', #73, #1337, #3543 ) ;
#3689 = CARTESIAN_POINT ( 'NONE',  ( 0.3099999999999999978, -0.5950000000000000844, -0.3551250000564820097 ) ) ;
#3690 = LINE ( 'NONE', #1877, #812 ) ;
#3691 = ORIENTED_EDGE ( 'NONE', *, *, #3344, .T. ) ;
#3692 = ORIENTED_EDGE ( 'NONE', *, *, #2814, .T. ) ;
#3693 = AXIS2_PLACEMENT_3D ( 'NONE', #839, #2151, #1557 ) ;
#3694 = ORIENTED_EDGE ( 'NONE', *, *, #1551, .F. ) ;
#3695 = CARTESIAN_POINT ( 'NONE',  ( 0.6350000000000000089, 0.06000000000000000472, -0.3550000000000045342 ) ) ;
#3696 = CARTESIAN_POINT ( 'NONE',  ( 0.5100000000000000089, 0.5699999999999999512, -0.3549999999999999822 ) ) ;
#3697 = AXIS2_PLACEMENT_3D ( 'NONE', #1615, #638, #2855 ) ;
#3698 = VERTEX_POINT ( 'NONE', #2542 ) ;
#3699 = DIRECTION ( 'NONE',  ( -1.000000000000000000, 0.000000000000000000, 7.228014483236693597E-15 ) ) ;
#3700 = LINE ( 'NONE', #3388, #667 ) ;
#3701 = ORIENTED_EDGE ( 'NONE', *, *, #3494, .T. ) ;
#3702 = DIRECTION ( 'NONE',  ( -1.000000000000000000, 0.000000000000000000, 6.505213034913023449E-15 ) ) ;
#3703 = EDGE_CURVE ( 'NONE', #1107, #524, #1629, .T. ) ;
#3704 = EDGE_CURVE ( 'NONE', #616, #3913, #2871, .T. ) ;
#3705 = AXIS2_PLACEMENT_3D ( 'NONE', #2968, #1092, #440 ) ;
#3706 = CARTESIAN_POINT ( 'NONE',  ( -2.913505490301934844E-15, 0.000000000000000000, -0.3551250000564795117 ) ) ;
#3707 = AXIS2_PLACEMENT_3D ( 'NONE', #593, #1831, #2483 ) ;
#3708 = FACE_OUTER_BOUND ( 'NONE', #3851, .T. ) ;
#3709 = ORIENTED_EDGE ( 'NONE', *, *, #651, .T. ) ;
#3710 = CIRCLE ( 'NONE', #1929, 0.04500000000000001221 ) ;
#3711 = SECURITY_CLASSIFICATION ( '', '', #2529 ) ;
#3712 = CARTESIAN_POINT ( 'NONE',  ( 0.2750000000000000222, -0.2849999999999999756, -0.3551250000564815656 ) ) ;
#3713 = CARTESIAN_POINT ( 'NONE',  ( 1.149999999999999911, 1.149999999999999911, -0.08502500005648770676 ) ) ;
#3714 = EDGE_LOOP ( 'NONE', ( #2789, #1359, #1051, #3090 ) ) ;
#3715 = EDGE_LOOP ( 'NONE', ( #2660, #816, #113, #3295 ) ) ;
#3716 = EDGE_CURVE ( 'NONE', #705, #2693, #1321, .T. ) ;
#3717 = CIRCLE ( 'NONE', #376, 0.02500000000000001180 ) ;
#3718 = ORIENTED_EDGE ( 'NONE', *, *, #3496, .F. ) ;
#3719 = DIRECTION ( 'NONE',  ( 0.000000000000000000, -1.000000000000000000, 0.000000000000000000 ) ) ;
#3720 = CARTESIAN_POINT ( 'NONE',  ( 0.5450000000000000400, 0.2849999999999999756, -0.3551250000564835640 ) ) ;
#3721 = ORIENTED_EDGE ( 'NONE', *, *, #95, .T. ) ;
#3722 = CARTESIAN_POINT ( 'NONE',  ( 0.1149999999999969935, 0.6199999999999999956, -0.3551250000564805109 ) ) ;
#3723 = CARTESIAN_POINT ( 'NONE',  ( 0.4850000000000000422, 0.6199999999999999956, -0.3549999999999999822 ) ) ;
#3724 = ORIENTED_EDGE ( 'NONE', *, *, #3626, .F. ) ;
#3725 = LINE ( 'NONE', #3079, #503 ) ;
#3726 = DIRECTION ( 'NONE',  ( 6.982962677686270655E-15, 0.000000000000000000, 1.000000000000000000 ) ) ;
#3727 = ADVANCED_FACE ( 'NONE', ( #635 ), #960, .F. ) ;
#3728 = DIRECTION ( 'NONE',  ( 6.982962677686270655E-15, 0.000000000000000000, 1.000000000000000000 ) ) ;
#3729 = ORIENTED_EDGE ( 'NONE', *, *, #2040, .F. ) ;
#3730 = EDGE_CURVE ( 'NONE', #1719, #1107, #1614, .T. ) ;
#3731 = CARTESIAN_POINT ( 'NONE',  ( -0.1150000000000013928, -0.4000000000000000222, -0.3551250000564785125 ) ) ;
#3732 = EDGE_CURVE ( 'NONE', #1131, #2130, #1949, .T. ) ;
#3733 = DIRECTION ( 'NONE',  ( 7.228014483236690442E-15, 0.000000000000000000, 1.000000000000000000 ) ) ;
#3734 = CC_DESIGN_PERSON_AND_ORGANIZATION_ASSIGNMENT ( #1251, #1617, ( #766 ) ) ;
#3735 = ORIENTED_EDGE ( 'NONE', *, *, #399, .T. ) ;
#3736 = ORIENTED_EDGE ( 'NONE', *, *, #3842, .F. ) ;
#3737 = LINE ( 'NONE', #1233, #758 ) ;
#3738 = DIRECTION ( 'NONE',  ( -6.982962677686270655E-15, 0.000000000000000000, -1.000000000000000000 ) ) ;
#3739 = ORIENTED_EDGE ( 'NONE', *, *, #51, .T. ) ;
#3740 = DIRECTION ( 'NONE',  ( 1.000000000000000000, 0.000000000000000000, -6.505213034913023449E-15 ) ) ;
#3741 = DIRECTION ( 'NONE',  ( -4.401757866934369622E-17, 1.000000000000000000, 3.073731090101460497E-31 ) ) ;
#3742 = ORIENTED_EDGE ( 'NONE', *, *, #774, .F. ) ;
#3743 = CIRCLE ( 'NONE', #2295, 0.04999999999999999584 ) ;
#3744 = CYLINDRICAL_SURFACE ( 'NONE', #1844, 0.02500000000000001180 ) ;
#3745 = CARTESIAN_POINT ( 'NONE',  ( 1.149999999999999911, 1.149999999999999911, -0.08502500005648770676 ) ) ;
#3746 = DIRECTION ( 'NONE',  ( -1.000000000000000000, 0.000000000000000000, 6.982962677686270655E-15 ) ) ;
#3747 = CARTESIAN_POINT ( 'NONE',  ( -1.394874999943561011, -2.223730434814909618, 5.000000000000000000 ) ) ;
#3748 = ORIENTED_EDGE ( 'NONE', *, *, #3217, .T. ) ;
#3749 = SECURITY_CLASSIFICATION_LEVEL ( 'unclassified' ) ;
#3750 = EDGE_CURVE ( 'NONE', #334, #1260, #2832, .T. ) ;
#3751 = ADVANCED_FACE ( 'NONE', ( #1994 ), #3908, .T. ) ;
#3752 = EDGE_CURVE ( 'NONE', #2290, #2592, #2282, .T. ) ;
#3753 = CIRCLE ( 'NONE', #2694, 0.05000000000000002359 ) ;
#3754 = CARTESIAN_POINT ( 'NONE',  ( -2.913505490301934844E-15, -0.06000000000000000472, -0.3551250000564795117 ) ) ;
#3755 = CARTESIAN_POINT ( 'NONE',  ( 0.3099999999999999978, -0.5950000000000000844, -0.3549999999999999822 ) ) ;
#3756 = CARTESIAN_POINT ( 'NONE',  ( 1.484527364560580320, 1.384344158600975039, 5.000000000000000000 ) ) ;
#3757 = VERTEX_POINT ( 'NONE', #791 ) ;
#3758 = CIRCLE ( 'NONE', #2568, 0.02499999999999995628 ) ;
#3759 = ORIENTED_EDGE ( 'NONE', *, *, #2241, .F. ) ;
#3760 = CIRCLE ( 'NONE', #1984, 0.02500000000000001180 ) ;
#3761 = CARTESIAN_POINT ( 'NONE',  ( -1.149999999999999911, -1.149999999999999911, -0.3551250000564715181 ) ) ;
#3762 = DIRECTION ( 'NONE',  ( -6.505213034913021082E-15, 0.000000000000000000, -1.000000000000000000 ) ) ;
#3763 = ORIENTED_EDGE ( 'NONE', *, *, #3716, .T. ) ;
#3764 = CARTESIAN_POINT ( 'NONE',  ( 0.6350000000000000089, -0.03499999999999999639, -0.3550000000000045342 ) ) ;
#3765 = CARTESIAN_POINT ( 'NONE',  ( -2.846604824987382987, -5.059081103884319752, -5.000000000000000000 ) ) ;
#3766 = DIRECTION ( 'NONE',  ( 0.000000000000000000, 1.000000000000000000, 0.000000000000000000 ) ) ;
#3767 = DIRECTION ( 'NONE',  ( -1.000000000000000000, 0.000000000000000000, 6.505213034913027393E-15 ) ) ;
#3768 = VECTOR ( 'NONE', #1069, 1000.000000000000000 ) ;
#3769 = ORIENTED_EDGE ( 'NONE', *, *, #1793, .T. ) ;
#3770 = DATE_AND_TIME ( #2857, #1490 ) ;
#3771 = APPROVAL_PERSON_ORGANIZATION ( #2225, #3655, #1002 ) ;
#3772 = CARTESIAN_POINT ( 'NONE',  ( 0.6600000000000000311, -0.06000000000000000472, -0.3549999999999999822 ) ) ;
#3773 = CARTESIAN_POINT ( 'NONE',  ( 0.3099999999999999978, 0.5950000000000000844, -0.3551250000564820097 ) ) ;
#3774 = EDGE_CURVE ( 'NONE', #2418, #661, #3717, .T. ) ;
#3775 = ORIENTED_EDGE ( 'NONE', *, *, #2148, .T. ) ;
#3776 = ORIENTED_EDGE ( 'NONE', *, *, #500, .F. ) ;
#3777 = CARTESIAN_POINT ( 'NONE',  ( 1.149999999999999911, 1.149999999999999911, -0.08502500005648770676 ) ) ;
#3778 = CARTESIAN_POINT ( 'NONE',  ( 0.2518214560863000218, 0.2464285714285714968, -0.3551250000564815656 ) ) ;
#3779 = ORIENTED_EDGE ( 'NONE', *, *, #1042, .F. ) ;
#3780 = ADVANCED_FACE ( 'NONE', ( #2602 ), #3883, .T. ) ;
#3781 = CARTESIAN_POINT ( 'NONE',  ( 0.08999999999999680478, 0.2250000000000000056, -0.3551250000564805109 ) ) ;
#3782 = CARTESIAN_POINT ( 'NONE',  ( 0.3200000000000000067, -0.2849999999999999756, -0.3551250000564818432 ) ) ;
#3783 = CARTESIAN_POINT ( 'NONE',  ( 0.2099999999999969946, -0.5699999999999999512, -0.3551250000564810660 ) ) ;
#3784 = PLANE ( 'NONE',  #1334 ) ;
#3785 = ORIENTED_EDGE ( 'NONE', *, *, #1282, .F. ) ;
#3786 = COORDINATED_UNIVERSAL_TIME_OFFSET ( 1, 0, .AHEAD. ) ;
#3787 = AXIS2_PLACEMENT_3D ( 'NONE', #1508, #2159, #242 ) ;
#3788 = CARTESIAN_POINT ( 'NONE',  ( -23.03592114560350268, 11.54013782009829825, 5.000000000000000000 ) ) ;
#3789 = DIRECTION ( 'NONE',  ( 6.982962677686270655E-15, 0.000000000000000000, 1.000000000000000000 ) ) ;
#3790 = VERTEX_POINT ( 'NONE', #1667 ) ;
#3791 = ORIENTED_EDGE ( 'NONE', *, *, #251, .T. ) ;
#3792 = FACE_OUTER_BOUND ( 'NONE', #2455, .T. ) ;
#3793 = LINE ( 'NONE', #1312, #1329 ) ;
#3794 = EDGE_LOOP ( 'NONE', ( #788, #3539, #1376, #3976 ) ) ;
#3795 = EDGE_CURVE ( 'NONE', #2094, #3235, #732, .T. ) ;
#3796 = EDGE_CURVE ( 'NONE', #2700, #305, #2258, .T. ) ;
#3797 = EDGE_CURVE ( 'NONE', #2161, #2747, #165, .T. ) ;
#3798 = DIRECTION ( 'NONE',  ( -1.000000000000000000, 0.000000000000000000, 7.228014483236693597E-15 ) ) ;
#3799 = VECTOR ( 'NONE', #962, 1000.000000000000000 ) ;
#3800 = CARTESIAN_POINT ( 'NONE',  ( 0.5100000000000000089, 0.5950000000000000844, -0.3551250000564835640 ) ) ;
#3801 = AXIS2_PLACEMENT_3D ( 'NONE', #2443, #591, #3098 ) ;
#3802 = DIRECTION ( 'NONE',  ( -6.982962677686270655E-15, 0.000000000000000000, -1.000000000000000000 ) ) ;
#3803 = CLOSED_SHELL ( 'NONE', ( #3, #978, #1572, #1754, #3545, #2643, #3015, #2426, #2538, #723, #2737, #1689, #2121, #273, #228, #1502, #3846, #2092, #2713, #466, #2791, #382, #3680, #2559, #823, #2512, #650, #520, #3624, #136, #824, #1911, #3257, #3780, #2346, #2769, #2966, #2812, #2563, #776, #446, #1714, #2264, #1451, #1570, #3751, #3069, #3448, #3323, #902, #948, #3246, #2589, #2342, #1870, #3678, #2469, #3929, #1525, #3998, #225, #856, #826, #1249, #2270, #1147, #1196, #1866, #2860, #3874, #54, #522, #1795, #301, #4044, #1620, #721, #3518, #2890, #914, #2766, #1243, #371, #1908, #2691, #3018, #1431, #393, #951, #1271, #348, #1967 ) ) ;
#3804 = DIRECTION ( 'NONE',  ( 1.000000000000000000, 0.000000000000000000, 0.000000000000000000 ) ) ;
#3805 = ORIENTED_EDGE ( 'NONE', *, *, #795, .F. ) ;
#3806 = PERSON_AND_ORGANIZATION ( #1995, #1161 ) ;
#3807 = CIRCLE ( 'NONE', #2555, 0.02499999999999995628 ) ;
#3808 = LINE ( 'NONE', #3500, #1343 ) ;
#3809 = CARTESIAN_POINT ( 'NONE',  ( 0.1149999999999969935, 0.05000000000000000278, -0.3549999999999999822 ) ) ;
#3810 = ORIENTED_EDGE ( 'NONE', *, *, #1768, .T. ) ;
#3811 = CIRCLE ( 'NONE', #3878, 0.02499999999999995628 ) ;
#3812 = VERTEX_POINT ( 'NONE', #464 ) ;
#3813 = CARTESIAN_POINT ( 'NONE',  ( -1.394874999943561011, -2.223730434814910062, 5.000000000000000000 ) ) ;
#3814 = CARTESIAN_POINT ( 'NONE',  ( -0.1150000000000013928, 0.6199999999999999956, -0.3551250000564785125 ) ) ;
#3815 = ORIENTED_EDGE ( 'NONE', *, *, #649, .T. ) ;
#3816 = APPROVAL_DATE_TIME ( #75, #3523 ) ;
#3817 = AXIS2_PLACEMENT_3D ( 'NONE', #1717, #3629, #2962 ) ;
#3818 = CARTESIAN_POINT ( 'NONE',  ( 0.6350000000000000089, -0.5199999999999999067, -0.3551250000564840081 ) ) ;
#3819 = DIRECTION ( 'NONE',  ( -0.000000000000000000, -0.000000000000000000, -1.000000000000000000 ) ) ;
#3820 = EDGE_CURVE ( 'NONE', #2374, #3457, #3530, .T. ) ;
#3821 = LINE ( 'NONE', #2263, #282 ) ;
#3822 = CARTESIAN_POINT ( 'NONE',  ( 0.2099999999999969946, -0.5950000000000000844, -0.3551250000564810660 ) ) ;
#3823 = DIRECTION ( 'NONE',  ( 3.485384126420032828E-13, 1.000000000000000000, 0.000000000000000000 ) ) ;
#3824 = ORIENTED_EDGE ( 'NONE', *, *, #2241, .T. ) ;
#3825 = CALENDAR_DATE ( 2026, 26, 8 ) ;
#3826 = VECTOR ( 'NONE', #946, 1000.000000000000000 ) ;
#3827 = CARTESIAN_POINT ( 'NONE',  ( -18.94519211359817135, 7.540918895746568040, 5.000000000000000000 ) ) ;
#3828 = DIRECTION ( 'NONE',  ( 6.505213034913030548E-15, 0.000000000000000000, 1.000000000000000000 ) ) ;
#3829 = ORIENTED_EDGE ( 'NONE', *, *, #2440, .F. ) ;
#3830 = ORIENTED_EDGE ( 'NONE', *, *, #1915, .F. ) ;
#3831 = CIRCLE ( 'NONE', #2063, 0.02500000000000001180 ) ;
#3832 = CC_DESIGN_SECURITY_CLASSIFICATION ( #4035, ( #3563 ) ) ;
#3833 = VERTEX_POINT ( 'NONE', #3550 ) ;
#3834 = LINE ( 'NONE', #1030, #1221 ) ;
#3835 = CARTESIAN_POINT ( 'NONE',  ( 0.5100000000000000089, -0.5950000000000000844, -0.3551250000564835640 ) ) ;
#3836 = ORIENTED_EDGE ( 'NONE', *, *, #1098, .T. ) ;
#3837 = APPLICATION_PROTOCOL_DEFINITION ( 'international standard', 'config_control_design', 1994, #3454 ) ;
#3838 = LINE ( 'NONE', #2891, #342 ) ;
#3839 = CARTESIAN_POINT ( 'NONE',  ( 0.3551250000566972265, 3.001549528634499975, -5.000000000000000000 ) ) ;
#3840 = EDGE_CURVE ( 'NONE', #305, #2862, #2928, .T. ) ;
#3841 = DIRECTION ( 'NONE',  ( -1.000000000000000000, 0.000000000000000000, 6.982962677686270655E-15 ) ) ;
#3842 = EDGE_CURVE ( 'NONE', #563, #2875, #1227, .T. ) ;
#3843 = CARTESIAN_POINT ( 'NONE',  ( 0.5810555127546370713, -0.3200000000000000067, -0.3551250000564840081 ) ) ;
#3844 = CARTESIAN_POINT ( 'NONE',  ( 0.3551249999651975298, -2.723253226996780185, 5.000000000000000000 ) ) ;
#3845 = ORIENTED_EDGE ( 'NONE', *, *, #2937, .T. ) ;
#3846 = ADVANCED_FACE ( 'NONE', ( #2013 ), #3264, .F. ) ;
#3847 = EDGE_CURVE ( 'NONE', #596, #1563, #2344, .T. ) ;
#3848 = EDGE_CURVE ( 'NONE', #3271, #3258, #1972, .T. ) ;
#3849 = CARTESIAN_POINT ( 'NONE',  ( 0.6600000000000000311, 0.4949999999999999956, -0.3551250000564845077 ) ) ;
#3850 = CARTESIAN_POINT ( 'NONE',  ( 1.149999999999999911, 1.149999999999999911, -0.08502500005648770676 ) ) ;
#3851 = EDGE_LOOP ( 'NONE', ( #1441, #3300, #3261, #1332 ) ) ;
#3852 = ORIENTED_EDGE ( 'NONE', *, *, #3375, .F. ) ;
#3853 = VECTOR ( 'NONE', #3469, 1000.000000000000000 ) ;
#3854 = ORIENTED_EDGE ( 'NONE', *, *, #3972, .F. ) ;
#3855 = CARTESIAN_POINT ( 'NONE',  ( 0.08999999999999680478, 0.2250000000000000056, -0.3551250000564805109 ) ) ;
#3856 = DIRECTION ( 'NONE',  ( 1.000000000000000000, 0.000000000000000000, -6.505213034913023449E-15 ) ) ;
#3857 = ORIENTED_EDGE ( 'NONE', *, *, #1698, .F. ) ;
#3858 = DATE_AND_TIME ( #1360, #2911 ) ;
#3859 = CARTESIAN_POINT ( 'NONE',  ( 0.5810555127546370713, 0.3200000000000000067, -0.3549999999999999822 ) ) ;
#3860 = CARTESIAN_POINT ( 'NONE',  ( 0.2750000000000000222, 0.2849999999999999756, -0.3551250000564815656 ) ) ;
#3861 = DIRECTION ( 'NONE',  ( 1.000000000000000000, 0.000000000000000000, -6.505213034913037648E-15 ) ) ;
#3862 = VECTOR ( 'NONE', #1732, 1000.000000000000000 ) ;
#3863 = CARTESIAN_POINT ( 'NONE',  ( 0.5810555127546370713, -0.3449999999999999734, -0.3551250000564840081 ) ) ;
#3864 = DIRECTION ( 'NONE',  ( 1.000000000000000000, 0.000000000000000000, -6.505213034913037648E-15 ) ) ;
#3865 = ORIENTED_EDGE ( 'NONE', *, *, #2043, .F. ) ;
#3866 = VECTOR ( 'NONE', #3115, 1000.000000000000000 ) ;
#3867 = DIRECTION ( 'NONE',  ( 6.505213034913021082E-15, 0.000000000000000000, 1.000000000000000000 ) ) ;
#3868 = CARTESIAN_POINT ( 'NONE',  ( 0.1749999999999969913, -0.05000000000000000278, -0.3551250000564810660 ) ) ;
#3869 = ORIENTED_EDGE ( 'NONE', *, *, #3884, .F. ) ;
#3870 = EDGE_CURVE ( 'NONE', #1349, #2597, #1362, .T. ) ;
#3871 = EDGE_LOOP ( 'NONE', ( #2513, #1235, #4015, #314 ) ) ;
#3872 = EDGE_CURVE ( 'NONE', #3033, #538, #876, .T. ) ;
#3873 = VECTOR ( 'NONE', #76, 1000.000000000000000 ) ;
#3874 = ADVANCED_FACE ( 'NONE', ( #490 ), #3327, .T. ) ;
#3875 = EDGE_LOOP ( 'NONE', ( #2039, #1212, #3748, #2898 ) ) ;
#3876 = CARTESIAN_POINT ( 'NONE',  ( -0.6350000000000000089, -0.6199999999999999956, -0.3551250000564750153 ) ) ;
#3877 = CARTESIAN_POINT ( 'NONE',  ( -0.1150000000000000050, -0.6199999999999999956, -0.3551250000564785125 ) ) ;
#3878 = AXIS2_PLACEMENT_3D ( 'NONE', #1060, #2000, #1388 ) ;
#3879 = ORIENTED_EDGE ( 'NONE', *, *, #795, .T. ) ;
#3880 = COORDINATED_UNIVERSAL_TIME_OFFSET ( 1, 0, .AHEAD. ) ;
#3881 = AXIS2_PLACEMENT_3D ( 'NONE', #397, #2885, #92 ) ;
#3882 = CARTESIAN_POINT ( 'NONE',  ( 0.6350000000000000089, -0.5199999999999999067, -0.3549999999999999822 ) ) ;
#3883 = PLANE ( 'NONE',  #1426 ) ;
#3884 = EDGE_CURVE ( 'NONE', #3540, #926, #3106, .T. ) ;
#3885 = VECTOR ( 'NONE', #254, 1000.000000000000000 ) ;
#3886 = LINE ( 'NONE', #3531, #610 ) ;
#3887 = CIRCLE ( 'NONE', #3686, 69.99999999999981526 ) ;
#3888 = CARTESIAN_POINT ( 'NONE',  ( -2.846604824987382987, -5.059081103884319752, -5.000000000000000000 ) ) ;
#3889 = FACE_OUTER_BOUND ( 'NONE', #1857, .T. ) ;
#3890 = ORIENTED_EDGE ( 'NONE', *, *, #1992, .F. ) ;
#3891 = PRODUCT_DEFINITION_SHAPE ( 'NONE', 'NONE',  #4045 ) ;
#3892 = CARTESIAN_POINT ( 'NONE',  ( 0.3200000000000000067, -0.2849999999999999756, -0.3551250000564818432 ) ) ;
#3893 = CARTESIAN_POINT ( 'NONE',  ( 0.5450000000000000400, 0.2849999999999999756, -0.3549999999999999822 ) ) ;
#3894 = VERTEX_POINT ( 'NONE', #3682 ) ;
#3895 = ORIENTED_EDGE ( 'NONE', *, *, #2416, .T. ) ;
#3896 = VECTOR ( 'NONE', #2662, 1000.000000000000000 ) ;
#3897 = VERTEX_POINT ( 'NONE', #3926 ) ;
#3898 = AXIS2_PLACEMENT_3D ( 'NONE', #2162, #2790, #3450 ) ;
#3899 = CARTESIAN_POINT ( 'NONE',  ( 0.1149999999999969935, -0.6199999999999999956, -0.3551250000564805109 ) ) ;
#3900 = EDGE_CURVE ( 'NONE', #2597, #2629, #3568, .T. ) ;
#3901 = DIRECTION ( 'NONE',  ( 1.000000000000000000, 0.000000000000000000, -6.505213034913037648E-15 ) ) ;
#3902 = EDGE_LOOP ( 'NONE', ( #1702, #330, #2836, #3296 ) ) ;
#3903 = VECTOR ( 'NONE', #1237, 1000.000000000000000 ) ;
#3904 = CALENDAR_DATE ( 2026, 26, 8 ) ;
#3905 = APPROVAL_PERSON_ORGANIZATION ( #1138, #2448, #3636 ) ;
#3906 = DIRECTION ( 'NONE',  ( 6.505213034913040804E-15, 0.000000000000000000, 1.000000000000000000 ) ) ;
#3907 = CC_DESIGN_PERSON_AND_ORGANIZATION_ASSIGNMENT ( #119, #2620, ( #4035 ) ) ;
#3908 = CYLINDRICAL_SURFACE ( 'NONE', #3382, 0.04500000000000001221 ) ;
#3909 = VECTOR ( 'NONE', #325, 1000.000000000000000 ) ;
#3910 = PLANE ( 'NONE',  #3478 ) ;
#3911 = DIRECTION ( 'NONE',  ( 6.505213034913030548E-15, 0.000000000000000000, 1.000000000000000000 ) ) ;
#3912 = CARTESIAN_POINT ( 'NONE',  ( -0.7423668819740020242, -3.935206599586729137, -5.000000000000000000 ) ) ;
#3913 = VERTEX_POINT ( 'NONE', #2056 ) ;
#3914 = CALENDAR_DATE ( 2026, 26, 8 ) ;
#3915 = DIRECTION ( 'NONE',  ( 1.000000000000000000, 0.000000000000000000, -6.505213034913023449E-15 ) ) ;
#3916 = CARTESIAN_POINT ( 'NONE',  ( -0.9075306697980521919, -0.1237304348149260991, 5.000000000000000000 ) ) ;
#3917 = ORIENTED_EDGE ( 'NONE', *, *, #1957, .F. ) ;
#3918 = EDGE_LOOP ( 'NONE', ( #840, #3313, #135, #2461, #3562, #2497, #3179, #2948, #3805, #3380, #211, #3289, #3113, #2967, #612, #2496, #1946, #802, #584, #3381, #1011, #1605, #153, #2421, #3663, #1154, #3785, #55, #1621, #3578, #454, #1492, #3958, #1211, #1399, #2438, #3759, #174, #1812, #1679, #3131, #2018, #1788, #1983, #1796, #1462, #3830, #3667, #1816, #3854, #3605, #260, #1916, #1766, #682, #3612, #1299, #1482, #2856, #233, #2428, #2902, #3718, #1496, #539, #2286, #2679, #3694, #2824, #129, #2360, #1268, #1968, #2920, #3657, #2704, #3865 ) ) ;
#3919 = ORIENTED_EDGE ( 'NONE', *, *, #2003, .F. ) ;
#3920 = CARTESIAN_POINT ( 'NONE',  ( 0.1149999999999972017, -0.07499999999999999722, -0.3549999999999999822 ) ) ;
#3921 = LINE ( 'NONE', #1765, #2183 ) ;
#3922 = ORIENTED_EDGE ( 'NONE', *, *, #879, .T. ) ;
#3923 = DATE_AND_TIME ( #870, #1611 ) ;
#3924 = VECTOR ( 'NONE', #1930, 1000.000000000000000 ) ;
#3925 = PLANE ( 'NONE',  #390 ) ;
#3926 = CARTESIAN_POINT ( 'NONE',  ( -0.6350000000000000089, -0.06000000000000000472, -0.3551250000564750153 ) ) ;
#3927 = EDGE_CURVE ( 'NONE', #864, #3666, #1415, .T. ) ;
#3928 = EDGE_CURVE ( 'NONE', #1510, #2453, #3059, .T. ) ;
#3929 = ADVANCED_FACE ( 'NONE', ( #3037 ), #3307, .T. ) ;
#3930 = LINE ( 'NONE', #1410, #1970 ) ;
#3931 = DIRECTION ( 'NONE',  ( -1.000000000000000000, 0.000000000000000000, 6.505213034913027393E-15 ) ) ;
#3932 = DIRECTION ( 'NONE',  ( 6.982962677686270655E-15, 0.000000000000000000, 1.000000000000000000 ) ) ;
#3933 = EDGE_LOOP ( 'NONE', ( #1658, #3043, #2761, #1028 ) ) ;
#3934 = DIRECTION ( 'NONE',  ( 1.000000000000000000, 0.000000000000000000, -6.982962677686270655E-15 ) ) ;
#3935 = DIRECTION ( 'NONE',  ( 6.982962677686270655E-15, 0.000000000000000000, 1.000000000000000000 ) ) ;
#3936 = EDGE_LOOP ( 'NONE', ( #3132, #3413, #58, #3463 ) ) ;
#3937 = VECTOR ( 'NONE', #2813, 1000.000000000000000 ) ;
#3938 = VERTEX_POINT ( 'NONE', #2687 ) ;
#3939 = ORIENTED_EDGE ( 'NONE', *, *, #3626, .T. ) ;
#3940 = DIRECTION ( 'NONE',  ( 6.982962677686270655E-15, 0.000000000000000000, 1.000000000000000000 ) ) ;
#3941 = DESIGN_CONTEXT ( 'detailed design', #2823, 'design' ) ;
#3942 = CARTESIAN_POINT ( 'NONE',  ( 0.6350000000000000089, 0.5199999999999999067, -0.3551250000564840081 ) ) ;
#3943 = VECTOR ( 'NONE', #492, 1000.000000000000000 ) ;
#3944 = ORIENTED_EDGE ( 'NONE', *, *, #1939, .T. ) ;
#3945 = COORDINATED_UNIVERSAL_TIME_OFFSET ( 1, 0, .AHEAD. ) ;
#3946 = CARTESIAN_POINT ( 'NONE',  ( 0.1149999999999969935, 0.05000000000000000278, -0.3551250000564805109 ) ) ;
#3947 = DIRECTION ( 'NONE',  ( 0.000000000000000000, 1.000000000000000000, 0.000000000000000000 ) ) ;
#3948 = CARTESIAN_POINT ( 'NONE',  ( 1.149999999999999911, 1.149999999999999911, -0.08502500005648770676 ) ) ;
#3949 = EDGE_CURVE ( 'NONE', #2194, #2047, #511, .T. ) ;
#3950 = DIRECTION ( 'NONE',  ( -6.505213034913021082E-15, 0.000000000000000000, -1.000000000000000000 ) ) ;
#3951 = VECTOR ( 'NONE', #2072, 1000.000000000000000 ) ;
#3952 = ORIENTED_EDGE ( 'NONE', *, *, #3453, .T. ) ;
#3953 = AXIS2_PLACEMENT_3D ( 'NONE', #497, #1088, #1064 ) ;
#3954 = CARTESIAN_POINT ( 'NONE',  ( 0.08999999999999680478, 0.5950000000000000844, -0.3551250000564805109 ) ) ;
#3955 = DIRECTION ( 'NONE',  ( 6.982962677686270655E-15, 0.000000000000000000, 1.000000000000000000 ) ) ;
#3956 = ORIENTED_EDGE ( 'NONE', *, *, #3351, .T. ) ;
#3957 = CC_DESIGN_PERSON_AND_ORGANIZATION_ASSIGNMENT ( #2887, #381, ( #2794 ) ) ;
#3958 = ORIENTED_EDGE ( 'NONE', *, *, #3041, .F. ) ;
#3959 = VERTEX_POINT ( 'NONE', #575 ) ;
#3960 = LINE ( 'NONE', #1400, #3561 ) ;
#3961 = CARTESIAN_POINT ( 'NONE',  ( 0.08999999999999680478, -0.3449999999999999734, -0.3549999999999999822 ) ) ;
#3962 = VERTEX_POINT ( 'NONE', #2729 ) ;
#3963 = APPROVAL_DATE_TIME ( #3588, #3600 ) ;
#3964 = DIRECTION ( 'NONE',  ( 6.982962677686270655E-15, 0.000000000000000000, 1.000000000000000000 ) ) ;
#3965 = VECTOR ( 'NONE', #2579, 1000.000000000000000 ) ;
#3966 = VECTOR ( 'NONE', #3348, 1000.000000000000000 ) ;
#3967 = DIRECTION ( 'NONE',  ( -0.000000000000000000, 1.000000000000000000, 0.000000000000000000 ) ) ;
#3968 = CC_DESIGN_SECURITY_CLASSIFICATION ( #896, ( #3641 ) ) ;
#3969 = CARTESIAN_POINT ( 'NONE',  ( 0.5810555127546370713, 0.2500000000000000000, -0.3549999999999999822 ) ) ;
#3970 = CARTESIAN_POINT ( 'NONE',  ( -0.1150000000000024059, 0.4249999999999999889, -0.3551250000564785125 ) ) ;
#3971 = ORIENTED_EDGE ( 'NONE', *, *, #238, .F. ) ;
#3972 = EDGE_CURVE ( 'NONE', #2130, #235, #1997, .T. ) ;
#3973 = DIRECTION ( 'NONE',  ( -6.505213034913040804E-15, 0.000000000000000000, -1.000000000000000000 ) ) ;
#3974 = CARTESIAN_POINT ( 'NONE',  ( 0.6350000000000000089, 0.3200000000000000067, -0.3550000000000045342 ) ) ;
#3975 = ORIENTED_EDGE ( 'NONE', *, *, #2641, .F. ) ;
#3976 = ORIENTED_EDGE ( 'NONE', *, *, #1670, .T. ) ;
#3977 = EDGE_CURVE ( 'NONE', #538, #1213, #3658, .T. ) ;
#3978 = EDGE_CURVE ( 'NONE', #2637, #3913, #1752, .T. ) ;
#3979 = EDGE_CURVE ( 'NONE', #2147, #1527, #3986, .T. ) ;
#3980 = ORIENTED_EDGE ( 'NONE', *, *, #1845, .F. ) ;
#3981 = CYLINDRICAL_SURFACE ( 'NONE', #1996, 0.02500000000000001180 ) ;
#3982 = CARTESIAN_POINT ( 'NONE',  ( -1.149999999999999911, 1.149999999999999911, -0.08502500005647160852 ) ) ;
#3983 = ORIENTED_EDGE ( 'NONE', *, *, #822, .F. ) ;
#3984 = DATE_TIME_ROLE ( 'creation_date' ) ;
#3985 = CARTESIAN_POINT ( 'NONE',  ( 0.2099999999999969946, -0.5699999999999999512, -0.3551250000564810660 ) ) ;
#3986 = LINE ( 'NONE', #221, #434 ) ;
#3987 = DIRECTION ( 'NONE',  ( -6.505213034913021082E-15, 0.000000000000000000, -1.000000000000000000 ) ) ;
#3988 = DIRECTION ( 'NONE',  ( -1.000000000000000000, 0.000000000000000000, 6.505213034913027393E-15 ) ) ;
#3989 = ORIENTED_EDGE ( 'NONE', *, *, #2090, .T. ) ;
#3990 = PLANE ( 'NONE',  #1772 ) ;
#3991 = CARTESIAN_POINT ( 'NONE',  ( 0.3350000000000000200, -0.6199999999999999956, -0.3551250000564820097 ) ) ;
#3992 = ORIENTED_EDGE ( 'NONE', *, *, #3570, .F. ) ;
#3993 = EDGE_LOOP ( 'NONE', ( #1695, #436, #431, #804 ) ) ;
#3994 = VERTEX_POINT ( 'NONE', #4006 ) ;
#3995 = LINE ( 'NONE', #3384, #2841 ) ;
#3996 = CIRCLE ( 'NONE', #2362, 0.02499999999999995628 ) ;
#3997 = CYLINDRICAL_SURFACE ( 'NONE', #1853, 0.04999999999999999584 ) ;
#3998 = ADVANCED_FACE ( 'NONE', ( #1449 ), #1141, .T. ) ;
#3999 = EDGE_CURVE ( 'NONE', #2868, #3790, #1544, .T. ) ;
#4000 = VERTEX_POINT ( 'NONE', #1789 ) ;
#4001 = VECTOR ( 'NONE', #1951, 1000.000000000000000 ) ;
#4002 = CYLINDRICAL_SURFACE ( 'NONE', #456, 0.02499999999999995628 ) ;
#4003 = CIRCLE ( 'NONE', #1521, 0.02499999999999995628 ) ;
#4004 = CARTESIAN_POINT ( 'NONE',  ( 0.5810555127546370713, -0.2500000000000000000, -0.3551250000564840081 ) ) ;
#4005 = ORIENTED_EDGE ( 'NONE', *, *, #528, .T. ) ;
#4006 = CARTESIAN_POINT ( 'NONE',  ( -1.149999999999999911, -1.149999999999999911, 0.004974999943528359524 ) ) ;
#4007 = AXIS2_PLACEMENT_3D ( 'NONE', #878, #1553, #3137 ) ;
#4008 = CARTESIAN_POINT ( 'NONE',  ( 0.5810555127546370713, -0.2250000000000000056, -0.3551250000564840081 ) ) ;
#4009 = FACE_OUTER_BOUND ( 'NONE', #229, .T. ) ;
#4010 = VECTOR ( 'NONE', #3932, 1000.000000000000000 ) ;
#4011 = VERTEX_POINT ( 'NONE', #2445 ) ;
#4012 = VECTOR ( 'NONE', #2639, 1000.000000000000000 ) ;
#4013 = CARTESIAN_POINT ( 'NONE',  ( 0.3551250005320090164, -7.391488004478132823E-11, 5.000000000000000000 ) ) ;
#4014 = DIRECTION ( 'NONE',  ( 1.000000000000000000, -1.885568995626964780E-16, -6.982962677686270655E-15 ) ) ;
#4015 = ORIENTED_EDGE ( 'NONE', *, *, #3732, .T. ) ;
#4016 = ORIENTED_EDGE ( 'NONE', *, *, #2102, .T. ) ;
#4017 = AXIS2_PLACEMENT_3D ( 'NONE', #3773, #1619, #2880 ) ;
#4018 = ORIENTED_EDGE ( 'NONE', *, *, #3142, .T. ) ;
#4019 = CARTESIAN_POINT ( 'NONE',  ( 0.08999999999999680478, 0.5950000000000000844, -0.3551250000564805109 ) ) ;
#4020 = CARTESIAN_POINT ( 'NONE',  ( 0.1849999999999970002, 0.5950000000000000844, -0.3551250000564810660 ) ) ;
#4021 = ORIENTED_EDGE ( 'NONE', *, *, #2996, .F. ) ;
#4022 = EDGE_CURVE ( 'NONE', #1216, #3466, #1203, .T. ) ;
#4023 = DIRECTION ( 'NONE',  ( -1.000000000000000000, 0.000000000000000000, 6.505213034913027393E-15 ) ) ;
#4024 = LINE ( 'NONE', #1884, #2549 ) ;
#4025 = VERTEX_POINT ( 'NONE', #2976 ) ;
#4026 = EDGE_CURVE ( 'NONE', #3698, #3938, #1433, .T. ) ;
#4027 = EDGE_CURVE ( 'NONE', #2664, #864, #3725, .T. ) ;
#4028 = AXIS2_PLACEMENT_3D ( 'NONE', #3053, #1561, #1486 ) ;
#4029 = DIRECTION ( 'NONE',  ( 5.421010862427529566E-17, 1.000000000000000000, -3.785471652766330157E-31 ) ) ;
#4030 = CC_DESIGN_DATE_AND_TIME_ASSIGNMENT ( #3613, #1727, ( #896 ) ) ;
#4031 =( GEOMETRIC_REPRESENTATION_CONTEXT ( 3 ) GLOBAL_UNCERTAINTY_ASSIGNED_CONTEXT ( ( #588 ) ) GLOBAL_UNIT_ASSIGNED_CONTEXT ( ( #3428, #1873, #18 ) ) REPRESENTATION_CONTEXT ( 'NONE', 'WORKASPACE' ) );
#4032 = CARTESIAN_POINT ( 'NONE',  ( 0.4681785439136939564, -0.03857142857142845799, -0.3549999999999999822 ) ) ;
#4033 = ORIENTED_EDGE ( 'NONE', *, *, #577, .F. ) ;
#4034 = CIRCLE ( 'NONE', #2650, 0.02500000000000001180 ) ;
#4035 = SECURITY_CLASSIFICATION ( '', '', #2237 ) ;
#4036 = CARTESIAN_POINT ( 'NONE',  ( 0.6350000000000000089, 0.03499999999999999639, -0.3549999999999999822 ) ) ;
#4037 = DIRECTION ( 'NONE',  ( 6.505213034913021082E-15, 0.000000000000000000, 1.000000000000000000 ) ) ;
#4038 = VERTEX_POINT ( 'NONE', #2523 ) ;
#4039 = ORIENTED_EDGE ( 'NONE', *, *, #2591, .T. ) ;
#4040 = FACE_OUTER_BOUND ( 'NONE', #3622, .T. ) ;
#4041 = FACE_OUTER_BOUND ( 'NONE', #1008, .T. ) ;
#4042 = ORIENTED_EDGE ( 'NONE', *, *, #303, .F. ) ;
#4043 = DIRECTION ( 'NONE',  ( 1.000000000000000000, 0.000000000000000000, -6.505213034913023449E-15 ) ) ;
#4044 = ADVANCED_FACE ( 'NONE', ( #1852 ), #648, .T. ) ;
#4045 = NEXT_ASSEMBLY_USAGE_OCCURRENCE ( 'NAUO1', ' ', ' ', #2794, #3423, $ ) ;
#4046 = NEXT_ASSEMBLY_USAGE_OCCURRENCE ( 'NAUO2', ' ', ' ', #2794, #583, $ ) ;
#4047 = NEXT_ASSEMBLY_USAGE_OCCURRENCE ( 'NAUO3', ' ', ' ', #2794, #583, $ ) ;
#4048 = NEXT_ASSEMBLY_USAGE_OCCURRENCE ( 'NAUO4', ' ', ' ', #2794, #583, $ ) ;
ENDSEC;
END-ISO-10303-21;
