ISO-10303-21;
HEADER;
FILE_DESCRIPTION (( 'STEP AP203' ),
    '1' );
FILE_NAME ('ASSY DOT JE conico.STEP',
    '2026-08-26T09:15:59',
    ( '' ),
    ( '' ),
    'SwSTEP 2.0',
    'SolidWorks 2026',
    '' );
FILE_SCHEMA (( 'CONFIG_CONTROL_DESIGN' ));
ENDSEC;

DATA;
#1 = CARTESIAN_POINT ( 'NONE',  ( 0.6350000000000000089, 0.06000000000000000472, -0.3551250000564840081 ) ) ;
#2 = ADVANCED_FACE ( 'NONE', ( #3334 ), #3970, .T. ) ;
#3 = DIRECTION ( 'NONE',  ( -0.000000000000000000, 1.000000000000000000, 0.000000000000000000 ) ) ;
#4 = CARTESIAN_POINT ( 'NONE',  ( 0.5681785439136940452, -0.2464285714285714968, -0.3549999999999999822 ) ) ;
#5 = ORIENTED_EDGE ( 'NONE', *, *, #2520, .T. ) ;
#6 = APPROVAL_STATUS ( 'not_yet_approved' ) ;
#7 = ORIENTED_EDGE ( 'NONE', *, *, #70, .T. ) ;
#8 = ORIENTED_EDGE ( 'NONE', *, *, #3740, .F. ) ;
#9 = DIRECTION ( 'NONE',  ( 6.505213034913040804E-15, 0.000000000000000000, 1.000000000000000000 ) ) ;
#10 = CARTESIAN_POINT ( 'NONE',  ( -0.09106104864206086835, -3.215973670137249663, -5.208646944541281520 ) ) ;
#11 = CARTESIAN_POINT ( 'NONE',  ( -1.149999999999999911, -1.149999999999999911, -0.08502500005647160852 ) ) ;
#12 = ORIENTED_EDGE ( 'NONE', *, *, #1478, .T. ) ;
#13 = AXIS2_PLACEMENT_3D ( 'NONE', #2289, #2677, #2314 ) ;
#14 = EDGE_CURVE ( 'NONE', #74, #37, #2434, .T. ) ;
#15 = CYLINDRICAL_SURFACE ( 'NONE', #1574, 0.02499999999999995628 ) ;
#16 = ORIENTED_EDGE ( 'NONE', *, *, #2131, .F. ) ;
#17 = CARTESIAN_POINT ( 'NONE',  ( 0.5810555127546380705, -0.2250000000000000056, -0.3549999999999999822 ) ) ;
#18 = EDGE_CURVE ( 'NONE', #781, #466, #1130, .T. ) ;
#19 = DIRECTION ( 'NONE',  ( 6.505213034913021082E-15, 0.000000000000000000, 1.000000000000000000 ) ) ;
#20 = LINE ( 'NONE', #2186, #3253 ) ;
#21 = DIRECTION ( 'NONE',  ( -6.505213034913021082E-15, 0.000000000000000000, -1.000000000000000000 ) ) ;
#22 = B_SPLINE_CURVE_WITH_KNOTS ( 'NONE', 3,
 ( #2605, #2954, #1618, #100, #371, #3861, #1017, #3545, #3596, #1374, #397, #1066, #699, #1973, #3240, #2647 ),
 .UNSPECIFIED., .F., .F.,
 ( 4, 2, 2, 2, 2, 2, 2, 4 ),
 ( 0.000000000000000000, 0.005225300082522360903, 0.01045060016504471834, 0.01306325020630589792, 0.01567590024756707751, 0.01828855028882826056, 0.01959487530945885209, 0.02090120033008944014 ),
 .UNSPECIFIED. ) ;
#23 = VERTEX_POINT ( 'NONE', #204 ) ;
#24 = DIRECTION ( 'NONE',  ( -1.000000000000000000, 0.000000000000000000, 6.505213034913037648E-15 ) ) ;
#25 = PLANE ( 'NONE',  #3047 ) ;
#26 = CC_DESIGN_SECURITY_CLASSIFICATION ( #3212, ( #4118 ) ) ;
#27 = EDGE_CURVE ( 'NONE', #1021, #144, #3655, .T. ) ;
#28 = ORIENTED_EDGE ( 'NONE', *, *, #4028, .F. ) ;
#29 = PERSON_AND_ORGANIZATION ( #1026, #439 ) ;
#30 = ORIENTED_EDGE ( 'NONE', *, *, #1924, .F. ) ;
#31 = ORIENTED_EDGE ( 'NONE', *, *, #561, .T. ) ;
#32 = CARTESIAN_POINT ( 'NONE',  ( 0.1849999999999970002, -0.5950000000000000844, -0.3551250000564810660 ) ) ;
#33 = CARTESIAN_POINT ( 'NONE',  ( 0.3551250000564474263, 2.037380911795548144, 7.000000000000000000 ) ) ;
#34 = AXIS2_PLACEMENT_3D ( 'NONE', #2317, #3620, #3891 ) ;
#35 = AXIS2_PLACEMENT_3D ( 'NONE', #3919, #1424, #1696 ) ;
#36 = DIRECTION ( 'NONE',  ( 4.336808689942045346E-15, 1.000000000000000000, -3.028377322213075196E-29 ) ) ;
#37 = VERTEX_POINT ( 'NONE', #2097 ) ;
#38 = CARTESIAN_POINT ( 'NONE',  ( 0.3350000000000000200, 0.6199999999999999956, -0.3549999999999999822 ) ) ;
#39 = ORIENTED_EDGE ( 'NONE', *, *, #3078, .F. ) ;
#40 = LINE ( 'NONE', #2853, #55 ) ;
#41 = ADVANCED_FACE ( 'NONE', ( #3350 ), #3669, .F. ) ;
#42 = DIRECTION ( 'NONE',  ( -4.401757866934369622E-17, 1.000000000000000000, 3.073731090101460497E-31 ) ) ;
#43 = CARTESIAN_POINT ( 'NONE',  ( 0.08999999999999729050, -0.5950000000000000844, -0.3549999999999999822 ) ) ;
#44 = CARTESIAN_POINT ( 'NONE',  ( 0.1312573155561916893, 3.380924570793871986, 5.955441535142953491 ) ) ;
#45 = EDGE_CURVE ( 'NONE', #205, #1343, #3313, .T. ) ;
#46 = UNCERTAINTY_MEASURE_WITH_UNIT (LENGTH_MEASURE( 1.000000000000000082E-05 ), #2745, 'distance_accuracy_value', 'NONE');
#47 = DIRECTION ( 'NONE',  ( -6.505213034913021082E-15, 0.000000000000000000, -1.000000000000000000 ) ) ;
#48 = DIRECTION ( 'NONE',  ( -6.505213034913040804E-15, 0.000000000000000000, -1.000000000000000000 ) ) ;
#49 = AXIS2_PLACEMENT_3D ( 'NONE', #1712, #1975, #1088 ) ;
#50 = DIRECTION ( 'NONE',  ( 6.982962677686270655E-15, 0.000000000000000000, 1.000000000000000000 ) ) ;
#51 = ORIENTED_EDGE ( 'NONE', *, *, #2653, .F. ) ;
#52 = APPROVAL_DATE_TIME ( #2257, #239 ) ;
#53 = ORIENTED_EDGE ( 'NONE', *, *, #1565, .T. ) ;
#54 = ORIENTED_EDGE ( 'NONE', *, *, #716, .T. ) ;
#55 = VECTOR ( 'NONE', #1313, 1000.000000000000000 ) ;
#56 = ADVANCED_FACE ( 'NONE', ( #1769 ), #1145, .T. ) ;
#57 = CARTESIAN_POINT ( 'NONE',  ( 0.1849999999999970002, -0.6199999999999999956, -0.3549999999999999822 ) ) ;
#58 = CARTESIAN_POINT ( 'NONE',  ( -0.6600000000000000311, -0.2550000000000000044, -0.3551250000564750153 ) ) ;
#59 = LINE ( 'NONE', #346, #1768 ) ;
#60 = VERTEX_POINT ( 'NONE', #2117 ) ;
#61 = VECTOR ( 'NONE', #684, 1000.000000000000000 ) ;
#62 = PLANE ( 'NONE',  #757 ) ;
#63 = ORIENTED_EDGE ( 'NONE', *, *, #2882, .T. ) ;
#64 = CARTESIAN_POINT ( 'NONE',  ( 0.1149999999999967992, 0.07499999999999999722, -0.3551250000564805109 ) ) ;
#65 = CARTESIAN_POINT ( 'NONE',  ( 1.149999999999999911, 1.149999999999999911, -0.08502500005648770676 ) ) ;
#66 = EDGE_LOOP ( 'NONE', ( #1993, #3140, #3567, #969 ) ) ;
#67 = DIRECTION ( 'NONE',  ( 1.000000000000000000, 0.000000000000000000, -6.505213034913023449E-15 ) ) ;
#68 = ORIENTED_EDGE ( 'NONE', *, *, #2279, .T. ) ;
#69 = CARTESIAN_POINT ( 'NONE',  ( -21.61822091296472692, 10.26318709152289799, 6.734540474352236572 ) ) ;
#70 = EDGE_CURVE ( 'NONE', #3439, #2722, #3042, .T. ) ;
#71 = PRODUCT ( 'lente dot je', 'lente dot je', '', ( #668 ) ) ;
#72 = APPROVAL_ROLE ( '' ) ;
#73 = ORIENTED_EDGE ( 'NONE', *, *, #1140, .T. ) ;
#74 = VERTEX_POINT ( 'NONE', #4002 ) ;
#75 = DIRECTION ( 'NONE',  ( 6.982962677686270655E-15, 0.000000000000000000, 1.000000000000000000 ) ) ;
#76 = FACE_OUTER_BOUND ( 'NONE', #470, .T. ) ;
#77 = EDGE_CURVE ( 'NONE', #2410, #251, #3388, .T. ) ;
#78 = DIRECTION ( 'NONE',  ( -1.885568995626964780E-16, -1.000000000000000000, 1.316685792266546124E-30 ) ) ;
#79 = PERSON ( 'NAUO-PER1', 'UNSPECIFIED', 'UNSPECIFIED', ('UNSPECIFIED'), ('UNSPECIFIED'), ('UNSPECIFIED') ) ;
#80 = ORIENTED_EDGE ( 'NONE', *, *, #800, .T. ) ;
#81 = DIRECTION ( 'NONE',  ( 1.000000000000000000, 0.000000000000000000, -6.505213034913037648E-15 ) ) ;
#82 = ORIENTED_EDGE ( 'NONE', *, *, #1172, .T. ) ;
#83 = LINE ( 'NONE', #377, #3921 ) ;
#84 = EDGE_CURVE ( 'NONE', #363, #2362, #1383, .T. ) ;
#85 = DIRECTION ( 'NONE',  ( 6.982962677686270655E-15, 0.000000000000000000, 1.000000000000000000 ) ) ;
#86 = ORIENTED_EDGE ( 'NONE', *, *, #924, .T. ) ;
#87 = CARTESIAN_POINT ( 'NONE',  ( 0.5810555127546370713, -0.3200000000000000067, -0.3551250000564840081 ) ) ;
#88 = ORIENTED_EDGE ( 'NONE', *, *, #3349, .F. ) ;
#89 = LINE ( 'NONE', #2635, #2703 ) ;
#90 = PLANE ( 'NONE',  #731 ) ;
#91 = LINE ( 'NONE', #2638, #1189 ) ;
#92 = PLANE ( 'NONE',  #228 ) ;
#93 = LOCAL_TIME ( 11, 15, 59.00000000000000000, #2503 ) ;
#94 = EDGE_CURVE ( 'NONE', #3131, #682, #3367, .T. ) ;
#95 = PERSON_AND_ORGANIZATION_ROLE ( 'creator' ) ;
#96 = ORIENTED_EDGE ( 'NONE', *, *, #2814, .F. ) ;
#97 = VERTEX_POINT ( 'NONE', #3640 ) ;
#98 = DIRECTION ( 'NONE',  ( 1.084202172485509956E-15, -1.000000000000000000, -7.570943305532690793E-30 ) ) ;
#99 = DIRECTION ( 'NONE',  ( 6.505213034913021082E-15, 0.000000000000000000, 1.000000000000000000 ) ) ;
#100 = CARTESIAN_POINT ( 'NONE',  ( -14.43747518705073141, 2.262203719805750080, -5.828797974881933186 ) ) ;
#101 = ORIENTED_EDGE ( 'NONE', *, *, #3330, .T. ) ;
#102 = DIRECTION ( 'NONE',  ( 6.982962677686270655E-15, 0.000000000000000000, 1.000000000000000000 ) ) ;
#103 = ORIENTED_EDGE ( 'NONE', *, *, #1996, .F. ) ;
#104 = FACE_OUTER_BOUND ( 'NONE', #1510, .T. ) ;
#105 = AXIS2_PLACEMENT_3D ( 'NONE', #2040, #1799, #824 ) ;
#106 = VECTOR ( 'NONE', #2065, 1000.000000000000000 ) ;
#107 = CARTESIAN_POINT ( 'NONE',  ( -1.040318291896019209, 0.2276001758288153931, -5.598472924355377245 ) ) ;
#108 = AXIS2_PLACEMENT_3D ( 'NONE', #2377, #203, #3638 ) ;
#109 = EDGE_LOOP ( 'NONE', ( #3911, #736, #2999, #850 ) ) ;
#110 = AXIS2_PLACEMENT_3D ( 'NONE', #2783, #3167, #4039 ) ;
#111 = DIRECTION ( 'NONE',  ( -6.982962677686270655E-15, 0.000000000000000000, -1.000000000000000000 ) ) ;
#112 = EDGE_LOOP ( 'NONE', ( #1476, #2693, #2865, #2893 ) ) ;
#113 = PLANE ( 'NONE',  #35 ) ;
#114 = EDGE_CURVE ( 'NONE', #327, #4003, #1203, .T. ) ;
#115 = CARTESIAN_POINT ( 'NONE',  ( -16.76895539129553825, 4.828521513569937085, 6.119315150705019413 ) ) ;
#116 = CARTESIAN_POINT ( 'NONE',  ( 0.2389444872453570234, 0.2250000000000000056, -0.3551250000564815656 ) ) ;
#117 = ITEM_DEFINED_TRANSFORMATION ( 'NONE', 'NONE', #3137,  #890 ) ;
#118 = ORIENTED_EDGE ( 'NONE', *, *, #1753, .T. ) ;
#119 = ORIENTED_EDGE ( 'NONE', *, *, #2328, .F. ) ;
#120 = AXIS2_PLACEMENT_3D ( 'NONE', #1754, #1790, #494 ) ;
#121 = DIRECTION ( 'NONE',  ( 7.228014483236690442E-15, 0.000000000000000000, 1.000000000000000000 ) ) ;
#122 = CARTESIAN_POINT ( 'NONE',  ( -1.314368477922809086, 1.629361463898390650, 5.757157765171933228 ) ) ;
#123 = AXIS2_PLACEMENT_3D ( 'NONE', #2941, #2652, #3244 ) ;
#124 = CARTESIAN_POINT ( 'NONE',  ( 0.6350000000000000089, 0.3200000000000000067, -0.3550000000000045342 ) ) ;
#125 = CC_DESIGN_DATE_AND_TIME_ASSIGNMENT ( #2551, #1325, ( #4104 ) ) ;
#126 = ORIENTED_EDGE ( 'NONE', *, *, #14, .T. ) ;
#127 = DIRECTION ( 'NONE',  ( 1.000000000000000000, 0.000000000000000000, -6.982962677686270655E-15 ) ) ;
#128 = ORIENTED_EDGE ( 'NONE', *, *, #3078, .T. ) ;
#129 = CARTESIAN_POINT ( 'NONE',  ( 0.08999999999999680478, -0.2250000000000000056, -0.3549999999999999822 ) ) ;
#130 = ADVANCED_FACE ( 'NONE', ( #4064 ), #15, .F. ) ;
#131 = AXIS2_PLACEMENT_3D ( 'NONE', #1642, #99, #3307 ) ;
#132 = AXIS2_PLACEMENT_3D ( 'NONE', #3385, #474, #808 ) ;
#133 = CARTESIAN_POINT ( 'NONE',  ( 0.3350000000000000200, 0.6199999999999999956, -0.3551250000564820097 ) ) ;
#134 = CIRCLE ( 'NONE', #1786, 0.02499999999999995628 ) ;
#135 = CARTESIAN_POINT ( 'NONE',  ( -1.394874999943561011, -2.223730434814910062, -5.865986263594098915 ) ) ;
#136 = ORIENTED_EDGE ( 'NONE', *, *, #304, .T. ) ;
#137 = CYLINDRICAL_SURFACE ( 'NONE', #2901, 0.02500000000000001180 ) ;
#138 = VECTOR ( 'NONE', #959, 1000.000000000000114 ) ;
#139 = FACE_OUTER_BOUND ( 'NONE', #2781, .T. ) ;
#140 = DIRECTION ( 'NONE',  ( 1.000000000000000000, 4.373741005274489641E-16, 0.000000000000000000 ) ) ;
#141 = FACE_OUTER_BOUND ( 'NONE', #3986, .T. ) ;
#142 = ITEM_DEFINED_TRANSFORMATION ( 'NONE', 'NONE', #284,  #890 ) ;
#143 = ORIENTED_EDGE ( 'NONE', *, *, #1679, .F. ) ;
#144 = VERTEX_POINT ( 'NONE', #3794 ) ;
#145 = CARTESIAN_POINT ( 'NONE',  ( 0.5681785439136940452, -0.3235714285714285099, -0.3551250000564835640 ) ) ;
#146 = LINE ( 'NONE', #673, #1728 ) ;
#147 = ORIENTED_EDGE ( 'NONE', *, *, #1480, .F. ) ;
#148 = LINE ( 'NONE', #3312, #3045 ) ;
#149 = LINE ( 'NONE', #1418, #1495 ) ;
#150 = VERTEX_POINT ( 'NONE', #306 ) ;
#151 = EDGE_CURVE ( 'NONE', #3651, #3647, #1179, .T. ) ;
#152 = CARTESIAN_POINT ( 'NONE',  ( 0.6350000000000000089, -0.06000000000000000472, -0.3550000000000045342 ) ) ;
#153 = ORIENTED_EDGE ( 'NONE', *, *, #2240, .T. ) ;
#154 = CARTESIAN_POINT ( 'NONE',  ( 0.3551250000566972265, 3.001549528634499975, -5.912494801853048543 ) ) ;
#155 = CIRCLE ( 'NONE', #2880, 0.04500000000000001221 ) ;
#156 = DATE_AND_TIME ( #1389, #1155 ) ;
#157 = ORIENTED_EDGE ( 'NONE', *, *, #2407, .F. ) ;
#158 = DIRECTION ( 'NONE',  ( 6.982962677686270655E-15, 0.000000000000000000, 1.000000000000000000 ) ) ;
#159 = DIRECTION ( 'NONE',  ( -1.000000000000000000, 0.000000000000000000, 7.228014483236693597E-15 ) ) ;
#160 = CARTESIAN_POINT ( 'NONE',  ( 0.1149999999999969935, -0.05000000000000000278, -0.3551250000564805109 ) ) ;
#161 = EDGE_CURVE ( 'NONE', #2998, #3206, #3485, .T. ) ;
#162 = CARTESIAN_POINT ( 'NONE',  ( 0.000000000000000000, 0.000000000000000000, 0.000000000000000000 ) ) ;
#163 = ORIENTED_EDGE ( 'NONE', *, *, #1344, .F. ) ;
#164 = FACE_OUTER_BOUND ( 'NONE', #1111, .T. ) ;
#165 = B_SPLINE_SURFACE_WITH_KNOTS ( 'NONE', 2, 1, ( 
 ( #1870, #640 ),
 ( #337, #1235 ),
 ( #3138, #1632 ) ),
 .UNSPECIFIED., .F., .F., .F.,
 ( 3, 3 ),
 ( 2, 2 ),
 ( 0.4976672411085089620, 0.4995542795880109632 ),
 ( 0.000000000000000000, 1.000000000000000000 ),
 .UNSPECIFIED. ) ;
#166 = CARTESIAN_POINT ( 'NONE',  ( -0.03063247170903194219, -2.271370833674211998, -5.315579666977519935 ) ) ;
#167 = VERTEX_POINT ( 'NONE', #3774 ) ;
#168 = ORIENTED_EDGE ( 'NONE', *, *, #1045, .F. ) ;
#169 = DIRECTION ( 'NONE',  ( 6.505213034913021082E-15, 0.000000000000000000, 1.000000000000000000 ) ) ;
#170 = CIRCLE ( 'NONE', #2320, 0.02500000000000001180 ) ;
#171 = AXIS2_PLACEMENT_3D ( 'NONE', #3440, #277, #3478 ) ;
#172 = CC_DESIGN_PERSON_AND_ORGANIZATION_ASSIGNMENT ( #1364, #2642, ( #1705 ) ) ;
#173 = DIRECTION ( 'NONE',  ( -6.505213034913021082E-15, 0.000000000000000000, -1.000000000000000000 ) ) ;
#174 = AXIS2_PLACEMENT_3D ( 'NONE', #1330, #3884, #2915 ) ;
#175 = EDGE_CURVE ( 'NONE', #3019, #3495, #3749, .T. ) ;
#176 = SECURITY_CLASSIFICATION_LEVEL ( 'unclassified' ) ;
#177 = VERTEX_POINT ( 'NONE', #1288 ) ;
#178 = CARTESIAN_POINT ( 'NONE',  ( -23.03592114560350268, 11.87161228793415191, -6.916620475012941860 ) ) ;
#179 = CARTESIAN_POINT ( 'NONE',  ( 0.3551249999651975298, -2.723253226996780185, 5.327597916784519327 ) ) ;
#180 = DIRECTION ( 'NONE',  ( 1.000000000000000000, 0.000000000000000000, -6.505213034913037648E-15 ) ) ;
#181 = EDGE_CURVE ( 'NONE', #558, #2213, #2757, .T. ) ;
#182 = ORIENTED_EDGE ( 'NONE', *, *, #3595, .F. ) ;
#183 = PLANE ( 'NONE',  #1914 ) ;
#184 = LINE ( 'NONE', #3968, #2368 ) ;
#185 = ADVANCED_FACE ( 'NONE', ( #2198 ), #3093, .T. ) ;
#187 = CARTESIAN_POINT ( 'NONE',  ( 0.5100000000000000089, -0.5699999999999999512, -0.3549999999999999822 ) ) ;
#186 = CIRCLE ( 'NONE', #989, 0.04999999999999999584 ) ;
#188 = AXIS2_PLACEMENT_3D ( 'NONE', #3708, #2747, #3090 ) ;
#189 = ORIENTED_EDGE ( 'NONE', *, *, #571, .F. ) ;
#190 = DIRECTION ( 'NONE',  ( 1.000000000000000000, 0.000000000000000000, -6.505213034913023449E-15 ) ) ;
#191 = AXIS2_PLACEMENT_3D ( 'NONE', #209, #1794, #3407 ) ;
#192 = AXIS2_PLACEMENT_3D ( 'NONE', #742, #3278, #532 ) ;
#193 = DIRECTION ( 'NONE',  ( 1.000000000000000000, 0.000000000000000000, -6.505213034913023449E-15 ) ) ;
#194 = AXIS2_PLACEMENT_3D ( 'NONE', #1605, #918, #3732 ) ;
#195 = AXIS2_PLACEMENT_3D ( 'NONE', #3803, #962, #2231 ) ;
#196 = ORIENTED_EDGE ( 'NONE', *, *, #1527, .T. ) ;
#197 = ADVANCED_FACE ( 'NONE', ( #3424, #1225, #3174, #1554, #909, #1245 ), #605, .T. ) ;
#198 = DIRECTION ( 'NONE',  ( -0.000000000000000000, -0.000000000000000000, -1.000000000000000000 ) ) ;
#199 = DIRECTION ( 'NONE',  ( 1.000000000000000000, 0.000000000000000000, -6.505213034913027393E-15 ) ) ;
#200 = LINE ( 'NONE', #1450, #3322 ) ;
#201 = ORIENTED_EDGE ( 'NONE', *, *, #1458, .T. ) ;
#202 = DIRECTION ( 'NONE',  ( 6.505213034913040804E-15, 0.000000000000000000, 1.000000000000000000 ) ) ;
#203 = DIRECTION ( 'NONE',  ( -6.505213034913040804E-15, 0.000000000000000000, -1.000000000000000000 ) ) ;
#204 = CARTESIAN_POINT ( 'NONE',  ( 0.6600000000000000311, 0.4949999999999999956, -0.3549999999999999822 ) ) ;
#205 = VERTEX_POINT ( 'NONE', #242 ) ;
#206 = FACE_OUTER_BOUND ( 'NONE', #578, .T. ) ;
#207 = ADVANCED_FACE ( 'NONE', ( #2242 ), #543, .T. ) ;
#208 = CYLINDRICAL_SURFACE ( 'NONE', #921, 0.02500000000000001180 ) ;
#209 = CARTESIAN_POINT ( 'NONE',  ( -0.1150000000000024059, 0.4249999999999999889, -0.3551250000564785125 ) ) ;
#210 = AXIS2_PLACEMENT_3D ( 'NONE', #3053, #1809, #877 ) ;
#211 = VERTEX_POINT ( 'NONE', #1907 ) ;
#212 = LINE ( 'NONE', #1505, #2280 ) ;
#213 = DIRECTION ( 'NONE',  ( 0.000000000000000000, 1.000000000000000000, 0.000000000000000000 ) ) ;
#214 = EDGE_CURVE ( 'NONE', #1923, #2047, #4111, .T. ) ;
#215 = PERSON_AND_ORGANIZATION ( #1026, #439 ) ;
#216 = ORIENTED_EDGE ( 'NONE', *, *, #3320, .F. ) ;
#217 = EDGE_LOOP ( 'NONE', ( #3944, #1345, #401, #1381, #710, #1018, #3735, #2559, #980, #2123, #2451, #3143, #2819, #1093, #2895, #3864, #2092, #3507, #489, #2949, #2069, #3787, #1615, #2442, #758, #1745, #3750, #86, #2841, #196, #3766, #1689, #644, #631, #1142, #3062, #3639, #507, #1570, #2134, #3165, #520, #1804, #419, #12, #2072, #975, #3548, #1338, #3315, #1544, #3209, #353, #1571, #3106, #2887, #544, #1752, #3531, #1420, #692, #2241, #1067, #3124, #2696, #1983, #1274, #3591, #745, #2525, #2612, #1651, #991, #1193, #267, #563, #126 ) ) ;
#218 = CARTESIAN_POINT ( 'NONE',  ( 0.4810555127546370380, 0.03499999999999999639, -0.3551250000564830089 ) ) ;
#219 = EDGE_CURVE ( 'NONE', #3871, #3848, #1600, .T. ) ;
#220 = DIRECTION ( 'NONE',  ( 6.505213034913040804E-15, 0.000000000000000000, 1.000000000000000000 ) ) ;
#221 = SECURITY_CLASSIFICATION ( '', '', #3646 ) ;
#222 = ORIENTED_EDGE ( 'NONE', *, *, #2057, .T. ) ;
#223 = ORIENTED_EDGE ( 'NONE', *, *, #716, .F. ) ;
#224 = DIRECTION ( 'NONE',  ( 1.000000000000000000, 0.000000000000000000, -6.505213034913037648E-15 ) ) ;
#225 = DIRECTION ( 'NONE',  ( 7.228014483236690442E-15, 0.000000000000000000, 1.000000000000000000 ) ) ;
#226 = PRODUCT_DEFINITION_SHAPE ( 'NONE', 'NONE',  #683 ) ;
#227 = ADVANCED_FACE ( 'NONE', ( #1516 ), #2787, .F. ) ;
#228 = AXIS2_PLACEMENT_3D ( 'NONE', #1388, #450, #4088 ) ;
#229 = CIRCLE ( 'NONE', #1706, 0.02499999999999995628 ) ;
#230 = ORIENTED_EDGE ( 'NONE', *, *, #2188, .T. ) ;
#231 = AXIS2_PLACEMENT_3D ( 'NONE', #884, #3791, #280 ) ;
#232 = LINE ( 'NONE', #3100, #1279 ) ;
#233 = DIRECTION ( 'NONE',  ( 0.000000000000000000, 0.1124854344122625527, -0.9936533736897815716 ) ) ;
#234 = CALENDAR_DATE ( 2026, 26, 8 ) ;
#235 = ORIENTED_EDGE ( 'NONE', *, *, #1493, .T. ) ;
#236 = ORIENTED_EDGE ( 'NONE', *, *, #2509, .T. ) ;
#237 = LINE ( 'NONE', #3126, #2971 ) ;
#238 = FACE_OUTER_BOUND ( 'NONE', #2483, .T. ) ;
#239 = APPROVAL ( #6, 'UNSPECIFIED' ) ;
#240 = CARTESIAN_POINT ( 'NONE',  ( 0.4810555127546370380, -0.03499999999999999639, -0.3551250000564830089 ) ) ;
#241 = EDGE_CURVE ( 'NONE', #2085, #287, #2939, .T. ) ;
#242 = CARTESIAN_POINT ( 'NONE',  ( 0.5810555127546370713, -0.2500000000000000000, -0.3551250000564840081 ) ) ;
#243 = ORIENTED_EDGE ( 'NONE', *, *, #2018, .F. ) ;
#244 = AXIS2_PLACEMENT_3D ( 'NONE', #281, #2829, #3446 ) ;
#245 = DIRECTION ( 'NONE',  ( 6.505213034913040804E-15, 0.000000000000000000, 1.000000000000000000 ) ) ;
#246 = CARTESIAN_POINT ( 'NONE',  ( 0.2518214560863000218, 0.3235714285714290095, -0.3549999999999999822 ) ) ;
#247 = CIRCLE ( 'NONE', #1122, 0.02500000000000001180 ) ;
#248 = CARTESIAN_POINT ( 'NONE',  ( 0.1849999999999974998, 0.5950000000000000844, -0.3549999999999999822 ) ) ;
#249 = AXIS2_PLACEMENT_3D ( 'NONE', #790, #3963, #3067 ) ;
#250 = EDGE_CURVE ( 'NONE', #1240, #2374, #788, .T. ) ;
#251 = VERTEX_POINT ( 'NONE', #3549 ) ;
#252 = DIRECTION ( 'NONE',  ( 1.000000000000000000, 0.000000000000000000, -6.982962677686270655E-15 ) ) ;
#253 = CARTESIAN_POINT ( 'NONE',  ( 0.2389444872453579949, -0.3449999999999999734, -0.3549999999999999822 ) ) ;
#254 = EDGE_CURVE ( 'NONE', #1059, #3779, #1621, .T. ) ;
#255 = DATE_AND_TIME ( #3474, #2760 ) ;
#256 = ORIENTED_EDGE ( 'NONE', *, *, #752, .T. ) ;
#257 = ORIENTED_EDGE ( 'NONE', *, *, #1384, .F. ) ;
#258 = CARTESIAN_POINT ( 'NONE',  ( 0.6600000000000000311, 0.4949999999999999956, -0.3551250000564845077 ) ) ;
#259 = DIRECTION ( 'NONE',  ( 6.505213034913030548E-15, 0.000000000000000000, 1.000000000000000000 ) ) ;
#260 = LINE ( 'NONE', #3149, #3817 ) ;
#261 = CARTESIAN_POINT ( 'NONE',  ( -1.688800069232066603, -4.405520224363512760, 5.073985638648562890 ) ) ;
#262 = EDGE_LOOP ( 'NONE', ( #2013, #970, #2312, #1491 ) ) ;
#263 = FACE_OUTER_BOUND ( 'NONE', #2601, .T. ) ;
#264 = EDGE_CURVE ( 'NONE', #2722, #1980, #3238, .T. ) ;
#265 = CARTESIAN_POINT ( 'NONE',  ( 0.3350000000000000200, 0.6199999999999999956, -0.3551250000564820097 ) ) ;
#266 = CARTESIAN_POINT ( 'NONE',  ( 0.2389444872453570234, 0.3200000000000000067, -0.3551250000564815656 ) ) ;
#267 = ORIENTED_EDGE ( 'NONE', *, *, #907, .T. ) ;
#268 = FACE_OUTER_BOUND ( 'NONE', #112, .T. ) ;
#269 = ORIENTED_EDGE ( 'NONE', *, *, #3959, .F. ) ;
#270 = FACE_OUTER_BOUND ( 'NONE', #2387, .T. ) ;
#271 = DIRECTION ( 'NONE',  ( -6.982962677686270655E-15, 0.000000000000000000, -1.000000000000000000 ) ) ;
#272 = VERTEX_POINT ( 'NONE', #38 ) ;
#273 = APPROVAL_DATE_TIME ( #2759, #3190 ) ;
#274 = ORIENTED_EDGE ( 'NONE', *, *, #2509, .F. ) ;
#275 = EDGE_LOOP ( 'NONE', ( #2940, #1204, #1916, #3310 ) ) ;
#276 = EDGE_CURVE ( 'NONE', #3871, #97, #3275, .T. ) ;
#277 = DIRECTION ( 'NONE',  ( -6.505213034913021082E-15, 0.000000000000000000, -1.000000000000000000 ) ) ;
#278 = VECTOR ( 'NONE', #3118, 1000.000000000000000 ) ;
#279 = DIRECTION ( 'NONE',  ( 7.228014483236690442E-15, 0.000000000000000000, 1.000000000000000000 ) ) ;
#280 = DIRECTION ( 'NONE',  ( -6.982962677686270655E-15, 0.000000000000000000, -1.000000000000000000 ) ) ;
#281 = CARTESIAN_POINT ( 'NONE',  ( -2.913505490301934844E-15, 0.000000000000000000, -0.3551250000564795117 ) ) ;
#282 = ORIENTED_EDGE ( 'NONE', *, *, #1774, .F. ) ;
#283 = DIRECTION ( 'NONE',  ( -6.505213034913040804E-15, 0.000000000000000000, -1.000000000000000000 ) ) ;
#284 = AXIS2_PLACEMENT_3D ( 'NONE', #162, #3615, #524 ) ;
#285 = LINE ( 'NONE', #938, #894 ) ;
#286 = DIRECTION ( 'NONE',  ( 1.000000000000000000, 0.000000000000000000, -6.982962677686270655E-15 ) ) ;
#287 = VERTEX_POINT ( 'NONE', #3287 ) ;
#288 = CARTESIAN_POINT ( 'NONE',  ( -5.629041172254177994, 9.370777676637377596, 6.633516250649171830 ) ) ;
#289 = CARTESIAN_POINT ( 'NONE',  ( -0.6350000000000000089, 0.4000000000000000222, -0.3551250000564750153 ) ) ;
#290 = EDGE_CURVE ( 'NONE', #977, #2574, #3133, .T. ) ;
#291 = FACE_OUTER_BOUND ( 'NONE', #1800, .T. ) ;
#292 = PRODUCT_DEFINITION_FORMATION_WITH_SPECIFIED_SOURCE ( 'ANY', '', #702, .NOT_KNOWN. ) ;
#293 = AXIS2_PLACEMENT_3D ( 'NONE', #505, #1848, #159 ) ;
#294 = VECTOR ( 'NONE', #2766, 1000.000000000000000 ) ;
#295 = ORIENTED_EDGE ( 'NONE', *, *, #1526, .F. ) ;
#296 = CALENDAR_DATE ( 2026, 26, 8 ) ;
#297 = ORIENTED_EDGE ( 'NONE', *, *, #762, .F. ) ;
#298 = AXIS2_PLACEMENT_3D ( 'NONE', #1394, #1035, #768 ) ;
#299 = ORIENTED_EDGE ( 'NONE', *, *, #1701, .T. ) ;
#300 = CARTESIAN_POINT ( 'NONE',  ( 0.6350000000000000089, -0.06000000000000000472, -0.3551250000564840081 ) ) ;
#301 = CARTESIAN_POINT ( 'NONE',  ( 0.3099999999999999978, 0.5699999999999999512, -0.3549999999999999822 ) ) ;
#302 = ADVANCED_FACE ( 'NONE', ( #3216 ), #62, .T. ) ;
#303 = DIRECTION ( 'NONE',  ( 2.081376414897577884E-10, 1.000000000000000000, 0.000000000000000000 ) ) ;
#304 = EDGE_CURVE ( 'NONE', #1210, #3953, #1482, .T. ) ;
#305 = VERTEX_POINT ( 'NONE', #2894 ) ;
#306 = CARTESIAN_POINT ( 'NONE',  ( 0.5100000000000000089, -0.5950000000000000844, -0.3551250000564835640 ) ) ;
#307 = ORIENTED_EDGE ( 'NONE', *, *, #2270, .T. ) ;
#308 = DIRECTION ( 'NONE',  ( 7.228014483236690442E-15, 0.000000000000000000, 1.000000000000000000 ) ) ;
#309 = EDGE_CURVE ( 'NONE', #322, #606, #3863, .T. ) ;
#310 = FACE_OUTER_BOUND ( 'NONE', #1391, .T. ) ;
#311 = CARTESIAN_POINT ( 'NONE',  ( 0.6350000000000000089, 0.5199999999999999067, -0.3549999999999999822 ) ) ;
#312 = CARTESIAN_POINT ( 'NONE',  ( 0.2389444872453570234, -0.3200000000000000067, -0.3549999999999999822 ) ) ;
#313 = AXIS2_PLACEMENT_3D ( 'NONE', #2492, #308, #330 ) ;
#314 = CARTESIAN_POINT ( 'NONE',  ( 0.2518214560863000218, 0.2464285714285714968, -0.3549999999999999822 ) ) ;
#315 = VECTOR ( 'NONE', #2890, 1000.000000000000000 ) ;
#316 = PLANE ( 'NONE',  #915 ) ;
#317 = ORIENTED_EDGE ( 'NONE', *, *, #3320, .T. ) ;
#318 = ADVANCED_FACE ( 'NONE', ( #678 ), #2981, .T. ) ;
#319 = VECTOR ( 'NONE', #2329, 1000.000000000000000 ) ;
#320 = SECURITY_CLASSIFICATION_LEVEL ( 'unclassified' ) ;
#321 = ORIENTED_EDGE ( 'NONE', *, *, #3098, .F. ) ;
#322 = VERTEX_POINT ( 'NONE', #704 ) ;
#323 = DIRECTION ( 'NONE',  ( 1.000000000000000000, 0.000000000000000000, 0.000000000000000000 ) ) ;
#324 = CIRCLE ( 'NONE', #1734, 0.05000000000000002359 ) ;
#325 = LINE ( 'NONE', #1551, #3971 ) ;
#326 = LINE ( 'NONE', #933, #2159 ) ;
#327 = VERTEX_POINT ( 'NONE', #1376 ) ;
#328 = CARTESIAN_POINT ( 'NONE',  ( -2.846604824987382987, -5.059081103884319752, 5.000000000000000000 ) ) ;
#329 = ORIENTED_EDGE ( 'NONE', *, *, #2767, .T. ) ;
#330 = DIRECTION ( 'NONE',  ( -1.000000000000000000, 0.000000000000000000, 7.228014483236693597E-15 ) ) ;
#331 = DIRECTION ( 'NONE',  ( -1.000000000000000000, 0.000000000000000000, 6.982962677686270655E-15 ) ) ;
#332 = DIRECTION ( 'NONE',  ( -3.485384126420033333E-13, -1.000000000000000000, 0.000000000000000000 ) ) ;
#333 = ORIENTED_EDGE ( 'NONE', *, *, #1547, .T. ) ;
#334 = CARTESIAN_POINT ( 'NONE',  ( -0.6374960954314308204, 4.444863650470392002, 6.075883585393518693 ) ) ;
#335 = ADVANCED_FACE ( 'NONE', ( #1351 ), #2917, .T. ) ;
#336 = DESIGN_CONTEXT ( 'detailed design', #2640, 'design' ) ;
#337 = CARTESIAN_POINT ( 'NONE',  ( -10.21500838427921387, -3.697644103227559320, 6.503485534507348120 ) ) ;
#338 = PLANE ( 'NONE',  #2923 ) ;
#339 = ORIENTED_EDGE ( 'NONE', *, *, #3805, .F. ) ;
#340 = DATE_TIME_ROLE ( 'creation_date' ) ;
#341 = EDGE_LOOP ( 'NONE', ( #2550, #4079, #2782, #1875 ) ) ;
#342 = EDGE_LOOP ( 'NONE', ( #1352, #3786, #4024, #68 ) ) ;
#343 = CARTESIAN_POINT ( 'NONE',  ( 0.5450000000000000400, 0.2849999999999999756, -0.3551250000564835640 ) ) ;
#344 = CARTESIAN_POINT ( 'NONE',  ( 0.5681785439136940452, 0.2464285714285714968, -0.3549999999999999822 ) ) ;
#345 = EDGE_CURVE ( 'NONE', #2374, #1031, #1333, .T. ) ;
#346 = CARTESIAN_POINT ( 'NONE',  ( 0.3200000000000000067, 0.2849999999999999756, -0.3551250000564818432 ) ) ;
#347 = VERTEX_POINT ( 'NONE', #729 ) ;
#348 = CARTESIAN_POINT ( 'NONE',  ( 0.1149999999999969935, 0.6199999999999999956, -0.3551250000564805109 ) ) ;
#349 = ORIENTED_EDGE ( 'NONE', *, *, #1372, .F. ) ;
#350 = CARTESIAN_POINT ( 'NONE',  ( 0.1149999999999969935, -0.2500000000000000000, -0.3551250000564805109 ) ) ;
#351 = EDGE_CURVE ( 'NONE', #376, #3341, #155, .T. ) ;
#352 = CARTESIAN_POINT ( 'NONE',  ( 0.6600000000000000311, 0.4949999999999999956, -0.3551250000564845077 ) ) ;
#353 = ORIENTED_EDGE ( 'NONE', *, *, #2131, .T. ) ;
#354 = CARTESIAN_POINT ( 'NONE',  ( 0.3551250000566972265, 12.60815517220120086, 7.000000000000000000 ) ) ;
#355 = LINE ( 'NONE', #3157, #2637 ) ;
#356 = ADVANCED_FACE ( 'NONE', ( #1999 ), #3843, .T. ) ;
#357 = EDGE_CURVE ( 'NONE', #3775, #585, #418, .T. ) ;
#358 = ORIENTED_EDGE ( 'NONE', *, *, #3405, .F. ) ;
#359 = DIRECTION ( 'NONE',  ( 6.505213034913030548E-15, 0.000000000000000000, 1.000000000000000000 ) ) ;
#360 = LINE ( 'NONE', #2906, #2114 ) ;
#361 = ORIENTED_EDGE ( 'NONE', *, *, #3715, .T. ) ;
#362 = APPROVAL_DATE_TIME ( #1196, #1040 ) ;
#363 = VERTEX_POINT ( 'NONE', #2584 ) ;
#364 = ORIENTED_EDGE ( 'NONE', *, *, #2814, .T. ) ;
#365 = CC_DESIGN_APPROVAL ( #239, ( #3491 ) ) ;
#366 = AXIS2_PLACEMENT_3D ( 'NONE', #467, #1677, #2945 ) ;
#367 = DIRECTION ( 'NONE',  ( 1.000000000000000000, 0.000000000000000000, -7.228014483236693597E-15 ) ) ;
#368 = DIRECTION ( 'NONE',  ( 6.505213034913030548E-15, 0.000000000000000000, 1.000000000000000000 ) ) ;
#369 = VECTOR ( 'NONE', #609, 1000.000000000000000 ) ;
#370 = CIRCLE ( 'NONE', #298, 0.04999999999999999584 ) ;
#371 = CARTESIAN_POINT ( 'NONE',  ( -13.20928844768828192, 1.026649603600847005, -5.688928433670470852 ) ) ;
#372 = EDGE_CURVE ( 'NONE', #2147, #1944, #1350, .T. ) ;
#373 = ORIENTED_EDGE ( 'NONE', *, *, #3752, .F. ) ;
#374 = AXIS2_PLACEMENT_3D ( 'NONE', #4109, #627, #3171 ) ;
#375 = CARTESIAN_POINT ( 'NONE',  ( 0.1149999999999969935, -0.3200000000000000067, -0.3551250000564805109 ) ) ;
#376 = VERTEX_POINT ( 'NONE', #2106 ) ;
#377 = CARTESIAN_POINT ( 'NONE',  ( 0.2518214560863000218, -0.3235714285714285099, -0.3551250000564815656 ) ) ;
#378 = CARTESIAN_POINT ( 'NONE',  ( -23.03592114560350268, 12.60815517220120086, -7.000000000000000000 ) ) ;
#379 = ADVANCED_FACE ( 'NONE', ( #1486 ), #1174, .F. ) ;
#380 = CARTESIAN_POINT ( 'NONE',  ( 0.1149999999999969935, -0.05000000000000000278, -0.3551250000564805109 ) ) ;
#381 = VERTEX_POINT ( 'NONE', #2813 ) ;
#382 = CARTESIAN_POINT ( 'NONE',  ( -6.307301893426086714, 9.929557587365660964, 6.696772314245740709 ) ) ;
#383 = CARTESIAN_POINT ( 'NONE',  ( 0.2389444872453574953, 0.2250000000000000056, -0.3549999999999999822 ) ) ;
#384 = AXIS2_PLACEMENT_3D ( 'NONE', #152, #1421, #1112 ) ;
#385 = DIRECTION ( 'NONE',  ( 0.000000000000000000, 0.000000000000000000, -1.000000000000000000 ) ) ;
#386 = EDGE_CURVE ( 'NONE', #558, #2472, #2756, .T. ) ;
#387 = VECTOR ( 'NONE', #775, 1000.000000000000000 ) ;
#388 = PERSON_AND_ORGANIZATION ( #1026, #439 ) ;
#389 = ORIENTED_EDGE ( 'NONE', *, *, #746, .F. ) ;
#390 = ORIENTED_EDGE ( 'NONE', *, *, #3413, .F. ) ;
#391 = AXIS2_PLACEMENT_3D ( 'NONE', #1633, #1659, #409 ) ;
#392 = CIRCLE ( 'NONE', #2721, 0.04500000000000001221 ) ;
#393 = CARTESIAN_POINT ( 'NONE',  ( 0.5100000000000000089, 0.5950000000000000844, -0.3549999999999999822 ) ) ;
#394 = LINE ( 'NONE', #3263, #3579 ) ;
#395 = ADVANCED_FACE ( 'NONE', ( #3681 ), #4013, .F. ) ;
#396 = VECTOR ( 'NONE', #3539, 1000.000000000000000 ) ;
#397 = CARTESIAN_POINT ( 'NONE',  ( -6.173389071783079274, -3.999780770717780154, -5.119916926067322294 ) ) ;
#398 = EDGE_LOOP ( 'NONE', ( #2799, #3765, #1014, #2468 ) ) ;
#399 = VECTOR ( 'NONE', #3489, 1000.000000000000000 ) ;
#400 = DIRECTION ( 'NONE',  ( 7.228014483236690442E-15, 0.000000000000000000, 1.000000000000000000 ) ) ;
#401 = ORIENTED_EDGE ( 'NONE', *, *, #3098, .T. ) ;
#402 = FACE_OUTER_BOUND ( 'NONE', #1599, .T. ) ;
#403 = PLANE ( 'NONE',  #2429 ) ;
#404 = CARTESIAN_POINT ( 'NONE',  ( 0.6600000000000000311, 0.4949999999999999956, -0.3551250000564845077 ) ) ;
#405 = ORIENTED_EDGE ( 'NONE', *, *, #4017, .F. ) ;
#406 = DIRECTION ( 'NONE',  ( 1.000000000000000000, 0.000000000000000000, -6.505213034913027393E-15 ) ) ;
#407 = EDGE_CURVE ( 'NONE', #1156, #3439, #3082, .T. ) ;
#408 = DIRECTION ( 'NONE',  ( -0.000000000000000000, 1.000000000000000000, 0.000000000000000000 ) ) ;
#409 = DIRECTION ( 'NONE',  ( 1.000000000000000000, 0.000000000000000000, -6.505213034913023449E-15 ) ) ;
#410 = COORDINATED_UNIVERSAL_TIME_OFFSET ( 1, 0, .AHEAD. ) ;
#411 = ORIENTED_EDGE ( 'NONE', *, *, #2561, .F. ) ;
#412 = VERTEX_POINT ( 'NONE', #2141 ) ;
#413 = CYLINDRICAL_SURFACE ( 'NONE', #2095, 0.04500000000000001221 ) ;
#414 = DIRECTION ( 'NONE',  ( 1.000000000000000000, 0.000000000000000000, 0.000000000000000000 ) ) ;
#415 = DIRECTION ( 'NONE',  ( -6.505213034913040804E-15, 0.000000000000000000, -1.000000000000000000 ) ) ;
#416 = ADVANCED_FACE ( 'NONE', ( #270 ), #2358, .T. ) ;
#417 = ORIENTED_EDGE ( 'NONE', *, *, #3373, .T. ) ;
#418 = LINE ( 'NONE', #1688, #534 ) ;
#419 = ORIENTED_EDGE ( 'NONE', *, *, #84, .T. ) ;
#420 = DIRECTION ( 'NONE',  ( -0.9986120086232370685, -0.05233503773731754127, 0.005924530234325171146 ) ) ;
#421 = CARTESIAN_POINT ( 'NONE',  ( -1.091522743501208481, -0.8314751597095918489, -5.478581468896476458 ) ) ;
#422 = FACE_OUTER_BOUND ( 'NONE', #787, .T. ) ;
#423 = ORIENTED_EDGE ( 'NONE', *, *, #3644, .T. ) ;
#424 = CARTESIAN_POINT ( 'NONE',  ( 0.5810555127546370713, -0.2500000000000000000, -0.3551250000564840081 ) ) ;
#425 = DIRECTION ( 'NONE',  ( 0.000000000000000000, -1.000000000000000000, 0.000000000000000000 ) ) ;
#426 = CC_DESIGN_PERSON_AND_ORGANIZATION_ASSIGNMENT ( #1281, #1681, ( #3491 ) ) ;
#427 = DIRECTION ( 'NONE',  ( -6.505213034913040804E-15, 0.000000000000000000, -1.000000000000000000 ) ) ;
#428 = ORGANIZATION ( 'NAUO-ORG1', 'UNSPECIFIED', 'UNSPECIFIED' ) ;
#429 = ORIENTED_EDGE ( 'NONE', *, *, #3946, .F. ) ;
#430 = EDGE_CURVE ( 'NONE', #3280, #983, #3066, .T. ) ;
#431 = ORIENTED_EDGE ( 'NONE', *, *, #739, .F. ) ;
#432 = DIRECTION ( 'NONE',  ( 1.000000000000000000, 0.000000000000000000, -6.505213034913023449E-15 ) ) ;
#433 = DIRECTION ( 'NONE',  ( 0.9986295347545740553, 0.05233595624294033744, 0.000000000000000000 ) ) ;
#434 = DIRECTION ( 'NONE',  ( -6.505213034913021082E-15, 0.000000000000000000, -1.000000000000000000 ) ) ;
#435 = ORIENTED_EDGE ( 'NONE', *, *, #1223, .F. ) ;
#436 = CARTESIAN_POINT ( 'NONE',  ( -1.149999999999999911, 1.149999999999999911, -0.08502500005647160852 ) ) ;
#437 = VERTEX_POINT ( 'NONE', #2796 ) ;
#438 = CARTESIAN_POINT ( 'NONE',  ( 0.1149999999999969935, -0.2500000000000000000, -0.3549999999999999822 ) ) ;
#439 = ORGANIZATION ( 'UNSPECIFIED', 'UNSPECIFIED', '' ) ;
#440 = EDGE_CURVE ( 'NONE', #3972, #2062, #232, .T. ) ;
#441 = AXIS2_PLACEMENT_3D ( 'NONE', #1359, #1742, #3319 ) ;
#442 = FACE_OUTER_BOUND ( 'NONE', #3964, .T. ) ;
#443 = VECTOR ( 'NONE', #493, 1000.000000000000227 ) ;
#444 = LINE ( 'NONE', #2273, #2996 ) ;
#445 = ORIENTED_EDGE ( 'NONE', *, *, #440, .F. ) ;
#446 = DIRECTION ( 'NONE',  ( 1.000000000000000000, 0.000000000000000000, 0.000000000000000000 ) ) ;
#447 = ADVANCED_FACE ( 'NONE', ( #1524 ), #3395, .F. ) ;
#448 = CARTESIAN_POINT ( 'NONE',  ( 0.6600000000000000311, -0.06000000000000000472, -0.3550000000000045342 ) ) ;
#449 = CARTESIAN_POINT ( 'NONE',  ( 0.1149999999999969935, 0.3200000000000000067, -0.3551250000564805109 ) ) ;
#450 = DIRECTION ( 'NONE',  ( -1.000000000000000000, 0.000000000000000000, 6.982962677686270655E-15 ) ) ;
#451 = PERSON_AND_ORGANIZATION_ROLE ( 'classification_officer' ) ;
#452 = ORIENTED_EDGE ( 'NONE', *, *, #2833, .T. ) ;
#453 = AXIS2_PLACEMENT_3D ( 'NONE', #3097, #1521, #2121 ) ;
#454 = ORIENTED_EDGE ( 'NONE', *, *, #357, .F. ) ;
#455 = DIRECTION ( 'NONE',  ( 6.982962677686270655E-15, 0.000000000000000000, 1.000000000000000000 ) ) ;
#456 = FACE_OUTER_BOUND ( 'NONE', #760, .T. ) ;
#457 = ADVANCED_FACE ( 'NONE', ( #1211 ), #1797, .F. ) ;
#458 = AXIS2_PLACEMENT_3D ( 'NONE', #1771, #4026, #1792 ) ;
#459 = EDGE_LOOP ( 'NONE', ( #2351, #3592, #3002, #767, #1197, #3208, #766, #3226 ) ) ;
#460 = LINE ( 'NONE', #3409, #2355 ) ;
#461 = LINE ( 'NONE', #1647, #3381 ) ;
#462 = VECTOR ( 'NONE', #3634, 1000.000000000000114 ) ;
#463 = DIRECTION ( 'NONE',  ( 1.000000000000000000, 0.000000000000000000, -6.505213034913037648E-15 ) ) ;
#464 = VERTEX_POINT ( 'NONE', #3311 ) ;
#465 = CARTESIAN_POINT ( 'NONE',  ( -1.394874999943561011, 1.976269565185000410, 5.865986263594100691 ) ) ;
#466 = VERTEX_POINT ( 'NONE', #1851 ) ;
#467 = CARTESIAN_POINT ( 'NONE',  ( 0.3350000000000000200, -0.5950000000000000844, -0.3551250000564820097 ) ) ;
#468 = EDGE_CURVE ( 'NONE', #1612, #3931, #212, .T. ) ;
#469 = PERSON_AND_ORGANIZATION ( #1026, #439 ) ;
#470 = EDGE_LOOP ( 'NONE', ( #529, #1998, #1828, #3809 ) ) ;
#471 = DIRECTION ( 'NONE',  ( -1.000000000000000000, 0.000000000000000000, 0.000000000000000000 ) ) ;
#472 = CARTESIAN_POINT ( 'NONE',  ( 0.1749999999999969913, 0.05000000000000000278, -0.3551250000564810660 ) ) ;
#473 = ORIENTED_EDGE ( 'NONE', *, *, #2675, .F. ) ;
#474 = DIRECTION ( 'NONE',  ( -1.000000000000000000, 0.000000000000000000, 6.982962677686270655E-15 ) ) ;
#475 = APPROVAL ( #1569, 'UNSPECIFIED' ) ;
#476 = CARTESIAN_POINT ( 'NONE',  ( -0.6350000000000000089, 0.4249999999999999889, -0.3551250000564750153 ) ) ;
#477 = ORIENTED_EDGE ( 'NONE', *, *, #2218, .F. ) ;
#478 = EDGE_CURVE ( 'NONE', #1534, #2830, #874, .T. ) ;
#479 = CARTESIAN_POINT ( 'NONE',  ( 0.08999999999999680478, 0.5950000000000000844, -0.3551250000564805109 ) ) ;
#480 = ORIENTED_EDGE ( 'NONE', *, *, #3999, .F. ) ;
#481 = DIRECTION ( 'NONE',  ( -1.000000000000000000, 0.000000000000000000, 6.982962677686270655E-15 ) ) ;
#482 = AXIS2_PLACEMENT_3D ( 'NONE', #773, #2042, #4072 ) ;
#483 = EDGE_CURVE ( 'NONE', #1398, #875, #460, .T. ) ;
#484 = CONTEXT_DEPENDENT_SHAPE_REPRESENTATION ( #2150, #1134 ) ;
#485 = ORIENTED_EDGE ( 'NONE', *, *, #2699, .F. ) ;
#486 = DIRECTION ( 'NONE',  ( 1.000000000000000000, 0.000000000000000000, -6.505213034913023449E-15 ) ) ;
#487 = DIRECTION ( 'NONE',  ( 1.000000000000000000, 0.000000000000000000, -6.982962677686270655E-15 ) ) ;
#488 = CARTESIAN_POINT ( 'NONE',  ( 0.6350000000000000089, -0.3449999999999999734, -0.3551250000564840081 ) ) ;
#489 = ORIENTED_EDGE ( 'NONE', *, *, #3867, .T. ) ;
#490 = SECURITY_CLASSIFICATION ( '', '', #3610 ) ;
#491 = DIRECTION ( 'NONE',  ( 7.228014483236690442E-15, 0.000000000000000000, 1.000000000000000000 ) ) ;
#492 = PRODUCT_DEFINITION_SHAPE ( 'NONE', 'NONE',  #4118 ) ;
#493 = DIRECTION ( 'NONE',  ( -0.9993830276160453607, 0.03489922434133396756, -0.003950728206264357729 ) ) ;
#494 = DIRECTION ( 'NONE',  ( 1.000000000000000000, 0.000000000000000000, 0.000000000000000000 ) ) ;
#495 = ORIENTED_EDGE ( 'NONE', *, *, #345, .F. ) ;
#496 = CC_DESIGN_APPROVAL ( #3938, ( #2298 ) ) ;
#497 = DIRECTION ( 'NONE',  ( -6.505213034913021082E-15, 0.000000000000000000, -1.000000000000000000 ) ) ;
#498 = CIRCLE ( 'NONE', #3625, 0.02500000000000001180 ) ;
#499 = VECTOR ( 'NONE', #1767, 1000.000000000000000 ) ;
#500 = EDGE_CURVE ( 'NONE', #1441, #305, #1153, .T. ) ;
#501 = CIRCLE ( 'NONE', #110, 0.02499999999999999792 ) ;
#502 = APPROVAL_ROLE ( '' ) ;
#503 = ORIENTED_EDGE ( 'NONE', *, *, #508, .F. ) ;
#504 = EDGE_CURVE ( 'NONE', #437, #579, #2463, .T. ) ;
#505 = CARTESIAN_POINT ( 'NONE',  ( 0.2750000000000000222, 0.2849999999999999756, -0.3549999999999999822 ) ) ;
#506 = LINE ( 'NONE', #1430, #3969 ) ;
#507 = ORIENTED_EDGE ( 'NONE', *, *, #814, .T. ) ;
#508 = EDGE_CURVE ( 'NONE', #557, #1021, #3717, .T. ) ;
#509 = CARTESIAN_POINT ( 'NONE',  ( 0.1149999999999969935, -0.3200000000000000067, -0.3551250000564805109 ) ) ;
#510 = VECTOR ( 'NONE', #955, 1000.000000000000000 ) ;
#511 = DIRECTION ( 'NONE',  ( 6.982962677686270655E-15, 0.000000000000000000, 1.000000000000000000 ) ) ;
#512 = ORIENTED_EDGE ( 'NONE', *, *, #3445, .T. ) ;
#513 = AXIS2_PLACEMENT_3D ( 'NONE', #1335, #1108, #706 ) ;
#514 = ORIENTED_EDGE ( 'NONE', *, *, #3069, .F. ) ;
#515 = CARTESIAN_POINT ( 'NONE',  ( 0.1149999999999967992, -0.5950000000000000844, -0.3551250000564805109 ) ) ;
#516 = CIRCLE ( 'NONE', #1065, 0.02500000000000001180 ) ;
#517 = DIRECTION ( 'NONE',  ( -1.000000000000000000, 0.000000000000000000, 6.982962677686270655E-15 ) ) ;
#518 = EDGE_CURVE ( 'NONE', #2811, #1210, #1467, .T. ) ;
#519 = CONTEXT_DEPENDENT_SHAPE_REPRESENTATION ( #2616, #492 ) ;
#520 = ORIENTED_EDGE ( 'NONE', *, *, #2125, .T. ) ;
#521 = B_SPLINE_SURFACE_WITH_KNOTS ( 'NONE', 2, 1, ( 
 ( #1029, #2571 ),
 ( #3829, #3923 ),
 ( #2278, #2597 ) ),
 .UNSPECIFIED., .F., .F., .F.,
 ( 3, 3 ),
 ( 2, 2 ),
 ( 0.5008207051229819351, 0.5020133117822229707 ),
 ( 0.000000000000000000, 1.000000000000000000 ),
 .UNSPECIFIED. ) ;
#522 = DIRECTION ( 'NONE',  ( 0.000000000000000000, 0.000000000000000000, -1.000000000000000000 ) ) ;
#523 = DIRECTION ( 'NONE',  ( -1.000000000000000000, 2.085004177856739808E-16, 6.982962677686270655E-15 ) ) ;
#524 = DIRECTION ( 'NONE',  ( 1.000000000000000000, 0.000000000000000000, 0.000000000000000000 ) ) ;
#525 = VERTEX_POINT ( 'NONE', #3759 ) ;
#526 = DIRECTION ( 'NONE',  ( -1.000000000000000000, -4.373741005274489641E-16, 6.982962677686270655E-15 ) ) ;
#527 = ADVANCED_FACE ( 'NONE', ( #1941 ), #165, .F. ) ;
#528 = LINE ( 'NONE', #3021, #3556 ) ;
#529 = ORIENTED_EDGE ( 'NONE', *, *, #1553, .F. ) ;
#530 = ORIENTED_EDGE ( 'NONE', *, *, #3373, .F. ) ;
#531 = DIRECTION ( 'NONE',  ( 1.000000000000000000, 0.000000000000000000, -6.505213034913023449E-15 ) ) ;
#532 = DIRECTION ( 'NONE',  ( 1.000000000000000000, 0.000000000000000000, -6.505213034913023449E-15 ) ) ;
#533 = CYLINDRICAL_SURFACE ( 'NONE', #614, 0.05000000000000002359 ) ;
#534 = VECTOR ( 'NONE', #102, 1000.000000000000000 ) ;
#535 = ORIENTED_EDGE ( 'NONE', *, *, #613, .F. ) ;
#536 = DIRECTION ( 'NONE',  ( 6.982962677686270655E-15, 0.000000000000000000, 1.000000000000000000 ) ) ;
#537 = CARTESIAN_POINT ( 'NONE',  ( -0.6350000000000000089, 0.5950000000000000844, -0.3551250000564750153 ) ) ;
#538 = EDGE_CURVE ( 'NONE', #993, #1590, #2527, .T. ) ;
#539 = PERSON_AND_ORGANIZATION ( #1026, #439 ) ;
#540 = ORIENTED_EDGE ( 'NONE', *, *, #45, .T. ) ;
#541 = DIRECTION ( 'NONE',  ( -4.373741005274489641E-16, -1.000000000000000000, 3.054167020169775208E-30 ) ) ;
#542 = LINE ( 'NONE', #2471, #966 ) ;
#543 = PLANE ( 'NONE',  #911 ) ;
#544 = ORIENTED_EDGE ( 'NONE', *, *, #2526, .T. ) ;
#545 = DIRECTION ( 'NONE',  ( 7.228014483236690442E-15, 0.000000000000000000, 1.000000000000000000 ) ) ;
#546 = EDGE_CURVE ( 'NONE', #3223, #2958, #593, .T. ) ;
#547 = DIRECTION ( 'NONE',  ( -1.000000000000000000, 0.000000000000000000, 6.505213034913023449E-15 ) ) ;
#548 = LINE ( 'NONE', #1150, #723 ) ;
#549 = AXIS2_PLACEMENT_3D ( 'NONE', #1090, #2962, #2984 ) ;
#550 = AXIS2_PLACEMENT_3D ( 'NONE', #1339, #1918, #3825 ) ;
#551 = ORIENTED_EDGE ( 'NONE', *, *, #372, .T. ) ;
#552 = VECTOR ( 'NONE', #2979, 1000.000000000000000 ) ;
#553 = DIRECTION ( 'NONE',  ( 0.000000000000000000, -1.000000000000000000, 0.000000000000000000 ) ) ;
#554 = PERSON ( 'NAUO-PER4', 'UNSPECIFIED', 'UNSPECIFIED', ('UNSPECIFIED'), ('UNSPECIFIED'), ('UNSPECIFIED') ) ;
#555 = CARTESIAN_POINT ( 'NONE',  ( 0.1149999999999972017, -0.5950000000000000844, -0.3549999999999999822 ) ) ;
#556 = PERSON_AND_ORGANIZATION ( #1026, #439 ) ;
#557 = VERTEX_POINT ( 'NONE', #1921 ) ;
#558 = VERTEX_POINT ( 'NONE', #2500 ) ;
#559 = CARTESIAN_POINT ( 'NONE',  ( 0.6350000000000000089, -0.3200000000000000067, -0.3550000000000045342 ) ) ;
#560 = CARTESIAN_POINT ( 'NONE',  ( 0.1149999999999969935, 0.2500000000000000000, -0.3551250000564805109 ) ) ;
#561 = EDGE_CURVE ( 'NONE', #3439, #4077, #3203, .T. ) ;
#562 = PLANE ( 'NONE',  #3089 ) ;
#563 = ORIENTED_EDGE ( 'NONE', *, *, #4017, .T. ) ;
#564 = VECTOR ( 'NONE', #1069, 1000.000000000000000 ) ;
#565 = CARTESIAN_POINT ( 'NONE',  ( 0.6350000000000000089, 0.2500000000000000000, -0.3551250000564840081 ) ) ;
#566 = LINE ( 'NONE', #2185, #2229 ) ;
#567 = VECTOR ( 'NONE', #2268, 1000.000000000000000 ) ;
#568 = CYLINDRICAL_SURFACE ( 'NONE', #3768, 0.02500000000000001180 ) ;
#569 = CARTESIAN_POINT ( 'NONE',  ( 0.6350000000000000089, -0.5199999999999999067, -0.3549999999999999822 ) ) ;
#570 = AXIS2_PLACEMENT_3D ( 'NONE', #3119, #1567, #4073 ) ;
#571 = EDGE_CURVE ( 'NONE', #97, #3346, #816, .T. ) ;
#572 = ITEM_DEFINED_TRANSFORMATION ( 'NONE', 'NONE', #105,  #890 ) ;
#573 = VECTOR ( 'NONE', #1075, 1000.000000000000000 ) ;
#574 = CARTESIAN_POINT ( 'NONE',  ( 0.2518214560863000218, 0.2464285714285714968, -0.3551250000564815656 ) ) ;
#575 = CARTESIAN_POINT ( 'NONE',  ( -4.549034324729157142, -4.645212691691345874, 5.046851517206813575 ) ) ;
#576 = VERTEX_POINT ( 'NONE', #289 ) ;
#577 = MECHANICAL_CONTEXT ( 'NONE', #2790, 'mechanical' ) ;
#578 = EDGE_LOOP ( 'NONE', ( #2980, #4090, #2274, #128 ) ) ;
#579 = VERTEX_POINT ( 'NONE', #314 ) ;
#580 = DIRECTION ( 'NONE',  ( 6.505213034913040804E-15, 0.000000000000000000, 1.000000000000000000 ) ) ;
#581 = CARTESIAN_POINT ( 'NONE',  ( 0.2099999999999969946, 0.5950000000000000844, -0.3551250000564810660 ) ) ;
#582 = DIRECTION ( 'NONE',  ( 6.982962677686270655E-15, 0.000000000000000000, 1.000000000000000000 ) ) ;
#583 = ORIENTED_EDGE ( 'NONE', *, *, #1762, .F. ) ;
#584 = CARTESIAN_POINT ( 'NONE',  ( 1.149999999999999911, 1.149999999999999911, -0.08502500005648770676 ) ) ;
#585 = VERTEX_POINT ( 'NONE', #942 ) ;
#586 = DIRECTION ( 'NONE',  ( -6.505213034913021082E-15, 0.000000000000000000, -1.000000000000000000 ) ) ;
#587 = CC_DESIGN_PERSON_AND_ORGANIZATION_ASSIGNMENT ( #3141, #2465, ( #1360 ) ) ;
#588 = CARTESIAN_POINT ( 'NONE',  ( -18.94519211359817135, 7.540918895746568040, -6.426369105244412516 ) ) ;
#589 = EDGE_CURVE ( 'NONE', #381, #167, #2904, .T. ) ;
#590 = DIRECTION ( 'NONE',  ( -0.000000000000000000, 0.9936533736897814606, 0.1124854344122625388 ) ) ;
#591 = DIRECTION ( 'NONE',  ( -1.000000000000000000, 0.000000000000000000, 0.000000000000000000 ) ) ;
#592 = ORIENTED_EDGE ( 'NONE', *, *, #175, .T. ) ;
#593 = LINE ( 'NONE', #3159, #3941 ) ;
#594 = CARTESIAN_POINT ( 'NONE',  ( -10.57744606323053027, -1.227969866569280644, 5.433696722842914717 ) ) ;
#595 = ADVANCED_FACE ( 'NONE', ( #1965 ), #1566, .T. ) ;
#596 = ORIENTED_EDGE ( 'NONE', *, *, #3812, .F. ) ;
#597 = DATE_AND_TIME ( #1262, #2627 ) ;
#598 = ORIENTED_EDGE ( 'NONE', *, *, #2066, .T. ) ;
#599 = ORIENTED_EDGE ( 'NONE', *, *, #934, .T. ) ;
#600 = DIRECTION ( 'NONE',  ( -6.505213034913021082E-15, 0.000000000000000000, -1.000000000000000000 ) ) ;
#601 = CARTESIAN_POINT ( 'NONE',  ( 0.6350000000000000089, 0.2500000000000000000, -0.3549999999999999822 ) ) ;
#602 = EDGE_CURVE ( 'NONE', #2504, #579, #1751, .T. ) ;
#603 = FACE_OUTER_BOUND ( 'NONE', #341, .T. ) ;
#604 = ORIENTED_EDGE ( 'NONE', *, *, #4010, .F. ) ;
#605 = PLANE ( 'NONE',  #244 ) ;
#606 = VERTEX_POINT ( 'NONE', #2929 ) ;
#607 = CARTESIAN_POINT ( 'NONE',  ( 0.1149999999999969935, 0.6199999999999999956, -0.3551250000564805109 ) ) ;
#608 = CC_DESIGN_APPROVAL ( #2029, ( #3877 ) ) ;
#609 = DIRECTION ( 'NONE',  ( 1.000000000000000000, 0.000000000000000000, -6.982962677686270655E-15 ) ) ;
#610 = CARTESIAN_POINT ( 'NONE',  ( 0.08999999999999680478, 0.2250000000000000056, -0.3551250000564805109 ) ) ;
#611 = VERTEX_POINT ( 'NONE', #3471 ) ;
#612 = CARTESIAN_POINT ( 'NONE',  ( -1.770984599449795249, 5.780608470118514752, 6.227095104702431883 ) ) ;
#613 = EDGE_CURVE ( 'NONE', #3526, #1186, #1071, .T. ) ;
#614 = AXIS2_PLACEMENT_3D ( 'NONE', #2793, #2383, #193 ) ;
#615 = DIRECTION ( 'NONE',  ( -6.505213034913040804E-15, 0.000000000000000000, -1.000000000000000000 ) ) ;
#616 = DIRECTION ( 'NONE',  ( -1.000000000000000000, 0.000000000000000000, 6.505213034913023449E-15 ) ) ;
#617 = SECURITY_CLASSIFICATION ( '', '', #3764 ) ;
#618 = VECTOR ( 'NONE', #1960, 1000.000000000000000 ) ;
#619 = AXIS2_PLACEMENT_3D ( 'NONE', #2876, #19, #2834 ) ;
#620 = ORIENTED_EDGE ( 'NONE', *, *, #1902, .F. ) ;
#621 = SHAPE_DEFINITION_REPRESENTATION ( #226, #1584 ) ;
#622 = ORIENTED_EDGE ( 'NONE', *, *, #357, .T. ) ;
#623 = AXIS2_PLACEMENT_3D ( 'NONE', #258, #2237, #3144 ) ;
#624 = VERTEX_POINT ( 'NONE', #1298 ) ;
#625 = DIRECTION ( 'NONE',  ( -0.000000000000000000, -0.000000000000000000, -1.000000000000000000 ) ) ;
#626 = CARTESIAN_POINT ( 'NONE',  ( 0.2389444872453570234, 0.3449999999999999734, -0.3551250000564815656 ) ) ;
#627 = DIRECTION ( 'NONE',  ( 6.505213034913021082E-15, 0.000000000000000000, 1.000000000000000000 ) ) ;
#628 = ADVANCED_FACE ( 'NONE', ( #3827 ), #1588, .T. ) ;
#629 = ORIENTED_EDGE ( 'NONE', *, *, #4087, .F. ) ;
#630 = CARTESIAN_POINT ( 'NONE',  ( 0.5810555127546370713, 0.3449999999999999734, -0.3551250000564840081 ) ) ;
#631 = ORIENTED_EDGE ( 'NONE', *, *, #3561, .T. ) ;
#632 = DIRECTION ( 'NONE',  ( -6.505213034913021082E-15, 0.000000000000000000, -1.000000000000000000 ) ) ;
#633 = LINE ( 'NONE', #265, #1436 ) ;
#634 = VECTOR ( 'NONE', #3985, 1000.000000000000000 ) ;
#635 = FACE_OUTER_BOUND ( 'NONE', #3200, .T. ) ;
#636 = DIRECTION ( 'NONE',  ( 1.000000000000000000, 0.000000000000000000, -6.505213034913037648E-15 ) ) ;
#637 = AXIS2_PLACEMENT_3D ( 'NONE', #1602, #586, #2874 ) ;
#638 = ORIENTED_EDGE ( 'NONE', *, *, #94, .F. ) ;
#639 = EDGE_CURVE ( 'NONE', #2265, #1601, #3184, .T. ) ;
#640 = CARTESIAN_POINT ( 'NONE',  ( -18.94519211359818911, 7.540918895746552053, -6.503485534507344568 ) ) ;
#641 = VECTOR ( 'NONE', #1573, 1000.000000000000000 ) ;
#642 = AXIS2_PLACEMENT_3D ( 'NONE', #3347, #491, #1143 ) ;
#643 = PLANE ( 'NONE',  #1582 ) ;
#644 = ORIENTED_EDGE ( 'NONE', *, *, #1849, .T. ) ;
#645 = CIRCLE ( 'NONE', #1457, 0.02499999999999995628 ) ;
#646 = COORDINATED_UNIVERSAL_TIME_OFFSET ( 1, 0, .AHEAD. ) ;
#647 = ORIENTED_EDGE ( 'NONE', *, *, #3812, .T. ) ;
#648 = ADVANCED_FACE ( 'NONE', ( #1277 ), #3204, .F. ) ;
#649 = ORIENTED_EDGE ( 'NONE', *, *, #2083, .F. ) ;
#650 = CARTESIAN_POINT ( 'NONE',  ( -0.6350000000000000089, 0.2550000000000000044, -0.3551250000564750153 ) ) ;
#651 = VECTOR ( 'NONE', #2542, 1000.000000000000000 ) ;
#652 = CARTESIAN_POINT ( 'NONE',  ( 0.3551250000109473781, -2.723253226996779741, -5.264424818957035512 ) ) ;
#653 = AXIS2_PLACEMENT_3D ( 'NONE', #1893, #47, #4095 ) ;
#654 = CARTESIAN_POINT ( 'NONE',  ( 0.2249999999999970079, 1.219727444046191995E-16, -0.3551250000564813991 ) ) ;
#655 = VERTEX_POINT ( 'NONE', #1609 ) ;
#656 = DIRECTION ( 'NONE',  ( -1.000000000000000000, 0.000000000000000000, 6.505213034913027393E-15 ) ) ;
#657 = VERTEX_POINT ( 'NONE', #2277 ) ;
#658 = DIRECTION ( 'NONE',  ( 0.000000000000000000, -1.000000000000000000, 0.000000000000000000 ) ) ;
#659 = EDGE_CURVE ( 'NONE', #655, #3099, #3492, .T. ) ;
#660 = CARTESIAN_POINT ( 'NONE',  ( -8.981845694529427604, 12.60815517220120086, 7.000000000000000000 ) ) ;
#661 = ORIENTED_EDGE ( 'NONE', *, *, #2858, .T. ) ;
#662 = LINE ( 'NONE', #3823, #2330 ) ;
#663 = DIRECTION ( 'NONE',  ( -0.000000000000000000, -0.000000000000000000, -1.000000000000000000 ) ) ;
#664 = EDGE_LOOP ( 'NONE', ( #3271, #2343, #1937, #3497 ) ) ;
#665 = DIRECTION ( 'NONE',  ( 1.000000000000000000, 0.000000000000000000, 0.000000000000000000 ) ) ;
#666 = CARTESIAN_POINT ( 'NONE',  ( -23.03592114560350268, 11.54013782009825206, -6.879096273416728913 ) ) ;
#667 = ORIENTED_EDGE ( 'NONE', *, *, #2357, .F. ) ;
#668 = MECHANICAL_CONTEXT ( 'NONE', #4050, 'mechanical' ) ;
#669 = ORIENTED_EDGE ( 'NONE', *, *, #3136, .T. ) ;
#670 = EDGE_LOOP ( 'NONE', ( #1106, #4099, #2672, #3577 ) ) ;
#671 = APPROVAL ( #2524, 'UNKNOWN' ) ;
#672 = FACE_OUTER_BOUND ( 'NONE', #3664, .T. ) ;
#673 = CARTESIAN_POINT ( 'NONE',  ( -0.09000000000000249467, 0.000000000000000000, -0.3551250000564790676 ) ) ;
#674 = EDGE_CURVE ( 'NONE', #3043, #2504, #2254, .T. ) ;
#675 = DIRECTION ( 'NONE',  ( 0.000000000000000000, 1.000000000000000000, 0.000000000000000000 ) ) ;
#676 = ORIENTED_EDGE ( 'NONE', *, *, #1580, .T. ) ;
#677 = VECTOR ( 'NONE', #2124, 1000.000000000000000 ) ;
#678 = FACE_OUTER_BOUND ( 'NONE', #2546, .T. ) ;
#679 = ORIENTED_EDGE ( 'NONE', *, *, #3115, .T. ) ;
#680 = CARTESIAN_POINT ( 'NONE',  ( 0.1849999999999974998, -0.5950000000000000844, -0.3549999999999999822 ) ) ;
#681 = FACE_OUTER_BOUND ( 'NONE', #66, .T. ) ;
#682 = VERTEX_POINT ( 'NONE', #713 ) ;
#683 = PRODUCT_DEFINITION ( 'UNKNOWN', '', #1360, #3874 ) ;
#684 = DIRECTION ( 'NONE',  ( 6.982962677686270655E-15, 0.000000000000000000, 1.000000000000000000 ) ) ;
#685 = ORIENTED_EDGE ( 'NONE', *, *, #674, .F. ) ;
#686 = CARTESIAN_POINT ( 'NONE',  ( -18.94519211359817135, 7.540918895746568040, 6.426369105244415181 ) ) ;
#687 = ADVANCED_FACE ( 'NONE', ( #139 ), #90, .T. ) ;
#688 = CARTESIAN_POINT ( 'NONE',  ( 0.2389444872453570234, 0.3200000000000000067, -0.3551250000564815656 ) ) ;
#689 = CARTESIAN_POINT ( 'NONE',  ( -0.1150000000000024059, -0.08500000000000000611, -0.3551250000564785125 ) ) ;
#690 = PERSON_AND_ORGANIZATION_ROLE ( 'design_supplier' ) ;
#691 = VERTEX_POINT ( 'NONE', #1053 ) ;
#692 = ORIENTED_EDGE ( 'NONE', *, *, #1372, .T. ) ;
#693 = LOCAL_TIME ( 11, 15, 59.00000000000000000, #1342 ) ;
#694 = AXIS2_PLACEMENT_3D ( 'NONE', #1449, #471, #2476 ) ;
#695 = CARTESIAN_POINT ( 'NONE',  ( 0.2099999999999975220, -0.5699999999999999512, -0.3549999999999999822 ) ) ;
#696 = CYLINDRICAL_SURFACE ( 'NONE', #1183, 0.02499999999999995628 ) ;
#697 = VECTOR ( 'NONE', #3005, 1000.000000000000000 ) ;
#698 = AXIS2_PLACEMENT_3D ( 'NONE', #2911, #2623, #1948 ) ;
#699 = CARTESIAN_POINT ( 'NONE',  ( -4.540415514160765831, -4.628971769232971489, -5.048690052923965332 ) ) ;
#700 = ORIENTED_EDGE ( 'NONE', *, *, #1597, .F. ) ;
#701 = AXIS2_PLACEMENT_3D ( 'NONE', #3128, #4062, #4041 ) ;
#702 = PRODUCT ( 'LUXEON HL2Z 3D', 'LUXEON HL2Z 3D', '', ( #1897 ) ) ;
#703 = EDGE_CURVE ( 'NONE', #1343, #3009, #2325, .T. ) ;
#704 = CARTESIAN_POINT ( 'NONE',  ( 0.1149999999999969935, -0.3200000000000000067, -0.3551250000564805109 ) ) ;
#705 = VERTEX_POINT ( 'NONE', #2276 ) ;
#706 = DIRECTION ( 'NONE',  ( 1.000000000000000000, 0.000000000000000000, 0.000000000000000000 ) ) ;
#707 = CARTESIAN_POINT ( 'NONE',  ( 0.5810555127546370713, -0.2500000000000000000, -0.3551250000564840081 ) ) ;
#708 = ORIENTED_EDGE ( 'NONE', *, *, #4108, .T. ) ;
#709 = CARTESIAN_POINT ( 'NONE',  ( 0.2599999999999999534, 0.5699999999999999512, -0.3549999999999999822 ) ) ;
#710 = ORIENTED_EDGE ( 'NONE', *, *, #290, .T. ) ;
#711 = CARTESIAN_POINT ( 'NONE',  ( -4.298359642104462530, 8.222722295426272865, -6.503551907242953511 ) ) ;
#712 = AXIS2_PLACEMENT_3D ( 'NONE', #1385, #3922, #1078 ) ;
#713 = CARTESIAN_POINT ( 'NONE',  ( 0.6600000000000000311, -0.06000000000000000472, -0.3549999999999999822 ) ) ;
#714 = DIRECTION ( 'NONE',  ( 6.505213034913021082E-15, 0.000000000000000000, 1.000000000000000000 ) ) ;
#715 = CIRCLE ( 'NONE', #637, 0.02500000000000001180 ) ;
#716 = EDGE_CURVE ( 'NONE', #936, #3065, #3562, .T. ) ;
#717 = CALENDAR_DATE ( 2026, 26, 8 ) ;
#718 = ORIENTED_EDGE ( 'NONE', *, *, #3582, .F. ) ;
#719 = ORIENTED_EDGE ( 'NONE', *, *, #1248, .T. ) ;
#720 = CIRCLE ( 'NONE', #3374, 0.02499999999999999792 ) ;
#721 = CIRCLE ( 'NONE', #3048, 0.02500000000000001180 ) ;
#722 = CARTESIAN_POINT ( 'NONE',  ( 0.4449999999999999512, 1.084202172485503941E-16, -0.3549999999999999822 ) ) ;
#723 = VECTOR ( 'NONE', #2440, 1000.000000000000000 ) ;
#724 = DIRECTION ( 'NONE',  ( 1.000000000000000000, 0.000000000000000000, -6.505213034913037648E-15 ) ) ;
#725 = VECTOR ( 'NONE', #1168, 1000.000000000000000 ) ;
#726 = CARTESIAN_POINT ( 'NONE',  ( 0.6350000000000000089, -0.3449999999999999734, -0.3551250000564840081 ) ) ;
#727 = EDGE_LOOP ( 'NONE', ( #1976, #1184, #339, #1883, #2585, #96, #2697, #2522 ) ) ;
#728 = VECTOR ( 'NONE', #2924, 1000.000000000000000 ) ;
#729 = CARTESIAN_POINT ( 'NONE',  ( 0.1149999999999969935, -0.6199999999999999956, -0.3551250000564805109 ) ) ;
#730 = VERTEX_POINT ( 'NONE', #2008 ) ;
#731 = AXIS2_PLACEMENT_3D ( 'NONE', #3323, #408, #3958 ) ;
#732 = DIRECTION ( 'NONE',  ( 1.885568995626964780E-16, 1.000000000000000000, -1.316685792266546124E-30 ) ) ;
#733 = CARTESIAN_POINT ( 'NONE',  ( -0.6350000000000000089, -0.08500000000000000611, -0.3551250000564750153 ) ) ;
#734 = VERTEX_POINT ( 'NONE', #3626 ) ;
#735 = CARTESIAN_POINT ( 'NONE',  ( 0.3350000000000000200, -0.6199999999999999956, -0.3551250000564820097 ) ) ;
#736 = ORIENTED_EDGE ( 'NONE', *, *, #1981, .F. ) ;
#737 = PRODUCT_RELATED_PRODUCT_CATEGORY ( 'detail', '', ( #1340 ) ) ;
#738 = DIRECTION ( 'NONE',  ( -6.505213034913030548E-15, 0.000000000000000000, -1.000000000000000000 ) ) ;
#739 = EDGE_CURVE ( 'NONE', #3599, #2600, #4092, .T. ) ;
#740 = DIRECTION ( 'NONE',  ( -0.000000000000000000, -0.000000000000000000, -1.000000000000000000 ) ) ;
#741 = CARTESIAN_POINT ( 'NONE',  ( -13.20455318623175067, 1.022537326510461142, 5.688462907877347874 ) ) ;
#742 = CARTESIAN_POINT ( 'NONE',  ( 0.1149999999999967992, -0.07499999999999999722, -0.3551250000564805109 ) ) ;
#743 = DATE_AND_TIME ( #2599, #1367 ) ;
#744 = ORIENTED_EDGE ( 'NONE', *, *, #1783, .T. ) ;
#745 = ORIENTED_EDGE ( 'NONE', *, *, #2604, .T. ) ;
#746 = EDGE_CURVE ( 'NONE', #682, #2958, #3298, .T. ) ;
#747 = DIRECTION ( 'NONE',  ( 1.000000000000000000, 0.000000000000000000, -6.505213034913023449E-15 ) ) ;
#748 = EDGE_CURVE ( 'NONE', #2457, #3599, #873, .T. ) ;
#749 = CARTESIAN_POINT ( 'NONE',  ( -0.1150000000000024059, 0.5950000000000000844, -0.3551250000564785125 ) ) ;
#750 = CARTESIAN_POINT ( 'NONE',  ( -1.149999999999999911, 1.149999999999999911, -0.3551250000564715181 ) ) ;
#751 = EDGE_LOOP ( 'NONE', ( #604, #2079, #3416, #2435 ) ) ;
#752 = EDGE_CURVE ( 'NONE', #2321, #2566, #4008, .T. ) ;
#753 = DIRECTION ( 'NONE',  ( 6.505213034913040804E-15, 0.000000000000000000, 1.000000000000000000 ) ) ;
#754 = ORIENTED_EDGE ( 'NONE', *, *, #3781, .F. ) ;
#755 = CARTESIAN_POINT ( 'NONE',  ( 0.6350000000000000089, 0.3200000000000000067, -0.3549999999999999822 ) ) ;
#756 = DIRECTION ( 'NONE',  ( 6.505213034913040804E-15, 0.000000000000000000, 1.000000000000000000 ) ) ;
#757 = AXIS2_PLACEMENT_3D ( 'NONE', #2607, #127, #1000 ) ;
#758 = ORIENTED_EDGE ( 'NONE', *, *, #2230, .T. ) ;
#759 = CARTESIAN_POINT ( 'NONE',  ( 0.5810555127546380705, 0.2250000000000000056, -0.3549999999999999822 ) ) ;
#760 = EDGE_LOOP ( 'NONE', ( #3653, #2839, #3918, #1076 ) ) ;
#761 = DIRECTION ( 'NONE',  ( -1.000000000000000000, 0.000000000000000000, 6.982962677686270655E-15 ) ) ;
#762 = EDGE_CURVE ( 'NONE', #4016, #929, #2067, .T. ) ;
#763 = CARTESIAN_POINT ( 'NONE',  ( -18.94519211359817135, 7.540918895746568040, -6.426369105244412516 ) ) ;
#764 = LINE ( 'NONE', #1501, #319 ) ;
#765 = APPROVAL_DATE_TIME ( #2386, #2593 ) ;
#766 = ORIENTED_EDGE ( 'NONE', *, *, #478, .F. ) ;
#767 = ORIENTED_EDGE ( 'NONE', *, *, #752, .F. ) ;
#768 = DIRECTION ( 'NONE',  ( -1.000000000000000000, 0.000000000000000000, 6.505213034913027393E-15 ) ) ;
#769 = CARTESIAN_POINT ( 'NONE',  ( 0.1749999999999969913, -0.05000000000000000278, -0.3549999999999999822 ) ) ;
#770 = LOCAL_TIME ( 11, 15, 59.00000000000000000, #2366 ) ;
#771 = DIRECTION ( 'NONE',  ( -0.9999999999999998890, -8.480254731125876908E-29, 0.000000000000000000 ) ) ;
#772 = EDGE_LOOP ( 'NONE', ( #3542, #3050, #2156, #2529 ) ) ;
#773 = CARTESIAN_POINT ( 'NONE',  ( 0.1149999999999967992, 0.5950000000000000844, -0.3551250000564805109 ) ) ;
#774 = VECTOR ( 'NONE', #2432, 1000.000000000000227 ) ;
#775 = DIRECTION ( 'NONE',  ( -0.000000000000000000, -0.000000000000000000, -1.000000000000000000 ) ) ;
#776 = AXIS2_PLACEMENT_3D ( 'NONE', #3306, #3117, #1760 ) ;
#777 = EDGE_CURVE ( 'NONE', #3716, #1240, #2418, .T. ) ;
#778 = DIRECTION ( 'NONE',  ( 6.505213034913040804E-15, 0.000000000000000000, 1.000000000000000000 ) ) ;
#779 = AXIS2_PLACEMENT_3D ( 'NONE', #908, #1575, #2848 ) ;
#780 = LINE ( 'NONE', #87, #1920 ) ;
#781 = VERTEX_POINT ( 'NONE', #838 ) ;
#782 = PERSON ( 'NAUO-PER2', 'UNSPECIFIED', 'UNSPECIFIED', ('UNSPECIFIED'), ('UNSPECIFIED'), ('UNSPECIFIED') ) ;
#783 = CARTESIAN_POINT ( 'NONE',  ( -2.913505490301934844E-15, -0.2799999999999999711, -0.3551250000564795117 ) ) ;
#784 = CARTESIAN_POINT ( 'NONE',  ( 0.1149999999999969935, 0.05000000000000000278, -0.3549999999999999822 ) ) ;
#785 = EDGE_CURVE ( 'NONE', #1676, #2722, #548, .T. ) ;
#786 = DATE_AND_TIME ( #2739, #1488 ) ;
#787 = EDGE_LOOP ( 'NONE', ( #1305, #454, #2806, #2105 ) ) ;
#788 = CIRCLE ( 'NONE', #49, 0.02499999999999999792 ) ;
#789 = DIRECTION ( 'NONE',  ( 1.885568995626964780E-16, 1.000000000000000000, 0.000000000000000000 ) ) ;
#790 = CARTESIAN_POINT ( 'NONE',  ( 0.6350000000000000089, -0.2250000000000000056, -0.3551250000564840081 ) ) ;
#791 = EDGE_CURVE ( 'NONE', #211, #2058, #1917, .T. ) ;
#792 = EDGE_LOOP ( 'NONE', ( #2233, #1508, #1606, #3541 ) ) ;
#793 = PLANE ( 'NONE',  #3499 ) ;
#794 = VECTOR ( 'NONE', #2528, 1000.000000000000000 ) ;
#795 = CARTESIAN_POINT ( 'NONE',  ( -0.6838485580539450659, 13.04303477462088701, 7.049230065826236569 ) ) ;
#796 = ORIENTED_EDGE ( 'NONE', *, *, #1188, .T. ) ;
#797 = CARTESIAN_POINT ( 'NONE',  ( 0.5810555127546370713, -0.2250000000000000056, -0.3551250000564840081 ) ) ;
#798 = ORIENTED_EDGE ( 'NONE', *, *, #2735, .F. ) ;
#799 = PLANE ( 'NONE',  #2761 ) ;
#800 = EDGE_CURVE ( 'NONE', #3550, #150, #3696, .T. ) ;
#801 = LINE ( 'NONE', #3975, #3563 ) ;
#802 = COORDINATED_UNIVERSAL_TIME_OFFSET ( 1, 0, .AHEAD. ) ;
#803 = VERTEX_POINT ( 'NONE', #857 ) ;
#804 = DIRECTION ( 'NONE',  ( 0.000000000000000000, 1.000000000000000000, 0.000000000000000000 ) ) ;
#805 = DIRECTION ( 'NONE',  ( 1.000000000000000000, 0.000000000000000000, -6.982962677686270655E-15 ) ) ;
#806 =( NAMED_UNIT ( * ) PLANE_ANGLE_UNIT ( ) SI_UNIT ( $, .RADIAN. ) );
#807 = ORIENTED_EDGE ( 'NONE', *, *, #2699, .T. ) ;
#808 = DIRECTION ( 'NONE',  ( 0.000000000000000000, 1.000000000000000000, 0.000000000000000000 ) ) ;
#809 = EDGE_CURVE ( 'NONE', #3418, #730, #4022, .T. ) ;
#810 = CARTESIAN_POINT ( 'NONE',  ( 0.2389444872453579949, -0.2250000000000000056, -0.3549999999999999822 ) ) ;
#811 = VERTEX_POINT ( 'NONE', #3392 ) ;
#812 = ORIENTED_EDGE ( 'NONE', *, *, #3422, .F. ) ;
#813 = CARTESIAN_POINT ( 'NONE',  ( -1.149999999999999911, 1.149999999999999911, -0.08502500005647170567 ) ) ;
#814 = EDGE_CURVE ( 'NONE', #585, #2505, #2772, .T. ) ;
#815 = CARTESIAN_POINT ( 'NONE',  ( -0.09000000000000249467, 0.000000000000000000, -0.3551250000564790676 ) ) ;
#816 = CIRCLE ( 'NONE', #3723, 0.02499999999999995628 ) ;
#817 = ADVANCED_FACE ( 'NONE', ( #1444 ), #533, .T. ) ;
#818 = SHAPE_DEFINITION_REPRESENTATION ( #3709, #1455 ) ;
#819 = ORIENTED_EDGE ( 'NONE', *, *, #3552, .T. ) ;
#820 = CYLINDRICAL_SURFACE ( 'NONE', #3148, 0.02500000000000001180 ) ;
#821 = B_SPLINE_CURVE_WITH_KNOTS ( 'NONE', 3,
 ( #2002, #3270, #1379, #421, #3291, #1692, #107, #3348, #2061, #1128, #1494, #1144 ),
 .UNSPECIFIED., .F., .F.,
 ( 4, 2, 2, 2, 2, 4 ),
 ( 0.000000000000000000, 0.001075217163368720084, 0.002150434326737440168, 0.002688042908421800319, 0.003225651490106160035, 0.004300868653474881204 ),
 .UNSPECIFIED. ) ;
#822 = CARTESIAN_POINT ( 'NONE',  ( -0.6350000000000000089, -0.2799999999999999711, -0.3551250000564750153 ) ) ;
#823 = APPROVAL_PERSON_ORGANIZATION ( #539, #475, #2530 ) ;
#824 = DIRECTION ( 'NONE',  ( 0.000000000000000000, 5.048709793414475555E-29, 0.9999999999999998890 ) ) ;
#825 = ORIENTED_EDGE ( 'NONE', *, *, #2596, .T. ) ;
#826 = LOCAL_TIME ( 11, 15, 59.00000000000000000, #1522 ) ;
#827 = LINE ( 'NONE', #883, #3375 ) ;
#828 = DIRECTION ( 'NONE',  ( 0.000000000000000000, 1.000000000000000000, 0.000000000000000000 ) ) ;
#829 = EDGE_CURVE ( 'NONE', #3341, #1834, #801, .T. ) ;
#830 = DIRECTION ( 'NONE',  ( 6.982962677686270655E-15, 0.000000000000000000, 1.000000000000000000 ) ) ;
#831 = ORIENTED_EDGE ( 'NONE', *, *, #2824, .T. ) ;
#832 = AXIS2_PLACEMENT_3D ( 'NONE', #3663, #2710, #2394 ) ;
#833 = CYLINDRICAL_SURFACE ( 'NONE', #1320, 0.02499999999999995628 ) ;
#834 = VECTOR ( 'NONE', #481, 1000.000000000000000 ) ;
#835 = VECTOR ( 'NONE', #3180, 1000.000000000000000 ) ;
#836 = CARTESIAN_POINT ( 'NONE',  ( -0.6350000000000000089, -0.2550000000000000044, -0.3551250000564750153 ) ) ;
#837 = VECTOR ( 'NONE', #2484, 1000.000000000000000 ) ;
#838 = CARTESIAN_POINT ( 'NONE',  ( 0.6600000000000000311, -0.3449999999999999734, -0.3551250000564845077 ) ) ;
#839 = EDGE_LOOP ( 'NONE', ( #2211, #3670, #1241, #3997 ) ) ;
#840 = DIRECTION ( 'NONE',  ( -6.505213034913030548E-15, 0.000000000000000000, -1.000000000000000000 ) ) ;
#841 = LINE ( 'NONE', #2758, #2590 ) ;
#842 = EDGE_CURVE ( 'NONE', #2213, #994, #1773, .T. ) ;
#843 = VECTOR ( 'NONE', #3728, 1000.000000000000000 ) ;
#844 = ORIENTED_EDGE ( 'NONE', *, *, #1806, .T. ) ;
#845 = VECTOR ( 'NONE', #2138, 1000.000000000000000 ) ;
#846 = DIRECTION ( 'NONE',  ( -1.000000000000000000, 4.373741005274489641E-16, 0.000000000000000000 ) ) ;
#847 = AXIS2_PLACEMENT_3D ( 'NONE', #2200, #283, #2560 ) ;
#848 = CARTESIAN_POINT ( 'NONE',  ( 0.08999999999999680478, 0.2250000000000000056, -0.3549999999999999822 ) ) ;
#850 = ORIENTED_EDGE ( 'NONE', *, *, #1051, .T. ) ;
#849 = VECTOR ( 'NONE', #2674, 1000.000000000000000 ) ;
#851 = AXIS2_PLACEMENT_3D ( 'NONE', #3168, #1531, #3501 ) ;
#852 = EDGE_LOOP ( 'NONE', ( #1640, #2910, #1294, #2053 ) ) ;
#853 = CARTESIAN_POINT ( 'NONE',  ( 0.6350000000000000089, -0.06000000000000000472, -0.3551250000564840081 ) ) ;
#854 = CIRCLE ( 'NONE', #4100, 0.04500000000000001221 ) ;
#855 = CARTESIAN_POINT ( 'NONE',  ( 0.4681785439136939564, -0.03857142857142845799, -0.3551250000564830089 ) ) ;
#856 = CC_DESIGN_DATE_AND_TIME_ASSIGNMENT ( #2997, #1116, ( #490 ) ) ;
#857 = CARTESIAN_POINT ( 'NONE',  ( 1.149999999999999911, -1.149999999999999911, -0.08502500005648770676 ) ) ;
#858 = VECTOR ( 'NONE', #158, 1000.000000000000000 ) ;
#859 = EDGE_CURVE ( 'NONE', #3522, #1398, #2737, .T. ) ;
#860 = ORIENTED_EDGE ( 'NONE', *, *, #2346, .T. ) ;
#861 = DIRECTION ( 'NONE',  ( 1.000000000000000000, 0.000000000000000000, -6.505213034913023449E-15 ) ) ;
#862 = PLANE ( 'NONE',  #2054 ) ;
#863 = APPROVAL_ROLE ( '' ) ;
#864 = ORIENTED_EDGE ( 'NONE', *, *, #3684, .T. ) ;
#865 = EDGE_CURVE ( 'NONE', #558, #936, #3450, .T. ) ;
#866 = ORIENTED_EDGE ( 'NONE', *, *, #3150, .T. ) ;
#867 = DIRECTION ( 'NONE',  ( 0.000000000000000000, 0.000000000000000000, -1.000000000000000000 ) ) ;
#868 = FACE_OUTER_BOUND ( 'NONE', #2128, .T. ) ;
#869 = CARTESIAN_POINT ( 'NONE',  ( 0.4850000000000000422, 0.5950000000000000844, -0.3549999999999999822 ) ) ;
#870 = VERTEX_POINT ( 'NONE', #311 ) ;
#871 = CARTESIAN_POINT ( 'NONE',  ( 0.4850000000000000422, -0.6199999999999999956, -0.3549999999999999822 ) ) ;
#872 = DIRECTION ( 'NONE',  ( 6.505213034913021082E-15, 0.000000000000000000, 1.000000000000000000 ) ) ;
#873 = LINE ( 'NONE', #3338, #2318 ) ;
#874 = CIRCLE ( 'NONE', #2808, 0.02499999999999999792 ) ;
#875 = VERTEX_POINT ( 'NONE', #2856 ) ;
#876 = EDGE_CURVE ( 'NONE', #1146, #2350, #2565, .T. ) ;
#877 = DIRECTION ( 'NONE',  ( 1.000000000000000000, 0.000000000000000000, -6.505213034913037648E-15 ) ) ;
#878 = CARTESIAN_POINT ( 'NONE',  ( 0.2750000000000000222, 0.2849999999999999756, -0.3551250000564815656 ) ) ;
#879 = PERSON_AND_ORGANIZATION_ROLE ( 'design_owner' ) ;
#880 = VERTEX_POINT ( 'NONE', #610 ) ;
#881 = ORIENTED_EDGE ( 'NONE', *, *, #3158, .T. ) ;
#882 = CARTESIAN_POINT ( 'NONE',  ( 0.2099999999999969946, 0.5699999999999999512, -0.3551250000564810660 ) ) ;
#883 = CARTESIAN_POINT ( 'NONE',  ( 1.149999999999999911, -1.149999999999999911, -0.08502500005648770676 ) ) ;
#884 = CARTESIAN_POINT ( 'NONE',  ( 0.08999999999999680478, 0.2250000000000000056, -0.3551250000564805109 ) ) ;
#885 = DIRECTION ( 'NONE',  ( 1.000000000000000000, -2.085004177856739808E-16, -6.982962677686270655E-15 ) ) ;
#886 = ORIENTED_EDGE ( 'NONE', *, *, #3349, .T. ) ;
#887 = CARTESIAN_POINT ( 'NONE',  ( 0.1749999999999969913, 0.05000000000000000278, -0.3551250000564810660 ) ) ;
#888 = ADVANCED_FACE ( 'NONE', ( #956 ), #1207, .F. ) ;
#889 = LINE ( 'NONE', #2160, #2563 ) ;
#890 = AXIS2_PLACEMENT_3D ( 'NONE', #1453, #1123, #3635 ) ;
#891 = VECTOR ( 'NONE', #1414, 1000.000000000000000 ) ;
#892 = FACE_OUTER_BOUND ( 'NONE', #2683, .T. ) ;
#893 = LINE ( 'NONE', #3430, #2299 ) ;
#894 = VECTOR ( 'NONE', #1557, 1000.000000000000000 ) ;
#895 = VECTOR ( 'NONE', #1218, 1000.000000000000000 ) ;
#896 = ORIENTED_EDGE ( 'NONE', *, *, #1074, .F. ) ;
#897 = CIRCLE ( 'NONE', #3746, 0.02500000000000001180 ) ;
#898 = CARTESIAN_POINT ( 'NONE',  ( -0.1150000000000024059, 0.2550000000000000044, -0.3551250000564785125 ) ) ;
#899 = CARTESIAN_POINT ( 'NONE',  ( 0.5810555127546370713, -0.3449999999999999734, -0.3551250000564840081 ) ) ;
#900 = ORIENTED_EDGE ( 'NONE', *, *, #3565, .T. ) ;
#901 = APPROVAL_ROLE ( '' ) ;
#902 = VERTEX_POINT ( 'NONE', #2810 ) ;
#903 = ORIENTED_EDGE ( 'NONE', *, *, #2403, .F. ) ;
#904 = CC_DESIGN_PERSON_AND_ORGANIZATION_ASSIGNMENT ( #1012, #3807, ( #3877 ) ) ;
#905 = DIRECTION ( 'NONE',  ( 1.000000000000000000, 0.000000000000000000, -6.505213034913023449E-15 ) ) ;
#906 = DIRECTION ( 'NONE',  ( 7.228014483236690442E-15, 0.000000000000000000, 1.000000000000000000 ) ) ;
#907 = EDGE_CURVE ( 'NONE', #1497, #1198, #1887, .T. ) ;
#908 = CARTESIAN_POINT ( 'NONE',  ( 0.4810555127546370380, -0.03499999999999999639, -0.3551250000564830089 ) ) ;
#909 = FACE_BOUND ( 'NONE', #4011, .T. ) ;
#910 = ORIENTED_EDGE ( 'NONE', *, *, #3193, .T. ) ;
#911 = AXIS2_PLACEMENT_3D ( 'NONE', #584, #4084, #2514 ) ;
#912 = DIRECTION ( 'NONE',  ( 1.000000000000000000, 0.000000000000000000, -6.505213034913037648E-15 ) ) ;
#913 = VECTOR ( 'NONE', #420, 1000.000000000000227 ) ;
#914 = DIRECTION ( 'NONE',  ( 7.228014483236690442E-15, 0.000000000000000000, 1.000000000000000000 ) ) ;
#915 = AXIS2_PLACEMENT_3D ( 'NONE', #926, #2232, #4033 ) ;
#916 = CIRCLE ( 'NONE', #851, 0.02500000000000001180 ) ;
#917 = EDGE_CURVE ( 'NONE', #1269, #2133, #3441, .T. ) ;
#918 = DIRECTION ( 'NONE',  ( -6.505213034913030548E-15, 0.000000000000000000, -1.000000000000000000 ) ) ;
#919 = ADVANCED_FACE ( 'NONE', ( #892 ), #3800, .F. ) ;
#920 = DIRECTION ( 'NONE',  ( -1.000000000000000000, 0.000000000000000000, 6.505213034913023449E-15 ) ) ;
#921 = AXIS2_PLACEMENT_3D ( 'NONE', #3925, #872, #2995 ) ;
#922 = VERTEX_POINT ( 'NONE', #2497 ) ;
#923 = AXIS2_PLACEMENT_3D ( 'NONE', #4068, #3513, #3429 ) ;
#924 = EDGE_CURVE ( 'NONE', #3660, #2504, #1230, .T. ) ;
#925 = CARTESIAN_POINT ( 'NONE',  ( 0.1749999999999969913, 0.05000000000000000278, -0.3551250000564810660 ) ) ;
#926 = CARTESIAN_POINT ( 'NONE',  ( 0.5810555127546370713, -0.3200000000000000067, -0.3551250000564840081 ) ) ;
#927 = ORIENTED_EDGE ( 'NONE', *, *, #151, .F. ) ;
#928 = CARTESIAN_POINT ( 'NONE',  ( 0.000000000000000000, 0.000000000000000000, 0.000000000000000000 ) ) ;
#929 = VERTEX_POINT ( 'NONE', #939 ) ;
#930 = ORIENTED_EDGE ( 'NONE', *, *, #478, .T. ) ;
#931 = DIRECTION ( 'NONE',  ( 0.000000000000000000, -0.9936533736897814606, 0.1124854344122625388 ) ) ;
#932 = CARTESIAN_POINT ( 'NONE',  ( 0.6350000000000000089, 0.03499999999999999639, -0.3549999999999999822 ) ) ;
#933 = CARTESIAN_POINT ( 'NONE',  ( 0.5100000000000000089, -0.5699999999999999512, -0.3551250000564835640 ) ) ;
#934 = EDGE_CURVE ( 'NONE', #3214, #3522, #2204, .T. ) ;
#935 = DIRECTION ( 'NONE',  ( 6.505213034913040804E-15, 0.000000000000000000, 1.000000000000000000 ) ) ;
#936 = VERTEX_POINT ( 'NONE', #2226 ) ;
#937 = CARTESIAN_POINT ( 'NONE',  ( 0.08999999999999680478, 0.3449999999999999734, -0.3551250000564805109 ) ) ;
#938 = CARTESIAN_POINT ( 'NONE',  ( 0.3099999999999999978, -0.5699999999999999512, -0.3551250000564820097 ) ) ;
#939 = CARTESIAN_POINT ( 'NONE',  ( 0.5810555127546380705, -0.2500000000000000000, -0.3549999999999999822 ) ) ;
#940 = ORIENTED_EDGE ( 'NONE', *, *, #2753, .F. ) ;
#941 = CARTESIAN_POINT ( 'NONE',  ( -6.994875025828874548, 10.47738999221430234, 6.758789077511674570 ) ) ;
#942 = CARTESIAN_POINT ( 'NONE',  ( 0.1849999999999965006, 0.6199999999999999956, -0.3549999999999999822 ) ) ;
#943 = CARTESIAN_POINT ( 'NONE',  ( -11.24947534352793355, -0.6828503927219097269, 5.495406371746592633 ) ) ;
#944 = EDGE_CURVE ( 'NONE', #272, #363, #3181, .T. ) ;
#945 = ORIENTED_EDGE ( 'NONE', *, *, #3150, .F. ) ;
#946 = APPROVAL_STATUS ( 'not_yet_approved' ) ;
#947 = ORIENTED_EDGE ( 'NONE', *, *, #1471, .F. ) ;
#948 = ORIENTED_EDGE ( 'NONE', *, *, #2960, .F. ) ;
#949 = CARTESIAN_POINT ( 'NONE',  ( -0.09000000000000249467, -0.2550000000000000044, -0.3551250000564790676 ) ) ;
#950 = CARTESIAN_POINT ( 'NONE',  ( 0.2099999999999969946, -0.5699999999999999512, -0.3549999999999999822 ) ) ;
#951 = CARTESIAN_POINT ( 'NONE',  ( 0.5681785439136940452, 0.3235714285714285099, -0.3551250000564835640 ) ) ;
#952 = ORIENTED_EDGE ( 'NONE', *, *, #2253, .F. ) ;
#953 = DIRECTION ( 'NONE',  ( -6.982962677686270655E-15, 0.000000000000000000, -1.000000000000000000 ) ) ;
#954 = ORIENTED_EDGE ( 'NONE', *, *, #538, .F. ) ;
#955 = DIRECTION ( 'NONE',  ( 6.982962677686270655E-15, 0.000000000000000000, 1.000000000000000000 ) ) ;
#956 = FACE_OUTER_BOUND ( 'NONE', #3189, .T. ) ;
#957 = ADVANCED_FACE ( 'NONE', ( #635 ), #568, .F. ) ;
#958 = CARTESIAN_POINT ( 'NONE',  ( -2.913505490301934844E-15, 0.000000000000000000, -0.3551250000564795117 ) ) ;
#959 = DIRECTION ( 'NONE',  ( -0.6796729177606267713, 0.7288599724985126427, 0.08250978943266890075 ) ) ;
#960 = CARTESIAN_POINT ( 'NONE',  ( -69.88413394276419410, -40.47183154957589579, 7.000000000000000000 ) ) ;
#961 = EDGE_CURVE ( 'NONE', #576, #211, #20, .T. ) ;
#962 = DIRECTION ( 'NONE',  ( 6.505213034913021082E-15, 0.000000000000000000, 1.000000000000000000 ) ) ;
#963 = DIRECTION ( 'NONE',  ( 1.000000000000000000, 0.000000000000000000, -7.228014483236693597E-15 ) ) ;
#964 = LOCAL_TIME ( 11, 15, 59.00000000000000000, #1177 ) ;
#965 = CIRCLE ( 'NONE', #2225, 0.02499999999999995628 ) ;
#966 = VECTOR ( 'NONE', #2489, 1000.000000000000000 ) ;
#967 = VERTEX_POINT ( 'NONE', #1293 ) ;
#968 = APPROVAL_ROLE ( '' ) ;
#969 = ORIENTED_EDGE ( 'NONE', *, *, #3503, .T. ) ;
#970 = ORIENTED_EDGE ( 'NONE', *, *, #703, .F. ) ;
#971 = EDGE_CURVE ( 'NONE', #3953, #1059, #662, .T. ) ;
#972 = CARTESIAN_POINT ( 'NONE',  ( 0.2389444872453570234, -0.3449999999999999734, -0.3551250000564815656 ) ) ;
#973 = LINE ( 'NONE', #3442, #315 ) ;
#974 = CARTESIAN_POINT ( 'NONE',  ( 0.4810555127546370380, 0.06000000000000000472, -0.3549999999999999822 ) ) ;
#975 = ORIENTED_EDGE ( 'NONE', *, *, #4063, .T. ) ;
#976 = DIRECTION ( 'NONE',  ( 6.505213034913021082E-15, 0.000000000000000000, 1.000000000000000000 ) ) ;
#977 = VERTEX_POINT ( 'NONE', #3116 ) ;
#978 = CARTESIAN_POINT ( 'NONE',  ( 0.1149999999999972017, 0.07499999999999999722, -0.3549999999999999822 ) ) ;
#979 = CARTESIAN_POINT ( 'NONE',  ( 0.3099999999999999978, 0.5699999999999999512, -0.3551250000564820097 ) ) ;
#980 = ORIENTED_EDGE ( 'NONE', *, *, #3003, .T. ) ;
#981 = AXIS2_PLACEMENT_3D ( 'NONE', #797, #3061, #2768 ) ;
#982 = DIRECTION ( 'NONE',  ( 6.982962677686270655E-15, 0.000000000000000000, 1.000000000000000000 ) ) ;
#983 = VERTEX_POINT ( 'NONE', #1938 ) ;
#984 = CARTESIAN_POINT ( 'NONE',  ( -2.383328713366249740, 6.413285301805065508, 6.298716587745929907 ) ) ;
#985 = AXIS2_PLACEMENT_3D ( 'NONE', #1909, #3218, #2222 ) ;
#986 = CC_DESIGN_DATE_AND_TIME_ASSIGNMENT ( #2192, #3415, ( #683 ) ) ;
#987 = CARTESIAN_POINT ( 'NONE',  ( 1.484527364560580320, 1.384344158600975039, 7.000000000000000000 ) ) ;
#988 = EDGE_CURVE ( 'NONE', #2085, #1146, #3201, .T. ) ;
#989 = AXIS2_PLACEMENT_3D ( 'NONE', #3837, #259, #2803 ) ;
#990 = FACE_OUTER_BOUND ( 'NONE', #398, .T. ) ;
#991 = ORIENTED_EDGE ( 'NONE', *, *, #2083, .T. ) ;
#992 = APPROVAL_ROLE ( '' ) ;
#993 = VERTEX_POINT ( 'NONE', #266 ) ;
#994 = VERTEX_POINT ( 'NONE', #1560 ) ;
#995 = DIRECTION ( 'NONE',  ( 6.505213034913021082E-15, 0.000000000000000000, 1.000000000000000000 ) ) ;
#996 = CARTESIAN_POINT ( 'NONE',  ( -1.394874999943561011, -2.223730434814910062, 5.320972745794695591 ) ) ;
#997 = EDGE_CURVE ( 'NONE', #1264, #2750, #2835, .T. ) ;
#998 = LINE ( 'NONE', #124, #3361 ) ;
#999 = ORIENTED_EDGE ( 'NONE', *, *, #3451, .T. ) ;
#1000 = DIRECTION ( 'NONE',  ( -6.982962677686270655E-15, 0.000000000000000000, -1.000000000000000000 ) ) ;
#1001 = ORIENTED_EDGE ( 'NONE', *, *, #2744, .T. ) ;
#1002 = DIRECTION ( 'NONE',  ( -1.000000000000000000, 0.000000000000000000, 6.982962677686270655E-15 ) ) ;
#1003 = FACE_OUTER_BOUND ( 'NONE', #3475, .T. ) ;
#1004 = LINE ( 'NONE', #2633, #1258 ) ;
#1005 = ORIENTED_EDGE ( 'NONE', *, *, #214, .F. ) ;
#1006 =( BOUNDED_CURVE ( )  B_SPLINE_CURVE ( 3, ( #763, #3517, #1362, #666 ),
 .UNSPECIFIED., .F., .T. ) 
 B_SPLINE_CURVE_WITH_KNOTS ( ( 4, 4 ),
 ( 5.468223840914978595, 5.549972645329292575 ),
 .UNSPECIFIED. ) 
 CURVE ( )  GEOMETRIC_REPRESENTATION_ITEM ( )  RATIONAL_B_SPLINE_CURVE ( ( 1.000000000000000000, 0.9994431719463756636, 0.9994431719463756636, 1.000000000000000000 ) ) 
 REPRESENTATION_ITEM ( '' )  );
#1007 = CARTESIAN_POINT ( 'NONE',  ( -3.645804699733607102, 7.633612604158144244, 6.436862394286697153 ) ) ;
#1008 = CARTESIAN_POINT ( 'NONE',  ( -23.03592114560350268, 11.87161228793415191, 7.000000000000000000 ) ) ;
#1009 = CARTESIAN_POINT ( 'NONE',  ( -1.149999999999999911, 1.149999999999999911, -0.08502500005647170567 ) ) ;
#1010 = APPLICATION_CONTEXT ( 'configuration controlled 3d designs of mechanical parts and assemblies' ) ;
#1011 = EDGE_CURVE ( 'NONE', #1047, #811, #780, .T. ) ;
#1012 = PERSON_AND_ORGANIZATION ( #1026, #439 ) ;
#1013 = EDGE_LOOP ( 'NONE', ( #3819, #1091, #647, #1043 ) ) ;
#1014 = ORIENTED_EDGE ( 'NONE', *, *, #2735, .T. ) ;
#1015 = LINE ( 'NONE', #695, #3743 ) ;
#1016 = PLANE ( 'NONE',  #1655 ) ;
#1017 = CARTESIAN_POINT ( 'NONE',  ( -10.57049231190724292, -1.233542265767109347, -5.433065905536727414 ) ) ;
#1018 = ORIENTED_EDGE ( 'NONE', *, *, #1480, .T. ) ;
#1019 = VECTOR ( 'NONE', #1259, 1000.000000000000000 ) ;
#1020 = CARTESIAN_POINT ( 'NONE',  ( 0.5450000000000000400, 0.2849999999999999756, -0.3551250000564835640 ) ) ;
#1021 = VERTEX_POINT ( 'NONE', #3622 ) ;
#1022 = PLANE ( 'NONE',  #2511 ) ;
#1023 = PLANE ( 'NONE',  #549 ) ;
#1024 = CARTESIAN_POINT ( 'NONE',  ( 0.1149999999999969935, 0.6199999999999999956, -0.3551250000564805109 ) ) ;
#1025 = ORIENTED_EDGE ( 'NONE', *, *, #2561, .T. ) ;
#1026 = PERSON ( 'UNSPECIFIED', 'UNSPECIFIED', 'UNSPECIFIED', ('UNSPECIFIED'), ('UNSPECIFIED'), ('UNSPECIFIED') ) ;
#1027 = FACE_OUTER_BOUND ( 'NONE', #1280, .T. ) ;
#1028 = EDGE_CURVE ( 'NONE', #1970, #2820, #1357, .T. ) ;
#1029 = CARTESIAN_POINT ( 'NONE',  ( 0.3551250000566972265, 3.001549528634499975, 6.839894546441814605 ) ) ;
#1030 = PERSON_AND_ORGANIZATION ( #1026, #439 ) ;
#1031 = VERTEX_POINT ( 'NONE', #2902 ) ;
#1032 = ORIENTED_EDGE ( 'NONE', *, *, #1709, .T. ) ;
#1033 = APPROVAL_PERSON_ORGANIZATION ( #469, #2074, #502 ) ;
#1034 = CIRCLE ( 'NONE', #293, 0.04500000000000001221 ) ;
#1035 = DIRECTION ( 'NONE',  ( 6.505213034913030548E-15, 0.000000000000000000, 1.000000000000000000 ) ) ;
#1036 = FACE_OUTER_BOUND ( 'NONE', #3862, .T. ) ;
#1037 = AXIS2_PLACEMENT_3D ( 'NONE', #2341, #756, #2271 ) ;
#1038 = AXIS2_PLACEMENT_3D ( 'NONE', #1346, #2602, #1707 ) ;
#1039 = LINE ( 'NONE', #1931, #3627 ) ;
#1040 = APPROVAL ( #1831, 'UNSPECIFIED' ) ;
#1041 = ORIENTED_EDGE ( 'NONE', *, *, #876, .T. ) ;
#1042 = DIRECTION ( 'NONE',  ( 6.505213034913021082E-15, 0.000000000000000000, 1.000000000000000000 ) ) ;
#1043 = ORIENTED_EDGE ( 'NONE', *, *, #3740, .T. ) ;
#1044 = CYLINDRICAL_SURFACE ( 'NONE', #2718, 0.04500000000000001221 ) ;
#1045 = EDGE_CURVE ( 'NONE', #1739, #1755, #1316, .T. ) ;
#1046 = CARTESIAN_POINT ( 'NONE',  ( 0.1149999999999969935, 0.2500000000000000000, -0.3549999999999999822 ) ) ;
#1047 = VERTEX_POINT ( 'NONE', #3849 ) ;
#1048 = DIRECTION ( 'NONE',  ( 6.505213034913021082E-15, 0.000000000000000000, 1.000000000000000000 ) ) ;
#1049 = ORIENTED_EDGE ( 'NONE', *, *, #1409, .F. ) ;
#1050 = DIRECTION ( 'NONE',  ( 5.421010862427529566E-17, 1.000000000000000000, -3.785471652766330157E-31 ) ) ;
#1051 = EDGE_CURVE ( 'NONE', #691, #2775, #1004, .T. ) ;
#1052 = ADVANCED_FACE ( 'NONE', ( #3316 ), #2862, .F. ) ;
#1053 = CARTESIAN_POINT ( 'NONE',  ( 0.2389444872453570234, -0.2500000000000000000, -0.3551250000564815656 ) ) ;
#1054 = CARTESIAN_POINT ( 'NONE',  ( 0.6350000000000000089, -0.3200000000000000067, -0.3551250000564840081 ) ) ;
#1055 = CIRCLE ( 'NONE', #2587, 0.02499999999999995628 ) ;
#1056 = CARTESIAN_POINT ( 'NONE',  ( 0.6350000000000000089, 0.4949999999999999956, -0.3551250000564840081 ) ) ;
#1057 = ADVANCED_FACE ( 'NONE', ( #422 ), #1337, .F. ) ;
#1058 = DATE_AND_TIME ( #2931, #2082 ) ;
#1059 = VERTEX_POINT ( 'NONE', #2342 ) ;
#1060 = VERTEX_POINT ( 'NONE', #2319 ) ;
#1061 = AXIS2_PLACEMENT_3D ( 'NONE', #1213, #1852, #963 ) ;
#1062 = AXIS2_PLACEMENT_3D ( 'NONE', #64, #1378, #2043 ) ;
#1063 = CARTESIAN_POINT ( 'NONE',  ( -0.6350000000000000089, 0.08500000000000000611, -0.3551250000564750153 ) ) ;
#1064 = PLANE ( 'NONE',  #2248 ) ;
#1065 = AXIS2_PLACEMENT_3D ( 'NONE', #116, #2120, #3391 ) ;
#1066 = CARTESIAN_POINT ( 'NONE',  ( -4.954376963591368366, -4.484474009039209896, -5.065047762521066588 ) ) ;
#1067 = ORIENTED_EDGE ( 'NONE', *, *, #3394, .T. ) ;
#1068 = VECTOR ( 'NONE', #1405, 1000.000000000000000 ) ;
#1069 = DIRECTION ( 'NONE',  ( 0.000000000000000000, 1.000000000000000000, 0.000000000000000000 ) ) ;
#1070 = ORIENTED_EDGE ( 'NONE', *, *, #1902, .T. ) ;
#1071 = CIRCLE ( 'NONE', #653, 0.02500000000000001180 ) ;
#1072 = CARTESIAN_POINT ( 'NONE',  ( 0.5100000000000000089, 0.5950000000000000844, -0.3549999999999999822 ) ) ;
#1073 = CARTESIAN_POINT ( 'NONE',  ( 0.3551250000564474263, 2.037380911795548144, -5.803347156825617859 ) ) ;
#1074 = EDGE_CURVE ( 'NONE', #611, #1927, #3584, .T. ) ;
#1075 = DIRECTION ( 'NONE',  ( -5.421010862427529566E-17, 1.000000000000000000, 3.785471652766330157E-31 ) ) ;
#1076 = ORIENTED_EDGE ( 'NONE', *, *, #1604, .T. ) ;
#1077 = CARTESIAN_POINT ( 'NONE',  ( -0.1154426953836849429, 3.742922130493388622, -5.996421069694094719 ) ) ;
#1078 = DIRECTION ( 'NONE',  ( 1.000000000000000000, 0.000000000000000000, -6.505213034913037648E-15 ) ) ;
#1079 = LINE ( 'NONE', #1386, #3436 ) ;
#1080 = CARTESIAN_POINT ( 'NONE',  ( 0.08999999999999680478, -0.07499999999999999722, -0.3551250000564805109 ) ) ;
#1081 = COORDINATED_UNIVERSAL_TIME_OFFSET ( 1, 0, .AHEAD. ) ;
#1082 = ORIENTED_EDGE ( 'NONE', *, *, #1753, .F. ) ;
#1083 = VERTEX_POINT ( 'NONE', #2658 ) ;
#1084 = LINE ( 'NONE', #393, #1438 ) ;
#1085 = CARTESIAN_POINT ( 'NONE',  ( 0.1749999999999969913, 1.219727444046191995E-16, -0.3551250000564810660 ) ) ;
#1086 = EDGE_CURVE ( 'NONE', #525, #4016, #3558, .T. ) ;
#1087 = EDGE_LOOP ( 'NONE', ( #480, #2938, #592, #243 ) ) ;
#1088 = DIRECTION ( 'NONE',  ( -1.000000000000000000, 0.000000000000000000, 6.505213034913027393E-15 ) ) ;
#1089 = CARTESIAN_POINT ( 'NONE',  ( -18.94519211359817135, 7.540918895746568040, 6.426369105244415181 ) ) ;
#1090 = CARTESIAN_POINT ( 'NONE',  ( 0.5100000000000000089, 0.5950000000000000844, -0.3551250000564835640 ) ) ;
#1091 = ORIENTED_EDGE ( 'NONE', *, *, #3321, .F. ) ;
#1092 = CARTESIAN_POINT ( 'NONE',  ( -1.394874999943561011, 1.976269565185000410, -5.865986263594098915 ) ) ;
#1093 = ORIENTED_EDGE ( 'NONE', *, *, #2576, .T. ) ;
#1094 = CARTESIAN_POINT ( 'NONE',  ( -0.6375131954062542849, 4.444884897271351498, -6.075885990614199983 ) ) ;
#1095 = EDGE_CURVE ( 'NONE', #2339, #144, #444, .T. ) ;
#1096 = DIRECTION ( 'NONE',  ( 0.000000000000000000, 1.000000000000000000, 0.000000000000000000 ) ) ;
#1097 = EDGE_CURVE ( 'NONE', #730, #1422, #3603, .T. ) ;
#1098 = ITEM_DEFINED_TRANSFORMATION ( 'NONE', 'NONE', #832,  #890 ) ;
#1099 = ORIENTED_EDGE ( 'NONE', *, *, #1666, .T. ) ;
#1100 = ORIENTED_EDGE ( 'NONE', *, *, #518, .F. ) ;
#1101 = LINE ( 'NONE', #2370, #2564 ) ;
#1102 = CARTESIAN_POINT ( 'NONE',  ( 0.5810555127546370713, 0.3200000000000000067, -0.3549999999999999822 ) ) ;
#1103 = SHAPE_REPRESENTATION_RELATIONSHIP ( 'NONE' , 'NONE' ,  #1157, #1217 ) ;
#1104 = LOCAL_TIME ( 11, 15, 59.00000000000000000, #3878 ) ;
#1105 = EDGE_CURVE ( 'NONE', #1269, #2293, #1717, .T. ) ;
#1106 = ORIENTED_EDGE ( 'NONE', *, *, #2007, .F. ) ;
#1107 = CIRCLE ( 'NONE', #3222, 0.02499999999999999792 ) ;
#1108 = DIRECTION ( 'NONE',  ( -0.000000000000000000, 1.000000000000000000, 0.000000000000000000 ) ) ;
#1109 = CIRCLE ( 'NONE', #1634, 0.02499999999999999792 ) ;
#1110 = CARTESIAN_POINT ( 'NONE',  ( 0.5810555127546370713, 0.3200000000000000067, -0.3551250000564840081 ) ) ;
#1111 = EDGE_LOOP ( 'NONE', ( #168, #103, #2916, #3182 ) ) ;
#1112 = DIRECTION ( 'NONE',  ( -1.000000000000000000, 0.000000000000000000, 6.505213034913037648E-15 ) ) ;
#1113 = ORIENTED_EDGE ( 'NONE', *, *, #924, .F. ) ;
#1114 = CARTESIAN_POINT ( 'NONE',  ( 0.1149999999999972017, -0.2250000000000000056, -0.3549999999999999822 ) ) ;
#1115 = DIRECTION ( 'NONE',  ( -1.000000000000000000, 0.000000000000000000, 6.982962677686270655E-15 ) ) ;
#1116 = DATE_TIME_ROLE ( 'classification_date' ) ;
#1117 = ORIENTED_EDGE ( 'NONE', *, *, #2520, .F. ) ;
#1118 = EDGE_CURVE ( 'NONE', #1619, #902, #3917, .T. ) ;
#1119 = AXIS2_PLACEMENT_3D ( 'NONE', #3527, #3506, #2338 ) ;
#1120 = CARTESIAN_POINT ( 'NONE',  ( 0.6600000000000000311, -0.06000000000000000472, -0.3551250000564845077 ) ) ;
#1121 = LINE ( 'NONE', #2390, #1451 ) ;
#1122 = AXIS2_PLACEMENT_3D ( 'NONE', #4086, #2586, #1227 ) ;
#1123 = DIRECTION ( 'NONE',  ( 0.000000000000000000, 0.000000000000000000, 1.000000000000000000 ) ) ;
#1124 = ORIENTED_EDGE ( 'NONE', *, *, #3215, .T. ) ;
#1125 = DIRECTION ( 'NONE',  ( 1.000000000000000000, 0.000000000000000000, -6.982962677686270655E-15 ) ) ;
#1126 = CIRCLE ( 'NONE', #1780, 0.02499999999999995628 ) ;
#1127 = EDGE_CURVE ( 'NONE', #2643, #2191, #1191, .T. ) ;
#1128 = CARTESIAN_POINT ( 'NONE',  ( -1.234222067970938364, 1.280553300889269552, -5.717671321728448497 ) ) ;
#1129 = AXIS2_PLACEMENT_3D ( 'NONE', #3722, #4105, #323 ) ;
#1130 = LINE ( 'NONE', #3402, #2382 ) ;
#1131 = ORIENTED_EDGE ( 'NONE', *, *, #917, .F. ) ;
#1132 = LINE ( 'NONE', #2458, #3641 ) ;
#1133 = EDGE_CURVE ( 'NONE', #1031, #2965, #4106, .T. ) ;
#1134 = PRODUCT_DEFINITION_SHAPE ( 'NONE', 'NONE',  #4117 ) ;
#1135 = DIRECTION ( 'NONE',  ( 6.982962677686270655E-15, 0.000000000000000000, 1.000000000000000000 ) ) ;
#1136 = DATE_TIME_ROLE ( 'classification_date' ) ;
#1137 = ORIENTED_EDGE ( 'NONE', *, *, #1894, .F. ) ;
#1138 = CARTESIAN_POINT ( 'NONE',  ( 0.08999999999999680478, 0.5950000000000000844, -0.3551250000564805109 ) ) ;
#1139 = DIRECTION ( 'NONE',  ( -6.982962677686270655E-15, 0.000000000000000000, -1.000000000000000000 ) ) ;
#1140 = EDGE_CURVE ( 'NONE', #3575, #23, #3532, .T. ) ;
#1141 = CARTESIAN_POINT ( 'NONE',  ( 1.738258917843607858E-14, 1.262177448353634135E-28, 2.500000000000000000 ) ) ;
#1142 = ORIENTED_EDGE ( 'NONE', *, *, #1905, .T. ) ;
#1143 = DIRECTION ( 'NONE',  ( -1.000000000000000000, 0.000000000000000000, 7.228014483236693597E-15 ) ) ;
#1144 = CARTESIAN_POINT ( 'NONE',  ( -1.394874999943561011, 1.976269565185000854, -5.796429114223418999 ) ) ;
#1145 = PLANE ( 'NONE',  #3691 ) ;
#1146 = VERTEX_POINT ( 'NONE', #1958 ) ;
#1147 = CARTESIAN_POINT ( 'NONE',  ( 0.08999999999999680478, -0.2250000000000000056, -0.3551250000564805109 ) ) ;
#1148 = CARTESIAN_POINT ( 'NONE',  ( 0.3551250000566972265, 3.001549528634499975, 5.912494801853048543 ) ) ;
#1149 = EDGE_CURVE ( 'NONE', #2918, #2644, #2854, .T. ) ;
#1150 = CARTESIAN_POINT ( 'NONE',  ( 0.1749999999999974909, -0.05000000000000000278, -0.3549999999999999822 ) ) ;
#1151 = CALENDAR_DATE ( 2026, 26, 8 ) ;
#1152 = ORIENTED_EDGE ( 'NONE', *, *, #3535, .T. ) ;
#1153 = LINE ( 'NONE', #1194, #1611 ) ;
#1154 = DIRECTION ( 'NONE',  ( 0.9993830276160452497, 0.03489922434133817253, -0.003950728206264833911 ) ) ;
#1155 = LOCAL_TIME ( 11, 15, 59.00000000000000000, #1465 ) ;
#1156 = VERTEX_POINT ( 'NONE', #380 ) ;
#1157 = SHAPE_REPRESENTATION ( 'LUXEON HL2Z 3D', ( #890 ), #3889 ) ;
#1158 = CARTESIAN_POINT ( 'NONE',  ( 0.3551250000566972265, 12.60815517220120086, -7.000000000000000000 ) ) ;
#1159 = B_SPLINE_SURFACE_WITH_KNOTS ( 'NONE', 2, 1, ( 
 ( #3980, #3379 ),
 ( #3649, #2126 ),
 ( #179, #2408 ) ),
 .UNSPECIFIED., .F., .F., .F.,
 ( 3, 3 ),
 ( 2, 2 ),
 ( 0.4988120746294950059, 0.4994128454637969949 ),
 ( 0.000000000000000000, 1.000000000000000000 ),
 .UNSPECIFIED. ) ;
#1160 = CC_DESIGN_PERSON_AND_ORGANIZATION_ASSIGNMENT ( #2948, #95, ( #1705 ) ) ;
#1161 = LINE ( 'NONE', #795, #774 ) ;
#1162 = EDGE_CURVE ( 'NONE', #3515, #1473, #2392, .T. ) ;
#1163 = DIRECTION ( 'NONE',  ( 0.000000000000000000, 0.000000000000000000, -1.000000000000000000 ) ) ;
#1164 = ORIENTED_EDGE ( 'NONE', *, *, #2066, .F. ) ;
#1165 = APPROVAL_PERSON_ORGANIZATION ( #1239, #3371, #863 ) ;
#1166 = CARTESIAN_POINT ( 'NONE',  ( -1.394874999943561011, 1.976269565185000854, 5.796429114223418999 ) ) ;
#1167 = AXIS2_PLACEMENT_3D ( 'NONE', #2731, #3952, #463 ) ;
#1168 = DIRECTION ( 'NONE',  ( 6.982962677686270655E-15, 0.000000000000000000, 1.000000000000000000 ) ) ;
#1169 = VECTOR ( 'NONE', #3282, 1000.000000000000000 ) ;
#1170 = CARTESIAN_POINT ( 'NONE',  ( -0.6600000000000000311, 0.000000000000000000, -0.3551250000564750153 ) ) ;
#1171 = ADVANCED_FACE ( 'NONE', ( #3256 ), #3875, .F. ) ;
#1172 = EDGE_CURVE ( 'NONE', #1538, #3550, #324, .T. ) ;
#1173 = ORIENTED_EDGE ( 'NONE', *, *, #3121, .F. ) ;
#1174 = CYLINDRICAL_SURFACE ( 'NONE', #210, 0.02499999999999995628 ) ;
#1175 = CARTESIAN_POINT ( 'NONE',  ( 0.4810555127546370380, 0.03499999999999999639, -0.3549999999999999822 ) ) ;
#1176 = EDGE_CURVE ( 'NONE', #880, #3779, #3771, .T. ) ;
#1177 = COORDINATED_UNIVERSAL_TIME_OFFSET ( 1, 0, .AHEAD. ) ;
#1178 = ORIENTED_EDGE ( 'NONE', *, *, #3752, .T. ) ;
#1179 = CIRCLE ( 'NONE', #3828, 0.05000000000000002359 ) ;
#1180 = ORIENTED_EDGE ( 'NONE', *, *, #500, .F. ) ;
#1181 = PLANE ( 'NONE',  #1583 ) ;
#1182 = DIRECTION ( 'NONE',  ( -6.505213034913040804E-15, 0.000000000000000000, -1.000000000000000000 ) ) ;
#1184 = ORIENTED_EDGE ( 'NONE', *, *, #961, .F. ) ;
#1183 = AXIS2_PLACEMENT_3D ( 'NONE', #2603, #2977, #724 ) ;
#1185 = AXIS2_PLACEMENT_3D ( 'NONE', #3073, #202, #2713 ) ;
#1186 = VERTEX_POINT ( 'NONE', #2738 ) ;
#1187 = DIRECTION ( 'NONE',  ( 6.982962677686270655E-15, 0.000000000000000000, 1.000000000000000000 ) ) ;
#1188 = EDGE_CURVE ( 'NONE', #3325, #3455, #1961, .T. ) ;
#1189 = VECTOR ( 'NONE', #1341, 1000.000000000000000 ) ;
#1190 = DIRECTION ( 'NONE',  ( 6.982962677686270655E-15, 0.000000000000000000, 1.000000000000000000 ) ) ;
#1191 = CIRCLE ( 'NONE', #1788, 0.02499999999999995628 ) ;
#1192 = SECURITY_CLASSIFICATION_LEVEL ( 'unclassified' ) ;
#1193 = ORIENTED_EDGE ( 'NONE', *, *, #3770, .T. ) ;
#1194 = CARTESIAN_POINT ( 'NONE',  ( -1.394874999943561011, -2.223730434814909618, 7.000000000000000000 ) ) ;
#1195 = PLANE ( 'NONE',  #570 ) ;
#1196 = DATE_AND_TIME ( #2450, #964 ) ;
#1197 = ORIENTED_EDGE ( 'NONE', *, *, #1319, .F. ) ;
#1198 = VERTEX_POINT ( 'NONE', #1549 ) ;
#1199 = EDGE_CURVE ( 'NONE', #97, #2643, #1835, .T. ) ;
#1200 = CARTESIAN_POINT ( 'NONE',  ( 0.1149999999999969935, 0.3200000000000000067, -0.3551250000564805109 ) ) ;
#1201 = LINE ( 'NONE', #3724, #3170 ) ;
#1202 = CARTESIAN_POINT ( 'NONE',  ( 0.3551250005320090164, -7.391488004478132823E-11, 7.000000000000000000 ) ) ;
#1203 = LINE ( 'NONE', #3110, #2170 ) ;
#1204 = ORIENTED_EDGE ( 'NONE', *, *, #3857, .F. ) ;
#1205 = DIRECTION ( 'NONE',  ( 1.885568995626964780E-16, 1.000000000000000000, -1.316685792266546124E-30 ) ) ;
#1206 = CARTESIAN_POINT ( 'NONE',  ( 0.4850000000000000422, 0.6199999999999999956, -0.3551250000564830089 ) ) ;
#1207 = PLANE ( 'NONE',  #2668 ) ;
#1208 = CARTESIAN_POINT ( 'NONE',  ( 0.5100000000000000089, -0.5950000000000000844, -0.3551250000564835640 ) ) ;
#1209 = VECTOR ( 'NONE', #2020, 1000.000000000000000 ) ;
#1210 = VERTEX_POINT ( 'NONE', #1572 ) ;
#1211 = FACE_OUTER_BOUND ( 'NONE', #2395, .T. ) ;
#1212 = ADVANCED_FACE ( 'NONE', ( #1242 ), #3810, .T. ) ;
#1213 = CARTESIAN_POINT ( 'NONE',  ( 0.2750000000000000222, 0.2849999999999999756, -0.3551250000564815656 ) ) ;
#1214 = APPROVAL_DATE_TIME ( #255, #475 ) ;
#1215 = ORIENTED_EDGE ( 'NONE', *, *, #1221, .T. ) ;
#1216 = ORIENTED_EDGE ( 'NONE', *, *, #1720, .F. ) ;
#1217 = ADVANCED_BREP_SHAPE_REPRESENTATION ( '', ( #3836, #890 ), #3889 ) ;
#1218 = DIRECTION ( 'NONE',  ( 6.982962677686270655E-15, 0.000000000000000000, 1.000000000000000000 ) ) ;
#1219 =( REPRESENTATION_RELATIONSHIP ('NONE','NONE', #1584, #1455 ) REPRESENTATION_RELATIONSHIP_WITH_TRANSFORMATION ( #142 )SHAPE_REPRESENTATION_RELATIONSHIP( ) );
#1220 = LINE ( 'NONE', #2310, #4030 ) ;
#1221 = EDGE_CURVE ( 'NONE', #606, #3602, #3976, .T. ) ;
#1222 = CARTESIAN_POINT ( 'NONE',  ( 0.5681785439136940452, -0.3235714285714285099, -0.3549999999999999822 ) ) ;
#1223 = EDGE_CURVE ( 'NONE', #2378, #2505, #2802, .T. ) ;
#1224 = APPROVAL_PERSON_ORGANIZATION ( #1868, #671, #2139 ) ;
#1225 = FACE_BOUND ( 'NONE', #1412, .T. ) ;
#1226 = ORIENTED_EDGE ( 'NONE', *, *, #1097, .T. ) ;
#1227 = DIRECTION ( 'NONE',  ( -1.000000000000000000, 0.000000000000000000, 6.505213034913023449E-15 ) ) ;
#1228 = CARTESIAN_POINT ( 'NONE',  ( 0.6350000000000000089, -0.03499999999999999639, -0.3550000000000045342 ) ) ;
#1229 = CIRCLE ( 'NONE', #3554, 0.04999999999999999584 ) ;
#1230 = LINE ( 'NONE', #1252, #2116 ) ;
#1231 = FACE_OUTER_BOUND ( 'NONE', #1622, .T. ) ;
#1232 = CIRCLE ( 'NONE', #1964, 0.02499999999999999792 ) ;
#1233 = AXIS2_PLACEMENT_3D ( 'NONE', #3500, #2148, #1265 ) ;
#1234 = VECTOR ( 'NONE', #675, 1000.000000000000000 ) ;
#1235 = CARTESIAN_POINT ( 'NONE',  ( -10.21500838427921387, -3.697644103227559320, -6.503485534507344568 ) ) ;
#1236 = FACE_OUTER_BOUND ( 'NONE', #1695, .T. ) ;
#1237 = EDGE_LOOP ( 'NONE', ( #3075, #3014, #1390, #1246 ) ) ;
#1238 = EDGE_CURVE ( 'NONE', #880, #2532, #3557, .T. ) ;
#1239 = PERSON_AND_ORGANIZATION ( #1026, #439 ) ;
#1240 = VERTEX_POINT ( 'NONE', #3419 ) ;
#1241 = ORIENTED_EDGE ( 'NONE', *, *, #1743, .T. ) ;
#1242 = FACE_OUTER_BOUND ( 'NONE', #4038, .T. ) ;
#1243 = CARTESIAN_POINT ( 'NONE',  ( -0.6035205376108018216, -3.639126207244638866, -5.160744428211647694 ) ) ;
#1244 = DIRECTION ( 'NONE',  ( -0.000000000000000000, 0.9936533736897814606, 0.1124854344122625388 ) ) ;
#1245 = FACE_OUTER_BOUND ( 'NONE', #2649, .T. ) ;
#1246 = ORIENTED_EDGE ( 'NONE', *, *, #3841, .T. ) ;
#1247 = CARTESIAN_POINT ( 'NONE',  ( 0.2099999999999969946, -0.5950000000000000844, -0.3549999999999999822 ) ) ;
#1248 = EDGE_CURVE ( 'NONE', #3458, #2918, #3788, .T. ) ;
#1249 = AXIS2_PLACEMENT_3D ( 'NONE', #680, #632, #3820 ) ;
#1250 = CARTESIAN_POINT ( 'NONE',  ( 0.1749999999999969913, -0.05000000000000000278, -0.3551250000564810660 ) ) ;
#1251 = VECTOR ( 'NONE', #2729, 1000.000000000000114 ) ;
#1252 = CARTESIAN_POINT ( 'NONE',  ( 0.2389444872453574953, 0.2500000000000000000, -0.3549999999999999822 ) ) ;
#1253 = VECTOR ( 'NONE', #1826, 1000.000000000000000 ) ;
#1254 = CARTESIAN_POINT ( 'NONE',  ( 1.149999999999999911, 1.149999999999999911, -0.08502500005648770676 ) ) ;
#1255 = EDGE_CURVE ( 'NONE', #1306, #1676, #501, .T. ) ;
#1256 = AXIS2_PLACEMENT_3D ( 'NONE', #2101, #3369, #3989 ) ;
#1257 = CALENDAR_DATE ( 2026, 26, 8 ) ;
#1258 = VECTOR ( 'NONE', #3272, 1000.000000000000000 ) ;
#1259 = DIRECTION ( 'NONE',  ( -1.000000000000000000, 0.000000000000000000, 6.982962677686270655E-15 ) ) ;
#1260 = CARTESIAN_POINT ( 'NONE',  ( 0.2389444872453570234, 0.2500000000000000000, -0.3551250000564815656 ) ) ;
#1261 = ORIENTED_EDGE ( 'NONE', *, *, #3644, .F. ) ;
#1262 = CALENDAR_DATE ( 2026, 26, 8 ) ;
#1263 = ORIENTED_EDGE ( 'NONE', *, *, #791, .T. ) ;
#1264 = VERTEX_POINT ( 'NONE', #2867 ) ;
#1265 = DIRECTION ( 'NONE',  ( 1.000000000000000000, 0.000000000000000000, -6.505213034913023449E-15 ) ) ;
#1266 = CARTESIAN_POINT ( 'NONE',  ( 0.2750000000000000222, -0.2849999999999999756, -0.3551250000564815656 ) ) ;
#1267 = ADVANCED_FACE ( 'NONE', ( #1877 ), #2821, .T. ) ;
#1268 = DIRECTION ( 'NONE',  ( 6.982962677686270655E-15, 0.000000000000000000, 1.000000000000000000 ) ) ;
#1269 = VERTEX_POINT ( 'NONE', #1200 ) ;
#1270 = CARTESIAN_POINT ( 'NONE',  ( 0.5599999999999999423, 0.5699999999999999512, -0.3549999999999999822 ) ) ;
#1271 = ORIENTED_EDGE ( 'NONE', *, *, #1404, .F. ) ;
#1272 = DIRECTION ( 'NONE',  ( -6.505213034913030548E-15, 0.000000000000000000, -1.000000000000000000 ) ) ;
#1273 = PLANE ( 'NONE',  #3813 ) ;
#1274 = ORIENTED_EDGE ( 'NONE', *, *, #762, .T. ) ;
#1275 = LINE ( 'NONE', #3227, #618 ) ;
#1276 = EDGE_CURVE ( 'NONE', #376, #1888, #2554, .T. ) ;
#1277 = FACE_OUTER_BOUND ( 'NONE', #2035, .T. ) ;
#1278 = DIRECTION ( 'NONE',  ( 0.000000000000000000, 0.000000000000000000, -1.000000000000000000 ) ) ;
#1279 = VECTOR ( 'NONE', #2479, 1000.000000000000000 ) ;
#1280 = EDGE_LOOP ( 'NONE', ( #1795, #1649, #1099, #999 ) ) ;
#1281 = PERSON_AND_ORGANIZATION ( #1026, #439 ) ;
#1282 = ORIENTED_EDGE ( 'NONE', *, *, #181, .T. ) ;
#1283 = EDGE_LOOP ( 'NONE', ( #431, #3528, #3808, #1862 ) ) ;
#1284 = FACE_OUTER_BOUND ( 'NONE', #2499, .T. ) ;
#1285 = CARTESIAN_POINT ( 'NONE',  ( 0.3200000000000000067, -0.2849999999999999756, -0.3551250000564818432 ) ) ;
#1286 = PLANE ( 'NONE',  #779 ) ;
#1287 = VERTEX_POINT ( 'NONE', #2507 ) ;
#1288 = CARTESIAN_POINT ( 'NONE',  ( 0.3099999999999999978, -0.5950000000000000844, -0.3549999999999999822 ) ) ;
#1289 = ORIENTED_EDGE ( 'NONE', *, *, #1074, .T. ) ;
#1290 = DIRECTION ( 'NONE',  ( 7.228014483236690442E-15, 0.000000000000000000, 1.000000000000000000 ) ) ;
#1291 = FACE_OUTER_BOUND ( 'NONE', #1237, .T. ) ;
#1292 = ADVANCED_FACE ( 'NONE', ( #1530 ), #1595, .F. ) ;
#1293 = CARTESIAN_POINT ( 'NONE',  ( -0.1150000000000013928, 0.6199999999999999956, -0.3551250000564785125 ) ) ;
#1294 = ORIENTED_EDGE ( 'NONE', *, *, #518, .T. ) ;
#1295 = DIRECTION ( 'NONE',  ( -6.505213034913040804E-15, 0.000000000000000000, -1.000000000000000000 ) ) ;
#1296 = ORIENTED_EDGE ( 'NONE', *, *, #809, .T. ) ;
#1297 = CIRCLE ( 'NONE', #4012, 0.02499999999999995628 ) ;
#1298 = CARTESIAN_POINT ( 'NONE',  ( -0.6350000000000000089, 0.06000000000000000472, -0.3551250000564750153 ) ) ;
#1299 = DIRECTION ( 'NONE',  ( 1.084202172485509956E-15, -1.000000000000000000, -7.570943305532690793E-30 ) ) ;
#1300 = ADVANCED_FACE ( 'NONE', ( #1284 ), #3745, .T. ) ;
#1301 = AXIS2_PLACEMENT_3D ( 'NONE', #1120, #3648, #804 ) ;
#1302 = VECTOR ( 'NONE', #36, 1000.000000000000000 ) ;
#1303 = VERTEX_POINT ( 'NONE', #949 ) ;
#1304 = DATE_AND_TIME ( #1991, #1550 ) ;
#1305 = ORIENTED_EDGE ( 'NONE', *, *, #814, .F. ) ;
#1306 = VERTEX_POINT ( 'NONE', #2469 ) ;
#1307 = CARTESIAN_POINT ( 'NONE',  ( 0.6600000000000000311, -0.3449999999999999734, -0.3549999999999999822 ) ) ;
#1308 = CARTESIAN_POINT ( 'NONE',  ( 0.6600000000000000311, 0.2250000000000000056, -0.3550000000000045342 ) ) ;
#1309 = DIRECTION ( 'NONE',  ( 1.000000000000000000, 0.000000000000000000, -7.228014483236693597E-15 ) ) ;
#1310 = ORIENTED_EDGE ( 'NONE', *, *, #3981, .F. ) ;
#1311 = DIRECTION ( 'NONE',  ( 0.000000000000000000, 0.000000000000000000, -1.000000000000000000 ) ) ;
#1312 = ORIENTED_EDGE ( 'NONE', *, *, #1133, .F. ) ;
#1313 = DIRECTION ( 'NONE',  ( 0.000000000000000000, -1.000000000000000000, 0.000000000000000000 ) ) ;
#1314 = FACE_OUTER_BOUND ( 'NONE', #2220, .T. ) ;
#1315 = ORIENTED_EDGE ( 'NONE', *, *, #538, .T. ) ;
#1316 = LINE ( 'NONE', #2591, #728 ) ;
#1317 = ORIENTED_EDGE ( 'NONE', *, *, #997, .F. ) ;
#1318 = CARTESIAN_POINT ( 'NONE',  ( 0.4810555127546370380, -0.06000000000000000472, -0.3551250000564830089 ) ) ;
#1319 = EDGE_CURVE ( 'NONE', #1324, #2321, #2493, .T. ) ;
#1320 = AXIS2_PLACEMENT_3D ( 'NONE', #1479, #245, #224 ) ;
#1321 = ADVANCED_BREP_SHAPE_REPRESENTATION ( '', ( #3821, #890 ), #2702 ) ;
#1322 = DIRECTION ( 'NONE',  ( 0.7313537027583412176, 0.6819983588408874420, -0.000000000000000000 ) ) ;
#1323 = DIRECTION ( 'NONE',  ( -6.505213034913040804E-15, 0.000000000000000000, -1.000000000000000000 ) ) ;
#1324 = VERTEX_POINT ( 'NONE', #1857 ) ;
#1325 = DATE_TIME_ROLE ( 'creation_date' ) ;
#1326 = EDGE_LOOP ( 'NONE', ( #389, #1791, #153, #1442 ) ) ;
#1327 = VERTEX_POINT ( 'NONE', #1928 ) ;
#1328 = DIRECTION ( 'NONE',  ( -1.000000000000000000, 0.000000000000000000, 6.982962677686270655E-15 ) ) ;
#1329 = CARTESIAN_POINT ( 'NONE',  ( 0.5810555127546370713, 0.3200000000000000067, -0.3551250000564840081 ) ) ;
#1330 = CARTESIAN_POINT ( 'NONE',  ( 0.5450000000000000400, -0.2849999999999999756, -0.3551250000564835640 ) ) ;
#1331 = EDGE_CURVE ( 'NONE', #3455, #3597, #237, .T. ) ;
#1332 = VERTEX_POINT ( 'NONE', #3767 ) ;
#1333 = LINE ( 'NONE', #3576, #3344 ) ;
#1334 = EDGE_LOOP ( 'NONE', ( #31, #1808, #1358, #2974 ) ) ;
#1335 = CARTESIAN_POINT ( 'NONE',  ( 0.1149999999999969935, -0.2500000000000000000, -0.3551250000564805109 ) ) ;
#1336 = DIRECTION ( 'NONE',  ( -1.000000000000000000, 0.000000000000000000, 6.505213034913027393E-15 ) ) ;
#1337 = CYLINDRICAL_SURFACE ( 'NONE', #1460, 0.02500000000000001180 ) ;
#1338 = ORIENTED_EDGE ( 'NONE', *, *, #3519, .T. ) ;
#1339 = CARTESIAN_POINT ( 'NONE',  ( -0.1150000000000024059, 0.08500000000000000611, -0.3551250000564785125 ) ) ;
#1340 = PRODUCT ( 'ASSY DOT JE conico', 'ASSY DOT JE conico', '', ( #577 ) ) ;
#1341 = DIRECTION ( 'NONE',  ( 6.982962677686270655E-15, 0.000000000000000000, 1.000000000000000000 ) ) ;
#1342 = COORDINATED_UNIVERSAL_TIME_OFFSET ( 1, 0, .AHEAD. ) ;
#1343 = VERTEX_POINT ( 'NONE', #3459 ) ;
#1344 = EDGE_CURVE ( 'NONE', #657, #3515, #2533, .T. ) ;
#1345 = ORIENTED_EDGE ( 'NONE', *, *, #3261, .T. ) ;
#1346 = CARTESIAN_POINT ( 'NONE',  ( 0.2599999999999999534, 0.5699999999999999512, -0.3551250000564815656 ) ) ;
#1347 = DIRECTION ( 'NONE',  ( 6.505213034913030548E-15, 0.000000000000000000, 1.000000000000000000 ) ) ;
#1348 = CARTESIAN_POINT ( 'NONE',  ( 0.4449999999999999512, 1.084202172485503941E-16, -0.3551250000564830089 ) ) ;
#1349 = ORIENTED_EDGE ( 'NONE', *, *, #2467, .T. ) ;
#1350 = CIRCLE ( 'NONE', #2545, 0.02499999999999999792 ) ;
#1351 = FACE_OUTER_BOUND ( 'NONE', #2871, .T. ) ;
#1352 = ORIENTED_EDGE ( 'NONE', *, *, #483, .F. ) ;
#1353 = DIRECTION ( 'NONE',  ( 6.982962677686270655E-15, 0.000000000000000000, 1.000000000000000000 ) ) ;
#1354 = EDGE_CURVE ( 'NONE', #2811, #2998, #3523, .T. ) ;
#1355 = CARTESIAN_POINT ( 'NONE',  ( 0.2518214560863000218, -0.3235714285714285099, -0.3551250000564815656 ) ) ;
#1356 = VERTEX_POINT ( 'NONE', #3904 ) ;
#1357 = LINE ( 'NONE', #2046, #3509 ) ;
#1358 = ORIENTED_EDGE ( 'NONE', *, *, #264, .F. ) ;
#1359 = CARTESIAN_POINT ( 'NONE',  ( -0.07925871954190913393, -2.269672767682391790, 7.000000000000000000 ) ) ;
#1360 = PRODUCT_DEFINITION_FORMATION_WITH_SPECIFIED_SOURCE ( 'ANY', '', #1340, .NOT_KNOWN. ) ;
#1361 = EDGE_CURVE ( 'NONE', #1441, #936, #1616, .T. ) ;
#1362 = CARTESIAN_POINT ( 'NONE',  ( -21.61822091296468074, 10.26318709152285535, -6.734540474352233019 ) ) ;
#1363 = DIRECTION ( 'NONE',  ( 6.505213034913040804E-15, 0.000000000000000000, 1.000000000000000000 ) ) ;
#1364 = PERSON_AND_ORGANIZATION ( #1026, #439 ) ;
#1365 = VERTEX_POINT ( 'NONE', #2889 ) ;
#1366 = ORIENTED_EDGE ( 'NONE', *, *, #1011, .F. ) ;
#1367 = LOCAL_TIME ( 11, 15, 59.00000000000000000, #2234 ) ;
#1368 = AXIS2_PLACEMENT_3D ( 'NONE', #3326, #1539, #2162 ) ;
#1369 = FACE_OUTER_BOUND ( 'NONE', #109, .T. ) ;
#1370 = CARTESIAN_POINT ( 'NONE',  ( 0.1149999999999967992, 0.2250000000000000056, -0.3551250000564805109 ) ) ;
#1371 = CIRCLE ( 'NONE', #2706, 0.04500000000000001221 ) ;
#1372 = EDGE_CURVE ( 'NONE', #1888, #1834, #1891, .T. ) ;
#1373 = AXIS2_PLACEMENT_3D ( 'NONE', #722, #3210, #1665 ) ;
#1374 = CARTESIAN_POINT ( 'NONE',  ( -6.948876663721481606, -3.612404337174381475, -5.163769448045255395 ) ) ;
#1375 = ORIENTED_EDGE ( 'NONE', *, *, #241, .T. ) ;
#1376 = CARTESIAN_POINT ( 'NONE',  ( -0.6350000000000000089, -0.6199999999999999956, -0.3551250000564750153 ) ) ;
#1377 = ORIENTED_EDGE ( 'NONE', *, *, #748, .T. ) ;
#1378 = DIRECTION ( 'NONE',  ( 6.505213034913021082E-15, 0.000000000000000000, 1.000000000000000000 ) ) ;
#1379 = CARTESIAN_POINT ( 'NONE',  ( -1.234563142446286843, -1.529462512548840580, -5.399566580327396004 ) ) ;
#1380 = DIRECTION ( 'NONE',  ( 6.982962677686270655E-15, 0.000000000000000000, 1.000000000000000000 ) ) ;
#1381 = ORIENTED_EDGE ( 'NONE', *, *, #4010, .T. ) ;
#1382 = LINE ( 'NONE', #1443, #4009 ) ;
#1383 = CIRCLE ( 'NONE', #2049, 0.02500000000000001180 ) ;
#1384 = EDGE_CURVE ( 'NONE', #3458, #3518, #2639, .T. ) ;
#1385 = CARTESIAN_POINT ( 'NONE',  ( 0.6350000000000000089, 0.06000000000000000472, -0.3550000000000045342 ) ) ;
#1386 = CARTESIAN_POINT ( 'NONE',  ( 0.6600000000000000311, 0.2250000000000000056, -0.3551250000564845077 ) ) ;
#1387 = CIRCLE ( 'NONE', #1249, 0.02500000000000001180 ) ;
#1388 = CARTESIAN_POINT ( 'NONE',  ( 1.149999999999999911, 1.149999999999999911, -0.08502500005648770676 ) ) ;
#1389 = CALENDAR_DATE ( 2026, 26, 8 ) ;
#1390 = ORIENTED_EDGE ( 'NONE', *, *, #571, .T. ) ;
#1391 = EDGE_LOOP ( 'NONE', ( #2250, #3858, #3294, #1317, #3331, #2111, #1173, #940 ) ) ;
#1392 = VECTOR ( 'NONE', #523, 1000.000000000000000 ) ;
#1393 = AXIS2_PLACEMENT_3D ( 'NONE', #2149, #279, #3747 ) ;
#1394 = CARTESIAN_POINT ( 'NONE',  ( 0.1749999999999969913, 1.219727444046191995E-16, -0.3551250000564810660 ) ) ;
#1395 = VECTOR ( 'NONE', #2081, 1000.000000000000000 ) ;
#1396 = CARTESIAN_POINT ( 'NONE',  ( -1.093493919861270536, -0.8308194969048432466, 5.478655692481221529 ) ) ;
#1397 = VECTOR ( 'NONE', #1190, 1000.000000000000000 ) ;
#1398 = VERTEX_POINT ( 'NONE', #3543 ) ;
#1399 = VECTOR ( 'NONE', #1380, 1000.000000000000000 ) ;
#1400 = ADVANCED_FACE ( 'NONE', ( #3262 ), #1641, .F. ) ;
#1401 = CARTESIAN_POINT ( 'NONE',  ( 0.5599999999999999423, 0.5699999999999999512, -0.3551250000564835640 ) ) ;
#1402 = CYLINDRICAL_SURFACE ( 'NONE', #1062, 0.02500000000000001180 ) ;
#1403 = DIRECTION ( 'NONE',  ( 6.505213034913040804E-15, 0.000000000000000000, 1.000000000000000000 ) ) ;
#1404 = EDGE_CURVE ( 'NONE', #2133, #3617, #2577, .T. ) ;
#1405 = DIRECTION ( 'NONE',  ( 6.982962677686270655E-15, 0.000000000000000000, 1.000000000000000000 ) ) ;
#1406 = ORIENTED_EDGE ( 'NONE', *, *, #1604, .F. ) ;
#1407 = CARTESIAN_POINT ( 'NONE',  ( 0.4681785439136939564, -0.03857142857142845799, -0.3549999999999999822 ) ) ;
#1408 = CARTESIAN_POINT ( 'NONE',  ( 0.6350000000000000089, 0.03499999999999999639, -0.3551250000564840081 ) ) ;
#1409 = EDGE_CURVE ( 'NONE', #2572, #2457, #2976, .T. ) ;
#1410 = LINE ( 'NONE', #1080, #2513 ) ;
#1411 = DATE_TIME_ROLE ( 'classification_date' ) ;
#1412 = EDGE_LOOP ( 'NONE', ( #2606, #3483, #1124, #930, #1874, #1546, #256, #201 ) ) ;
#1413 = ORIENTED_EDGE ( 'NONE', *, *, #3867, .F. ) ;
#1414 = DIRECTION ( 'NONE',  ( 6.982962677686270655E-15, 0.000000000000000000, 1.000000000000000000 ) ) ;
#1415 = CARTESIAN_POINT ( 'NONE',  ( 0.5810555127546370713, -0.2500000000000000000, -0.3551250000564840081 ) ) ;
#1416 = EDGE_LOOP ( 'NONE', ( #4102, #2267, #903, #812 ) ) ;
#1417 = CARTESIAN_POINT ( 'NONE',  ( -1.149999999999999911, -1.149999999999999911, -0.08502500005647160852 ) ) ;
#1418 = CARTESIAN_POINT ( 'NONE',  ( 0.08999999999999680478, 0.2250000000000000056, -0.3551250000564805109 ) ) ;
#1419 = AXIS2_PLACEMENT_3D ( 'NONE', #2547, #359, #3782 ) ;
#1420 = ORIENTED_EDGE ( 'NONE', *, *, #4056, .T. ) ;
#1421 = DIRECTION ( 'NONE',  ( -6.505213034913040804E-15, 0.000000000000000000, -1.000000000000000000 ) ) ;
#1422 = VERTEX_POINT ( 'NONE', #3835 ) ;
#1423 = CC_DESIGN_PERSON_AND_ORGANIZATION_ASSIGNMENT ( #3303, #451, ( #490 ) ) ;
#1424 = DIRECTION ( 'NONE',  ( -6.982962677686270655E-15, 0.000000000000000000, -1.000000000000000000 ) ) ;
#1425 = ADVANCED_FACE ( 'NONE', ( #1994 ), #2673, .F. ) ;
#1426 = COORDINATED_UNIVERSAL_TIME_OFFSET ( 1, 0, .AHEAD. ) ;
#1427 = ORIENTED_EDGE ( 'NONE', *, *, #3493, .F. ) ;
#1428 = CC_DESIGN_PERSON_AND_ORGANIZATION_ASSIGNMENT ( #215, #879, ( #1340 ) ) ;
#1429 = CARTESIAN_POINT ( 'NONE',  ( 0.5599999999999999423, -0.5199999999999999067, -0.3551250000564835640 ) ) ;
#1430 = CARTESIAN_POINT ( 'NONE',  ( -0.09000000000000249467, 0.000000000000000000, -0.3551250000564790676 ) ) ;
#1431 = DIRECTION ( 'NONE',  ( 0.000000000000000000, 0.000000000000000000, 1.000000000000000000 ) ) ;
#1432 = CC_DESIGN_SECURITY_CLASSIFICATION ( #2224, ( #1705 ) ) ;
#1433 = AXIS2_PLACEMENT_3D ( 'NONE', #3514, #21, #920 ) ;
#1434 = ORIENTED_EDGE ( 'NONE', *, *, #639, .F. ) ;
#1435 = ADVANCED_FACE ( 'NONE', ( #2645 ), #413, .T. ) ;
#1436 = VECTOR ( 'NONE', #2562, 1000.000000000000000 ) ;
#1437 = DIRECTION ( 'NONE',  ( -6.982962677686270655E-15, 0.000000000000000000, -1.000000000000000000 ) ) ;
#1438 = VECTOR ( 'NONE', #3859, 1000.000000000000000 ) ;
#1439 = CARTESIAN_POINT ( 'NONE',  ( 0.6350000000000000089, -0.5199999999999999067, -0.3551250000564840081 ) ) ;
#1440 = AXIS2_PLACEMENT_3D ( 'NONE', #1348, #2264, #1309 ) ;
#1441 = VERTEX_POINT ( 'NONE', #2334 ) ;
#1442 = ORIENTED_EDGE ( 'NONE', *, *, #546, .T. ) ;
#1443 = CARTESIAN_POINT ( 'NONE',  ( 0.2389444872453579949, 0.3200000000000000067, -0.3549999999999999822 ) ) ;
#1444 = FACE_OUTER_BOUND ( 'NONE', #3030, .T. ) ;
#1445 = EDGE_CURVE ( 'NONE', #4077, #2811, #370, .T. ) ;
#1446 = COORDINATED_UNIVERSAL_TIME_OFFSET ( 1, 0, .AHEAD. ) ;
#1447 = ORIENTED_EDGE ( 'NONE', *, *, #988, .F. ) ;
#1448 = AXIS2_PLACEMENT_3D ( 'NONE', #1843, #497, #190 ) ;
#1449 = CARTESIAN_POINT ( 'NONE',  ( -23.03592114560350268, 0.000000000000000000, 7.000000000000000000 ) ) ;
#1450 = CARTESIAN_POINT ( 'NONE',  ( -18.94519211359817135, 7.540918895746568040, 7.000000000000000000 ) ) ;
#1451 = VECTOR ( 'NONE', #2480, 1000.000000000000000 ) ;
#1452 = CIRCLE ( 'NONE', #1393, 0.04500000000000001221 ) ;
#1453 = CARTESIAN_POINT ( 'NONE',  ( 0.000000000000000000, 0.000000000000000000, 0.000000000000000000 ) ) ;
#1454 = VERTEX_POINT ( 'NONE', #1684 ) ;
#1455 = SHAPE_REPRESENTATION ( 'lente dot je', ( #890 ), #2702 ) ;
#1456 = FACE_OUTER_BOUND ( 'NONE', #4031, .T. ) ;
#1457 = AXIS2_PLACEMENT_3D ( 'NONE', #836, #1363, #1483 ) ;
#1458 = EDGE_CURVE ( 'NONE', #2566, #624, #3224, .T. ) ;
#1459 = CARTESIAN_POINT ( 'NONE',  ( 0.2389444872453579949, 0.3449999999999999734, -0.3549999999999999822 ) ) ;
#1460 = AXIS2_PLACEMENT_3D ( 'NONE', #2613, #1048, #67 ) ;
#1461 = CARTESIAN_POINT ( 'NONE',  ( 0.1749999999999969913, -0.05000000000000000278, -0.3551250000564810660 ) ) ;
#1462 = ORIENTED_EDGE ( 'NONE', *, *, #3999, .T. ) ;
#1463 = FACE_OUTER_BOUND ( 'NONE', #217, .T. ) ;
#1464 = DIRECTION ( 'NONE',  ( -0.000000000000000000, -0.000000000000000000, -1.000000000000000000 ) ) ;
#1465 = COORDINATED_UNIVERSAL_TIME_OFFSET ( 1, 0, .AHEAD. ) ;
#1466 = ORIENTED_EDGE ( 'NONE', *, *, #3595, .T. ) ;
#1467 = LINE ( 'NONE', #925, #1019 ) ;
#1468 = FACE_OUTER_BOUND ( 'NONE', #3425, .T. ) ;
#1469 = LINE ( 'NONE', #1761, #1913 ) ;
#1470 = CC_DESIGN_PERSON_AND_ORGANIZATION_ASSIGNMENT ( #3720, #2145, ( #683 ) ) ;
#1471 = EDGE_CURVE ( 'NONE', #2598, #3142, #2262, .T. ) ;
#1472 =( NAMED_UNIT ( * ) SI_UNIT ( $, .STERADIAN. ) SOLID_ANGLE_UNIT ( ) );
#1473 = VERTEX_POINT ( 'NONE', #1307 ) ;
#1474 = LINE ( 'NONE', #1158, #1251 ) ;
#1475 = CARTESIAN_POINT ( 'NONE',  ( 0.1849999999999965006, 0.6199999999999999956, -0.3551250000564810660 ) ) ;
#1476 = ORIENTED_EDGE ( 'NONE', *, *, #639, .T. ) ;
#1477 = ORIENTED_EDGE ( 'NONE', *, *, #351, .F. ) ;
#1478 = EDGE_CURVE ( 'NONE', #2362, #3651, #1084, .T. ) ;
#1479 = CARTESIAN_POINT ( 'NONE',  ( 0.6350000000000000089, 0.2250000000000000056, -0.3551250000564840081 ) ) ;
#1480 = EDGE_CURVE ( 'NONE', #2574, #2140, #1015, .T. ) ;
#1481 = ADVANCED_FACE ( 'NONE', ( #1369 ), #3929, .F. ) ;
#1482 = CIRCLE ( 'NONE', #1541, 0.02499999999999999792 ) ;
#1483 = DIRECTION ( 'NONE',  ( -1.000000000000000000, 0.000000000000000000, 6.505213034913037648E-15 ) ) ;
#1484 = ADVANCED_FACE ( 'NONE', ( #672 ), #1971, .T. ) ;
#1485 = ORIENTED_EDGE ( 'NONE', *, *, #114, .T. ) ;
#1486 = FACE_OUTER_BOUND ( 'NONE', #2755, .T. ) ;
#1487 = LINE ( 'NONE', #3995, #1515 ) ;
#1488 = LOCAL_TIME ( 11, 15, 59.00000000000000000, #3029 ) ;
#1489 = APPLICATION_PROTOCOL_DEFINITION ( 'international standard', 'config_control_design', 1994, #2790 ) ;
#1490 = ORIENTED_EDGE ( 'NONE', *, *, #3582, .T. ) ;
#1491 = ORIENTED_EDGE ( 'NONE', *, *, #468, .T. ) ;
#1492 = DIRECTION ( 'NONE',  ( -1.000000000000000000, -4.401757866934369622E-17, 6.982962677686270655E-15 ) ) ;
#1493 = EDGE_CURVE ( 'NONE', #2400, #3248, #3342, .T. ) ;
#1494 = CARTESIAN_POINT ( 'NONE',  ( -1.314167363343947681, 1.628494847443690885, -5.757059660811843393 ) ) ;
#1495 = VECTOR ( 'NONE', #828, 1000.000000000000000 ) ;
#1496 = ORIENTED_EDGE ( 'NONE', *, *, #4108, .F. ) ;
#1497 = VERTEX_POINT ( 'NONE', #569 ) ;
#1498 = DIRECTION ( 'NONE',  ( 1.000000000000000000, 0.000000000000000000, -6.505213034913037648E-15 ) ) ;
#1499 = VECTOR ( 'NONE', #3054, 1000.000000000000000 ) ;
#1500 = VECTOR ( 'NONE', #582, 1000.000000000000000 ) ;
#1501 = CARTESIAN_POINT ( 'NONE',  ( 0.6350000000000000089, 0.03499999999999999639, -0.3551250000564840081 ) ) ;
#1502 = CARTESIAN_POINT ( 'NONE',  ( 0.5100000000000000089, -0.5699999999999999512, -0.3551250000564835640 ) ) ;
#1503 = ADVANCED_FACE ( 'NONE', ( #1231 ), #820, .F. ) ;
#1504 = ORIENTED_EDGE ( 'NONE', *, *, #1095, .T. ) ;
#1505 = CARTESIAN_POINT ( 'NONE',  ( 0.5681785439136940452, -0.3235714285714285099, -0.3551250000564835640 ) ) ;
#1506 = CARTESIAN_POINT ( 'NONE',  ( 0.5810555127546370713, 0.2500000000000000000, -0.3551250000564840081 ) ) ;
#1507 = PERSON_AND_ORGANIZATION ( #1026, #439 ) ;
#1508 = ORIENTED_EDGE ( 'NONE', *, *, #1176, .F. ) ;
#1509 = VECTOR ( 'NONE', #830, 1000.000000000000000 ) ;
#1510 = EDGE_LOOP ( 'NONE', ( #2025, #4037, #136, #1952 ) ) ;
#1511 = CARTESIAN_POINT ( 'NONE',  ( 0.3551250000566972265, 3.001549528634499975, 7.000000000000000000 ) ) ;
#1512 = CARTESIAN_POINT ( 'NONE',  ( 0.2099999999999969946, -0.5699999999999999512, -0.3551250000564810660 ) ) ;
#1513 = DIRECTION ( 'NONE',  ( 1.000000000000000000, -8.803515733868729383E-17, -6.982962677686270655E-15 ) ) ;
#1514 = ADVANCED_FACE ( 'NONE', ( #1468 ), #3033, .T. ) ;
#1516 = FACE_OUTER_BOUND ( 'NONE', #2221, .T. ) ;
#1515 = VECTOR ( 'NONE', #1154, 1000.000000000000114 ) ;
#1517 = ORIENTED_EDGE ( 'NONE', *, *, #18, .F. ) ;
#1518 = LINE ( 'NONE', #3657, #3239 ) ;
#1519 = CARTESIAN_POINT ( 'NONE',  ( 0.6350000000000000089, -0.3200000000000000067, -0.3549999999999999822 ) ) ;
#1520 = ADVANCED_FACE ( 'NONE', ( #268 ), #2689, .T. ) ;
#1521 = DIRECTION ( 'NONE',  ( -6.505213034913030548E-15, 0.000000000000000000, -1.000000000000000000 ) ) ;
#1522 = COORDINATED_UNIVERSAL_TIME_OFFSET ( 1, 0, .AHEAD. ) ;
#1523 = ORIENTED_EDGE ( 'NONE', *, *, #1737, .T. ) ;
#1524 = FACE_OUTER_BOUND ( 'NONE', #3852, .T. ) ;
#1525 = CARTESIAN_POINT ( 'NONE',  ( -9.173158054527712935, -2.249075457824854407, 5.318103590414180459 ) ) ;
#1526 = EDGE_CURVE ( 'NONE', #3248, #2283, #3028, .T. ) ;
#1527 = EDGE_CURVE ( 'NONE', #579, #2671, #1034, .T. ) ;
#1528 = EDGE_LOOP ( 'NONE', ( #638, #3305, #3086, #1969 ) ) ;
#1529 = ORIENTED_EDGE ( 'NONE', *, *, #351, .T. ) ;
#1530 = FACE_OUTER_BOUND ( 'NONE', #1528, .T. ) ;
#1531 = DIRECTION ( 'NONE',  ( -6.505213034913021082E-15, 0.000000000000000000, -1.000000000000000000 ) ) ;
#1532 = CARTESIAN_POINT ( 'NONE',  ( 0.08999999999999680478, -0.07499999999999999722, -0.3551250000564805109 ) ) ;
#1533 = DIRECTION ( 'NONE',  ( 1.000000000000000000, 0.000000000000000000, -6.982962677686270655E-15 ) ) ;
#1534 = VERTEX_POINT ( 'NONE', #2707 ) ;
#1535 = CARTESIAN_POINT ( 'NONE',  ( 0.08999999999999680478, -0.3449999999999999734, -0.3551250000564805109 ) ) ;
#1536 = CARTESIAN_POINT ( 'NONE',  ( 0.6600000000000000311, 0.4949999999999999956, -0.3551250000564845077 ) ) ;
#1537 = CARTESIAN_POINT ( 'NONE',  ( 0.3551250000556511188, -1.237747038088879550E-13, 7.000000000000000000 ) ) ;
#1538 = VERTEX_POINT ( 'NONE', #1429 ) ;
#1539 = DIRECTION ( 'NONE',  ( 6.505213034913021082E-15, 0.000000000000000000, 1.000000000000000000 ) ) ;
#1540 = EDGE_CURVE ( 'NONE', #3779, #3660, #2369, .T. ) ;
#1541 = AXIS2_PLACEMENT_3D ( 'NONE', #2628, #3242, #1953 ) ;
#1542 = CARTESIAN_POINT ( 'NONE',  ( 1.149999999999999911, 1.149999999999999911, -0.3551250000564875053 ) ) ;
#1543 = CARTESIAN_POINT ( 'NONE',  ( -0.6600000000000000311, -0.4249999999999999889, -0.3551250000564750153 ) ) ;
#1544 = ORIENTED_EDGE ( 'NONE', *, *, #4048, .T. ) ;
#1545 = COORDINATED_UNIVERSAL_TIME_OFFSET ( 1, 0, .AHEAD. ) ;
#1546 = ORIENTED_EDGE ( 'NONE', *, *, #1319, .T. ) ;
#1547 = EDGE_CURVE ( 'NONE', #150, #37, #2406, .T. ) ;
#1548 = ORIENTED_EDGE ( 'NONE', *, *, #907, .F. ) ;
#1549 = CARTESIAN_POINT ( 'NONE',  ( 0.5599999999999999423, -0.5199999999999999067, -0.3549999999999999822 ) ) ;
#1550 = LOCAL_TIME ( 11, 15, 59.00000000000000000, #410 ) ;
#1551 = CARTESIAN_POINT ( 'NONE',  ( 0.3551250000566972265, 12.60815517220120086, 7.000000000000000000 ) ) ;
#1552 = CARTESIAN_POINT ( 'NONE',  ( -23.03592114560350268, 12.60815517220120086, 7.000000000000000000 ) ) ;
#1553 = EDGE_CURVE ( 'NONE', #4077, #1980, #1778, .T. ) ;
#1554 = FACE_BOUND ( 'NONE', #1614, .T. ) ;
#1555 = ORIENTED_EDGE ( 'NONE', *, *, #1331, .F. ) ;
#1556 = DIRECTION ( 'NONE',  ( -1.000000000000000000, 0.000000000000000000, 6.505213034913027393E-15 ) ) ;
#1557 = DIRECTION ( 'NONE',  ( 0.000000000000000000, 1.000000000000000000, 0.000000000000000000 ) ) ;
#1558 = CC_DESIGN_APPROVAL ( #3371, ( #683 ) ) ;
#1559 = VECTOR ( 'NONE', #2544, 1000.000000000000000 ) ;
#1560 = CARTESIAN_POINT ( 'NONE',  ( -2.846604824987382987, -5.059081103884319752, -5.000000000000000000 ) ) ;
#1561 = ORIENTED_EDGE ( 'NONE', *, *, #3046, .T. ) ;
#1562 = CARTESIAN_POINT ( 'NONE',  ( 0.1149999999999969935, -0.3200000000000000067, -0.3549999999999999822 ) ) ;
#1563 = VECTOR ( 'NONE', #3666, 1000.000000000000000 ) ;
#1564 = VECTOR ( 'NONE', #2215, 1000.000000000000000 ) ;
#1565 = EDGE_CURVE ( 'NONE', #3435, #3280, #2036, .T. ) ;
#1566 = PLANE ( 'NONE',  #3536 ) ;
#1567 = DIRECTION ( 'NONE',  ( -0.03489949670249428704, 0.9993908270190959842, 0.000000000000000000 ) ) ;
#1568 = ORIENTED_EDGE ( 'NONE', *, *, #2357, .T. ) ;
#1569 = APPROVAL_STATUS ( 'not_yet_approved' ) ;
#1570 = ORIENTED_EDGE ( 'NONE', *, *, #3080, .T. ) ;
#1571 = ORIENTED_EDGE ( 'NONE', *, *, #1127, .T. ) ;
#1572 = CARTESIAN_POINT ( 'NONE',  ( 0.1149999999999969935, 0.05000000000000000278, -0.3551250000564805109 ) ) ;
#1573 = DIRECTION ( 'NONE',  ( -0.000000000000000000, -0.000000000000000000, -1.000000000000000000 ) ) ;
#1574 = AXIS2_PLACEMENT_3D ( 'NONE', #630, #935, #1819 ) ;
#1575 = DIRECTION ( 'NONE',  ( -8.803515733868739243E-17, -1.000000000000000000, 6.147462180202930628E-31 ) ) ;
#1576 = DIRECTION ( 'NONE',  ( 1.000000000000000000, 0.000000000000000000, -6.505213034913023449E-15 ) ) ;
#1577 = ORIENTED_EDGE ( 'NONE', *, *, #3337, .F. ) ;
#1578 = CARTESIAN_POINT ( 'NONE',  ( -0.1150000000000000050, -0.2799999999999999711, -0.3551250000564785125 ) ) ;
#1579 = VECTOR ( 'NONE', #4066, 1000.000000000000000 ) ;
#1580 = EDGE_CURVE ( 'NONE', #2965, #4112, #3755, .T. ) ;
#1581 = DIRECTION ( 'NONE',  ( -1.000000000000000000, 0.000000000000000000, 7.228014483236693597E-15 ) ) ;
#1582 = AXIS2_PLACEMENT_3D ( 'NONE', #1871, #2861, #1278 ) ;
#1583 = AXIS2_PLACEMENT_3D ( 'NONE', #2453, #3983, #867 ) ;
#1584 = SHAPE_REPRESENTATION ( 'ASSY DOT JE conico', ( #2426, #284, #832, #3137, #105 ), #1962 ) ;
#1585 = DIRECTION ( 'NONE',  ( -0.9993830276160452497, -0.03489922434133817253, -0.003950728206264833911 ) ) ;
#1586 = AXIS2_PLACEMENT_3D ( 'NONE', #2348, #3714, #3064 ) ;
#1587 = VECTOR ( 'NONE', #1464, 1000.000000000000000 ) ;
#1588 = PLANE ( 'NONE',  #3511 ) ;
#1589 = CARTESIAN_POINT ( 'NONE',  ( 0.6350000000000000089, 0.2500000000000000000, -0.3550000000000045342 ) ) ;
#1590 = VERTEX_POINT ( 'NONE', #3947 ) ;
#1591 = PERSON_AND_ORGANIZATION ( #1026, #439 ) ;
#1592 = ORIENTED_EDGE ( 'NONE', *, *, #1527, .F. ) ;
#1593 = ORIENTED_EDGE ( 'NONE', *, *, #1635, .F. ) ;
#1594 = APPROVAL ( #3991, 'UNKNOWN' ) ;
#1595 = CYLINDRICAL_SURFACE ( 'NONE', #3893, 0.02499999999999995628 ) ;
#1596 = CARTESIAN_POINT ( 'NONE',  ( -0.6600000000000000311, 0.08500000000000000611, -0.3551250000564750153 ) ) ;
#1597 = EDGE_CURVE ( 'NONE', #1327, #1422, #4075, .T. ) ;
#1598 = DIRECTION ( 'NONE',  ( 6.982962677686270655E-15, 0.000000000000000000, 1.000000000000000000 ) ) ;
#1599 = EDGE_LOOP ( 'NONE', ( #473, #629, #1568, #3476 ) ) ;
#1600 = LINE ( 'NONE', #2538, #2581 ) ;
#1601 = VERTEX_POINT ( 'NONE', #178 ) ;
#1602 = CARTESIAN_POINT ( 'NONE',  ( 0.2389444872453570234, -0.2250000000000000056, -0.3551250000564815656 ) ) ;
#1603 = DIRECTION ( 'NONE',  ( 6.982962677686270655E-15, 0.000000000000000000, 1.000000000000000000 ) ) ;
#1604 = EDGE_CURVE ( 'NONE', #3699, #2795, #893, .T. ) ;
#1605 = CARTESIAN_POINT ( 'NONE',  ( 0.1149999999999967992, 0.3449999999999999734, -0.3551250000564805109 ) ) ;
#1606 = ORIENTED_EDGE ( 'NONE', *, *, #1238, .T. ) ;
#1607 = CARTESIAN_POINT ( 'NONE',  ( -0.1154161255236817035, 3.742884659794891267, 5.996416827864985422 ) ) ;
#1608 = ADVANCED_FACE ( 'NONE', ( #1729 ), #3000, .T. ) ;
#1609 = CARTESIAN_POINT ( 'NONE',  ( 1.149999999999999911, -1.149999999999999911, 0.004974999943512300321 ) ) ;
#1610 = CARTESIAN_POINT ( 'NONE',  ( 0.2099999999999975220, 0.5950000000000000844, -0.3549999999999999822 ) ) ;
#1611 = VECTOR ( 'NONE', #198, 1000.000000000000000 ) ;
#1612 = VERTEX_POINT ( 'NONE', #145 ) ;
#1613 = APPROVAL_STATUS ( 'not_yet_approved' ) ;
#1614 = EDGE_LOOP ( 'NONE', ( #1485, #423, #1776, #1671, #3438, #2000, #676, #3744 ) ) ;
#1615 = ORIENTED_EDGE ( 'NONE', *, *, #2669, .T. ) ;
#1616 = LINE ( 'NONE', #2934, #2304 ) ;
#1617 = CARTESIAN_POINT ( 'NONE',  ( 0.3099999999999999978, -0.5950000000000000844, -0.3551250000564820097 ) ) ;
#1618 = CARTESIAN_POINT ( 'NONE',  ( -16.77225510406512399, 4.832582587526371931, -6.119774880103934223 ) ) ;
#1619 = VERTEX_POINT ( 'NONE', #2724 ) ;
#1620 = EDGE_CURVE ( 'NONE', #3418, #1327, #3979, .T. ) ;
#1621 = LINE ( 'NONE', #3932, #564 ) ;
#1622 = EDGE_LOOP ( 'NONE', ( #2182, #945, #551, #299 ) ) ;
#1623 = CARTESIAN_POINT ( 'NONE',  ( 0.3099999999999999978, -0.5699999999999999512, -0.3551250000564820097 ) ) ;
#1624 = LOCAL_TIME ( 11, 15, 59.00000000000000000, #1081 ) ;
#1625 = DIRECTION ( 'NONE',  ( -1.000000000000000000, 0.000000000000000000, 6.505213034913037648E-15 ) ) ;
#1626 = VERTEX_POINT ( 'NONE', #3661 ) ;
#1627 = CARTESIAN_POINT ( 'NONE',  ( 1.149999999999999911, 1.149999999999999911, -0.08502500005648770676 ) ) ;
#1628 = DIRECTION ( 'NONE',  ( -1.000000000000000000, 0.000000000000000000, 6.505213034913023449E-15 ) ) ;
#1629 = CC_DESIGN_APPROVAL ( #2947, ( #292 ) ) ;
#1630 = CIRCLE ( 'NONE', #366, 0.02500000000000001180 ) ;
#1631 = VECTOR ( 'NONE', #3488, 1000.000000000000000 ) ;
#1632 = CARTESIAN_POINT ( 'NONE',  ( -2.846604824987382987, -5.059081103884319752, -6.503485534507344568 ) ) ;
#1633 = CARTESIAN_POINT ( 'NONE',  ( 0.3350000000000000200, -0.5950000000000000844, -0.3549999999999999822 ) ) ;
#1634 = AXIS2_PLACEMENT_3D ( 'NONE', #3560, #3252, #406 ) ;
#1635 = EDGE_CURVE ( 'NONE', #1186, #3435, #1101, .T. ) ;
#1636 = VECTOR ( 'NONE', #2892, 1000.000000000000000 ) ;
#1637 = EDGE_LOOP ( 'NONE', ( #1718, #2129, #452, #3773 ) ) ;
#1638 = PERSON_AND_ORGANIZATION ( #1026, #439 ) ;
#1639 = ORIENTED_EDGE ( 'NONE', *, *, #3990, .F. ) ;
#1640 = ORIENTED_EDGE ( 'NONE', *, *, #161, .F. ) ;
#1641 = PLANE ( 'NONE',  #698 ) ;
#1642 = CARTESIAN_POINT ( 'NONE',  ( -0.1150000000000024059, -0.2550000000000000044, -0.3551250000564785125 ) ) ;
#1643 = DIRECTION ( 'NONE',  ( 1.000000000000000000, 0.000000000000000000, -6.505213034913037648E-15 ) ) ;
#1644 = ORIENTED_EDGE ( 'NONE', *, *, #1796, .T. ) ;
#1645 = DIRECTION ( 'NONE',  ( -1.000000000000000000, 0.000000000000000000, 7.228014483236693597E-15 ) ) ;
#1646 = ORIENTED_EDGE ( 'NONE', *, *, #3967, .T. ) ;
#1647 = CARTESIAN_POINT ( 'NONE',  ( 0.5599999999999999423, -0.5199999999999999067, -0.3551250000564835640 ) ) ;
#1648 = DIRECTION ( 'NONE',  ( 1.000000000000000000, 4.401757866934369622E-17, 0.000000000000000000 ) ) ;
#1649 = ORIENTED_EDGE ( 'NONE', *, *, #2913, .F. ) ;
#1650 = DIRECTION ( 'NONE',  ( 1.000000000000000000, 1.004923976340843883E-15, -6.982962677686270655E-15 ) ) ;
#1651 = ORIENTED_EDGE ( 'NONE', *, *, #1162, .T. ) ;
#1652 = CC_DESIGN_PERSON_AND_ORGANIZATION_ASSIGNMENT ( #3085, #3104, ( #1360 ) ) ;
#1653 = CARTESIAN_POINT ( 'NONE',  ( -0.9131553968141893352, 4.784689529730151492, 6.114353199310424536 ) ) ;
#1654 = ADVANCED_FACE ( 'NONE', ( #2926 ), #2187, .F. ) ;
#1655 = AXIS2_PLACEMENT_3D ( 'NONE', #1329, #3930, #414 ) ;
#1656 = VECTOR ( 'NONE', #658, 1000.000000000000000 ) ;
#1657 = CARTESIAN_POINT ( 'NONE',  ( 0.5810555127546370713, 0.2250000000000000056, -0.3551250000564840081 ) ) ;
#1658 = VECTOR ( 'NONE', #2970, 1000.000000000000000 ) ;
#1659 = DIRECTION ( 'NONE',  ( -6.505213034913021082E-15, 0.000000000000000000, -1.000000000000000000 ) ) ;
#1660 = AXIS2_PLACEMENT_3D ( 'NONE', #2905, #48, #2208 ) ;
#1661 = DATE_AND_TIME ( #3855, #2968 ) ;
#1662 = ORIENTED_EDGE ( 'NONE', *, *, #1331, .T. ) ;
#1663 = ORIENTED_EDGE ( 'NONE', *, *, #1783, .F. ) ;
#1664 = ADVANCED_FACE ( 'NONE', ( #2879 ), #2903, .F. ) ;
#1665 = DIRECTION ( 'NONE',  ( -1.000000000000000000, 0.000000000000000000, 7.228014483236693597E-15 ) ) ;
#1666 = EDGE_CURVE ( 'NONE', #2333, #3642, #3956, .T. ) ;
#1667 = DIRECTION ( 'NONE',  ( 0.000000000000000000, 1.000000000000000000, 0.000000000000000000 ) ) ;
#1668 = CARTESIAN_POINT ( 'NONE',  ( 0.5599999999999999423, -0.5699999999999999512, -0.3549999999999999822 ) ) ;
#1669 = ORIENTED_EDGE ( 'NONE', *, *, #219, .F. ) ;
#1670 = DIRECTION ( 'NONE',  ( -1.000000000000000000, 0.000000000000000000, 7.228014483236693597E-15 ) ) ;
#1671 = ORIENTED_EDGE ( 'NONE', *, *, #250, .T. ) ;
#1672 = CARTESIAN_POINT ( 'NONE',  ( -2.913505490301934844E-15, 0.000000000000000000, -0.3551250000564795117 ) ) ;
#1673 = CARTESIAN_POINT ( 'NONE',  ( 0.6600000000000000311, 0.06000000000000000472, -0.3549999999999999822 ) ) ;
#1674 = ORIENTED_EDGE ( 'NONE', *, *, #971, .F. ) ;
#1675 = DIRECTION ( 'NONE',  ( 6.505213034913030548E-15, 0.000000000000000000, 1.000000000000000000 ) ) ;
#1676 = VERTEX_POINT ( 'NONE', #3490 ) ;
#1677 = DIRECTION ( 'NONE',  ( -6.505213034913021082E-15, 0.000000000000000000, -1.000000000000000000 ) ) ;
#1678 = DESIGN_CONTEXT ( 'detailed design', #1010, 'design' ) ;
#1679 = EDGE_CURVE ( 'NONE', #2457, #3241, #229, .T. ) ;
#1680 = LINE ( 'NONE', #2347, #2720 ) ;
#1681 = PERSON_AND_ORGANIZATION_ROLE ( 'creator' ) ;
#1682 = ORIENTED_EDGE ( 'NONE', *, *, #2467, .F. ) ;
#1683 = ORIENTED_EDGE ( 'NONE', *, *, #2937, .F. ) ;
#1684 = CARTESIAN_POINT ( 'NONE',  ( 0.6600000000000000311, 0.2250000000000000056, -0.3549999999999999822 ) ) ;
#1685 = DIRECTION ( 'NONE',  ( -1.000000000000000000, 0.000000000000000000, 6.982962677686270655E-15 ) ) ;
#1686 = CARTESIAN_POINT ( 'NONE',  ( 0.3099999999999999978, -0.5699999999999999512, -0.3549999999999999822 ) ) ;
#1687 = ORIENTED_EDGE ( 'NONE', *, *, #508, .T. ) ;
#1688 = CARTESIAN_POINT ( 'NONE',  ( 0.1849999999999965006, 0.6199999999999999956, -0.3551250000564810660 ) ) ;
#1689 = ORIENTED_EDGE ( 'NONE', *, *, #3676, .T. ) ;
#1690 = CARTESIAN_POINT ( 'NONE',  ( 0.6350000000000000089, 0.3449999999999999734, -0.3551250000564840081 ) ) ;
#1691 = EDGE_CURVE ( 'NONE', #2955, #1287, #3297, .T. ) ;
#1692 = CARTESIAN_POINT ( 'NONE',  ( -1.022530459175377437, 0.05020564446570145722, -5.578391172055129132 ) ) ;
#1693 = ORIENTED_EDGE ( 'NONE', *, *, #1565, .F. ) ;
#1694 = CARTESIAN_POINT ( 'NONE',  ( -0.9075306697980521919, -0.1237304348149260991, -5.865986263594098915 ) ) ;
#1695 = EDGE_LOOP ( 'NONE', ( #2553, #2171, #1447, #1375 ) ) ;
#1696 = DIRECTION ( 'NONE',  ( -1.000000000000000000, 0.000000000000000000, 6.982962677686270655E-15 ) ) ;
#1697 = CC_DESIGN_SECURITY_CLASSIFICATION ( #221, ( #4116 ) ) ;
#1698 = CC_DESIGN_SECURITY_CLASSIFICATION ( #490, ( #4117 ) ) ;
#1699 = CARTESIAN_POINT ( 'NONE',  ( 0.3551250000566972265, -2.284841781425457352, -5.314054703192494955 ) ) ;
#1700 = DIRECTION ( 'NONE',  ( 1.000000000000000000, 0.000000000000000000, -6.505213034913023449E-15 ) ) ;
#1701 = EDGE_CURVE ( 'NONE', #1944, #2290, #3183, .T. ) ;
#1702 = PERSON_AND_ORGANIZATION_ROLE ( 'classification_officer' ) ;
#1703 = ORIENTED_EDGE ( 'NONE', *, *, #1956, .T. ) ;
#1704 = ORIENTED_EDGE ( 'NONE', *, *, #3290, .T. ) ;
#1705 = PRODUCT_DEFINITION_FORMATION_WITH_SPECIFIED_SOURCE ( 'ANY', '', #71, .NOT_KNOWN. ) ;
#1706 = AXIS2_PLACEMENT_3D ( 'NONE', #1, #1295, #636 ) ;
#1707 = DIRECTION ( 'NONE',  ( -1.000000000000000000, 0.000000000000000000, 6.505213034913027393E-15 ) ) ;
#1708 = CYLINDRICAL_SURFACE ( 'NONE', #3502, 0.04999999999999999584 ) ;
#1709 = EDGE_CURVE ( 'NONE', #3214, #3325, #4058, .T. ) ;
#1710 = CARTESIAN_POINT ( 'NONE',  ( 0.6350000000000000089, -0.03499999999999999639, -0.3551250000564840081 ) ) ;
#1711 = ORIENTED_EDGE ( 'NONE', *, *, #1149, .F. ) ;
#1712 = CARTESIAN_POINT ( 'NONE',  ( -0.1150000000000024059, -0.4249999999999999889, -0.3551250000564785125 ) ) ;
#1713 = ORIENTED_EDGE ( 'NONE', *, *, #14, .F. ) ;
#1714 = CARTESIAN_POINT ( 'NONE',  ( 0.6600000000000000311, -0.3449999999999999734, -0.3551250000564845077 ) ) ;
#1715 = CYLINDRICAL_SURFACE ( 'NONE', #1037, 0.02499999999999995628 ) ;
#1716 = ORIENTED_EDGE ( 'NONE', *, *, #1743, .F. ) ;
#1717 = LINE ( 'NONE', #2361, #1068 ) ;
#1718 = ORIENTED_EDGE ( 'NONE', *, *, #2967, .F. ) ;
#1719 = CARTESIAN_POINT ( 'NONE',  ( 0.6350000000000000089, 0.2250000000000000056, -0.3551250000564840081 ) ) ;
#1720 = EDGE_CURVE ( 'NONE', #1759, #2410, #1229, .T. ) ;
#1721 = VECTOR ( 'NONE', #1882, 1000.000000000000000 ) ;
#1722 = DIRECTION ( 'NONE',  ( 6.982962677686270655E-15, 0.000000000000000000, 1.000000000000000000 ) ) ;
#1723 = CARTESIAN_POINT ( 'NONE',  ( -6.994875025828874548, 10.47738999221430234, 6.758789077511674570 ) ) ;
#1724 = AXIS2_PLACEMENT_3D ( 'NONE', #3132, #1290, #2540 ) ;
#1725 = CARTESIAN_POINT ( 'NONE',  ( 0.5599999999999999423, 0.5199999999999999067, -0.3551250000564835640 ) ) ;
#1726 = ORIENTED_EDGE ( 'NONE', *, *, #1162, .F. ) ;
#1727 = ORIENTED_EDGE ( 'NONE', *, *, #842, .T. ) ;
#1728 = VECTOR ( 'NONE', #1667, 1000.000000000000000 ) ;
#1729 = FACE_OUTER_BOUND ( 'NONE', #1326, .T. ) ;
#1730 = CARTESIAN_POINT ( 'NONE',  ( -1.127255017630081957, -1.005829664611009866, 5.458843859439433288 ) ) ;
#1731 =( NAMED_UNIT ( * ) SI_UNIT ( $, .STERADIAN. ) SOLID_ANGLE_UNIT ( ) );
#1732 = CC_DESIGN_PERSON_AND_ORGANIZATION_ASSIGNMENT ( #1638, #690, ( #292 ) ) ;
#1733 = VERTEX_POINT ( 'NONE', #1867 ) ;
#1734 = AXIS2_PLACEMENT_3D ( 'NONE', #1930, #3838, #3146 ) ;
#1735 = CARTESIAN_POINT ( 'NONE',  ( 0.5599999999999999423, 0.5199999999999999067, -0.3551250000564835640 ) ) ;
#1736 = LINE ( 'NONE', #2919, #913 ) ;
#1737 = EDGE_CURVE ( 'NONE', #1332, #1923, #355, .T. ) ;
#1738 = CARTESIAN_POINT ( 'NONE',  ( -0.09000000000000249467, -0.5950000000000000844, -0.3551250000564790676 ) ) ;
#1739 = VERTEX_POINT ( 'NONE', #1562 ) ;
#1740 = DIRECTION ( 'NONE',  ( -6.505213034913021082E-15, 0.000000000000000000, -1.000000000000000000 ) ) ;
#1741 = ORIENTED_EDGE ( 'NONE', *, *, #3394, .F. ) ;
#1742 = DIRECTION ( 'NONE',  ( -0.03489949670249008207, -0.9993908270190960952, 0.000000000000000000 ) ) ;
#1743 = EDGE_CURVE ( 'NONE', #3341, #3972, #1764, .T. ) ;
#1744 = APPROVAL_DATE_TIME ( #786, #3938 ) ;
#1745 = ORIENTED_EDGE ( 'NONE', *, *, #254, .T. ) ;
#1746 = DIRECTION ( 'NONE',  ( -1.275531967630009880E-15, -1.000000000000000000, 8.906992124156080190E-30 ) ) ;
#1747 = DIRECTION ( 'NONE',  ( -0.000000000000000000, -0.000000000000000000, -1.000000000000000000 ) ) ;
#1748 = ORIENTED_EDGE ( 'NONE', *, *, #988, .T. ) ;
#1749 = DIRECTION ( 'NONE',  ( 0.000000000000000000, -1.000000000000000000, 0.000000000000000000 ) ) ;
#1750 = DIRECTION ( 'NONE',  ( 1.000000000000000000, 0.000000000000000000, -6.505213034913037648E-15 ) ) ;
#1751 = CIRCLE ( 'NONE', #2786, 0.02500000000000001180 ) ;
#1752 = ORIENTED_EDGE ( 'NONE', *, *, #739, .T. ) ;
#1753 = EDGE_CURVE ( 'NONE', #3486, #2260, #3546, .T. ) ;
#1754 = CARTESIAN_POINT ( 'NONE',  ( 1.149999999999999911, -1.149999999999999911, -0.08502500005648770676 ) ) ;
#1755 = VERTEX_POINT ( 'NONE', #312 ) ;
#1756 = FACE_OUTER_BOUND ( 'NONE', #3505, .T. ) ;
#1757 = LOCAL_TIME ( 11, 15, 59.00000000000000000, #2164 ) ;
#1758 = APPROVAL_DATE_TIME ( #156, #2074 ) ;
#1759 = VERTEX_POINT ( 'NONE', #3851 ) ;
#1760 = DIRECTION ( 'NONE',  ( 1.000000000000000000, 0.000000000000000000, -6.505213034913027393E-15 ) ) ;
#1761 = CARTESIAN_POINT ( 'NONE',  ( 0.1149999999999969935, 0.05000000000000000278, -0.3551250000564805109 ) ) ;
#1762 = EDGE_CURVE ( 'NONE', #3280, #3647, #1275, .T. ) ;
#1763 = LOCAL_TIME ( 11, 15, 59.00000000000000000, #3123 ) ;
#1764 = CIRCLE ( 'NONE', #3087, 0.02500000000000001180 ) ;
#1765 = VERTEX_POINT ( 'NONE', #2615 ) ;
#1766 = FACE_OUTER_BOUND ( 'NONE', #1283, .T. ) ;
#1767 = DIRECTION ( 'NONE',  ( -1.000000000000000000, 0.000000000000000000, 6.982962677686270655E-15 ) ) ;
#1768 = VECTOR ( 'NONE', #3574, 1000.000000000000000 ) ;
#1769 = FACE_OUTER_BOUND ( 'NONE', #1637, .T. ) ;
#1770 = ORIENTED_EDGE ( 'NONE', *, *, #1762, .T. ) ;
#1771 = CARTESIAN_POINT ( 'NONE',  ( 0.2599999999999999534, 0.5699999999999999512, -0.3551250000564815656 ) ) ;
#1772 = APPROVAL ( #1613, 'UNSPECIFIED' ) ;
#1773 = LINE ( 'NONE', #2404, #1587 ) ;
#1774 = EDGE_CURVE ( 'NONE', #3775, #2378, #498, .T. ) ;
#1775 = APPROVAL_STATUS ( 'not_yet_approved' ) ;
#1776 = ORIENTED_EDGE ( 'NONE', *, *, #777, .T. ) ;
#1777 = CIRCLE ( 'NONE', #2444, 0.02499999999999995628 ) ;
#1778 = LINE ( 'NONE', #3633, #1499 ) ;
#1779 = LINE ( 'NONE', #3016, #462 ) ;
#1780 = AXIS2_PLACEMENT_3D ( 'NONE', #537, #3359, #2425 ) ;
#1781 = CIRCLE ( 'NONE', #4097, 0.04500000000000001221 ) ;
#1782 =( NAMED_UNIT ( * ) PLANE_ANGLE_UNIT ( ) SI_UNIT ( $, .RADIAN. ) );
#1783 = EDGE_CURVE ( 'NONE', #1146, #557, #4091, .T. ) ;
#1784 = ORIENTED_EDGE ( 'NONE', *, *, #1140, .F. ) ;
#1785 = LINE ( 'NONE', #4040, #3580 ) ;
#1786 = AXIS2_PLACEMENT_3D ( 'NONE', #2946, #1323, #3205 ) ;
#1787 = LINE ( 'NONE', #3688, #697 ) ;
#1788 = AXIS2_PLACEMENT_3D ( 'NONE', #759, #2682, #2024 ) ;
#1789 = EDGE_CURVE ( 'NONE', #3844, #611, #3939, .T. ) ;
#1790 = DIRECTION ( 'NONE',  ( -0.000000000000000000, 1.000000000000000000, 0.000000000000000000 ) ) ;
#1791 = ORIENTED_EDGE ( 'NONE', *, *, #3727, .F. ) ;
#1792 = DIRECTION ( 'NONE',  ( 1.000000000000000000, 0.000000000000000000, -6.505213034913023449E-15 ) ) ;
#1793 = DIRECTION ( 'NONE',  ( 0.000000000000000000, 1.000000000000000000, 0.000000000000000000 ) ) ;
#1794 = DIRECTION ( 'NONE',  ( 6.505213034913021082E-15, 0.000000000000000000, 1.000000000000000000 ) ) ;
#1795 = ORIENTED_EDGE ( 'NONE', *, *, #2125, .F. ) ;
#1796 = EDGE_CURVE ( 'NONE', #983, #870, #3010, .T. ) ;
#1797 = CYLINDRICAL_SURFACE ( 'NONE', #482, 0.02500000000000001180 ) ;
#1798 = CARTESIAN_POINT ( 'NONE',  ( 0.2389444872453570234, -0.2500000000000000000, -0.3549999999999999822 ) ) ;
#1799 = DIRECTION ( 'NONE',  ( -0.9999999999999998890, -8.480254731125876908E-29, 0.000000000000000000 ) ) ;
#1800 = EDGE_LOOP ( 'NONE', ( #3251, #3954, #51, #1523 ) ) ;
#1801 = LINE ( 'NONE', #2094, #2663 ) ;
#1802 = CYLINDRICAL_SURFACE ( 'NONE', #4076, 0.02499999999999995628 ) ;
#1803 = DIRECTION ( 'NONE',  ( 1.000000000000000000, 0.000000000000000000, -6.982962677686270655E-15 ) ) ;
#1804 = ORIENTED_EDGE ( 'NONE', *, *, #944, .T. ) ;
#1805 = CARTESIAN_POINT ( 'NONE',  ( 0.2249999999999975075, 1.219727444046191995E-16, -0.3550000000000003153 ) ) ;
#1806 = EDGE_CURVE ( 'NONE', #3455, #875, #3052, .T. ) ;
#1807 = CARTESIAN_POINT ( 'NONE',  ( -0.6350000000000000089, -0.06000000000000000472, -0.3551250000564750153 ) ) ;
#1808 = ORIENTED_EDGE ( 'NONE', *, *, #1553, .T. ) ;
#1809 = DIRECTION ( 'NONE',  ( 6.505213034913040804E-15, 0.000000000000000000, 1.000000000000000000 ) ) ;
#1810 = CARTESIAN_POINT ( 'NONE',  ( 0.2099999999999969946, 0.5699999999999999512, -0.3549999999999999822 ) ) ;
#1811 = EDGE_CURVE ( 'NONE', #2775, #2315, #2363, .T. ) ;
#1812 = APPLICATION_PROTOCOL_DEFINITION ( 'international standard', 'config_control_design', 1994, #2419 ) ;
#1813 = ORIENTED_EDGE ( 'NONE', *, *, #1789, .T. ) ;
#1814 = ORIENTED_EDGE ( 'NONE', *, *, #1956, .F. ) ;
#1815 = CARTESIAN_POINT ( 'NONE',  ( 0.6600000000000000311, 0.3449999999999999734, -0.3551250000564845077 ) ) ;
#1816 = EDGE_CURVE ( 'NONE', #2849, #2214, #3624, .T. ) ;
#1817 = CARTESIAN_POINT ( 'NONE',  ( 0.4810555127546370380, -0.03499999999999999639, -0.3551250000564830089 ) ) ;
#1818 = VECTOR ( 'NONE', #2826, 1000.000000000000000 ) ;
#1819 = DIRECTION ( 'NONE',  ( 1.000000000000000000, 0.000000000000000000, -6.505213034913037648E-15 ) ) ;
#1820 = ORIENTED_EDGE ( 'NONE', *, *, #2840, .F. ) ;
#1821 = DIRECTION ( 'NONE',  ( -1.000000000000000000, 0.000000000000000000, 7.228014483236693597E-15 ) ) ;
#1822 = CIRCLE ( 'NONE', #2427, 0.02499999999999999792 ) ;
#1823 = VECTOR ( 'NONE', #78, 1000.000000000000000 ) ;
#1824 = CARTESIAN_POINT ( 'NONE',  ( 0.1849999999999970002, -0.5950000000000000844, -0.3551250000564810660 ) ) ;
#1825 = EDGE_CURVE ( 'NONE', #2315, #2290, #1822, .T. ) ;
#1826 = DIRECTION ( 'NONE',  ( 0.000000000000000000, -1.000000000000000000, 0.000000000000000000 ) ) ;
#1827 = ADVANCED_FACE ( 'NONE', ( #2989 ), #113, .T. ) ;
#1828 = ORIENTED_EDGE ( 'NONE', *, *, #1354, .T. ) ;
#1829 = DIRECTION ( 'NONE',  ( 0.000000000000000000, -1.000000000000000000, 0.000000000000000000 ) ) ;
#1830 = CARTESIAN_POINT ( 'NONE',  ( -3.716701824005764099, -4.898315988470651305, 5.018199237605860397 ) ) ;
#1831 = APPROVAL_STATUS ( 'not_yet_approved' ) ;
#1832 = ORIENTED_EDGE ( 'NONE', *, *, #77, .T. ) ;
#1833 = VECTOR ( 'NONE', #3711, 1000.000000000000000 ) ;
#1834 = VERTEX_POINT ( 'NONE', #1407 ) ;
#1835 = LINE ( 'NONE', #2195, #4036 ) ;
#1836 = DIRECTION ( 'NONE',  ( -1.000000000000000000, 0.000000000000000000, 6.982962677686270655E-15 ) ) ;
#1837 = CIRCLE ( 'NONE', #3370, 0.04500000000000001221 ) ;
#1838 = LINE ( 'NONE', #3423, #3299 ) ;
#1839 = ADVANCED_FACE ( 'NONE', ( #1027 ), #137, .F. ) ;
#1841 = CARTESIAN_POINT ( 'NONE',  ( 0.3551250000109473781, -2.723253226996780629, 5.264424818957035512 ) ) ;
#1840 = AXIS2_PLACEMENT_3D ( 'NONE', #878, #3434, #2778 ) ;
#1842 = EDGE_LOOP ( 'NONE', ( #3935, #685, #886, #3006 ) ) ;
#1843 = CARTESIAN_POINT ( 'NONE',  ( 0.1149999999999967992, -0.3449999999999999734, -0.3551250000564805109 ) ) ;
#1844 = VECTOR ( 'NONE', #3156, 1000.000000000000000 ) ;
#1845 = LINE ( 'NONE', #2202, #3892 ) ;
#1846 = CARTESIAN_POINT ( 'NONE',  ( 0.1149999999999967992, -0.5950000000000000844, -0.3551250000564805109 ) ) ;
#1847 = ORIENTED_EDGE ( 'NONE', *, *, #2881, .F. ) ;
#1848 = DIRECTION ( 'NONE',  ( 7.228014483236690442E-15, 0.000000000000000000, 1.000000000000000000 ) ) ;
#1849 = EDGE_CURVE ( 'NONE', #1590, #2293, #1382, .T. ) ;
#1850 = DATE_TIME_ROLE ( 'classification_date' ) ;
#1851 = CARTESIAN_POINT ( 'NONE',  ( 0.6600000000000000311, -0.4949999999999999956, -0.3551250000564845077 ) ) ;
#1852 = DIRECTION ( 'NONE',  ( 7.228014483236690442E-15, 0.000000000000000000, 1.000000000000000000 ) ) ;
#1853 = ADVANCED_FACE ( 'NONE', ( #2026 ), #799, .T. ) ;
#1854 = ORIENTED_EDGE ( 'NONE', *, *, #372, .F. ) ;
#1855 = ORIENTED_EDGE ( 'NONE', *, *, #4034, .F. ) ;
#1856 = ORIENTED_EDGE ( 'NONE', *, *, #1666, .F. ) ;
#1857 = CARTESIAN_POINT ( 'NONE',  ( -0.6350000000000000089, 0.2799999999999999711, -0.3551250000564750153 ) ) ;
#1858 = DIRECTION ( 'NONE',  ( -6.505213034913021082E-15, 0.000000000000000000, -1.000000000000000000 ) ) ;
#1859 = FACE_OUTER_BOUND ( 'NONE', #3982, .T. ) ;
#1860 = ORIENTED_EDGE ( 'NONE', *, *, #3046, .F. ) ;
#1861 = CARTESIAN_POINT ( 'NONE',  ( 0.2518214560863000218, 0.3235714285714290095, -0.3551250000564815656 ) ) ;
#1862 = ORIENTED_EDGE ( 'NONE', *, *, #3360, .T. ) ;
#1863 = FACE_OUTER_BOUND ( 'NONE', #1087, .T. ) ;
#1864 = EDGE_CURVE ( 'NONE', #1992, #2572, #965, .T. ) ;
#1865 = CARTESIAN_POINT ( 'NONE',  ( 0.08999999999999680478, 0.5950000000000000844, -0.3551250000564805109 ) ) ;
#1866 = CARTESIAN_POINT ( 'NONE',  ( 1.413273706048157274, 1.460754352720367022, 5.738070783083370152 ) ) ;
#1867 = CARTESIAN_POINT ( 'NONE',  ( -1.149999999999999911, 1.149999999999999911, -0.3551250000564715181 ) ) ;
#1868 = PERSON_AND_ORGANIZATION ( #554, #4005 ) ;
#1869 = AXIS2_PLACEMENT_3D ( 'NONE', #3598, #3886, #656 ) ;
#1870 = CARTESIAN_POINT ( 'NONE',  ( -18.94519211359818911, 7.540918895746552053, 6.503485534507348120 ) ) ;
#1871 = CARTESIAN_POINT ( 'NONE',  ( 1.149999999999999911, 1.149999999999999911, -0.08502500005648770676 ) ) ;
#1872 = ORIENTED_EDGE ( 'NONE', *, *, #703, .T. ) ;
#1873 = DATE_TIME_ROLE ( 'classification_date' ) ;
#1874 = ORIENTED_EDGE ( 'NONE', *, *, #3866, .T. ) ;
#1875 = ORIENTED_EDGE ( 'NONE', *, *, #1404, .T. ) ;
#1876 = ADVANCED_FACE ( 'NONE', ( #1756 ), #2322, .F. ) ;
#1877 = FACE_OUTER_BOUND ( 'NONE', #3022, .T. ) ;
#1878 = APPROVAL_PERSON_ORGANIZATION ( #1591, #2029, #2573 ) ;
#1879 = LINE ( 'NONE', #3145, #2110 ) ;
#1880 = LINE ( 'NONE', #3109, #1818 ) ;
#1881 = EDGE_CURVE ( 'NONE', #922, #3131, #3284, .T. ) ;
#1882 = DIRECTION ( 'NONE',  ( 6.982962677686270655E-15, 0.000000000000000000, 1.000000000000000000 ) ) ;
#1883 = ORIENTED_EDGE ( 'NONE', *, *, #589, .F. ) ;
#1884 = PLANE ( 'NONE',  #2384 ) ;
#1885 = CARTESIAN_POINT ( 'NONE',  ( 0.2099999999999969946, 0.5699999999999999512, -0.3551250000564810660 ) ) ;
#1886 = VECTOR ( 'NONE', #2966, 1000.000000000000000 ) ;
#1887 = LINE ( 'NONE', #2249, #651 ) ;
#1888 = VERTEX_POINT ( 'NONE', #3023 ) ;
#1889 = DIRECTION ( 'NONE',  ( -1.000000000000000000, 0.000000000000000000, 6.505213034913027393E-15 ) ) ;
#1890 = AXIS2_PLACEMENT_3D ( 'NONE', #1459, #2045, #2096 ) ;
#1891 = CIRCLE ( 'NONE', #1373, 0.04500000000000001221 ) ;
#1892 = CC_DESIGN_DATE_AND_TIME_ASSIGNMENT ( #1058, #1945, ( #3877 ) ) ;
#1893 = CARTESIAN_POINT ( 'NONE',  ( 0.4850000000000000422, 0.5950000000000000844, -0.3551250000564830089 ) ) ;
#1894 = EDGE_CURVE ( 'NONE', #902, #1739, #1109, .T. ) ;
#1895 = FACE_OUTER_BOUND ( 'NONE', #459, .T. ) ;
#1896 = ORIENTED_EDGE ( 'NONE', *, *, #4087, .T. ) ;
#1897 = MECHANICAL_CONTEXT ( 'NONE', #2419, 'mechanical' ) ;
#1898 = ORIENTED_EDGE ( 'NONE', *, *, #3725, .T. ) ;
#1899 = ORIENTED_EDGE ( 'NONE', *, *, #1221, .F. ) ;
#1900 = DIRECTION ( 'NONE',  ( 6.982962677686270655E-15, 0.000000000000000000, 1.000000000000000000 ) ) ;
#1901 = LINE ( 'NONE', #1617, #3246 ) ;
#1902 = EDGE_CURVE ( 'NONE', #611, #464, #1630, .T. ) ;
#1903 = B_SPLINE_CURVE_WITH_KNOTS ( 'NONE', 3,
 ( #2464, #1830, #575, #2501, #3102, #3761, #3453, #1525, #3783, #594, #943, #741, #3257, #115, #2010, #3277 ),
 .UNSPECIFIED., .F., .F.,
 ( 4, 2, 2, 2, 2, 2, 2, 4 ),
 ( 0.000000000000000000, 0.002600970095093021323, 0.005201940190186042645, 0.006502425237732555909, 0.007802910285279068305, 0.01040388038037209049, 0.01560582057055812967, 0.02080776076074417058 ),
 .UNSPECIFIED. ) ;
#1904 = DIRECTION ( 'NONE',  ( 0.000000000000000000, 1.000000000000000000, 0.000000000000000000 ) ) ;
#1905 = EDGE_CURVE ( 'NONE', #3617, #1327, #89, .T. ) ;
#1906 = ORIENTED_EDGE ( 'NONE', *, *, #3668, .F. ) ;
#1907 = CARTESIAN_POINT ( 'NONE',  ( -0.1150000000000000050, 0.4000000000000000222, -0.3551250000564785125 ) ) ;
#1908 = ORIENTED_EDGE ( 'NONE', *, *, #800, .F. ) ;
#1909 = CARTESIAN_POINT ( 'NONE',  ( 0.5450000000000000400, 0.2849999999999999756, -0.3549999999999999822 ) ) ;
#1910 = CIRCLE ( 'NONE', #123, 0.02499999999999995628 ) ;
#1911 = ADVANCED_FACE ( 'NONE', ( #2135 ), #3671, .T. ) ;
#1912 = DIRECTION ( 'NONE',  ( 6.505213034913040804E-15, 0.000000000000000000, 1.000000000000000000 ) ) ;
#1913 = VECTOR ( 'NONE', #2056, 1000.000000000000000 ) ;
#1914 = AXIS2_PLACEMENT_3D ( 'NONE', #509, #541, #846 ) ;
#1915 = DIRECTION ( 'NONE',  ( 1.000000000000000000, 0.000000000000000000, -6.505213034913023449E-15 ) ) ;
#1916 = ORIENTED_EDGE ( 'NONE', *, *, #2767, .F. ) ;
#1917 = CIRCLE ( 'NONE', #191, 0.02499999999999999792 ) ;
#1918 = DIRECTION ( 'NONE',  ( 6.505213034913021082E-15, 0.000000000000000000, 1.000000000000000000 ) ) ;
#1919 = AXIS2_PLACEMENT_3D ( 'NONE', #1824, #3301, #1700 ) ;
#1920 = VECTOR ( 'NONE', #1650, 1000.000000000000000 ) ;
#1921 = CARTESIAN_POINT ( 'NONE',  ( 1.149999999999999911, 1.149999999999999911, -0.3551250000564875053 ) ) ;
#1922 = CYLINDRICAL_SURFACE ( 'NONE', #3913, 0.04500000000000001221 ) ;
#1923 = VERTEX_POINT ( 'NONE', #1166 ) ;
#1924 = EDGE_CURVE ( 'NONE', #347, #1970, #170, .T. ) ;
#1925 = APPROVAL_STATUS ( 'not_yet_approved' ) ;
#1926 = EDGE_LOOP ( 'NONE', ( #3125, #2651, #101, #73 ) ) ;
#1927 = VERTEX_POINT ( 'NONE', #2099 ) ;
#1928 = CARTESIAN_POINT ( 'NONE',  ( 0.08999999999999680478, 0.5950000000000000844, -0.3549999999999999822 ) ) ;
#1929 = DIRECTION ( 'NONE',  ( -6.505213034913040804E-15, 0.000000000000000000, -1.000000000000000000 ) ) ;
#1930 = CARTESIAN_POINT ( 'NONE',  ( 0.5599999999999999423, -0.5699999999999999512, -0.3551250000564835640 ) ) ;
#1931 = CARTESIAN_POINT ( 'NONE',  ( 0.3099999999999999978, 0.5699999999999999512, -0.3551250000564820097 ) ) ;
#1932 = ORIENTED_EDGE ( 'NONE', *, *, #254, .F. ) ;
#1933 = DIRECTION ( 'NONE',  ( 1.000000000000000000, 0.000000000000000000, -6.505213034913023449E-15 ) ) ;
#1934 = ORIENTED_EDGE ( 'NONE', *, *, #865, .T. ) ;
#1935 = DIRECTION ( 'NONE',  ( 1.000000000000000000, 0.000000000000000000, -6.982962677686270655E-15 ) ) ;
#1936 = CARTESIAN_POINT ( 'NONE',  ( 1.149999999999999911, 1.149999999999999911, -0.3551250000564875053 ) ) ;
#1937 = ORIENTED_EDGE ( 'NONE', *, *, #613, .T. ) ;
#1938 = CARTESIAN_POINT ( 'NONE',  ( 0.6350000000000000089, 0.5199999999999999067, -0.3551250000564840081 ) ) ;
#1939 = CARTESIAN_POINT ( 'NONE',  ( -4.298417309989350343, 8.222773118245870094, 6.503557660584298183 ) ) ;
#1940 = ADVANCED_FACE ( 'NONE', ( #3692 ), #2436, .F. ) ;
#1941 = FACE_OUTER_BOUND ( 'NONE', #3292, .T. ) ;
#1942 = CARTESIAN_POINT ( 'NONE',  ( 0.1149999999999969935, -0.6199999999999999956, -0.3549999999999999822 ) ) ;
#1943 = VECTOR ( 'NONE', #3853, 1000.000000000000000 ) ;
#1944 = VERTEX_POINT ( 'NONE', #1147 ) ;
#1945 = DATE_TIME_ROLE ( 'classification_date' ) ;
#1946 = ORIENTED_EDGE ( 'NONE', *, *, #2203, .F. ) ;
#1947 = ORIENTED_EDGE ( 'NONE', *, *, #1409, .T. ) ;
#1948 = DIRECTION ( 'NONE',  ( -6.982962677686270655E-15, 0.000000000000000000, -1.000000000000000000 ) ) ;
#1949 = DIRECTION ( 'NONE',  ( 0.05233595624294034437, -0.9986295347545741663, 0.000000000000000000 ) ) ;
#1950 = FACE_OUTER_BOUND ( 'NONE', #262, .T. ) ;
#1951 = CC_DESIGN_DATE_AND_TIME_ASSIGNMENT ( #597, #1873, ( #617 ) ) ;
#1952 = ORIENTED_EDGE ( 'NONE', *, *, #971, .T. ) ;
#1953 = DIRECTION ( 'NONE',  ( -1.000000000000000000, 0.000000000000000000, 6.505213034913027393E-15 ) ) ;
#1954 = ORIENTED_EDGE ( 'NONE', *, *, #3080, .F. ) ;
#1955 = LINE ( 'NONE', #1623, #567 ) ;
#1956 = EDGE_CURVE ( 'NONE', #3844, #2005, #2717, .T. ) ;
#1957 = CARTESIAN_POINT ( 'NONE',  ( 0.4810555127546370380, 0.03499999999999999639, -0.3551250000564830089 ) ) ;
#1958 = CARTESIAN_POINT ( 'NONE',  ( 1.149999999999999911, 1.149999999999999911, -0.08502500005648770676 ) ) ;
#1959 = ORIENTED_EDGE ( 'NONE', *, *, #3493, .T. ) ;
#1960 = DIRECTION ( 'NONE',  ( 6.982962677686270655E-15, 0.000000000000000000, 1.000000000000000000 ) ) ;
#1961 = LINE ( 'NONE', #1511, #3920 ) ;
#1962 =( GEOMETRIC_REPRESENTATION_CONTEXT ( 3 ) GLOBAL_UNCERTAINTY_ASSIGNED_CONTEXT ( ( #2594 ) ) GLOBAL_UNIT_ASSIGNED_CONTEXT ( ( #3309, #806, #2089 ) ) REPRESENTATION_CONTEXT ( 'NONE', 'WORKASPACE' ) );
#1963 = EDGE_CURVE ( 'NONE', #922, #3937, #1777, .T. ) ;
#1964 = AXIS2_PLACEMENT_3D ( 'NONE', #2921, #3530, #1336 ) ;
#1965 = FACE_OUTER_BOUND ( 'NONE', #342, .T. ) ;
#1966 = FACE_OUTER_BOUND ( 'NONE', #2243, .T. ) ;
#1967 = CIRCLE ( 'NONE', #2039, 0.05000000000000002359 ) ;
#1968 = APPROVAL_DATE_TIME ( #743, #2029 ) ;
#1969 = ORIENTED_EDGE ( 'NONE', *, *, #3727, .T. ) ;
#1970 = VERTEX_POINT ( 'NONE', #2119 ) ;
#1971 = PLANE ( 'NONE',  #2832 ) ;
#1972 = LINE ( 'NONE', #3237, #849 ) ;
#1973 = CARTESIAN_POINT ( 'NONE',  ( -3.702783848952148738, -4.876195828739250615, -5.020703325895141234 ) ) ;
#1974 = ORIENTED_EDGE ( 'NONE', *, *, #1118, .F. ) ;
#1975 = DIRECTION ( 'NONE',  ( 6.505213034913021082E-15, 0.000000000000000000, 1.000000000000000000 ) ) ;
#1976 = ORIENTED_EDGE ( 'NONE', *, *, #791, .F. ) ;
#1977 = LINE ( 'NONE', #3600, #387 ) ;
#1978 = DIRECTION ( 'NONE',  ( 1.000000000000000000, 0.000000000000000000, -6.982962677686270655E-15 ) ) ;
#1979 = ADVANCED_FACE ( 'NONE', ( #263 ), #2770, .T. ) ;
#1980 = VERTEX_POINT ( 'NONE', #1805 ) ;
#1981 = EDGE_CURVE ( 'NONE', #2762, #2379, #3404, .T. ) ;
#1982 = VECTOR ( 'NONE', #732, 1000.000000000000000 ) ;
#1983 = ORIENTED_EDGE ( 'NONE', *, *, #2088, .T. ) ;
#1984 = CARTESIAN_POINT ( 'NONE',  ( 0.1312382564655795725, 3.380956869083463712, -5.955445191435209118 ) ) ;
#1985 = AXIS2_PLACEMENT_3D ( 'NONE', #1370, #3614, #2038 ) ;
#1986 = CIRCLE ( 'NONE', #642, 0.04500000000000001221 ) ;
#1987 = CIRCLE ( 'NONE', #192, 0.02500000000000001180 ) ;
#1988 = LINE ( 'NONE', #2884, #1658 ) ;
#1989 = ADVANCED_FACE ( 'NONE', ( #206 ), #833, .F. ) ;
#1990 = VECTOR ( 'NONE', #3250, 1000.000000000000000 ) ;
#1991 = CALENDAR_DATE ( 2026, 26, 8 ) ;
#1992 = VERTEX_POINT ( 'NONE', #565 ) ;
#1993 = ORIENTED_EDGE ( 'NONE', *, *, #1478, .F. ) ;
#1994 = FACE_OUTER_BOUND ( 'NONE', #2146, .T. ) ;
#1995 = CARTESIAN_POINT ( 'NONE',  ( -1.127380764220178744, 0.7590097298487170629, 5.658630556903622377 ) ) ;
#1996 = EDGE_CURVE ( 'NONE', #322, #1739, #1132, .T. ) ;
#1997 = DIRECTION ( 'NONE',  ( -1.000000000000000000, 0.000000000000000000, 6.505213034913037648E-15 ) ) ;
#1998 = ORIENTED_EDGE ( 'NONE', *, *, #1445, .T. ) ;
#1999 = FACE_OUTER_BOUND ( 'NONE', #4065, .T. ) ;
#2000 = ORIENTED_EDGE ( 'NONE', *, *, #1133, .T. ) ;
#2001 = CARTESIAN_POINT ( 'NONE',  ( 0.2750000000000000222, -0.2849999999999999756, -0.3551250000564815656 ) ) ;
#2002 = CARTESIAN_POINT ( 'NONE',  ( -1.394874999943561011, -2.223730434814910062, -5.320972745794694703 ) ) ;
#2003 = ORIENTED_EDGE ( 'NONE', *, *, #1789, .F. ) ;
#2004 = DIRECTION ( 'NONE',  ( 0.000000000000000000, -1.000000000000000000, 0.000000000000000000 ) ) ;
#2005 = VERTEX_POINT ( 'NONE', #871 ) ;
#2006 = CARTESIAN_POINT ( 'NONE',  ( 0.3350000000000000200, 0.5950000000000000844, -0.3551250000564820097 ) ) ;
#2007 = EDGE_CURVE ( 'NONE', #2583, #3393, #4004, .T. ) ;
#2008 = CARTESIAN_POINT ( 'NONE',  ( 0.1149999999999969935, 0.6199999999999999956, -0.3551250000564805109 ) ) ;
#2009 = CARTESIAN_POINT ( 'NONE',  ( 0.5681785439136940452, -0.2464285714285714968, -0.3551250000564835640 ) ) ;
#2010 = CARTESIAN_POINT ( 'NONE',  ( -17.87813264845535954, 6.167269108470562422, 6.270866595875093097 ) ) ;
#2011 = CYLINDRICAL_SURFACE ( 'NONE', #1256, 0.04999999999999999584 ) ;
#2012 = PERSON_AND_ORGANIZATION ( #782, #4001 ) ;
#2013 = ORIENTED_EDGE ( 'NONE', *, *, #2604, .F. ) ;
#2014 = ORIENTED_EDGE ( 'NONE', *, *, #2881, .T. ) ;
#2015 = CARTESIAN_POINT ( 'NONE',  ( 0.6600000000000000311, 0.2250000000000000056, -0.3551250000564845077 ) ) ;
#2016 = CARTESIAN_POINT ( 'NONE',  ( -1.022667581830746020, -0.3009204846150540513, 5.538642325818660339 ) ) ;
#2017 = CYLINDRICAL_SURFACE ( 'NONE', #1440, 0.04500000000000001221 ) ;
#2018 = EDGE_CURVE ( 'NONE', #2671, #3495, #1837, .T. ) ;
#2019 = ORIENTED_EDGE ( 'NONE', *, *, #2900, .F. ) ;
#2020 = DIRECTION ( 'NONE',  ( 1.000000000000000000, -4.373741005274489641E-16, -6.982962677686270655E-15 ) ) ;
#2021 = ORIENTED_EDGE ( 'NONE', *, *, #1095, .F. ) ;
#2022 = CARTESIAN_POINT ( 'NONE',  ( 0.3099999999999999978, 0.5950000000000000844, -0.3551250000564820097 ) ) ;
#2023 = CARTESIAN_POINT ( 'NONE',  ( 0.5100000000000000089, 0.5699999999999999512, -0.3549999999999999822 ) ) ;
#2024 = DIRECTION ( 'NONE',  ( 1.000000000000000000, 0.000000000000000000, -6.505213034913037648E-15 ) ) ;
#2025 = ORIENTED_EDGE ( 'NONE', *, *, #2230, .F. ) ;
#2026 = FACE_OUTER_BOUND ( 'NONE', #3679, .T. ) ;
#2027 = LOCAL_TIME ( 11, 15, 59.00000000000000000, #1426 ) ;
#2028 = LINE ( 'NONE', #1610, #2109 ) ;
#2029 = APPROVAL ( #3207, 'UNSPECIFIED' ) ;
#2030 = CARTESIAN_POINT ( 'NONE',  ( 0.5810555127546370713, 0.2500000000000000000, -0.3551250000564840081 ) ) ;
#2031 = APPROVAL_ROLE ( '' ) ;
#2032 = ORIENTED_EDGE ( 'NONE', *, *, #3003, .F. ) ;
#2033 = VECTOR ( 'NONE', #3364, 1000.000000000000000 ) ;
#2034 = EDGE_CURVE ( 'NONE', #4112, #327, #1055, .T. ) ;
#2035 = EDGE_LOOP ( 'NONE', ( #3389, #514, #1215, #3081 ) ) ;
#2036 = CIRCLE ( 'NONE', #1368, 0.05000000000000002359 ) ;
#2037 = DIRECTION ( 'NONE',  ( -6.505213034913030548E-15, 0.000000000000000000, -1.000000000000000000 ) ) ;
#2038 = DIRECTION ( 'NONE',  ( 1.000000000000000000, 0.000000000000000000, -6.505213034913023449E-15 ) ) ;
#2039 = AXIS2_PLACEMENT_3D ( 'NONE', #1668, #2557, #3194 ) ;
#2040 = CARTESIAN_POINT ( 'NONE',  ( -1.738258917843607858E-14, -1.262177448353634135E-28, -2.500000000000000000 ) ) ;
#2041 = ORIENTED_EDGE ( 'NONE', *, *, #241, .F. ) ;
#2042 = DIRECTION ( 'NONE',  ( 6.505213034913021082E-15, 0.000000000000000000, 1.000000000000000000 ) ) ;
#2043 = DIRECTION ( 'NONE',  ( 1.000000000000000000, 0.000000000000000000, -6.505213034913023449E-15 ) ) ;
#2044 = EDGE_CURVE ( 'NONE', #1765, #347, #1518, .T. ) ;
#2045 = DIRECTION ( 'NONE',  ( -6.505213034913021082E-15, 0.000000000000000000, -1.000000000000000000 ) ) ;
#2046 = CARTESIAN_POINT ( 'NONE',  ( 0.08999999999999680478, -0.3449999999999999734, -0.3551250000564805109 ) ) ;
#2047 = VERTEX_POINT ( 'NONE', #4044 ) ;
#2048 = DIRECTION ( 'NONE',  ( -0.000000000000000000, 1.000000000000000000, 0.000000000000000000 ) ) ;
#2049 = AXIS2_PLACEMENT_3D ( 'NONE', #869, #1740, #3008 ) ;
#2050 = PLANE ( 'NONE',  #3974 ) ;
#2051 = CIRCLE ( 'NONE', #3758, 0.02499999999999995628 ) ;
#2052 = PERSON_AND_ORGANIZATION ( #79, #428 ) ;
#2053 = ORIENTED_EDGE ( 'NONE', *, *, #2869, .T. ) ;
#2054 = AXIS2_PLACEMENT_3D ( 'NONE', #3396, #233, #2708 ) ;
#2055 = DIRECTION ( 'NONE',  ( 1.000000000000000000, 0.000000000000000000, -6.505213034913037648E-15 ) ) ;
#2056 = DIRECTION ( 'NONE',  ( 6.982962677686270655E-15, 0.000000000000000000, 1.000000000000000000 ) ) ;
#2057 = EDGE_CURVE ( 'NONE', #2339, #2085, #3044, .T. ) ;
#2058 = VERTEX_POINT ( 'NONE', #2473 ) ;
#2059 = DIRECTION ( 'NONE',  ( 1.000000000000000000, 0.000000000000000000, -6.982962677686270655E-15 ) ) ;
#2060 = ORIENTED_EDGE ( 'NONE', *, *, #1547, .F. ) ;
#2061 = CARTESIAN_POINT ( 'NONE',  ( -1.126772622086070541, 0.7559124068803506624, -5.658279927872573722 ) ) ;
#2062 = VERTEX_POINT ( 'NONE', #3352 ) ;
#2063 = ORIENTED_EDGE ( 'NONE', *, *, #407, .T. ) ;
#2064 = ORIENTED_EDGE ( 'NONE', *, *, #3330, .F. ) ;
#2065 = DIRECTION ( 'NONE',  ( -1.000000000000000000, 0.000000000000000000, 6.982962677686270655E-15 ) ) ;
#2066 = EDGE_CURVE ( 'NONE', #2820, #322, #4093, .T. ) ;
#2067 = LINE ( 'NONE', #3674, #3229 ) ;
#2068 = APPROVAL_ROLE ( '' ) ;
#2069 = ORIENTED_EDGE ( 'NONE', *, *, #785, .T. ) ;
#2070 = CARTESIAN_POINT ( 'NONE',  ( -0.6600000000000000311, 8.418510986358040635E-16, -0.3551250000564750153 ) ) ;
#2071 = FACE_OUTER_BOUND ( 'NONE', #2247, .T. ) ;
#2072 = ORIENTED_EDGE ( 'NONE', *, *, #151, .T. ) ;
#2073 = CARTESIAN_POINT ( 'NONE',  ( 0.2099999999999969946, 0.5950000000000000844, -0.3549999999999999822 ) ) ;
#2074 = APPROVAL ( #3659, 'UNSPECIFIED' ) ;
#2075 = FACE_OUTER_BOUND ( 'NONE', #839, .T. ) ;
#2076 = VECTOR ( 'NONE', #553, 1000.000000000000000 ) ;
#2077 = ADVANCED_FACE ( 'NONE', ( #1463 ), #1884, .T. ) ;
#2078 = CARTESIAN_POINT ( 'NONE',  ( 1.149999999999999911, -1.149999999999999911, -0.3551250000564875053 ) ) ;
#2079 = ORIENTED_EDGE ( 'NONE', *, *, #2549, .F. ) ;
#2080 = DIRECTION ( 'NONE',  ( 7.228014483236690442E-15, 0.000000000000000000, 1.000000000000000000 ) ) ;
#2081 = DIRECTION ( 'NONE',  ( 0.000000000000000000, 1.000000000000000000, 0.000000000000000000 ) ) ;
#2082 = LOCAL_TIME ( 11, 15, 59.00000000000000000, #3258 ) ;
#2083 = EDGE_CURVE ( 'NONE', #1473, #412, #40, .T. ) ;
#2084 = DATE_AND_TIME ( #3049, #3354 ) ;
#2085 = VERTEX_POINT ( 'NONE', #3153 ) ;
#2086 = DIRECTION ( 'NONE',  ( -1.000000000000000000, 0.000000000000000000, 6.982962677686270655E-15 ) ) ;
#2087 = FACE_OUTER_BOUND ( 'NONE', #751, .T. ) ;
#2088 = EDGE_CURVE ( 'NONE', #2958, #4016, #4029, .T. ) ;
#2089 =( NAMED_UNIT ( * ) SI_UNIT ( $, .STERADIAN. ) SOLID_ANGLE_UNIT ( ) );
#2090 = CC_DESIGN_SECURITY_CLASSIFICATION ( #617, ( #1360 ) ) ;
#2091 = AXIS2_PLACEMENT_3D ( 'NONE', #2498, #3358, #2055 ) ;
#2092 = ORIENTED_EDGE ( 'NONE', *, *, #1811, .T. ) ;
#2093 = AXIS2_PLACEMENT_3D ( 'NONE', #733, #1403, #1625 ) ;
#2094 = CARTESIAN_POINT ( 'NONE',  ( -2.913505490301934844E-15, 0.06000000000000000472, -0.3551250000564795117 ) ) ;
#2095 = AXIS2_PLACEMENT_3D ( 'NONE', #343, #121, #367 ) ;
#2096 = DIRECTION ( 'NONE',  ( 1.000000000000000000, 0.000000000000000000, -6.505213034913023449E-15 ) ) ;
#2097 = CARTESIAN_POINT ( 'NONE',  ( 0.5100000000000000089, -0.5950000000000000844, -0.3549999999999999822 ) ) ;
#2098 = ORIENTED_EDGE ( 'NONE', *, *, #1720, .T. ) ;
#2099 = CARTESIAN_POINT ( 'NONE',  ( 0.3350000000000000200, -0.6199999999999999956, -0.3549999999999999822 ) ) ;
#2100 = EDGE_CURVE ( 'NONE', #2820, #902, #3487, .T. ) ;
#2101 = CARTESIAN_POINT ( 'NONE',  ( 0.1749999999999969913, 1.219727444046191995E-16, -0.3551250000564810660 ) ) ;
#2102 = DIRECTION ( 'NONE',  ( 6.982962677686270655E-15, 0.000000000000000000, 1.000000000000000000 ) ) ;
#2103 = CLOSED_SHELL ( 'NONE', ( #888, #1520, #527, #2875, #3883, #1876, #1052, #3091, #595, #2719, #1664, #3031, #2928, #3616 ) ) ;
#2104 = CALENDAR_DATE ( 2026, 26, 8 ) ;
#2105 = ORIENTED_EDGE ( 'NONE', *, *, #1223, .T. ) ;
#2106 = CARTESIAN_POINT ( 'NONE',  ( 0.4681785439136939564, 0.03857142857142870779, -0.3551250000564830089 ) ) ;
#2107 = CIRCLE ( 'NONE', #847, 0.02499999999999995628 ) ;
#2108 = CARTESIAN_POINT ( 'NONE',  ( 0.3099999999999999978, -0.5699999999999999512, -0.3551250000564820097 ) ) ;
#2109 = VECTOR ( 'NONE', #1299, 1000.000000000000000 ) ;
#2110 = VECTOR ( 'NONE', #1836, 1000.000000000000000 ) ;
#2111 = ORIENTED_EDGE ( 'NONE', *, *, #2447, .F. ) ;
#2112 = EDGE_CURVE ( 'NONE', #1759, #977, #1955, .T. ) ;
#2113 = CARTESIAN_POINT ( 'NONE',  ( 0.4810555127546370380, -0.06000000000000000472, -0.3549999999999999822 ) ) ;
#2114 = VECTOR ( 'NONE', #50, 1000.000000000000000 ) ;
#2115 = CARTESIAN_POINT ( 'NONE',  ( 0.5100000000000000089, 0.5950000000000000844, -0.3551250000564835640 ) ) ;
#2116 = VECTOR ( 'NONE', #3778, 1000.000000000000000 ) ;
#2117 = CARTESIAN_POINT ( 'NONE',  ( -0.6350000000000000089, 0.6199999999999999956, -0.3551250000564750153 ) ) ;
#2118 = EDGE_LOOP ( 'NONE', ( #1413, #2199, #3887, #1704 ) ) ;
#2119 = CARTESIAN_POINT ( 'NONE',  ( 0.08999999999999680478, -0.5950000000000000844, -0.3551250000564805109 ) ) ;
#2120 = DIRECTION ( 'NONE',  ( -6.505213034913021082E-15, 0.000000000000000000, -1.000000000000000000 ) ) ;
#2121 = DIRECTION ( 'NONE',  ( -1.000000000000000000, 0.000000000000000000, 6.505213034913027393E-15 ) ) ;
#2122 = EDGE_CURVE ( 'NONE', #2140, #2598, #1387, .T. ) ;
#2123 = ORIENTED_EDGE ( 'NONE', *, *, #1118, .T. ) ;
#2124 = DIRECTION ( 'NONE',  ( -0.000000000000000000, -0.000000000000000000, -1.000000000000000000 ) ) ;
#2125 = EDGE_CURVE ( 'NONE', #1083, #272, #247, .T. ) ;
#2126 = CARTESIAN_POINT ( 'NONE',  ( -0.7423668819740020242, -3.935206599586729137, -5.327597916784519327 ) ) ;
#2127 = DATE_AND_TIME ( #234, #3411 ) ;
#2128 = EDGE_LOOP ( 'NONE', ( #1741, #445, #3806, #3961 ) ) ;
#2129 = ORIENTED_EDGE ( 'NONE', *, *, #3841, .F. ) ;
#2130 = CARTESIAN_POINT ( 'NONE',  ( 0.1149999999999969935, 0.3200000000000000067, -0.3551250000564805109 ) ) ;
#2131 = EDGE_CURVE ( 'NONE', #3848, #2643, #2777, .T. ) ;
#2132 = LINE ( 'NONE', #3772, #3420 ) ;
#2133 = VERTEX_POINT ( 'NONE', #937 ) ;
#2134 = ORIENTED_EDGE ( 'NONE', *, *, #1149, .T. ) ;
#2135 = FACE_OUTER_BOUND ( 'NONE', #852, .T. ) ;
#2136 = AXIS2_PLACEMENT_3D ( 'NONE', #2443, #3993, #3618 ) ;
#2137 = DIRECTION ( 'NONE',  ( -1.000000000000000000, 0.000000000000000000, 6.982962677686270655E-15 ) ) ;
#2138 = DIRECTION ( 'NONE',  ( 0.000000000000000000, -1.000000000000000000, 0.000000000000000000 ) ) ;
#2139 = APPROVAL_ROLE ( '' ) ;
#2140 = VERTEX_POINT ( 'NONE', #1247 ) ;
#2141 = CARTESIAN_POINT ( 'NONE',  ( 0.6600000000000000311, -0.4949999999999999956, -0.3549999999999999822 ) ) ;
#2142 = DIRECTION ( 'NONE',  ( -6.505213034913021082E-15, 0.000000000000000000, -1.000000000000000000 ) ) ;
#2143 = CC_DESIGN_DATE_AND_TIME_ASSIGNMENT ( #1661, #340, ( #3491 ) ) ;
#2144 = EDGE_CURVE ( 'NONE', #2133, #3418, #2807, .T. ) ;
#2145 = PERSON_AND_ORGANIZATION_ROLE ( 'creator' ) ;
#2146 = EDGE_LOOP ( 'NONE', ( #3880, #3792, #4078, #1466 ) ) ;
#2147 = VERTEX_POINT ( 'NONE', #350 ) ;
#2148 = DIRECTION ( 'NONE',  ( 6.505213034913021082E-15, 0.000000000000000000, 1.000000000000000000 ) ) ;
#2149 = CARTESIAN_POINT ( 'NONE',  ( 0.2750000000000000222, -0.2849999999999999756, -0.3549999999999999822 ) ) ;
#2150 =( REPRESENTATION_RELATIONSHIP ('NONE','NONE', #1584, #1157 ) REPRESENTATION_RELATIONSHIP_WITH_TRANSFORMATION ( #117 )SHAPE_REPRESENTATION_RELATIONSHIP( ) );
#2151 = APPROVAL_PERSON_ORGANIZATION ( #4015, #1040, #901 ) ;
#2152 = VECTOR ( 'NONE', #2567, 1000.000000000000000 ) ;
#2153 = LINE ( 'NONE', #1552, #4081 ) ;
#2154 = VECTOR ( 'NONE', #1978, 1000.000000000000000 ) ;
#2155 = CARTESIAN_POINT ( 'NONE',  ( 0.08999999999999680478, -0.3449999999999999734, -0.3551250000564805109 ) ) ;
#2156 = ORIENTED_EDGE ( 'NONE', *, *, #2576, .F. ) ;
#2157 = CARTESIAN_POINT ( 'NONE',  ( 0.2750000000000000222, 0.2849999999999999756, -0.3549999999999999822 ) ) ;
#2158 = AXIS2_PLACEMENT_3D ( 'NONE', #32, #995, #747 ) ;
#2159 = VECTOR ( 'NONE', #1268, 1000.000000000000000 ) ;
#2160 = CARTESIAN_POINT ( 'NONE',  ( 0.1149999999999969935, 0.2500000000000000000, -0.3551250000564805109 ) ) ;
#2161 = CARTESIAN_POINT ( 'NONE',  ( 0.4850000000000000422, 0.6199999999999999956, -0.3549999999999999822 ) ) ;
#2162 = DIRECTION ( 'NONE',  ( 1.000000000000000000, 0.000000000000000000, -6.505213034913023449E-15 ) ) ;
#2163 = EDGE_CURVE ( 'NONE', #3393, #2379, #3573, .T. ) ;
#2164 = COORDINATED_UNIVERSAL_TIME_OFFSET ( 1, 0, .AHEAD. ) ;
#2165 = ORIENTED_EDGE ( 'NONE', *, *, #3177, .T. ) ;
#2166 = DIRECTION ( 'NONE',  ( -1.000000000000000000, 0.000000000000000000, 6.505213034913027393E-15 ) ) ;
#2167 = CARTESIAN_POINT ( 'NONE',  ( 0.1749999999999969913, 0.05000000000000000278, -0.3549999999999999822 ) ) ;
#2168 = ORIENTED_EDGE ( 'NONE', *, *, #2044, .T. ) ;
#2169 = ORIENTED_EDGE ( 'NONE', *, *, #2300, .T. ) ;
#2170 = VECTOR ( 'NONE', #885, 1000.000000000000000 ) ;
#2171 = ORIENTED_EDGE ( 'NONE', *, *, #876, .F. ) ;
#2172 = AXIS2_PLACEMENT_3D ( 'NONE', #17, #3751, #912 ) ;
#2173 = DIRECTION ( 'NONE',  ( 1.000000000000000000, 0.000000000000000000, -6.505213034913037648E-15 ) ) ;
#2174 = LINE ( 'NONE', #33, #641 ) ;
#2175 = EDGE_CURVE ( 'NONE', #929, #3009, #3695, .T. ) ;
#2176 = CIRCLE ( 'NONE', #391, 0.02500000000000001180 ) ;
#2177 = VECTOR ( 'NONE', #2238, 1000.000000000000000 ) ;
#2178 = FACE_OUTER_BOUND ( 'NONE', #3895, .T. ) ;
#2179 = ORIENTED_EDGE ( 'NONE', *, *, #468, .F. ) ;
#2181 = CARTESIAN_POINT ( 'NONE',  ( 0.1749999999999974909, 0.05000000000000000278, -0.3549999999999999822 ) ) ;
#2180 = CIRCLE ( 'NONE', #3916, 0.02499999999999999792 ) ;
#2182 = ORIENTED_EDGE ( 'NONE', *, *, #1825, .F. ) ;
#2183 = LINE ( 'NONE', #3776, #3317 ) ;
#2184 = AXIS2_PLACEMENT_3D ( 'NONE', #2860, #2385, #2486 ) ;
#2185 = CARTESIAN_POINT ( 'NONE',  ( 0.5100000000000000089, 0.5699999999999999512, -0.3551250000564835640 ) ) ;
#2186 = CARTESIAN_POINT ( 'NONE',  ( -2.913505490301934844E-15, 0.4000000000000000222, -0.3551250000564795117 ) ) ;
#2187 = CYLINDRICAL_SURFACE ( 'NONE', #3481, 0.02500000000000001180 ) ;
#2188 = EDGE_CURVE ( 'NONE', #2842, #2283, #2183, .T. ) ;
#2189 = DIRECTION ( 'NONE',  ( -0.6819983588408874420, 0.7313537027583412176, 0.000000000000000000 ) ) ;
#2190 = DIRECTION ( 'NONE',  ( -1.000000000000000000, 0.000000000000000000, 6.505213034913027393E-15 ) ) ;
#2191 = VERTEX_POINT ( 'NONE', #3508 ) ;
#2192 = DATE_AND_TIME ( #2798, #1763 ) ;
#2193 = ORIENTED_EDGE ( 'NONE', *, *, #3535, .F. ) ;
#2194 = ORIENTED_EDGE ( 'NONE', *, *, #2328, .T. ) ;
#2195 = CARTESIAN_POINT ( 'NONE',  ( 0.5681785439136940452, 0.2464285714285714968, -0.3551250000564835640 ) ) ;
#2196 = CARTESIAN_POINT ( 'NONE',  ( 0.5450000000000000400, -0.2849999999999999756, -0.3549999999999999822 ) ) ;
#2197 = LINE ( 'NONE', #1817, #3228 ) ;
#2198 = FACE_OUTER_BOUND ( 'NONE', #3070, .T. ) ;
#2199 = ORIENTED_EDGE ( 'NONE', *, *, #1701, .F. ) ;
#2200 = CARTESIAN_POINT ( 'NONE',  ( 0.4810555127546370380, 0.06000000000000000472, -0.3551250000564830089 ) ) ;
#2201 = PRODUCT_RELATED_PRODUCT_CATEGORY ( 'detail', '', ( #71 ) ) ;
#2202 = CARTESIAN_POINT ( 'NONE',  ( 0.1149999999999969935, -0.2500000000000000000, -0.3551250000564805109 ) ) ;
#2203 = EDGE_CURVE ( 'NONE', #2762, #691, #715, .T. ) ;
#2204 = LINE ( 'NONE', #1866, #138 ) ;
#2205 = ORIENTED_EDGE ( 'NONE', *, *, #1737, .F. ) ;
#2206 = CARTESIAN_POINT ( 'NONE',  ( 0.3551250000566972265, 3.001549528634499975, 5.912494801853048543 ) ) ;
#2207 = DIRECTION ( 'NONE',  ( 6.982962677686270655E-15, 0.000000000000000000, 1.000000000000000000 ) ) ;
#2208 = DIRECTION ( 'NONE',  ( -1.000000000000000000, 0.000000000000000000, 6.505213034913037648E-15 ) ) ;
#2209 = CARTESIAN_POINT ( 'NONE',  ( 0.2518214560863000218, 0.3235714285714290095, -0.3551250000564815656 ) ) ;
#2210 = ADVANCED_FACE ( 'NONE', ( #1863 ), #2516, .T. ) ;
#2211 = ORIENTED_EDGE ( 'NONE', *, *, #2412, .F. ) ;
#2212 = COORDINATED_UNIVERSAL_TIME_OFFSET ( 1, 0, .AHEAD. ) ;
#2213 = VERTEX_POINT ( 'NONE', #4113 ) ;
#2214 = VERTEX_POINT ( 'NONE', #1578 ) ;
#2215 = DIRECTION ( 'NONE',  ( 1.000000000000000000, 0.000000000000000000, -6.982962677686270655E-15 ) ) ;
#2216 = APPROVAL_PERSON_ORGANIZATION ( #2012, #1594, #2068 ) ;
#2217 = DIRECTION ( 'NONE',  ( 6.982962677686270655E-15, 0.000000000000000000, 1.000000000000000000 ) ) ;
#2218 = EDGE_CURVE ( 'NONE', #1626, #376, #2107, .T. ) ;
#2219 = FACE_OUTER_BOUND ( 'NONE', #2932, .T. ) ;
#2220 = EDGE_LOOP ( 'NONE', ( #744, #718, #3152, #1748 ) ) ;
#2221 = EDGE_LOOP ( 'NONE', ( #2827, #2179, #2502, #679 ) ) ;
#2222 = DIRECTION ( 'NONE',  ( -1.000000000000000000, 0.000000000000000000, 7.228014483236693597E-15 ) ) ;
#2223 = DIRECTION ( 'NONE',  ( -1.000000000000000000, 0.000000000000000000, 6.982962677686270655E-15 ) ) ;
#2224 = SECURITY_CLASSIFICATION ( '', '', #2331 ) ;
#2225 = AXIS2_PLACEMENT_3D ( 'NONE', #1719, #2684, #3336 ) ;
#2226 = CARTESIAN_POINT ( 'NONE',  ( 0.3551250000566972265, -2.284841781425458240, 5.314054703192494955 ) ) ;
#2227 = ORIENTED_EDGE ( 'NONE', *, *, #27, .T. ) ;
#2228 = DIRECTION ( 'NONE',  ( 6.505213034913021082E-15, 0.000000000000000000, 1.000000000000000000 ) ) ;
#2229 = VECTOR ( 'NONE', #3822, 1000.000000000000000 ) ;
#2230 = EDGE_CURVE ( 'NONE', #3206, #1059, #3166, .T. ) ;
#2231 = DIRECTION ( 'NONE',  ( 1.000000000000000000, 0.000000000000000000, -6.505213034913023449E-15 ) ) ;
#2232 = DIRECTION ( 'NONE',  ( 1.004923976340843883E-15, -1.000000000000000000, -7.017346620700199258E-30 ) ) ;
#2233 = ORIENTED_EDGE ( 'NONE', *, *, #1540, .F. ) ;
#2234 = COORDINATED_UNIVERSAL_TIME_OFFSET ( 1, 0, .AHEAD. ) ;
#2235 = ORIENTED_EDGE ( 'NONE', *, *, #2833, .F. ) ;
#2236 = ORIENTED_EDGE ( 'NONE', *, *, #3360, .F. ) ;
#2237 = DIRECTION ( 'NONE',  ( -1.000000000000000000, 0.000000000000000000, 6.982962677686270655E-15 ) ) ;
#2238 = DIRECTION ( 'NONE',  ( 0.000000000000000000, -1.000000000000000000, 0.000000000000000000 ) ) ;
#2239 = CARTESIAN_POINT ( 'NONE',  ( 0.6350000000000000089, -0.2500000000000000000, -0.3549999999999999822 ) ) ;
#2240 = EDGE_CURVE ( 'NONE', #3937, #3223, #2244, .T. ) ;
#2241 = ORIENTED_EDGE ( 'NONE', *, *, #2412, .T. ) ;
#2242 = FACE_OUTER_BOUND ( 'NONE', #2925, .T. ) ;
#2243 = EDGE_LOOP ( 'NONE', ( #3945, #39, #1947, #1377 ) ) ;
#2244 = LINE ( 'NONE', #2831, #1656 ) ;
#2245 = VECTOR ( 'NONE', #1187, 1000.000000000000000 ) ;
#2246 = LINE ( 'NONE', #3510, #2302 ) ;
#2247 = EDGE_LOOP ( 'NONE', ( #1727, #3832, #3366, #1282 ) ) ;
#2248 = AXIS2_PLACEMENT_3D ( 'NONE', #3683, #3327, #4014 ) ;
#2249 = CARTESIAN_POINT ( 'NONE',  ( 0.6350000000000000089, -0.5199999999999999067, -0.3550000000000045342 ) ) ;
#2250 = ORIENTED_EDGE ( 'NONE', *, *, #2723, .F. ) ;
#2251 = DIRECTION ( 'NONE',  ( 6.505213034913030548E-15, 0.000000000000000000, 1.000000000000000000 ) ) ;
#2252 = AXIS2_PLACEMENT_3D ( 'NONE', #3293, #2986, #3936 ) ;
#2253 = EDGE_CURVE ( 'NONE', #730, #3775, #3465, .T. ) ;
#2254 = LINE ( 'NONE', #3516, #2519 ) ;
#2255 = CARTESIAN_POINT ( 'NONE',  ( -1.149999999999999911, -1.149999999999999911, 0.004974999943528359524 ) ) ;
#2256 = ORIENTED_EDGE ( 'NONE', *, *, #3503, .F. ) ;
#2257 = DATE_AND_TIME ( #3187, #1104 ) ;
#2258 = ORIENTED_EDGE ( 'NONE', *, *, #2578, .F. ) ;
#2259 = EDGE_CURVE ( 'NONE', #2608, #1454, #1910, .T. ) ;
#2260 = VERTEX_POINT ( 'NONE', #1089 ) ;
#2261 = PERSON ( 'NAUO-PER3', 'UNSPECIFIED', 'UNSPECIFIED', ('UNSPECIFIED'), ('UNSPECIFIED'), ('UNSPECIFIED') ) ;
#2262 = LINE ( 'NONE', #57, #3357 ) ;
#2263 = DIRECTION ( 'NONE',  ( 0.000000000000000000, 1.000000000000000000, 0.000000000000000000 ) ) ;
#2264 = DIRECTION ( 'NONE',  ( 7.228014483236690442E-15, 0.000000000000000000, 1.000000000000000000 ) ) ;
#2265 = VERTEX_POINT ( 'NONE', #2340 ) ;
#2266 = CARTESIAN_POINT ( 'NONE',  ( 0.1149999999999967992, -0.2250000000000000056, -0.3551250000564805109 ) ) ;
#2267 = ORIENTED_EDGE ( 'NONE', *, *, #659, .F. ) ;
#2268 = DIRECTION ( 'NONE',  ( 6.982962677686270655E-15, 0.000000000000000000, 1.000000000000000000 ) ) ;
#2269 = EDGE_CURVE ( 'NONE', #3602, #2482, #83, .T. ) ;
#2270 = EDGE_CURVE ( 'NONE', #1538, #1198, #461, .T. ) ;
#2271 = DIRECTION ( 'NONE',  ( 1.000000000000000000, 0.000000000000000000, -6.505213034913037648E-15 ) ) ;
#2272 = ORIENTED_EDGE ( 'NONE', *, *, #2447, .T. ) ;
#2273 = CARTESIAN_POINT ( 'NONE',  ( -1.149999999999999911, -1.149999999999999911, -0.08502500005647170567 ) ) ;
#2274 = ORIENTED_EDGE ( 'NONE', *, *, #1864, .T. ) ;
#2275 = CARTESIAN_POINT ( 'NONE',  ( -20.25388486837874069, 8.929371410749581628, 6.583547341082289783 ) ) ;
#2276 = CARTESIAN_POINT ( 'NONE',  ( -0.09000000000000249467, 0.5950000000000000844, -0.3551250000564790676 ) ) ;
#2277 = CARTESIAN_POINT ( 'NONE',  ( 0.5810555127546370713, -0.3200000000000000067, -0.3549999999999999822 ) ) ;
#2278 = CARTESIAN_POINT ( 'NONE',  ( -6.994875025828872772, 10.47738999221430234, 6.839894546441814605 ) ) ;
#2279 = EDGE_CURVE ( 'NONE', #3214, #875, #1977, .T. ) ;
#2280 = VECTOR ( 'NONE', #536, 1000.000000000000000 ) ;
#2281 = PERSON_AND_ORGANIZATION_ROLE ( 'creator' ) ;
#2282 = ORIENTED_EDGE ( 'NONE', *, *, #1086, .F. ) ;
#2283 = VERTEX_POINT ( 'NONE', #755 ) ;
#2284 = CARTESIAN_POINT ( 'NONE',  ( 0.1749999999999969913, 0.05000000000000000278, -0.3551250000564810660 ) ) ;
#2285 = FACE_OUTER_BOUND ( 'NONE', #792, .T. ) ;
#2286 = EDGE_CURVE ( 'NONE', #781, #1473, #2630, .T. ) ;
#2287 = LINE ( 'NONE', #2336, #1636 ) ;
#2288 = ORIENTED_EDGE ( 'NONE', *, *, #276, .T. ) ;
#2289 = CARTESIAN_POINT ( 'NONE',  ( 0.5599999999999999423, 0.5199999999999999067, -0.3551250000564835640 ) ) ;
#2290 = VERTEX_POINT ( 'NONE', #129 ) ;
#2291 = DIRECTION ( 'NONE',  ( -6.982962677686270655E-15, 0.000000000000000000, -1.000000000000000000 ) ) ;
#2292 = LINE ( 'NONE', #3934, #3084 ) ;
#2293 = VERTEX_POINT ( 'NONE', #2359 ) ;
#2294 = ADVANCED_FACE ( 'NONE', ( #402 ), #793, .T. ) ;
#2295 = CARTESIAN_POINT ( 'NONE',  ( -0.9075306697980521919, -0.1237304348149260991, 5.865986263594099803 ) ) ;
#2296 = ORIENTED_EDGE ( 'NONE', *, *, #1028, .T. ) ;
#2297 = CARTESIAN_POINT ( 'NONE',  ( -1.770903618263380386, 5.780516964818191994, -6.227084745945846045 ) ) ;
#2298 = SECURITY_CLASSIFICATION ( '', '', #176 ) ;
#2299 = VECTOR ( 'NONE', #455, 1000.000000000000000 ) ;
#2300 = EDGE_CURVE ( 'NONE', #3099, #287, #3578, .T. ) ;
#2301 = DIRECTION ( 'NONE',  ( 6.982962677686270655E-15, 0.000000000000000000, 1.000000000000000000 ) ) ;
#2302 = VECTOR ( 'NONE', #4045, 1000.000000000000000 ) ;
#2303 = CARTESIAN_POINT ( 'NONE',  ( 0.6350000000000000089, -0.03499999999999999639, -0.3549999999999999822 ) ) ;
#2304 = VECTOR ( 'NONE', #2309, 1000.000000000000227 ) ;
#2305 = CIRCLE ( 'NONE', #2373, 0.02499999999999995628 ) ;
#2306 = DATE_AND_TIME ( #2620, #693 ) ;
#2307 = ORIENTED_EDGE ( 'NONE', *, *, #2144, .F. ) ;
#2308 = ORIENTED_EDGE ( 'NONE', *, *, #809, .F. ) ;
#2309 = DIRECTION ( 'NONE',  ( 0.9993830276160453607, -0.03489922434133396756, -0.003950728206264357729 ) ) ;
#2310 = CARTESIAN_POINT ( 'NONE',  ( 0.3099999999999999978, 0.5950000000000000844, -0.3549999999999999822 ) ) ;
#2311 = DIRECTION ( 'NONE',  ( 6.982962677686270655E-15, 0.000000000000000000, 1.000000000000000000 ) ) ;
#2312 = ORIENTED_EDGE ( 'NONE', *, *, #3466, .T. ) ;
#2313 = ADVANCED_FACE ( 'NONE', ( #2316 ), #1044, .T. ) ;
#2314 = DIRECTION ( 'NONE',  ( 0.000000000000000000, 0.000000000000000000, -1.000000000000000000 ) ) ;
#2315 = VERTEX_POINT ( 'NONE', #438 ) ;
#2316 = FACE_OUTER_BOUND ( 'NONE', #670, .T. ) ;
#2317 = CARTESIAN_POINT ( 'NONE',  ( 0.6350000000000000089, -0.4949999999999999956, -0.3551250000564840081 ) ) ;
#2318 = VECTOR ( 'NONE', #2102, 1000.000000000000000 ) ;
#2319 = CARTESIAN_POINT ( 'NONE',  ( 0.3200000000000000067, 0.2849999999999999756, -0.3551250000564818432 ) ) ;
#2320 = AXIS2_PLACEMENT_3D ( 'NONE', #515, #2401, #531 ) ;
#2321 = VERTEX_POINT ( 'NONE', #3269 ) ;
#2322 = PLANE ( 'NONE',  #441 ) ;
#2323 = AXIS2_PLACEMENT_3D ( 'NONE', #2935, #1949, #433 ) ;
#2324 = AXIS2_PLACEMENT_3D ( 'NONE', #2113, #3998, #2470 ) ;
#2325 = LINE ( 'NONE', #2009, #3572 ) ;
#2326 = CIRCLE ( 'NONE', #3173, 0.02500000000000001180 ) ;
#2327 = FACE_OUTER_BOUND ( 'NONE', #3335, .T. ) ;
#2328 = EDGE_CURVE ( 'NONE', #1398, #1601, #1736, .T. ) ;
#2329 = DIRECTION ( 'NONE',  ( 6.982962677686270655E-15, 0.000000000000000000, 1.000000000000000000 ) ) ;
#2330 = VECTOR ( 'NONE', #982, 1000.000000000000000 ) ;
#2331 = SECURITY_CLASSIFICATION_LEVEL ( 'unclassified' ) ;
#2332 = EDGE_LOOP ( 'NONE', ( #1137, #2356, #598, #2415 ) ) ;
#2333 = VERTEX_POINT ( 'NONE', #2609 ) ;
#2334 = CARTESIAN_POINT ( 'NONE',  ( -1.394874999943561011, -2.223730434814910062, 5.320972745794695591 ) ) ;
#2335 = CARTESIAN_POINT ( 'NONE',  ( -1.040877614602533141, 0.2321698866725886712, 5.598990233432112440 ) ) ;
#2336 = CARTESIAN_POINT ( 'NONE',  ( 0.6350000000000000089, 0.5199999999999999067, -0.3550000000000045342 ) ) ;
#2337 = ORIENTED_EDGE ( 'NONE', *, *, #27, .F. ) ;
#2338 = DIRECTION ( 'NONE',  ( -1.000000000000000000, 0.000000000000000000, 6.505213034913027393E-15 ) ) ;
#2339 = VERTEX_POINT ( 'NONE', #1417 ) ;
#2340 = CARTESIAN_POINT ( 'NONE',  ( -23.03592114560350268, 11.87161228793415191, 6.916620475012943636 ) ) ;
#2341 = CARTESIAN_POINT ( 'NONE',  ( 0.6350000000000000089, -0.2250000000000000056, -0.3551250000564840081 ) ) ;
#2342 = CARTESIAN_POINT ( 'NONE',  ( 0.08999999999999680478, 0.07499999999999999722, -0.3549999999999999822 ) ) ;
#2343 = ORIENTED_EDGE ( 'NONE', *, *, #3718, .F. ) ;
#2344 = CC_DESIGN_PERSON_AND_ORGANIZATION_ASSIGNMENT ( #2052, #3926, ( #2298 ) ) ;
#2345 = CARTESIAN_POINT ( 'NONE',  ( 0.2389444872453579949, -0.2500000000000000000, -0.3549999999999999822 ) ) ;
#2346 = EDGE_CURVE ( 'NONE', #2400, #2842, #2051, .T. ) ;
#2347 = CARTESIAN_POINT ( 'NONE',  ( 0.5810555127546370713, -0.3200000000000000067, -0.3551250000564840081 ) ) ;
#2348 = CARTESIAN_POINT ( 'NONE',  ( 0.6350000000000000089, 0.4949999999999999956, -0.3550000000000045342 ) ) ;
#2349 = CONTEXT_DEPENDENT_SHAPE_REPRESENTATION ( #1219, #4007 ) ;
#2350 = VERTEX_POINT ( 'NONE', #3004 ) ;
#2351 = ORIENTED_EDGE ( 'NONE', *, *, #1691, .F. ) ;
#2352 = ADVANCED_FACE ( 'NONE', ( #104 ), #1402, .F. ) ;
#2353 = CARTESIAN_POINT ( 'NONE',  ( -1.149999999999999911, 1.149999999999999911, -0.08502500005647170567 ) ) ;
#2354 = DIRECTION ( 'NONE',  ( -1.000000000000000000, 0.000000000000000000, 6.505213034913027393E-15 ) ) ;
#2355 = VECTOR ( 'NONE', #2776, 1000.000000000000114 ) ;
#2356 = ORIENTED_EDGE ( 'NONE', *, *, #2100, .F. ) ;
#2357 = EDGE_CURVE ( 'NONE', #3518, #2333, #148, .T. ) ;
#2358 = PLANE ( 'NONE',  #4060 ) ;
#2359 = CARTESIAN_POINT ( 'NONE',  ( 0.1149999999999969935, 0.3200000000000000067, -0.3549999999999999822 ) ) ;
#2360 = DIRECTION ( 'NONE',  ( -1.000000000000000000, 0.000000000000000000, 6.505213034913027393E-15 ) ) ;
#2361 = CARTESIAN_POINT ( 'NONE',  ( 0.1149999999999969935, 0.3200000000000000067, -0.3551250000564805109 ) ) ;
#2362 = VERTEX_POINT ( 'NONE', #1072 ) ;
#2363 = LINE ( 'NONE', #2345, #106 ) ;
#2364 = ADVANCED_FACE ( 'NONE', ( #2678 ), #3951, .T. ) ;
#2365 = FACE_OUTER_BOUND ( 'NONE', #2909, .T. ) ;
#2366 = COORDINATED_UNIVERSAL_TIME_OFFSET ( 1, 0, .AHEAD. ) ;
#2367 = ORIENTED_EDGE ( 'NONE', *, *, #2753, .T. ) ;
#2368 = VECTOR ( 'NONE', #511, 1000.000000000000000 ) ;
#2369 = CIRCLE ( 'NONE', #776, 0.02499999999999999792 ) ;
#2370 = CARTESIAN_POINT ( 'NONE',  ( 0.5100000000000000089, 0.5950000000000000844, -0.3551250000564835640 ) ) ;
#2371 = CARTESIAN_POINT ( 'NONE',  ( -0.1150000000000013928, 0.2799999999999999711, -0.3551250000564785125 ) ) ;
#2372 =( REPRESENTATION_RELATIONSHIP ('NONE','NONE', #1584, #1157 ) REPRESENTATION_RELATIONSHIP_WITH_TRANSFORMATION ( #1098 )SHAPE_REPRESENTATION_RELATIONSHIP( ) );
#2373 = AXIS2_PLACEMENT_3D ( 'NONE', #726, #415, #1997 ) ;
#2374 = VERTEX_POINT ( 'NONE', #3637 ) ;
#2375 = DIRECTION ( 'NONE',  ( 7.228014483236690442E-15, 0.000000000000000000, 1.000000000000000000 ) ) ;
#2376 = ADVANCED_FACE ( 'NONE', ( #3865 ), #1022, .T. ) ;
#2377 = CARTESIAN_POINT ( 'NONE',  ( 0.6350000000000000089, -0.4949999999999999956, -0.3550000000000045342 ) ) ;
#2378 = VERTEX_POINT ( 'NONE', #3400 ) ;
#2379 = VERTEX_POINT ( 'NONE', #2430 ) ;
#2380 = ORIENTED_EDGE ( 'NONE', *, *, #2723, .T. ) ;
#2381 = CARTESIAN_POINT ( 'NONE',  ( 0.3350000000000000200, -0.6199999999999999956, -0.3551250000564820097 ) ) ;
#2382 = VECTOR ( 'NONE', #2399, 1000.000000000000000 ) ;
#2383 = DIRECTION ( 'NONE',  ( 6.505213034913021082E-15, 0.000000000000000000, 1.000000000000000000 ) ) ;
#2384 = AXIS2_PLACEMENT_3D ( 'NONE', #3198, #3796, #1002 ) ;
#2385 = DIRECTION ( 'NONE',  ( -6.982962677686270655E-15, 0.000000000000000000, -1.000000000000000000 ) ) ;
#2386 = DATE_AND_TIME ( #2704, #770 ) ;
#2387 = EDGE_LOOP ( 'NONE', ( #1113, #390, #512, #2988 ) ) ;
#2388 = CIRCLE ( 'NONE', #2990, 0.02499999999999999792 ) ;
#2389 = DIRECTION ( 'NONE',  ( 6.982962677686270655E-15, 0.000000000000000000, 1.000000000000000000 ) ) ;
#2390 = CARTESIAN_POINT ( 'NONE',  ( 0.6350000000000000089, 0.03499999999999999639, -0.3550000000000045342 ) ) ;
#2391 = CC_DESIGN_PERSON_AND_ORGANIZATION_ASSIGNMENT ( #1507, #2481, ( #702 ) ) ;
#2392 = CIRCLE ( 'NONE', #1660, 0.02499999999999995628 ) ;
#2393 = ADVANCED_FACE ( 'NONE', ( #164 ), #183, .T. ) ;
#2394 = DIRECTION ( 'NONE',  ( 0.000000000000000000, 5.048709793414475555E-29, 0.9999999999999998890 ) ) ;
#2395 = EDGE_LOOP ( 'NONE', ( #700, #2963, #1296, #1226 ) ) ;
#2396 = LINE ( 'NONE', #218, #3698 ) ;
#2397 = PRODUCT_DEFINITION_SHAPE ( 'NONE', 'NONE',  #4116 ) ;
#2398 = LINE ( 'NONE', #166, #443 ) ;
#2399 = DIRECTION ( 'NONE',  ( 0.000000000000000000, -1.000000000000000000, 0.000000000000000000 ) ) ;
#2400 = VERTEX_POINT ( 'NONE', #1815 ) ;
#2401 = DIRECTION ( 'NONE',  ( -6.505213034913021082E-15, 0.000000000000000000, -1.000000000000000000 ) ) ;
#2402 = ADVANCED_FACE ( 'NONE', ( #238 ), #3965, .T. ) ;
#2403 = EDGE_CURVE ( 'NONE', #2350, #655, #3665, .T. ) ;
#2404 = CARTESIAN_POINT ( 'NONE',  ( -2.846604824987382987, -5.059081103884319752, 7.000000000000000000 ) ) ;
#2405 = ORIENTED_EDGE ( 'NONE', *, *, #1361, .T. ) ;
#2406 = LINE ( 'NONE', #1208, #2825 ) ;
#2407 = EDGE_CURVE ( 'NONE', #1626, #2922, #1785, .T. ) ;
#2408 = CARTESIAN_POINT ( 'NONE',  ( 0.3551249999651975298, -2.723253226996780185, -5.327597916784519327 ) ) ;
#2409 =( NAMED_UNIT ( * ) PLANE_ANGLE_UNIT ( ) SI_UNIT ( $, .RADIAN. ) );
#2410 = VERTEX_POINT ( 'NONE', #1512 ) ;
#2411 = LINE ( 'NONE', #2130, #2847 ) ;
#2412 = EDGE_CURVE ( 'NONE', #1834, #2062, #2449, .T. ) ;
#2413 = CARTESIAN_POINT ( 'NONE',  ( -23.03592114560350268, 11.54013782009829825, 7.000000000000000000 ) ) ;
#2414 = ORIENTED_EDGE ( 'NONE', *, *, #3897, .F. ) ;
#2415 = ORIENTED_EDGE ( 'NONE', *, *, #1996, .T. ) ;
#2416 = DIRECTION ( 'NONE',  ( 1.000000000000000000, 0.000000000000000000, 0.000000000000000000 ) ) ;
#2417 = CARTESIAN_POINT ( 'NONE',  ( 0.2750000000000000222, -0.2849999999999999756, -0.3551250000564815656 ) ) ;
#2418 = LINE ( 'NONE', #815, #1395 ) ;
#2419 = APPLICATION_CONTEXT ( 'configuration controlled 3d designs of mechanical parts and assemblies' ) ;
#2420 = LOCAL_TIME ( 11, 15, 59.00000000000000000, #3520 ) ;
#2421 = EDGE_CURVE ( 'NONE', #803, #1021, #827, .T. ) ;
#2422 = CALENDAR_DATE ( 2026, 26, 8 ) ;
#2423 = ORIENTED_EDGE ( 'NONE', *, *, #4056, .F. ) ;
#2424 = CARTESIAN_POINT ( 'NONE',  ( 0.3551249999651975298, -2.723253226996780185, 7.000000000000000000 ) ) ;
#2425 = DIRECTION ( 'NONE',  ( -1.000000000000000000, 0.000000000000000000, 6.505213034913037648E-15 ) ) ;
#2426 = AXIS2_PLACEMENT_3D ( 'NONE', #928, #4101, #2780 ) ;
#2427 = AXIS2_PLACEMENT_3D ( 'NONE', #1114, #738, #3605 ) ;
#2428 = ORIENTED_EDGE ( 'NONE', *, *, #859, .T. ) ;
#2429 = AXIS2_PLACEMENT_3D ( 'NONE', #378, #3555, #3601 ) ;
#2430 = CARTESIAN_POINT ( 'NONE',  ( 0.2518214560863000218, -0.2464285714285714968, -0.3549999999999999822 ) ) ;
#2431 = VECTOR ( 'NONE', #75, 1000.000000000000000 ) ;
#2432 = DIRECTION ( 'NONE',  ( 0.9986120086232370685, 0.05233503773731754127, 0.005924530234325171146 ) ) ;
#2433 = ADVANCED_FACE ( 'NONE', ( #1456 ), #2784, .T. ) ;
#2434 = LINE ( 'NONE', #187, #2654 ) ;
#2435 = ORIENTED_EDGE ( 'NONE', *, *, #2112, .T. ) ;
#2436 = CYLINDRICAL_SURFACE ( 'NONE', #2920, 0.02499999999999995628 ) ;
#2437 = ORIENTED_EDGE ( 'NONE', *, *, #3668, .T. ) ;
#2438 = DIRECTION ( 'NONE',  ( -1.000000000000000000, 0.000000000000000000, 7.228014483236693597E-15 ) ) ;
#2439 = EDGE_CURVE ( 'NONE', #993, #1269, #2411, .T. ) ;
#2440 = DIRECTION ( 'NONE',  ( 1.000000000000000000, 1.129377263005733868E-16, -6.982962677686270655E-15 ) ) ;
#2441 = AXIS2_PLACEMENT_3D ( 'NONE', #479, #1803, #2732 ) ;
#2442 = ORIENTED_EDGE ( 'NONE', *, *, #161, .T. ) ;
#2443 = CARTESIAN_POINT ( 'NONE',  ( 0.2389444872453570234, 0.2250000000000000056, -0.3551250000564815656 ) ) ;
#2444 = AXIS2_PLACEMENT_3D ( 'NONE', #853, #3987, #3063 ) ;
#2445 = CARTESIAN_POINT ( 'NONE',  ( -2.784235231274814732E-15, 0.6199999999999999956, -0.3551250000564795117 ) ) ;
#2446 = EDGE_CURVE ( 'NONE', #624, #2955, #1801, .T. ) ;
#2447 = EDGE_CURVE ( 'NONE', #2531, #3351, #1201, .T. ) ;
#2448 = VECTOR ( 'NONE', #487, 1000.000000000000000 ) ;
#2449 = CIRCLE ( 'NONE', #2324, 0.02500000000000001180 ) ;
#2450 = CALENDAR_DATE ( 2026, 26, 8 ) ;
#2451 = ORIENTED_EDGE ( 'NONE', *, *, #1894, .T. ) ;
#2452 = ORIENTED_EDGE ( 'NONE', *, *, #2407, .T. ) ;
#2453 = CARTESIAN_POINT ( 'NONE',  ( 1.149999999999999911, -1.149999999999999911, -0.08502500005648770676 ) ) ;
#2454 = VECTOR ( 'NONE', #517, 1000.000000000000000 ) ;
#2455 = DIRECTION ( 'NONE',  ( 1.000000000000000000, 0.000000000000000000, -6.505213034913037648E-15 ) ) ;
#2456 = CARTESIAN_POINT ( 'NONE',  ( 0.2099999999999969946, -0.5699999999999999512, -0.3551250000564810660 ) ) ;
#2457 = VERTEX_POINT ( 'NONE', #3363 ) ;
#2458 = CARTESIAN_POINT ( 'NONE',  ( 0.1149999999999969935, -0.3200000000000000067, -0.3551250000564805109 ) ) ;
#2459 = CARTESIAN_POINT ( 'NONE',  ( 0.6600000000000000311, 0.3449999999999999734, -0.3549999999999999822 ) ) ;
#2460 = CC_DESIGN_DATE_AND_TIME_ASSIGNMENT ( #2670, #3340, ( #221 ) ) ;
#2461 = ADVANCED_FACE ( 'NONE', ( #1766 ), #3058, .F. ) ;
#2462 = ORIENTED_EDGE ( 'NONE', *, *, #785, .F. ) ;
#2463 = LINE ( 'NONE', #574, #278 ) ;
#2464 = CARTESIAN_POINT ( 'NONE',  ( -2.846604824987382987, -5.059081103884319752, 5.000000000000000000 ) ) ;
#2465 = PERSON_AND_ORGANIZATION_ROLE ( 'design_supplier' ) ;
#2466 = ORIENTED_EDGE ( 'NONE', *, *, #1276, .T. ) ;
#2467 = EDGE_CURVE ( 'NONE', #3065, #2472, #1474, .T. ) ;
#2468 = ORIENTED_EDGE ( 'NONE', *, *, #3718, .T. ) ;
#2469 = CARTESIAN_POINT ( 'NONE',  ( 0.08999999999999680478, -0.07499999999999999722, -0.3549999999999999822 ) ) ;
#2470 = DIRECTION ( 'NONE',  ( -1.000000000000000000, 0.000000000000000000, 6.505213034913023449E-15 ) ) ;
#2471 = CARTESIAN_POINT ( 'NONE',  ( 1.149999999999999911, -1.149999999999999911, -0.08502500005648770676 ) ) ;
#2472 = VERTEX_POINT ( 'NONE', #3329 ) ;
#2473 = CARTESIAN_POINT ( 'NONE',  ( -0.09000000000000249467, 0.4249999999999999889, -0.3551250000564790676 ) ) ;
#2474 = AXIS2_PLACEMENT_3D ( 'NONE', #1020, #2957, #1645 ) ;
#2475 = CARTESIAN_POINT ( 'NONE',  ( 0.5100000000000000089, 0.5699999999999999512, -0.3551250000564835640 ) ) ;
#2476 = DIRECTION ( 'NONE',  ( 0.000000000000000000, 0.000000000000000000, 1.000000000000000000 ) ) ;
#2477 = ORIENTED_EDGE ( 'NONE', *, *, #2270, .F. ) ;
#2478 = EDGE_CURVE ( 'NONE', #3241, #1626, #2396, .T. ) ;
#2479 = DIRECTION ( 'NONE',  ( 6.982962677686270655E-15, 0.000000000000000000, 1.000000000000000000 ) ) ;
#2480 = DIRECTION ( 'NONE',  ( -1.000000000000000000, -4.401757866934369622E-17, 6.982962677686270655E-15 ) ) ;
#2481 = PERSON_AND_ORGANIZATION_ROLE ( 'design_owner' ) ;
#2482 = VERTEX_POINT ( 'NONE', #2764 ) ;
#2483 = EDGE_LOOP ( 'NONE', ( #2462, #1847, #2063, #7 ) ) ;
#2484 = DIRECTION ( 'NONE',  ( 6.982962677686270655E-15, 0.000000000000000000, 1.000000000000000000 ) ) ;
#2485 = DIRECTION ( 'NONE',  ( -1.000000000000000000, 0.000000000000000000, 7.228014483236693597E-15 ) ) ;
#2486 = DIRECTION ( 'NONE',  ( -1.000000000000000000, 0.000000000000000000, 6.982962677686270655E-15 ) ) ;
#2487 = CC_DESIGN_APPROVAL ( #475, ( #617 ) ) ;
#2488 = AXIS2_PLACEMENT_3D ( 'NONE', #2742, #2086, #3994 ) ;
#2489 = DIRECTION ( 'NONE',  ( 6.982962677686270655E-15, 0.000000000000000000, 1.000000000000000000 ) ) ;
#2490 = CIRCLE ( 'NONE', #2763, 0.02500000000000001180 ) ;
#2491 = ORIENTED_EDGE ( 'NONE', *, *, #589, .T. ) ;
#2492 = CARTESIAN_POINT ( 'NONE',  ( 0.2750000000000000222, -0.2849999999999999756, -0.3549999999999999822 ) ) ;
#2493 = CIRCLE ( 'NONE', #3154, 0.02499999999999995628 ) ;
#2494 = ADVANCED_FACE ( 'NONE', ( #4019 ), #1181, .T. ) ;
#2495 = AXIS2_PLACEMENT_3D ( 'NONE', #488, #3949, #180 ) ;
#2496 = CARTESIAN_POINT ( 'NONE',  ( 0.08999999999999680478, -0.07499999999999999722, -0.3551250000564805109 ) ) ;
#2497 = CARTESIAN_POINT ( 'NONE',  ( 0.6350000000000000089, -0.03499999999999999639, -0.3551250000564840081 ) ) ;
#2498 = CARTESIAN_POINT ( 'NONE',  ( 0.6350000000000000089, 0.3449999999999999734, -0.3550000000000045342 ) ) ;
#2499 = EDGE_LOOP ( 'NONE', ( #3656, #3498, #2098, #417 ) ) ;
#2500 = CARTESIAN_POINT ( 'NONE',  ( 0.3551250000109473781, -2.723253226996780629, 5.264424818957035512 ) ) ;
#2501 = CARTESIAN_POINT ( 'NONE',  ( -6.159235080415339958, -4.005835272886219656, 5.119231532825959441 ) ) ;
#2502 = ORIENTED_EDGE ( 'NONE', *, *, #2960, .T. ) ;
#2503 = COORDINATED_UNIVERSAL_TIME_OFFSET ( 1, 0, .AHEAD. ) ;
#2504 = VERTEX_POINT ( 'NONE', #3652 ) ;
#2505 = VERTEX_POINT ( 'NONE', #2073 ) ;
#2506 = CC_DESIGN_PERSON_AND_ORGANIZATION_ASSIGNMENT ( #4054, #3456, ( #617 ) ) ;
#2507 = CARTESIAN_POINT ( 'NONE',  ( -0.09000000000000249467, 0.08500000000000000611, -0.3551250000564790676 ) ) ;
#2508 = DIRECTION ( 'NONE',  ( -1.000000000000000000, 0.000000000000000000, 6.505213034913023449E-15 ) ) ;
#2509 = EDGE_CURVE ( 'NONE', #437, #1060, #1986, .T. ) ;
#2510 = AXIS2_PLACEMENT_3D ( 'NONE', #253, #2142, #616 ) ;
#2511 = AXIS2_PLACEMENT_3D ( 'NONE', #1672, #2291, #3551 ) ;
#2512 = CARTESIAN_POINT ( 'NONE',  ( 0.08999999999999680478, 0.07499999999999999722, -0.3551250000564805109 ) ) ;
#2514 = DIRECTION ( 'NONE',  ( -6.982962677686270655E-15, 0.000000000000000000, -1.000000000000000000 ) ) ;
#2513 = VECTOR ( 'NONE', #2752, 1000.000000000000000 ) ;
#2515 = ORIENTED_EDGE ( 'NONE', *, *, #181, .F. ) ;
#2516 = CYLINDRICAL_SURFACE ( 'NONE', #1724, 0.04500000000000001221 ) ;
#2517 = VECTOR ( 'NONE', #286, 1000.000000000000000 ) ;
#2518 = DIRECTION ( 'NONE',  ( 1.000000000000000000, 0.000000000000000000, -6.505213034913037648E-15 ) ) ;
#2519 = VECTOR ( 'NONE', #1722, 1000.000000000000000 ) ;
#2520 = EDGE_CURVE ( 'NONE', #1332, #3325, #325, .T. ) ;
#2521 = DIRECTION ( 'NONE',  ( 6.982962677686270655E-15, 0.000000000000000000, 1.000000000000000000 ) ) ;
#2522 = ORIENTED_EDGE ( 'NONE', *, *, #2882, .F. ) ;
#2523 = DIRECTION ( 'NONE',  ( -6.505213034913021082E-15, 0.000000000000000000, -1.000000000000000000 ) ) ;
#2524 = APPROVAL_STATUS ( 'not_yet_approved' ) ;
#2525 = ORIENTED_EDGE ( 'NONE', *, *, #3120, .T. ) ;
#2526 = EDGE_CURVE ( 'NONE', #1454, #3599, #3811, .T. ) ;
#2527 = LINE ( 'NONE', #688, #2618 ) ;
#2528 = DIRECTION ( 'NONE',  ( 1.000000000000000000, 0.000000000000000000, -6.982962677686270655E-15 ) ) ;
#2529 = ORIENTED_EDGE ( 'NONE', *, *, #2269, .F. ) ;
#2530 = APPROVAL_ROLE ( '' ) ;
#2531 = VERTEX_POINT ( 'NONE', #3479 ) ;
#2532 = VERTEX_POINT ( 'NONE', #560 ) ;
#2533 = LINE ( 'NONE', #559, #1564 ) ;
#2534 = CARTESIAN_POINT ( 'NONE',  ( 0.6600000000000000311, 0.2250000000000000056, -0.3551250000564845077 ) ) ;
#2535 = CARTESIAN_POINT ( 'NONE',  ( 0.4850000000000000422, -0.6199999999999999956, -0.3551250000564830089 ) ) ;
#2536 = ORIENTED_EDGE ( 'NONE', *, *, #3781, .T. ) ;
#2537 = EDGE_CURVE ( 'NONE', #2583, #2762, #392, .T. ) ;
#2538 = CARTESIAN_POINT ( 'NONE',  ( 0.5681785439136940452, 0.3235714285714285099, -0.3551250000564835640 ) ) ;
#2539 = ORIENTED_EDGE ( 'NONE', *, *, #2478, .F. ) ;
#2540 = DIRECTION ( 'NONE',  ( 1.000000000000000000, 0.000000000000000000, -7.228014483236693597E-15 ) ) ;
#2541 = CARTESIAN_POINT ( 'NONE',  ( 0.5450000000000000400, -0.2849999999999999756, -0.3551250000564835640 ) ) ;
#2542 = DIRECTION ( 'NONE',  ( -1.000000000000000000, 0.000000000000000000, 6.982962677686270655E-15 ) ) ;
#2543 = ORIENTED_EDGE ( 'NONE', *, *, #3339, .F. ) ;
#2544 = DIRECTION ( 'NONE',  ( -6.982962677686270655E-15, 0.000000000000000000, -1.000000000000000000 ) ) ;
#2545 = AXIS2_PLACEMENT_3D ( 'NONE', #2266, #840, #2741 ) ;
#2546 = EDGE_LOOP ( 'NONE', ( #927, #2256, #53, #1770 ) ) ;
#2547 = CARTESIAN_POINT ( 'NONE',  ( 0.1749999999999969913, 1.219727444046191995E-16, -0.3551250000564810660 ) ) ;
#2548 = CYLINDRICAL_SURFACE ( 'NONE', #1061, 0.04500000000000001221 ) ;
#2549 = EDGE_CURVE ( 'NONE', #464, #177, #1901, .T. ) ;
#2550 = ORIENTED_EDGE ( 'NONE', *, *, #3561, .F. ) ;
#2551 = DATE_AND_TIME ( #717, #2420 ) ;
#2552 = ORIENTED_EDGE ( 'NONE', *, *, #1276, .F. ) ;
#2553 = ORIENTED_EDGE ( 'NONE', *, *, #3422, .T. ) ;
#2554 = LINE ( 'NONE', #4080, #837 ) ;
#2555 = LOCAL_TIME ( 11, 15, 59.00000000000000000, #1446 ) ;
#2556 = DIRECTION ( 'NONE',  ( 7.228014483236690442E-15, 0.000000000000000000, 1.000000000000000000 ) ) ;
#2557 = DIRECTION ( 'NONE',  ( 6.505213034913021082E-15, 0.000000000000000000, 1.000000000000000000 ) ) ;
#2558 = EDGE_LOOP ( 'NONE', ( #1548, #8, #3464, #307 ) ) ;
#2559 = ORIENTED_EDGE ( 'NONE', *, *, #1471, .T. ) ;
#2560 = DIRECTION ( 'NONE',  ( 1.000000000000000000, 0.000000000000000000, -6.505213034913037648E-15 ) ) ;
#2561 = EDGE_CURVE ( 'NONE', #150, #3844, #916, .T. ) ;
#2562 = DIRECTION ( 'NONE',  ( 6.982962677686270655E-15, 0.000000000000000000, 1.000000000000000000 ) ) ;
#2563 = VECTOR ( 'NONE', #1603, 1000.000000000000000 ) ;
#2564 = VECTOR ( 'NONE', #3202, 1000.000000000000000 ) ;
#2565 = LINE ( 'NONE', #3468, #2927 ) ;
#2566 = VERTEX_POINT ( 'NONE', #1596 ) ;
#2567 = DIRECTION ( 'NONE',  ( 6.982962677686270655E-15, 0.000000000000000000, 1.000000000000000000 ) ) ;
#2568 = VECTOR ( 'NONE', #1904, 1000.000000000000000 ) ;
#2569 = EDGE_CURVE ( 'NONE', #347, #3142, #2822, .T. ) ;
#2570 = DIRECTION ( 'NONE',  ( -1.000000000000000000, 0.000000000000000000, 6.982962677686270655E-15 ) ) ;
#2571 = CARTESIAN_POINT ( 'NONE',  ( 0.3551250000566972265, 3.001549528634499975, -6.839894546441814605 ) ) ;
#2572 = VERTEX_POINT ( 'NONE', #2534 ) ;
#2573 = APPROVAL_ROLE ( '' ) ;
#2574 = VERTEX_POINT ( 'NONE', #950 ) ;
#2575 = ORIENTED_EDGE ( 'NONE', *, *, #3826, .F. ) ;
#2576 = EDGE_CURVE ( 'NONE', #2482, #3393, #1452, .T. ) ;
#2577 = LINE ( 'NONE', #3881, #1169 ) ;
#2578 = EDGE_CURVE ( 'NONE', #994, #2472, #3569, .T. ) ;
#2579 = DIRECTION ( 'NONE',  ( 0.000000000000000000, -1.000000000000000000, 0.000000000000000000 ) ) ;
#2580 = AXIS2_PLACEMENT_3D ( 'NONE', #248, #173, #3353 ) ;
#2581 = VECTOR ( 'NONE', #3818, 1000.000000000000000 ) ;
#2582 = CARTESIAN_POINT ( 'NONE',  ( -0.1150000000000000050, -0.6199999999999999956, -0.3551250000564785125 ) ) ;
#2583 = VERTEX_POINT ( 'NONE', #1285 ) ;
#2584 = CARTESIAN_POINT ( 'NONE',  ( 0.4850000000000000422, 0.6199999999999999956, -0.3549999999999999822 ) ) ;
#2585 = ORIENTED_EDGE ( 'NONE', *, *, #2801, .F. ) ;
#2586 = DIRECTION ( 'NONE',  ( -6.505213034913021082E-15, 0.000000000000000000, -1.000000000000000000 ) ) ;
#2587 = AXIS2_PLACEMENT_3D ( 'NONE', #3426, #3095, #3368 ) ;
#2588 = PLANE ( 'NONE',  #3484 ) ;
#2589 = ORIENTED_EDGE ( 'NONE', *, *, #561, .F. ) ;
#2590 = VECTOR ( 'NONE', #3083, 1000.000000000000000 ) ;
#2591 = CARTESIAN_POINT ( 'NONE',  ( 0.2389444872453579949, -0.3200000000000000067, -0.3549999999999999822 ) ) ;
#2592 = CARTESIAN_POINT ( 'NONE',  ( -23.03592114560350268, 11.54013782009825206, 6.879096273416728913 ) ) ;
#2593 = APPROVAL ( #3013, 'UNKNOWN' ) ;
#2594 = UNCERTAINTY_MEASURE_WITH_UNIT (LENGTH_MEASURE( 1.000000000000000082E-05 ), #3309, 'distance_accuracy_value', 'NONE');
#2595 = DIRECTION ( 'NONE',  ( -0.000000000000000000, -0.000000000000000000, -1.000000000000000000 ) ) ;
#2596 = EDGE_CURVE ( 'NONE', #3019, #993, #721, .T. ) ;
#2597 = CARTESIAN_POINT ( 'NONE',  ( -6.994875025828872772, 10.47738999221430234, -6.839894546441814605 ) ) ;
#2598 = VERTEX_POINT ( 'NONE', #3769 ) ;
#2599 = CALENDAR_DATE ( 2026, 26, 8 ) ;
#2600 = VERTEX_POINT ( 'NONE', #932 ) ;
#2601 = EDGE_LOOP ( 'NONE', ( #1711, #3712, #3318, #1896 ) ) ;
#2602 = DIRECTION ( 'NONE',  ( 6.505213034913030548E-15, 0.000000000000000000, 1.000000000000000000 ) ) ;
#2603 = CARTESIAN_POINT ( 'NONE',  ( 0.6350000000000000089, 0.3449999999999999734, -0.3551250000564840081 ) ) ;
#2604 = EDGE_CURVE ( 'NONE', #3009, #3931, #1781, .T. ) ;
#2605 = CARTESIAN_POINT ( 'NONE',  ( -18.94519211359817135, 7.540918895746568040, -6.426369105244412516 ) ) ;
#2606 = ORIENTED_EDGE ( 'NONE', *, *, #2446, .T. ) ;
#2607 = CARTESIAN_POINT ( 'NONE',  ( 0.08999999999999680478, -0.07499999999999999722, -0.3551250000564805109 ) ) ;
#2608 = VERTEX_POINT ( 'NONE', #601 ) ;
#2609 = CARTESIAN_POINT ( 'NONE',  ( 0.3099999999999999978, 0.5950000000000000844, -0.3551250000564820097 ) ) ;
#2610 = EDGE_CURVE ( 'NONE', #1365, #1538, #1879, .T. ) ;
#2611 = DIRECTION ( 'NONE',  ( -6.505213034913030548E-15, 0.000000000000000000, -1.000000000000000000 ) ) ;
#2612 = ORIENTED_EDGE ( 'NONE', *, *, #1344, .T. ) ;
#2613 = CARTESIAN_POINT ( 'NONE',  ( 0.1849999999999970002, 0.5950000000000000844, -0.3551250000564810660 ) ) ;
#2614 = ORIENTED_EDGE ( 'NONE', *, *, #407, .F. ) ;
#2615 = CARTESIAN_POINT ( 'NONE',  ( 0.1849999999999965006, -0.6199999999999999956, -0.3551250000564810660 ) ) ;
#2616 =( REPRESENTATION_RELATIONSHIP ('NONE','NONE', #1584, #1157 ) REPRESENTATION_RELATIONSHIP_WITH_TRANSFORMATION ( #572 )SHAPE_REPRESENTATION_RELATIONSHIP( ) );
#2617 = CARTESIAN_POINT ( 'NONE',  ( 0.6600000000000000311, 0.2250000000000000056, -0.3551250000564845077 ) ) ;
#2618 = VECTOR ( 'NONE', #3230, 1000.000000000000000 ) ;
#2619 = EDGE_CURVE ( 'NONE', #1992, #2608, #973, .T. ) ;
#2620 = CALENDAR_DATE ( 2026, 26, 8 ) ;
#2621 = ORIENTED_EDGE ( 'NONE', *, *, #1924, .T. ) ;
#2622 = ORIENTED_EDGE ( 'NONE', *, *, #1493, .F. ) ;
#2623 = DIRECTION ( 'NONE',  ( 1.000000000000000000, -1.885568995626964780E-16, -6.982962677686270655E-15 ) ) ;
#2624 = LINE ( 'NONE', #1415, #2846 ) ;
#2625 = DIRECTION ( 'NONE',  ( -1.000000000000000000, 0.000000000000000000, 6.505213034913023449E-15 ) ) ;
#2626 = EDGE_LOOP ( 'NONE', ( #2428, #2194, #1434, #2536 ) ) ;
#2627 = LOCAL_TIME ( 11, 15, 59.00000000000000000, #2818 ) ;
#2628 = CARTESIAN_POINT ( 'NONE',  ( 0.1149999999999967992, 0.07499999999999999722, -0.3551250000564805109 ) ) ;
#2629 = ORIENTED_EDGE ( 'NONE', *, *, #2057, .F. ) ;
#2630 = LINE ( 'NONE', #1714, #2987 ) ;
#2631 = CYLINDRICAL_SURFACE ( 'NONE', #34, 0.02499999999999995628 ) ;
#2632 = ORIENTED_EDGE ( 'NONE', *, *, #546, .F. ) ;
#2633 = CARTESIAN_POINT ( 'NONE',  ( 0.2389444872453570234, -0.2500000000000000000, -0.3551250000564815656 ) ) ;
#2634 = ORIENTED_EDGE ( 'NONE', *, *, #3676, .F. ) ;
#2635 = CARTESIAN_POINT ( 'NONE',  ( 0.08999999999999729050, 0.3449999999999999734, -0.3549999999999999822 ) ) ;
#2636 = EDGE_CURVE ( 'NONE', #2795, #3848, #3245, .T. ) ;
#2637 = VECTOR ( 'NONE', #1585, 1000.000000000000114 ) ;
#2638 = CARTESIAN_POINT ( 'NONE',  ( 0.1149999999999969935, -0.2500000000000000000, -0.3551250000564805109 ) ) ;
#2639 = CIRCLE ( 'NONE', #1038, 0.04999999999999999584 ) ;
#2640 = APPLICATION_CONTEXT ( 'configuration controlled 3d designs of mechanical parts and assemblies' ) ;
#2641 = FACE_OUTER_BOUND ( 'NONE', #664, .T. ) ;
#2642 = PERSON_AND_ORGANIZATION_ROLE ( 'design_supplier' ) ;
#2643 = VERTEX_POINT ( 'NONE', #344 ) ;
#2644 = VERTEX_POINT ( 'NONE', #301 ) ;
#2645 = FACE_OUTER_BOUND ( 'NONE', #4018, .T. ) ;
#2646 = CARTESIAN_POINT ( 'NONE',  ( -1.022718589753846441, 0.05426382960666979727, 5.578850574428830811 ) ) ;
#2647 = CARTESIAN_POINT ( 'NONE',  ( -2.846604824987382987, -5.059081103884319752, -5.000000000000000000 ) ) ;
#2648 = CC_DESIGN_PERSON_AND_ORGANIZATION_ASSIGNMENT ( #29, #2281, ( #4104 ) ) ;
#2649 = EDGE_LOOP ( 'NONE', ( #3377, #1490, #1687, #2227 ) ) ;
#2650 = DIRECTION ( 'NONE',  ( 6.982962677686270655E-15, 0.000000000000000000, 1.000000000000000000 ) ) ;
#2651 = ORIENTED_EDGE ( 'NONE', *, *, #1796, .F. ) ;
#2652 = DIRECTION ( 'NONE',  ( -6.505213034913040804E-15, 0.000000000000000000, -1.000000000000000000 ) ) ;
#2653 = EDGE_CURVE ( 'NONE', #1332, #3597, #2174, .T. ) ;
#2654 = VECTOR ( 'NONE', #2715, 1000.000000000000000 ) ;
#2655 = LINE ( 'NONE', #1936, #2154 ) ;
#2656 = VECTOR ( 'NONE', #3026, 1000.000000000000000 ) ;
#2657 = ORIENTED_EDGE ( 'NONE', *, *, #2218, .T. ) ;
#2658 = CARTESIAN_POINT ( 'NONE',  ( 0.3099999999999999978, 0.5950000000000000844, -0.3549999999999999822 ) ) ;
#2659 = AXIS2_PLACEMENT_3D ( 'NONE', #3529, #3845, #2896 ) ;
#2660 = ORIENTED_EDGE ( 'NONE', *, *, #2044, .F. ) ;
#2661 = CARTESIAN_POINT ( 'NONE',  ( -0.9131558117480770287, 4.784688755421850459, -6.114353111655735695 ) ) ;
#2662 = VECTOR ( 'NONE', #2579, 1000.000000000000000 ) ;
#2663 = VECTOR ( 'NONE', #1125, 1000.000000000000000 ) ;
#2664 = EDGE_CURVE ( 'NONE', #2378, #3458, #2845, .T. ) ;
#2665 = AXIS2_PLACEMENT_3D ( 'NONE', #2617, #3564, #3876 ) ;
#2666 = DIRECTION ( 'NONE',  ( 6.982962677686270655E-15, 0.000000000000000000, 1.000000000000000000 ) ) ;
#2667 = FACE_OUTER_BOUND ( 'NONE', #1334, .T. ) ;
#2668 = AXIS2_PLACEMENT_3D ( 'NONE', #1537, #3754, #332 ) ;
#2669 = EDGE_CURVE ( 'NONE', #1980, #2998, #186, .T. ) ;
#2670 = DATE_AND_TIME ( #1151, #2555 ) ;
#2671 = VERTEX_POINT ( 'NONE', #4061 ) ;
#2672 = ORIENTED_EDGE ( 'NONE', *, *, #1981, .T. ) ;
#2673 = CYLINDRICAL_SURFACE ( 'NONE', #2158, 0.02500000000000001180 ) ;
#2674 = DIRECTION ( 'NONE',  ( 1.000000000000000000, 0.000000000000000000, -6.982962677686270655E-15 ) ) ;
#2675 = EDGE_CURVE ( 'NONE', #2644, #1083, #1220, .T. ) ;
#2676 = ORIENTED_EDGE ( 'NONE', *, *, #3445, .F. ) ;
#2677 = DIRECTION ( 'NONE',  ( 0.000000000000000000, -1.000000000000000000, 0.000000000000000000 ) ) ;
#2678 = FACE_OUTER_BOUND ( 'NONE', #2733, .T. ) ;
#2679 = LINE ( 'NONE', #707, #2899 ) ;
#2680 = EDGE_LOOP ( 'NONE', ( #1683, #2236, #3978, #2452 ) ) ;
#2681 = ADVANCED_FACE ( 'NONE', ( #2285 ), #3524, .F. ) ;
#2682 = DIRECTION ( 'NONE',  ( -6.505213034913040804E-15, 0.000000000000000000, -1.000000000000000000 ) ) ;
#2683 = EDGE_LOOP ( 'NONE', ( #321, #896, #1070, #4057 ) ) ;
#2684 = DIRECTION ( 'NONE',  ( -6.505213034913040804E-15, 0.000000000000000000, -1.000000000000000000 ) ) ;
#2685 = CARTESIAN_POINT ( 'NONE',  ( 0.6600000000000000311, -0.2250000000000000056, -0.3551250000564845077 ) ) ;
#2686 = APPROVAL_ROLE ( '' ) ;
#2687 = EDGE_LOOP ( 'NONE', ( #2169, #2041, #2629, #3281 ) ) ;
#2688 = ORIENTED_EDGE ( 'NONE', *, *, #3383, .F. ) ;
#2689 = PLANE ( 'NONE',  #694 ) ;
#2690 = CARTESIAN_POINT ( 'NONE',  ( -1.234536082522798672, -1.529343570027420718, 5.399580045084379165 ) ) ;
#2691 = ADVANCED_FACE ( 'NONE', ( #76 ), #1708, .T. ) ;
#2692 = AXIS2_PLACEMENT_3D ( 'NONE', #348, #3267, #1311 ) ;
#2693 = ORIENTED_EDGE ( 'NONE', *, *, #2840, .T. ) ;
#2694 = DIRECTION ( 'NONE',  ( 1.000000000000000000, 0.000000000000000000, -6.505213034913037648E-15 ) ) ;
#2695 = DIRECTION ( 'NONE',  ( -1.000000000000000000, 0.000000000000000000, 6.505213034913023449E-15 ) ) ;
#2696 = ORIENTED_EDGE ( 'NONE', *, *, #746, .T. ) ;
#2697 = ORIENTED_EDGE ( 'NONE', *, *, #2701, .F. ) ;
#2698 = CARTESIAN_POINT ( 'NONE',  ( -2.383270697099137525, 6.413227040045058835, -6.298709992287569115 ) ) ;
#2699 = EDGE_CURVE ( 'NONE', #525, #205, #2624, .T. ) ;
#2700 = CC_DESIGN_PERSON_AND_ORGANIZATION_ASSIGNMENT ( #1868, #2794, ( #3212 ) ) ;
#2701 = EDGE_CURVE ( 'NONE', #705, #967, #2388, .T. ) ;
#2702 =( GEOMETRIC_REPRESENTATION_CONTEXT ( 3 ) GLOBAL_UNCERTAINTY_ASSIGNED_CONTEXT ( ( #3537 ) ) GLOBAL_UNIT_ASSIGNED_CONTEXT ( ( #3996, #1782, #1472 ) ) REPRESENTATION_CONTEXT ( 'NONE', 'WORKASPACE' ) );
#2703 = VECTOR ( 'NONE', #1050, 1000.000000000000000 ) ;
#2704 = CALENDAR_DATE ( 2026, 26, 8 ) ;
#2705 = ORIENTED_EDGE ( 'NONE', *, *, #2801, .T. ) ;
#2706 = AXIS2_PLACEMENT_3D ( 'NONE', #2541, #914, #1581 ) ;
#2707 = CARTESIAN_POINT ( 'NONE',  ( -0.09000000000000249467, 0.2550000000000000044, -0.3551250000564790676 ) ) ;
#2708 = DIRECTION ( 'NONE',  ( 0.000000000000000000, 0.9936533736897814606, 0.1124854344122625388 ) ) ;
#2709 = AXIS2_PLACEMENT_3D ( 'NONE', #2870, #2785, #1643 ) ;
#2710 = DIRECTION ( 'NONE',  ( -0.9999999999999998890, -8.480254731125876908E-29, 0.000000000000000000 ) ) ;
#2711 = ADVANCED_FACE ( 'NONE', ( #456 ), #1016, .T. ) ;
#2712 = ORIENTED_EDGE ( 'NONE', *, *, #4021, .T. ) ;
#2713 = DIRECTION ( 'NONE',  ( 1.000000000000000000, 0.000000000000000000, -6.505213034913037648E-15 ) ) ;
#2714 = DIRECTION ( 'NONE',  ( -1.000000000000000000, 0.000000000000000000, 6.505213034913037648E-15 ) ) ;
#2715 = DIRECTION ( 'NONE',  ( 0.000000000000000000, -1.000000000000000000, 0.000000000000000000 ) ) ;
#2716 = ORIENTED_EDGE ( 'NONE', *, *, #1905, .F. ) ;
#2717 = LINE ( 'NONE', #2734, #3906 ) ;
#2718 = AXIS2_PLACEMENT_3D ( 'NONE', #2001, #2375, #3619 ) ;
#2719 = ADVANCED_FACE ( 'NONE', ( #3882 ), #2953, .F. ) ;
#2720 = VECTOR ( 'NONE', #3607, 1000.000000000000000 ) ;
#2721 = AXIS2_PLACEMENT_3D ( 'NONE', #1266, #906, #2485 ) ;
#2722 = VERTEX_POINT ( 'NONE', #769 ) ;
#2723 = EDGE_CURVE ( 'NONE', #2214, #1303, #3839, .T. ) ;
#2724 = CARTESIAN_POINT ( 'NONE',  ( 0.08999999999999680478, -0.5950000000000000844, -0.3549999999999999822 ) ) ;
#2725 = LINE ( 'NONE', #1506, #2448 ) ;
#2726 = AXIS2_PLACEMENT_3D ( 'NONE', #972, #600, #905 ) ;
#2727 = SHAPE_REPRESENTATION_RELATIONSHIP ( 'NONE' , 'NONE' ,  #1455, #1321 ) ;
#2728 = ORIENTED_EDGE ( 'NONE', *, *, #276, .F. ) ;
#2729 = DIRECTION ( 'NONE',  ( 0.000000000000000000, -0.9936533736897814606, 0.1124854344122625388 ) ) ;
#2730 = ADVANCED_FACE ( 'NONE', ( #1036 ), #696, .F. ) ;
#2731 = CARTESIAN_POINT ( 'NONE',  ( 0.4810555127546370380, -0.06000000000000000472, -0.3551250000564830089 ) ) ;
#2732 = DIRECTION ( 'NONE',  ( -6.982962677686270655E-15, 0.000000000000000000, -1.000000000000000000 ) ) ;
#2733 = EDGE_LOOP ( 'NONE', ( #3234, #3690, #1959, #866 ) ) ;
#2734 = CARTESIAN_POINT ( 'NONE',  ( 0.4850000000000000422, -0.6199999999999999956, -0.3551250000564830089 ) ) ;
#2735 = EDGE_CURVE ( 'NONE', #3642, #3526, #1972, .T. ) ;
#2736 = PLANE ( 'NONE',  #3763 ) ;
#2737 = LINE ( 'NONE', #3372, #1844 ) ;
#2738 = CARTESIAN_POINT ( 'NONE',  ( 0.5100000000000000089, 0.5950000000000000844, -0.3551250000564835640 ) ) ;
#2739 = CALENDAR_DATE ( 2026, 26, 8 ) ;
#2740 = ORIENTED_EDGE ( 'NONE', *, *, #2286, .T. ) ;
#2741 = DIRECTION ( 'NONE',  ( -1.000000000000000000, 0.000000000000000000, 6.505213034913027393E-15 ) ) ;
#2742 = CARTESIAN_POINT ( 'NONE',  ( 0.5100000000000000089, -0.5699999999999999512, -0.3551250000564835640 ) ) ;
#2743 = LINE ( 'NONE', #160, #2779 ) ;
#2744 = EDGE_CURVE ( 'NONE', #1923, #1441, #3443, .T. ) ;
#2745 =( LENGTH_UNIT ( ) NAMED_UNIT ( * ) SI_UNIT ( .MILLI., .METRE. ) );
#2746 = ORIENTED_EDGE ( 'NONE', *, *, #1028, .F. ) ;
#2747 = DIRECTION ( 'NONE',  ( 0.000000000000000000, -1.000000000000000000, 0.000000000000000000 ) ) ;
#2748 = LINE ( 'NONE', #1110, #499 ) ;
#2749 = DIRECTION ( 'NONE',  ( 0.000000000000000000, -1.000000000000000000, 0.000000000000000000 ) ) ;
#2750 = VERTEX_POINT ( 'NONE', #58 ) ;
#2751 = DIRECTION ( 'NONE',  ( 6.505213034913040804E-15, 0.000000000000000000, 1.000000000000000000 ) ) ;
#2752 = DIRECTION ( 'NONE',  ( 6.982962677686270655E-15, 0.000000000000000000, 1.000000000000000000 ) ) ;
#2753 = EDGE_CURVE ( 'NONE', #1303, #1356, #146, .T. ) ;
#2754 = CC_DESIGN_APPROVAL ( #1594, ( #221 ) ) ;
#2755 = EDGE_LOOP ( 'NONE', ( #2423, #157, #2657, #2466 ) ) ;
#2756 = LINE ( 'NONE', #2424, #677 ) ;
#2757 = B_SPLINE_CURVE_WITH_KNOTS ( 'NONE', 3,
 ( #1841, #3130, #2805, #261, #3463, #328 ),
 .UNSPECIFIED., .F., .F.,
 ( 4, 2, 4 ),
 ( 3.318834807187760033E-14, 0.001993191866254305760, 0.003986383732475422791 ),
 .UNSPECIFIED. ) ;
#2758 = CARTESIAN_POINT ( 'NONE',  ( 0.3099999999999999978, 0.5950000000000000844, -0.3551250000564820097 ) ) ;
#2759 = DATE_AND_TIME ( #296, #93 ) ;
#2760 = LOCAL_TIME ( 11, 15, 59.00000000000000000, #2212 ) ;
#2761 = AXIS2_PLACEMENT_3D ( 'NONE', #424, #2048, #446 ) ;
#2762 = VERTEX_POINT ( 'NONE', #3211 ) ;
#2763 = AXIS2_PLACEMENT_3D ( 'NONE', #810, #4000, #2695 ) ;
#2764 = CARTESIAN_POINT ( 'NONE',  ( 0.2518214560863000218, -0.3235714285714285099, -0.3549999999999999822 ) ) ;
#2765 = CC_DESIGN_PERSON_AND_ORGANIZATION_ASSIGNMENT ( #3540, #2908, ( #292 ) ) ;
#2766 = DIRECTION ( 'NONE',  ( 6.982962677686270655E-15, 0.000000000000000000, 1.000000000000000000 ) ) ;
#2767 = EDGE_CURVE ( 'NONE', #803, #2339, #394, .T. ) ;
#2768 = DIRECTION ( 'NONE',  ( -1.000000000000000000, 0.000000000000000000, 6.505213034913037648E-15 ) ) ;
#2769 = ORIENTED_EDGE ( 'NONE', *, *, #2664, .T. ) ;
#2770 = CYLINDRICAL_SURFACE ( 'NONE', #458, 0.05000000000000002359 ) ;
#2771 = LINE ( 'NONE', #3079, #2454 ) ;
#2772 = CIRCLE ( 'NONE', #2580, 0.02500000000000001180 ) ;
#2773 = ADVANCED_FACE ( 'NONE', ( #2912 ), #1064, .T. ) ;
#2774 = APPROVAL_DATE_TIME ( #4049, #671 ) ;
#2775 = VERTEX_POINT ( 'NONE', #1798 ) ;
#2776 = DIRECTION ( 'NONE',  ( 0.6796729177606267713, -0.7288599724985126427, 0.08250978943266890075 ) ) ;
#2777 = CIRCLE ( 'NONE', #985, 0.04500000000000001221 ) ;
#2778 = DIRECTION ( 'NONE',  ( -1.000000000000000000, 0.000000000000000000, 7.228014483236693597E-15 ) ) ;
#2779 = VECTOR ( 'NONE', #3662, 1000.000000000000000 ) ;
#2780 = DIRECTION ( 'NONE',  ( 1.000000000000000000, 0.000000000000000000, 0.000000000000000000 ) ) ;
#2781 = EDGE_LOOP ( 'NONE', ( #947, #182, #2168, #3927 ) ) ;
#2782 = ORIENTED_EDGE ( 'NONE', *, *, #917, .T. ) ;
#2783 = CARTESIAN_POINT ( 'NONE',  ( 0.1149999999999972017, -0.07499999999999999722, -0.3549999999999999822 ) ) ;
#2784 = PLANE ( 'NONE',  #132 ) ;
#2785 = DIRECTION ( 'NONE',  ( -6.505213034913040804E-15, 0.000000000000000000, -1.000000000000000000 ) ) ;
#2786 = AXIS2_PLACEMENT_3D ( 'NONE', #383, #3452, #2837 ) ;
#2787 = CYLINDRICAL_SURFACE ( 'NONE', #3757, 0.02499999999999995628 ) ;
#2788 = ORIENTED_EDGE ( 'NONE', *, *, #2653, .T. ) ;
#2789 = DIRECTION ( 'NONE',  ( -1.000000000000000000, 0.000000000000000000, 6.982962677686270655E-15 ) ) ;
#2790 = APPLICATION_CONTEXT ( 'configuration controlled 3d designs of mechanical parts and assemblies' ) ;
#2791 = ADVANCED_FACE ( 'NONE', ( #2087 ), #3055, .T. ) ;
#2792 = LINE ( 'NONE', #3798, #369 ) ;
#2793 = CARTESIAN_POINT ( 'NONE',  ( 0.5599999999999999423, -0.5699999999999999512, -0.3551250000564835640 ) ) ;
#2794 = PERSON_AND_ORGANIZATION_ROLE ( 'classification_officer' ) ;
#2795 = VERTEX_POINT ( 'NONE', #1102 ) ;
#2796 = CARTESIAN_POINT ( 'NONE',  ( 0.2518214560863000218, 0.2464285714285714968, -0.3551250000564815656 ) ) ;
#2797 = CARTESIAN_POINT ( 'NONE',  ( -0.1150000000000000050, 0.06000000000000000472, -0.3551250000564785125 ) ) ;
#2798 = CALENDAR_DATE ( 2026, 26, 8 ) ;
#2799 = ORIENTED_EDGE ( 'NONE', *, *, #944, .F. ) ;
#2800 = ORIENTED_EDGE ( 'NONE', *, *, #175, .F. ) ;
#2801 = EDGE_CURVE ( 'NONE', #60, #381, #1126, .T. ) ;
#2802 = LINE ( 'NONE', #4059, #3703 ) ;
#2803 = DIRECTION ( 'NONE',  ( -1.000000000000000000, 0.000000000000000000, 6.505213034913027393E-15 ) ) ;
#2804 = CARTESIAN_POINT ( 'NONE',  ( 0.5681785439136940452, 0.3235714285714285099, -0.3549999999999999822 ) ) ;
#2805 = CARTESIAN_POINT ( 'NONE',  ( -0.6044451899352160096, -3.639840208172668401, 5.160663600523933248 ) ) ;
#2806 = ORIENTED_EDGE ( 'NONE', *, *, #1774, .T. ) ;
#2807 = LINE ( 'NONE', #3176, #1579 ) ;
#2808 = AXIS2_PLACEMENT_3D ( 'NONE', #898, #4032, #2166 ) ;
#2809 = DIRECTION ( 'NONE',  ( 0.000000000000000000, -1.000000000000000000, 0.000000000000000000 ) ) ;
#2810 = CARTESIAN_POINT ( 'NONE',  ( 0.08999999999999680478, -0.3449999999999999734, -0.3549999999999999822 ) ) ;
#2811 = VERTEX_POINT ( 'NONE', #472 ) ;
#2812 = CARTESIAN_POINT ( 'NONE',  ( 0.6600000000000000311, 0.3449999999999999734, -0.3551250000564845077 ) ) ;
#2813 = CARTESIAN_POINT ( 'NONE',  ( -0.6600000000000000311, 0.5950000000000000844, -0.3551250000564750153 ) ) ;
#2814 = EDGE_CURVE ( 'NONE', #967, #60, #3948, .T. ) ;
#2815 = DIRECTION ( 'NONE',  ( -1.000000000000000000, 0.000000000000000000, 6.982962677686270655E-15 ) ) ;
#2816 = CC_DESIGN_APPROVAL ( #671, ( #3212 ) ) ;
#2817 = ORIENTED_EDGE ( 'NONE', *, *, #3158, .F. ) ;
#2818 = COORDINATED_UNIVERSAL_TIME_OFFSET ( 1, 0, .AHEAD. ) ;
#2819 = ORIENTED_EDGE ( 'NONE', *, *, #2978, .T. ) ;
#2820 = VERTEX_POINT ( 'NONE', #3343 ) ;
#2821 = PLANE ( 'NONE',  #623 ) ;
#2822 = LINE ( 'NONE', #3127, #3914 ) ;
#2823 = APPROVAL_PERSON_ORGANIZATION ( #1030, #1772, #72 ) ;
#2824 = EDGE_CURVE ( 'NONE', #2260, #3447, #200, .T. ) ;
#2825 = VECTOR ( 'NONE', #2389, 1000.000000000000000 ) ;
#2826 = DIRECTION ( 'NONE',  ( 0.000000000000000000, 1.000000000000000000, 0.000000000000000000 ) ) ;
#2827 = ORIENTED_EDGE ( 'NONE', *, *, #3120, .F. ) ;
#2828 = CIRCLE ( 'NONE', #3151, 0.02499999999999995628 ) ;
#2829 = DIRECTION ( 'NONE',  ( -6.982962677686270655E-15, 0.000000000000000000, -1.000000000000000000 ) ) ;
#2830 = VERTEX_POINT ( 'NONE', #2371 ) ;
#2831 = CARTESIAN_POINT ( 'NONE',  ( 0.6600000000000000311, -0.06000000000000000472, -0.3551250000564845077 ) ) ;
#2832 = AXIS2_PLACEMENT_3D ( 'NONE', #2353, #3236, #789 ) ;
#2833 = EDGE_CURVE ( 'NONE', #3346, #1992, #2725, .T. ) ;
#2834 = DIRECTION ( 'NONE',  ( 1.000000000000000000, 0.000000000000000000, -6.505213034913023449E-15 ) ) ;
#2835 = LINE ( 'NONE', #4089, #3056 ) ;
#2836 = DIRECTION ( 'NONE',  ( 1.000000000000000000, 0.000000000000000000, -6.505213034913023449E-15 ) ) ;
#2837 = DIRECTION ( 'NONE',  ( -1.000000000000000000, 0.000000000000000000, 6.505213034913023449E-15 ) ) ;
#2838 = CARTESIAN_POINT ( 'NONE',  ( -2.913505490301934844E-15, 0.000000000000000000, -0.3551250000564795117 ) ) ;
#2839 = ORIENTED_EDGE ( 'NONE', *, *, #2188, .F. ) ;
#2840 = EDGE_CURVE ( 'NONE', #1601, #734, #1779, .T. ) ;
#2841 = ORIENTED_EDGE ( 'NONE', *, *, #602, .T. ) ;
#2842 = VERTEX_POINT ( 'NONE', #3034 ) ;
#2843 = VECTOR ( 'NONE', #545, 1000.000000000000000 ) ;
#2844 = DIRECTION ( 'NONE',  ( -1.000000000000000000, 0.000000000000000000, 6.505213034913037648E-15 ) ) ;
#2845 = LINE ( 'NONE', #581, #2662 ) ;
#2846 = VECTOR ( 'NONE', #3571, 1000.000000000000000 ) ;
#2847 = VECTOR ( 'NONE', #526, 1000.000000000000000 ) ;
#2848 = DIRECTION ( 'NONE',  ( -1.000000000000000000, 8.803515733868739243E-17, 0.000000000000000000 ) ) ;
#2849 = VERTEX_POINT ( 'NONE', #822 ) ;
#2851 = CARTESIAN_POINT ( 'NONE',  ( -1.394874999943561011, 1.976269565185000854, 7.000000000000000000 ) ) ;
#2850 = CIRCLE ( 'NONE', #1586, 0.02499999999999995628 ) ;
#2852 = ORIENTED_EDGE ( 'NONE', *, *, #3684, .F. ) ;
#2853 = CARTESIAN_POINT ( 'NONE',  ( 0.6600000000000000311, -0.3449999999999999734, -0.3550000000000045342 ) ) ;
#2854 = CIRCLE ( 'NONE', #3380, 0.04999999999999999584 ) ;
#2855 = LINE ( 'NONE', #3802, #835 ) ;
#2856 = CARTESIAN_POINT ( 'NONE',  ( -6.994875025828874548, 10.47738999221430234, -6.758789077511675458 ) ) ;
#2857 = CARTESIAN_POINT ( 'NONE',  ( 0.1849999999999970002, 0.5950000000000000844, -0.3551250000564810660 ) ) ;
#2858 = EDGE_CURVE ( 'NONE', #3223, #525, #3697, .T. ) ;
#2859 = CARTESIAN_POINT ( 'NONE',  ( 0.5599999999999999423, -0.5199999999999999067, -0.3551250000564835640 ) ) ;
#2860 = CARTESIAN_POINT ( 'NONE',  ( 1.311137653702460107E-16, 1.563548512937645049E-16, 0.004974999943520330356 ) ) ;
#2861 = DIRECTION ( 'NONE',  ( 0.000000000000000000, -1.000000000000000000, 0.000000000000000000 ) ) ;
#2862 =( BOUNDED_SURFACE ( )  B_SPLINE_SURFACE ( 2, 1, ( 
 ( #3894, #135 ),
 ( #2295, #1694 ),
 ( #465, #1092 ) ),
 .UNSPECIFIED., .F., .F., .F. ) 
 B_SPLINE_SURFACE_WITH_KNOTS ( ( 3, 3 ),
 ( 2, 2 ),
 ( 0.000000000000000000, 1.000000000000000000 ),
 ( 0.000000000000000000, 1.000000000000000000 ),
 .UNSPECIFIED. ) 
 GEOMETRIC_REPRESENTATION_ITEM ( )  RATIONAL_B_SPLINE_SURFACE ( (
 ( 1.000000000000000000, 1.000000000000000000),
 ( 3.231801218513670193, 3.231801218513670193),
 ( 1.000000000000000000, 1.000000000000000000) ) ) 
 REPRESENTATION_ITEM ( '' )  SURFACE ( )  );
#2863 = EDGE_LOOP ( 'NONE', ( #3122, #3902, #317, #2014 ) ) ;
#2864 = PERSON_AND_ORGANIZATION ( #1026, #439 ) ;
#2865 = ORIENTED_EDGE ( 'NONE', *, *, #3715, .F. ) ;
#2866 = ORIENTED_EDGE ( 'NONE', *, *, #2439, .T. ) ;
#2867 = CARTESIAN_POINT ( 'NONE',  ( -0.6600000000000000311, -0.08500000000000000611, -0.3551250000564750153 ) ) ;
#2868 = CARTESIAN_POINT ( 'NONE',  ( -1.688194259797113572, -4.405153456069165863, -5.074027158248894054 ) ) ;
#2869 = EDGE_CURVE ( 'NONE', #1210, #3206, #1469, .T. ) ;
#2870 = CARTESIAN_POINT ( 'NONE',  ( 0.5810555127546370713, 0.3449999999999999734, -0.3551250000564840081 ) ) ;
#2871 = EDGE_LOOP ( 'NONE', ( #3585, #583, #3612, #1644 ) ) ;
#2872 = DIRECTION ( 'NONE',  ( -0.000000000000000000, -0.000000000000000000, -1.000000000000000000 ) ) ;
#2873 = ORIENTED_EDGE ( 'NONE', *, *, #3193, .F. ) ;
#2874 = DIRECTION ( 'NONE',  ( -1.000000000000000000, 0.000000000000000000, 6.505213034913023449E-15 ) ) ;
#2875 = ADVANCED_FACE ( 'NONE', ( #2071 ), #1159, .F. ) ;
#2876 = CARTESIAN_POINT ( 'NONE',  ( 0.1149999999999967992, -0.3449999999999999734, -0.3551250000564805109 ) ) ;
#2877 = DIRECTION ( 'NONE',  ( 6.505213034913021082E-15, 0.000000000000000000, 1.000000000000000000 ) ) ;
#2878 = ORIENTED_EDGE ( 'NONE', *, *, #304, .F. ) ;
#2879 = FACE_OUTER_BOUND ( 'NONE', #3908, .T. ) ;
#2880 = AXIS2_PLACEMENT_3D ( 'NONE', #3196, #400, #1670 ) ;
#2881 = EDGE_CURVE ( 'NONE', #1156, #1676, #2743, .T. ) ;
#2882 = EDGE_CURVE ( 'NONE', #2058, #705, #506, .T. ) ;
#2883 = CARTESIAN_POINT ( 'NONE',  ( 1.149999999999999911, -1.149999999999999911, 0.004974999943512300321 ) ) ;
#2884 = CARTESIAN_POINT ( 'NONE',  ( 0.2389444872453570234, -0.3200000000000000067, -0.3551250000564815656 ) ) ;
#2885 = EDGE_LOOP ( 'NONE', ( #1261, #4110, #4103, #3186, #1312, #495, #3384, #3235 ) ) ;
#2886 = APPROVAL_DATE_TIME ( #1304, #2947 ) ;
#2887 = ORIENTED_EDGE ( 'NONE', *, *, #2259, .T. ) ;
#2888 = EDGE_LOOP ( 'NONE', ( #349, #2552, #1529, #3399 ) ) ;
#2889 = CARTESIAN_POINT ( 'NONE',  ( 0.6350000000000000089, -0.5199999999999999067, -0.3551250000564840081 ) ) ;
#2890 = DIRECTION ( 'NONE',  ( 6.982962677686270655E-15, 0.000000000000000000, 1.000000000000000000 ) ) ;
#2891 = APPROVAL_PERSON_ORGANIZATION ( #3303, #2593, #2686 ) ;
#2892 = DIRECTION ( 'NONE',  ( 1.000000000000000000, 0.000000000000000000, -6.982962677686270655E-15 ) ) ;
#2893 = ORIENTED_EDGE ( 'NONE', *, *, #3946, .T. ) ;
#2894 = CARTESIAN_POINT ( 'NONE',  ( -1.394874999943561011, -2.223730434814910062, -5.320972745794694703 ) ) ;
#2895 = ORIENTED_EDGE ( 'NONE', *, *, #2163, .T. ) ;
#2896 = DIRECTION ( 'NONE',  ( 1.000000000000000000, 0.000000000000000000, -6.505213034913037648E-15 ) ) ;
#2897 = PRODUCT_RELATED_PRODUCT_CATEGORY ( 'detail', '', ( #702 ) ) ;
#2898 = FACE_OUTER_BOUND ( 'NONE', #2680, .T. ) ;
#2899 = VECTOR ( 'NONE', #3199, 1000.000000000000000 ) ;
#2900 = EDGE_CURVE ( 'NONE', #2047, #3597, #1487, .T. ) ;
#2901 = AXIS2_PLACEMENT_3D ( 'NONE', #2006, #169, #3274 ) ;
#2902 = CARTESIAN_POINT ( 'NONE',  ( -0.6350000000000000089, -0.4000000000000000222, -0.3551250000564750153 ) ) ;
#2903 = CYLINDRICAL_SURFACE ( 'NONE', #3417, 69.99999999999980105 ) ;
#2904 = LINE ( 'NONE', #3538, #1943 ) ;
#2905 = CARTESIAN_POINT ( 'NONE',  ( 0.6350000000000000089, -0.3449999999999999734, -0.3550000000000045342 ) ) ;
#2906 = CARTESIAN_POINT ( 'NONE',  ( 0.08999999999999680478, -0.5950000000000000844, -0.3551250000564805109 ) ) ;
#2907 = ORIENTED_EDGE ( 'NONE', *, *, #3967, .F. ) ;
#2908 = PERSON_AND_ORGANIZATION_ROLE ( 'creator' ) ;
#2909 = EDGE_LOOP ( 'NONE', ( #4055, #954, #2866, #3038 ) ) ;
#2910 = ORIENTED_EDGE ( 'NONE', *, *, #1354, .F. ) ;
#2911 = CARTESIAN_POINT ( 'NONE',  ( -1.149999999999999911, 1.149999999999999911, -0.08502500005647160852 ) ) ;
#2912 = FACE_OUTER_BOUND ( 'NONE', #3856, .T. ) ;
#2913 = EDGE_CURVE ( 'NONE', #2333, #1083, #841, .T. ) ;
#2914 = CLOSED_SHELL ( 'NONE', ( #3012, #3276, #2992, #2077, #1171, #41, #3387, #3007, #1400, #1853, #3632, #1608, #1292, #3924, #3693, #4035, #379, #3606, #2461, #3178, #1989, #56, #3454, #1435, #130, #2711, #2730, #1267, #3734, #335, #318, #3650, #3255, #3059, #1839, #2294, #1979, #2433, #1057, #356, #457, #2, #3988, #3232, #3909, #2210, #395, #416, #2681, #3940, #2352, #1911, #2691, #2402, #1654, #302, #1503, #2364, #1481, #2313, #648, #2393, #3428, #185, #957, #687, #1425, #2773, #1300, #2791, #919, #1212, #447, #1514, #817, #628, #3658, #3302, #4114, #2950, #227, #4071, #1940, #1827, #3608, #207, #2494, #1484, #3477, #3039, #2376, #197 ) ) ;
#2915 = DIRECTION ( 'NONE',  ( 1.000000000000000000, 0.000000000000000000, -7.228014483236693597E-15 ) ) ;
#2916 = ORIENTED_EDGE ( 'NONE', *, *, #309, .T. ) ;
#2917 = PLANE ( 'NONE',  #13 ) ;
#2918 = VERTEX_POINT ( 'NONE', #1810 ) ;
#2919 = CARTESIAN_POINT ( 'NONE',  ( -0.7666768565782249301, 13.03869392743343703, -7.048738665007272530 ) ) ;
#2920 = AXIS2_PLACEMENT_3D ( 'NONE', #3390, #2751, #1498 ) ;
#2921 = CARTESIAN_POINT ( 'NONE',  ( -0.1150000000000024059, -0.5950000000000000844, -0.3551250000564785125 ) ) ;
#2922 = VERTEX_POINT ( 'NONE', #1175 ) ;
#2923 = AXIS2_PLACEMENT_3D ( 'NONE', #2838, #271, #2815 ) ;
#2924 = DIRECTION ( 'NONE',  ( 1.000000000000000000, -4.373741005274485204E-16, -6.982962677686270655E-15 ) ) ;
#2925 = EDGE_LOOP ( 'NONE', ( #3721, #503, #1663, #4085 ) ) ;
#2926 = FACE_OUTER_BOUND ( 'NONE', #2863, .T. ) ;
#2927 = VECTOR ( 'NONE', #2521, 1000.000000000000000 ) ;
#2928 = ADVANCED_FACE ( 'NONE', ( #3702 ), #862, .F. ) ;
#2929 = CARTESIAN_POINT ( 'NONE',  ( 0.2389444872453570234, -0.3200000000000000067, -0.3551250000564815656 ) ) ;
#2930 = DIRECTION ( 'NONE',  ( -1.000000000000000000, 0.000000000000000000, 6.505213034913027393E-15 ) ) ;
#2931 = CALENDAR_DATE ( 2026, 26, 8 ) ;
#2932 = EDGE_LOOP ( 'NONE', ( #1682, #223, #3217, #3268 ) ) ;
#2933 = ORIENTED_EDGE ( 'NONE', *, *, #2569, .F. ) ;
#2934 = CARTESIAN_POINT ( 'NONE',  ( -0.08590854173393609738, -2.269440550774463272, 5.315798182524555493 ) ) ;
#2935 = CARTESIAN_POINT ( 'NONE',  ( -0.6835572876454348856, 13.04305003945616726, 7.000000000000000000 ) ) ;
#2936 = LINE ( 'NONE', #1686, #1302 ) ;
#2937 = EDGE_CURVE ( 'NONE', #2600, #2922, #1121, .T. ) ;
#2938 = ORIENTED_EDGE ( 'NONE', *, *, #3024, .T. ) ;
#2939 = LINE ( 'NONE', #436, #4025 ) ;
#2940 = ORIENTED_EDGE ( 'NONE', *, *, #659, .T. ) ;
#2941 = CARTESIAN_POINT ( 'NONE',  ( 0.6350000000000000089, 0.2250000000000000056, -0.3550000000000045342 ) ) ;
#2942 = PLANE ( 'NONE',  #3739 ) ;
#2943 = DIRECTION ( 'NONE',  ( 0.000000000000000000, 1.000000000000000000, 0.000000000000000000 ) ) ;
#2944 = EDGE_LOOP ( 'NONE', ( #2716, #1271, #3705, #3879 ) ) ;
#2945 = DIRECTION ( 'NONE',  ( 1.000000000000000000, 0.000000000000000000, -6.505213034913023449E-15 ) ) ;
#2946 = CARTESIAN_POINT ( 'NONE',  ( 0.5810555127546370713, -0.3449999999999999734, -0.3549999999999999822 ) ) ;
#2947 = APPROVAL ( #1925, 'UNSPECIFIED' ) ;
#2948 = PERSON_AND_ORGANIZATION ( #1026, #439 ) ;
#2949 = ORIENTED_EDGE ( 'NONE', *, *, #1255, .T. ) ;
#2950 = ADVANCED_FACE ( 'NONE', ( #3410 ), #316, .T. ) ;
#2951 = EDGE_LOOP ( 'NONE', ( #1504, #2337, #3408, #329 ) ) ;
#2952 = DIRECTION ( 'NONE',  ( 6.505213034913040804E-15, 0.000000000000000000, 1.000000000000000000 ) ) ;
#2953 = PLANE ( 'NONE',  #2323 ) ;
#2954 = CARTESIAN_POINT ( 'NONE',  ( -17.87950527536434464, 6.169036122140490797, -6.271066628709013102 ) ) ;
#2955 = VERTEX_POINT ( 'NONE', #2797 ) ;
#2956 = CC_DESIGN_APPROVAL ( #1772, ( #1705 ) ) ;
#2957 = DIRECTION ( 'NONE',  ( 7.228014483236690442E-15, 0.000000000000000000, 1.000000000000000000 ) ) ;
#2958 = VERTEX_POINT ( 'NONE', #4098 ) ;
#2959 = DIRECTION ( 'NONE',  ( -6.505213034913040804E-15, 0.000000000000000000, -1.000000000000000000 ) ) ;
#2960 = EDGE_CURVE ( 'NONE', #1612, #1047, #3432, .T. ) ;
#2961 = CC_DESIGN_APPROVAL ( #2593, ( #490 ) ) ;
#2962 = DIRECTION ( 'NONE',  ( -1.000000000000000000, 0.000000000000000000, 6.982962677686270655E-15 ) ) ;
#2963 = ORIENTED_EDGE ( 'NONE', *, *, #1620, .F. ) ;
#2964 = DIRECTION ( 'NONE',  ( 6.982962677686270655E-15, 0.000000000000000000, 1.000000000000000000 ) ) ;
#2965 = VERTEX_POINT ( 'NONE', #1543 ) ;
#2966 = DIRECTION ( 'NONE',  ( 6.982962677686270655E-15, 0.000000000000000000, 1.000000000000000000 ) ) ;
#2967 = EDGE_CURVE ( 'NONE', #2191, #2608, #3494, .T. ) ;
#2968 = LOCAL_TIME ( 11, 15, 59.00000000000000000, #646 ) ;
#2969 = VECTOR ( 'NONE', #2809, 1000.000000000000000 ) ;
#2970 = DIRECTION ( 'NONE',  ( 6.982962677686270655E-15, 0.000000000000000000, 1.000000000000000000 ) ) ;
#2971 = VECTOR ( 'NONE', #931, 1000.000000000000114 ) ;
#2972 = FACE_OUTER_BOUND ( 'NONE', #3172, .T. ) ;
#2973 = CONTEXT_DEPENDENT_SHAPE_REPRESENTATION ( #2372, #2397 ) ;
#2974 = ORIENTED_EDGE ( 'NONE', *, *, #70, .F. ) ;
#2975 = ORIENTED_EDGE ( 'NONE', *, *, #842, .F. ) ;
#2976 = LINE ( 'NONE', #2015, #3682 ) ;
#2977 = DIRECTION ( 'NONE',  ( 6.505213034913040804E-15, 0.000000000000000000, 1.000000000000000000 ) ) ;
#2978 = EDGE_CURVE ( 'NONE', #1755, #2482, #4096, .T. ) ;
#2979 = DIRECTION ( 'NONE',  ( 6.982962677686270655E-15, 0.000000000000000000, 1.000000000000000000 ) ) ;
#2980 = ORIENTED_EDGE ( 'NONE', *, *, #2259, .F. ) ;
#2981 = CYLINDRICAL_SURFACE ( 'NONE', #3793, 0.05000000000000002359 ) ;
#2982 = ORIENTED_EDGE ( 'NONE', *, *, #3519, .F. ) ;
#2983 = DIRECTION ( 'NONE',  ( 6.982962677686270655E-15, 0.000000000000000000, 1.000000000000000000 ) ) ;
#2984 = DIRECTION ( 'NONE',  ( 0.000000000000000000, 1.000000000000000000, 0.000000000000000000 ) ) ;
#2985 = EDGE_LOOP ( 'NONE', ( #3621, #1406, #3365, #3850 ) ) ;
#2986 = DIRECTION ( 'NONE',  ( 6.505213034913040804E-15, 0.000000000000000000, 1.000000000000000000 ) ) ;
#2987 = VECTOR ( 'NONE', #2983, 1000.000000000000000 ) ;
#2988 = ORIENTED_EDGE ( 'NONE', *, *, #674, .T. ) ;
#2989 = FACE_OUTER_BOUND ( 'NONE', #2885, .T. ) ;
#2990 = AXIS2_PLACEMENT_3D ( 'NONE', #749, #368, #2354 ) ;
#2991 = VECTOR ( 'NONE', #1749, 1000.000000000000000 ) ;
#2992 = ADVANCED_FACE ( 'NONE', ( #3737 ), #2548, .T. ) ;
#2993 = VECTOR ( 'NONE', #3588, 1000.000000000000000 ) ;
#2994 = DIRECTION ( 'NONE',  ( -4.373741005274489641E-16, 1.000000000000000000, 3.054167020169775208E-30 ) ) ;
#2995 = DIRECTION ( 'NONE',  ( 1.000000000000000000, 0.000000000000000000, -6.505213034913023449E-15 ) ) ;
#2996 = VECTOR ( 'NONE', #111, 1000.000000000000000 ) ;
#2997 = DATE_AND_TIME ( #3630, #1624 ) ;
#2998 = VERTEX_POINT ( 'NONE', #2167 ) ;
#2999 = ORIENTED_EDGE ( 'NONE', *, *, #2203, .T. ) ;
#3000 = PLANE ( 'NONE',  #1301 ) ;
#3001 = CARTESIAN_POINT ( 'NONE',  ( -1.394874999943561011, 1.976269565185000854, 5.796429114223418999 ) ) ;
#3002 = ORIENTED_EDGE ( 'NONE', *, *, #1458, .F. ) ;
#3003 = EDGE_CURVE ( 'NONE', #3142, #1619, #720, .T. ) ;
#3004 = CARTESIAN_POINT ( 'NONE',  ( 1.149999999999999911, 1.149999999999999911, 0.004974999943512300321 ) ) ;
#3005 = DIRECTION ( 'NONE',  ( 6.982962677686270655E-15, 0.000000000000000000, 1.000000000000000000 ) ) ;
#3006 = ORIENTED_EDGE ( 'NONE', *, *, #504, .T. ) ;
#3007 = ADVANCED_FACE ( 'NONE', ( #1236 ), #643, .F. ) ;
#3008 = DIRECTION ( 'NONE',  ( 1.000000000000000000, 0.000000000000000000, -6.505213034913023449E-15 ) ) ;
#3009 = VERTEX_POINT ( 'NONE', #4 ) ;
#3010 = LINE ( 'NONE', #3586, #1886 ) ;
#3011 = APPLICATION_CONTEXT ( 'configuration controlled 3d designs of mechanical parts and assemblies' ) ;
#3012 = ADVANCED_FACE ( 'NONE', ( #3719 ), #1922, .T. ) ;
#3013 = APPROVAL_STATUS ( 'not_yet_approved' ) ;
#3014 = ORIENTED_EDGE ( 'NONE', *, *, #1199, .F. ) ;
#3015 = CARTESIAN_POINT ( 'NONE',  ( 0.1149999999999972017, 0.5950000000000000844, -0.3549999999999999822 ) ) ;
#3016 = CARTESIAN_POINT ( 'NONE',  ( -23.03592114560350268, 12.60815517220120086, -7.000000000000000000 ) ) ;
#3017 = VECTOR ( 'NONE', #3378, 1000.000000000000000 ) ;
#3018 = CARTESIAN_POINT ( 'NONE',  ( 0.000000000000000000, 0.000000000000000000, 0.000000000000000000 ) ) ;
#3019 = VERTEX_POINT ( 'NONE', #2209 ) ;
#3020 = DIRECTION ( 'NONE',  ( -1.000000000000000000, 0.000000000000000000, 6.982962677686270655E-15 ) ) ;
#3021 = CARTESIAN_POINT ( 'NONE',  ( 0.6600000000000000311, -0.06000000000000000472, -0.3551250000564845077 ) ) ;
#3022 = EDGE_LOOP ( 'NONE', ( #2982, #1784, #1152, #235 ) ) ;
#3023 = CARTESIAN_POINT ( 'NONE',  ( 0.4681785439136939564, 0.03857142857142870779, -0.3549999999999999822 ) ) ;
#3024 = EDGE_CURVE ( 'NONE', #1060, #3019, #3103, .T. ) ;
#3025 = PRODUCT_DEFINITION_SHAPE ( 'NONE', 'NONE',  #4104 ) ;
#3026 = DIRECTION ( 'NONE',  ( 0.000000000000000000, -1.000000000000000000, 0.000000000000000000 ) ) ;
#3027 = CC_DESIGN_SECURITY_CLASSIFICATION ( #2298, ( #4115 ) ) ;
#3028 = CIRCLE ( 'NONE', #2091, 0.02499999999999995628 ) ;
#3029 = COORDINATED_UNIVERSAL_TIME_OFFSET ( 1, 0, .AHEAD. ) ;
#3030 = EDGE_LOOP ( 'NONE', ( #405, #2477, #82, #1646 ) ) ;
#3031 = ADVANCED_FACE ( 'NONE', ( #291 ), #1195, .F. ) ;
#3032 = AXIS2_PLACEMENT_3D ( 'NONE', #1063, #2952, #3613 ) ;
#3033 = PLANE ( 'NONE',  #2488 ) ;
#3034 = CARTESIAN_POINT ( 'NONE',  ( 0.6350000000000000089, 0.3200000000000000067, -0.3551250000564840081 ) ) ;
#3035 = CIRCLE ( 'NONE', #2709, 0.02499999999999995628 ) ;
#3036 = VECTOR ( 'NONE', #740, 1000.000000000000000 ) ;
#3037 = FACE_OUTER_BOUND ( 'NONE', #3928, .T. ) ;
#3038 = ORIENTED_EDGE ( 'NONE', *, *, #1105, .T. ) ;
#3039 = ADVANCED_FACE ( 'NONE', ( #1895 ), #338, .T. ) ;
#3040 = CARTESIAN_POINT ( 'NONE',  ( 1.149999999999999911, 1.149999999999999911, 0.004974999943512300321 ) ) ;
#3041 = CARTESIAN_POINT ( 'NONE',  ( 0.6350000000000000089, 0.4949999999999999956, -0.3551250000564840081 ) ) ;
#3042 = LINE ( 'NONE', #1461, #1509 ) ;
#3043 = VERTEX_POINT ( 'NONE', #1260 ) ;
#3044 = LINE ( 'NONE', #813, #3101 ) ;
#3045 = VECTOR ( 'NONE', #3912, 1000.000000000000000 ) ;
#3046 = EDGE_CURVE ( 'NONE', #2213, #2260, #1903, .T. ) ;
#3047 = AXIS2_PLACEMENT_3D ( 'NONE', #3300, #425, #385 ) ;
#3048 = AXIS2_PLACEMENT_3D ( 'NONE', #626, #1858, #2508 ) ;
#3049 = CALENDAR_DATE ( 2026, 26, 8 ) ;
#3050 = ORIENTED_EDGE ( 'NONE', *, *, #2007, .T. ) ;
#3051 = CIRCLE ( 'NONE', #3583, 0.02499999999999995628 ) ;
#3052 = B_SPLINE_CURVE_WITH_KNOTS ( 'NONE', 3,
 ( #154, #1984, #1077, #1094, #2661, #2297, #2698, #3295, #711, #3896, #3872, #3955 ),
 .UNSPECIFIED., .F., .F.,
 ( 4, 2, 2, 2, 2, 4 ),
 ( 5.421010862427522170E-20, 0.001317373638865555882, 0.002634747277731111764, 0.005269494555462220925, 0.007904241833193331387, 0.01053898911092444185 ),
 .UNSPECIFIED. ) ;
#3053 = CARTESIAN_POINT ( 'NONE',  ( 0.4810555127546370380, 0.06000000000000000472, -0.3551250000564830089 ) ) ;
#3054 = DIRECTION ( 'NONE',  ( 6.505213034913030548E-15, 0.000000000000000000, 1.000000000000000000 ) ) ;
#3055 = PLANE ( 'NONE',  #3169 ) ;
#3056 = VECTOR ( 'NONE', #2004, 1000.000000000000000 ) ;
#3057 = ORIENTED_EDGE ( 'NONE', *, *, #2100, .T. ) ;
#3058 = CYLINDRICAL_SURFACE ( 'NONE', #1185, 0.02499999999999995628 ) ;
#3059 = ADVANCED_FACE ( 'NONE', ( #990 ), #25, .T. ) ;
#3060 = LINE ( 'NONE', #1439, #1563 ) ;
#3061 = DIRECTION ( 'NONE',  ( -6.505213034913040804E-15, 0.000000000000000000, -1.000000000000000000 ) ) ;
#3062 = ORIENTED_EDGE ( 'NONE', *, *, #1597, .T. ) ;
#3063 = DIRECTION ( 'NONE',  ( -1.000000000000000000, 0.000000000000000000, 6.505213034913037648E-15 ) ) ;
#3064 = DIRECTION ( 'NONE',  ( -1.000000000000000000, 0.000000000000000000, 6.505213034913037648E-15 ) ) ;
#3065 = VERTEX_POINT ( 'NONE', #1699 ) ;
#3066 = LINE ( 'NONE', #1735, #3072 ) ;
#3067 = DIRECTION ( 'NONE',  ( 1.000000000000000000, 0.000000000000000000, -6.505213034913037648E-15 ) ) ;
#3068 = CC_DESIGN_DATE_AND_TIME_ASSIGNMENT ( #2084, #1136, ( #2298 ) ) ;
#3069 = EDGE_CURVE ( 'NONE', #606, #1755, #1988, .T. ) ;
#3070 = EDGE_LOOP ( 'NONE', ( #1974, #2817, #2296, #3057 ) ) ;
#3071 = ORIENTED_EDGE ( 'NONE', *, *, #1238, .F. ) ;
#3072 = VECTOR ( 'NONE', #252, 1000.000000000000000 ) ;
#3073 = CARTESIAN_POINT ( 'NONE',  ( 0.6350000000000000089, 0.06000000000000000472, -0.3551250000564840081 ) ) ;
#3074 = LINE ( 'NONE', #2115, #294 ) ;
#3075 = ORIENTED_EDGE ( 'NONE', *, *, #1127, .F. ) ;
#3076 = ORIENTED_EDGE ( 'NONE', *, *, #2175, .F. ) ;
#3077 = DIRECTION ( 'NONE',  ( -0.000000000000000000, 1.000000000000000000, 0.000000000000000000 ) ) ;
#3078 = EDGE_CURVE ( 'NONE', #2572, #1454, #1079, .T. ) ;
#3079 = CARTESIAN_POINT ( 'NONE',  ( 0.4850000000000000422, -0.6199999999999999956, -0.3549999999999999822 ) ) ;
#3080 = EDGE_CURVE ( 'NONE', #2505, #2918, #2028, .T. ) ;
#3081 = ORIENTED_EDGE ( 'NONE', *, *, #2269, .T. ) ;
#3082 = LINE ( 'NONE', #3431, #3017 ) ;
#3083 = DIRECTION ( 'NONE',  ( 6.982962677686270655E-15, 0.000000000000000000, 1.000000000000000000 ) ) ;
#3084 = VECTOR ( 'NONE', #85, 1000.000000000000000 ) ;
#3085 = PERSON_AND_ORGANIZATION ( #1026, #439 ) ;
#3086 = ORIENTED_EDGE ( 'NONE', *, *, #1963, .T. ) ;
#3087 = AXIS2_PLACEMENT_3D ( 'NONE', #1318, #3135, #1628 ) ;
#3088 = ORIENTED_EDGE ( 'NONE', *, *, #2240, .F. ) ;
#3089 = AXIS2_PLACEMENT_3D ( 'NONE', #1202, #3092, #303 ) ;
#3090 = DIRECTION ( 'NONE',  ( 0.000000000000000000, 0.000000000000000000, -1.000000000000000000 ) ) ;
#3091 = ADVANCED_FACE ( 'NONE', ( #2327 ), #521, .F. ) ;
#3092 = DIRECTION ( 'NONE',  ( 1.000000000000000000, -2.081376414897577884E-10, 0.000000000000000000 ) ) ;
#3093 = PLANE ( 'NONE',  #3966 ) ;
#3094 = EDGE_LOOP ( 'NONE', ( #599, #754, #429, #118, #1860, #2515, #1934, #3328, #3285, #2205, #5, #3111 ) ) ;
#3095 = DIRECTION ( 'NONE',  ( 6.505213034913040804E-15, 0.000000000000000000, 1.000000000000000000 ) ) ;
#3096 = CARTESIAN_POINT ( 'NONE',  ( 0.3200000000000000067, -0.2849999999999999756, -0.3550000000000003153 ) ) ;
#3097 = CARTESIAN_POINT ( 'NONE',  ( 0.1149999999999967992, 0.5950000000000000844, -0.3551250000564805109 ) ) ;
#3098 = EDGE_CURVE ( 'NONE', #1927, #177, #2176, .T. ) ;
#3099 = VERTEX_POINT ( 'NONE', #2255 ) ;
#3100 = CARTESIAN_POINT ( 'NONE',  ( 0.4810555127546370380, -0.03499999999999999639, -0.3551250000564830089 ) ) ;
#3101 = VECTOR ( 'NONE', #1205, 1000.000000000000000 ) ;
#3102 = CARTESIAN_POINT ( 'NONE',  ( -6.936916963199470487, -3.619105451226395154, 5.163010855818680689 ) ) ;
#3103 = CIRCLE ( 'NONE', #1840, 0.04500000000000001221 ) ;
#3104 = PERSON_AND_ORGANIZATION_ROLE ( 'creator' ) ;
#3105 = ORIENTED_EDGE ( 'NONE', *, *, #1806, .F. ) ;
#3106 = ORIENTED_EDGE ( 'NONE', *, *, #2967, .T. ) ;
#3107 = DIRECTION ( 'NONE',  ( 6.982962677686270655E-15, 0.000000000000000000, 1.000000000000000000 ) ) ;
#3108 = CARTESIAN_POINT ( 'NONE',  ( -2.260123282944291212, -4.745841028287424379, -5.035459997330865356 ) ) ;
#3109 = CARTESIAN_POINT ( 'NONE',  ( 0.08999999999999729050, -0.2250000000000000056, -0.3549999999999999822 ) ) ;
#3110 = CARTESIAN_POINT ( 'NONE',  ( -3.042775749329054561E-15, -0.6199999999999999956, -0.3551250000564795117 ) ) ;
#3111 = ORIENTED_EDGE ( 'NONE', *, *, #1709, .F. ) ;
#3112 = CARTESIAN_POINT ( 'NONE',  ( 0.3200000000000000067, -0.2849999999999999756, -0.3551250000564818432 ) ) ;
#3113 = CC_DESIGN_PERSON_AND_ORGANIZATION_ASSIGNMENT ( #2864, #3163, ( #71 ) ) ;
#3114 = LINE ( 'NONE', #1536, #2969 ) ;
#3115 = EDGE_CURVE ( 'NONE', #1047, #657, #1680, .T. ) ;
#3116 = CARTESIAN_POINT ( 'NONE',  ( 0.3099999999999999978, -0.5699999999999999512, -0.3549999999999999822 ) ) ;
#3117 = DIRECTION ( 'NONE',  ( -6.505213034913030548E-15, 0.000000000000000000, -1.000000000000000000 ) ) ;
#3118 = DIRECTION ( 'NONE',  ( 6.982962677686270655E-15, 0.000000000000000000, 1.000000000000000000 ) ) ;
#3119 = CARTESIAN_POINT ( 'NONE',  ( -1.394874999943561011, 1.976269565185000854, 7.000000000000000000 ) ) ;
#3120 = EDGE_CURVE ( 'NONE', #3931, #657, #134, .T. ) ;
#3121 = EDGE_CURVE ( 'NONE', #1356, #2531, #2180, .T. ) ;
#3122 = ORIENTED_EDGE ( 'NONE', *, *, #1255, .F. ) ;
#3123 = COORDINATED_UNIVERSAL_TIME_OFFSET ( 1, 0, .AHEAD. ) ;
#3124 = ORIENTED_EDGE ( 'NONE', *, *, #94, .T. ) ;
#3125 = ORIENTED_EDGE ( 'NONE', *, *, #3308, .F. ) ;
#3126 = CARTESIAN_POINT ( 'NONE',  ( 0.3551250000566972265, 12.60815517220120086, -7.000000000000000000 ) ) ;
#3127 = CARTESIAN_POINT ( 'NONE',  ( 0.1149999999999969935, -0.6199999999999999956, -0.3551250000564805109 ) ) ;
#3128 = CARTESIAN_POINT ( 'NONE',  ( 0.2389444872453570234, 0.3449999999999999734, -0.3551250000564815656 ) ) ;
#3129 = ORIENTED_EDGE ( 'NONE', *, *, #2286, .F. ) ;
#3130 = CARTESIAN_POINT ( 'NONE',  ( -0.09067036701419771416, -3.215542242876337387, 5.208695783788594547 ) ) ;
#3131 = VERTEX_POINT ( 'NONE', #2303 ) ;
#3132 = CARTESIAN_POINT ( 'NONE',  ( 0.2750000000000000222, 0.2849999999999999756, -0.3551250000564815656 ) ) ;
#3133 = CIRCLE ( 'NONE', #1869, 0.04999999999999999584 ) ;
#3134 = CARTESIAN_POINT ( 'NONE',  ( 0.3551250000566972265, 3.001549528634499975, -5.912494801853048543 ) ) ;
#3135 = DIRECTION ( 'NONE',  ( -6.505213034913021082E-15, 0.000000000000000000, -1.000000000000000000 ) ) ;
#3136 = EDGE_CURVE ( 'NONE', #3447, #734, #1006, .T. ) ;
#3137 = AXIS2_PLACEMENT_3D ( 'NONE', #1141, #771, #3345 ) ;
#3138 = CARTESIAN_POINT ( 'NONE',  ( -2.846604824987382987, -5.059081103884319752, 6.503485534507348120 ) ) ;
#3139 = CARTESIAN_POINT ( 'NONE',  ( 0.2750000000000000222, -0.2849999999999999756, -0.3551250000564815656 ) ) ;
#3140 = ORIENTED_EDGE ( 'NONE', *, *, #3799, .F. ) ;
#3141 = PERSON_AND_ORGANIZATION ( #1026, #439 ) ;
#3142 = VERTEX_POINT ( 'NONE', #1942 ) ;
#3143 = ORIENTED_EDGE ( 'NONE', *, *, #1045, .T. ) ;
#3144 = DIRECTION ( 'NONE',  ( 0.000000000000000000, 1.000000000000000000, 0.000000000000000000 ) ) ;
#3145 = CARTESIAN_POINT ( 'NONE',  ( 0.5599999999999999423, -0.5199999999999999067, -0.3551250000564835640 ) ) ;
#3146 = DIRECTION ( 'NONE',  ( -1.000000000000000000, 0.000000000000000000, 6.505213034913023449E-15 ) ) ;
#3147 = APPROVAL_PERSON_ORGANIZATION ( #556, #3190, #3397 ) ;
#3148 = AXIS2_PLACEMENT_3D ( 'NONE', #3962, #3733, #486 ) ;
#3149 = CARTESIAN_POINT ( 'NONE',  ( -2.913505490301934844E-15, 0.2799999999999999711, -0.3551250000564795117 ) ) ;
#3150 = EDGE_CURVE ( 'NONE', #2147, #2315, #91, .T. ) ;
#3151 = AXIS2_PLACEMENT_3D ( 'NONE', #4020, #1182, #2455 ) ;
#3152 = ORIENTED_EDGE ( 'NONE', *, *, #3177, .F. ) ;
#3153 = CARTESIAN_POINT ( 'NONE',  ( -1.149999999999999911, 1.149999999999999911, -0.08502500005647160852 ) ) ;
#3154 = AXIS2_PLACEMENT_3D ( 'NONE', #650, #580, #2844 ) ;
#3155 = DIRECTION ( 'NONE',  ( -6.982962677686270655E-15, 0.000000000000000000, -1.000000000000000000 ) ) ;
#3156 = DIRECTION ( 'NONE',  ( -0.000000000000000000, -0.000000000000000000, -1.000000000000000000 ) ) ;
#3157 = CARTESIAN_POINT ( 'NONE',  ( -1.390122952189123184, 1.976435510349247693, 5.796447899862740449 ) ) ;
#3158 = EDGE_CURVE ( 'NONE', #1970, #1619, #360, .T. ) ;
#3159 = CARTESIAN_POINT ( 'NONE',  ( 0.6600000000000000311, -0.2250000000000000056, -0.3551250000564845077 ) ) ;
#3160 = VECTOR ( 'NONE', #2872, 1000.000000000000000 ) ;
#3161 = DIRECTION ( 'NONE',  ( -6.505213034913030548E-15, 0.000000000000000000, -1.000000000000000000 ) ) ;
#3162 = ORIENTED_EDGE ( 'NONE', *, *, #2403, .T. ) ;
#3163 = PERSON_AND_ORGANIZATION_ROLE ( 'design_owner' ) ;
#3164 = ORIENTED_EDGE ( 'NONE', *, *, #45, .F. ) ;
#3165 = ORIENTED_EDGE ( 'NONE', *, *, #2675, .T. ) ;
#3166 = CIRCLE ( 'NONE', #3433, 0.02499999999999999792 ) ;
#3167 = DIRECTION ( 'NONE',  ( -6.505213034913030548E-15, 0.000000000000000000, -1.000000000000000000 ) ) ;
#3168 = CARTESIAN_POINT ( 'NONE',  ( 0.4850000000000000422, -0.5950000000000000844, -0.3551250000564830089 ) ) ;
#3169 = AXIS2_PLACEMENT_3D ( 'NONE', #2108, #805, #1139 ) ;
#3170 = VECTOR ( 'NONE', #3020, 1000.000000000000000 ) ;
#3171 = DIRECTION ( 'NONE',  ( 1.000000000000000000, 0.000000000000000000, -6.505213034913023449E-15 ) ) ;
#3172 = EDGE_LOOP ( 'NONE', ( #3162, #2575, #28, #1041 ) ) ;
#3174 = FACE_BOUND ( 'NONE', #3604, .T. ) ;
#3173 = AXIS2_PLACEMENT_3D ( 'NONE', #3406, #3694, #547 ) ;
#3175 = ORIENTED_EDGE ( 'NONE', *, *, #2701, .T. ) ;
#3176 = CARTESIAN_POINT ( 'NONE',  ( 0.08999999999999680478, 0.5950000000000000844, -0.3551250000564805109 ) ) ;
#3177 = EDGE_CURVE ( 'NONE', #2085, #1733, #3854, .T. ) ;
#3178 = ADVANCED_FACE ( 'NONE', ( #1966 ), #3231, .T. ) ;
#3179 = VECTOR ( 'NONE', #590, 1000.000000000000114 ) ;
#3180 = DIRECTION ( 'NONE',  ( 1.000000000000000000, 0.000000000000000000, -6.982962677686270655E-15 ) ) ;
#3181 = LINE ( 'NONE', #2161, #399 ) ;
#3182 = ORIENTED_EDGE ( 'NONE', *, *, #3069, .T. ) ;
#3183 = LINE ( 'NONE', #3801, #2152 ) ;
#3184 = LINE ( 'NONE', #1008, #3847 ) ;
#3185 = DIRECTION ( 'NONE',  ( 1.000000000000000000, 0.000000000000000000, -7.228014483236693597E-15 ) ) ;
#3186 = ORIENTED_EDGE ( 'NONE', *, *, #1580, .F. ) ;
#3187 = CALENDAR_DATE ( 2026, 26, 8 ) ;
#3188 = ORIENTED_EDGE ( 'NONE', *, *, #2610, .F. ) ;
#3189 = EDGE_LOOP ( 'NONE', ( #1555, #3824, #1117, #2788 ) ) ;
#3190 = APPROVAL ( #946, 'UNSPECIFIED' ) ;
#3191 = DIRECTION ( 'NONE',  ( 6.505213034913021082E-15, 0.000000000000000000, 1.000000000000000000 ) ) ;
#3192 = DIRECTION ( 'NONE',  ( -1.000000000000000000, 0.000000000000000000, 6.505213034913037648E-15 ) ) ;
#3193 = EDGE_CURVE ( 'NONE', #811, #3515, #3899, .T. ) ;
#3194 = DIRECTION ( 'NONE',  ( 1.000000000000000000, 0.000000000000000000, -6.505213034913023449E-15 ) ) ;
#3195 = ORIENTED_EDGE ( 'NONE', *, *, #2253, .T. ) ;
#3196 = CARTESIAN_POINT ( 'NONE',  ( 0.4449999999999999512, 1.084202172485503941E-16, -0.3551250000564830089 ) ) ;
#3197 = ORIENTED_EDGE ( 'NONE', *, *, #2537, .F. ) ;
#3198 = CARTESIAN_POINT ( 'NONE',  ( 0.4850000000000000422, -0.5950000000000000844, -0.3549999999999999822 ) ) ;
#3199 = DIRECTION ( 'NONE',  ( 6.982962677686270655E-15, 0.000000000000000000, 1.000000000000000000 ) ) ;
#3200 = EDGE_LOOP ( 'NONE', ( #2032, #2933, #2621, #881 ) ) ;
#3201 = LINE ( 'NONE', #1627, #2517 ) ;
#3202 = DIRECTION ( 'NONE',  ( 0.000000000000000000, -1.000000000000000000, 0.000000000000000000 ) ) ;
#3203 = CIRCLE ( 'NONE', #1419, 0.04999999999999999584 ) ;
#3204 = CYLINDRICAL_SURFACE ( 'NONE', #195, 0.02500000000000001180 ) ;
#3205 = DIRECTION ( 'NONE',  ( -1.000000000000000000, 0.000000000000000000, 6.505213034913037648E-15 ) ) ;
#3206 = VERTEX_POINT ( 'NONE', #784 ) ;
#3207 = APPROVAL_STATUS ( 'not_yet_approved' ) ;
#3208 = ORIENTED_EDGE ( 'NONE', *, *, #3866, .F. ) ;
#3209 = ORIENTED_EDGE ( 'NONE', *, *, #2636, .T. ) ;
#3210 = DIRECTION ( 'NONE',  ( 7.228014483236690442E-15, 0.000000000000000000, 1.000000000000000000 ) ) ;
#3211 = CARTESIAN_POINT ( 'NONE',  ( 0.2518214560863000218, -0.2464285714285714968, -0.3551250000564815656 ) ) ;
#3212 = SECURITY_CLASSIFICATION ( '', '', #1192 ) ;
#3213 = CYLINDRICAL_SURFACE ( 'NONE', #174, 0.04500000000000001221 ) ;
#3214 = VERTEX_POINT ( 'NONE', #1723 ) ;
#3215 = EDGE_CURVE ( 'NONE', #1287, #1534, #3628, .T. ) ;
#3216 = FACE_OUTER_BOUND ( 'NONE', #2118, .T. ) ;
#3217 = ORIENTED_EDGE ( 'NONE', *, *, #865, .F. ) ;
#3218 = DIRECTION ( 'NONE',  ( 7.228014483236690442E-15, 0.000000000000000000, 1.000000000000000000 ) ) ;
#3219 = CC_DESIGN_APPROVAL ( #2074, ( #2224 ) ) ;
#3220 = AXIS2_PLACEMENT_3D ( 'NONE', #3015, #2037, #199 ) ;
#3221 = DIRECTION ( 'NONE',  ( 1.000000000000000000, 0.000000000000000000, 0.000000000000000000 ) ) ;
#3222 = AXIS2_PLACEMENT_3D ( 'NONE', #3581, #2611, #2360 ) ;
#3223 = VERTEX_POINT ( 'NONE', #2685 ) ;
#3224 = CIRCLE ( 'NONE', #3032, 0.02499999999999995628 ) ;
#3225 = DIRECTION ( 'NONE',  ( -1.000000000000000000, 0.000000000000000000, 6.505213034913027393E-15 ) ) ;
#3226 = ORIENTED_EDGE ( 'NONE', *, *, #3215, .F. ) ;
#3227 = CARTESIAN_POINT ( 'NONE',  ( 0.5599999999999999423, 0.5199999999999999067, -0.3551250000564835640 ) ) ;
#3228 = VECTOR ( 'NONE', #1513, 1000.000000000000000 ) ;
#3229 = VECTOR ( 'NONE', #1115, 1000.000000000000000 ) ;
#3230 = DIRECTION ( 'NONE',  ( 6.982962677686270655E-15, 0.000000000000000000, 1.000000000000000000 ) ) ;
#3231 = PLANE ( 'NONE',  #2665 ) ;
#3232 = ADVANCED_FACE ( 'NONE', ( #2365 ), #2050, .T. ) ;
#3233 = APPLICATION_PROTOCOL_DEFINITION ( 'international standard', 'config_control_design', 1994, #4050 ) ;
#3234 = ORIENTED_EDGE ( 'NONE', *, *, #1811, .F. ) ;
#3235 = ORIENTED_EDGE ( 'NONE', *, *, #777, .F. ) ;
#3236 = DIRECTION ( 'NONE',  ( -1.000000000000000000, 1.885568995626964780E-16, 6.982962677686270655E-15 ) ) ;
#3237 = CARTESIAN_POINT ( 'NONE',  ( 0.3350000000000000200, 0.6199999999999999956, -0.3551250000564820097 ) ) ;
#3238 = CIRCLE ( 'NONE', #1119, 0.04999999999999999584 ) ;
#3239 = VECTOR ( 'NONE', #2789, 1000.000000000000000 ) ;
#3240 = CARTESIAN_POINT ( 'NONE',  ( -3.278073379930583897, -4.979360001396816671, -5.009024739494249090 ) ) ;
#3241 = VERTEX_POINT ( 'NONE', #1408 ) ;
#3242 = DIRECTION ( 'NONE',  ( -6.505213034913030548E-15, 0.000000000000000000, -1.000000000000000000 ) ) ;
#3243 = ORIENTED_EDGE ( 'NONE', *, *, #2596, .F. ) ;
#3244 = DIRECTION ( 'NONE',  ( -1.000000000000000000, 0.000000000000000000, 6.505213034913037648E-15 ) ) ;
#3245 = CIRCLE ( 'NONE', #3760, 0.02499999999999995628 ) ;
#3246 = VECTOR ( 'NONE', #2217, 1000.000000000000000 ) ;
#3247 = FACE_OUTER_BOUND ( 'NONE', #1013, .T. ) ;
#3248 = VERTEX_POINT ( 'NONE', #2459 ) ;
#3249 = VECTOR ( 'NONE', #1096, 1000.000000000000000 ) ;
#3250 = DIRECTION ( 'NONE',  ( 6.982962677686270655E-15, 0.000000000000000000, 1.000000000000000000 ) ) ;
#3251 = ORIENTED_EDGE ( 'NONE', *, *, #214, .T. ) ;
#3252 = DIRECTION ( 'NONE',  ( -6.505213034913030548E-15, 0.000000000000000000, -1.000000000000000000 ) ) ;
#3253 = VECTOR ( 'NONE', #4047, 1000.000000000000000 ) ;
#3254 = VECTOR ( 'NONE', #2570, 1000.000000000000000 ) ;
#3255 = ADVANCED_FACE ( 'NONE', ( #2641 ), #208, .F. ) ;
#3256 = FACE_OUTER_BOUND ( 'NONE', #1416, .T. ) ;
#3257 = CARTESIAN_POINT ( 'NONE',  ( -14.42821775356789615, 2.252442830001658791, 5.827693004115485742 ) ) ;
#3258 = COORDINATED_UNIVERSAL_TIME_OFFSET ( 1, 0, .AHEAD. ) ;
#3259 = ORIENTED_EDGE ( 'NONE', *, *, #1097, .F. ) ;
#3260 = ORIENTED_EDGE ( 'NONE', *, *, #997, .T. ) ;
#3261 = EDGE_CURVE ( 'NONE', #2005, #1927, #2771, .T. ) ;
#3262 = FACE_OUTER_BOUND ( 'NONE', #2687, .T. ) ;
#3263 = CARTESIAN_POINT ( 'NONE',  ( 1.149999999999999911, -1.149999999999999911, -0.08502500005648770676 ) ) ;
#3264 = FACE_OUTER_BOUND ( 'NONE', #2888, .T. ) ;
#3265 = ORIENTED_EDGE ( 'NONE', *, *, #961, .T. ) ;
#3266 = EDGE_CURVE ( 'NONE', #2750, #2849, #645, .T. ) ;
#3267 = DIRECTION ( 'NONE',  ( 0.000000000000000000, -1.000000000000000000, 0.000000000000000000 ) ) ;
#3268 = ORIENTED_EDGE ( 'NONE', *, *, #386, .T. ) ;
#3269 = CARTESIAN_POINT ( 'NONE',  ( -0.6600000000000000311, 0.2550000000000000044, -0.3551250000564750153 ) ) ;
#3270 = CARTESIAN_POINT ( 'NONE',  ( -1.314338543873475373, -1.876693345665473078, -5.360258696774949705 ) ) ;
#3271 = ORIENTED_EDGE ( 'NONE', *, *, #84, .F. ) ;
#3272 = DIRECTION ( 'NONE',  ( 6.982962677686270655E-15, 0.000000000000000000, 1.000000000000000000 ) ) ;
#3273 = EDGE_LOOP ( 'NONE', ( #163, #3512, #3833, #910 ) ) ;
#3274 = DIRECTION ( 'NONE',  ( 1.000000000000000000, 0.000000000000000000, -6.505213034913023449E-15 ) ) ;
#3275 = CIRCLE ( 'NONE', #2474, 0.04500000000000001221 ) ;
#3276 = ADVANCED_FACE ( 'NONE', ( #2667 ), #2011, .T. ) ;
#3277 = CARTESIAN_POINT ( 'NONE',  ( -18.94519211359817135, 7.540918895746568040, 6.426369105244415181 ) ) ;
#3278 = DIRECTION ( 'NONE',  ( -6.505213034913021082E-15, 0.000000000000000000, -1.000000000000000000 ) ) ;
#3279 = APPROVAL_DATE_TIME ( #3678, #1594 ) ;
#3280 = VERTEX_POINT ( 'NONE', #1725 ) ;
#3281 = ORIENTED_EDGE ( 'NONE', *, *, #3857, .T. ) ;
#3282 = DIRECTION ( 'NONE',  ( 6.982962677686270655E-15, 0.000000000000000000, 1.000000000000000000 ) ) ;
#3283 = CARTESIAN_POINT ( 'NONE',  ( -1.040765121665585768, -0.4787116080806331775, 5.518515677746809622 ) ) ;
#3284 = LINE ( 'NONE', #1710, #552 ) ;
#3285 = ORIENTED_EDGE ( 'NONE', *, *, #2744, .F. ) ;
#3286 = APPROVAL_PERSON_ORGANIZATION ( #2052, #3938, #2031 ) ;
#3287 = CARTESIAN_POINT ( 'NONE',  ( -1.149999999999999911, 1.149999999999999911, 0.004974999943528359524 ) ) ;
#3288 = ORIENTED_EDGE ( 'NONE', *, *, #3756, .F. ) ;
#3289 = DIRECTION ( 'NONE',  ( -6.982962677686270655E-15, 0.000000000000000000, -1.000000000000000000 ) ) ;
#3290 = EDGE_CURVE ( 'NONE', #3398, #1306, #1410, .T. ) ;
#3291 = CARTESIAN_POINT ( 'NONE',  ( -1.023021868508782406, -0.4793968695130562674, -5.518438103482017354 ) ) ;
#3292 = EDGE_LOOP ( 'NONE', ( #831, #708, #2975, #1561 ) ) ;
#3293 = CARTESIAN_POINT ( 'NONE',  ( -0.6350000000000000089, -0.4249999999999999889, -0.3551250000564750153 ) ) ;
#3294 = ORIENTED_EDGE ( 'NONE', *, *, #3266, .F. ) ;
#3295 = CARTESIAN_POINT ( 'NONE',  ( -3.645765441986447808, 7.633576839299838213, -6.436858345565287465 ) ) ;
#3296 = CC_DESIGN_APPROVAL ( #1040, ( #4104 ) ) ;
#3297 = CIRCLE ( 'NONE', #550, 0.02499999999999999792 ) ;
#3298 = LINE ( 'NONE', #448, #2656 ) ;
#3299 = VECTOR ( 'NONE', #1598, 1000.000000000000000 ) ;
#3300 = CARTESIAN_POINT ( 'NONE',  ( 0.3350000000000000200, 0.6199999999999999956, -0.3551250000564820097 ) ) ;
#3301 = DIRECTION ( 'NONE',  ( -6.505213034913021082E-15, 0.000000000000000000, -1.000000000000000000 ) ) ;
#3302 = ADVANCED_FACE ( 'NONE', ( #141 ), #2736, .T. ) ;
#3303 = PERSON_AND_ORGANIZATION ( #2261, #3672 ) ;
#3304 = ORIENTED_EDGE ( 'NONE', *, *, #3805, .T. ) ;
#3305 = ORIENTED_EDGE ( 'NONE', *, *, #1881, .F. ) ;
#3306 = CARTESIAN_POINT ( 'NONE',  ( 0.1149999999999972017, 0.2250000000000000056, -0.3549999999999999822 ) ) ;
#3307 = DIRECTION ( 'NONE',  ( -1.000000000000000000, 0.000000000000000000, 6.505213034913027393E-15 ) ) ;
#3308 = EDGE_CURVE ( 'NONE', #870, #23, #2850, .T. ) ;
#3309 =( LENGTH_UNIT ( ) NAMED_UNIT ( * ) SI_UNIT ( .MILLI., .METRE. ) );
#3310 = ORIENTED_EDGE ( 'NONE', *, *, #3826, .T. ) ;
#3311 = CARTESIAN_POINT ( 'NONE',  ( 0.3099999999999999978, -0.5950000000000000844, -0.3551250000564820097 ) ) ;
#3312 = CARTESIAN_POINT ( 'NONE',  ( 0.3099999999999999978, 0.5950000000000000844, -0.3551250000564820097 ) ) ;
#3313 = CIRCLE ( 'NONE', #981, 0.02499999999999995628 ) ;
#3314 = CYLINDRICAL_SURFACE ( 'NONE', #1167, 0.02499999999999995628 ) ;
#3315 = ORIENTED_EDGE ( 'NONE', *, *, #1526, .T. ) ;
#3316 = FACE_OUTER_BOUND ( 'NONE', #3611, .T. ) ;
#3317 = VECTOR ( 'NONE', #3448, 1000.000000000000000 ) ;
#3318 = ORIENTED_EDGE ( 'NONE', *, *, #1384, .T. ) ;
#3319 = DIRECTION ( 'NONE',  ( 0.9993908270190959842, -0.03489949670249007513, 0.000000000000000000 ) ) ;
#3320 = EDGE_CURVE ( 'NONE', #3398, #1156, #1987, .T. ) ;
#3321 = EDGE_CURVE ( 'NONE', #466, #412, #4006, .T. ) ;
#3322 = VECTOR ( 'NONE', #1747, 1000.000000000000000 ) ;
#3323 = CARTESIAN_POINT ( 'NONE',  ( 0.1149999999999969935, -0.6199999999999999956, -0.3551250000564805109 ) ) ;
#3324 = CALENDAR_DATE ( 2026, 26, 8 ) ;
#3325 = VERTEX_POINT ( 'NONE', #1148 ) ;
#3326 = CARTESIAN_POINT ( 'NONE',  ( 0.5599999999999999423, 0.5699999999999999512, -0.3551250000564835640 ) ) ;
#3327 = DIRECTION ( 'NONE',  ( -1.000000000000000000, 0.000000000000000000, 6.982962677686270655E-15 ) ) ;
#3328 = ORIENTED_EDGE ( 'NONE', *, *, #1361, .F. ) ;
#3329 = CARTESIAN_POINT ( 'NONE',  ( 0.3551250000109473781, -2.723253226996779741, -5.264424818957035512 ) ) ;
#3330 = EDGE_CURVE ( 'NONE', #983, #3575, #3051, .T. ) ;
#3331 = ORIENTED_EDGE ( 'NONE', *, *, #3565, .F. ) ;
#3332 = FACE_OUTER_BOUND ( 'NONE', #1926, .T. ) ;
#3333 = ORIENTED_EDGE ( 'NONE', *, *, #1963, .F. ) ;
#3334 = FACE_OUTER_BOUND ( 'NONE', #2944, .T. ) ;
#3335 = EDGE_LOOP ( 'NONE', ( #796, #844, #3784, #1032 ) ) ;
#3336 = DIRECTION ( 'NONE',  ( -1.000000000000000000, 0.000000000000000000, 6.505213034913037648E-15 ) ) ;
#3337 = EDGE_CURVE ( 'NONE', #3602, #2583, #854, .T. ) ;
#3338 = CARTESIAN_POINT ( 'NONE',  ( 0.6600000000000000311, 0.06000000000000000472, -0.3551250000564845077 ) ) ;
#3339 = EDGE_CURVE ( 'NONE', #37, #2005, #2326, .T. ) ;
#3340 = DATE_TIME_ROLE ( 'classification_date' ) ;
#3341 = VERTEX_POINT ( 'NONE', #855 ) ;
#3342 = LINE ( 'NONE', #2812, #3890 ) ;
#3343 = CARTESIAN_POINT ( 'NONE',  ( 0.08999999999999680478, -0.3449999999999999734, -0.3551250000564805109 ) ) ;
#3344 = VECTOR ( 'NONE', #3910, 1000.000000000000000 ) ;
#3345 = DIRECTION ( 'NONE',  ( 0.000000000000000000, 5.048709793414475555E-29, 0.9999999999999998890 ) ) ;
#3346 = VERTEX_POINT ( 'NONE', #2030 ) ;
#3347 = CARTESIAN_POINT ( 'NONE',  ( 0.2750000000000000222, 0.2849999999999999756, -0.3551250000564815656 ) ) ;
#3348 = CARTESIAN_POINT ( 'NONE',  ( -1.092990794241189167, 0.5806537763005525932, -5.638439967865135571 ) ) ;
#3349 = EDGE_CURVE ( 'NONE', #3043, #437, #516, .T. ) ;
#3350 = FACE_OUTER_BOUND ( 'NONE', #275, .T. ) ;
#3351 = VERTEX_POINT ( 'NONE', #1807 ) ;
#3352 = CARTESIAN_POINT ( 'NONE',  ( 0.4810555127546370380, -0.03499999999999999639, -0.3549999999999999822 ) ) ;
#3353 = DIRECTION ( 'NONE',  ( 1.000000000000000000, 0.000000000000000000, -6.505213034913023449E-15 ) ) ;
#3354 = LOCAL_TIME ( 11, 15, 59.00000000000000000, #3960 ) ;
#3355 = ORIENTED_EDGE ( 'NONE', *, *, #3261, .F. ) ;
#3356 = CIRCLE ( 'NONE', #108, 0.02499999999999995628 ) ;
#3357 = VECTOR ( 'NONE', #1328, 1000.000000000000000 ) ;
#3358 = DIRECTION ( 'NONE',  ( -6.505213034913040804E-15, 0.000000000000000000, -1.000000000000000000 ) ) ;
#3359 = DIRECTION ( 'NONE',  ( 6.505213034913040804E-15, 0.000000000000000000, 1.000000000000000000 ) ) ;
#3360 = EDGE_CURVE ( 'NONE', #3241, #2600, #764, .T. ) ;
#3361 = VECTOR ( 'NONE', #3815, 1000.000000000000000 ) ;
#3362 = ORIENTED_EDGE ( 'NONE', *, *, #2346, .F. ) ;
#3363 = CARTESIAN_POINT ( 'NONE',  ( 0.6600000000000000311, 0.06000000000000000472, -0.3551250000564845077 ) ) ;
#3364 = DIRECTION ( 'NONE',  ( -0.000000000000000000, -0.000000000000000000, -1.000000000000000000 ) ) ;
#3365 = ORIENTED_EDGE ( 'NONE', *, *, #3990, .T. ) ;
#3366 = ORIENTED_EDGE ( 'NONE', *, *, #386, .F. ) ;
#3367 = CIRCLE ( 'NONE', #384, 0.02499999999999995628 ) ;
#3368 = DIRECTION ( 'NONE',  ( -1.000000000000000000, 0.000000000000000000, 6.505213034913037648E-15 ) ) ;
#3369 = DIRECTION ( 'NONE',  ( 6.505213034913030548E-15, 0.000000000000000000, 1.000000000000000000 ) ) ;
#3370 = AXIS2_PLACEMENT_3D ( 'NONE', #2157, #2080, #1821 ) ;
#3371 = APPROVAL ( #3704, 'UNSPECIFIED' ) ;
#3372 = CARTESIAN_POINT ( 'NONE',  ( -8.981845694529432933, 12.60815517220120086, 7.000000000000000000 ) ) ;
#3373 = EDGE_CURVE ( 'NONE', #2410, #2574, #3589, .T. ) ;
#3374 = AXIS2_PLACEMENT_3D ( 'NONE', #555, #3161, #2190 ) ;
#3375 = VECTOR ( 'NONE', #1437, 1000.000000000000000 ) ;
#3376 = DATE_AND_TIME ( #2104, #826 ) ;
#3377 = ORIENTED_EDGE ( 'NONE', *, *, #4034, .T. ) ;
#3378 = DIRECTION ( 'NONE',  ( 1.000000000000000000, 0.000000000000000000, -6.982962677686270655E-15 ) ) ;
#3379 = CARTESIAN_POINT ( 'NONE',  ( -2.846604824987382987, -5.059081103884319752, -5.327597916784519327 ) ) ;
#3380 = AXIS2_PLACEMENT_3D ( 'NONE', #709, #1675, #3225 ) ;
#3381 = VECTOR ( 'NONE', #1353, 1000.000000000000000 ) ;
#3382 = DIRECTION ( 'NONE',  ( 1.000000000000000000, 0.000000000000000000, 0.000000000000000000 ) ) ;
#3383 = EDGE_CURVE ( 'NONE', #251, #1765, #3700, .T. ) ;
#3384 = ORIENTED_EDGE ( 'NONE', *, *, #250, .F. ) ;
#3385 = CARTESIAN_POINT ( 'NONE',  ( 0.2099999999999969946, 0.5950000000000000844, -0.3551250000564810660 ) ) ;
#3386 = CARTESIAN_POINT ( 'NONE',  ( 0.5810555127546370713, 0.3200000000000000067, -0.3551250000564840081 ) ) ;
#3387 = ADVANCED_FACE ( 'NONE', ( #2972 ), #92, .F. ) ;
#3388 = LINE ( 'NONE', #2456, #1833 ) ;
#3389 = ORIENTED_EDGE ( 'NONE', *, *, #2978, .F. ) ;
#3390 = CARTESIAN_POINT ( 'NONE',  ( 0.5810555127546370713, -0.2250000000000000056, -0.3551250000564840081 ) ) ;
#3391 = DIRECTION ( 'NONE',  ( 1.000000000000000000, 0.000000000000000000, -6.505213034913023449E-15 ) ) ;
#3392 = CARTESIAN_POINT ( 'NONE',  ( 0.6350000000000000089, -0.3200000000000000067, -0.3551250000564840081 ) ) ;
#3393 = VERTEX_POINT ( 'NONE', #3096 ) ;
#3394 = EDGE_CURVE ( 'NONE', #2062, #3131, #3731, .T. ) ;
#3395 = CYLINDRICAL_SURFACE ( 'NONE', #3873, 0.02500000000000001180 ) ;
#3396 = CARTESIAN_POINT ( 'NONE',  ( -23.03592114560350268, 12.60815517220120086, 7.000000000000000000 ) ) ;
#3397 = APPROVAL_ROLE ( '' ) ;
#3398 = VERTEX_POINT ( 'NONE', #2496 ) ;
#3399 = ORIENTED_EDGE ( 'NONE', *, *, #829, .T. ) ;
#3400 = CARTESIAN_POINT ( 'NONE',  ( 0.2099999999999969946, 0.5950000000000000844, -0.3551250000564810660 ) ) ;
#3401 = DIRECTION ( 'NONE',  ( 1.000000000000000000, 0.000000000000000000, -6.982962677686270655E-15 ) ) ;
#3402 = CARTESIAN_POINT ( 'NONE',  ( 0.6600000000000000311, -0.3449999999999999734, -0.3551250000564845077 ) ) ;
#3403 = ORIENTED_EDGE ( 'NONE', *, *, #1199, .T. ) ;
#3404 = LINE ( 'NONE', #3730, #2245 ) ;
#3405 = EDGE_CURVE ( 'NONE', #464, #1759, #285, .T. ) ;
#3406 = CARTESIAN_POINT ( 'NONE',  ( 0.4850000000000000422, -0.5950000000000000844, -0.3549999999999999822 ) ) ;
#3407 = DIRECTION ( 'NONE',  ( -1.000000000000000000, 0.000000000000000000, 6.505213034913027393E-15 ) ) ;
#3408 = ORIENTED_EDGE ( 'NONE', *, *, #2421, .F. ) ;
#3409 = CARTESIAN_POINT ( 'NONE',  ( 2.198389076633395778, 0.6188211927258228107, -5.642760668152244641 ) ) ;
#3410 = FACE_OUTER_BOUND ( 'NONE', #3273, .T. ) ;
#3411 = LOCAL_TIME ( 11, 15, 59.00000000000000000, #1545 ) ;
#3412 = VECTOR ( 'NONE', #3643, 1000.000000000000000 ) ;
#3413 = EDGE_CURVE ( 'NONE', #2532, #3660, #889, .T. ) ;
#3414 = AXIS2_PLACEMENT_3D ( 'NONE', #3427, #1912, #2518 ) ;
#3415 = DATE_TIME_ROLE ( 'creation_date' ) ;
#3416 = ORIENTED_EDGE ( 'NONE', *, *, #3405, .T. ) ;
#3417 = AXIS2_PLACEMENT_3D ( 'NONE', #960, #663, #591 ) ;
#3418 = VERTEX_POINT ( 'NONE', #1865 ) ;
#3419 = CARTESIAN_POINT ( 'NONE',  ( -0.09000000000000249467, -0.4249999999999999889, -0.3551250000564790676 ) ) ;
#3420 = VECTOR ( 'NONE', #3401, 1000.000000000000000 ) ;
#3421 = DIRECTION ( 'NONE',  ( -1.000000000000000000, 0.000000000000000000, 7.228014483236693597E-15 ) ) ;
#3422 = EDGE_CURVE ( 'NONE', #287, #2350, #2855, .T. ) ;
#3423 = CARTESIAN_POINT ( 'NONE',  ( 0.5810555127546370713, 0.2500000000000000000, -0.3551250000564840081 ) ) ;
#3424 = FACE_BOUND ( 'NONE', #3686, .T. ) ;
#3425 = EDGE_LOOP ( 'NONE', ( #1713, #2907, #80, #333 ) ) ;
#3426 = CARTESIAN_POINT ( 'NONE',  ( -0.6350000000000000089, -0.5950000000000000844, -0.3551250000564750153 ) ) ;
#3427 = CARTESIAN_POINT ( 'NONE',  ( 0.5810555127546370713, 0.2250000000000000056, -0.3551250000564840081 ) ) ;
#3428 = ADVANCED_FACE ( 'NONE', ( #3449 ), #3467, .F. ) ;
#3429 = DIRECTION ( 'NONE',  ( 1.000000000000000000, 0.000000000000000000, -6.505213034913023449E-15 ) ) ;
#3430 = CARTESIAN_POINT ( 'NONE',  ( 0.5810555127546370713, 0.3200000000000000067, -0.3551250000564840081 ) ) ;
#3431 = CARTESIAN_POINT ( 'NONE',  ( 0.1749999999999969913, -0.05000000000000000278, -0.3551250000564810660 ) ) ;
#3432 = CIRCLE ( 'NONE', #3645, 0.02499999999999995628 ) ;
#3433 = AXIS2_PLACEMENT_3D ( 'NONE', #978, #1272, #1556 ) ;
#3434 = DIRECTION ( 'NONE',  ( 7.228014483236690442E-15, 0.000000000000000000, 1.000000000000000000 ) ) ;
#3435 = VERTEX_POINT ( 'NONE', #2475 ) ;
#3436 = VECTOR ( 'NONE', #2666, 1000.000000000000000 ) ;
#3437 = APPROVAL_DATE_TIME ( #2127, #3371 ) ;
#3438 = ORIENTED_EDGE ( 'NONE', *, *, #345, .T. ) ;
#3439 = VERTEX_POINT ( 'NONE', #1250 ) ;
#3440 = CARTESIAN_POINT ( 'NONE',  ( 0.1149999999999967992, 0.2250000000000000056, -0.3551250000564805109 ) ) ;
#3441 = CIRCLE ( 'NONE', #194, 0.02499999999999999792 ) ;
#3442 = CARTESIAN_POINT ( 'NONE',  ( 0.6350000000000000089, 0.2500000000000000000, -0.3551250000564840081 ) ) ;
#3443 = B_SPLINE_CURVE_WITH_KNOTS ( 'NONE', 3,
 ( #3001, #122, #3860, #1995, #3594, #2335, #2646, #2016, #3283, #1396, #1730, #2690, #3905, #996 ),
 .UNSPECIFIED., .F., .F.,
 ( 4, 2, 2, 2, 2, 2, 4 ),
 ( 4.848699518061080308E-19, 0.001074770045781389812, 0.001612155068672084610, 0.002149540091562779191, 0.002686925114453473772, 0.003224310137344168787, 0.004299080183125557515 ),
 .UNSPECIFIED. ) ;
#3444 = LINE ( 'NONE', #11, #1500 ) ;
#3445 = EDGE_CURVE ( 'NONE', #2532, #3043, #2792, .T. ) ;
#3446 = DIRECTION ( 'NONE',  ( -1.000000000000000000, 0.000000000000000000, 6.982962677686270655E-15 ) ) ;
#3447 = VERTEX_POINT ( 'NONE', #588 ) ;
#3448 = DIRECTION ( 'NONE',  ( 6.982962677686270655E-15, 0.000000000000000000, 1.000000000000000000 ) ) ;
#3449 = FACE_OUTER_BOUND ( 'NONE', #2332, .T. ) ;
#3450 = LINE ( 'NONE', #354, #3179 ) ;
#3451 = EDGE_CURVE ( 'NONE', #3642, #272, #633, .T. ) ;
#3452 = DIRECTION ( 'NONE',  ( -6.505213034913021082E-15, 0.000000000000000000, -1.000000000000000000 ) ) ;
#3453 = CARTESIAN_POINT ( 'NONE',  ( -8.445166023051415394, -2.729959031358991872, 5.263665695769042863 ) ) ;
#3454 = ADVANCED_FACE ( 'NONE', ( #1291 ), #3753, .F. ) ;
#3455 = VERTEX_POINT ( 'NONE', #3134 ) ;
#3456 = PERSON_AND_ORGANIZATION_ROLE ( 'classification_officer' ) ;
#3457 = ORIENTED_EDGE ( 'NONE', *, *, #77, .F. ) ;
#3458 = VERTEX_POINT ( 'NONE', #1885 ) ;
#3459 = CARTESIAN_POINT ( 'NONE',  ( 0.5681785439136940452, -0.2464285714285714968, -0.3551250000564835640 ) ) ;
#3460 = DIRECTION ( 'NONE',  ( -0.000000000000000000, 0.9936533736897814606, 0.1124854344122625388 ) ) ;
#3461 = DIRECTION ( 'NONE',  ( -1.000000000000000000, 0.000000000000000000, 6.982962677686270655E-15 ) ) ;
#3462 = ORIENTED_EDGE ( 'NONE', *, *, #483, .T. ) ;
#3463 = CARTESIAN_POINT ( 'NONE',  ( -2.260328794758161397, -4.745950792246729222, 5.035447571622896135 ) ) ;
#3464 = ORIENTED_EDGE ( 'NONE', *, *, #2610, .T. ) ;
#3465 = LINE ( 'NONE', #607, #3834 ) ;
#3466 = EDGE_CURVE ( 'NONE', #1343, #1612, #1371, .T. ) ;
#3467 = CYLINDRICAL_SURFACE ( 'NONE', #619, 0.02500000000000001180 ) ;
#3468 = CARTESIAN_POINT ( 'NONE',  ( 1.149999999999999911, 1.149999999999999911, -0.08502500005648770676 ) ) ;
#3469 = CARTESIAN_POINT ( 'NONE',  ( 0.2599999999999999534, -0.5699999999999999512, -0.3551250000564815656 ) ) ;
#3470 = CC_DESIGN_SECURITY_CLASSIFICATION ( #3877, ( #292 ) ) ;
#3471 = CARTESIAN_POINT ( 'NONE',  ( 0.3350000000000000200, -0.6199999999999999956, -0.3551250000564820097 ) ) ;
#3472 = DIRECTION ( 'NONE',  ( -6.505213034913040804E-15, 0.000000000000000000, -1.000000000000000000 ) ) ;
#3473 = ORIENTED_EDGE ( 'NONE', *, *, #18, .T. ) ;
#3474 = CALENDAR_DATE ( 2026, 26, 8 ) ;
#3475 = EDGE_LOOP ( 'NONE', ( #4023, #2632, #661, #3903 ) ) ;
#3476 = ORIENTED_EDGE ( 'NONE', *, *, #2913, .T. ) ;
#3477 = ADVANCED_FACE ( 'NONE', ( #310 ), #1273, .T. ) ;
#3478 = DIRECTION ( 'NONE',  ( 1.000000000000000000, 0.000000000000000000, -6.505213034913023449E-15 ) ) ;
#3479 = CARTESIAN_POINT ( 'NONE',  ( -0.1150000000000013928, -0.06000000000000000472, -0.3551250000564785125 ) ) ;
#3480 = APPROVAL_PERSON_ORGANIZATION ( #3901, #2947, #968 ) ;
#3481 = AXIS2_PLACEMENT_3D ( 'NONE', #3534, #2228, #3780 ) ;
#3482 = CYLINDRICAL_SURFACE ( 'NONE', #374, 0.02500000000000001180 ) ;
#3483 = ORIENTED_EDGE ( 'NONE', *, *, #1691, .T. ) ;
#3484 = AXIS2_PLACEMENT_3D ( 'NONE', #65, #3915, #3221 ) ;
#3485 = LINE ( 'NONE', #2181, #843 ) ;
#3486 = VERTEX_POINT ( 'NONE', #3777 ) ;
#3487 = LINE ( 'NONE', #1535, #510 ) ;
#3488 = DIRECTION ( 'NONE',  ( 1.000000000000000000, -4.401757866934369622E-17, -6.982962677686270655E-15 ) ) ;
#3489 = DIRECTION ( 'NONE',  ( 1.000000000000000000, 0.000000000000000000, -6.982962677686270655E-15 ) ) ;
#3490 = CARTESIAN_POINT ( 'NONE',  ( 0.1149999999999969935, -0.05000000000000000278, -0.3549999999999999822 ) ) ;
#3491 = PRODUCT_DEFINITION ( 'UNKNOWN', '', #1705, #1678 ) ;
#3492 = LINE ( 'NONE', #2883, #3254 ) ;
#3493 = EDGE_CURVE ( 'NONE', #691, #2147, #1845, .T. ) ;
#3494 = LINE ( 'NONE', #1589, #794 ) ;
#3495 = VERTEX_POINT ( 'NONE', #246 ) ;
#3496 = SHAPE_DEFINITION_REPRESENTATION ( #3025, #1157 ) ;
#3497 = ORIENTED_EDGE ( 'NONE', *, *, #3799, .T. ) ;
#3498 = ORIENTED_EDGE ( 'NONE', *, *, #2112, .F. ) ;
#3499 = AXIS2_PLACEMENT_3D ( 'NONE', #2022, #2059, #3289 ) ;
#3500 = CARTESIAN_POINT ( 'NONE',  ( 0.2599999999999999534, -0.5699999999999999512, -0.3551250000564815656 ) ) ;
#3501 = DIRECTION ( 'NONE',  ( -1.000000000000000000, 0.000000000000000000, 6.505213034913023449E-15 ) ) ;
#3502 = AXIS2_PLACEMENT_3D ( 'NONE', #1085, #1347, #3544 ) ;
#3503 = EDGE_CURVE ( 'NONE', #3435, #3651, #566, .T. ) ;
#3504 = LINE ( 'NONE', #750, #1234 ) ;
#3505 = EDGE_LOOP ( 'NONE', ( #54, #864, #1180, #2405 ) ) ;
#3506 = DIRECTION ( 'NONE',  ( 6.505213034913030548E-15, 0.000000000000000000, 1.000000000000000000 ) ) ;
#3507 = ORIENTED_EDGE ( 'NONE', *, *, #1825, .T. ) ;
#3508 = CARTESIAN_POINT ( 'NONE',  ( 0.5810555127546370713, 0.2500000000000000000, -0.3549999999999999822 ) ) ;
#3509 = VECTOR ( 'NONE', #2943, 1000.000000000000000 ) ;
#3510 = CARTESIAN_POINT ( 'NONE',  ( 0.6600000000000000311, 0.4949999999999999956, -0.3550000000000045342 ) ) ;
#3511 = AXIS2_PLACEMENT_3D ( 'NONE', #2859, #3, #665 ) ;
#3512 = ORIENTED_EDGE ( 'NONE', *, *, #3115, .F. ) ;
#3513 = DIRECTION ( 'NONE',  ( 6.505213034913021082E-15, 0.000000000000000000, 1.000000000000000000 ) ) ;
#3514 = CARTESIAN_POINT ( 'NONE',  ( 0.3350000000000000200, 0.5950000000000000844, -0.3551250000564820097 ) ) ;
#3515 = VERTEX_POINT ( 'NONE', #1519 ) ;
#3516 = CARTESIAN_POINT ( 'NONE',  ( 0.2389444872453570234, 0.2500000000000000000, -0.3551250000564815656 ) ) ;
#3517 = CARTESIAN_POINT ( 'NONE',  ( -20.25388486837870516, 8.929371410749542548, -6.583547341082284454 ) ) ;
#3518 = VERTEX_POINT ( 'NONE', #979 ) ;
#3519 = EDGE_CURVE ( 'NONE', #23, #3248, #2246, .T. ) ;
#3520 = COORDINATED_UNIVERSAL_TIME_OFFSET ( 1, 0, .AHEAD. ) ;
#3521 = ORIENTED_EDGE ( 'NONE', *, *, #2824, .F. ) ;
#3522 = VERTEX_POINT ( 'NONE', #660 ) ;
#3523 = LINE ( 'NONE', #2284, #2431 ) ;
#3524 = CYLINDRICAL_SURFACE ( 'NONE', #1985, 0.02500000000000001180 ) ;
#3525 = CARTESIAN_POINT ( 'NONE',  ( 1.149999999999999911, 1.149999999999999911, -0.08502500005648770676 ) ) ;
#3526 = VERTEX_POINT ( 'NONE', #1206 ) ;
#3527 = CARTESIAN_POINT ( 'NONE',  ( 0.1749999999999974909, 1.219727444046191995E-16, -0.3549999999999999822 ) ) ;
#3528 = ORIENTED_EDGE ( 'NONE', *, *, #748, .F. ) ;
#3529 = CARTESIAN_POINT ( 'NONE',  ( 0.6350000000000000089, -0.2250000000000000056, -0.3550000000000045342 ) ) ;
#3530 = DIRECTION ( 'NONE',  ( 6.505213034913030548E-15, 0.000000000000000000, 1.000000000000000000 ) ) ;
#3531 = ORIENTED_EDGE ( 'NONE', *, *, #2937, .T. ) ;
#3532 = LINE ( 'NONE', #404, #61 ) ;
#3533 = ORIENTED_EDGE ( 'NONE', *, *, #3552, .F. ) ;
#3534 = CARTESIAN_POINT ( 'NONE',  ( 0.1149999999999967992, -0.07499999999999999722, -0.3551250000564805109 ) ) ;
#3535 = EDGE_CURVE ( 'NONE', #3575, #2400, #3114, .T. ) ;
#3536 = AXIS2_PLACEMENT_3D ( 'NONE', #987, #1322, #2189 ) ;
#3537 = UNCERTAINTY_MEASURE_WITH_UNIT (LENGTH_MEASURE( 1.000000000000000082E-05 ), #3996, 'distance_accuracy_value', 'NONE');
#3538 = CARTESIAN_POINT ( 'NONE',  ( -0.6600000000000000311, 0.000000000000000000, -0.3551250000564750153 ) ) ;
#3539 = DIRECTION ( 'NONE',  ( -6.982962677686270655E-15, 0.000000000000000000, -1.000000000000000000 ) ) ;
#3540 = PERSON_AND_ORGANIZATION ( #1026, #439 ) ;
#3541 = ORIENTED_EDGE ( 'NONE', *, *, #3413, .T. ) ;
#3542 = ORIENTED_EDGE ( 'NONE', *, *, #3337, .T. ) ;
#3543 = CARTESIAN_POINT ( 'NONE',  ( -8.981845694529429380, 12.60815517220120086, -7.000000000000000000 ) ) ;
#3544 = DIRECTION ( 'NONE',  ( 1.000000000000000000, 0.000000000000000000, -6.505213034913027393E-15 ) ) ;
#3545 = CARTESIAN_POINT ( 'NONE',  ( -9.168106562484524602, -2.265010598924417806, -5.316299670338580086 ) ) ;
#3546 =( BOUNDED_CURVE ( )  B_SPLINE_CURVE ( 3, ( #2592, #69, #2275, #686 ),
 .UNSPECIFIED., .F., .F. ) 
 B_SPLINE_CURVE_WITH_KNOTS ( ( 4, 4 ),
 ( 3.874805315440086328, 3.956554119854400309 ),
 .UNSPECIFIED. ) 
 CURVE ( )  GEOMETRIC_REPRESENTATION_ITEM ( )  RATIONAL_B_SPLINE_CURVE ( ( 1.000000000000000000, 0.9994431719463756636, 0.9994431719463756636, 1.000000000000000000 ) ) 
 REPRESENTATION_ITEM ( '' )  );
#3547 = CC_DESIGN_PERSON_AND_ORGANIZATION_ASSIGNMENT ( #2012, #1702, ( #221 ) ) ;
#3548 = ORIENTED_EDGE ( 'NONE', *, *, #3308, .T. ) ;
#3549 = CARTESIAN_POINT ( 'NONE',  ( 0.2099999999999969946, -0.5950000000000000844, -0.3551250000564810660 ) ) ;
#3550 = VERTEX_POINT ( 'NONE', #4067 ) ;
#3551 = DIRECTION ( 'NONE',  ( -1.000000000000000000, 0.000000000000000000, 6.982962677686270655E-15 ) ) ;
#3552 = EDGE_CURVE ( 'NONE', #205, #929, #2679, .T. ) ;
#3553 = AXIS2_PLACEMENT_3D ( 'NONE', #3018, #1431, #3382 ) ;
#3554 = AXIS2_PLACEMENT_3D ( 'NONE', #3469, #2251, #1889 ) ;
#3555 = DIRECTION ( 'NONE',  ( 0.000000000000000000, 0.1124854344122625527, 0.9936533736897815716 ) ) ;
#3556 = VECTOR ( 'NONE', #3654, 1000.000000000000000 ) ;
#3557 = CIRCLE ( 'NONE', #171, 0.02500000000000001180 ) ;
#3558 = LINE ( 'NONE', #3870, #3587 ) ;
#3559 = ORIENTED_EDGE ( 'NONE', *, *, #3466, .F. ) ;
#3560 = CARTESIAN_POINT ( 'NONE',  ( 0.1149999999999972017, -0.3449999999999999734, -0.3549999999999999822 ) ) ;
#3561 = EDGE_CURVE ( 'NONE', #2293, #3617, #1107, .T. ) ;
#3562 = LINE ( 'NONE', #3898, #3036 ) ;
#3563 = VECTOR ( 'NONE', #1135, 1000.000000000000000 ) ;
#3564 = DIRECTION ( 'NONE',  ( -1.000000000000000000, 0.000000000000000000, 6.982962677686270655E-15 ) ) ;
#3565 = EDGE_CURVE ( 'NONE', #3351, #1264, #3957, .T. ) ;
#3566 = APPROVAL_DATE_TIME ( #2306, #1772 ) ;
#3567 = ORIENTED_EDGE ( 'NONE', *, *, #1635, .T. ) ;
#3568 = ORIENTED_EDGE ( 'NONE', *, *, #3266, .T. ) ;
#3569 = B_SPLINE_CURVE_WITH_KNOTS ( 'NONE', 3,
 ( #4082, #3108, #2868, #1243, #10, #652 ),
 .UNSPECIFIED., .F., .F.,
 ( 4, 2, 4 ),
 ( 0.000000000000000000, 0.001996494119117836388, 0.003992988238235672775 ),
 .UNSPECIFIED. ) ;
#3570 = DIRECTION ( 'NONE',  ( 0.000000000000000000, -1.000000000000000000, 0.000000000000000000 ) ) ;
#3571 = DIRECTION ( 'NONE',  ( -1.000000000000000000, 0.000000000000000000, 6.982962677686270655E-15 ) ) ;
#3572 = VECTOR ( 'NONE', #2301, 1000.000000000000000 ) ;
#3573 = CIRCLE ( 'NONE', #313, 0.04500000000000001221 ) ;
#3574 = DIRECTION ( 'NONE',  ( 7.228014483236690442E-15, 0.000000000000000000, 1.000000000000000000 ) ) ;
#3575 = VERTEX_POINT ( 'NONE', #352 ) ;
#3576 = CARTESIAN_POINT ( 'NONE',  ( -2.913505490301934844E-15, -0.4000000000000000222, -0.3551250000564795117 ) ) ;
#3577 = ORIENTED_EDGE ( 'NONE', *, *, #2163, .F. ) ;
#3578 = LINE ( 'NONE', #3888, #1982 ) ;
#3579 = VECTOR ( 'NONE', #1685, 1000.000000000000000 ) ;
#3580 = VECTOR ( 'NONE', #3687, 1000.000000000000000 ) ;
#3581 = CARTESIAN_POINT ( 'NONE',  ( 0.1149999999999972017, 0.3449999999999999734, -0.3549999999999999822 ) ) ;
#3582 = EDGE_CURVE ( 'NONE', #1733, #557, #2655, .T. ) ;
#3583 = AXIS2_PLACEMENT_3D ( 'NONE', #1056, #427, #3673 ) ;
#3584 = LINE ( 'NONE', #735, #1990 ) ;
#3585 = ORIENTED_EDGE ( 'NONE', *, *, #4063, .F. ) ;
#3586 = CARTESIAN_POINT ( 'NONE',  ( 0.6350000000000000089, 0.5199999999999999067, -0.3551250000564840081 ) ) ;
#3587 = VECTOR ( 'NONE', #2964, 1000.000000000000000 ) ;
#3588 = DIRECTION ( 'NONE',  ( 6.982962677686270655E-15, 0.000000000000000000, 1.000000000000000000 ) ) ;
#3589 = LINE ( 'NONE', #4027, #1397 ) ;
#3590 = PERSON_AND_ORGANIZATION ( #1026, #439 ) ;
#3591 = ORIENTED_EDGE ( 'NONE', *, *, #2175, .T. ) ;
#3592 = ORIENTED_EDGE ( 'NONE', *, *, #2446, .F. ) ;
#3593 = CARTESIAN_POINT ( 'NONE',  ( 0.2389444872453570234, -0.2250000000000000056, -0.3551250000564815656 ) ) ;
#3594 = CARTESIAN_POINT ( 'NONE',  ( -1.093625826316168448, 0.5840707279637216143, 5.638826780110040460 ) ) ;
#3595 = EDGE_CURVE ( 'NONE', #1765, #2598, #2292, .T. ) ;
#3596 = CARTESIAN_POINT ( 'NONE',  ( -8.446328555618359601, -2.745180178998659404, -5.261942602535707003 ) ) ;
#3597 = VERTEX_POINT ( 'NONE', #1073 ) ;
#3598 = CARTESIAN_POINT ( 'NONE',  ( 0.2599999999999999534, -0.5699999999999999512, -0.3549999999999999822 ) ) ;
#3599 = VERTEX_POINT ( 'NONE', #1673 ) ;
#3600 = CARTESIAN_POINT ( 'NONE',  ( -6.994875025828874548, 10.47738999221430234, 7.000000000000000000 ) ) ;
#3601 = DIRECTION ( 'NONE',  ( 0.000000000000000000, -0.9936533736897814606, 0.1124854344122625388 ) ) ;
#3602 = VERTEX_POINT ( 'NONE', #1355 ) ;
#3603 = LINE ( 'NONE', #1024, #1399 ) ;
#3604 = EDGE_LOOP ( 'NONE', ( #4043, #2380, #2367, #3762, #2272, #900, #3260, #3568 ) ) ;
#3605 = DIRECTION ( 'NONE',  ( -1.000000000000000000, 0.000000000000000000, 6.505213034913027393E-15 ) ) ;
#3606 = ADVANCED_FACE ( 'NONE', ( #2898 ), #2942, .T. ) ;
#3607 = DIRECTION ( 'NONE',  ( 6.982962677686270655E-15, 0.000000000000000000, 1.000000000000000000 ) ) ;
#3608 = ADVANCED_FACE ( 'NONE', ( #1314 ), #2588, .T. ) ;
#3609 = CARTESIAN_POINT ( 'NONE',  ( 0.6600000000000000311, -0.3449999999999999734, -0.3551250000564845077 ) ) ;
#3610 = SECURITY_CLASSIFICATION_LEVEL ( 'unclassified' ) ;
#3611 = EDGE_LOOP ( 'NONE', ( #3992, #2437, #1005, #1001 ) ) ;
#3612 = ORIENTED_EDGE ( 'NONE', *, *, #430, .T. ) ;
#3613 = DIRECTION ( 'NONE',  ( -1.000000000000000000, 0.000000000000000000, 6.505213034913037648E-15 ) ) ;
#3614 = DIRECTION ( 'NONE',  ( 6.505213034913021082E-15, 0.000000000000000000, 1.000000000000000000 ) ) ;
#3615 = DIRECTION ( 'NONE',  ( 0.000000000000000000, 0.000000000000000000, 1.000000000000000000 ) ) ;
#3616 = ADVANCED_FACE ( 'NONE', ( #442 ), #403, .F. ) ;
#3617 = VERTEX_POINT ( 'NONE', #3846 ) ;
#3618 = DIRECTION ( 'NONE',  ( 1.000000000000000000, 0.000000000000000000, -6.505213034913023449E-15 ) ) ;
#3619 = DIRECTION ( 'NONE',  ( 1.000000000000000000, 0.000000000000000000, -7.228014483236693597E-15 ) ) ;
#3620 = DIRECTION ( 'NONE',  ( 6.505213034913040804E-15, 0.000000000000000000, 1.000000000000000000 ) ) ;
#3621 = ORIENTED_EDGE ( 'NONE', *, *, #2636, .F. ) ;
#3622 = CARTESIAN_POINT ( 'NONE',  ( 1.149999999999999911, -1.149999999999999911, -0.3551250000564875053 ) ) ;
#3623 = ORIENTED_EDGE ( 'NONE', *, *, #430, .F. ) ;
#3624 = LINE ( 'NONE', #783, #3412 ) ;
#3625 = AXIS2_PLACEMENT_3D ( 'NONE', #2857, #2523, #2836 ) ;
#3626 = CARTESIAN_POINT ( 'NONE',  ( -23.03592114560350268, 11.54013782009825206, -6.879096273416728913 ) ) ;
#3627 = VECTOR ( 'NONE', #2311, 1000.000000000000000 ) ;
#3628 = LINE ( 'NONE', #3942, #3249 ) ;
#3629 = CC_DESIGN_DATE_AND_TIME_ASSIGNMENT ( #3977, #1411, ( #2224 ) ) ;
#3630 = CALENDAR_DATE ( 2026, 26, 8 ) ;
#3631 = ORIENTED_EDGE ( 'NONE', *, *, #2664, .F. ) ;
#3632 = ADVANCED_FACE ( 'NONE', ( #1003 ), #1715, .F. ) ;
#3633 = CARTESIAN_POINT ( 'NONE',  ( 0.2249999999999969802, 1.219727444046191995E-16, -0.3551250000564813991 ) ) ;
#3634 = DIRECTION ( 'NONE',  ( 0.000000000000000000, -0.9936533736897814606, 0.1124854344122625388 ) ) ;
#3635 = DIRECTION ( 'NONE',  ( 1.000000000000000000, 0.000000000000000000, 0.000000000000000000 ) ) ;
#3636 = ORIENTED_EDGE ( 'NONE', *, *, #1176, .T. ) ;
#3637 = CARTESIAN_POINT ( 'NONE',  ( -0.1150000000000013928, -0.4000000000000000222, -0.3551250000564785125 ) ) ;
#3638 = DIRECTION ( 'NONE',  ( 1.000000000000000000, 0.000000000000000000, -6.505213034913037648E-15 ) ) ;
#3639 = ORIENTED_EDGE ( 'NONE', *, *, #3959, .T. ) ;
#3640 = CARTESIAN_POINT ( 'NONE',  ( 0.5681785439136940452, 0.2464285714285714968, -0.3551250000564835640 ) ) ;
#3641 = VECTOR ( 'NONE', #3713, 1000.000000000000000 ) ;
#3642 = VERTEX_POINT ( 'NONE', #133 ) ;
#3643 = DIRECTION ( 'NONE',  ( 1.000000000000000000, 0.000000000000000000, -6.982962677686270655E-15 ) ) ;
#3644 = EDGE_CURVE ( 'NONE', #4003, #3716, #1232, .T. ) ;
#3645 = AXIS2_PLACEMENT_3D ( 'NONE', #899, #3472, #4053 ) ;
#3646 = SECURITY_CLASSIFICATION_LEVEL ( 'unclassified' ) ;
#3647 = VERTEX_POINT ( 'NONE', #3868 ) ;
#3648 = DIRECTION ( 'NONE',  ( -1.000000000000000000, 0.000000000000000000, 6.982962677686270655E-15 ) ) ;
#3649 = CARTESIAN_POINT ( 'NONE',  ( -0.7423668819740020242, -3.935206599586729137, 5.327597916784519327 ) ) ;
#3650 = ADVANCED_FACE ( 'NONE', ( #681 ), #1023, .T. ) ;
#3651 = VERTEX_POINT ( 'NONE', #2023 ) ;
#3652 = CARTESIAN_POINT ( 'NONE',  ( 0.2389444872453570234, 0.2500000000000000000, -0.3549999999999999822 ) ) ;
#3653 = ORIENTED_EDGE ( 'NONE', *, *, #4048, .F. ) ;
#3654 = DIRECTION ( 'NONE',  ( 6.982962677686270655E-15, 0.000000000000000000, 1.000000000000000000 ) ) ;
#3655 = LINE ( 'NONE', #2078, #634 ) ;
#3656 = ORIENTED_EDGE ( 'NONE', *, *, #290, .F. ) ;
#3657 = CARTESIAN_POINT ( 'NONE',  ( 0.1149999999999969935, -0.6199999999999999956, -0.3551250000564805109 ) ) ;
#3658 = ADVANCED_FACE ( 'NONE', ( #3247 ), #2631, .F. ) ;
#3659 = APPROVAL_STATUS ( 'not_yet_approved' ) ;
#3660 = VERTEX_POINT ( 'NONE', #1046 ) ;
#3661 = CARTESIAN_POINT ( 'NONE',  ( 0.4810555127546370380, 0.03499999999999999639, -0.3551250000564830089 ) ) ;
#3662 = DIRECTION ( 'NONE',  ( 6.982962677686270655E-15, 0.000000000000000000, 1.000000000000000000 ) ) ;
#3663 = CARTESIAN_POINT ( 'NONE',  ( 0.000000000000000000, 0.000000000000000000, 0.000000000000000000 ) ) ;
#3664 = EDGE_LOOP ( 'NONE', ( #2165, #1855, #2021, #222 ) ) ;
#3665 = LINE ( 'NONE', #3040, #2991 ) ;
#3666 = DIRECTION ( 'NONE',  ( 6.982962677686270655E-15, 0.000000000000000000, 1.000000000000000000 ) ) ;
#3667 = CC_DESIGN_APPROVAL ( #3190, ( #1360 ) ) ;
#3668 = EDGE_CURVE ( 'NONE', #305, #2047, #821, .T. ) ;
#3669 = PLANE ( 'NONE',  #120 ) ;
#3670 = ORIENTED_EDGE ( 'NONE', *, *, #829, .F. ) ;
#3671 = PLANE ( 'NONE',  #3738 ) ;
#3672 = ORGANIZATION ( 'NAUO-ORG3', 'UNSPECIFIED', 'UNSPECIFIED' ) ;
#3673 = DIRECTION ( 'NONE',  ( -1.000000000000000000, 0.000000000000000000, 6.505213034913037648E-15 ) ) ;
#3674 = CARTESIAN_POINT ( 'NONE',  ( 0.6350000000000000089, -0.2500000000000000000, -0.3550000000000045342 ) ) ;
#3675 = APPROVAL_PERSON_ORGANIZATION ( #388, #239, #992 ) ;
#3676 = EDGE_CURVE ( 'NONE', #3495, #1590, #3680, .T. ) ;
#3677 = AXIS2_PLACEMENT_3D ( 'NONE', #3593, #3191, #432 ) ;
#3678 = DATE_AND_TIME ( #2422, #2027 ) ;
#3679 = EDGE_LOOP ( 'NONE', ( #297, #2282, #807, #819 ) ) ;
#3680 = CIRCLE ( 'NONE', #1890, 0.02500000000000001180 ) ;
#3681 = FACE_OUTER_BOUND ( 'NONE', #1842, .T. ) ;
#3682 = VECTOR ( 'NONE', #3570, 1000.000000000000000 ) ;
#3683 = CARTESIAN_POINT ( 'NONE',  ( 0.2099999999999969946, -0.5699999999999999512, -0.3551250000564810660 ) ) ;
#3684 = EDGE_CURVE ( 'NONE', #3065, #305, #2398, .T. ) ;
#3685 = CYLINDRICAL_SURFACE ( 'NONE', #2495, 0.02499999999999995628 ) ;
#3686 = EDGE_LOOP ( 'NONE', ( #3265, #1263, #63, #3175, #364, #2705, #2491, #3304 ) ) ;
#3687 = DIRECTION ( 'NONE',  ( 6.982962677686270655E-15, 0.000000000000000000, 1.000000000000000000 ) ) ;
#3688 = CARTESIAN_POINT ( 'NONE',  ( 0.2099999999999969946, -0.5950000000000000844, -0.3551250000564810660 ) ) ;
#3689 = CARTESIAN_POINT ( 'NONE',  ( 0.5810555127546370713, 0.2500000000000000000, -0.3551250000564840081 ) ) ;
#3690 = ORIENTED_EDGE ( 'NONE', *, *, #1051, .F. ) ;
#3691 = AXIS2_PLACEMENT_3D ( 'NONE', #3689, #2749, #1163 ) ;
#3692 = FACE_OUTER_BOUND ( 'NONE', #3830, .T. ) ;
#3693 = ADVANCED_FACE ( 'NONE', ( #2075 ), #3314, .F. ) ;
#3694 = DIRECTION ( 'NONE',  ( -6.505213034913021082E-15, 0.000000000000000000, -1.000000000000000000 ) ) ;
#3695 = CIRCLE ( 'NONE', #2172, 0.02499999999999995628 ) ;
#3696 = LINE ( 'NONE', #1502, #1253 ) ;
#3697 = CIRCLE ( 'NONE', #249, 0.02499999999999995628 ) ;
#3698 = VECTOR ( 'NONE', #1492, 1000.000000000000000 ) ;
#3699 = VERTEX_POINT ( 'NONE', #3386 ) ;
#3700 = CIRCLE ( 'NONE', #1919, 0.02500000000000001180 ) ;
#3701 = CARTESIAN_POINT ( 'NONE',  ( 0.1149999999999969935, 0.2500000000000000000, -0.3551250000564805109 ) ) ;
#3702 = FACE_OUTER_BOUND ( 'NONE', #3094, .T. ) ;
#3703 = VECTOR ( 'NONE', #3107, 1000.000000000000000 ) ;
#3704 = APPROVAL_STATUS ( 'not_yet_approved' ) ;
#3705 = ORIENTED_EDGE ( 'NONE', *, *, #2144, .T. ) ;
#3706 = ORIENTED_EDGE ( 'NONE', *, *, #3321, .T. ) ;
#3707 = EDGE_CURVE ( 'NONE', #2379, #2775, #2490, .T. ) ;
#3708 = CARTESIAN_POINT ( 'NONE',  ( 0.1749999999999969913, -0.05000000000000000278, -0.3551250000564810660 ) ) ;
#3709 = PRODUCT_DEFINITION_SHAPE ( 'NONE', 'NONE',  #3491 ) ;
#3710 = LINE ( 'NONE', #1532, #2568 ) ;
#3711 = DIRECTION ( 'NONE',  ( 0.000000000000000000, -1.000000000000000000, 0.000000000000000000 ) ) ;
#3712 = ORIENTED_EDGE ( 'NONE', *, *, #1248, .F. ) ;
#3713 = DIRECTION ( 'NONE',  ( 6.982962677686270655E-15, 0.000000000000000000, 1.000000000000000000 ) ) ;
#3714 = DIRECTION ( 'NONE',  ( -6.505213034913040804E-15, 0.000000000000000000, -1.000000000000000000 ) ) ;
#3715 = EDGE_CURVE ( 'NONE', #3486, #734, #3984, .T. ) ;
#3716 = VERTEX_POINT ( 'NONE', #1738 ) ;
#3717 = LINE ( 'NONE', #1542, #2076 ) ;
#3718 = EDGE_CURVE ( 'NONE', #3526, #363, #184, .T. ) ;
#3719 = FACE_OUTER_BOUND ( 'NONE', #772, .T. ) ;
#3720 = PERSON_AND_ORGANIZATION ( #1026, #439 ) ;
#3721 = ORIENTED_EDGE ( 'NONE', *, *, #2421, .T. ) ;
#3722 = CARTESIAN_POINT ( 'NONE',  ( 0.3350000000000000200, -0.6199999999999999956, -0.3551250000564820097 ) ) ;
#3723 = AXIS2_PLACEMENT_3D ( 'NONE', #1657, #615, #24 ) ;
#3724 = CARTESIAN_POINT ( 'NONE',  ( -2.913505490301934844E-15, -0.06000000000000000472, -0.3551250000564795117 ) ) ;
#3725 = EDGE_CURVE ( 'NONE', #251, #2140, #1787, .T. ) ;
#3726 = PLANE ( 'NONE',  #231 ) ;
#3727 = EDGE_CURVE ( 'NONE', #3937, #682, #528, .T. ) ;
#3728 = DIRECTION ( 'NONE',  ( -1.000000000000000000, 1.129377263005733868E-16, 6.982962677686270655E-15 ) ) ;
#3729 = EDGE_LOOP ( 'NONE', ( #236, #1462, #1592, #3816 ) ) ;
#3730 = CARTESIAN_POINT ( 'NONE',  ( 0.2518214560863000218, -0.2464285714285714968, -0.3551250000564815656 ) ) ;
#3731 = LINE ( 'NONE', #1228, #1631 ) ;
#3732 = DIRECTION ( 'NONE',  ( -1.000000000000000000, 0.000000000000000000, 6.505213034913027393E-15 ) ) ;
#3733 = DIRECTION ( 'NONE',  ( 6.505213034913021082E-15, 0.000000000000000000, 1.000000000000000000 ) ) ;
#3734 = ADVANCED_FACE ( 'NONE', ( #3332 ), #1802, .F. ) ;
#3735 = ORIENTED_EDGE ( 'NONE', *, *, #2122, .T. ) ;
#3736 = CARTESIAN_POINT ( 'NONE',  ( 0.4850000000000000422, -0.5950000000000000844, -0.3551250000564830089 ) ) ;
#3737 = FACE_OUTER_BOUND ( 'NONE', #3729, .T. ) ;
#3738 = AXIS2_PLACEMENT_3D ( 'NONE', #887, #3077, #2416 ) ;
#3739 = AXIS2_PLACEMENT_3D ( 'NONE', #1957, #42, #1648 ) ;
#3740 = EDGE_CURVE ( 'NONE', #1365, #1497, #3060, .T. ) ;
#3741 = APPLICATION_PROTOCOL_DEFINITION ( 'international standard', 'config_control_design', 1994, #2640 ) ;
#3742 = ORIENTED_EDGE ( 'NONE', *, *, #1445, .F. ) ;
#3743 = VECTOR ( 'NONE', #98, 1000.000000000000000 ) ;
#3744 = ORIENTED_EDGE ( 'NONE', *, *, #2034, .T. ) ;
#3745 = CYLINDRICAL_SURFACE ( 'NONE', #1233, 0.05000000000000002359 ) ;
#3746 = AXIS2_PLACEMENT_3D ( 'NONE', #974, #434, #2625 ) ;
#3747 = DIRECTION ( 'NONE',  ( -1.000000000000000000, 0.000000000000000000, 7.228014483236693597E-15 ) ) ;
#3748 = CARTESIAN_POINT ( 'NONE',  ( 0.6600000000000000311, -0.06000000000000000472, -0.3551250000564845077 ) ) ;
#3749 = LINE ( 'NONE', #1861, #1721 ) ;
#3750 = ORIENTED_EDGE ( 'NONE', *, *, #1540, .T. ) ;
#3751 = DIRECTION ( 'NONE',  ( -6.505213034913040804E-15, 0.000000000000000000, -1.000000000000000000 ) ) ;
#3752 = EDGE_CURVE ( 'NONE', #3953, #880, #149, .T. ) ;
#3753 = CYLINDRICAL_SURFACE ( 'NONE', #3414, 0.02499999999999995628 ) ;
#3754 = DIRECTION ( 'NONE',  ( -1.000000000000000000, 3.485384126420033333E-13, 0.000000000000000000 ) ) ;
#3755 = LINE ( 'NONE', #2070, #3814 ) ;
#3756 = EDGE_CURVE ( 'NONE', #2842, #3699, #2748, .T. ) ;
#3757 = AXIS2_PLACEMENT_3D ( 'NONE', #4042, #753, #81 ) ;
#3758 = AXIS2_PLACEMENT_3D ( 'NONE', #1690, #2959, #2694 ) ;
#3759 = CARTESIAN_POINT ( 'NONE',  ( 0.6350000000000000089, -0.2500000000000000000, -0.3551250000564840081 ) ) ;
#3760 = AXIS2_PLACEMENT_3D ( 'NONE', #4107, #1929, #3192 ) ;
#3761 = CARTESIAN_POINT ( 'NONE',  ( -8.071980441895290070, -2.962089301009908304, 5.237387644576053880 ) ) ;
#3762 = ORIENTED_EDGE ( 'NONE', *, *, #3121, .T. ) ;
#3763 = AXIS2_PLACEMENT_3D ( 'NONE', #3609, #2137, #1793 ) ;
#3764 = SECURITY_CLASSIFICATION_LEVEL ( 'unclassified' ) ;
#3765 = ORIENTED_EDGE ( 'NONE', *, *, #3451, .F. ) ;
#3766 = ORIENTED_EDGE ( 'NONE', *, *, #2018, .T. ) ;
#3767 = CARTESIAN_POINT ( 'NONE',  ( 0.3551250000566972265, 2.037380911795557026, 5.803347156825619635 ) ) ;
#3768 = AXIS2_PLACEMENT_3D ( 'NONE', #1846, #2877, #1915 ) ;
#3769 = CARTESIAN_POINT ( 'NONE',  ( 0.1849999999999965006, -0.6199999999999999956, -0.3549999999999999822 ) ) ;
#3770 = EDGE_CURVE ( 'NONE', #412, #1497, #3356, .T. ) ;
#3771 = LINE ( 'NONE', #3790, #858 ) ;
#3772 = CARTESIAN_POINT ( 'NONE',  ( 0.1849999999999974998, 0.6199999999999999956, -0.3549999999999999822 ) ) ;
#3773 = ORIENTED_EDGE ( 'NONE', *, *, #2619, .T. ) ;
#3774 = CARTESIAN_POINT ( 'NONE',  ( -0.6600000000000000311, 0.4249999999999999889, -0.3551250000564750153 ) ) ;
#3775 = VERTEX_POINT ( 'NONE', #1475 ) ;
#3776 = CARTESIAN_POINT ( 'NONE',  ( 0.6350000000000000089, 0.3200000000000000067, -0.3551250000564840081 ) ) ;
#3777 = CARTESIAN_POINT ( 'NONE',  ( -23.03592114560350268, 11.54013782009825206, 6.879096273416728913 ) ) ;
#3778 = DIRECTION ( 'NONE',  ( 1.000000000000000000, 0.000000000000000000, -6.982962677686270655E-15 ) ) ;
#3779 = VERTEX_POINT ( 'NONE', #848 ) ;
#3780 = DIRECTION ( 'NONE',  ( 1.000000000000000000, 0.000000000000000000, -6.505213034913023449E-15 ) ) ;
#3781 = EDGE_CURVE ( 'NONE', #2265, #3522, #1161, .T. ) ;
#3782 = DIRECTION ( 'NONE',  ( -1.000000000000000000, 0.000000000000000000, 6.505213034913027393E-15 ) ) ;
#3783 = CARTESIAN_POINT ( 'NONE',  ( -9.529276192091355568, -1.999591181429739128, 5.346346182803447533 ) ) ;
#3784 = ORIENTED_EDGE ( 'NONE', *, *, #2279, .F. ) ;
#3785 = APPLICATION_PROTOCOL_DEFINITION ( 'international standard', 'config_control_design', 1994, #3011 ) ;
#3786 = ORIENTED_EDGE ( 'NONE', *, *, #859, .F. ) ;
#3787 = ORIENTED_EDGE ( 'NONE', *, *, #264, .T. ) ;
#3788 = LINE ( 'NONE', #882, #895 ) ;
#3789 = DIRECTION ( 'NONE',  ( 6.982962677686270655E-15, 0.000000000000000000, 1.000000000000000000 ) ) ;
#3790 = CARTESIAN_POINT ( 'NONE',  ( 0.08999999999999680478, 0.2250000000000000056, -0.3551250000564805109 ) ) ;
#3791 = DIRECTION ( 'NONE',  ( 1.000000000000000000, 0.000000000000000000, -6.982962677686270655E-15 ) ) ;
#3792 = ORIENTED_EDGE ( 'NONE', *, *, #3725, .F. ) ;
#3793 = AXIS2_PLACEMENT_3D ( 'NONE', #1401, #1042, #1933 ) ;
#3794 = CARTESIAN_POINT ( 'NONE',  ( -1.149999999999999911, -1.149999999999999911, -0.3551250000564715181 ) ) ;
#3795 = ORIENTED_EDGE ( 'NONE', *, *, #1864, .F. ) ;
#3796 = DIRECTION ( 'NONE',  ( -6.982962677686270655E-15, 0.000000000000000000, -1.000000000000000000 ) ) ;
#3797 = CC_DESIGN_PERSON_AND_ORGANIZATION_ASSIGNMENT ( #3590, #3943, ( #2224 ) ) ;
#3798 = CARTESIAN_POINT ( 'NONE',  ( 0.1149999999999969935, 0.2500000000000000000, -0.3551250000564805109 ) ) ;
#3799 = EDGE_CURVE ( 'NONE', #1186, #2362, #3074, .T. ) ;
#3800 = CYLINDRICAL_SURFACE ( 'NONE', #923, 0.02500000000000001180 ) ;
#3801 = CARTESIAN_POINT ( 'NONE',  ( 0.08999999999999680478, -0.2250000000000000056, -0.3551250000564805109 ) ) ;
#3802 = CARTESIAN_POINT ( 'NONE',  ( 1.149999999999999911, 1.149999999999999911, 0.004974999943512300321 ) ) ;
#3803 = CARTESIAN_POINT ( 'NONE',  ( 0.2389444872453570234, -0.3449999999999999734, -0.3551250000564815656 ) ) ;
#3804 = DIRECTION ( 'NONE',  ( 7.228014483236690442E-15, 0.000000000000000000, 1.000000000000000000 ) ) ;
#3805 = EDGE_CURVE ( 'NONE', #167, #576, #1297, .T. ) ;
#3806 = ORIENTED_EDGE ( 'NONE', *, *, #3981, .T. ) ;
#3807 = PERSON_AND_ORGANIZATION_ROLE ( 'classification_officer' ) ;
#3808 = ORIENTED_EDGE ( 'NONE', *, *, #1679, .T. ) ;
#3809 = ORIENTED_EDGE ( 'NONE', *, *, #2669, .F. ) ;
#3810 = PLANE ( 'NONE',  #1129 ) ;
#3811 = LINE ( 'NONE', #1308, #2177 ) ;
#3812 = EDGE_CURVE ( 'NONE', #466, #1365, #2828, .T. ) ;
#3813 = AXIS2_PLACEMENT_3D ( 'NONE', #958, #3155, #2223 ) ;
#3814 = VECTOR ( 'NONE', #1746, 1000.000000000000000 ) ;
#3815 = DIRECTION ( 'NONE',  ( -1.000000000000000000, 0.000000000000000000, 6.982962677686270655E-15 ) ) ;
#3816 = ORIENTED_EDGE ( 'NONE', *, *, #504, .F. ) ;
#3817 = VECTOR ( 'NONE', #3461, 1000.000000000000000 ) ;
#3818 = DIRECTION ( 'NONE',  ( 6.982962677686270655E-15, 0.000000000000000000, 1.000000000000000000 ) ) ;
#3819 = ORIENTED_EDGE ( 'NONE', *, *, #3770, .F. ) ;
#3820 = DIRECTION ( 'NONE',  ( -1.000000000000000000, 0.000000000000000000, 6.505213034913023449E-15 ) ) ;
#3821 = MANIFOLD_SOLID_BREP ( 'Cortar-Extruir2', #2103 ) ;
#3822 = DIRECTION ( 'NONE',  ( 6.982962677686270655E-15, 0.000000000000000000, 1.000000000000000000 ) ) ;
#3823 = CARTESIAN_POINT ( 'NONE',  ( 0.08999999999999680478, 0.07499999999999999722, -0.3551250000564805109 ) ) ;
#3824 = ORIENTED_EDGE ( 'NONE', *, *, #1188, .F. ) ;
#3825 = DIRECTION ( 'NONE',  ( -1.000000000000000000, 0.000000000000000000, 6.505213034913027393E-15 ) ) ;
#3826 = EDGE_CURVE ( 'NONE', #803, #655, #542, .T. ) ;
#3827 = FACE_OUTER_BOUND ( 'NONE', #2558, .T. ) ;
#3828 = AXIS2_PLACEMENT_3D ( 'NONE', #1270, #976, #1576 ) ;
#3829 = CARTESIAN_POINT ( 'NONE',  ( -1.448726270043842357, 6.058427314146597631, 6.839894546441814605 ) ) ;
#3830 = EDGE_LOOP ( 'NONE', ( #3076, #3533, #540, #1872 ) ) ;
#3831 = APPLICATION_PROTOCOL_DEFINITION ( 'international standard', 'config_control_design', 1994, #1010 ) ;
#3832 = ORIENTED_EDGE ( 'NONE', *, *, #2578, .T. ) ;
#3833 = ORIENTED_EDGE ( 'NONE', *, *, #1011, .T. ) ;
#3834 = VECTOR ( 'NONE', #1935, 1000.000000000000000 ) ;
#3835 = CARTESIAN_POINT ( 'NONE',  ( 0.1149999999999969935, 0.6199999999999999956, -0.3549999999999999822 ) ) ;
#3836 = MANIFOLD_SOLID_BREP ( 'Defeatured_0_28', #2914 ) ;
#3837 = CARTESIAN_POINT ( 'NONE',  ( 0.1749999999999974909, 1.219727444046191995E-16, -0.3549999999999999822 ) ) ;
#3838 = DIRECTION ( 'NONE',  ( 6.505213034913021082E-15, 0.000000000000000000, 1.000000000000000000 ) ) ;
#3839 = CIRCLE ( 'NONE', #131, 0.02499999999999999792 ) ;
#3840 = LINE ( 'NONE', #3525, #1823 ) ;
#3841 = EDGE_CURVE ( 'NONE', #3346, #2191, #1838, .T. ) ;
#3842 = ORIENTED_EDGE ( 'NONE', *, *, #309, .F. ) ;
#3843 = PLANE ( 'NONE',  #2692 ) ;
#3844 = VERTEX_POINT ( 'NONE', #2535 ) ;
#3845 = DIRECTION ( 'NONE',  ( -6.505213034913040804E-15, 0.000000000000000000, -1.000000000000000000 ) ) ;
#3846 = CARTESIAN_POINT ( 'NONE',  ( 0.08999999999999680478, 0.3449999999999999734, -0.3549999999999999822 ) ) ;
#3847 = VECTOR ( 'NONE', #2595, 1000.000000000000000 ) ;
#3848 = VERTEX_POINT ( 'NONE', #2804 ) ;
#3849 = CARTESIAN_POINT ( 'NONE',  ( 0.5810555127546370713, -0.3200000000000000067, -0.3551250000564840081 ) ) ;
#3850 = ORIENTED_EDGE ( 'NONE', *, *, #219, .T. ) ;
#3851 = CARTESIAN_POINT ( 'NONE',  ( 0.3099999999999999978, -0.5699999999999999512, -0.3551250000564820097 ) ) ;
#3852 = EDGE_LOOP ( 'NONE', ( #2543, #2060, #1025, #1703 ) ) ;
#3853 = DIRECTION ( 'NONE',  ( 0.000000000000000000, -1.000000000000000000, 0.000000000000000000 ) ) ;
#3854 = LINE ( 'NONE', #1009, #396 ) ;
#3855 = CALENDAR_DATE ( 2026, 26, 8 ) ;
#3856 = EDGE_LOOP ( 'NONE', ( #147, #530, #1832, #1898 ) ) ;
#3857 = EDGE_CURVE ( 'NONE', #2339, #3099, #3444, .T. ) ;
#3858 = ORIENTED_EDGE ( 'NONE', *, *, #1816, .F. ) ;
#3859 = DIRECTION ( 'NONE',  ( 0.000000000000000000, -1.000000000000000000, 0.000000000000000000 ) ) ;
#3860 = CARTESIAN_POINT ( 'NONE',  ( -1.234630267802966141, 1.282287552250058305, 5.717867645741297800 ) ) ;
#3861 = CARTESIAN_POINT ( 'NONE',  ( -11.24678723791021540, -0.6851860749068096057, -5.495141963420474340 ) ) ;
#3862 = EDGE_LOOP ( 'NONE', ( #295, #2622, #860, #230 ) ) ;
#3863 = LINE ( 'NONE', #375, #1209 ) ;
#3864 = ORIENTED_EDGE ( 'NONE', *, *, #3707, .T. ) ;
#3865 = FACE_OUTER_BOUND ( 'NONE', #727, .T. ) ;
#3866 = EDGE_CURVE ( 'NONE', #2830, #1324, #260, .T. ) ;
#3867 = EDGE_CURVE ( 'NONE', #2290, #1306, #1880, .T. ) ;
#3868 = CARTESIAN_POINT ( 'NONE',  ( 0.5599999999999999423, 0.5199999999999999067, -0.3549999999999999822 ) ) ;
#3869 = ORIENTED_EDGE ( 'NONE', *, *, #4021, .F. ) ;
#3870 = CARTESIAN_POINT ( 'NONE',  ( 0.6350000000000000089, -0.2500000000000000000, -0.3551250000564840081 ) ) ;
#3871 = VERTEX_POINT ( 'NONE', #951 ) ;
#3872 = CARTESIAN_POINT ( 'NONE',  ( -6.307292799264660133, 9.929550341479966846, -6.696771493983243673 ) ) ;
#3873 = AXIS2_PLACEMENT_3D ( 'NONE', #3736, #4052, #861 ) ;
#3874 = DESIGN_CONTEXT ( 'detailed design', #3011, 'design' ) ;
#3875 = PLANE ( 'NONE',  #2184 ) ;
#3876 = DIRECTION ( 'NONE',  ( 0.000000000000000000, 1.000000000000000000, 0.000000000000000000 ) ) ;
#3877 = SECURITY_CLASSIFICATION ( '', '', #320 ) ;
#3878 = COORDINATED_UNIVERSAL_TIME_OFFSET ( 1, 0, .AHEAD. ) ;
#3879 = ORIENTED_EDGE ( 'NONE', *, *, #1620, .T. ) ;
#3880 = ORIENTED_EDGE ( 'NONE', *, *, #2122, .F. ) ;
#3881 = CARTESIAN_POINT ( 'NONE',  ( 0.08999999999999680478, 0.3449999999999999734, -0.3551250000564805109 ) ) ;
#3882 = FACE_OUTER_BOUND ( 'NONE', #2626, .T. ) ;
#3883 = ADVANCED_FACE ( 'NONE', ( #2219 ), #562, .T. ) ;
#3884 = DIRECTION ( 'NONE',  ( 7.228014483236690442E-15, 0.000000000000000000, 1.000000000000000000 ) ) ;
#3885 = ORIENTED_EDGE ( 'NONE', *, *, #2439, .F. ) ;
#3886 = DIRECTION ( 'NONE',  ( 6.505213034913030548E-15, 0.000000000000000000, 1.000000000000000000 ) ) ;
#3887 = ORIENTED_EDGE ( 'NONE', *, *, #3897, .T. ) ;
#3888 = CARTESIAN_POINT ( 'NONE',  ( -1.149999999999999911, 1.149999999999999911, 0.004974999943528359524 ) ) ;
#3889 =( GEOMETRIC_REPRESENTATION_CONTEXT ( 3 ) GLOBAL_UNCERTAINTY_ASSIGNED_CONTEXT ( ( #46 ) ) GLOBAL_UNIT_ASSIGNED_CONTEXT ( ( #2745, #2409, #1731 ) ) REPRESENTATION_CONTEXT ( 'NONE', 'WORKASPACE' ) );
#3890 = VECTOR ( 'NONE', #4070, 1000.000000000000000 ) ;
#3891 = DIRECTION ( 'NONE',  ( 1.000000000000000000, 0.000000000000000000, -6.505213034913037648E-15 ) ) ;
#3892 = VECTOR ( 'NONE', #331, 1000.000000000000000 ) ;
#3893 = AXIS2_PLACEMENT_3D ( 'NONE', #300, #9, #2173 ) ;
#3894 = CARTESIAN_POINT ( 'NONE',  ( -1.394874999943561011, -2.223730434814910062, 5.865986263594100691 ) ) ;
#3895 = EDGE_LOOP ( 'NONE', ( #1932, #1674, #1178, #3636 ) ) ;
#3896 = CARTESIAN_POINT ( 'NONE',  ( -5.629019070786770662, 9.370759677855353686, -6.633514213116802338 ) ) ;
#3897 = EDGE_CURVE ( 'NONE', #1944, #3398, #3710, .T. ) ;
#3898 = CARTESIAN_POINT ( 'NONE',  ( 0.3551250000564473708, -2.284841781425449359, 7.000000000000000000 ) ) ;
#3899 = LINE ( 'NONE', #1054, #2993 ) ;
#3900 = CARTESIAN_POINT ( 'NONE',  ( 0.6600000000000000311, -0.4949999999999999956, -0.3551250000564845077 ) ) ;
#3901 = PERSON_AND_ORGANIZATION ( #1026, #439 ) ;
#3902 = ORIENTED_EDGE ( 'NONE', *, *, #3290, .F. ) ;
#3903 = ORIENTED_EDGE ( 'NONE', *, *, #1086, .T. ) ;
#3904 = CARTESIAN_POINT ( 'NONE',  ( -0.09000000000000249467, -0.08500000000000000611, -0.3551250000564790676 ) ) ;
#3905 = CARTESIAN_POINT ( 'NONE',  ( -1.314328266767422315, -1.876649060913654798, 5.360263709981444080 ) ) ;
#3906 = VECTOR ( 'NONE', #3973, 1000.000000000000000 ) ;
#3907 = CARTESIAN_POINT ( 'NONE',  ( -0.6600000000000000311, -0.5950000000000000844, -0.3551250000564750153 ) ) ;
#3908 = EDGE_LOOP ( 'NONE', ( #4069, #3521, #1082, #361 ) ) ;
#3909 = ADVANCED_FACE ( 'NONE', ( #1859 ), #4083, .F. ) ;
#3910 = DIRECTION ( 'NONE',  ( -1.000000000000000000, 0.000000000000000000, 6.982962677686270655E-15 ) ) ;
#3911 = ORIENTED_EDGE ( 'NONE', *, *, #3707, .F. ) ;
#3912 = DIRECTION ( 'NONE',  ( 0.000000000000000000, 1.000000000000000000, 0.000000000000000000 ) ) ;
#3913 = AXIS2_PLACEMENT_3D ( 'NONE', #3139, #3804, #3185 ) ;
#3914 = VECTOR ( 'NONE', #3789, 1000.000000000000000 ) ;
#3915 = DIRECTION ( 'NONE',  ( -0.000000000000000000, 1.000000000000000000, 0.000000000000000000 ) ) ;
#3916 = AXIS2_PLACEMENT_3D ( 'NONE', #689, #714, #2930 ) ;
#3917 = LINE ( 'NONE', #43, #573 ) ;
#3918 = ORIENTED_EDGE ( 'NONE', *, *, #3756, .T. ) ;
#3919 = CARTESIAN_POINT ( 'NONE',  ( -2.913505490301934844E-15, 0.000000000000000000, -0.3551250000564795117 ) ) ;
#3920 = VECTOR ( 'NONE', #625, 1000.000000000000000 ) ;
#3921 = VECTOR ( 'NONE', #3933, 1000.000000000000000 ) ;
#3922 = DIRECTION ( 'NONE',  ( -6.505213034913040804E-15, 0.000000000000000000, -1.000000000000000000 ) ) ;
#3923 = CARTESIAN_POINT ( 'NONE',  ( -1.448726270043842357, 6.058427314146597631, -6.839894546441814605 ) ) ;
#3924 = ADVANCED_FACE ( 'NONE', ( #868 ), #1286, .T. ) ;
#3925 = CARTESIAN_POINT ( 'NONE',  ( 0.4850000000000000422, 0.5950000000000000844, -0.3551250000564830089 ) ) ;
#3926 = PERSON_AND_ORGANIZATION_ROLE ( 'classification_officer' ) ;
#3927 = ORIENTED_EDGE ( 'NONE', *, *, #2569, .T. ) ;
#3928 = EDGE_LOOP ( 'NONE', ( #1726, #2873, #2712, #2740 ) ) ;
#3929 = CYLINDRICAL_SURFACE ( 'NONE', #3677, 0.02500000000000001180 ) ;
#3930 = DIRECTION ( 'NONE',  ( -0.000000000000000000, 1.000000000000000000, 0.000000000000000000 ) ) ;
#3931 = VERTEX_POINT ( 'NONE', #1222 ) ;
#3932 = CARTESIAN_POINT ( 'NONE',  ( 0.08999999999999729050, 0.07499999999999999722, -0.3549999999999999822 ) ) ;
#3933 = DIRECTION ( 'NONE',  ( 6.982962677686270655E-15, 0.000000000000000000, 1.000000000000000000 ) ) ;
#3934 = CARTESIAN_POINT ( 'NONE',  ( 0.1849999999999965006, -0.6199999999999999956, -0.3551250000564810660 ) ) ;
#3935 = ORIENTED_EDGE ( 'NONE', *, *, #602, .F. ) ;
#3936 = DIRECTION ( 'NONE',  ( -1.000000000000000000, 0.000000000000000000, 6.505213034913037648E-15 ) ) ;
#3937 = VERTEX_POINT ( 'NONE', #3748 ) ;
#3938 = APPROVAL ( #1775, 'UNKNOWN' ) ;
#3939 = LINE ( 'NONE', #2381, #834 ) ;
#3940 = ADVANCED_FACE ( 'NONE', ( #2178 ), #3726, .T. ) ;
#3941 = VECTOR ( 'NONE', #2207, 1000.000000000000000 ) ;
#3942 = CARTESIAN_POINT ( 'NONE',  ( -0.09000000000000249467, 0.000000000000000000, -0.3551250000564790676 ) ) ;
#3943 = PERSON_AND_ORGANIZATION_ROLE ( 'classification_officer' ) ;
#3944 = ORIENTED_EDGE ( 'NONE', *, *, #3339, .T. ) ;
#3945 = ORIENTED_EDGE ( 'NONE', *, *, #2526, .F. ) ;
#3946 = EDGE_CURVE ( 'NONE', #3486, #2265, #2153, .T. ) ;
#3947 = CARTESIAN_POINT ( 'NONE',  ( 0.2389444872453570234, 0.3200000000000000067, -0.3549999999999999822 ) ) ;
#3948 = LINE ( 'NONE', #2445, #1392 ) ;
#3949 = DIRECTION ( 'NONE',  ( 6.505213034913040804E-15, 0.000000000000000000, 1.000000000000000000 ) ) ;
#3950 = ORIENTED_EDGE ( 'NONE', *, *, #1172, .F. ) ;
#3951 = PLANE ( 'NONE',  #513 ) ;
#3952 = DIRECTION ( 'NONE',  ( 6.505213034913040804E-15, 0.000000000000000000, 1.000000000000000000 ) ) ;
#3953 = VERTEX_POINT ( 'NONE', #2512 ) ;
#3954 = ORIENTED_EDGE ( 'NONE', *, *, #2900, .T. ) ;
#3955 = CARTESIAN_POINT ( 'NONE',  ( -6.994875025828874548, 10.47738999221430234, -6.758789077511675458 ) ) ;
#3956 = CIRCLE ( 'NONE', #1433, 0.02500000000000001180 ) ;
#3957 = CIRCLE ( 'NONE', #2093, 0.02499999999999995628 ) ;
#3958 = DIRECTION ( 'NONE',  ( 1.000000000000000000, 0.000000000000000000, 0.000000000000000000 ) ) ;
#3959 = EDGE_CURVE ( 'NONE', #1422, #585, #2132, .T. ) ;
#3960 = COORDINATED_UNIVERSAL_TIME_OFFSET ( 1, 0, .AHEAD. ) ;
#3961 = ORIENTED_EDGE ( 'NONE', *, *, #1881, .T. ) ;
#3962 = CARTESIAN_POINT ( 'NONE',  ( 0.1149999999999967992, -0.2250000000000000056, -0.3551250000564805109 ) ) ;
#3963 = DIRECTION ( 'NONE',  ( -6.505213034913040804E-15, 0.000000000000000000, -1.000000000000000000 ) ) ;
#3964 = EDGE_LOOP ( 'NONE', ( #1662, #2019, #1906, #2852, #1349, #2258, #1496, #669, #1820, #119, #3462, #3105 ) ) ;
#3965 = PLANE ( 'NONE',  #188 ) ;
#3966 = AXIS2_PLACEMENT_3D ( 'NONE', #2155, #1533, #953 ) ;
#3967 = EDGE_CURVE ( 'NONE', #3550, #74, #326, .T. ) ;
#3968 = CARTESIAN_POINT ( 'NONE',  ( 0.4850000000000000422, 0.6199999999999999956, -0.3551250000564830089 ) ) ;
#3970 = PLANE ( 'NONE',  #2441 ) ;
#3969 = VECTOR ( 'NONE', #213, 1000.000000000000000 ) ;
#3971 = VECTOR ( 'NONE', #3460, 1000.000000000000114 ) ;
#3972 = VERTEX_POINT ( 'NONE', #240 ) ;
#3973 = DIRECTION ( 'NONE',  ( 6.982962677686270655E-15, 0.000000000000000000, 1.000000000000000000 ) ) ;
#3974 = AXIS2_PLACEMENT_3D ( 'NONE', #449, #2994, #140 ) ;
#3975 = CARTESIAN_POINT ( 'NONE',  ( 0.4681785439136939564, -0.03857142857142845799, -0.3551250000564830089 ) ) ;
#3976 = CIRCLE ( 'NONE', #2726, 0.02500000000000001180 ) ;
#3977 = DATE_AND_TIME ( #3324, #4074 ) ;
#3978 = ORIENTED_EDGE ( 'NONE', *, *, #2478, .T. ) ;
#3979 = LINE ( 'NONE', #1138, #891 ) ;
#3980 = CARTESIAN_POINT ( 'NONE',  ( -2.846604824987382987, -5.059081103884319752, 5.327597916784519327 ) ) ;
#3981 = EDGE_CURVE ( 'NONE', #3972, #922, #2197, .T. ) ;
#3982 = EDGE_LOOP ( 'NONE', ( #2634, #2800, #825, #1315 ) ) ;
#3983 = DIRECTION ( 'NONE',  ( 0.000000000000000000, -1.000000000000000000, 0.000000000000000000 ) ) ;
#3984 = LINE ( 'NONE', #2413, #2033 ) ;
#3985 = DIRECTION ( 'NONE',  ( -1.000000000000000000, 0.000000000000000000, 6.982962677686270655E-15 ) ) ;
#3986 = EDGE_LOOP ( 'NONE', ( #649, #3129, #3473, #3706 ) ) ;
#3987 = DIRECTION ( 'NONE',  ( -6.505213034913040804E-15, 0.000000000000000000, -1.000000000000000000 ) ) ;
#3988 = ADVANCED_FACE ( 'NONE', ( #603 ), #3482, .F. ) ;
#3989 = DIRECTION ( 'NONE',  ( 1.000000000000000000, 0.000000000000000000, -6.505213034913027393E-15 ) ) ;
#3990 = EDGE_CURVE ( 'NONE', #3699, #3871, #3035, .T. ) ;
#3991 = APPROVAL_STATUS ( 'not_yet_approved' ) ;
#3992 = ORIENTED_EDGE ( 'NONE', *, *, #500, .T. ) ;
#3993 = DIRECTION ( 'NONE',  ( 6.505213034913021082E-15, 0.000000000000000000, 1.000000000000000000 ) ) ;
#3994 = DIRECTION ( 'NONE',  ( 0.000000000000000000, 1.000000000000000000, 0.000000000000000000 ) ) ;
#3995 = CARTESIAN_POINT ( 'NONE',  ( -1.445399022214034046, 1.974505227449498079, -5.796229384315703115 ) ) ;
#3996 =( LENGTH_UNIT ( ) NAMED_UNIT ( * ) SI_UNIT ( .MILLI., .METRE. ) );
#3997 = ORIENTED_EDGE ( 'NONE', *, *, #440, .T. ) ;
#3998 = DIRECTION ( 'NONE',  ( -6.505213034913021082E-15, 0.000000000000000000, -1.000000000000000000 ) ) ;
#3999 = EDGE_CURVE ( 'NONE', #1060, #2671, #59, .T. ) ;
#4000 = DIRECTION ( 'NONE',  ( -6.505213034913021082E-15, 0.000000000000000000, -1.000000000000000000 ) ) ;
#4001 = ORGANIZATION ( 'NAUO-ORG2', 'UNSPECIFIED', 'UNSPECIFIED' ) ;
#4002 = CARTESIAN_POINT ( 'NONE',  ( 0.5100000000000000089, -0.5699999999999999512, -0.3549999999999999822 ) ) ;
#4003 = VERTEX_POINT ( 'NONE', #2582 ) ;
#4004 = LINE ( 'NONE', #3112, #2843 ) ;
#4005 = ORGANIZATION ( 'NAUO-ORG4', 'UNSPECIFIED', 'UNSPECIFIED' ) ;
#4006 = LINE ( 'NONE', #3900, #725 ) ;
#4007 = PRODUCT_DEFINITION_SHAPE ( 'NONE', 'NONE',  #4115 ) ;
#4008 = LINE ( 'NONE', #1170, #845 ) ;
#4009 = VECTOR ( 'NONE', #761, 1000.000000000000000 ) ;
#4010 = EDGE_CURVE ( 'NONE', #177, #977, #2936, .T. ) ;
#4011 = EDGE_LOOP ( 'NONE', ( #3559, #3164, #485, #4051, #3088, #3333, #1310, #1716, #1477, #477, #2539, #143, #1049, #3795, #2235, #189, #2728, #1639, #3288, #3362, #2193, #2064, #3623, #1693, #1593, #535, #798, #1856, #667, #257, #3631, #282, #952, #2308, #2307, #1131, #3885, #3243, #4094, #274, #88, #2676, #3071, #373, #2878, #1100, #3742, #2589, #2614, #216, #2414, #1854, #1427, #1946, #3197, #1577, #1899, #3842, #1164, #2746, #30, #2660, #2688, #3457, #1216, #358, #620, #2003, #411, #1908, #3950, #3188, #596, #1517, #3869, #1366, #948 ) ) ;
#4012 = AXIS2_PLACEMENT_3D ( 'NONE', #476, #220, #2714 ) ;
#4013 = CYLINDRICAL_SURFACE ( 'NONE', #2136, 0.02500000000000001180 ) ;
#4014 = DIRECTION ( 'NONE',  ( 0.000000000000000000, 1.000000000000000000, 0.000000000000000000 ) ) ;
#4015 = PERSON_AND_ORGANIZATION ( #1026, #439 ) ;
#4016 = VERTEX_POINT ( 'NONE', #2239 ) ;
#4017 = EDGE_CURVE ( 'NONE', #1198, #74, #1967, .T. ) ;
#4018 = EDGE_LOOP ( 'NONE', ( #16, #1669, #2288, #3403 ) ) ;
#4019 = FACE_OUTER_BOUND ( 'NONE', #2951, .T. ) ;
#4020 = CARTESIAN_POINT ( 'NONE',  ( 0.6350000000000000089, -0.4949999999999999956, -0.3551250000564840081 ) ) ;
#4021 = EDGE_CURVE ( 'NONE', #811, #781, #2305, .T. ) ;
#4022 = CIRCLE ( 'NONE', #453, 0.02499999999999999792 ) ;
#4023 = ORIENTED_EDGE ( 'NONE', *, *, #2088, .F. ) ;
#4024 = ORIENTED_EDGE ( 'NONE', *, *, #934, .F. ) ;
#4025 = VECTOR ( 'NONE', #2650, 1000.000000000000000 ) ;
#4026 = DIRECTION ( 'NONE',  ( 6.505213034913021082E-15, 0.000000000000000000, 1.000000000000000000 ) ) ;
#4027 = CARTESIAN_POINT ( 'NONE',  ( 0.2099999999999969946, -0.5699999999999999512, -0.3551250000564810660 ) ) ;
#4028 = EDGE_CURVE ( 'NONE', #1146, #803, #3840, .T. ) ;
#4029 = CIRCLE ( 'NONE', #2659, 0.02499999999999995628 ) ;
#4030 = VECTOR ( 'NONE', #2263, 1000.000000000000000 ) ;
#4031 = EDGE_LOOP ( 'NONE', ( #1954, #435, #2769, #719 ) ) ;
#4032 = DIRECTION ( 'NONE',  ( 6.505213034913021082E-15, 0.000000000000000000, 1.000000000000000000 ) ) ;
#4033 = DIRECTION ( 'NONE',  ( 0.000000000000000000, 7.017346620700199258E-30, -1.000000000000000000 ) ) ;
#4034 = EDGE_CURVE ( 'NONE', #144, #1733, #3504, .T. ) ;
#4035 = ADVANCED_FACE ( 'NONE', ( #3264 ), #2017, .T. ) ;
#4036 = VECTOR ( 'NONE', #1900, 1000.000000000000000 ) ;
#4037 = ORIENTED_EDGE ( 'NONE', *, *, #2869, .F. ) ;
#4038 = EDGE_LOOP ( 'NONE', ( #3355, #1814, #1813, #1289 ) ) ;
#4039 = DIRECTION ( 'NONE',  ( 1.000000000000000000, 0.000000000000000000, -6.505213034913027393E-15 ) ) ;
#4040 = CARTESIAN_POINT ( 'NONE',  ( 0.4810555127546370380, 0.03499999999999999639, -0.3551250000564830089 ) ) ;
#4041 = DIRECTION ( 'NONE',  ( 1.000000000000000000, 0.000000000000000000, -6.505213034913023449E-15 ) ) ;
#4042 = CARTESIAN_POINT ( 'NONE',  ( 0.5810555127546370713, -0.3449999999999999734, -0.3551250000564840081 ) ) ;
#4043 = ORIENTED_EDGE ( 'NONE', *, *, #1816, .T. ) ;
#4044 = CARTESIAN_POINT ( 'NONE',  ( -1.394874999943561011, 1.976269565185000854, -5.796429114223418999 ) ) ;
#4045 = DIRECTION ( 'NONE',  ( 0.000000000000000000, -1.000000000000000000, 0.000000000000000000 ) ) ;
#4046 = CC_DESIGN_DATE_AND_TIME_ASSIGNMENT ( #3376, #1850, ( #3212 ) ) ;
#4047 = DIRECTION ( 'NONE',  ( 1.000000000000000000, 0.000000000000000000, -6.982962677686270655E-15 ) ) ;
#4048 = EDGE_CURVE ( 'NONE', #2283, #2795, #998, .T. ) ;
#4049 = DATE_AND_TIME ( #1257, #1757 ) ;
#4050 = APPLICATION_CONTEXT ( 'configuration controlled 3d designs of mechanical parts and assemblies' ) ;
#4051 = ORIENTED_EDGE ( 'NONE', *, *, #2858, .F. ) ;
#4052 = DIRECTION ( 'NONE',  ( 6.505213034913021082E-15, 0.000000000000000000, 1.000000000000000000 ) ) ;
#4053 = DIRECTION ( 'NONE',  ( -1.000000000000000000, 0.000000000000000000, 6.505213034913037648E-15 ) ) ;
#4054 = PERSON_AND_ORGANIZATION ( #1026, #439 ) ;
#4055 = ORIENTED_EDGE ( 'NONE', *, *, #1849, .F. ) ;
#4056 = EDGE_CURVE ( 'NONE', #2922, #1888, #897, .T. ) ;
#4057 = ORIENTED_EDGE ( 'NONE', *, *, #2549, .T. ) ;
#4058 = B_SPLINE_CURVE_WITH_KNOTS ( 'NONE', 3,
 ( #941, #382, #288, #1939, #1007, #984, #612, #1653, #334, #1607, #44, #2206 ),
 .UNSPECIFIED., .F., .F.,
 ( 4, 2, 2, 2, 2, 4 ),
 ( 8.673617379884035472E-19, 0.002643073263770713728, 0.005286146527541426589, 0.007929219791312138582, 0.009250756423197496747, 0.01057229305508285144 ),
 .UNSPECIFIED. ) ;
#4059 = CARTESIAN_POINT ( 'NONE',  ( 0.2099999999999969946, 0.5950000000000000844, -0.3551250000564810660 ) ) ;
#4060 = AXIS2_PLACEMENT_3D ( 'NONE', #3701, #1829, #522 ) ;
#4061 = CARTESIAN_POINT ( 'NONE',  ( 0.3200000000000000067, 0.2849999999999999756, -0.3550000000000003153 ) ) ;
#4062 = DIRECTION ( 'NONE',  ( 6.505213034913021082E-15, 0.000000000000000000, 1.000000000000000000 ) ) ;
#4063 = EDGE_CURVE ( 'NONE', #3647, #870, #2287, .T. ) ;
#4064 = FACE_OUTER_BOUND ( 'NONE', #2985, .T. ) ;
#4065 = EDGE_LOOP ( 'NONE', ( #269, #3259, #3195, #622 ) ) ;
#4066 = DIRECTION ( 'NONE',  ( 0.000000000000000000, 1.000000000000000000, 0.000000000000000000 ) ) ;
#4067 = CARTESIAN_POINT ( 'NONE',  ( 0.5100000000000000089, -0.5699999999999999512, -0.3551250000564835640 ) ) ;
#4068 = CARTESIAN_POINT ( 'NONE',  ( 0.3350000000000000200, -0.5950000000000000844, -0.3551250000564820097 ) ) ;
#4069 = ORIENTED_EDGE ( 'NONE', *, *, #3136, .F. ) ;
#4070 = DIRECTION ( 'NONE',  ( 6.982962677686270655E-15, 0.000000000000000000, 1.000000000000000000 ) ) ;
#4071 = ADVANCED_FACE ( 'NONE', ( #1950 ), #3213, .T. ) ;
#4072 = DIRECTION ( 'NONE',  ( 1.000000000000000000, 0.000000000000000000, -6.505213034913023449E-15 ) ) ;
#4073 = DIRECTION ( 'NONE',  ( -0.9993908270190958731, -0.03489949670249428010, 0.000000000000000000 ) ) ;
#4074 = LOCAL_TIME ( 11, 15, 59.00000000000000000, #802 ) ;
#4075 = CIRCLE ( 'NONE', #3220, 0.02499999999999999792 ) ;
#4076 = AXIS2_PLACEMENT_3D ( 'NONE', #3041, #778, #1750 ) ;
#4077 = VERTEX_POINT ( 'NONE', #654 ) ;
#4078 = ORIENTED_EDGE ( 'NONE', *, *, #3383, .T. ) ;
#4079 = ORIENTED_EDGE ( 'NONE', *, *, #1105, .F. ) ;
#4080 = CARTESIAN_POINT ( 'NONE',  ( 0.4681785439136939564, 0.03857142857142870779, -0.3551250000564830089 ) ) ;
#4081 = VECTOR ( 'NONE', #1244, 1000.000000000000114 ) ;
#4082 = CARTESIAN_POINT ( 'NONE',  ( -2.846604824987382987, -5.059081103884319752, -5.000000000000000000 ) ) ;
#4083 = CYLINDRICAL_SURFACE ( 'NONE', #701, 0.02500000000000001180 ) ;
#4084 = DIRECTION ( 'NONE',  ( 1.000000000000000000, -1.885568995626964780E-16, -6.982962677686270655E-15 ) ) ;
#4085 = ORIENTED_EDGE ( 'NONE', *, *, #4028, .T. ) ;
#4086 = CARTESIAN_POINT ( 'NONE',  ( 0.3350000000000000200, 0.5950000000000000844, -0.3549999999999999822 ) ) ;
#4087 = EDGE_CURVE ( 'NONE', #3518, #2644, #1039, .T. ) ;
#4088 = DIRECTION ( 'NONE',  ( 0.000000000000000000, 1.000000000000000000, 0.000000000000000000 ) ) ;
#4089 = CARTESIAN_POINT ( 'NONE',  ( -0.6600000000000000311, 0.000000000000000000, -0.3551250000564750153 ) ) ;
#4090 = ORIENTED_EDGE ( 'NONE', *, *, #2619, .F. ) ;
#4091 = LINE ( 'NONE', #1254, #1559 ) ;
#4092 = CIRCLE ( 'NONE', #712, 0.02499999999999995628 ) ;
#4093 = CIRCLE ( 'NONE', #1448, 0.02500000000000001180 ) ;
#4094 = ORIENTED_EDGE ( 'NONE', *, *, #3024, .F. ) ;
#4095 = DIRECTION ( 'NONE',  ( 1.000000000000000000, 0.000000000000000000, -6.505213034913023449E-15 ) ) ;
#4096 = CIRCLE ( 'NONE', #2510, 0.02500000000000001180 ) ;
#4097 = AXIS2_PLACEMENT_3D ( 'NONE', #2196, #2556, #3421 ) ;
#4098 = CARTESIAN_POINT ( 'NONE',  ( 0.6600000000000000311, -0.2250000000000000056, -0.3549999999999999822 ) ) ;
#4099 = ORIENTED_EDGE ( 'NONE', *, *, #2537, .T. ) ;
#4100 = AXIS2_PLACEMENT_3D ( 'NONE', #2417, #225, #2438 ) ;
#4101 = DIRECTION ( 'NONE',  ( 0.000000000000000000, 0.000000000000000000, 1.000000000000000000 ) ) ;
#4102 = ORIENTED_EDGE ( 'NONE', *, *, #2300, .F. ) ;
#4103 = ORIENTED_EDGE ( 'NONE', *, *, #2034, .F. ) ;
#4104 = PRODUCT_DEFINITION ( 'UNKNOWN', '', #292, #336 ) ;
#4105 = DIRECTION ( 'NONE',  ( -0.000000000000000000, 1.000000000000000000, 0.000000000000000000 ) ) ;
#4106 = CIRCLE ( 'NONE', #2252, 0.02499999999999995628 ) ;
#4107 = CARTESIAN_POINT ( 'NONE',  ( 0.5810555127546370713, 0.3449999999999999734, -0.3549999999999999822 ) ) ;
#4108 = EDGE_CURVE ( 'NONE', #3447, #994, #22, .T. ) ;
#4109 = CARTESIAN_POINT ( 'NONE',  ( 0.1149999999999967992, 0.3449999999999999734, -0.3551250000564805109 ) ) ;
#4110 = ORIENTED_EDGE ( 'NONE', *, *, #114, .F. ) ;
#4111 = LINE ( 'NONE', #2851, #3160 ) ;
#4112 = VERTEX_POINT ( 'NONE', #3907 ) ;
#4113 = CARTESIAN_POINT ( 'NONE',  ( -2.846604824987382987, -5.059081103884319752, 5.000000000000000000 ) ) ;
#4114 = ADVANCED_FACE ( 'NONE', ( #3037 ), #3685, .F. ) ;
#4115 = NEXT_ASSEMBLY_USAGE_OCCURRENCE ( 'NAUO1', ' ', ' ', #683, #3491, $ ) ;
#4116 = NEXT_ASSEMBLY_USAGE_OCCURRENCE ( 'NAUO2', ' ', ' ', #683, #4104, $ ) ;
#4117 = NEXT_ASSEMBLY_USAGE_OCCURRENCE ( 'NAUO3', ' ', ' ', #683, #4104, $ ) ;
#4118 = NEXT_ASSEMBLY_USAGE_OCCURRENCE ( 'NAUO4', ' ', ' ', #683, #4104, $ ) ;
ENDSEC;
END-ISO-10303-21;
