ISO-10303-21;
HEADER;
FILE_DESCRIPTION(('Open CASCADE Model'),'2;1');
FILE_NAME('Open CASCADE Shape Model','2026-08-26T18:48:41',('Author'),(
    'Open CASCADE'),'Open CASCADE STEP processor 7.9','Open CASCADE 7.9'
  ,'Unknown');
FILE_SCHEMA(('AUTOMOTIVE_DESIGN { 1 0 10303 214 1 1 1 1 }'));
ENDSEC;
DATA;
#1 = APPLICATION_PROTOCOL_DEFINITION('international standard',
  'automotive_design',2000,#2);
#2 = APPLICATION_CONTEXT(
  'core data for automotive mechanical design processes');
#3 = SHAPE_DEFINITION_REPRESENTATION(#4,#10);
#4 = PRODUCT_DEFINITION_SHAPE('','',#5);
#5 = PRODUCT_DEFINITION('design','',#6,#9);
#6 = PRODUCT_DEFINITION_FORMATION('','',#7);
#7 = PRODUCT('Open CASCADE STEP translator 7.9 1',
  'Open CASCADE STEP translator 7.9 1','',(#8));
#8 = PRODUCT_CONTEXT('',#2,'mechanical');
#9 = PRODUCT_DEFINITION_CONTEXT('part definition',#2,'design');
#10 = SHAPE_REPRESENTATION('',(#11,#15,#19,#23,#27),#31);
#11 = AXIS2_PLACEMENT_3D('',#12,#13,#14);
#12 = CARTESIAN_POINT('',(0.,0.,0.));
#13 = DIRECTION('',(0.,0.,1.));
#14 = DIRECTION('',(1.,0.,-0.));
#15 = AXIS2_PLACEMENT_3D('',#16,#17,#18);
#16 = CARTESIAN_POINT('',(5.260669582827,-9.846730434815,15.231288598506
    ));
#17 = DIRECTION('',(9.198597571016E-17,1.,-3.781697177629E-16));
#18 = DIRECTION('',(1.,-9.198597571016E-17,-6.982962677686E-15));
#19 = AXIS2_PLACEMENT_3D('',#20,#21,#22);
#20 = CARTESIAN_POINT('',(0.,0.,0.));
#21 = DIRECTION('',(0.,0.,1.));
#22 = DIRECTION('',(1.,0.,0.));
#23 = AXIS2_PLACEMENT_3D('',#24,#25,#26);
#24 = CARTESIAN_POINT('',(2.5,-2.299649392755E-16,-1.745740669422E-14));
#25 = DIRECTION('',(0.,0.,1.));
#26 = DIRECTION('',(1.,0.,0.));
#27 = AXIS2_PLACEMENT_3D('',#28,#29,#30);
#28 = CARTESIAN_POINT('',(-2.5,2.299649392755E-16,1.745740669422E-14));
#29 = DIRECTION('',(0.,0.,1.));
#30 = DIRECTION('',(1.,0.,0.));
#31 = ( GEOMETRIC_REPRESENTATION_CONTEXT(3) 
GLOBAL_UNCERTAINTY_ASSIGNED_CONTEXT((#35)) GLOBAL_UNIT_ASSIGNED_CONTEXT(
(#32,#33,#34)) REPRESENTATION_CONTEXT('Context #1',
  '3D Context with UNIT and UNCERTAINTY') );
#32 = ( LENGTH_UNIT() NAMED_UNIT(*) SI_UNIT(.MILLI.,.METRE.) );
#33 = ( NAMED_UNIT(*) PLANE_ANGLE_UNIT() SI_UNIT($,.RADIAN.) );
#34 = ( NAMED_UNIT(*) SI_UNIT($,.STERADIAN.) SOLID_ANGLE_UNIT() );
#35 = UNCERTAINTY_MEASURE_WITH_UNIT(LENGTH_MEASURE(5.E-06),#32,
  'distance_accuracy_value','confusion accuracy');
#36 = PRODUCT_RELATED_PRODUCT_CATEGORY('part',$,(#7));
#37 = SHAPE_DEFINITION_REPRESENTATION(#38,#44);
#38 = PRODUCT_DEFINITION_SHAPE('','',#39);
#39 = PRODUCT_DEFINITION('design','',#40,#43);
#40 = PRODUCT_DEFINITION_FORMATION('','',#41);
#41 = PRODUCT('Open CASCADE STEP translator 7.9 1.1',
  'Open CASCADE STEP translator 7.9 1.1','',(#42));
#42 = PRODUCT_CONTEXT('',#2,'mechanical');
#43 = PRODUCT_DEFINITION_CONTEXT('part definition',#2,'design');
#44 = ADVANCED_BREP_SHAPE_REPRESENTATION('',(#11,#45),#2916);
#45 = MANIFOLD_SOLID_BREP('',#46);
#46 = CLOSED_SHELL('',(#47,#168,#289,#504,#721,#1184,#1618,#1665,#1781,
    #1923,#1950,#1957,#1983,#2050,#2229,#2299,#2346,#2561,#2644,#2673,
    #2703,#2732,#2762,#2769,#2776,#2804,#2811,#2841,#2869,#2876,#2902,
    #2909));
#47 = ADVANCED_FACE('',(#48),#63,.T.);
#48 = FACE_BOUND('',#49,.T.);
#49 = EDGE_LOOP('',(#50,#90,#118,#147));
#50 = ORIENTED_EDGE('',*,*,#51,.F.);
#51 = EDGE_CURVE('',#52,#54,#56,.T.);
#52 = VERTEX_POINT('',#53);
#53 = CARTESIAN_POINT('',(-5.260669582827,15.786413598562,6.646730434815
    ));
#54 = VERTEX_POINT('',#55);
#55 = CARTESIAN_POINT('',(-5.260669582827,15.786413598562,5.046730434815
    ));
#56 = SURFACE_CURVE('',#57,(#62,#74),.PCURVE_S1.);
#57 = CIRCLE('',#58,0.8);
#58 = AXIS2_PLACEMENT_3D('',#59,#60,#61);
#59 = CARTESIAN_POINT('',(-5.260669582827,15.786413598562,5.846730434815
    ));
#60 = DIRECTION('',(-1.135572110156E-48,1.,3.796156675003E-16));
#61 = DIRECTION('',(-2.99137313703E-33,3.796156675003E-16,-1.));
#62 = PCURVE('',#63,#68);
#63 = CONICAL_SURFACE('',#64,1.,0.785398163397);
#64 = AXIS2_PLACEMENT_3D('',#65,#66,#67);
#65 = CARTESIAN_POINT('',(-5.260669582827,15.586413598562,5.846730434815
    ));
#66 = DIRECTION('',(-0.,-1.,-0.));
#67 = DIRECTION('',(-2.99137313703E-33,0.,-1.));
#68 = DEFINITIONAL_REPRESENTATION('',(#69),#73);
#69 = LINE('',#70,#71);
#70 = CARTESIAN_POINT('',(6.28318530718,-0.2));
#71 = VECTOR('',#72,1.);
#72 = DIRECTION('',(-1.,0.));
#73 = ( GEOMETRIC_REPRESENTATION_CONTEXT(2) 
PARAMETRIC_REPRESENTATION_CONTEXT() REPRESENTATION_CONTEXT('2D SPACE',''
  ) );
#74 = PCURVE('',#75,#80);
#75 = PLANE('',#76);
#76 = AXIS2_PLACEMENT_3D('',#77,#78,#79);
#77 = CARTESIAN_POINT('',(-5.260669582827,15.786413598562,5.846730434815
    ));
#78 = DIRECTION('',(-1.135572110156E-48,-1.,-3.796156675003E-16));
#79 = DIRECTION('',(-2.99137313703E-33,3.796156675003E-16,-1.));
#80 = DEFINITIONAL_REPRESENTATION('',(#81),#89);
#81 = ( BOUNDED_CURVE() B_SPLINE_CURVE(2,(#82,#83,#84,#85,#86,#87,#88),
.UNSPECIFIED.,.T.,.F.) B_SPLINE_CURVE_WITH_KNOTS((1,2,2,2,2,1),(
    -2.094395102393,0.,2.094395102393,4.188790204786,6.28318530718,
8.377580409573),.UNSPECIFIED.) CURVE() GEOMETRIC_REPRESENTATION_ITEM() 
RATIONAL_B_SPLINE_CURVE((1.,0.5,1.,0.5,1.,0.5,1.)) REPRESENTATION_ITEM(
  '') );
#82 = CARTESIAN_POINT('',(0.8,-4.786197019248E-33));
#83 = CARTESIAN_POINT('',(0.8,-1.385640646055));
#84 = CARTESIAN_POINT('',(-0.4,-0.692820323028));
#85 = CARTESIAN_POINT('',(-1.6,-1.959434878636E-16));
#86 = CARTESIAN_POINT('',(-0.4,0.692820323028));
#87 = CARTESIAN_POINT('',(0.8,1.385640646055));
#88 = CARTESIAN_POINT('',(0.8,-4.786197019248E-33));
#89 = ( GEOMETRIC_REPRESENTATION_CONTEXT(2) 
PARAMETRIC_REPRESENTATION_CONTEXT() REPRESENTATION_CONTEXT('2D SPACE',''
  ) );
#90 = ORIENTED_EDGE('',*,*,#91,.T.);
#91 = EDGE_CURVE('',#52,#92,#94,.T.);
#92 = VERTEX_POINT('',#93);
#93 = CARTESIAN_POINT('',(-5.260669582827,15.586413598562,6.846730434815
    ));
#94 = SURFACE_CURVE('',#95,(#99,#106),.PCURVE_S1.);
#95 = LINE('',#96,#97);
#96 = CARTESIAN_POINT('',(-5.260669582827,15.586413598562,6.846730434815
    ));
#97 = VECTOR('',#98,1.);
#98 = DIRECTION('',(8.659560562355E-17,-0.707106781187,0.707106781187));
#99 = PCURVE('',#63,#100);
#100 = DEFINITIONAL_REPRESENTATION('',(#101),#105);
#101 = LINE('',#102,#103);
#102 = CARTESIAN_POINT('',(3.14159265359,0.));
#103 = VECTOR('',#104,1.);
#104 = DIRECTION('',(0.,1.));
#105 = ( GEOMETRIC_REPRESENTATION_CONTEXT(2) 
PARAMETRIC_REPRESENTATION_CONTEXT() REPRESENTATION_CONTEXT('2D SPACE',''
  ) );
#106 = PCURVE('',#107,#112);
#107 = CONICAL_SURFACE('',#108,1.,0.785398163397);
#108 = AXIS2_PLACEMENT_3D('',#109,#110,#111);
#109 = CARTESIAN_POINT('',(-5.260669582827,15.586413598562,
    5.846730434815));
#110 = DIRECTION('',(-0.,-1.,-0.));
#111 = DIRECTION('',(-2.99137313703E-33,0.,-1.));
#112 = DEFINITIONAL_REPRESENTATION('',(#113),#117);
#113 = LINE('',#114,#115);
#114 = CARTESIAN_POINT('',(3.14159265359,0.));
#115 = VECTOR('',#116,1.);
#116 = DIRECTION('',(0.,1.));
#117 = ( GEOMETRIC_REPRESENTATION_CONTEXT(2) 
PARAMETRIC_REPRESENTATION_CONTEXT() REPRESENTATION_CONTEXT('2D SPACE',''
  ) );
#118 = ORIENTED_EDGE('',*,*,#119,.F.);
#119 = EDGE_CURVE('',#120,#92,#122,.T.);
#120 = VERTEX_POINT('',#121);
#121 = CARTESIAN_POINT('',(-5.260669582827,15.586413598562,
    4.846730434815));
#122 = SURFACE_CURVE('',#123,(#128,#135),.PCURVE_S1.);
#123 = CIRCLE('',#124,1.);
#124 = AXIS2_PLACEMENT_3D('',#125,#126,#127);
#125 = CARTESIAN_POINT('',(-5.260669582827,15.586413598562,
    5.846730434815));
#126 = DIRECTION('',(0.,-1.,-0.));
#127 = DIRECTION('',(-2.99137313703E-33,0.,-1.));
#128 = PCURVE('',#63,#129);
#129 = DEFINITIONAL_REPRESENTATION('',(#130),#134);
#130 = LINE('',#131,#132);
#131 = CARTESIAN_POINT('',(0.,0.));
#132 = VECTOR('',#133,1.);
#133 = DIRECTION('',(1.,0.));
#134 = ( GEOMETRIC_REPRESENTATION_CONTEXT(2) 
PARAMETRIC_REPRESENTATION_CONTEXT() REPRESENTATION_CONTEXT('2D SPACE',''
  ) );
#135 = PCURVE('',#136,#141);
#136 = CYLINDRICAL_SURFACE('',#137,1.);
#137 = AXIS2_PLACEMENT_3D('',#138,#139,#140);
#138 = CARTESIAN_POINT('',(-5.260669582827,15.786413598562,
    5.846730434815));
#139 = DIRECTION('',(-1.135572110156E-48,-1.,-3.796156675003E-16));
#140 = DIRECTION('',(-2.99137313703E-33,3.796156675003E-16,-1.));
#141 = DEFINITIONAL_REPRESENTATION('',(#142),#146);
#142 = LINE('',#143,#144);
#143 = CARTESIAN_POINT('',(0.,0.2));
#144 = VECTOR('',#145,1.);
#145 = DIRECTION('',(1.,0.));
#146 = ( GEOMETRIC_REPRESENTATION_CONTEXT(2) 
PARAMETRIC_REPRESENTATION_CONTEXT() REPRESENTATION_CONTEXT('2D SPACE',''
  ) );
#147 = ORIENTED_EDGE('',*,*,#148,.F.);
#148 = EDGE_CURVE('',#54,#120,#149,.T.);
#149 = SURFACE_CURVE('',#150,(#154,#161),.PCURVE_S1.);
#150 = LINE('',#151,#152);
#151 = CARTESIAN_POINT('',(-5.260669582827,15.586413598562,
    4.846730434815));
#152 = VECTOR('',#153,1.);
#153 = DIRECTION('',(-2.115220230253E-33,-0.707106781187,-0.707106781187
    ));
#154 = PCURVE('',#63,#155);
#155 = DEFINITIONAL_REPRESENTATION('',(#156),#160);
#156 = LINE('',#157,#158);
#157 = CARTESIAN_POINT('',(0.,0.));
#158 = VECTOR('',#159,1.);
#159 = DIRECTION('',(0.,1.));
#160 = ( GEOMETRIC_REPRESENTATION_CONTEXT(2) 
PARAMETRIC_REPRESENTATION_CONTEXT() REPRESENTATION_CONTEXT('2D SPACE',''
  ) );
#161 = PCURVE('',#107,#162);
#162 = DEFINITIONAL_REPRESENTATION('',(#163),#167);
#163 = LINE('',#164,#165);
#164 = CARTESIAN_POINT('',(6.28318530718,0.));
#165 = VECTOR('',#166,1.);
#166 = DIRECTION('',(0.,1.));
#167 = ( GEOMETRIC_REPRESENTATION_CONTEXT(2) 
PARAMETRIC_REPRESENTATION_CONTEXT() REPRESENTATION_CONTEXT('2D SPACE',''
  ) );
#168 = ADVANCED_FACE('',(#169),#184,.T.);
#169 = FACE_BOUND('',#170,.T.);
#170 = EDGE_LOOP('',(#171,#211,#239,#268));
#171 = ORIENTED_EDGE('',*,*,#172,.F.);
#172 = EDGE_CURVE('',#173,#175,#177,.T.);
#173 = VERTEX_POINT('',#174);
#174 = CARTESIAN_POINT('',(-5.260669582827,15.786413598562,
    14.146730434815));
#175 = VERTEX_POINT('',#176);
#176 = CARTESIAN_POINT('',(-5.260669582827,15.786413598562,
    12.546730434815));
#177 = SURFACE_CURVE('',#178,(#183,#195),.PCURVE_S1.);
#178 = CIRCLE('',#179,0.8);
#179 = AXIS2_PLACEMENT_3D('',#180,#181,#182);
#180 = CARTESIAN_POINT('',(-5.260669582827,15.786413598562,
    13.346730434815));
#181 = DIRECTION('',(-1.135572110156E-48,1.,3.796156675003E-16));
#182 = DIRECTION('',(-2.99137313703E-33,3.796156675003E-16,-1.));
#183 = PCURVE('',#184,#189);
#184 = CONICAL_SURFACE('',#185,1.,0.785398163397);
#185 = AXIS2_PLACEMENT_3D('',#186,#187,#188);
#186 = CARTESIAN_POINT('',(-5.260669582827,15.586413598562,
    13.346730434815));
#187 = DIRECTION('',(-0.,-1.,-0.));
#188 = DIRECTION('',(-2.99137313703E-33,0.,-1.));
#189 = DEFINITIONAL_REPRESENTATION('',(#190),#194);
#190 = LINE('',#191,#192);
#191 = CARTESIAN_POINT('',(6.28318530718,-0.2));
#192 = VECTOR('',#193,1.);
#193 = DIRECTION('',(-1.,0.));
#194 = ( GEOMETRIC_REPRESENTATION_CONTEXT(2) 
PARAMETRIC_REPRESENTATION_CONTEXT() REPRESENTATION_CONTEXT('2D SPACE',''
  ) );
#195 = PCURVE('',#196,#201);
#196 = PLANE('',#197);
#197 = AXIS2_PLACEMENT_3D('',#198,#199,#200);
#198 = CARTESIAN_POINT('',(-5.260669582827,15.786413598562,
    13.346730434815));
#199 = DIRECTION('',(-1.135572110156E-48,-1.,-3.796156675003E-16));
#200 = DIRECTION('',(-2.99137313703E-33,3.796156675003E-16,-1.));
#201 = DEFINITIONAL_REPRESENTATION('',(#202),#210);
#202 = ( BOUNDED_CURVE() B_SPLINE_CURVE(2,(#203,#204,#205,#206,#207,#208
,#209),.UNSPECIFIED.,.T.,.F.) B_SPLINE_CURVE_WITH_KNOTS((1,2,2,2,2,1),(
    -2.094395102393,0.,2.094395102393,4.188790204786,6.28318530718,
8.377580409573),.UNSPECIFIED.) CURVE() GEOMETRIC_REPRESENTATION_ITEM() 
RATIONAL_B_SPLINE_CURVE((1.,0.5,1.,0.5,1.,0.5,1.)) REPRESENTATION_ITEM(
  '') );
#203 = CARTESIAN_POINT('',(0.8,-4.786197019248E-33));
#204 = CARTESIAN_POINT('',(0.8,-1.385640646055));
#205 = CARTESIAN_POINT('',(-0.4,-0.692820323028));
#206 = CARTESIAN_POINT('',(-1.6,-1.959434878636E-16));
#207 = CARTESIAN_POINT('',(-0.4,0.692820323028));
#208 = CARTESIAN_POINT('',(0.8,1.385640646055));
#209 = CARTESIAN_POINT('',(0.8,-4.786197019248E-33));
#210 = ( GEOMETRIC_REPRESENTATION_CONTEXT(2) 
PARAMETRIC_REPRESENTATION_CONTEXT() REPRESENTATION_CONTEXT('2D SPACE',''
  ) );
#211 = ORIENTED_EDGE('',*,*,#212,.T.);
#212 = EDGE_CURVE('',#173,#213,#215,.T.);
#213 = VERTEX_POINT('',#214);
#214 = CARTESIAN_POINT('',(-5.260669582827,15.586413598562,
    14.346730434815));
#215 = SURFACE_CURVE('',#216,(#220,#227),.PCURVE_S1.);
#216 = LINE('',#217,#218);
#217 = CARTESIAN_POINT('',(-5.260669582827,15.586413598562,
    14.346730434815));
#218 = VECTOR('',#219,1.);
#219 = DIRECTION('',(8.659560562355E-17,-0.707106781187,0.707106781187)
  );
#220 = PCURVE('',#184,#221);
#221 = DEFINITIONAL_REPRESENTATION('',(#222),#226);
#222 = LINE('',#223,#224);
#223 = CARTESIAN_POINT('',(3.14159265359,-4.710277376051E-16));
#224 = VECTOR('',#225,1.);
#225 = DIRECTION('',(0.,1.));
#226 = ( GEOMETRIC_REPRESENTATION_CONTEXT(2) 
PARAMETRIC_REPRESENTATION_CONTEXT() REPRESENTATION_CONTEXT('2D SPACE',''
  ) );
#227 = PCURVE('',#228,#233);
#228 = CONICAL_SURFACE('',#229,1.,0.785398163397);
#229 = AXIS2_PLACEMENT_3D('',#230,#231,#232);
#230 = CARTESIAN_POINT('',(-5.260669582827,15.586413598562,
    13.346730434815));
#231 = DIRECTION('',(-0.,-1.,-0.));
#232 = DIRECTION('',(-2.99137313703E-33,0.,-1.));
#233 = DEFINITIONAL_REPRESENTATION('',(#234),#238);
#234 = LINE('',#235,#236);
#235 = CARTESIAN_POINT('',(3.14159265359,-4.710277376051E-16));
#236 = VECTOR('',#237,1.);
#237 = DIRECTION('',(0.,1.));
#238 = ( GEOMETRIC_REPRESENTATION_CONTEXT(2) 
PARAMETRIC_REPRESENTATION_CONTEXT() REPRESENTATION_CONTEXT('2D SPACE',''
  ) );
#239 = ORIENTED_EDGE('',*,*,#240,.F.);
#240 = EDGE_CURVE('',#241,#213,#243,.T.);
#241 = VERTEX_POINT('',#242);
#242 = CARTESIAN_POINT('',(-5.260669582827,15.586413598562,
    12.346730434815));
#243 = SURFACE_CURVE('',#244,(#249,#256),.PCURVE_S1.);
#244 = CIRCLE('',#245,1.);
#245 = AXIS2_PLACEMENT_3D('',#246,#247,#248);
#246 = CARTESIAN_POINT('',(-5.260669582827,15.586413598562,
    13.346730434815));
#247 = DIRECTION('',(0.,-1.,-0.));
#248 = DIRECTION('',(-2.99137313703E-33,0.,-1.));
#249 = PCURVE('',#184,#250);
#250 = DEFINITIONAL_REPRESENTATION('',(#251),#255);
#251 = LINE('',#252,#253);
#252 = CARTESIAN_POINT('',(0.,-4.440892098501E-16));
#253 = VECTOR('',#254,1.);
#254 = DIRECTION('',(1.,0.));
#255 = ( GEOMETRIC_REPRESENTATION_CONTEXT(2) 
PARAMETRIC_REPRESENTATION_CONTEXT() REPRESENTATION_CONTEXT('2D SPACE',''
  ) );
#256 = PCURVE('',#257,#262);
#257 = CYLINDRICAL_SURFACE('',#258,1.);
#258 = AXIS2_PLACEMENT_3D('',#259,#260,#261);
#259 = CARTESIAN_POINT('',(-5.260669582827,15.786413598562,
    13.346730434815));
#260 = DIRECTION('',(-1.135572110156E-48,-1.,-3.796156675003E-16));
#261 = DIRECTION('',(-2.99137313703E-33,3.796156675003E-16,-1.));
#262 = DEFINITIONAL_REPRESENTATION('',(#263),#267);
#263 = LINE('',#264,#265);
#264 = CARTESIAN_POINT('',(0.,0.2));
#265 = VECTOR('',#266,1.);
#266 = DIRECTION('',(1.,-1.130863886743E-15));
#267 = ( GEOMETRIC_REPRESENTATION_CONTEXT(2) 
PARAMETRIC_REPRESENTATION_CONTEXT() REPRESENTATION_CONTEXT('2D SPACE',''
  ) );
#268 = ORIENTED_EDGE('',*,*,#269,.F.);
#269 = EDGE_CURVE('',#175,#241,#270,.T.);
#270 = SURFACE_CURVE('',#271,(#275,#282),.PCURVE_S1.);
#271 = LINE('',#272,#273);
#272 = CARTESIAN_POINT('',(-5.260669582827,15.586413598562,
    12.346730434815));
#273 = VECTOR('',#274,1.);
#274 = DIRECTION('',(-2.115220230253E-33,-0.707106781187,-0.707106781187
    ));
#275 = PCURVE('',#184,#276);
#276 = DEFINITIONAL_REPRESENTATION('',(#277),#281);
#277 = LINE('',#278,#279);
#278 = CARTESIAN_POINT('',(0.,4.710277376051E-16));
#279 = VECTOR('',#280,1.);
#280 = DIRECTION('',(0.,1.));
#281 = ( GEOMETRIC_REPRESENTATION_CONTEXT(2) 
PARAMETRIC_REPRESENTATION_CONTEXT() REPRESENTATION_CONTEXT('2D SPACE',''
  ) );
#282 = PCURVE('',#228,#283);
#283 = DEFINITIONAL_REPRESENTATION('',(#284),#288);
#284 = LINE('',#285,#286);
#285 = CARTESIAN_POINT('',(6.28318530718,4.710277376051E-16));
#286 = VECTOR('',#287,1.);
#287 = DIRECTION('',(0.,1.));
#288 = ( GEOMETRIC_REPRESENTATION_CONTEXT(2) 
PARAMETRIC_REPRESENTATION_CONTEXT() REPRESENTATION_CONTEXT('2D SPACE',''
  ) );
#289 = ADVANCED_FACE('',(#290),#257,.T.);
#290 = FACE_BOUND('',#291,.T.);
#291 = EDGE_LOOP('',(#292,#293,#321,#450,#483));
#292 = ORIENTED_EDGE('',*,*,#240,.T.);
#293 = ORIENTED_EDGE('',*,*,#294,.T.);
#294 = EDGE_CURVE('',#213,#295,#297,.T.);
#295 = VERTEX_POINT('',#296);
#296 = CARTESIAN_POINT('',(-5.260669582799,13.542653955613,
    14.346730434815));
#297 = SURFACE_CURVE('',#298,(#302,#309),.PCURVE_S1.);
#298 = LINE('',#299,#300);
#299 = CARTESIAN_POINT('',(-5.260669582827,15.786413598562,
    14.346730434815));
#300 = VECTOR('',#301,1.);
#301 = DIRECTION('',(-1.135572110156E-48,-1.,-3.796156675003E-16));
#302 = PCURVE('',#257,#303);
#303 = DEFINITIONAL_REPRESENTATION('',(#304),#308);
#304 = LINE('',#305,#306);
#305 = CARTESIAN_POINT('',(3.14159265359,-3.552713678801E-15));
#306 = VECTOR('',#307,1.);
#307 = DIRECTION('',(0.,1.));
#308 = ( GEOMETRIC_REPRESENTATION_CONTEXT(2) 
PARAMETRIC_REPRESENTATION_CONTEXT() REPRESENTATION_CONTEXT('2D SPACE',''
  ) );
#309 = PCURVE('',#310,#315);
#310 = CYLINDRICAL_SURFACE('',#311,1.);
#311 = AXIS2_PLACEMENT_3D('',#312,#313,#314);
#312 = CARTESIAN_POINT('',(-5.260669582827,15.786413598562,
    13.346730434815));
#313 = DIRECTION('',(-1.135572110156E-48,-1.,-3.796156675003E-16));
#314 = DIRECTION('',(-2.99137313703E-33,3.796156675003E-16,-1.));
#315 = DEFINITIONAL_REPRESENTATION('',(#316),#320);
#316 = LINE('',#317,#318);
#317 = CARTESIAN_POINT('',(3.14159265359,-3.552713678801E-15));
#318 = VECTOR('',#319,1.);
#319 = DIRECTION('',(0.,1.));
#320 = ( GEOMETRIC_REPRESENTATION_CONTEXT(2) 
PARAMETRIC_REPRESENTATION_CONTEXT() REPRESENTATION_CONTEXT('2D SPACE',''
  ) );
#321 = ORIENTED_EDGE('',*,*,#322,.T.);
#322 = EDGE_CURVE('',#295,#323,#325,.T.);
#323 = VERTEX_POINT('',#324);
#324 = CARTESIAN_POINT('',(-4.393751404684,14.586413598562,
    12.84827996345));
#325 = SURFACE_CURVE('',#326,(#341,#392),.PCURVE_S1.);
#326 = B_SPLINE_CURVE_WITH_KNOTS('',3,(#327,#328,#329,#330,#331,#332,
    #333,#334,#335,#336,#337,#338,#339,#340),.UNSPECIFIED.,.F.,.F.,(4,2,
    2,2,2,2,4),(2.345093336706E-03,2.637123419442E-03,2.929153502178E-03
    ,3.51321366765E-03,4.097273833123E-03,4.389303915859E-03,
    4.681333998595E-03),.UNSPECIFIED.);
#327 = CARTESIAN_POINT('',(-5.260669582799,13.542653955613,
    14.346730434815));
#328 = CARTESIAN_POINT('',(-5.161804871458,13.542653955615,
    14.346730434812));
#329 = CARTESIAN_POINT('',(-5.063739699487,13.554428226146,
    14.331925111359));
#330 = CARTESIAN_POINT('',(-4.878245811393,13.598665527798,
    14.275784786662));
#331 = CARTESIAN_POINT('',(-4.793209950784,13.630297783338,
    14.235479594907));
#332 = CARTESIAN_POINT('',(-4.562644022991,13.746076230192,
    14.085874958187));
#333 = CARTESIAN_POINT('',(-4.448324402754,13.846982072951,
    13.953014707565));
#334 = CARTESIAN_POINT('',(-4.29613447583,14.061001299494,
    13.658431154001));
#335 = CARTESIAN_POINT('',(-4.258340484016,14.174248157962,
    13.496492739108));
#336 = CARTESIAN_POINT('',(-4.261998803924,14.337759872232,
    13.249623442832));
#337 = CARTESIAN_POINT('',(-4.273212834368,14.390418663064,
    13.167941144596));
#338 = CARTESIAN_POINT('',(-4.316797455136,14.491943260454,
    13.005934532636));
#339 = CARTESIAN_POINT('',(-4.349611894627,14.541112758314,
    12.925048561014));
#340 = CARTESIAN_POINT('',(-4.393751404684,14.586413598562,
    12.84827996345));
#341 = PCURVE('',#257,#342);
#342 = DEFINITIONAL_REPRESENTATION('',(#343),#391);
#343 = B_SPLINE_CURVE_WITH_KNOTS('',3,(#344,#345,#346,#347,#348,#349,
    #350,#351,#352,#353,#354,#355,#356,#357,#358,#359,#360,#361,#362,
    #363,#364,#365,#366,#367,#368,#369,#370,#371,#372,#373,#374,#375,
    #376,#377,#378,#379,#380,#381,#382,#383,#384,#385,#386,#387,#388,
    #389,#390),.UNSPECIFIED.,.F.,.F.,(4,1,1,1,1,1,1,1,1,1,1,1,1,1,1,1,1,
    1,1,1,1,1,1,1,1,1,1,1,1,1,1,1,1,1,1,1,1,1,1,1,1,1,1,1,4),(
    2.345093336706E-03,2.398189715385E-03,2.451286094065E-03,
    2.504382472744E-03,2.557478851423E-03,2.610575230103E-03,
    2.663671608782E-03,2.716767987461E-03,2.76986436614E-03,
    2.82296074482E-03,2.876057123499E-03,2.929153502178E-03,
    2.982249880858E-03,3.035346259537E-03,3.088442638216E-03,
    3.141539016895E-03,3.194635395575E-03,3.247731774254E-03,
    3.300828152933E-03,3.353924531613E-03,3.407020910292E-03,
    3.460117288971E-03,3.51321366765E-03,3.56631004633E-03,
    3.619406425009E-03,3.672502803688E-03,3.725599182368E-03,
    3.778695561047E-03,3.831791939726E-03,3.884888318405E-03,
    3.937984697085E-03,3.991081075764E-03,4.044177454443E-03,
    4.097273833123E-03,4.150370211802E-03,4.203466590481E-03,
    4.25656296916E-03,4.30965934784E-03,4.362755726519E-03,
    4.415852105198E-03,4.468948483878E-03,4.522044862557E-03,
    4.575141241236E-03,4.628237619915E-03,4.681333998595E-03),
  .QUASI_UNIFORM_KNOTS.);
#344 = CARTESIAN_POINT('',(3.141592653561,2.243759642949));
#345 = CARTESIAN_POINT('',(3.12361781327,2.243759642949));
#346 = CARTESIAN_POINT('',(3.087718839343,2.242981195586));
#347 = CARTESIAN_POINT('',(3.034035513861,2.239529597498));
#348 = CARTESIAN_POINT('',(2.980529438722,2.2338460924));
#349 = CARTESIAN_POINT('',(2.927215880651,2.225980582848));
#350 = CARTESIAN_POINT('',(2.874128399556,2.215990836321));
#351 = CARTESIAN_POINT('',(2.821240864269,2.203905278086));
#352 = CARTESIAN_POINT('',(2.769121087068,2.189990486836));
#353 = CARTESIAN_POINT('',(2.717605895626,2.174324152295));
#354 = CARTESIAN_POINT('',(2.666623888236,2.156999884649));
#355 = CARTESIAN_POINT('',(2.61611156408,2.138117977817));
#356 = CARTESIAN_POINT('',(2.565931056233,2.117736070321));
#357 = CARTESIAN_POINT('',(2.516286547413,2.096075738537));
#358 = CARTESIAN_POINT('',(2.467368911309,2.073345999416));
#359 = CARTESIAN_POINT('',(2.419038466383,2.049591538658));
#360 = CARTESIAN_POINT('',(2.371250191272,2.024901074257));
#361 = CARTESIAN_POINT('',(2.323940475315,1.999351526279));
#362 = CARTESIAN_POINT('',(2.277057918698,1.973022974209));
#363 = CARTESIAN_POINT('',(2.230555355283,1.945994657787));
#364 = CARTESIAN_POINT('',(2.184392058173,1.918346016308));
#365 = CARTESIAN_POINT('',(2.138533247689,1.890156530599));
#366 = CARTESIAN_POINT('',(2.092949566856,1.861505315798));
#367 = CARTESIAN_POINT('',(2.047618824683,1.832472908271));
#368 = CARTESIAN_POINT('',(2.002518203357,1.80313452516));
#369 = CARTESIAN_POINT('',(1.95760604963,1.773533196545));
#370 = CARTESIAN_POINT('',(1.912846964663,1.743717272028));
#371 = CARTESIAN_POINT('',(1.86820436366,1.713733678938));
#372 = CARTESIAN_POINT('',(1.823642469299,1.683629714173));
#373 = CARTESIAN_POINT('',(1.779125863462,1.653452618623));
#374 = CARTESIAN_POINT('',(1.734619256869,1.623249487648));
#375 = CARTESIAN_POINT('',(1.690088746528,1.593068054734));
#376 = CARTESIAN_POINT('',(1.645496852963,1.562953646389));
#377 = CARTESIAN_POINT('',(1.600820929488,1.532960578911));
#378 = CARTESIAN_POINT('',(1.555984311774,1.503109616411));
#379 = CARTESIAN_POINT('',(1.511113171393,1.473546741968));
#380 = CARTESIAN_POINT('',(1.466280962263,1.444372558559));
#381 = CARTESIAN_POINT('',(1.421354633517,1.415562478166));
#382 = CARTESIAN_POINT('',(1.376252831544,1.387125367032));
#383 = CARTESIAN_POINT('',(1.330877329304,1.359061465352));
#384 = CARTESIAN_POINT('',(1.285135731806,1.331372063252));
#385 = CARTESIAN_POINT('',(1.238844825677,1.304027727667));
#386 = CARTESIAN_POINT('',(1.192067874098,1.277125619413));
#387 = CARTESIAN_POINT('',(1.144827519748,1.250743770219));
#388 = CARTESIAN_POINT('',(1.097151141852,1.224965339198));
#389 = CARTESIAN_POINT('',(1.065085798542,1.208236516409));
#390 = CARTESIAN_POINT('',(1.048985870491,1.2));
#391 = ( GEOMETRIC_REPRESENTATION_CONTEXT(2) 
PARAMETRIC_REPRESENTATION_CONTEXT() REPRESENTATION_CONTEXT('2D SPACE',''
  ) );
#392 = PCURVE('',#393,#400);
#393 = B_SPLINE_SURFACE_WITH_KNOTS('',2,1,(
    (#394,#395)
    ,(#396,#397)
    ,(#398,#399
    )),.UNSPECIFIED.,.F.,.F.,.F.,(3,3),(2,2),(0.500820705123,
    0.502013311782),(0.,1.),.PIECEWISE_BEZIER_KNOTS.);
#394 = CARTESIAN_POINT('',(-10.16066958282,14.586413598581,
    12.848279963419));
#395 = CARTESIAN_POINT('',(-0.360669582827,14.586413598581,
    12.848279963419));
#396 = CARTESIAN_POINT('',(-10.16066958282,12.782562328493,
    15.905157748941));
#397 = CARTESIAN_POINT('',(-0.360669582827,12.782562328493,
    15.905157748941));
#398 = CARTESIAN_POINT('',(-10.16066958282,7.236413572682,
    20.324120427035));
#399 = CARTESIAN_POINT('',(-0.360669582827,7.236413572682,
    20.324120427035));
#400 = DEFINITIONAL_REPRESENTATION('',(#401),#449);
#401 = B_SPLINE_CURVE_WITH_KNOTS('',3,(#402,#403,#404,#405,#406,#407,
    #408,#409,#410,#411,#412,#413,#414,#415,#416,#417,#418,#419,#420,
    #421,#422,#423,#424,#425,#426,#427,#428,#429,#430,#431,#432,#433,
    #434,#435,#436,#437,#438,#439,#440,#441,#442,#443,#444,#445,#446,
    #447,#448),.UNSPECIFIED.,.F.,.F.,(4,1,1,1,1,1,1,1,1,1,1,1,1,1,1,1,1,
    1,1,1,1,1,1,1,1,1,1,1,1,1,1,1,1,1,1,1,1,1,1,1,1,1,1,1,4),(
    2.345093336706E-03,2.398189715385E-03,2.451286094065E-03,
    2.504382472744E-03,2.557478851423E-03,2.610575230103E-03,
    2.663671608782E-03,2.716767987461E-03,2.76986436614E-03,
    2.82296074482E-03,2.876057123499E-03,2.929153502178E-03,
    2.982249880858E-03,3.035346259537E-03,3.088442638216E-03,
    3.141539016895E-03,3.194635395575E-03,3.247731774254E-03,
    3.300828152933E-03,3.353924531613E-03,3.407020910292E-03,
    3.460117288971E-03,3.51321366765E-03,3.56631004633E-03,
    3.619406425009E-03,3.672502803688E-03,3.725599182368E-03,
    3.778695561047E-03,3.831791939726E-03,3.884888318405E-03,
    3.937984697085E-03,3.991081075764E-03,4.044177454443E-03,
    4.097273833123E-03,4.150370211802E-03,4.203466590481E-03,
    4.25656296916E-03,4.30965934784E-03,4.362755726519E-03,
    4.415852105198E-03,4.468948483878E-03,4.522044862557E-03,
    4.575141241236E-03,4.628237619915E-03,4.681333998595E-03),
  .QUASI_UNIFORM_KNOTS.);
#402 = CARTESIAN_POINT('',(0.501098582333,0.500000000003));
#403 = CARTESIAN_POINT('',(0.501098582291,0.501834224703));
#404 = CARTESIAN_POINT('',(0.501098409192,0.505497277023));
#405 = CARTESIAN_POINT('',(0.501097640119,0.510959062788));
#406 = CARTESIAN_POINT('',(0.501096371564,0.516371346807));
#407 = CARTESIAN_POINT('',(0.501094612353,0.521717796494));
#408 = CARTESIAN_POINT('',(0.501092372639,0.526980681041));
#409 = CARTESIAN_POINT('',(0.501089655744,0.532147486086));
#410 = CARTESIAN_POINT('',(0.501086516898,0.537151769645));
#411 = CARTESIAN_POINT('',(0.501082968724,0.541998810225));
#412 = CARTESIAN_POINT('',(0.501079027277,0.546685384941));
#413 = CARTESIAN_POINT('',(0.501074709955,0.551208741225));
#414 = CARTESIAN_POINT('',(0.501070024438,0.555572746642));
#415 = CARTESIAN_POINT('',(0.501065015249,0.559754317906));
#416 = CARTESIAN_POINT('',(0.501059724909,0.563732589321));
#417 = CARTESIAN_POINT('',(0.501054158949,0.567513832096));
#418 = CARTESIAN_POINT('',(0.501048332864,0.571097046119));
#419 = CARTESIAN_POINT('',(0.501042259562,0.57448317965));
#420 = CARTESIAN_POINT('',(0.501035952757,0.577672658781));
#421 = CARTESIAN_POINT('',(0.501029426094,0.580666049913));
#422 = CARTESIAN_POINT('',(0.501022693403,0.583463880369));
#423 = CARTESIAN_POINT('',(0.501015768689,0.586066693483));
#424 = CARTESIAN_POINT('',(0.501008666041,0.588475007615));
#425 = CARTESIAN_POINT('',(0.501001400149,0.590689425016));
#426 = CARTESIAN_POINT('',(0.500993984442,0.592710237344));
#427 = CARTESIAN_POINT('',(0.500986426106,0.594536311154));
#428 = CARTESIAN_POINT('',(0.500978733942,0.59616682338));
#429 = CARTESIAN_POINT('',(0.500970916506,0.597600867816));
#430 = CARTESIAN_POINT('',(0.500962982616,0.598837560439));
#431 = CARTESIAN_POINT('',(0.500954941244,0.599876011637));
#432 = CARTESIAN_POINT('',(0.500946801498,0.600715331969));
#433 = CARTESIAN_POINT('',(0.500938572864,0.601354636895));
#434 = CARTESIAN_POINT('',(0.500930264306,0.601793022105));
#435 = CARTESIAN_POINT('',(0.500921887677,0.602029657465));
#436 = CARTESIAN_POINT('',(0.50091344503,0.60206343591));
#437 = CARTESIAN_POINT('',(0.500904976007,0.601894283918));
#438 = CARTESIAN_POINT('',(0.500896510528,0.601520874826));
#439 = CARTESIAN_POINT('',(0.50088804116,0.600940823896));
#440 = CARTESIAN_POINT('',(0.500879570472,0.600152109199));
#441 = CARTESIAN_POINT('',(0.500871098443,0.59915231564));
#442 = CARTESIAN_POINT('',(0.500862625477,0.597940237985));
#443 = CARTESIAN_POINT('',(0.500854140802,0.5965036164));
#444 = CARTESIAN_POINT('',(0.500845676634,0.594842482499));
#445 = CARTESIAN_POINT('',(0.50083725955,0.592955414276));
#446 = CARTESIAN_POINT('',(0.500828918446,0.590841379357));
#447 = CARTESIAN_POINT('',(0.500823427943,0.589279953429));
#448 = CARTESIAN_POINT('',(0.500820705123,0.588461038586));
#449 = ( GEOMETRIC_REPRESENTATION_CONTEXT(2) 
PARAMETRIC_REPRESENTATION_CONTEXT() REPRESENTATION_CONTEXT('2D SPACE',''
  ) );
#450 = ORIENTED_EDGE('',*,*,#451,.F.);
#451 = EDGE_CURVE('',#452,#323,#454,.T.);
#452 = VERTEX_POINT('',#453);
#453 = CARTESIAN_POINT('',(-5.260669582827,14.586413598562,
    12.346730434815));
#454 = SURFACE_CURVE('',#455,(#460,#467),.PCURVE_S1.);
#455 = CIRCLE('',#456,1.);
#456 = AXIS2_PLACEMENT_3D('',#457,#458,#459);
#457 = CARTESIAN_POINT('',(-5.260669582827,14.586413598562,
    13.346730434815));
#458 = DIRECTION('',(1.135572110156E-48,-1.,-3.796156675003E-16));
#459 = DIRECTION('',(-2.99137313703E-33,3.796156675003E-16,-1.));
#460 = PCURVE('',#257,#461);
#461 = DEFINITIONAL_REPRESENTATION('',(#462),#466);
#462 = LINE('',#463,#464);
#463 = CARTESIAN_POINT('',(0.,1.2));
#464 = VECTOR('',#465,1.);
#465 = DIRECTION('',(1.,0.));
#466 = ( GEOMETRIC_REPRESENTATION_CONTEXT(2) 
PARAMETRIC_REPRESENTATION_CONTEXT() REPRESENTATION_CONTEXT('2D SPACE',''
  ) );
#467 = PCURVE('',#468,#473);
#468 = PLANE('',#469);
#469 = AXIS2_PLACEMENT_3D('',#470,#471,#472);
#470 = CARTESIAN_POINT('',(-10.16066958282,14.586413598562,7.56188865339
    ));
#471 = DIRECTION('',(3.851859888785E-33,1.,3.367958857502E-12));
#472 = DIRECTION('',(-1.,3.851859888774E-33,-2.99137313703E-33));
#473 = DEFINITIONAL_REPRESENTATION('',(#474),#482);
#474 = ( BOUNDED_CURVE() B_SPLINE_CURVE(2,(#475,#476,#477,#478,#479,#480
,#481),.UNSPECIFIED.,.T.,.F.) B_SPLINE_CURVE_WITH_KNOTS((1,2,2,2,2,1),(
    -2.094395102393,0.,2.094395102393,4.188790204786,6.28318530718,
8.377580409573),.UNSPECIFIED.) CURVE() GEOMETRIC_REPRESENTATION_ITEM() 
RATIONAL_B_SPLINE_CURVE((1.,0.5,1.,0.5,1.,0.5,1.)) REPRESENTATION_ITEM(
  '') );
#475 = CARTESIAN_POINT('',(-4.9,4.784841781425));
#476 = CARTESIAN_POINT('',(-6.632050807569,4.784841781425));
#477 = CARTESIAN_POINT('',(-5.766025403784,6.284841781425));
#478 = CARTESIAN_POINT('',(-4.9,7.784841781425));
#479 = CARTESIAN_POINT('',(-4.033974596216,6.284841781425));
#480 = CARTESIAN_POINT('',(-3.167949192431,4.784841781425));
#481 = CARTESIAN_POINT('',(-4.9,4.784841781425));
#482 = ( GEOMETRIC_REPRESENTATION_CONTEXT(2) 
PARAMETRIC_REPRESENTATION_CONTEXT() REPRESENTATION_CONTEXT('2D SPACE',''
  ) );
#483 = ORIENTED_EDGE('',*,*,#484,.F.);
#484 = EDGE_CURVE('',#241,#452,#485,.T.);
#485 = SURFACE_CURVE('',#486,(#490,#497),.PCURVE_S1.);
#486 = LINE('',#487,#488);
#487 = CARTESIAN_POINT('',(-5.260669582827,15.786413598562,
    12.346730434815));
#488 = VECTOR('',#489,1.);
#489 = DIRECTION('',(-1.135572110156E-48,-1.,-3.796156675003E-16));
#490 = PCURVE('',#257,#491);
#491 = DEFINITIONAL_REPRESENTATION('',(#492),#496);
#492 = LINE('',#493,#494);
#493 = CARTESIAN_POINT('',(0.,0.));
#494 = VECTOR('',#495,1.);
#495 = DIRECTION('',(0.,1.));
#496 = ( GEOMETRIC_REPRESENTATION_CONTEXT(2) 
PARAMETRIC_REPRESENTATION_CONTEXT() REPRESENTATION_CONTEXT('2D SPACE',''
  ) );
#497 = PCURVE('',#310,#498);
#498 = DEFINITIONAL_REPRESENTATION('',(#499),#503);
#499 = LINE('',#500,#501);
#500 = CARTESIAN_POINT('',(6.28318530718,0.));
#501 = VECTOR('',#502,1.);
#502 = DIRECTION('',(0.,1.));
#503 = ( GEOMETRIC_REPRESENTATION_CONTEXT(2) 
PARAMETRIC_REPRESENTATION_CONTEXT() REPRESENTATION_CONTEXT('2D SPACE',''
  ) );
#504 = ADVANCED_FACE('',(#505),#136,.T.);
#505 = FACE_BOUND('',#506,.T.);
#506 = EDGE_LOOP('',(#507,#508,#536,#617,#700));
#507 = ORIENTED_EDGE('',*,*,#119,.T.);
#508 = ORIENTED_EDGE('',*,*,#509,.T.);
#509 = EDGE_CURVE('',#92,#510,#512,.T.);
#510 = VERTEX_POINT('',#511);
#511 = CARTESIAN_POINT('',(-5.260669582827,14.321521751503,
    6.846730434815));
#512 = SURFACE_CURVE('',#513,(#517,#524),.PCURVE_S1.);
#513 = LINE('',#514,#515);
#514 = CARTESIAN_POINT('',(-5.260669582827,15.786413598562,
    6.846730434815));
#515 = VECTOR('',#516,1.);
#516 = DIRECTION('',(-1.135572110156E-48,-1.,-3.796156675003E-16));
#517 = PCURVE('',#136,#518);
#518 = DEFINITIONAL_REPRESENTATION('',(#519),#523);
#519 = LINE('',#520,#521);
#520 = CARTESIAN_POINT('',(3.14159265359,0.));
#521 = VECTOR('',#522,1.);
#522 = DIRECTION('',(0.,1.));
#523 = ( GEOMETRIC_REPRESENTATION_CONTEXT(2) 
PARAMETRIC_REPRESENTATION_CONTEXT() REPRESENTATION_CONTEXT('2D SPACE',''
  ) );
#524 = PCURVE('',#525,#530);
#525 = CYLINDRICAL_SURFACE('',#526,1.);
#526 = AXIS2_PLACEMENT_3D('',#527,#528,#529);
#527 = CARTESIAN_POINT('',(-5.260669582827,15.786413598562,
    5.846730434815));
#528 = DIRECTION('',(-1.135572110156E-48,-1.,-3.796156675003E-16));
#529 = DIRECTION('',(-2.99137313703E-33,3.796156675003E-16,-1.));
#530 = DEFINITIONAL_REPRESENTATION('',(#531),#535);
#531 = LINE('',#532,#533);
#532 = CARTESIAN_POINT('',(3.14159265359,0.));
#533 = VECTOR('',#534,1.);
#534 = DIRECTION('',(0.,1.));
#535 = ( GEOMETRIC_REPRESENTATION_CONTEXT(2) 
PARAMETRIC_REPRESENTATION_CONTEXT() REPRESENTATION_CONTEXT('2D SPACE',''
  ) );
#536 = ORIENTED_EDGE('',*,*,#537,.T.);
#537 = EDGE_CURVE('',#510,#538,#540,.T.);
#538 = VERTEX_POINT('',#539);
#539 = CARTESIAN_POINT('',(-4.277692916104,12.851141192202,
    5.662999999999));
#540 = SURFACE_CURVE('',#541,(#552,#581),.PCURVE_S1.);
#541 = B_SPLINE_CURVE_WITH_KNOTS('',3,(#542,#543,#544,#545,#546,#547,
    #548,#549,#550,#551),.UNSPECIFIED.,.F.,.F.,(4,2,2,2,4),(
    1.734723475977E-18,5.936862006893E-04,1.187372401379E-03,
    1.781058602068E-03,2.374744802757E-03),.UNSPECIFIED.);
#542 = CARTESIAN_POINT('',(-5.260669582827,14.321521751503,
    6.846730434815));
#543 = CARTESIAN_POINT('',(-5.05936922051,14.321521751503,6.846730434815
    ));
#544 = CARTESIAN_POINT('',(-4.868150291045,14.257534518024,
    6.782472300014));
#545 = CARTESIAN_POINT('',(-4.57763717546,14.05941351747,6.597164284794)
  );
#546 = CARTESIAN_POINT('',(-4.474497428595,13.928269691562,
    6.479905214083));
#547 = CARTESIAN_POINT('',(-4.332580529627,13.645528922434,
    6.243753943591));
#548 = CARTESIAN_POINT('',(-4.291965376803,13.490741519277,
    6.121757739979));
#549 = CARTESIAN_POINT('',(-4.254520281314,13.176998814117,
    5.887857559918));
#550 = CARTESIAN_POINT('',(-4.257167878703,13.014101273897,
    5.772811054817));
#551 = CARTESIAN_POINT('',(-4.277692916104,12.851141192202,
    5.662999999999));
#552 = PCURVE('',#136,#553);
#553 = DEFINITIONAL_REPRESENTATION('',(#554),#580);
#554 = B_SPLINE_CURVE_WITH_KNOTS('',3,(#555,#556,#557,#558,#559,#560,
    #561,#562,#563,#564,#565,#566,#567,#568,#569,#570,#571,#572,#573,
    #574,#575,#576,#577,#578,#579),.UNSPECIFIED.,.F.,.F.,(4,1,1,1,1,1,1,
    1,1,1,1,1,1,1,1,1,1,1,1,1,1,1,4),(1.734723475977E-18,
    1.079429455799E-04,2.158858911597E-04,3.238288367396E-04,
    4.317717823195E-04,5.397147278993E-04,6.476576734792E-04,
    7.556006190591E-04,8.635435646389E-04,9.714865102188E-04,
    1.079429455799E-03,1.187372401379E-03,1.295315346958E-03,
    1.403258292538E-03,1.511201238118E-03,1.619144183698E-03,
    1.727087129278E-03,1.835030074858E-03,1.942973020438E-03,
    2.050915966017E-03,2.158858911597E-03,2.266801857177E-03,
    2.374744802757E-03),.QUASI_UNIFORM_KNOTS.);
#555 = CARTESIAN_POINT('',(3.14159265359,1.46489184706));
#556 = CARTESIAN_POINT('',(3.105020602501,1.46489184706));
#557 = CARTESIAN_POINT('',(3.032434289651,1.469122376444));
#558 = CARTESIAN_POINT('',(2.925550302964,1.48711731466));
#559 = CARTESIAN_POINT('',(2.820869564583,1.515717818765));
#560 = CARTESIAN_POINT('',(2.719000061321,1.553884280328));
#561 = CARTESIAN_POINT('',(2.620615166696,1.600562345886));
#562 = CARTESIAN_POINT('',(2.526646516553,1.654752672274));
#563 = CARTESIAN_POINT('',(2.436882639707,1.714837648613));
#564 = CARTESIAN_POINT('',(2.350725958486,1.780125502039));
#565 = CARTESIAN_POINT('',(2.26787243908,1.849794999166));
#566 = CARTESIAN_POINT('',(2.188090170506,1.923093508398));
#567 = CARTESIAN_POINT('',(2.111455624955,1.999123451495));
#568 = CARTESIAN_POINT('',(2.037605179898,2.077498435007));
#569 = CARTESIAN_POINT('',(1.965828805209,2.158210245742));
#570 = CARTESIAN_POINT('',(1.896036640147,2.240744833788));
#571 = CARTESIAN_POINT('',(1.828050729373,2.324714377635));
#572 = CARTESIAN_POINT('',(1.761759788286,2.409731978885));
#573 = CARTESIAN_POINT('',(1.697211802262,2.49528081829));
#574 = CARTESIAN_POINT('',(1.633581868905,2.581973490309));
#575 = CARTESIAN_POINT('',(1.570776544042,2.669523808252));
#576 = CARTESIAN_POINT('',(1.508645719433,2.757735762536));
#577 = CARTESIAN_POINT('',(1.447072440041,2.846389172398));
#578 = CARTESIAN_POINT('',(1.406328971459,2.905643300598));
#579 = CARTESIAN_POINT('',(1.386016172455,2.935272406361));
#580 = ( GEOMETRIC_REPRESENTATION_CONTEXT(2) 
PARAMETRIC_REPRESENTATION_CONTEXT() REPRESENTATION_CONTEXT('2D SPACE',''
  ) );
#581 = PCURVE('',#582,#589);
#582 = B_SPLINE_SURFACE_WITH_KNOTS('',2,1,(
    (#583,#584)
    ,(#585,#586)
    ,(#587,#588
    )),.UNSPECIFIED.,.F.,.F.,.F.,(3,3),(2,2),(0.498812074629,
    0.499412845464),(0.,1.),.PIECEWISE_BEZIER_KNOTS.);
#583 = CARTESIAN_POINT('',(-10.16066958282,11.384683774008,
    4.787649329981));
#584 = CARTESIAN_POINT('',(-0.360669582827,11.384683774008,
    4.787649329981));
#585 = CARTESIAN_POINT('',(-10.16066958282,13.488921716546,
    5.911523835233));
#586 = CARTESIAN_POINT('',(-0.360669582827,13.488921716546,
    5.911523835233));
#587 = CARTESIAN_POINT('',(-10.16066958282,14.586413598487,
    7.123477207836));
#588 = CARTESIAN_POINT('',(-0.360669582827,14.586413598487,
    7.123477207836));
#589 = DEFINITIONAL_REPRESENTATION('',(#590),#616);
#590 = B_SPLINE_CURVE_WITH_KNOTS('',3,(#591,#592,#593,#594,#595,#596,
    #597,#598,#599,#600,#601,#602,#603,#604,#605,#606,#607,#608,#609,
    #610,#611,#612,#613,#614,#615),.UNSPECIFIED.,.F.,.F.,(4,1,1,1,1,1,1,
    1,1,1,1,1,1,1,1,1,1,1,1,1,1,1,4),(1.734723475977E-18,
    1.079429455799E-04,2.158858911597E-04,3.238288367396E-04,
    4.317717823195E-04,5.397147278993E-04,6.476576734792E-04,
    7.556006190591E-04,8.635435646389E-04,9.714865102188E-04,
    1.079429455799E-03,1.187372401379E-03,1.295315346958E-03,
    1.403258292538E-03,1.511201238118E-03,1.619144183698E-03,
    1.727087129278E-03,1.835030074858E-03,1.942973020438E-03,
    2.050915966017E-03,2.158858911597E-03,2.266801857177E-03,
    2.374744802757E-03),.QUASI_UNIFORM_KNOTS.);
#591 = CARTESIAN_POINT('',(0.499343966181,0.5));
#592 = CARTESIAN_POINT('',(0.499343967191,0.5037347006));
#593 = CARTESIAN_POINT('',(0.499342910507,0.511136106264));
#594 = CARTESIAN_POINT('',(0.499338462048,0.521902019867));
#595 = CARTESIAN_POINT('',(0.499331459615,0.532200209057));
#596 = CARTESIAN_POINT('',(0.499322223935,0.541896768608));
#597 = CARTESIAN_POINT('',(0.49931108092,0.550866617356));
#598 = CARTESIAN_POINT('',(0.499298342748,0.558951753602));
#599 = CARTESIAN_POINT('',(0.499284475407,0.566196482934));
#600 = CARTESIAN_POINT('',(0.499269675892,0.572645399303));
#601 = CARTESIAN_POINT('',(0.499254172393,0.578332491169));
#602 = CARTESIAN_POINT('',(0.499238168072,0.58329658147));
#603 = CARTESIAN_POINT('',(0.499221891361,0.587567760723));
#604 = CARTESIAN_POINT('',(0.499205445782,0.591206214648));
#605 = CARTESIAN_POINT('',(0.4991888308,0.594266617216));
#606 = CARTESIAN_POINT('',(0.499172157291,0.596773738154));
#607 = CARTESIAN_POINT('',(0.499155503615,0.598760411248));
#608 = CARTESIAN_POINT('',(0.499138945558,0.6002571183));
#609 = CARTESIAN_POINT('',(0.499122580504,0.601295684978));
#610 = CARTESIAN_POINT('',(0.499106281589,0.601910563603));
#611 = CARTESIAN_POINT('',(0.499090096944,0.602111555555));
#612 = CARTESIAN_POINT('',(0.499074055641,0.601912331381));
#613 = CARTESIAN_POINT('',(0.499058190339,0.601325524535));
#614 = CARTESIAN_POINT('',(0.499047750617,0.60068453997));
#615 = CARTESIAN_POINT('',(0.499042570134,0.600303741502));
#616 = ( GEOMETRIC_REPRESENTATION_CONTEXT(2) 
PARAMETRIC_REPRESENTATION_CONTEXT() REPRESENTATION_CONTEXT('2D SPACE',''
  ) );
#617 = ORIENTED_EDGE('',*,*,#618,.F.);
#618 = EDGE_CURVE('',#619,#538,#621,.T.);
#619 = VERTEX_POINT('',#620);
#620 = CARTESIAN_POINT('',(-5.260669582827,11.494493920491,
    4.846730434815));
#621 = SURFACE_CURVE('',#622,(#635,#664),.PCURVE_S1.);
#622 = B_SPLINE_CURVE_WITH_KNOTS('',3,(#623,#624,#625,#626,#627,#628,
    #629,#630,#631,#632,#633,#634),.UNSPECIFIED.,.F.,.F.,(4,2,2,2,2,4),(
    1.981184609177E-03,2.228214850484E-03,2.475245091792E-03,
    2.969305574408E-03,3.463366057024E-03,3.957426539639E-03),
  .UNSPECIFIED.);
#623 = CARTESIAN_POINT('',(-5.260669582827,11.494493920491,
    4.846730434815));
#624 = CARTESIAN_POINT('',(-5.177247887396,11.494493920491,
    4.846730434815));
#625 = CARTESIAN_POINT('',(-5.093784130926,11.514868491857,
    4.857745527963));
#626 = CARTESIAN_POINT('',(-4.944186982396,11.58310406588,4.895005336028
    ));
#627 = CARTESIAN_POINT('',(-4.878147313457,11.629450932683,
    4.920451405625));
#628 = CARTESIAN_POINT('',(-4.701301736039,11.785885748742,
    5.007461635265));
#629 = CARTESIAN_POINT('',(-4.612274917829,11.910486864456,
    5.078133337999));
#630 = CARTESIAN_POINT('',(-4.466005561992,12.170438765446,5.23055981492
    ));
#631 = CARTESIAN_POINT('',(-4.410416022151,12.305170435872,5.31187347249
    ));
#632 = CARTESIAN_POINT('',(-4.324995505707,12.576057678618,
    5.481330504606));
#633 = CARTESIAN_POINT('',(-4.295086145664,12.713046332005,
    5.569944436784));
#634 = CARTESIAN_POINT('',(-4.277692916104,12.851141192202,
    5.662999999999));
#635 = PCURVE('',#136,#636);
#636 = DEFINITIONAL_REPRESENTATION('',(#637),#663);
#637 = B_SPLINE_CURVE_WITH_KNOTS('',3,(#638,#639,#640,#641,#642,#643,
    #644,#645,#646,#647,#648,#649,#650,#651,#652,#653,#654,#655,#656,
    #657,#658,#659,#660,#661,#662),.UNSPECIFIED.,.F.,.F.,(4,1,1,1,1,1,1,
    1,1,1,1,1,1,1,1,1,1,1,1,1,1,1,4),(1.981184609177E-03,
    2.071013787834E-03,2.160842966491E-03,2.250672145149E-03,
    2.340501323806E-03,2.430330502464E-03,2.520159681121E-03,
    2.609988859778E-03,2.699818038436E-03,2.789647217093E-03,
    2.879476395751E-03,2.969305574408E-03,3.059134753065E-03,
    3.148963931723E-03,3.23879311038E-03,3.328622289037E-03,
    3.418451467695E-03,3.508280646352E-03,3.59810982501E-03,
    3.687939003667E-03,3.777768182324E-03,3.867597360982E-03,
    3.957426539639E-03),.QUASI_UNIFORM_KNOTS.);
#638 = CARTESIAN_POINT('',(0.,4.291919678072));
#639 = CARTESIAN_POINT('',(3.032286254842E-02,4.29192383252));
#640 = CARTESIAN_POINT('',(9.10275418508E-02,4.286519073899));
#641 = CARTESIAN_POINT('',(0.180337433289,4.264233891963));
#642 = CARTESIAN_POINT('',(0.265859237737,4.229389464561));
#643 = CARTESIAN_POINT('',(0.345961388423,4.185152850255));
#644 = CARTESIAN_POINT('',(0.421586321197,4.133561257247));
#645 = CARTESIAN_POINT('',(0.493208053877,4.07648263238));
#646 = CARTESIAN_POINT('',(0.561066774133,4.015804238534));
#647 = CARTESIAN_POINT('',(0.625792576717,3.951862683402));
#648 = CARTESIAN_POINT('',(0.687921792106,3.885249368697));
#649 = CARTESIAN_POINT('',(0.747926358575,3.816493998896));
#650 = CARTESIAN_POINT('',(0.806263688609,3.746118273404));
#651 = CARTESIAN_POINT('',(0.863070440932,3.674737609154));
#652 = CARTESIAN_POINT('',(0.918400934615,3.602576134673));
#653 = CARTESIAN_POINT('',(0.972538380734,3.529758125448));
#654 = CARTESIAN_POINT('',(1.02568482404,3.456437336326));
#655 = CARTESIAN_POINT('',(1.078043019158,3.38274945776));
#656 = CARTESIAN_POINT('',(1.129772854571,3.308872958412));
#657 = CARTESIAN_POINT('',(1.181132147507,3.234693078404));
#658 = CARTESIAN_POINT('',(1.2322677028,3.16023178097));
#659 = CARTESIAN_POINT('',(1.283342454856,3.085503246732));
#660 = CARTESIAN_POINT('',(1.334516560559,3.010523742376));
#661 = CARTESIAN_POINT('',(1.368803590467,2.96038056276));
#662 = CARTESIAN_POINT('',(1.386016172455,2.935272406361));
#663 = ( GEOMETRIC_REPRESENTATION_CONTEXT(2) 
PARAMETRIC_REPRESENTATION_CONTEXT() REPRESENTATION_CONTEXT('2D SPACE',''
  ) );
#664 = PCURVE('',#665,#672);
#665 = B_SPLINE_SURFACE_WITH_KNOTS('',2,1,(
    (#666,#667)
    ,(#668,#669)
    ,(#670,#671
    )),.UNSPECIFIED.,.F.,.F.,.F.,(3,3),(2,2),(0.499182349958,
    0.499412845464),(0.,1.),.PIECEWISE_BEZIER_KNOTS.);
#666 = CARTESIAN_POINT('',(-7.710669582827,12.85114119571,5.663000002852
    ));
#667 = CARTESIAN_POINT('',(-2.810669582827,12.85114119571,5.663000002852
    ));
#668 = CARTESIAN_POINT('',(-7.710669582827,12.192008897677,
    5.218842070674));
#669 = CARTESIAN_POINT('',(-2.810669582827,12.192008897677,
    5.218842070674));
#670 = CARTESIAN_POINT('',(-7.710669582827,11.384683773519,
    4.787649330931));
#671 = CARTESIAN_POINT('',(-2.810669582827,11.384683773519,
    4.787649330931));
#672 = DEFINITIONAL_REPRESENTATION('',(#673),#699);
#673 = B_SPLINE_CURVE_WITH_KNOTS('',3,(#674,#675,#676,#677,#678,#679,
    #680,#681,#682,#683,#684,#685,#686,#687,#688,#689,#690,#691,#692,
    #693,#694,#695,#696,#697,#698),.UNSPECIFIED.,.F.,.F.,(4,1,1,1,1,1,1,
    1,1,1,1,1,1,1,1,1,1,1,1,1,1,1,4),(1.981184609177E-03,
    2.071013787834E-03,2.160842966491E-03,2.250672145149E-03,
    2.340501323806E-03,2.430330502464E-03,2.520159681121E-03,
    2.609988859778E-03,2.699818038436E-03,2.789647217093E-03,
    2.879476395751E-03,2.969305574408E-03,3.059134753065E-03,
    3.148963931723E-03,3.23879311038E-03,3.328622289037E-03,
    3.418451467695E-03,3.508280646352E-03,3.59810982501E-03,
    3.687939003667E-03,3.777768182324E-03,3.867597360982E-03,
    3.957426539639E-03),.QUASI_UNIFORM_KNOTS.);
#674 = CARTESIAN_POINT('',(0.499397070695,0.5));
#675 = CARTESIAN_POINT('',(0.499397070824,0.506190973446));
#676 = CARTESIAN_POINT('',(0.499396290851,0.518573654372));
#677 = CARTESIAN_POINT('',(0.49939306412,0.536648799647));
#678 = CARTESIAN_POINT('',(0.499388002131,0.553682090391));
#679 = CARTESIAN_POINT('',(0.499381544845,0.569277198873));
#680 = CARTESIAN_POINT('',(0.499373970502,0.583588259304));
#681 = CARTESIAN_POINT('',(0.499365534509,0.596700918009));
#682 = CARTESIAN_POINT('',(0.499356500238,0.608691941616));
#683 = CARTESIAN_POINT('',(0.49934690613,0.619657643848));
#684 = CARTESIAN_POINT('',(0.499336828557,0.62969408503));
#685 = CARTESIAN_POINT('',(0.499326336303,0.638893808592));
#686 = CARTESIAN_POINT('',(0.499315497921,0.64736367895));
#687 = CARTESIAN_POINT('',(0.499304399081,0.655156793465));
#688 = CARTESIAN_POINT('',(0.499293068668,0.662265085076));
#689 = CARTESIAN_POINT('',(0.49928151953,0.668734205259));
#690 = CARTESIAN_POINT('',(0.499269769733,0.674595654311));
#691 = CARTESIAN_POINT('',(0.499257834799,0.679883818705));
#692 = CARTESIAN_POINT('',(0.499245737669,0.684635691395));
#693 = CARTESIAN_POINT('',(0.499233454313,0.688873302389));
#694 = CARTESIAN_POINT('',(0.499220981675,0.692595123757));
#695 = CARTESIAN_POINT('',(0.499208315387,0.695804222413));
#696 = CARTESIAN_POINT('',(0.499195451194,0.698502433662));
#697 = CARTESIAN_POINT('',(0.499186740043,0.699962094153));
#698 = CARTESIAN_POINT('',(0.499182349958,0.700607483005));
#699 = ( GEOMETRIC_REPRESENTATION_CONTEXT(2) 
PARAMETRIC_REPRESENTATION_CONTEXT() REPRESENTATION_CONTEXT('2D SPACE',''
  ) );
#700 = ORIENTED_EDGE('',*,*,#701,.F.);
#701 = EDGE_CURVE('',#120,#619,#702,.T.);
#702 = SURFACE_CURVE('',#703,(#707,#714),.PCURVE_S1.);
#703 = LINE('',#704,#705);
#704 = CARTESIAN_POINT('',(-5.260669582827,15.786413598562,
    4.846730434815));
#705 = VECTOR('',#706,1.);
#706 = DIRECTION('',(-1.135572110156E-48,-1.,-3.796156675003E-16));
#707 = PCURVE('',#136,#708);
#708 = DEFINITIONAL_REPRESENTATION('',(#709),#713);
#709 = LINE('',#710,#711);
#710 = CARTESIAN_POINT('',(0.,0.));
#711 = VECTOR('',#712,1.);
#712 = DIRECTION('',(0.,1.));
#713 = ( GEOMETRIC_REPRESENTATION_CONTEXT(2) 
PARAMETRIC_REPRESENTATION_CONTEXT() REPRESENTATION_CONTEXT('2D SPACE',''
  ) );
#714 = PCURVE('',#525,#715);
#715 = DEFINITIONAL_REPRESENTATION('',(#716),#720);
#716 = LINE('',#717,#718);
#717 = CARTESIAN_POINT('',(6.28318530718,0.));
#718 = VECTOR('',#719,1.);
#719 = DIRECTION('',(0.,1.));
#720 = ( GEOMETRIC_REPRESENTATION_CONTEXT(2) 
PARAMETRIC_REPRESENTATION_CONTEXT() REPRESENTATION_CONTEXT('2D SPACE',''
  ) );
#721 = ADVANCED_FACE('',(#722),#736,.T.);
#722 = FACE_BOUND('',#723,.T.);
#723 = EDGE_LOOP('',(#724,#754,#782,#876,#904,#993,#1016,#1039,#1067,
    #1095,#1123,#1156));
#724 = ORIENTED_EDGE('',*,*,#725,.T.);
#725 = EDGE_CURVE('',#726,#728,#730,.T.);
#726 = VERTEX_POINT('',#727);
#727 = CARTESIAN_POINT('',(-0.360669582827,11.384683773519,
    4.787649330931));
#728 = VERTEX_POINT('',#729);
#729 = CARTESIAN_POINT('',(-0.360669582827,14.586413598471,
    7.123477207818));
#730 = SURFACE_CURVE('',#731,(#735,#747),.PCURVE_S1.);
#731 = B_SPLINE_CURVE_WITH_KNOTS('',2,(#732,#733,#734),.UNSPECIFIED.,.F.
  ,.F.,(3,3),(0.498812074629,0.499412845464),.PIECEWISE_BEZIER_KNOTS.);
#732 = CARTESIAN_POINT('',(-0.360669582827,11.384683773519,
    4.787649330931));
#733 = CARTESIAN_POINT('',(-0.360669582827,13.488921716532,
    5.911523835228));
#734 = CARTESIAN_POINT('',(-0.360669582827,14.586413598471,
    7.123477207818));
#735 = PCURVE('',#736,#741);
#736 = PLANE('',#737);
#737 = AXIS2_PLACEMENT_3D('',#738,#739,#740);
#738 = CARTESIAN_POINT('',(-0.360669582827,13.208595541587,9.723));
#739 = DIRECTION('',(1.,-3.851859888774E-33,2.99137313703E-33));
#740 = DIRECTION('',(2.99137313703E-33,1.224646799147E-16,1.));
#741 = DEFINITIONAL_REPRESENTATION('',(#742),#746);
#742 = B_SPLINE_CURVE_WITH_KNOTS('',2,(#743,#744,#745),.UNSPECIFIED.,.F.
  ,.F.,(3,3),(0.498812074629,0.499412845464),.PIECEWISE_BEZIER_KNOTS.);
#743 = CARTESIAN_POINT('',(-4.935350669069,1.823911768068));
#744 = CARTESIAN_POINT('',(-3.811476164772,-0.280326174945));
#745 = CARTESIAN_POINT('',(-2.599522792182,-1.377818056884));
#746 = ( GEOMETRIC_REPRESENTATION_CONTEXT(2) 
PARAMETRIC_REPRESENTATION_CONTEXT() REPRESENTATION_CONTEXT('2D SPACE',''
  ) );
#747 = PCURVE('',#582,#748);
#748 = DEFINITIONAL_REPRESENTATION('',(#749),#753);
#749 = LINE('',#750,#751);
#750 = CARTESIAN_POINT('',(0.,1.));
#751 = VECTOR('',#752,1.);
#752 = DIRECTION('',(1.,1.847997541215E-13));
#753 = ( GEOMETRIC_REPRESENTATION_CONTEXT(2) 
PARAMETRIC_REPRESENTATION_CONTEXT() REPRESENTATION_CONTEXT('2D SPACE',''
  ) );
#754 = ORIENTED_EDGE('',*,*,#755,.F.);
#755 = EDGE_CURVE('',#756,#728,#758,.T.);
#756 = VERTEX_POINT('',#757);
#757 = CARTESIAN_POINT('',(-0.360669582827,13.086413598562,
    7.123477207818));
#758 = SURFACE_CURVE('',#759,(#763,#770),.PCURVE_S1.);
#759 = LINE('',#760,#761);
#760 = CARTESIAN_POINT('',(-0.360669582827,11.586413598562,
    7.123477207818));
#761 = VECTOR('',#762,1.);
#762 = DIRECTION('',(1.135572110156E-48,1.,3.796156675003E-16));
#763 = PCURVE('',#736,#764);
#764 = DEFINITIONAL_REPRESENTATION('',(#765),#769);
#765 = LINE('',#766,#767);
#766 = CARTESIAN_POINT('',(-2.599522792182,1.622181943025));
#767 = VECTOR('',#768,1.);
#768 = DIRECTION('',(5.020803474151E-16,-1.));
#769 = ( GEOMETRIC_REPRESENTATION_CONTEXT(2) 
PARAMETRIC_REPRESENTATION_CONTEXT() REPRESENTATION_CONTEXT('2D SPACE',''
  ) );
#770 = PCURVE('',#771,#776);
#771 = CYLINDRICAL_SURFACE('',#772,3.04833541193);
#772 = AXIS2_PLACEMENT_3D('',#773,#774,#775);
#773 = CARTESIAN_POINT('',(-1.409004994758,11.586413598562,
    9.985878585634));
#774 = DIRECTION('',(1.135572110156E-48,1.,3.796156675003E-16));
#775 = DIRECTION('',(2.99137313703E-33,-3.796156675003E-16,1.));
#776 = DEFINITIONAL_REPRESENTATION('',(#777),#781);
#777 = LINE('',#778,#779);
#778 = CARTESIAN_POINT('',(2.790521077286,0.));
#779 = VECTOR('',#780,1.);
#780 = DIRECTION('',(0.,1.));
#781 = ( GEOMETRIC_REPRESENTATION_CONTEXT(2) 
PARAMETRIC_REPRESENTATION_CONTEXT() REPRESENTATION_CONTEXT('2D SPACE',''
  ) );
#782 = ORIENTED_EDGE('',*,*,#783,.T.);
#783 = EDGE_CURVE('',#756,#784,#786,.T.);
#784 = VERTEX_POINT('',#785);
#785 = CARTESIAN_POINT('',(-0.360669582827,11.586413598562,
    8.846433364515));
#786 = SURFACE_CURVE('',#787,(#802,#820),.PCURVE_S1.);
#787 = B_SPLINE_CURVE_WITH_KNOTS('',3,(#788,#789,#790,#791,#792,#793,
    #794,#795,#796,#797,#798,#799,#800,#801),.UNSPECIFIED.,.F.,.F.,(4,2,
    2,2,2,2,4),(0.,3.174188710944E-04,6.348377421889E-04,
    1.269675484378E-03,1.587094355472E-03,1.904513226567E-03,
    2.539350968755E-03),.UNSPECIFIED.);
#788 = CARTESIAN_POINT('',(-0.360669582827,13.086413598562,
    7.123477207818));
#789 = CARTESIAN_POINT('',(-0.360669582827,12.9790594702,7.123477207818)
  );
#790 = CARTESIAN_POINT('',(-0.360669582827,12.87378669407,7.135601071289
    ));
#791 = CARTESIAN_POINT('',(-0.360669582827,12.667226558594,
    7.183063825545));
#792 = CARTESIAN_POINT('',(-0.360669582827,12.565055615541,
    7.219071658563));
#793 = CARTESIAN_POINT('',(-0.360669582827,12.278705948616,
    7.357504426931));
#794 = CARTESIAN_POINT('',(-0.360669582827,12.108022690115,
    7.493567105403));
#795 = CARTESIAN_POINT('',(-0.360669582827,11.905805215502,
    7.739116690631));
#796 = CARTESIAN_POINT('',(-0.360669582827,11.846149269673,7.82922315319
    ));
#797 = CARTESIAN_POINT('',(-0.360669582827,11.746853038295,
    8.016888788896));
#798 = CARTESIAN_POINT('',(-0.360669582827,11.706591275436,
    8.114962526381));
#799 = CARTESIAN_POINT('',(-0.360669582827,11.611864349863,8.42095736649
    ));
#800 = CARTESIAN_POINT('',(-0.360669582827,11.586413598562,
    8.632726616879));
#801 = CARTESIAN_POINT('',(-0.360669582827,11.586413598562,
    8.846433364515));
#802 = PCURVE('',#736,#803);
#803 = DEFINITIONAL_REPRESENTATION('',(#804),#819);
#804 = B_SPLINE_CURVE_WITH_KNOTS('',3,(#805,#806,#807,#808,#809,#810,
    #811,#812,#813,#814,#815,#816,#817,#818),.UNSPECIFIED.,.F.,.F.,(4,2,
    2,2,2,2,4),(0.,3.174188710944E-04,6.348377421889E-04,
    1.269675484378E-03,1.587094355472E-03,1.904513226567E-03,
    2.539350968755E-03),.UNSPECIFIED.);
#805 = CARTESIAN_POINT('',(-2.599522792182,0.122181943025));
#806 = CARTESIAN_POINT('',(-2.599522792182,0.229536071387));
#807 = CARTESIAN_POINT('',(-2.587398928711,0.334808847517));
#808 = CARTESIAN_POINT('',(-2.539936174455,0.541368982993));
#809 = CARTESIAN_POINT('',(-2.503928341437,0.643539926046));
#810 = CARTESIAN_POINT('',(-2.365495573069,0.929889592971));
#811 = CARTESIAN_POINT('',(-2.229432894597,1.100572851472));
#812 = CARTESIAN_POINT('',(-1.983883309369,1.302790326085));
#813 = CARTESIAN_POINT('',(-1.89377684681,1.362446271914));
#814 = CARTESIAN_POINT('',(-1.706111211104,1.461742503292));
#815 = CARTESIAN_POINT('',(-1.608037473619,1.502004266151));
#816 = CARTESIAN_POINT('',(-1.30204263351,1.596731191724));
#817 = CARTESIAN_POINT('',(-1.090273383121,1.622181943025));
#818 = CARTESIAN_POINT('',(-0.876566635485,1.622181943025));
#819 = ( GEOMETRIC_REPRESENTATION_CONTEXT(2) 
PARAMETRIC_REPRESENTATION_CONTEXT() REPRESENTATION_CONTEXT('2D SPACE',''
  ) );
#820 = PCURVE('',#821,#826);
#821 = TOROIDAL_SURFACE('',#822,1.54833541193,1.5);
#822 = AXIS2_PLACEMENT_3D('',#823,#824,#825);
#823 = CARTESIAN_POINT('',(-1.409004994758,13.086413598562,
    9.985878585634));
#824 = DIRECTION('',(-1.135572110156E-48,-1.,-3.796156675003E-16));
#825 = DIRECTION('',(-2.99137313703E-33,3.796156675003E-16,-1.));
#826 = DEFINITIONAL_REPRESENTATION('',(#827),#875);
#827 = B_SPLINE_CURVE_WITH_KNOTS('',3,(#828,#829,#830,#831,#832,#833,
    #834,#835,#836,#837,#838,#839,#840,#841,#842,#843,#844,#845,#846,
    #847,#848,#849,#850,#851,#852,#853,#854,#855,#856,#857,#858,#859,
    #860,#861,#862,#863,#864,#865,#866,#867,#868,#869,#870,#871,#872,
    #873,#874),.UNSPECIFIED.,.F.,.F.,(4,1,1,1,1,1,1,1,1,1,1,1,1,1,1,1,1,
    1,1,1,1,1,1,1,1,1,1,1,1,1,1,1,1,1,1,1,1,1,1,1,1,1,1,1,4),(0.,
    5.771252201717E-05,1.154250440343E-04,1.731375660515E-04,
    2.308500880687E-04,2.885626100858E-04,3.46275132103E-04,
    4.039876541202E-04,4.617001761374E-04,5.194126981545E-04,
    5.771252201717E-04,6.348377421889E-04,6.92550264206E-04,
    7.502627862232E-04,8.079753082404E-04,8.656878302575E-04,
    9.234003522747E-04,9.811128742919E-04,1.038825396309E-03,
    1.096537918326E-03,1.154250440343E-03,1.211962962361E-03,
    1.269675484378E-03,1.327388006395E-03,1.385100528412E-03,
    1.442813050429E-03,1.500525572446E-03,1.558238094464E-03,
    1.615950616481E-03,1.673663138498E-03,1.731375660515E-03,
    1.789088182532E-03,1.846800704549E-03,1.904513226567E-03,
    1.962225748584E-03,2.019938270601E-03,2.077650792618E-03,
    2.135363314635E-03,2.193075836652E-03,2.25078835867E-03,
    2.308500880687E-03,2.366213402704E-03,2.423925924721E-03,
    2.481638446738E-03,2.539350968755E-03),.QUASI_UNIFORM_KNOTS.);
#828 = CARTESIAN_POINT('',(0.351071576304,0.));
#829 = CARTESIAN_POINT('',(0.351071674557,1.301261400202E-02));
#830 = CARTESIAN_POINT('',(0.351161929882,3.894611398747E-02));
#831 = CARTESIAN_POINT('',(0.351567275368,7.763080168122E-02));
#832 = CARTESIAN_POINT('',(0.352241939362,0.116159775622));
#833 = CARTESIAN_POINT('',(0.353186782981,0.154592090681));
#834 = CARTESIAN_POINT('',(0.354404102156,0.19298613866));
#835 = CARTESIAN_POINT('',(0.355895973185,0.231396477649));
#836 = CARTESIAN_POINT('',(0.357681692061,0.269964665407));
#837 = CARTESIAN_POINT('',(0.359758047969,0.308576958459));
#838 = CARTESIAN_POINT('',(0.36212564935,0.347149796314));
#839 = CARTESIAN_POINT('',(0.364786438951,0.38560274829));
#840 = CARTESIAN_POINT('',(0.367739311473,0.423806307706));
#841 = CARTESIAN_POINT('',(0.370999906674,0.46182727215));
#842 = CARTESIAN_POINT('',(0.37458642937,0.49981351541));
#843 = CARTESIAN_POINT('',(0.378502395253,0.537714590636));
#844 = CARTESIAN_POINT('',(0.382756751947,0.575529314293));
#845 = CARTESIAN_POINT('',(0.387358507006,0.613239921948));
#846 = CARTESIAN_POINT('',(0.392318215234,0.650830332876));
#847 = CARTESIAN_POINT('',(0.39764756555,0.688281516774));
#848 = CARTESIAN_POINT('',(0.403359751841,0.725574423999));
#849 = CARTESIAN_POINT('',(0.40946864755,0.762685607001));
#850 = CARTESIAN_POINT('',(0.415992018294,0.799604524044));
#851 = CARTESIAN_POINT('',(0.422939812856,0.836271394684));
#852 = CARTESIAN_POINT('',(0.430358133787,0.872811099621));
#853 = CARTESIAN_POINT('',(0.438283537865,0.909298211341));
#854 = CARTESIAN_POINT('',(0.446718232627,0.945619688412));
#855 = CARTESIAN_POINT('',(0.455673019591,0.981707130256));
#856 = CARTESIAN_POINT('',(0.465157623604,1.017485007518));
#857 = CARTESIAN_POINT('',(0.47517441553,1.052853602598));
#858 = CARTESIAN_POINT('',(0.48576994961,1.087901234924));
#859 = CARTESIAN_POINT('',(0.496986981676,1.122656209833));
#860 = CARTESIAN_POINT('',(0.508872680732,1.157147139936));
#861 = CARTESIAN_POINT('',(0.521473299633,1.191384770452));
#862 = CARTESIAN_POINT('',(0.534860809592,1.225428412329));
#863 = CARTESIAN_POINT('',(0.549034407017,1.259135612371));
#864 = CARTESIAN_POINT('',(0.563980496798,1.292364350674));
#865 = CARTESIAN_POINT('',(0.579767031933,1.325164376293));
#866 = CARTESIAN_POINT('',(0.596444546288,1.357527128253));
#867 = CARTESIAN_POINT('',(0.614072809558,1.389452534106));
#868 = CARTESIAN_POINT('',(0.632713762077,1.420930954058));
#869 = CARTESIAN_POINT('',(0.652433407458,1.451947893628));
#870 = CARTESIAN_POINT('',(0.673301175384,1.482482725248));
#871 = CARTESIAN_POINT('',(0.695389879408,1.512508839216));
#872 = CARTESIAN_POINT('',(0.718775075481,1.541994310959));
#873 = CARTESIAN_POINT('',(0.735281859892,1.561264322861));
#874 = CARTESIAN_POINT('',(0.743777357292,1.570796326795));
#875 = ( GEOMETRIC_REPRESENTATION_CONTEXT(2) 
PARAMETRIC_REPRESENTATION_CONTEXT() REPRESENTATION_CONTEXT('2D SPACE',''
  ) );
#876 = ORIENTED_EDGE('',*,*,#877,.F.);
#877 = EDGE_CURVE('',#878,#784,#880,.T.);
#878 = VERTEX_POINT('',#879);
#879 = CARTESIAN_POINT('',(-0.360669582827,11.586413598562,
    11.125323806753));
#880 = SURFACE_CURVE('',#881,(#885,#892),.PCURVE_S1.);
#881 = LINE('',#882,#883);
#882 = CARTESIAN_POINT('',(-0.360669582827,11.586413598562,
    7.123477207818));
#883 = VECTOR('',#884,1.);
#884 = DIRECTION('',(-2.99137313703E-33,3.030189073799E-16,-1.));
#885 = PCURVE('',#736,#886);
#886 = DEFINITIONAL_REPRESENTATION('',(#887),#891);
#887 = LINE('',#888,#889);
#888 = CARTESIAN_POINT('',(-2.599522792182,1.622181943025));
#889 = VECTOR('',#890,1.);
#890 = DIRECTION('',(-1.,-4.254835872946E-16));
#891 = ( GEOMETRIC_REPRESENTATION_CONTEXT(2) 
PARAMETRIC_REPRESENTATION_CONTEXT() REPRESENTATION_CONTEXT('2D SPACE',''
  ) );
#892 = PCURVE('',#893,#898);
#893 = PLANE('',#894);
#894 = AXIS2_PLACEMENT_3D('',#895,#896,#897);
#895 = CARTESIAN_POINT('',(-1.409004994758,11.586413598562,
    9.985878585634));
#896 = DIRECTION('',(-1.135572110156E-48,-1.,-3.796156675003E-16));
#897 = DIRECTION('',(-2.99137313703E-33,3.796156675003E-16,-1.));
#898 = DEFINITIONAL_REPRESENTATION('',(#899),#903);
#899 = LINE('',#900,#901);
#900 = CARTESIAN_POINT('',(2.862401377816,1.04833541193));
#901 = VECTOR('',#902,1.);
#902 = DIRECTION('',(1.,-5.98274627406E-33));
#903 = ( GEOMETRIC_REPRESENTATION_CONTEXT(2) 
PARAMETRIC_REPRESENTATION_CONTEXT() REPRESENTATION_CONTEXT('2D SPACE',''
  ) );
#904 = ORIENTED_EDGE('',*,*,#905,.T.);
#905 = EDGE_CURVE('',#878,#906,#908,.T.);
#906 = VERTEX_POINT('',#907);
#907 = CARTESIAN_POINT('',(-0.360669582827,13.086413598562,
    12.84827996345));
#908 = SURFACE_CURVE('',#909,(#924,#942),.PCURVE_S1.);
#909 = B_SPLINE_CURVE_WITH_KNOTS('',3,(#910,#911,#912,#913,#914,#915,
    #916,#917,#918,#919,#920,#921,#922,#923),.UNSPECIFIED.,.F.,.F.,(4,2,
    2,2,2,2,4),(0.,6.31014357106E-04,9.465215356589E-04,
    1.262028714212E-03,1.893043071318E-03,2.208550249871E-03,
    2.524057428424E-03),.UNSPECIFIED.);
#910 = CARTESIAN_POINT('',(-0.360669582827,11.586413598562,
    11.125323806753));
#911 = CARTESIAN_POINT('',(-0.360669582827,11.586413598562,
    11.338972542197));
#912 = CARTESIAN_POINT('',(-0.360669582827,11.61157283269,
    11.548139915321));
#913 = CARTESIAN_POINT('',(-0.360669582827,11.704848619028,
    11.851998737141));
#914 = CARTESIAN_POINT('',(-0.360669582827,11.745705145806,
    11.952307455532));
#915 = CARTESIAN_POINT('',(-0.360669582827,11.844697974798,
    12.140172461765));
#916 = CARTESIAN_POINT('',(-0.360669582827,11.902978123928,
    12.228792010814));
#917 = CARTESIAN_POINT('',(-0.360669582827,12.106583230618,
    12.477251986434));
#918 = CARTESIAN_POINT('',(-0.360669582827,12.275421965283,
    12.612319325023));
#919 = CARTESIAN_POINT('',(-0.360669582827,12.56388785357,
    12.752291363014));
#920 = CARTESIAN_POINT('',(-0.360669582827,12.663788551159,
    12.787656910248));
#921 = CARTESIAN_POINT('',(-0.360669582827,12.871090240551,
    12.83577579263));
#922 = CARTESIAN_POINT('',(-0.360669582827,12.978793661237,
    12.84827996345));
#923 = CARTESIAN_POINT('',(-0.360669582827,13.086413598562,
    12.84827996345));
#924 = PCURVE('',#736,#925);
#925 = DEFINITIONAL_REPRESENTATION('',(#926),#941);
#926 = B_SPLINE_CURVE_WITH_KNOTS('',3,(#927,#928,#929,#930,#931,#932,
    #933,#934,#935,#936,#937,#938,#939,#940),.UNSPECIFIED.,.F.,.F.,(4,2,
    2,2,2,2,4),(0.,6.31014357106E-04,9.465215356589E-04,
    1.262028714212E-03,1.893043071318E-03,2.208550249871E-03,
    2.524057428424E-03),.UNSPECIFIED.);
#927 = CARTESIAN_POINT('',(1.402323806752,1.622181943025));
#928 = CARTESIAN_POINT('',(1.615972542197,1.622181943025));
#929 = CARTESIAN_POINT('',(1.825139915321,1.597022708897));
#930 = CARTESIAN_POINT('',(2.128998737141,1.503746922559));
#931 = CARTESIAN_POINT('',(2.229307455532,1.462890395781));
#932 = CARTESIAN_POINT('',(2.417172461765,1.363897566789));
#933 = CARTESIAN_POINT('',(2.505792010813,1.305617417659));
#934 = CARTESIAN_POINT('',(2.754251986434,1.102012310969));
#935 = CARTESIAN_POINT('',(2.889319325023,0.933173576304));
#936 = CARTESIAN_POINT('',(3.029291363014,0.644707688017));
#937 = CARTESIAN_POINT('',(3.064656910248,0.544806990428));
#938 = CARTESIAN_POINT('',(3.11277579263,0.337505301036));
#939 = CARTESIAN_POINT('',(3.125279963449,0.22980188035));
#940 = CARTESIAN_POINT('',(3.125279963449,0.122181943025));
#941 = ( GEOMETRIC_REPRESENTATION_CONTEXT(2) 
PARAMETRIC_REPRESENTATION_CONTEXT() REPRESENTATION_CONTEXT('2D SPACE',''
  ) );
#942 = PCURVE('',#821,#943);
#943 = DEFINITIONAL_REPRESENTATION('',(#944),#992);
#944 = B_SPLINE_CURVE_WITH_KNOTS('',3,(#945,#946,#947,#948,#949,#950,
    #951,#952,#953,#954,#955,#956,#957,#958,#959,#960,#961,#962,#963,
    #964,#965,#966,#967,#968,#969,#970,#971,#972,#973,#974,#975,#976,
    #977,#978,#979,#980,#981,#982,#983,#984,#985,#986,#987,#988,#989,
    #990,#991),.UNSPECIFIED.,.F.,.F.,(4,1,1,1,1,1,1,1,1,1,1,1,1,1,1,1,1,
    1,1,1,1,1,1,1,1,1,1,1,1,1,1,1,1,1,1,1,1,1,1,1,1,1,1,1,4),(0.,
    5.736494155509E-05,1.147298831102E-04,1.720948246653E-04,
    2.294597662203E-04,2.868247077754E-04,3.441896493305E-04,
    4.015545908856E-04,4.589195324407E-04,5.162844739958E-04,
    5.736494155509E-04,6.31014357106E-04,6.88379298661E-04,
    7.457442402161E-04,8.031091817712E-04,8.604741233263E-04,
    9.178390648814E-04,9.752040064365E-04,1.032568947992E-03,
    1.089933889547E-03,1.147298831102E-03,1.204663772657E-03,
    1.262028714212E-03,1.319393655767E-03,1.376758597322E-03,
    1.434123538877E-03,1.491488480432E-03,1.548853421987E-03,
    1.606218363542E-03,1.663583305098E-03,1.720948246653E-03,
    1.778313188208E-03,1.835678129763E-03,1.893043071318E-03,
    1.950408012873E-03,2.007772954428E-03,2.065137895983E-03,
    2.122502837538E-03,2.179867779093E-03,2.237232720648E-03,
    2.294597662203E-03,2.351962603759E-03,2.409327545314E-03,
    2.466692486869E-03,2.524057428424E-03),.QUASI_UNIFORM_KNOTS.);
#945 = CARTESIAN_POINT('',(2.397815296298,1.570796326795));
#946 = CARTESIAN_POINT('',(2.406308287914,1.561266799019));
#947 = CARTESIAN_POINT('',(2.422792695623,1.542022919101));
#948 = CARTESIAN_POINT('',(2.446104682817,1.512634806108));
#949 = CARTESIAN_POINT('',(2.4680938531,1.482759300912));
#950 = CARTESIAN_POINT('',(2.488846045515,1.452421781185));
#951 = CARTESIAN_POINT('',(2.508442731534,1.421641577053));
#952 = CARTESIAN_POINT('',(2.526960390546,1.390431235395));
#953 = CARTESIAN_POINT('',(2.544470609616,1.358797109362));
#954 = CARTESIAN_POINT('',(2.561040320466,1.326739041681));
#955 = CARTESIAN_POINT('',(2.576731343076,1.294252520907));
#956 = CARTESIAN_POINT('',(2.591602966393,1.261322021976));
#957 = CARTESIAN_POINT('',(2.605703337316,1.227947310147));
#958 = CARTESIAN_POINT('',(2.619102738769,1.194046892001));
#959 = CARTESIAN_POINT('',(2.631821490113,1.159653917052));
#960 = CARTESIAN_POINT('',(2.643858453017,1.124878655274));
#961 = CARTESIAN_POINT('',(2.655222084886,1.089812778095));
#962 = CARTESIAN_POINT('',(2.665924068375,1.054542962874));
#963 = CARTESIAN_POINT('',(2.675968455193,1.019182216959));
#964 = CARTESIAN_POINT('',(2.68543156264,0.983619170411));
#965 = CARTESIAN_POINT('',(2.694350205828,0.947825129582));
#966 = CARTESIAN_POINT('',(2.702760895583,0.911760044855));
#967 = CARTESIAN_POINT('',(2.710693057688,0.875397524906));
#968 = CARTESIAN_POINT('',(2.718186161705,0.838647477144));
#969 = CARTESIAN_POINT('',(2.725229761905,0.801643632258));
#970 = CARTESIAN_POINT('',(2.731811453418,0.764564834517));
#971 = CARTESIAN_POINT('',(2.737963894748,0.727362727472));
#972 = CARTESIAN_POINT('',(2.743704962318,0.690048329379));
#973 = CARTESIAN_POINT('',(2.749053990256,0.65261509894));
#974 = CARTESIAN_POINT('',(2.754027591715,0.615059536516));
#975 = CARTESIAN_POINT('',(2.758640965276,0.577375158375));
#976 = CARTESIAN_POINT('',(2.762907583712,0.539555461293));
#977 = CARTESIAN_POINT('',(2.76683977956,0.501587583185));
#978 = CARTESIAN_POINT('',(2.770447278646,0.463474231945));
#979 = CARTESIAN_POINT('',(2.773742967983,0.425151900464));
#980 = CARTESIAN_POINT('',(2.776721705836,0.386795736306));
#981 = CARTESIAN_POINT('',(2.779384011029,0.348542092398));
#982 = CARTESIAN_POINT('',(2.781745436854,0.31028546058));
#983 = CARTESIAN_POINT('',(2.783815585949,0.271983296332));
#984 = CARTESIAN_POINT('',(2.785603468076,0.233577498614));
#985 = CARTESIAN_POINT('',(2.78711773989,0.19500722226));
#986 = CARTESIAN_POINT('',(2.788356222454,0.156227500927));
#987 = CARTESIAN_POINT('',(2.789320722989,0.117295457441));
#988 = CARTESIAN_POINT('',(2.790011507481,7.825105795499E-02));
#989 = CARTESIAN_POINT('',(2.790427891707,3.913839527051E-02));
#990 = CARTESIAN_POINT('',(2.790520975313,1.304464150297E-02));
#991 = CARTESIAN_POINT('',(2.790521077286,0.));
#992 = ( GEOMETRIC_REPRESENTATION_CONTEXT(2) 
PARAMETRIC_REPRESENTATION_CONTEXT() REPRESENTATION_CONTEXT('2D SPACE',''
  ) );
#993 = ORIENTED_EDGE('',*,*,#994,.T.);
#994 = EDGE_CURVE('',#906,#995,#997,.T.);
#995 = VERTEX_POINT('',#996);
#996 = CARTESIAN_POINT('',(-0.360669582827,14.586413598563,
    12.84827996345));
#997 = SURFACE_CURVE('',#998,(#1002,#1009),.PCURVE_S1.);
#998 = LINE('',#999,#1000);
#999 = CARTESIAN_POINT('',(-0.360669582827,11.586413598562,
    12.84827996345));
#1000 = VECTOR('',#1001,1.);
#1001 = DIRECTION('',(1.135572110156E-48,1.,3.796156675003E-16));
#1002 = PCURVE('',#736,#1003);
#1003 = DEFINITIONAL_REPRESENTATION('',(#1004),#1008);
#1004 = LINE('',#1005,#1006);
#1005 = CARTESIAN_POINT('',(3.125279963449,1.622181943025));
#1006 = VECTOR('',#1007,1.);
#1007 = DIRECTION('',(5.020803474151E-16,-1.));
#1008 = ( GEOMETRIC_REPRESENTATION_CONTEXT(2) 
PARAMETRIC_REPRESENTATION_CONTEXT() REPRESENTATION_CONTEXT('2D SPACE',''
  ) );
#1009 = PCURVE('',#771,#1010);
#1010 = DEFINITIONAL_REPRESENTATION('',(#1011),#1015);
#1011 = LINE('',#1012,#1013);
#1012 = CARTESIAN_POINT('',(0.351071576304,1.7763568394E-15));
#1013 = VECTOR('',#1014,1.);
#1014 = DIRECTION('',(-1.110223024625E-16,1.));
#1015 = ( GEOMETRIC_REPRESENTATION_CONTEXT(2) 
PARAMETRIC_REPRESENTATION_CONTEXT() REPRESENTATION_CONTEXT('2D SPACE',''
  ) );
#1016 = ORIENTED_EDGE('',*,*,#1017,.T.);
#1017 = EDGE_CURVE('',#995,#1018,#1020,.T.);
#1018 = VERTEX_POINT('',#1019);
#1019 = CARTESIAN_POINT('',(-0.360669582827,7.236413572677,
    20.324120427029));
#1020 = SURFACE_CURVE('',#1021,(#1025,#1032),.PCURVE_S1.);
#1021 = B_SPLINE_CURVE_WITH_KNOTS('',2,(#1022,#1023,#1024),
  .UNSPECIFIED.,.F.,.F.,(3,3),(0.500820705123,0.502013311782),
  .PIECEWISE_BEZIER_KNOTS.);
#1022 = CARTESIAN_POINT('',(-0.360669582827,14.586413598563,
    12.84827996345));
#1023 = CARTESIAN_POINT('',(-0.360669582827,12.782562328462,
    15.905157748962));
#1024 = CARTESIAN_POINT('',(-0.360669582827,7.236413572677,
    20.324120427029));
#1025 = PCURVE('',#736,#1026);
#1026 = DEFINITIONAL_REPRESENTATION('',(#1027),#1031);
#1027 = B_SPLINE_CURVE_WITH_KNOTS('',2,(#1028,#1029,#1030),
  .UNSPECIFIED.,.F.,.F.,(3,3),(0.500820705123,0.502013311782),
  .PIECEWISE_BEZIER_KNOTS.);
#1028 = CARTESIAN_POINT('',(3.125279963449,-1.377818056976));
#1029 = CARTESIAN_POINT('',(6.182157748961,0.426033213125));
#1030 = CARTESIAN_POINT('',(10.601120427029,5.97218196891));
#1031 = ( GEOMETRIC_REPRESENTATION_CONTEXT(2) 
PARAMETRIC_REPRESENTATION_CONTEXT() REPRESENTATION_CONTEXT('2D SPACE',''
  ) );
#1032 = PCURVE('',#393,#1033);
#1033 = DEFINITIONAL_REPRESENTATION('',(#1034),#1038);
#1034 = LINE('',#1035,#1036);
#1035 = CARTESIAN_POINT('',(9.992007221626E-16,1.));
#1036 = VECTOR('',#1037,1.);
#1037 = DIRECTION('',(1.,9.309213696095E-14));
#1038 = ( GEOMETRIC_REPRESENTATION_CONTEXT(2) 
PARAMETRIC_REPRESENTATION_CONTEXT() REPRESENTATION_CONTEXT('2D SPACE',''
  ) );
#1039 = ORIENTED_EDGE('',*,*,#1040,.T.);
#1040 = EDGE_CURVE('',#1018,#1041,#1043,.T.);
#1041 = VERTEX_POINT('',#1042);
#1042 = CARTESIAN_POINT('',(-0.360669582827,5.249442903977,
    22.454885607016));
#1043 = SURFACE_CURVE('',#1044,(#1048,#1055),.PCURVE_S1.);
#1044 = LINE('',#1045,#1046);
#1045 = CARTESIAN_POINT('',(-0.360669582827,7.236413598565,
    20.324120406409));
#1046 = VECTOR('',#1047,1.);
#1047 = DIRECTION('',(6.390891220429E-33,-0.681998360063,0.731353701618)
  );
#1048 = PCURVE('',#736,#1049);
#1049 = DEFINITIONAL_REPRESENTATION('',(#1050),#1054);
#1050 = LINE('',#1051,#1052);
#1051 = CARTESIAN_POINT('',(10.601120406408,5.972181943022));
#1052 = VECTOR('',#1053,1.);
#1053 = DIRECTION('',(0.731353701618,0.681998360063));
#1054 = ( GEOMETRIC_REPRESENTATION_CONTEXT(2) 
PARAMETRIC_REPRESENTATION_CONTEXT() REPRESENTATION_CONTEXT('2D SPACE',''
  ) );
#1055 = PCURVE('',#1056,#1061);
#1056 = PLANE('',#1057);
#1057 = AXIS2_PLACEMENT_3D('',#1058,#1059,#1060);
#1058 = CARTESIAN_POINT('',(-10.16066958282,7.236413598565,
    20.324120406409));
#1059 = DIRECTION('',(4.857183561563E-33,0.731353701618,0.681998360063)
  );
#1060 = DIRECTION('',(-1.,3.851859888774E-33,-2.99137313703E-33));
#1061 = DEFINITIONAL_REPRESENTATION('',(#1062),#1066);
#1062 = LINE('',#1063,#1064);
#1063 = CARTESIAN_POINT('',(-9.8,-4.304261044357E-33));
#1064 = VECTOR('',#1065,1.);
#1065 = DIRECTION('',(-1.120560516446E-32,1.));
#1066 = ( GEOMETRIC_REPRESENTATION_CONTEXT(2) 
PARAMETRIC_REPRESENTATION_CONTEXT() REPRESENTATION_CONTEXT('2D SPACE',''
  ) );
#1067 = ORIENTED_EDGE('',*,*,#1068,.T.);
#1068 = EDGE_CURVE('',#1041,#1069,#1071,.T.);
#1069 = VERTEX_POINT('',#1070);
#1070 = CARTESIAN_POINT('',(-0.360669582827,-8.804632547097,
    21.718342722749));
#1071 = SURFACE_CURVE('',#1072,(#1076,#1083),.PCURVE_S1.);
#1072 = LINE('',#1073,#1074);
#1073 = CARTESIAN_POINT('',(-0.360669582827,-9.154632547097,21.7));
#1074 = VECTOR('',#1075,1.);
#1075 = DIRECTION('',(5.997973304261E-33,-0.998629534755,
    -5.233595624294E-02));
#1076 = PCURVE('',#736,#1077);
#1077 = DEFINITIONAL_REPRESENTATION('',(#1078),#1082);
#1078 = LINE('',#1079,#1080);
#1079 = CARTESIAN_POINT('',(11.977,22.363228088684));
#1080 = VECTOR('',#1081,1.);
#1081 = DIRECTION('',(-5.233595624294E-02,0.998629534755));
#1082 = ( GEOMETRIC_REPRESENTATION_CONTEXT(2) 
PARAMETRIC_REPRESENTATION_CONTEXT() REPRESENTATION_CONTEXT('2D SPACE',''
  ) );
#1083 = PCURVE('',#1084,#1089);
#1084 = PLANE('',#1085);
#1085 = AXIS2_PLACEMENT_3D('',#1086,#1087,#1088);
#1086 = CARTESIAN_POINT('',(-10.16066958282,-9.154632547097,21.7));
#1087 = DIRECTION('',(2.785682793517E-33,-5.233595624294E-02,
    0.998629534755));
#1088 = DIRECTION('',(1.,-3.851859888774E-33,2.99137313703E-33));
#1089 = DEFINITIONAL_REPRESENTATION('',(#1090),#1094);
#1090 = LINE('',#1091,#1092);
#1091 = CARTESIAN_POINT('',(9.8,3.923074673827E-32));
#1092 = VECTOR('',#1093,1.);
#1093 = DIRECTION('',(9.687997979321E-33,-1.));
#1094 = ( GEOMETRIC_REPRESENTATION_CONTEXT(2) 
PARAMETRIC_REPRESENTATION_CONTEXT() REPRESENTATION_CONTEXT('2D SPACE',''
  ) );
#1095 = ORIENTED_EDGE('',*,*,#1096,.F.);
#1096 = EDGE_CURVE('',#1097,#1069,#1099,.T.);
#1097 = VERTEX_POINT('',#1098);
#1098 = CARTESIAN_POINT('',(-0.360669582827,-8.804632547097,
    21.386868254913));
#1099 = SURFACE_CURVE('',#1100,(#1104,#1111),.PCURVE_S1.);
#1100 = LINE('',#1101,#1102);
#1101 = CARTESIAN_POINT('',(-0.360669582827,-8.804632547098,9.723));
#1102 = VECTOR('',#1103,1.);
#1103 = DIRECTION('',(2.99137313703E-33,1.224646799147E-16,1.));
#1104 = PCURVE('',#736,#1105);
#1105 = DEFINITIONAL_REPRESENTATION('',(#1106),#1110);
#1106 = LINE('',#1107,#1108);
#1107 = CARTESIAN_POINT('',(8.568707470297E-16,22.013228088684));
#1108 = VECTOR('',#1109,1.);
#1109 = DIRECTION('',(1.,0.));
#1110 = ( GEOMETRIC_REPRESENTATION_CONTEXT(2) 
PARAMETRIC_REPRESENTATION_CONTEXT() REPRESENTATION_CONTEXT('2D SPACE',''
  ) );
#1111 = PCURVE('',#1112,#1117);
#1112 = PLANE('',#1113);
#1113 = AXIS2_PLACEMENT_3D('',#1114,#1115,#1116);
#1114 = CARTESIAN_POINT('',(-12.26066958282,-8.804632547097,
    28.207292586228));
#1115 = DIRECTION('',(-6.162975822039E-33,1.,-1.224646799147E-16));
#1116 = DIRECTION('',(-2.99137313703E-33,-1.224646799147E-16,-1.));
#1117 = DEFINITIONAL_REPRESENTATION('',(#1118),#1122);
#1118 = LINE('',#1119,#1120);
#1119 = CARTESIAN_POINT('',(18.484292586228,-11.9));
#1120 = VECTOR('',#1121,1.);
#1121 = DIRECTION('',(-1.,-5.98274627406E-33));
#1122 = ( GEOMETRIC_REPRESENTATION_CONTEXT(2) 
PARAMETRIC_REPRESENTATION_CONTEXT() REPRESENTATION_CONTEXT('2D SPACE',''
  ) );
#1123 = ORIENTED_EDGE('',*,*,#1124,.T.);
#1124 = EDGE_CURVE('',#1097,#1125,#1127,.T.);
#1125 = VERTEX_POINT('',#1126);
#1126 = CARTESIAN_POINT('',(-0.360669582827,-4.713903515092,
    17.387649330562));
#1127 = SURFACE_CURVE('',#1128,(#1133,#1144),.PCURVE_S1.);
#1128 = CIRCLE('',#1129,70.);
#1129 = AXIS2_PLACEMENT_3D('',#1130,#1131,#1132);
#1130 = CARTESIAN_POINT('',(-0.360669582827,-55.65284534425,
    -30.62510111476));
#1131 = DIRECTION('',(-1.,3.851859888774E-33,2.99137313703E-33));
#1132 = DIRECTION('',(3.851859888774E-33,1.,-9.91270557701E-17));
#1133 = PCURVE('',#736,#1134);
#1134 = DEFINITIONAL_REPRESENTATION('',(#1135),#1143);
#1135 = ( BOUNDED_CURVE() B_SPLINE_CURVE(2,(#1136,#1137,#1138,#1139,
#1140,#1141,#1142),.UNSPECIFIED.,.T.,.F.) B_SPLINE_CURVE_WITH_KNOTS((1,2
    ,2,2,2,1),(-2.094395102393,0.,2.094395102393,4.188790204786,
6.28318530718,8.377580409573),.UNSPECIFIED.) CURVE() 
GEOMETRIC_REPRESENTATION_ITEM() RATIONAL_B_SPLINE_CURVE((1.,0.5,1.,0.5,
1.,0.5,1.)) REPRESENTATION_ITEM('') );
#1136 = CARTESIAN_POINT('',(-40.34810111476,-1.138559114155));
#1137 = CARTESIAN_POINT('',(-161.5916576445,-1.138559114155));
#1138 = CARTESIAN_POINT('',(-100.9698793796,103.86144088584));
#1139 = CARTESIAN_POINT('',(-40.34810111476,208.86144088584));
#1140 = CARTESIAN_POINT('',(20.27367715015,103.86144088584));
#1141 = CARTESIAN_POINT('',(80.89545541506,-1.138559114155));
#1142 = CARTESIAN_POINT('',(-40.34810111476,-1.138559114155));
#1143 = ( GEOMETRIC_REPRESENTATION_CONTEXT(2) 
PARAMETRIC_REPRESENTATION_CONTEXT() REPRESENTATION_CONTEXT('2D SPACE',''
  ) );
#1144 = PCURVE('',#1145,#1150);
#1145 = CYLINDRICAL_SURFACE('',#1146,70.);
#1146 = AXIS2_PLACEMENT_3D('',#1147,#1148,#1149);
#1147 = CARTESIAN_POINT('',(-10.16066958282,-55.65284534425,
    -30.62510111476));
#1148 = DIRECTION('',(1.,-3.851859888774E-33,2.99137313703E-33));
#1149 = DIRECTION('',(3.851859888774E-33,1.,-9.91270557701E-17));
#1150 = DEFINITIONAL_REPRESENTATION('',(#1151),#1155);
#1151 = LINE('',#1152,#1153);
#1152 = CARTESIAN_POINT('',(6.28318530718,9.8));
#1153 = VECTOR('',#1154,1.);
#1154 = DIRECTION('',(-1.,0.));
#1155 = ( GEOMETRIC_REPRESENTATION_CONTEXT(2) 
PARAMETRIC_REPRESENTATION_CONTEXT() REPRESENTATION_CONTEXT('2D SPACE',''
  ) );
#1156 = ORIENTED_EDGE('',*,*,#1157,.T.);
#1157 = EDGE_CURVE('',#1125,#726,#1158,.T.);
#1158 = SURFACE_CURVE('',#1159,(#1163,#1170),.PCURVE_S1.);
#1159 = B_SPLINE_CURVE_WITH_KNOTS('',2,(#1160,#1161,#1162),
  .UNSPECIFIED.,.F.,.F.,(3,3),(0.497667241109,0.499554279588),
  .PIECEWISE_BEZIER_KNOTS.);
#1160 = CARTESIAN_POINT('',(-0.360669582827,-4.713903515092,
    17.387649330562));
#1161 = CARTESIAN_POINT('',(-0.360669582827,4.016280214227,
    6.149086331587));
#1162 = CARTESIAN_POINT('',(-0.360669582827,11.384683773519,
    4.787649330931));
#1163 = PCURVE('',#736,#1164);
#1164 = DEFINITIONAL_REPRESENTATION('',(#1165),#1169);
#1165 = B_SPLINE_CURVE_WITH_KNOTS('',2,(#1166,#1167,#1168),
  .UNSPECIFIED.,.F.,.F.,(3,3),(0.497667241109,0.499554279588),
  .PIECEWISE_BEZIER_KNOTS.);
#1166 = CARTESIAN_POINT('',(7.664649330561,17.922499056679));
#1167 = CARTESIAN_POINT('',(-3.573913668413,9.19231532736));
#1168 = CARTESIAN_POINT('',(-4.935350669069,1.823911768068));
#1169 = ( GEOMETRIC_REPRESENTATION_CONTEXT(2) 
PARAMETRIC_REPRESENTATION_CONTEXT() REPRESENTATION_CONTEXT('2D SPACE',''
  ) );
#1170 = PCURVE('',#1171,#1178);
#1171 = B_SPLINE_SURFACE_WITH_KNOTS('',2,1,(
    (#1172,#1173)
    ,(#1174,#1175)
    ,(#1176,#1177
    )),.UNSPECIFIED.,.F.,.F.,.F.,(3,3),(2,2),(0.497667241109,
    0.499554279588),(0.,1.),.PIECEWISE_BEZIER_KNOTS.);
#1172 = CARTESIAN_POINT('',(-10.16066958282,-4.713903515081,
    17.387649330548));
#1173 = CARTESIAN_POINT('',(-0.360669582827,-4.713903515081,
    17.387649330548));
#1174 = CARTESIAN_POINT('',(-10.16066958282,4.016280214226,
    6.149086331562));
#1175 = CARTESIAN_POINT('',(-0.360669582827,4.016280214226,
    6.149086331562));
#1176 = CARTESIAN_POINT('',(-10.16066958282,11.384683773528,
    4.787649330932));
#1177 = CARTESIAN_POINT('',(-0.360669582827,11.384683773528,
    4.787649330932));
#1178 = DEFINITIONAL_REPRESENTATION('',(#1179),#1183);
#1179 = LINE('',#1180,#1181);
#1180 = CARTESIAN_POINT('',(-1.165734175856E-15,1.));
#1181 = VECTOR('',#1182,1.);
#1182 = DIRECTION('',(1.,0.));
#1183 = ( GEOMETRIC_REPRESENTATION_CONTEXT(2) 
PARAMETRIC_REPRESENTATION_CONTEXT() REPRESENTATION_CONTEXT('2D SPACE',''
  ) );
#1184 = ADVANCED_FACE('',(#1185),#1199,.F.);
#1185 = FACE_BOUND('',#1186,.T.);
#1186 = EDGE_LOOP('',(#1187,#1222,#1316,#1344,#1366,#1389,#1417,#1440,
    #1463,#1486,#1508,#1531));
#1187 = ORIENTED_EDGE('',*,*,#1188,.F.);
#1188 = EDGE_CURVE('',#1189,#1191,#1193,.T.);
#1189 = VERTEX_POINT('',#1190);
#1190 = CARTESIAN_POINT('',(-10.16066958282,11.586413598562,
    8.846433364515));
#1191 = VERTEX_POINT('',#1192);
#1192 = CARTESIAN_POINT('',(-10.16066958282,11.586413598562,
    11.125323806753));
#1193 = SURFACE_CURVE('',#1194,(#1198,#1210),.PCURVE_S1.);
#1194 = LINE('',#1195,#1196);
#1195 = CARTESIAN_POINT('',(-10.16066958282,11.586413598562,
    7.123477207818));
#1196 = VECTOR('',#1197,1.);
#1197 = DIRECTION('',(2.99137313703E-33,-3.030189073799E-16,1.));
#1198 = PCURVE('',#1199,#1204);
#1199 = PLANE('',#1200);
#1200 = AXIS2_PLACEMENT_3D('',#1201,#1202,#1203);
#1201 = CARTESIAN_POINT('',(-10.16066958282,13.208595541587,9.723));
#1202 = DIRECTION('',(1.,-3.851859888774E-33,2.99137313703E-33));
#1203 = DIRECTION('',(2.99137313703E-33,1.224646799147E-16,1.));
#1204 = DEFINITIONAL_REPRESENTATION('',(#1205),#1209);
#1205 = LINE('',#1206,#1207);
#1206 = CARTESIAN_POINT('',(-2.599522792182,1.622181943025));
#1207 = VECTOR('',#1208,1.);
#1208 = DIRECTION('',(1.,4.254835872946E-16));
#1209 = ( GEOMETRIC_REPRESENTATION_CONTEXT(2) 
PARAMETRIC_REPRESENTATION_CONTEXT() REPRESENTATION_CONTEXT('2D SPACE',''
  ) );
#1210 = PCURVE('',#1211,#1216);
#1211 = PLANE('',#1212);
#1212 = AXIS2_PLACEMENT_3D('',#1213,#1214,#1215);
#1213 = CARTESIAN_POINT('',(-9.112334170897,11.586413598562,
    9.985878585634));
#1214 = DIRECTION('',(1.135572110156E-48,1.,3.796156675003E-16));
#1215 = DIRECTION('',(2.99137313703E-33,-3.796156675003E-16,1.));
#1216 = DEFINITIONAL_REPRESENTATION('',(#1217),#1221);
#1217 = LINE('',#1218,#1219);
#1218 = CARTESIAN_POINT('',(-2.862401377816,-1.04833541193));
#1219 = VECTOR('',#1220,1.);
#1220 = DIRECTION('',(1.,5.98274627406E-33));
#1221 = ( GEOMETRIC_REPRESENTATION_CONTEXT(2) 
PARAMETRIC_REPRESENTATION_CONTEXT() REPRESENTATION_CONTEXT('2D SPACE',''
  ) );
#1222 = ORIENTED_EDGE('',*,*,#1223,.T.);
#1223 = EDGE_CURVE('',#1189,#1224,#1226,.T.);
#1224 = VERTEX_POINT('',#1225);
#1225 = CARTESIAN_POINT('',(-10.16066958282,13.086413598562,
    7.123477207818));
#1226 = SURFACE_CURVE('',#1227,(#1242,#1260),.PCURVE_S1.);
#1227 = B_SPLINE_CURVE_WITH_KNOTS('',3,(#1228,#1229,#1230,#1231,#1232,
    #1233,#1234,#1235,#1236,#1237,#1238,#1239,#1240,#1241),
  .UNSPECIFIED.,.F.,.F.,(4,2,2,2,2,2,4),(0.,6.31014357106E-04,
    9.465215356589E-04,1.262028714212E-03,1.893043071318E-03,
    2.208550249871E-03,2.524057428424E-03),.UNSPECIFIED.);
#1228 = CARTESIAN_POINT('',(-10.16066958282,11.586413598562,
    8.846433364515));
#1229 = CARTESIAN_POINT('',(-10.16066958282,11.586413598562,
    8.632784629071));
#1230 = CARTESIAN_POINT('',(-10.16066958282,11.61157283269,
    8.423617255946));
#1231 = CARTESIAN_POINT('',(-10.16066958282,11.704848619028,
    8.119758434127));
#1232 = CARTESIAN_POINT('',(-10.16066958282,11.745705145806,
    8.019449715736));
#1233 = CARTESIAN_POINT('',(-10.16066958282,11.844697974798,
    7.831584709503));
#1234 = CARTESIAN_POINT('',(-10.16066958282,11.902978123928,
    7.742965160454));
#1235 = CARTESIAN_POINT('',(-10.16066958282,12.106583230618,
    7.494505184834));
#1236 = CARTESIAN_POINT('',(-10.16066958282,12.275421965283,
    7.359437846245));
#1237 = CARTESIAN_POINT('',(-10.16066958282,12.56388785357,
    7.219465808254));
#1238 = CARTESIAN_POINT('',(-10.16066958282,12.663788551159,
    7.184100261019));
#1239 = CARTESIAN_POINT('',(-10.16066958282,12.871090240551,
    7.135981378638));
#1240 = CARTESIAN_POINT('',(-10.16066958282,12.978793661237,
    7.123477207818));
#1241 = CARTESIAN_POINT('',(-10.16066958282,13.086413598562,
    7.123477207818));
#1242 = PCURVE('',#1199,#1243);
#1243 = DEFINITIONAL_REPRESENTATION('',(#1244),#1259);
#1244 = B_SPLINE_CURVE_WITH_KNOTS('',3,(#1245,#1246,#1247,#1248,#1249,
    #1250,#1251,#1252,#1253,#1254,#1255,#1256,#1257,#1258),
  .UNSPECIFIED.,.F.,.F.,(4,2,2,2,2,2,4),(0.,6.31014357106E-04,
    9.465215356589E-04,1.262028714212E-03,1.893043071318E-03,
    2.208550249871E-03,2.524057428424E-03),.UNSPECIFIED.);
#1245 = CARTESIAN_POINT('',(-0.876566635485,1.622181943025));
#1246 = CARTESIAN_POINT('',(-1.090215370929,1.622181943025));
#1247 = CARTESIAN_POINT('',(-1.299382744054,1.597022708897));
#1248 = CARTESIAN_POINT('',(-1.603241565873,1.503746922559));
#1249 = CARTESIAN_POINT('',(-1.703550284264,1.462890395781));
#1250 = CARTESIAN_POINT('',(-1.891415290497,1.363897566789));
#1251 = CARTESIAN_POINT('',(-1.980034839546,1.305617417659));
#1252 = CARTESIAN_POINT('',(-2.228494815166,1.102012310969));
#1253 = CARTESIAN_POINT('',(-2.363562153755,0.933173576304));
#1254 = CARTESIAN_POINT('',(-2.503534191746,0.644707688017));
#1255 = CARTESIAN_POINT('',(-2.538899738981,0.544806990428));
#1256 = CARTESIAN_POINT('',(-2.587018621362,0.337505301036));
#1257 = CARTESIAN_POINT('',(-2.599522792182,0.22980188035));
#1258 = CARTESIAN_POINT('',(-2.599522792182,0.122181943025));
#1259 = ( GEOMETRIC_REPRESENTATION_CONTEXT(2) 
PARAMETRIC_REPRESENTATION_CONTEXT() REPRESENTATION_CONTEXT('2D SPACE',''
  ) );
#1260 = PCURVE('',#1261,#1266);
#1261 = TOROIDAL_SURFACE('',#1262,1.54833541193,1.5);
#1262 = AXIS2_PLACEMENT_3D('',#1263,#1264,#1265);
#1263 = CARTESIAN_POINT('',(-9.112334170897,13.086413598562,
    9.985878585634));
#1264 = DIRECTION('',(1.135572110156E-48,1.,3.796156675003E-16));
#1265 = DIRECTION('',(2.99137313703E-33,-3.796156675003E-16,1.));
#1266 = DEFINITIONAL_REPRESENTATION('',(#1267),#1315);
#1267 = B_SPLINE_CURVE_WITH_KNOTS('',3,(#1268,#1269,#1270,#1271,#1272,
    #1273,#1274,#1275,#1276,#1277,#1278,#1279,#1280,#1281,#1282,#1283,
    #1284,#1285,#1286,#1287,#1288,#1289,#1290,#1291,#1292,#1293,#1294,
    #1295,#1296,#1297,#1298,#1299,#1300,#1301,#1302,#1303,#1304,#1305,
    #1306,#1307,#1308,#1309,#1310,#1311,#1312,#1313,#1314),
  .UNSPECIFIED.,.F.,.F.,(4,1,1,1,1,1,1,1,1,1,1,1,1,1,1,1,1,1,1,1,1,1,1,1
    ,1,1,1,1,1,1,1,1,1,1,1,1,1,1,1,1,1,1,1,1,4),(0.,5.736494155509E-05,
    1.147298831102E-04,1.720948246653E-04,2.294597662203E-04,
    2.868247077754E-04,3.441896493305E-04,4.015545908856E-04,
    4.589195324407E-04,5.162844739958E-04,5.736494155509E-04,
    6.31014357106E-04,6.88379298661E-04,7.457442402161E-04,
    8.031091817712E-04,8.604741233263E-04,9.178390648814E-04,
    9.752040064365E-04,1.032568947992E-03,1.089933889547E-03,
    1.147298831102E-03,1.204663772657E-03,1.262028714212E-03,
    1.319393655767E-03,1.376758597322E-03,1.434123538877E-03,
    1.491488480432E-03,1.548853421987E-03,1.606218363542E-03,
    1.663583305098E-03,1.720948246653E-03,1.778313188208E-03,
    1.835678129763E-03,1.893043071318E-03,1.950408012873E-03,
    2.007772954428E-03,2.065137895983E-03,2.122502837538E-03,
    2.179867779093E-03,2.237232720648E-03,2.294597662203E-03,
    2.351962603759E-03,2.409327545314E-03,2.466692486869E-03,
    2.524057428424E-03),.QUASI_UNIFORM_KNOTS.);
#1268 = CARTESIAN_POINT('',(3.885370010882,4.712388980385));
#1269 = CARTESIAN_POINT('',(3.876877019266,4.72191850816));
#1270 = CARTESIAN_POINT('',(3.860392611557,4.741162388079));
#1271 = CARTESIAN_POINT('',(3.837080624362,4.770550501071));
#1272 = CARTESIAN_POINT('',(3.81509145408,4.800426006268));
#1273 = CARTESIAN_POINT('',(3.794339261664,4.830763525994));
#1274 = CARTESIAN_POINT('',(3.774742575646,4.861543730127));
#1275 = CARTESIAN_POINT('',(3.756224916634,4.892754071785));
#1276 = CARTESIAN_POINT('',(3.738714697563,4.924388197817));
#1277 = CARTESIAN_POINT('',(3.722144986713,4.956446265498));
#1278 = CARTESIAN_POINT('',(3.706453964103,4.988932786272));
#1279 = CARTESIAN_POINT('',(3.691582340786,5.021863285204));
#1280 = CARTESIAN_POINT('',(3.677481969864,5.055237997033));
#1281 = CARTESIAN_POINT('',(3.66408256841,5.089138415179));
#1282 = CARTESIAN_POINT('',(3.651363817066,5.123531390128));
#1283 = CARTESIAN_POINT('',(3.639326854163,5.158306651905));
#1284 = CARTESIAN_POINT('',(3.627963222294,5.193372529085));
#1285 = CARTESIAN_POINT('',(3.617261238804,5.228642344305));
#1286 = CARTESIAN_POINT('',(3.607216851987,5.26400309022));
#1287 = CARTESIAN_POINT('',(3.597753744539,5.299566136769));
#1288 = CARTESIAN_POINT('',(3.588835101352,5.335360177597));
#1289 = CARTESIAN_POINT('',(3.580424411596,5.371425262324));
#1290 = CARTESIAN_POINT('',(3.572492249491,5.407787782274));
#1291 = CARTESIAN_POINT('',(3.564999145474,5.444537830036));
#1292 = CARTESIAN_POINT('',(3.557955545275,5.481541674921));
#1293 = CARTESIAN_POINT('',(3.551373853762,5.518620472662));
#1294 = CARTESIAN_POINT('',(3.545221412431,5.555822579707));
#1295 = CARTESIAN_POINT('',(3.539480344862,5.593136977801));
#1296 = CARTESIAN_POINT('',(3.534131316923,5.630570208239));
#1297 = CARTESIAN_POINT('',(3.529157715465,5.668125770664));
#1298 = CARTESIAN_POINT('',(3.524544341904,5.705810148804));
#1299 = CARTESIAN_POINT('',(3.520277723468,5.743629845887));
#1300 = CARTESIAN_POINT('',(3.51634552762,5.781597723994));
#1301 = CARTESIAN_POINT('',(3.512738028533,5.819711075235));
#1302 = CARTESIAN_POINT('',(3.509442339197,5.858033406716));
#1303 = CARTESIAN_POINT('',(3.506463601344,5.896389570874));
#1304 = CARTESIAN_POINT('',(3.50380129615,5.934643214782));
#1305 = CARTESIAN_POINT('',(3.501439870326,5.972899846599));
#1306 = CARTESIAN_POINT('',(3.49936972123,6.011202010848));
#1307 = CARTESIAN_POINT('',(3.497581839103,6.049607808566));
#1308 = CARTESIAN_POINT('',(3.49606756729,6.088178084919));
#1309 = CARTESIAN_POINT('',(3.494829084725,6.126957806253));
#1310 = CARTESIAN_POINT('',(3.49386458419,6.165889849739));
#1311 = CARTESIAN_POINT('',(3.493173799698,6.204934249225));
#1312 = CARTESIAN_POINT('',(3.492757415473,6.244046911909));
#1313 = CARTESIAN_POINT('',(3.492664331866,6.270140665677));
#1314 = CARTESIAN_POINT('',(3.492664229894,6.28318530718));
#1315 = ( GEOMETRIC_REPRESENTATION_CONTEXT(2) 
PARAMETRIC_REPRESENTATION_CONTEXT() REPRESENTATION_CONTEXT('2D SPACE',''
  ) );
#1316 = ORIENTED_EDGE('',*,*,#1317,.T.);
#1317 = EDGE_CURVE('',#1224,#1318,#1320,.T.);
#1318 = VERTEX_POINT('',#1319);
#1319 = CARTESIAN_POINT('',(-10.16066958282,14.586413598562,
    7.123477207818));
#1320 = SURFACE_CURVE('',#1321,(#1325,#1332),.PCURVE_S1.);
#1321 = LINE('',#1322,#1323);
#1322 = CARTESIAN_POINT('',(-10.16066958282,11.586413598562,
    7.123477207818));
#1323 = VECTOR('',#1324,1.);
#1324 = DIRECTION('',(1.135572110156E-48,1.,3.796156675003E-16));
#1325 = PCURVE('',#1199,#1326);
#1326 = DEFINITIONAL_REPRESENTATION('',(#1327),#1331);
#1327 = LINE('',#1328,#1329);
#1328 = CARTESIAN_POINT('',(-2.599522792182,1.622181943025));
#1329 = VECTOR('',#1330,1.);
#1330 = DIRECTION('',(5.020803474151E-16,-1.));
#1331 = ( GEOMETRIC_REPRESENTATION_CONTEXT(2) 
PARAMETRIC_REPRESENTATION_CONTEXT() REPRESENTATION_CONTEXT('2D SPACE',''
  ) );
#1332 = PCURVE('',#1333,#1338);
#1333 = CYLINDRICAL_SURFACE('',#1334,3.04833541193);
#1334 = AXIS2_PLACEMENT_3D('',#1335,#1336,#1337);
#1335 = CARTESIAN_POINT('',(-9.112334170897,11.586413598562,
    9.985878585634));
#1336 = DIRECTION('',(1.135572110156E-48,1.,3.796156675003E-16));
#1337 = DIRECTION('',(2.99137313703E-33,-3.796156675003E-16,1.));
#1338 = DEFINITIONAL_REPRESENTATION('',(#1339),#1343);
#1339 = LINE('',#1340,#1341);
#1340 = CARTESIAN_POINT('',(3.492664229894,0.));
#1341 = VECTOR('',#1342,1.);
#1342 = DIRECTION('',(0.,1.));
#1343 = ( GEOMETRIC_REPRESENTATION_CONTEXT(2) 
PARAMETRIC_REPRESENTATION_CONTEXT() REPRESENTATION_CONTEXT('2D SPACE',''
  ) );
#1344 = ORIENTED_EDGE('',*,*,#1345,.F.);
#1345 = EDGE_CURVE('',#1346,#1318,#1348,.T.);
#1346 = VERTEX_POINT('',#1347);
#1347 = CARTESIAN_POINT('',(-10.16066958282,11.384683773519,
    4.787649330931));
#1348 = SURFACE_CURVE('',#1349,(#1353,#1360),.PCURVE_S1.);
#1349 = B_SPLINE_CURVE_WITH_KNOTS('',2,(#1350,#1351,#1352),
  .UNSPECIFIED.,.F.,.F.,(3,3),(0.,1.),.PIECEWISE_BEZIER_KNOTS.);
#1350 = CARTESIAN_POINT('',(-10.16066958282,11.384683773519,
    4.787649330931));
#1351 = CARTESIAN_POINT('',(-10.16066958282,13.488921716546,
    5.911523835233));
#1352 = CARTESIAN_POINT('',(-10.16066958282,14.586413598562,
    7.123477207818));
#1353 = PCURVE('',#1199,#1354);
#1354 = DEFINITIONAL_REPRESENTATION('',(#1355),#1359);
#1355 = B_SPLINE_CURVE_WITH_KNOTS('',2,(#1356,#1357,#1358),
  .UNSPECIFIED.,.F.,.F.,(3,3),(0.,1.),.PIECEWISE_BEZIER_KNOTS.);
#1356 = CARTESIAN_POINT('',(-4.935350669069,1.823911768068));
#1357 = CARTESIAN_POINT('',(-3.811476164767,-0.280326174959));
#1358 = CARTESIAN_POINT('',(-2.599522792182,-1.377818056975));
#1359 = ( GEOMETRIC_REPRESENTATION_CONTEXT(2) 
PARAMETRIC_REPRESENTATION_CONTEXT() REPRESENTATION_CONTEXT('2D SPACE',''
  ) );
#1360 = PCURVE('',#582,#1361);
#1361 = DEFINITIONAL_REPRESENTATION('',(#1362),#1365);
#1362 = B_SPLINE_CURVE_WITH_KNOTS('',1,(#1363,#1364),.UNSPECIFIED.,.F.,
  .F.,(2,2),(0.,1.),.PIECEWISE_BEZIER_KNOTS.);
#1363 = CARTESIAN_POINT('',(0.498812074629,-2.148075554237E-17));
#1364 = CARTESIAN_POINT('',(0.499412845464,-2.148075554237E-17));
#1365 = ( GEOMETRIC_REPRESENTATION_CONTEXT(2) 
PARAMETRIC_REPRESENTATION_CONTEXT() REPRESENTATION_CONTEXT('2D SPACE',''
  ) );
#1366 = ORIENTED_EDGE('',*,*,#1367,.F.);
#1367 = EDGE_CURVE('',#1368,#1346,#1370,.T.);
#1368 = VERTEX_POINT('',#1369);
#1369 = CARTESIAN_POINT('',(-10.16066958282,-4.713903515092,
    17.387649330562));
#1370 = SURFACE_CURVE('',#1371,(#1375,#1382),.PCURVE_S1.);
#1371 = B_SPLINE_CURVE_WITH_KNOTS('',2,(#1372,#1373,#1374),
  .UNSPECIFIED.,.F.,.F.,(3,3),(0.497667241109,0.499554279588),
  .PIECEWISE_BEZIER_KNOTS.);
#1372 = CARTESIAN_POINT('',(-10.16066958282,-4.713903515092,
    17.387649330562));
#1373 = CARTESIAN_POINT('',(-10.16066958282,4.016280214227,
    6.149086331587));
#1374 = CARTESIAN_POINT('',(-10.16066958282,11.384683773519,
    4.787649330931));
#1375 = PCURVE('',#1199,#1376);
#1376 = DEFINITIONAL_REPRESENTATION('',(#1377),#1381);
#1377 = B_SPLINE_CURVE_WITH_KNOTS('',2,(#1378,#1379,#1380),
  .UNSPECIFIED.,.F.,.F.,(3,3),(0.497667241109,0.499554279588),
  .PIECEWISE_BEZIER_KNOTS.);
#1378 = CARTESIAN_POINT('',(7.664649330561,17.922499056679));
#1379 = CARTESIAN_POINT('',(-3.573913668413,9.19231532736));
#1380 = CARTESIAN_POINT('',(-4.935350669069,1.823911768068));
#1381 = ( GEOMETRIC_REPRESENTATION_CONTEXT(2) 
PARAMETRIC_REPRESENTATION_CONTEXT() REPRESENTATION_CONTEXT('2D SPACE',''
  ) );
#1382 = PCURVE('',#1171,#1383);
#1383 = DEFINITIONAL_REPRESENTATION('',(#1384),#1388);
#1384 = LINE('',#1385,#1386);
#1385 = CARTESIAN_POINT('',(-1.165734175856E-15,-2.148075554237E-17));
#1386 = VECTOR('',#1387,1.);
#1387 = DIRECTION('',(1.,0.));
#1388 = ( GEOMETRIC_REPRESENTATION_CONTEXT(2) 
PARAMETRIC_REPRESENTATION_CONTEXT() REPRESENTATION_CONTEXT('2D SPACE',''
  ) );
#1389 = ORIENTED_EDGE('',*,*,#1390,.F.);
#1390 = EDGE_CURVE('',#1391,#1368,#1393,.T.);
#1391 = VERTEX_POINT('',#1392);
#1392 = CARTESIAN_POINT('',(-10.16066958282,-8.804632547097,
    21.386868254913));
#1393 = SURFACE_CURVE('',#1394,(#1399,#1410),.PCURVE_S1.);
#1394 = CIRCLE('',#1395,70.);
#1395 = AXIS2_PLACEMENT_3D('',#1396,#1397,#1398);
#1396 = CARTESIAN_POINT('',(-10.16066958282,-55.65284534425,
    -30.62510111476));
#1397 = DIRECTION('',(-1.,3.851859888774E-33,2.99137313703E-33));
#1398 = DIRECTION('',(3.851859888774E-33,1.,-9.91270557701E-17));
#1399 = PCURVE('',#1199,#1400);
#1400 = DEFINITIONAL_REPRESENTATION('',(#1401),#1409);
#1401 = ( BOUNDED_CURVE() B_SPLINE_CURVE(2,(#1402,#1403,#1404,#1405,
#1406,#1407,#1408),.UNSPECIFIED.,.T.,.F.) B_SPLINE_CURVE_WITH_KNOTS((1,2
    ,2,2,2,1),(-2.094395102393,0.,2.094395102393,4.188790204786,
6.28318530718,8.377580409573),.UNSPECIFIED.) CURVE() 
GEOMETRIC_REPRESENTATION_ITEM() RATIONAL_B_SPLINE_CURVE((1.,0.5,1.,0.5,
1.,0.5,1.)) REPRESENTATION_ITEM('') );
#1402 = CARTESIAN_POINT('',(-40.34810111476,-1.138559114155));
#1403 = CARTESIAN_POINT('',(-161.5916576445,-1.138559114155));
#1404 = CARTESIAN_POINT('',(-100.9698793796,103.86144088584));
#1405 = CARTESIAN_POINT('',(-40.34810111476,208.86144088584));
#1406 = CARTESIAN_POINT('',(20.27367715015,103.86144088584));
#1407 = CARTESIAN_POINT('',(80.89545541506,-1.138559114155));
#1408 = CARTESIAN_POINT('',(-40.34810111476,-1.138559114155));
#1409 = ( GEOMETRIC_REPRESENTATION_CONTEXT(2) 
PARAMETRIC_REPRESENTATION_CONTEXT() REPRESENTATION_CONTEXT('2D SPACE',''
  ) );
#1410 = PCURVE('',#1145,#1411);
#1411 = DEFINITIONAL_REPRESENTATION('',(#1412),#1416);
#1412 = LINE('',#1413,#1414);
#1413 = CARTESIAN_POINT('',(6.28318530718,0.));
#1414 = VECTOR('',#1415,1.);
#1415 = DIRECTION('',(-1.,0.));
#1416 = ( GEOMETRIC_REPRESENTATION_CONTEXT(2) 
PARAMETRIC_REPRESENTATION_CONTEXT() REPRESENTATION_CONTEXT('2D SPACE',''
  ) );
#1417 = ORIENTED_EDGE('',*,*,#1418,.T.);
#1418 = EDGE_CURVE('',#1391,#1419,#1421,.T.);
#1419 = VERTEX_POINT('',#1420);
#1420 = CARTESIAN_POINT('',(-10.16066958282,-8.804632547097,
    21.718342722749));
#1421 = SURFACE_CURVE('',#1422,(#1426,#1433),.PCURVE_S1.);
#1422 = LINE('',#1423,#1424);
#1423 = CARTESIAN_POINT('',(-10.16066958282,-8.804632547098,9.723));
#1424 = VECTOR('',#1425,1.);
#1425 = DIRECTION('',(2.99137313703E-33,1.224646799147E-16,1.));
#1426 = PCURVE('',#1199,#1427);
#1427 = DEFINITIONAL_REPRESENTATION('',(#1428),#1432);
#1428 = LINE('',#1429,#1430);
#1429 = CARTESIAN_POINT('',(8.568707470297E-16,22.013228088684));
#1430 = VECTOR('',#1431,1.);
#1431 = DIRECTION('',(1.,0.));
#1432 = ( GEOMETRIC_REPRESENTATION_CONTEXT(2) 
PARAMETRIC_REPRESENTATION_CONTEXT() REPRESENTATION_CONTEXT('2D SPACE',''
  ) );
#1433 = PCURVE('',#1112,#1434);
#1434 = DEFINITIONAL_REPRESENTATION('',(#1435),#1439);
#1435 = LINE('',#1436,#1437);
#1436 = CARTESIAN_POINT('',(18.484292586228,-2.1));
#1437 = VECTOR('',#1438,1.);
#1438 = DIRECTION('',(-1.,-5.98274627406E-33));
#1439 = ( GEOMETRIC_REPRESENTATION_CONTEXT(2) 
PARAMETRIC_REPRESENTATION_CONTEXT() REPRESENTATION_CONTEXT('2D SPACE',''
  ) );
#1440 = ORIENTED_EDGE('',*,*,#1441,.F.);
#1441 = EDGE_CURVE('',#1442,#1419,#1444,.T.);
#1442 = VERTEX_POINT('',#1443);
#1443 = CARTESIAN_POINT('',(-10.16066958282,5.249442903977,
    22.454885607016));
#1444 = SURFACE_CURVE('',#1445,(#1449,#1456),.PCURVE_S1.);
#1445 = LINE('',#1446,#1447);
#1446 = CARTESIAN_POINT('',(-10.16066958282,-9.154632547097,21.7));
#1447 = VECTOR('',#1448,1.);
#1448 = DIRECTION('',(5.997973304261E-33,-0.998629534755,
    -5.233595624294E-02));
#1449 = PCURVE('',#1199,#1450);
#1450 = DEFINITIONAL_REPRESENTATION('',(#1451),#1455);
#1451 = LINE('',#1452,#1453);
#1452 = CARTESIAN_POINT('',(11.977,22.363228088684));
#1453 = VECTOR('',#1454,1.);
#1454 = DIRECTION('',(-5.233595624294E-02,0.998629534755));
#1455 = ( GEOMETRIC_REPRESENTATION_CONTEXT(2) 
PARAMETRIC_REPRESENTATION_CONTEXT() REPRESENTATION_CONTEXT('2D SPACE',''
  ) );
#1456 = PCURVE('',#1084,#1457);
#1457 = DEFINITIONAL_REPRESENTATION('',(#1458),#1462);
#1458 = LINE('',#1459,#1460);
#1459 = CARTESIAN_POINT('',(0.,0.));
#1460 = VECTOR('',#1461,1.);
#1461 = DIRECTION('',(9.687997979321E-33,-1.));
#1462 = ( GEOMETRIC_REPRESENTATION_CONTEXT(2) 
PARAMETRIC_REPRESENTATION_CONTEXT() REPRESENTATION_CONTEXT('2D SPACE',''
  ) );
#1463 = ORIENTED_EDGE('',*,*,#1464,.F.);
#1464 = EDGE_CURVE('',#1465,#1442,#1467,.T.);
#1465 = VERTEX_POINT('',#1466);
#1466 = CARTESIAN_POINT('',(-10.16066958282,7.236413572677,
    20.324120427029));
#1467 = SURFACE_CURVE('',#1468,(#1472,#1479),.PCURVE_S1.);
#1468 = LINE('',#1469,#1470);
#1469 = CARTESIAN_POINT('',(-10.16066958282,7.236413598565,
    20.324120406409));
#1470 = VECTOR('',#1471,1.);
#1471 = DIRECTION('',(6.390891220429E-33,-0.681998360063,0.731353701618)
  );
#1472 = PCURVE('',#1199,#1473);
#1473 = DEFINITIONAL_REPRESENTATION('',(#1474),#1478);
#1474 = LINE('',#1475,#1476);
#1475 = CARTESIAN_POINT('',(10.601120406408,5.972181943022));
#1476 = VECTOR('',#1477,1.);
#1477 = DIRECTION('',(0.731353701618,0.681998360063));
#1478 = ( GEOMETRIC_REPRESENTATION_CONTEXT(2) 
PARAMETRIC_REPRESENTATION_CONTEXT() REPRESENTATION_CONTEXT('2D SPACE',''
  ) );
#1479 = PCURVE('',#1056,#1480);
#1480 = DEFINITIONAL_REPRESENTATION('',(#1481),#1485);
#1481 = LINE('',#1482,#1483);
#1482 = CARTESIAN_POINT('',(0.,0.));
#1483 = VECTOR('',#1484,1.);
#1484 = DIRECTION('',(-1.120560516446E-32,1.));
#1485 = ( GEOMETRIC_REPRESENTATION_CONTEXT(2) 
PARAMETRIC_REPRESENTATION_CONTEXT() REPRESENTATION_CONTEXT('2D SPACE',''
  ) );
#1486 = ORIENTED_EDGE('',*,*,#1487,.F.);
#1487 = EDGE_CURVE('',#1488,#1465,#1490,.T.);
#1488 = VERTEX_POINT('',#1489);
#1489 = CARTESIAN_POINT('',(-10.16066958282,14.586413598562,
    12.84827996345));
#1490 = SURFACE_CURVE('',#1491,(#1495,#1502),.PCURVE_S1.);
#1491 = B_SPLINE_CURVE_WITH_KNOTS('',2,(#1492,#1493,#1494),
  .UNSPECIFIED.,.F.,.F.,(3,3),(0.,1.),.PIECEWISE_BEZIER_KNOTS.);
#1492 = CARTESIAN_POINT('',(-10.16066958282,14.586413598562,
    12.84827996345));
#1493 = CARTESIAN_POINT('',(-10.16066958282,12.782562328493,
    15.905157748941));
#1494 = CARTESIAN_POINT('',(-10.16066958282,7.236413572677,
    20.324120427029));
#1495 = PCURVE('',#1199,#1496);
#1496 = DEFINITIONAL_REPRESENTATION('',(#1497),#1501);
#1497 = B_SPLINE_CURVE_WITH_KNOTS('',2,(#1498,#1499,#1500),
  .UNSPECIFIED.,.F.,.F.,(3,3),(0.,1.),.PIECEWISE_BEZIER_KNOTS.);
#1498 = CARTESIAN_POINT('',(3.125279963449,-1.377818056975));
#1499 = CARTESIAN_POINT('',(6.18215774894,0.426033213094));
#1500 = CARTESIAN_POINT('',(10.601120427029,5.97218196891));
#1501 = ( GEOMETRIC_REPRESENTATION_CONTEXT(2) 
PARAMETRIC_REPRESENTATION_CONTEXT() REPRESENTATION_CONTEXT('2D SPACE',''
  ) );
#1502 = PCURVE('',#393,#1503);
#1503 = DEFINITIONAL_REPRESENTATION('',(#1504),#1507);
#1504 = B_SPLINE_CURVE_WITH_KNOTS('',1,(#1505,#1506),.UNSPECIFIED.,.F.,
  .F.,(2,2),(0.,1.),.PIECEWISE_BEZIER_KNOTS.);
#1505 = CARTESIAN_POINT('',(0.500820705123,-2.148075554237E-17));
#1506 = CARTESIAN_POINT('',(0.502013311782,-2.148075554237E-17));
#1507 = ( GEOMETRIC_REPRESENTATION_CONTEXT(2) 
PARAMETRIC_REPRESENTATION_CONTEXT() REPRESENTATION_CONTEXT('2D SPACE',''
  ) );
#1508 = ORIENTED_EDGE('',*,*,#1509,.F.);
#1509 = EDGE_CURVE('',#1510,#1488,#1512,.T.);
#1510 = VERTEX_POINT('',#1511);
#1511 = CARTESIAN_POINT('',(-10.16066958282,13.086413598562,
    12.84827996345));
#1512 = SURFACE_CURVE('',#1513,(#1517,#1524),.PCURVE_S1.);
#1513 = LINE('',#1514,#1515);
#1514 = CARTESIAN_POINT('',(-10.16066958282,11.586413598562,
    12.84827996345));
#1515 = VECTOR('',#1516,1.);
#1516 = DIRECTION('',(1.135572110156E-48,1.,3.796156675003E-16));
#1517 = PCURVE('',#1199,#1518);
#1518 = DEFINITIONAL_REPRESENTATION('',(#1519),#1523);
#1519 = LINE('',#1520,#1521);
#1520 = CARTESIAN_POINT('',(3.125279963449,1.622181943025));
#1521 = VECTOR('',#1522,1.);
#1522 = DIRECTION('',(5.020803474151E-16,-1.));
#1523 = ( GEOMETRIC_REPRESENTATION_CONTEXT(2) 
PARAMETRIC_REPRESENTATION_CONTEXT() REPRESENTATION_CONTEXT('2D SPACE',''
  ) );
#1524 = PCURVE('',#1333,#1525);
#1525 = DEFINITIONAL_REPRESENTATION('',(#1526),#1530);
#1526 = LINE('',#1527,#1528);
#1527 = CARTESIAN_POINT('',(5.932113730876,1.7763568394E-15));
#1528 = VECTOR('',#1529,1.);
#1529 = DIRECTION('',(5.921189464667E-16,1.));
#1530 = ( GEOMETRIC_REPRESENTATION_CONTEXT(2) 
PARAMETRIC_REPRESENTATION_CONTEXT() REPRESENTATION_CONTEXT('2D SPACE',''
  ) );
#1531 = ORIENTED_EDGE('',*,*,#1532,.T.);
#1532 = EDGE_CURVE('',#1510,#1191,#1533,.T.);
#1533 = SURFACE_CURVE('',#1534,(#1549,#1567),.PCURVE_S1.);
#1534 = B_SPLINE_CURVE_WITH_KNOTS('',3,(#1535,#1536,#1537,#1538,#1539,
    #1540,#1541,#1542,#1543,#1544,#1545,#1546,#1547,#1548),
  .UNSPECIFIED.,.F.,.F.,(4,2,2,2,2,2,4),(0.,3.174188710944E-04,
    6.348377421889E-04,1.269675484378E-03,1.587094355472E-03,
    1.904513226567E-03,2.539350968755E-03),.UNSPECIFIED.);
#1535 = CARTESIAN_POINT('',(-10.16066958282,13.086413598562,
    12.84827996345));
#1536 = CARTESIAN_POINT('',(-10.16066958282,12.9790594702,12.84827996345
    ));
#1537 = CARTESIAN_POINT('',(-10.16066958282,12.87378669407,
    12.836156099979));
#1538 = CARTESIAN_POINT('',(-10.16066958282,12.667226558594,
    12.788693345723));
#1539 = CARTESIAN_POINT('',(-10.16066958282,12.565055615541,
    12.752685512704));
#1540 = CARTESIAN_POINT('',(-10.16066958282,12.278705948616,
    12.614252744337));
#1541 = CARTESIAN_POINT('',(-10.16066958282,12.108022690115,
    12.478190065865));
#1542 = CARTESIAN_POINT('',(-10.16066958282,11.905805215502,
    12.232640480637));
#1543 = CARTESIAN_POINT('',(-10.16066958282,11.846149269673,
    12.142534018078));
#1544 = CARTESIAN_POINT('',(-10.16066958282,11.746853038295,
    11.954868382371));
#1545 = CARTESIAN_POINT('',(-10.16066958282,11.706591275436,
    11.856794644886));
#1546 = CARTESIAN_POINT('',(-10.16066958282,11.611864349863,
    11.550799804778));
#1547 = CARTESIAN_POINT('',(-10.16066958282,11.586413598562,
    11.339030554389));
#1548 = CARTESIAN_POINT('',(-10.16066958282,11.586413598562,
    11.125323806753));
#1549 = PCURVE('',#1199,#1550);
#1550 = DEFINITIONAL_REPRESENTATION('',(#1551),#1566);
#1551 = B_SPLINE_CURVE_WITH_KNOTS('',3,(#1552,#1553,#1554,#1555,#1556,
    #1557,#1558,#1559,#1560,#1561,#1562,#1563,#1564,#1565),
  .UNSPECIFIED.,.F.,.F.,(4,2,2,2,2,2,4),(0.,3.174188710944E-04,
    6.348377421889E-04,1.269675484378E-03,1.587094355472E-03,
    1.904513226567E-03,2.539350968755E-03),.UNSPECIFIED.);
#1552 = CARTESIAN_POINT('',(3.125279963449,0.122181943025));
#1553 = CARTESIAN_POINT('',(3.125279963449,0.229536071387));
#1554 = CARTESIAN_POINT('',(3.113156099979,0.334808847517));
#1555 = CARTESIAN_POINT('',(3.065693345723,0.541368982993));
#1556 = CARTESIAN_POINT('',(3.029685512704,0.643539926046));
#1557 = CARTESIAN_POINT('',(2.891252744336,0.929889592971));
#1558 = CARTESIAN_POINT('',(2.755190065864,1.100572851472));
#1559 = CARTESIAN_POINT('',(2.509640480637,1.302790326085));
#1560 = CARTESIAN_POINT('',(2.419534018078,1.362446271914));
#1561 = CARTESIAN_POINT('',(2.231868382371,1.461742503292));
#1562 = CARTESIAN_POINT('',(2.133794644886,1.502004266151));
#1563 = CARTESIAN_POINT('',(1.827799804778,1.596731191724));
#1564 = CARTESIAN_POINT('',(1.616030554389,1.622181943025));
#1565 = CARTESIAN_POINT('',(1.402323806752,1.622181943025));
#1566 = ( GEOMETRIC_REPRESENTATION_CONTEXT(2) 
PARAMETRIC_REPRESENTATION_CONTEXT() REPRESENTATION_CONTEXT('2D SPACE',''
  ) );
#1567 = PCURVE('',#1261,#1568);
#1568 = DEFINITIONAL_REPRESENTATION('',(#1569),#1617);
#1569 = B_SPLINE_CURVE_WITH_KNOTS('',3,(#1570,#1571,#1572,#1573,#1574,
    #1575,#1576,#1577,#1578,#1579,#1580,#1581,#1582,#1583,#1584,#1585,
    #1586,#1587,#1588,#1589,#1590,#1591,#1592,#1593,#1594,#1595,#1596,
    #1597,#1598,#1599,#1600,#1601,#1602,#1603,#1604,#1605,#1606,#1607,
    #1608,#1609,#1610,#1611,#1612,#1613,#1614,#1615,#1616),
  .UNSPECIFIED.,.F.,.F.,(4,1,1,1,1,1,1,1,1,1,1,1,1,1,1,1,1,1,1,1,1,1,1,1
    ,1,1,1,1,1,1,1,1,1,1,1,1,1,1,1,1,1,1,1,1,4),(0.,5.771252201717E-05,
    1.154250440343E-04,1.731375660515E-04,2.308500880687E-04,
    2.885626100858E-04,3.46275132103E-04,4.039876541202E-04,
    4.617001761374E-04,5.194126981545E-04,5.771252201717E-04,
    6.348377421889E-04,6.92550264206E-04,7.502627862232E-04,
    8.079753082404E-04,8.656878302575E-04,9.234003522747E-04,
    9.811128742919E-04,1.038825396309E-03,1.096537918326E-03,
    1.154250440343E-03,1.211962962361E-03,1.269675484378E-03,
    1.327388006395E-03,1.385100528412E-03,1.442813050429E-03,
    1.500525572446E-03,1.558238094464E-03,1.615950616481E-03,
    1.673663138498E-03,1.731375660515E-03,1.789088182532E-03,
    1.846800704549E-03,1.904513226567E-03,1.962225748584E-03,
    2.019938270601E-03,2.077650792618E-03,2.135363314635E-03,
    2.193075836652E-03,2.25078835867E-03,2.308500880687E-03,
    2.366213402704E-03,2.423925924721E-03,2.481638446738E-03,
    2.539350968755E-03),.QUASI_UNIFORM_KNOTS.);
#1570 = CARTESIAN_POINT('',(5.932113730876,6.28318530718));
#1571 = CARTESIAN_POINT('',(5.932113632623,6.270172693178));
#1572 = CARTESIAN_POINT('',(5.932023377297,6.244239193192));
#1573 = CARTESIAN_POINT('',(5.931618031811,6.205554505498));
#1574 = CARTESIAN_POINT('',(5.930943367817,6.167025531557));
#1575 = CARTESIAN_POINT('',(5.929998524198,6.128593216499));
#1576 = CARTESIAN_POINT('',(5.928781205023,6.090199168519));
#1577 = CARTESIAN_POINT('',(5.927289333994,6.05178882953));
#1578 = CARTESIAN_POINT('',(5.925503615118,6.013220641773));
#1579 = CARTESIAN_POINT('',(5.92342725921,5.97460834872));
#1580 = CARTESIAN_POINT('',(5.92105965783,5.936035510865));
#1581 = CARTESIAN_POINT('',(5.918398868229,5.89758255889));
#1582 = CARTESIAN_POINT('',(5.915445995707,5.859378999473));
#1583 = CARTESIAN_POINT('',(5.912185400506,5.821358035029));
#1584 = CARTESIAN_POINT('',(5.90859887781,5.78337179177));
#1585 = CARTESIAN_POINT('',(5.904682911927,5.745470716544));
#1586 = CARTESIAN_POINT('',(5.900428555233,5.707655992886));
#1587 = CARTESIAN_POINT('',(5.895826800174,5.669945385232));
#1588 = CARTESIAN_POINT('',(5.890867091945,5.632354974304));
#1589 = CARTESIAN_POINT('',(5.88553774163,5.594903790405));
#1590 = CARTESIAN_POINT('',(5.879825555338,5.557610883181));
#1591 = CARTESIAN_POINT('',(5.873716659629,5.520499700178));
#1592 = CARTESIAN_POINT('',(5.867193288886,5.483580783136));
#1593 = CARTESIAN_POINT('',(5.860245494323,5.446913912495));
#1594 = CARTESIAN_POINT('',(5.852827173393,5.410374207559));
#1595 = CARTESIAN_POINT('',(5.844901769314,5.373887095838));
#1596 = CARTESIAN_POINT('',(5.836467074552,5.337565618767));
#1597 = CARTESIAN_POINT('',(5.827512287588,5.301478176924));
#1598 = CARTESIAN_POINT('',(5.818027683576,5.265700299661));
#1599 = CARTESIAN_POINT('',(5.808010891649,5.230331704582));
#1600 = CARTESIAN_POINT('',(5.79741535757,5.195284072255));
#1601 = CARTESIAN_POINT('',(5.786198325504,5.160529097346));
#1602 = CARTESIAN_POINT('',(5.774312626447,5.126038167243));
#1603 = CARTESIAN_POINT('',(5.761712007547,5.091800536728));
#1604 = CARTESIAN_POINT('',(5.748324497587,5.05775689485));
#1605 = CARTESIAN_POINT('',(5.734150900162,5.024049694809));
#1606 = CARTESIAN_POINT('',(5.719204810382,4.990820956505));
#1607 = CARTESIAN_POINT('',(5.703418275246,4.958020930887));
#1608 = CARTESIAN_POINT('',(5.686740760892,4.925658178926));
#1609 = CARTESIAN_POINT('',(5.669112497621,4.893732773074));
#1610 = CARTESIAN_POINT('',(5.650471545102,4.862254353122));
#1611 = CARTESIAN_POINT('',(5.630751899722,4.831237413552));
#1612 = CARTESIAN_POINT('',(5.609884131796,4.800702581931));
#1613 = CARTESIAN_POINT('',(5.587795427772,4.770676467964));
#1614 = CARTESIAN_POINT('',(5.564410231698,4.741190996221));
#1615 = CARTESIAN_POINT('',(5.547903447287,4.721920984319));
#1616 = CARTESIAN_POINT('',(5.539407949887,4.712388980385));
#1617 = ( GEOMETRIC_REPRESENTATION_CONTEXT(2) 
PARAMETRIC_REPRESENTATION_CONTEXT() REPRESENTATION_CONTEXT('2D SPACE',''
  ) );
#1618 = ADVANCED_FACE('',(#1619),#1112,.F.);
#1619 = FACE_BOUND('',#1620,.T.);
#1620 = EDGE_LOOP('',(#1621,#1642,#1643,#1664));
#1621 = ORIENTED_EDGE('',*,*,#1622,.T.);
#1622 = EDGE_CURVE('',#1391,#1097,#1623,.T.);
#1623 = SURFACE_CURVE('',#1624,(#1628,#1635),.PCURVE_S1.);
#1624 = LINE('',#1625,#1626);
#1625 = CARTESIAN_POINT('',(-10.16066958282,-8.804632547097,
    21.386868254913));
#1626 = VECTOR('',#1627,1.);
#1627 = DIRECTION('',(1.,-3.851859888774E-33,2.99137313703E-33));
#1628 = PCURVE('',#1112,#1629);
#1629 = DEFINITIONAL_REPRESENTATION('',(#1630),#1634);
#1630 = LINE('',#1631,#1632);
#1631 = CARTESIAN_POINT('',(6.820424331315,-2.1));
#1632 = VECTOR('',#1633,1.);
#1633 = DIRECTION('',(-5.98274627406E-33,-1.));
#1634 = ( GEOMETRIC_REPRESENTATION_CONTEXT(2) 
PARAMETRIC_REPRESENTATION_CONTEXT() REPRESENTATION_CONTEXT('2D SPACE',''
  ) );
#1635 = PCURVE('',#1145,#1636);
#1636 = DEFINITIONAL_REPRESENTATION('',(#1637),#1641);
#1637 = LINE('',#1638,#1639);
#1638 = CARTESIAN_POINT('',(0.837583664945,0.));
#1639 = VECTOR('',#1640,1.);
#1640 = DIRECTION('',(0.,1.));
#1641 = ( GEOMETRIC_REPRESENTATION_CONTEXT(2) 
PARAMETRIC_REPRESENTATION_CONTEXT() REPRESENTATION_CONTEXT('2D SPACE',''
  ) );
#1642 = ORIENTED_EDGE('',*,*,#1096,.T.);
#1643 = ORIENTED_EDGE('',*,*,#1644,.T.);
#1644 = EDGE_CURVE('',#1069,#1419,#1645,.T.);
#1645 = SURFACE_CURVE('',#1646,(#1650,#1657),.PCURVE_S1.);
#1646 = LINE('',#1647,#1648);
#1647 = CARTESIAN_POINT('',(-10.16066958282,-8.804632547097,
    21.718342722749));
#1648 = VECTOR('',#1649,1.);
#1649 = DIRECTION('',(-1.,3.851859888774E-33,-2.99137313703E-33));
#1650 = PCURVE('',#1112,#1651);
#1651 = DEFINITIONAL_REPRESENTATION('',(#1652),#1656);
#1652 = LINE('',#1653,#1654);
#1653 = CARTESIAN_POINT('',(6.488949863479,-2.1));
#1654 = VECTOR('',#1655,1.);
#1655 = DIRECTION('',(5.98274627406E-33,1.));
#1656 = ( GEOMETRIC_REPRESENTATION_CONTEXT(2) 
PARAMETRIC_REPRESENTATION_CONTEXT() REPRESENTATION_CONTEXT('2D SPACE',''
  ) );
#1657 = PCURVE('',#1084,#1658);
#1658 = DEFINITIONAL_REPRESENTATION('',(#1659),#1663);
#1659 = LINE('',#1660,#1661);
#1660 = CARTESIAN_POINT('',(-1.29328103298E-33,0.350480321099));
#1661 = VECTOR('',#1662,1.);
#1662 = DIRECTION('',(-1.,-3.131127472118E-34));
#1663 = ( GEOMETRIC_REPRESENTATION_CONTEXT(2) 
PARAMETRIC_REPRESENTATION_CONTEXT() REPRESENTATION_CONTEXT('2D SPACE',''
  ) );
#1664 = ORIENTED_EDGE('',*,*,#1418,.F.);
#1665 = ADVANCED_FACE('',(#1666),#1680,.T.);
#1666 = FACE_BOUND('',#1667,.T.);
#1667 = EDGE_LOOP('',(#1668,#1703,#1732,#1760));
#1668 = ORIENTED_EDGE('',*,*,#1669,.F.);
#1669 = EDGE_CURVE('',#1670,#1672,#1674,.T.);
#1670 = VERTEX_POINT('',#1671);
#1671 = CARTESIAN_POINT('',(-0.360669582827,12.836413598562,11.823));
#1672 = VERTEX_POINT('',#1673);
#1673 = CARTESIAN_POINT('',(-0.360669582827,14.586413598562,
    12.13157221624));
#1674 = SURFACE_CURVE('',#1675,(#1679,#1691),.PCURVE_S1.);
#1675 = LINE('',#1676,#1677);
#1676 = CARTESIAN_POINT('',(-0.360669582827,12.836413598562,11.823));
#1677 = VECTOR('',#1678,1.);
#1678 = DIRECTION('',(-5.549899877204E-33,0.984807753012,0.173648177667)
  );
#1679 = PCURVE('',#1680,#1685);
#1680 = PLANE('',#1681);
#1681 = AXIS2_PLACEMENT_3D('',#1682,#1683,#1684);
#1682 = CARTESIAN_POINT('',(-10.16066958282,12.836413598562,11.823));
#1683 = DIRECTION('',(-4.016116978002E-33,0.173648177667,-0.984807753012
    ));
#1684 = DIRECTION('',(-5.549899877204E-33,0.984807753012,0.173648177667)
  );
#1685 = DEFINITIONAL_REPRESENTATION('',(#1686),#1690);
#1686 = LINE('',#1687,#1688);
#1687 = CARTESIAN_POINT('',(-5.43890187966E-32,9.8));
#1688 = VECTOR('',#1689,1.);
#1689 = DIRECTION('',(1.,1.038892987934E-33));
#1690 = ( GEOMETRIC_REPRESENTATION_CONTEXT(2) 
PARAMETRIC_REPRESENTATION_CONTEXT() REPRESENTATION_CONTEXT('2D SPACE',''
  ) );
#1691 = PCURVE('',#1692,#1697);
#1692 = PLANE('',#1693);
#1693 = AXIS2_PLACEMENT_3D('',#1694,#1695,#1696);
#1694 = CARTESIAN_POINT('',(-0.360669582827,11.586413598562,
    7.123477207818));
#1695 = DIRECTION('',(1.,0.,2.99137313703E-33));
#1696 = DIRECTION('',(-2.99137313703E-33,0.,-1.));
#1697 = DEFINITIONAL_REPRESENTATION('',(#1698),#1702);
#1698 = LINE('',#1699,#1700);
#1699 = CARTESIAN_POINT('',(-4.699522792182,1.25));
#1700 = VECTOR('',#1701,1.);
#1701 = DIRECTION('',(-0.173648177667,0.984807753012));
#1702 = ( GEOMETRIC_REPRESENTATION_CONTEXT(2) 
PARAMETRIC_REPRESENTATION_CONTEXT() REPRESENTATION_CONTEXT('2D SPACE',''
  ) );
#1703 = ORIENTED_EDGE('',*,*,#1704,.F.);
#1704 = EDGE_CURVE('',#1705,#1670,#1707,.T.);
#1705 = VERTEX_POINT('',#1706);
#1706 = CARTESIAN_POINT('',(-10.16066958282,12.836413598562,11.823));
#1707 = SURFACE_CURVE('',#1708,(#1712,#1719),.PCURVE_S1.);
#1708 = LINE('',#1709,#1710);
#1709 = CARTESIAN_POINT('',(-10.16066958282,12.836413598562,11.823));
#1710 = VECTOR('',#1711,1.);
#1711 = DIRECTION('',(1.,-3.851859888774E-33,2.99137313703E-33));
#1712 = PCURVE('',#1680,#1713);
#1713 = DEFINITIONAL_REPRESENTATION('',(#1714),#1718);
#1714 = LINE('',#1715,#1716);
#1715 = CARTESIAN_POINT('',(0.,0.));
#1716 = VECTOR('',#1717,1.);
#1717 = DIRECTION('',(-8.823794865219E-33,1.));
#1718 = ( GEOMETRIC_REPRESENTATION_CONTEXT(2) 
PARAMETRIC_REPRESENTATION_CONTEXT() REPRESENTATION_CONTEXT('2D SPACE',''
  ) );
#1719 = PCURVE('',#1720,#1727);
#1720 = ( BOUNDED_SURFACE() B_SPLINE_SURFACE(2,1,(
    (#1721,#1722)
    ,(#1723,#1724)
    ,(#1725,#1726
)),.UNSPECIFIED.,.F.,.F.,.F.) B_SPLINE_SURFACE_WITH_KNOTS((3,3),(2,2),(
    0.,1.),(0.,1.),.PIECEWISE_BEZIER_KNOTS.) 
GEOMETRIC_REPRESENTATION_ITEM() RATIONAL_B_SPLINE_SURFACE((
    (1.,1.)
    ,(3.231801218514,3.231801218514)
,(1.,1.))) REPRESENTATION_ITEM('') SURFACE() );
#1721 = CARTESIAN_POINT('',(-10.16066958282,12.836413598562,7.623));
#1722 = CARTESIAN_POINT('',(-0.360669582827,12.836413598562,7.623));
#1723 = CARTESIAN_POINT('',(-10.16066958282,13.323757928708,9.723));
#1724 = CARTESIAN_POINT('',(-0.360669582827,13.323757928708,9.723));
#1725 = CARTESIAN_POINT('',(-10.16066958282,12.836413598562,11.823));
#1726 = CARTESIAN_POINT('',(-0.360669582827,12.836413598562,11.823));
#1727 = DEFINITIONAL_REPRESENTATION('',(#1728),#1731);
#1728 = B_SPLINE_CURVE_WITH_KNOTS('',1,(#1729,#1730),.UNSPECIFIED.,.F.,
  .F.,(2,2),(0.,9.8),.PIECEWISE_BEZIER_KNOTS.);
#1729 = CARTESIAN_POINT('',(1.,2.36216541499E-16));
#1730 = CARTESIAN_POINT('',(1.,1.));
#1731 = ( GEOMETRIC_REPRESENTATION_CONTEXT(2) 
PARAMETRIC_REPRESENTATION_CONTEXT() REPRESENTATION_CONTEXT('2D SPACE',''
  ) );
#1732 = ORIENTED_EDGE('',*,*,#1733,.T.);
#1733 = EDGE_CURVE('',#1705,#1734,#1736,.T.);
#1734 = VERTEX_POINT('',#1735);
#1735 = CARTESIAN_POINT('',(-10.16066958282,14.586413598562,
    12.13157221624));
#1736 = SURFACE_CURVE('',#1737,(#1741,#1748),.PCURVE_S1.);
#1737 = LINE('',#1738,#1739);
#1738 = CARTESIAN_POINT('',(-10.16066958282,12.836413598562,11.823));
#1739 = VECTOR('',#1740,1.);
#1740 = DIRECTION('',(-5.549899877204E-33,0.984807753012,0.173648177667)
  );
#1741 = PCURVE('',#1680,#1742);
#1742 = DEFINITIONAL_REPRESENTATION('',(#1743),#1747);
#1743 = LINE('',#1744,#1745);
#1744 = CARTESIAN_POINT('',(0.,0.));
#1745 = VECTOR('',#1746,1.);
#1746 = DIRECTION('',(1.,1.038892987934E-33));
#1747 = ( GEOMETRIC_REPRESENTATION_CONTEXT(2) 
PARAMETRIC_REPRESENTATION_CONTEXT() REPRESENTATION_CONTEXT('2D SPACE',''
  ) );
#1748 = PCURVE('',#1749,#1754);
#1749 = PLANE('',#1750);
#1750 = AXIS2_PLACEMENT_3D('',#1751,#1752,#1753);
#1751 = CARTESIAN_POINT('',(-10.16066958282,11.586413598562,
    7.123477207818));
#1752 = DIRECTION('',(-1.,0.,-2.99137313703E-33));
#1753 = DIRECTION('',(2.99137313703E-33,0.,1.));
#1754 = DEFINITIONAL_REPRESENTATION('',(#1755),#1759);
#1755 = LINE('',#1756,#1757);
#1756 = CARTESIAN_POINT('',(4.699522792182,1.25));
#1757 = VECTOR('',#1758,1.);
#1758 = DIRECTION('',(0.173648177667,0.984807753012));
#1759 = ( GEOMETRIC_REPRESENTATION_CONTEXT(2) 
PARAMETRIC_REPRESENTATION_CONTEXT() REPRESENTATION_CONTEXT('2D SPACE',''
  ) );
#1760 = ORIENTED_EDGE('',*,*,#1761,.T.);
#1761 = EDGE_CURVE('',#1734,#1672,#1762,.T.);
#1762 = SURFACE_CURVE('',#1763,(#1767,#1774),.PCURVE_S1.);
#1763 = LINE('',#1764,#1765);
#1764 = CARTESIAN_POINT('',(-10.16066958282,14.586413598562,
    12.13157221624));
#1765 = VECTOR('',#1766,1.);
#1766 = DIRECTION('',(1.,-3.851859888774E-33,2.99137313703E-33));
#1767 = PCURVE('',#1680,#1768);
#1768 = DEFINITIONAL_REPRESENTATION('',(#1769),#1773);
#1769 = LINE('',#1770,#1771);
#1770 = CARTESIAN_POINT('',(1.7769965708,1.170826232706E-32));
#1771 = VECTOR('',#1772,1.);
#1772 = DIRECTION('',(-8.823794865219E-33,1.));
#1773 = ( GEOMETRIC_REPRESENTATION_CONTEXT(2) 
PARAMETRIC_REPRESENTATION_CONTEXT() REPRESENTATION_CONTEXT('2D SPACE',''
  ) );
#1774 = PCURVE('',#468,#1775);
#1775 = DEFINITIONAL_REPRESENTATION('',(#1776),#1780);
#1776 = LINE('',#1777,#1778);
#1777 = CARTESIAN_POINT('',(-1.36696286547E-32,4.56968356285));
#1778 = VECTOR('',#1779,1.);
#1779 = DIRECTION('',(-1.,5.98274627406E-33));
#1780 = ( GEOMETRIC_REPRESENTATION_CONTEXT(2) 
PARAMETRIC_REPRESENTATION_CONTEXT() REPRESENTATION_CONTEXT('2D SPACE',''
  ) );
#1781 = ADVANCED_FACE('',(#1782),#393,.T.);
#1782 = FACE_BOUND('',#1783,.T.);
#1783 = EDGE_LOOP('',(#1784,#1860,#1880,#1881,#1901,#1902,#1922));
#1784 = ORIENTED_EDGE('',*,*,#1785,.F.);
#1785 = EDGE_CURVE('',#1786,#295,#1788,.T.);
#1786 = VERTEX_POINT('',#1787);
#1787 = CARTESIAN_POINT('',(-6.127587760971,14.586413598563,
    12.84827996345));
#1788 = SURFACE_CURVE('',#1789,(#1802,#1831),.PCURVE_S1.);
#1789 = B_SPLINE_CURVE_WITH_KNOTS('',3,(#1790,#1791,#1792,#1793,#1794,
    #1795,#1796,#1797,#1798,#1799,#1800,#1801),.UNSPECIFIED.,.F.,.F.,(4,
    2,2,2,2,4),(3.374973513958E-16,2.931366670886E-04,5.862733341768E-04
    ,1.172546668353E-03,1.75882000253E-03,2.345093336706E-03),
  .UNSPECIFIED.);
#1790 = CARTESIAN_POINT('',(-6.127587760971,14.586413598563,
    12.84827996345));
#1791 = CARTESIAN_POINT('',(-6.171862828726,14.540973634032,
    12.925284326531));
#1792 = CARTESIAN_POINT('',(-6.203969346435,14.492878014228,
    13.004408214794));
#1793 = CARTESIAN_POINT('',(-6.247735969627,14.39171775169,
    13.165902078654));
#1794 = CARTESIAN_POINT('',(-6.259315216771,14.338003355554,
    13.249251625638));
#1795 = CARTESIAN_POINT('',(-6.263038315026,14.174233689534,
    13.496522979501));
#1796 = CARTESIAN_POINT('',(-6.224777465446,14.060448038099,
    13.659188174354));
#1797 = CARTESIAN_POINT('',(-6.07362071865,13.847786734008,
    13.951911646593));
#1798 = CARTESIAN_POINT('',(-5.958962438719,13.746274748263,
    14.085615096277));
#1799 = CARTESIAN_POINT('',(-5.651669758081,13.591839587597,
    14.285177193286));
#1800 = CARTESIAN_POINT('',(-5.459148258034,13.542653955609,
    14.346730434821));
#1801 = CARTESIAN_POINT('',(-5.260669582799,13.542653955613,
    14.346730434815));
#1802 = PCURVE('',#393,#1803);
#1803 = DEFINITIONAL_REPRESENTATION('',(#1804),#1830);
#1804 = B_SPLINE_CURVE_WITH_KNOTS('',3,(#1805,#1806,#1807,#1808,#1809,
    #1810,#1811,#1812,#1813,#1814,#1815,#1816,#1817,#1818,#1819,#1820,
    #1821,#1822,#1823,#1824,#1825,#1826,#1827,#1828,#1829),
  .UNSPECIFIED.,.F.,.F.,(4,1,1,1,1,1,1,1,1,1,1,1,1,1,1,1,1,1,1,1,1,1,4),
  (3.374973513958E-16,1.065951516688E-04,2.131903033372E-04,
    3.197854550057E-04,4.263806066741E-04,5.329757583426E-04,
    6.39570910011E-04,7.461660616795E-04,8.527612133479E-04,
    9.593563650164E-04,1.065951516685E-03,1.172546668353E-03,
    1.279141820022E-03,1.38573697169E-03,1.492332123359E-03,
    1.598927275027E-03,1.705522426695E-03,1.812117578364E-03,
    1.918712730032E-03,2.025307881701E-03,2.131903033369E-03,
    2.238498185038E-03,2.345093336706E-03),.UNSPECIFIED.);
#1805 = CARTESIAN_POINT('',(0.500820705123,0.411538961414));
#1806 = CARTESIAN_POINT('',(0.500826167969,0.409896141349));
#1807 = CARTESIAN_POINT('',(0.500837166671,0.40693856778));
#1808 = CARTESIAN_POINT('',(0.500853867687,0.403431250429));
#1809 = CARTESIAN_POINT('',(0.500870713188,0.400790793376));
#1810 = CARTESIAN_POINT('',(0.500887793139,0.398979604988));
#1811 = CARTESIAN_POINT('',(0.500904920006,0.398004706667));
#1812 = CARTESIAN_POINT('',(0.500921886104,0.397868098422));
#1813 = CARTESIAN_POINT('',(0.500938621378,0.398549830901));
#1814 = CARTESIAN_POINT('',(0.50095503417,0.400037349976));
#1815 = CARTESIAN_POINT('',(0.500971032838,0.40231763335));
#1816 = CARTESIAN_POINT('',(0.500986537459,0.405379693558));
#1817 = CARTESIAN_POINT('',(0.501001442846,0.409204871992));
#1818 = CARTESIAN_POINT('',(0.501015752533,0.413803159769));
#1819 = CARTESIAN_POINT('',(0.501029415688,0.41919689664));
#1820 = CARTESIAN_POINT('',(0.501042279183,0.425379446665));
#1821 = CARTESIAN_POINT('',(0.501054223374,0.432352985945));
#1822 = CARTESIAN_POINT('',(0.501065116885,0.440113418098));
#1823 = CARTESIAN_POINT('',(0.501074856808,0.448672924642));
#1824 = CARTESIAN_POINT('',(0.501083127009,0.457968034529));
#1825 = CARTESIAN_POINT('',(0.501089811294,0.467865748155));
#1826 = CARTESIAN_POINT('',(0.501094768812,0.478248109677));
#1827 = CARTESIAN_POINT('',(0.501097861535,0.488993130901));
#1828 = CARTESIAN_POINT('',(0.501098581761,0.496317649813));
#1829 = CARTESIAN_POINT('',(0.501098582333,0.500000000003));
#1830 = ( GEOMETRIC_REPRESENTATION_CONTEXT(2) 
PARAMETRIC_REPRESENTATION_CONTEXT() REPRESENTATION_CONTEXT('2D SPACE',''
  ) );
#1831 = PCURVE('',#310,#1832);
#1832 = DEFINITIONAL_REPRESENTATION('',(#1833),#1859);
#1833 = B_SPLINE_CURVE_WITH_KNOTS('',3,(#1834,#1835,#1836,#1837,#1838,
    #1839,#1840,#1841,#1842,#1843,#1844,#1845,#1846,#1847,#1848,#1849,
    #1850,#1851,#1852,#1853,#1854,#1855,#1856,#1857,#1858),
  .UNSPECIFIED.,.F.,.F.,(4,1,1,1,1,1,1,1,1,1,1,1,1,1,1,1,1,1,1,1,1,1,4),
  (3.374973513958E-16,1.065951516688E-04,2.131903033372E-04,
    3.197854550057E-04,4.263806066741E-04,5.329757583426E-04,
    6.39570910011E-04,7.461660616795E-04,8.527612133479E-04,
    9.593563650164E-04,1.065951516685E-03,1.172546668353E-03,
    1.279141820022E-03,1.38573697169E-03,1.492332123359E-03,
    1.598927275027E-03,1.705522426695E-03,1.812117578364E-03,
    1.918712730032E-03,2.025307881701E-03,2.131903033369E-03,
    2.238498185038E-03,2.345093336706E-03),.UNSPECIFIED.);
#1834 = CARTESIAN_POINT('',(5.234199436689,1.2));
#1835 = CARTESIAN_POINT('',(5.201905265075,1.216525239146));
#1836 = CARTESIAN_POINT('',(5.138417566111,1.250269220366));
#1837 = CARTESIAN_POINT('',(5.04553491859,1.302966615058));
#1838 = CARTESIAN_POINT('',(4.954194511279,1.357603351579));
#1839 = CARTESIAN_POINT('',(4.863077384443,1.414537831761));
#1840 = CARTESIAN_POINT('',(4.772377922653,1.473160622783));
#1841 = CARTESIAN_POINT('',(4.682469526905,1.532765062314));
#1842 = CARTESIAN_POINT('',(4.593019391148,1.593068537802));
#1843 = CARTESIAN_POINT('',(4.503812737607,1.653633606097));
#1844 = CARTESIAN_POINT('',(4.414674198286,1.714020064513));
#1845 = CARTESIAN_POINT('',(4.325380456825,1.773816451271));
#1846 = CARTESIAN_POINT('',(4.235876299518,1.832499100499));
#1847 = CARTESIAN_POINT('',(4.145451537448,1.889964421789));
#1848 = CARTESIAN_POINT('',(4.05353299425,1.94584205098));
#1849 = CARTESIAN_POINT('',(3.96011428863,1.999339030985));
#1850 = CARTESIAN_POINT('',(3.864910261243,2.049783419932));
#1851 = CARTESIAN_POINT('',(3.767627676849,2.096441808015));
#1852 = CARTESIAN_POINT('',(3.667677835298,2.138705641943));
#1853 = CARTESIAN_POINT('',(3.565519416574,2.174964848197));
#1854 = CARTESIAN_POINT('',(3.461540064907,2.204536615327));
#1855 = CARTESIAN_POINT('',(3.356091588009,2.22663662274));
#1856 = CARTESIAN_POINT('',(3.249475747874,2.240507758479));
#1857 = CARTESIAN_POINT('',(3.177661915986,2.24375964295));
#1858 = CARTESIAN_POINT('',(3.141592653561,2.243759642949));
#1859 = ( GEOMETRIC_REPRESENTATION_CONTEXT(2) 
PARAMETRIC_REPRESENTATION_CONTEXT() REPRESENTATION_CONTEXT('2D SPACE',''
  ) );
#1860 = ORIENTED_EDGE('',*,*,#1861,.F.);
#1861 = EDGE_CURVE('',#1488,#1786,#1862,.T.);
#1862 = SURFACE_CURVE('',#1863,(#1867,#1873),.PCURVE_S1.);
#1863 = LINE('',#1864,#1865);
#1864 = CARTESIAN_POINT('',(-10.16066958282,14.586413598563,
    12.84827996345));
#1865 = VECTOR('',#1866,1.);
#1866 = DIRECTION('',(1.,-3.851859888774E-33,2.99137313703E-33));
#1867 = PCURVE('',#393,#1868);
#1868 = DEFINITIONAL_REPRESENTATION('',(#1869),#1872);
#1869 = B_SPLINE_CURVE_WITH_KNOTS('',1,(#1870,#1871),.UNSPECIFIED.,.F.,
  .F.,(2,2),(8.689692625452E-46,4.033081821856),
  .PIECEWISE_BEZIER_KNOTS.);
#1870 = CARTESIAN_POINT('',(0.500820705123,-2.148075554237E-17));
#1871 = CARTESIAN_POINT('',(0.500820705123,0.411538961414));
#1872 = ( GEOMETRIC_REPRESENTATION_CONTEXT(2) 
PARAMETRIC_REPRESENTATION_CONTEXT() REPRESENTATION_CONTEXT('2D SPACE',''
  ) );
#1873 = PCURVE('',#468,#1874);
#1874 = DEFINITIONAL_REPRESENTATION('',(#1875),#1879);
#1875 = LINE('',#1876,#1877);
#1876 = CARTESIAN_POINT('',(-1.581356895681E-32,5.28639131006));
#1877 = VECTOR('',#1878,1.);
#1878 = DIRECTION('',(-1.,5.98274627406E-33));
#1879 = ( GEOMETRIC_REPRESENTATION_CONTEXT(2) 
PARAMETRIC_REPRESENTATION_CONTEXT() REPRESENTATION_CONTEXT('2D SPACE',''
  ) );
#1880 = ORIENTED_EDGE('',*,*,#1487,.T.);
#1881 = ORIENTED_EDGE('',*,*,#1882,.T.);
#1882 = EDGE_CURVE('',#1465,#1018,#1883,.T.);
#1883 = SURFACE_CURVE('',#1884,(#1888,#1894),.PCURVE_S1.);
#1884 = LINE('',#1885,#1886);
#1885 = CARTESIAN_POINT('',(-10.16066958282,7.236413572677,
    20.324120427029));
#1886 = VECTOR('',#1887,1.);
#1887 = DIRECTION('',(1.,-3.851859888774E-33,2.99137313703E-33));
#1888 = PCURVE('',#393,#1889);
#1889 = DEFINITIONAL_REPRESENTATION('',(#1890),#1893);
#1890 = B_SPLINE_CURVE_WITH_KNOTS('',1,(#1891,#1892),.UNSPECIFIED.,.F.,
  .F.,(2,2),(0.,9.8),.PIECEWISE_BEZIER_KNOTS.);
#1891 = CARTESIAN_POINT('',(0.502013311782,-2.148075554237E-17));
#1892 = CARTESIAN_POINT('',(0.502013311782,1.));
#1893 = ( GEOMETRIC_REPRESENTATION_CONTEXT(2) 
PARAMETRIC_REPRESENTATION_CONTEXT() REPRESENTATION_CONTEXT('2D SPACE',''
  ) );
#1894 = PCURVE('',#1056,#1895);
#1895 = DEFINITIONAL_REPRESENTATION('',(#1896),#1900);
#1896 = LINE('',#1897,#1898);
#1897 = CARTESIAN_POINT('',(-1.576161634935E-40,3.273635055747E-08));
#1898 = VECTOR('',#1899,1.);
#1899 = DIRECTION('',(-1.,4.375503633378E-33));
#1900 = ( GEOMETRIC_REPRESENTATION_CONTEXT(2) 
PARAMETRIC_REPRESENTATION_CONTEXT() REPRESENTATION_CONTEXT('2D SPACE',''
  ) );
#1901 = ORIENTED_EDGE('',*,*,#1017,.F.);
#1902 = ORIENTED_EDGE('',*,*,#1903,.F.);
#1903 = EDGE_CURVE('',#323,#995,#1904,.T.);
#1904 = SURFACE_CURVE('',#1905,(#1909,#1915),.PCURVE_S1.);
#1905 = LINE('',#1906,#1907);
#1906 = CARTESIAN_POINT('',(-10.16066958282,14.586413598563,
    12.84827996345));
#1907 = VECTOR('',#1908,1.);
#1908 = DIRECTION('',(1.,-3.851859888774E-33,2.99137313703E-33));
#1909 = PCURVE('',#393,#1910);
#1910 = DEFINITIONAL_REPRESENTATION('',(#1911),#1914);
#1911 = B_SPLINE_CURVE_WITH_KNOTS('',1,(#1912,#1913),.UNSPECIFIED.,.F.,
  .F.,(2,2),(5.766918178144,9.8),.PIECEWISE_BEZIER_KNOTS.);
#1912 = CARTESIAN_POINT('',(0.500820705123,0.588461038586));
#1913 = CARTESIAN_POINT('',(0.500820705123,1.));
#1914 = ( GEOMETRIC_REPRESENTATION_CONTEXT(2) 
PARAMETRIC_REPRESENTATION_CONTEXT() REPRESENTATION_CONTEXT('2D SPACE',''
  ) );
#1915 = PCURVE('',#468,#1916);
#1916 = DEFINITIONAL_REPRESENTATION('',(#1917),#1921);
#1917 = LINE('',#1918,#1919);
#1918 = CARTESIAN_POINT('',(-1.581356895681E-32,5.28639131006));
#1919 = VECTOR('',#1920,1.);
#1920 = DIRECTION('',(-1.,5.98274627406E-33));
#1921 = ( GEOMETRIC_REPRESENTATION_CONTEXT(2) 
PARAMETRIC_REPRESENTATION_CONTEXT() REPRESENTATION_CONTEXT('2D SPACE',''
  ) );
#1922 = ORIENTED_EDGE('',*,*,#322,.F.);
#1923 = ADVANCED_FACE('',(#1924),#1056,.T.);
#1924 = FACE_BOUND('',#1925,.T.);
#1925 = EDGE_LOOP('',(#1926,#1927,#1928,#1929));
#1926 = ORIENTED_EDGE('',*,*,#1040,.F.);
#1927 = ORIENTED_EDGE('',*,*,#1882,.F.);
#1928 = ORIENTED_EDGE('',*,*,#1464,.T.);
#1929 = ORIENTED_EDGE('',*,*,#1930,.T.);
#1930 = EDGE_CURVE('',#1442,#1041,#1931,.T.);
#1931 = SURFACE_CURVE('',#1932,(#1936,#1943),.PCURVE_S1.);
#1932 = LINE('',#1933,#1934);
#1933 = CARTESIAN_POINT('',(-10.16066958282,5.249442903977,
    22.454885607016));
#1934 = VECTOR('',#1935,1.);
#1935 = DIRECTION('',(1.,-3.851859888774E-33,2.99137313703E-33));
#1936 = PCURVE('',#1056,#1937);
#1937 = DEFINITIONAL_REPRESENTATION('',(#1938),#1942);
#1938 = LINE('',#1939,#1940);
#1939 = CARTESIAN_POINT('',(-1.402744650107E-32,2.913453771947));
#1940 = VECTOR('',#1941,1.);
#1941 = DIRECTION('',(-1.,4.375503633378E-33));
#1942 = ( GEOMETRIC_REPRESENTATION_CONTEXT(2) 
PARAMETRIC_REPRESENTATION_CONTEXT() REPRESENTATION_CONTEXT('2D SPACE',''
  ) );
#1943 = PCURVE('',#1084,#1944);
#1944 = DEFINITIONAL_REPRESENTATION('',(#1945),#1949);
#1945 = LINE('',#1946,#1947);
#1946 = CARTESIAN_POINT('',(-5.322433593851E-32,14.423842826373));
#1947 = VECTOR('',#1948,1.);
#1948 = DIRECTION('',(1.,3.131127472118E-34));
#1949 = ( GEOMETRIC_REPRESENTATION_CONTEXT(2) 
PARAMETRIC_REPRESENTATION_CONTEXT() REPRESENTATION_CONTEXT('2D SPACE',''
  ) );
#1950 = ADVANCED_FACE('',(#1951),#1084,.T.);
#1951 = FACE_BOUND('',#1952,.T.);
#1952 = EDGE_LOOP('',(#1953,#1954,#1955,#1956));
#1953 = ORIENTED_EDGE('',*,*,#1644,.F.);
#1954 = ORIENTED_EDGE('',*,*,#1068,.F.);
#1955 = ORIENTED_EDGE('',*,*,#1930,.F.);
#1956 = ORIENTED_EDGE('',*,*,#1441,.T.);
#1957 = ADVANCED_FACE('',(#1958),#1145,.F.);
#1958 = FACE_BOUND('',#1959,.F.);
#1959 = EDGE_LOOP('',(#1960,#1961,#1981,#1982));
#1960 = ORIENTED_EDGE('',*,*,#1124,.T.);
#1961 = ORIENTED_EDGE('',*,*,#1962,.F.);
#1962 = EDGE_CURVE('',#1368,#1125,#1963,.T.);
#1963 = SURFACE_CURVE('',#1964,(#1968,#1975),.PCURVE_S1.);
#1964 = LINE('',#1965,#1966);
#1965 = CARTESIAN_POINT('',(-10.16066958282,-4.713903515092,
    17.387649330562));
#1966 = VECTOR('',#1967,1.);
#1967 = DIRECTION('',(1.,-3.851859888774E-33,2.99137313703E-33));
#1968 = PCURVE('',#1145,#1969);
#1969 = DEFINITIONAL_REPRESENTATION('',(#1970),#1974);
#1970 = LINE('',#1971,#1972);
#1971 = CARTESIAN_POINT('',(0.75583486053,0.));
#1972 = VECTOR('',#1973,1.);
#1973 = DIRECTION('',(0.,1.));
#1974 = ( GEOMETRIC_REPRESENTATION_CONTEXT(2) 
PARAMETRIC_REPRESENTATION_CONTEXT() REPRESENTATION_CONTEXT('2D SPACE',''
  ) );
#1975 = PCURVE('',#1171,#1976);
#1976 = DEFINITIONAL_REPRESENTATION('',(#1977),#1980);
#1977 = B_SPLINE_CURVE_WITH_KNOTS('',1,(#1978,#1979),.UNSPECIFIED.,.F.,
  .F.,(2,2),(0.,9.8),.PIECEWISE_BEZIER_KNOTS.);
#1978 = CARTESIAN_POINT('',(0.497667241109,-2.148075554237E-17));
#1979 = CARTESIAN_POINT('',(0.497667241109,1.));
#1980 = ( GEOMETRIC_REPRESENTATION_CONTEXT(2) 
PARAMETRIC_REPRESENTATION_CONTEXT() REPRESENTATION_CONTEXT('2D SPACE',''
  ) );
#1981 = ORIENTED_EDGE('',*,*,#1390,.F.);
#1982 = ORIENTED_EDGE('',*,*,#1622,.T.);
#1983 = ADVANCED_FACE('',(#1984),#1171,.T.);
#1984 = FACE_BOUND('',#1985,.T.);
#1985 = EDGE_LOOP('',(#1986,#1987,#1988,#1989,#2010,#2031));
#1986 = ORIENTED_EDGE('',*,*,#1157,.F.);
#1987 = ORIENTED_EDGE('',*,*,#1962,.F.);
#1988 = ORIENTED_EDGE('',*,*,#1367,.T.);
#1989 = ORIENTED_EDGE('',*,*,#1990,.T.);
#1990 = EDGE_CURVE('',#1346,#1991,#1993,.T.);
#1991 = VERTEX_POINT('',#1992);
#1992 = CARTESIAN_POINT('',(-7.710669582827,11.384683773519,
    4.787649330931));
#1993 = SURFACE_CURVE('',#1994,(#1998,#2004),.PCURVE_S1.);
#1994 = LINE('',#1995,#1996);
#1995 = CARTESIAN_POINT('',(-10.16066958282,11.384683773519,
    4.787649330931));
#1996 = VECTOR('',#1997,1.);
#1997 = DIRECTION('',(1.,-3.851859888774E-33,2.99137313703E-33));
#1998 = PCURVE('',#1171,#1999);
#1999 = DEFINITIONAL_REPRESENTATION('',(#2000),#2003);
#2000 = B_SPLINE_CURVE_WITH_KNOTS('',1,(#2001,#2002),.UNSPECIFIED.,.F.,
  .F.,(2,2),(0.,2.45),.PIECEWISE_BEZIER_KNOTS.);
#2001 = CARTESIAN_POINT('',(0.499554279588,-2.148075554237E-17));
#2002 = CARTESIAN_POINT('',(0.499554279588,0.25));
#2003 = ( GEOMETRIC_REPRESENTATION_CONTEXT(2) 
PARAMETRIC_REPRESENTATION_CONTEXT() REPRESENTATION_CONTEXT('2D SPACE',''
  ) );
#2004 = PCURVE('',#582,#2005);
#2005 = DEFINITIONAL_REPRESENTATION('',(#2006),#2009);
#2006 = B_SPLINE_CURVE_WITH_KNOTS('',1,(#2007,#2008),.UNSPECIFIED.,.F.,
  .F.,(2,2),(0.,2.45),.PIECEWISE_BEZIER_KNOTS.);
#2007 = CARTESIAN_POINT('',(0.498812074629,-2.148075554237E-17));
#2008 = CARTESIAN_POINT('',(0.498812074629,0.25));
#2009 = ( GEOMETRIC_REPRESENTATION_CONTEXT(2) 
PARAMETRIC_REPRESENTATION_CONTEXT() REPRESENTATION_CONTEXT('2D SPACE',''
  ) );
#2010 = ORIENTED_EDGE('',*,*,#2011,.T.);
#2011 = EDGE_CURVE('',#1991,#2012,#2014,.T.);
#2012 = VERTEX_POINT('',#2013);
#2013 = CARTESIAN_POINT('',(-2.810669582827,11.384683773519,
    4.787649330931));
#2014 = SURFACE_CURVE('',#2015,(#2019,#2025),.PCURVE_S1.);
#2015 = LINE('',#2016,#2017);
#2016 = CARTESIAN_POINT('',(-10.16066958282,11.384683773519,
    4.787649330931));
#2017 = VECTOR('',#2018,1.);
#2018 = DIRECTION('',(1.,-3.851859888774E-33,2.99137313703E-33));
#2019 = PCURVE('',#1171,#2020);
#2020 = DEFINITIONAL_REPRESENTATION('',(#2021),#2024);
#2021 = B_SPLINE_CURVE_WITH_KNOTS('',1,(#2022,#2023),.UNSPECIFIED.,.F.,
  .F.,(2,2),(2.45,7.35),.PIECEWISE_BEZIER_KNOTS.);
#2022 = CARTESIAN_POINT('',(0.499554279588,0.25));
#2023 = CARTESIAN_POINT('',(0.499554279588,0.75));
#2024 = ( GEOMETRIC_REPRESENTATION_CONTEXT(2) 
PARAMETRIC_REPRESENTATION_CONTEXT() REPRESENTATION_CONTEXT('2D SPACE',''
  ) );
#2025 = PCURVE('',#665,#2026);
#2026 = DEFINITIONAL_REPRESENTATION('',(#2027),#2030);
#2027 = B_SPLINE_CURVE_WITH_KNOTS('',1,(#2028,#2029),.UNSPECIFIED.,.F.,
  .F.,(2,2),(2.45,7.35),.PIECEWISE_BEZIER_KNOTS.);
#2028 = CARTESIAN_POINT('',(0.499412845464,-1.100465205073E-16));
#2029 = CARTESIAN_POINT('',(0.499412845464,1.));
#2030 = ( GEOMETRIC_REPRESENTATION_CONTEXT(2) 
PARAMETRIC_REPRESENTATION_CONTEXT() REPRESENTATION_CONTEXT('2D SPACE',''
  ) );
#2031 = ORIENTED_EDGE('',*,*,#2032,.T.);
#2032 = EDGE_CURVE('',#2012,#726,#2033,.T.);
#2033 = SURFACE_CURVE('',#2034,(#2038,#2044),.PCURVE_S1.);
#2034 = LINE('',#2035,#2036);
#2035 = CARTESIAN_POINT('',(-10.16066958282,11.384683773519,
    4.787649330931));
#2036 = VECTOR('',#2037,1.);
#2037 = DIRECTION('',(1.,-3.851859888774E-33,2.99137313703E-33));
#2038 = PCURVE('',#1171,#2039);
#2039 = DEFINITIONAL_REPRESENTATION('',(#2040),#2043);
#2040 = B_SPLINE_CURVE_WITH_KNOTS('',1,(#2041,#2042),.UNSPECIFIED.,.F.,
  .F.,(2,2),(7.35,9.8),.PIECEWISE_BEZIER_KNOTS.);
#2041 = CARTESIAN_POINT('',(0.499554279588,0.75));
#2042 = CARTESIAN_POINT('',(0.499554279588,1.));
#2043 = ( GEOMETRIC_REPRESENTATION_CONTEXT(2) 
PARAMETRIC_REPRESENTATION_CONTEXT() REPRESENTATION_CONTEXT('2D SPACE',''
  ) );
#2044 = PCURVE('',#582,#2045);
#2045 = DEFINITIONAL_REPRESENTATION('',(#2046),#2049);
#2046 = B_SPLINE_CURVE_WITH_KNOTS('',1,(#2047,#2048),.UNSPECIFIED.,.F.,
  .F.,(2,2),(7.35,9.8),.PIECEWISE_BEZIER_KNOTS.);
#2047 = CARTESIAN_POINT('',(0.498812074629,0.75));
#2048 = CARTESIAN_POINT('',(0.498812074629,1.));
#2049 = ( GEOMETRIC_REPRESENTATION_CONTEXT(2) 
PARAMETRIC_REPRESENTATION_CONTEXT() REPRESENTATION_CONTEXT('2D SPACE',''
  ) );
#2050 = ADVANCED_FACE('',(#2051,#2154),#468,.T.);
#2051 = FACE_BOUND('',#2052,.T.);
#2052 = EDGE_LOOP('',(#2053,#2054,#2080,#2100,#2126,#2127,#2153));
#2053 = ORIENTED_EDGE('',*,*,#1903,.T.);
#2054 = ORIENTED_EDGE('',*,*,#2055,.F.);
#2055 = EDGE_CURVE('',#728,#995,#2056,.T.);
#2056 = SURFACE_CURVE('',#2057,(#2062,#2073),.PCURVE_S1.);
#2057 = CIRCLE('',#2058,3.04833541193);
#2058 = AXIS2_PLACEMENT_3D('',#2059,#2060,#2061);
#2059 = CARTESIAN_POINT('',(-1.409004994758,14.586413598562,
    9.985878585634));
#2060 = DIRECTION('',(1.135572110156E-48,-1.,-3.796156675003E-16));
#2061 = DIRECTION('',(-2.99137313703E-33,3.796156675003E-16,-1.));
#2062 = PCURVE('',#468,#2063);
#2063 = DEFINITIONAL_REPRESENTATION('',(#2064),#2072);
#2064 = ( BOUNDED_CURVE() B_SPLINE_CURVE(2,(#2065,#2066,#2067,#2068,
#2069,#2070,#2071),.UNSPECIFIED.,.T.,.F.) B_SPLINE_CURVE_WITH_KNOTS((1,2
    ,2,2,2,1),(-2.094395102393,0.,2.094395102393,4.188790204786,
6.28318530718,8.377580409573),.UNSPECIFIED.) CURVE() 
GEOMETRIC_REPRESENTATION_ITEM() RATIONAL_B_SPLINE_CURVE((1.,0.5,1.,0.5,
1.,0.5,1.)) REPRESENTATION_ITEM('') );
#2065 = CARTESIAN_POINT('',(-8.75166458807,-0.624345479686));
#2066 = CARTESIAN_POINT('',(-14.03153640004,-0.624345479686));
#2067 = CARTESIAN_POINT('',(-11.39160049405,3.948157638209));
#2068 = CARTESIAN_POINT('',(-8.75166458807,8.520660756105));
#2069 = CARTESIAN_POINT('',(-6.111728682082,3.948157638209));
#2070 = CARTESIAN_POINT('',(-3.471792776095,-0.624345479686));
#2071 = CARTESIAN_POINT('',(-8.75166458807,-0.624345479686));
#2072 = ( GEOMETRIC_REPRESENTATION_CONTEXT(2) 
PARAMETRIC_REPRESENTATION_CONTEXT() REPRESENTATION_CONTEXT('2D SPACE',''
  ) );
#2073 = PCURVE('',#771,#2074);
#2074 = DEFINITIONAL_REPRESENTATION('',(#2075),#2079);
#2075 = LINE('',#2076,#2077);
#2076 = CARTESIAN_POINT('',(3.14159265359,3.));
#2077 = VECTOR('',#2078,1.);
#2078 = DIRECTION('',(-1.,-7.281793858348E-16));
#2079 = ( GEOMETRIC_REPRESENTATION_CONTEXT(2) 
PARAMETRIC_REPRESENTATION_CONTEXT() REPRESENTATION_CONTEXT('2D SPACE',''
  ) );
#2080 = ORIENTED_EDGE('',*,*,#2081,.F.);
#2081 = EDGE_CURVE('',#1318,#728,#2082,.T.);
#2082 = SURFACE_CURVE('',#2083,(#2087,#2094),.PCURVE_S1.);
#2083 = LINE('',#2084,#2085);
#2084 = CARTESIAN_POINT('',(-10.16066958282,14.586413598471,
    7.123477207818));
#2085 = VECTOR('',#2086,1.);
#2086 = DIRECTION('',(1.,-3.851859888774E-33,2.99137313703E-33));
#2087 = PCURVE('',#468,#2088);
#2088 = DEFINITIONAL_REPRESENTATION('',(#2089),#2093);
#2089 = LINE('',#2090,#2091);
#2090 = CARTESIAN_POINT('',(1.311452221254E-33,-0.438411445571));
#2091 = VECTOR('',#2092,1.);
#2092 = DIRECTION('',(-1.,5.98274627406E-33));
#2093 = ( GEOMETRIC_REPRESENTATION_CONTEXT(2) 
PARAMETRIC_REPRESENTATION_CONTEXT() REPRESENTATION_CONTEXT('2D SPACE',''
  ) );
#2094 = PCURVE('',#582,#2095);
#2095 = DEFINITIONAL_REPRESENTATION('',(#2096),#2099);
#2096 = B_SPLINE_CURVE_WITH_KNOTS('',1,(#2097,#2098),.UNSPECIFIED.,.F.,
  .F.,(2,2),(-3.514330650618E-43,9.8),.PIECEWISE_BEZIER_KNOTS.);
#2097 = CARTESIAN_POINT('',(0.499412845464,-2.148075554237E-17));
#2098 = CARTESIAN_POINT('',(0.499412845464,1.));
#2099 = ( GEOMETRIC_REPRESENTATION_CONTEXT(2) 
PARAMETRIC_REPRESENTATION_CONTEXT() REPRESENTATION_CONTEXT('2D SPACE',''
  ) );
#2100 = ORIENTED_EDGE('',*,*,#2101,.F.);
#2101 = EDGE_CURVE('',#1488,#1318,#2102,.T.);
#2102 = SURFACE_CURVE('',#2103,(#2108,#2119),.PCURVE_S1.);
#2103 = CIRCLE('',#2104,3.04833541193);
#2104 = AXIS2_PLACEMENT_3D('',#2105,#2106,#2107);
#2105 = CARTESIAN_POINT('',(-9.112334170897,14.586413598562,
    9.985878585634));
#2106 = DIRECTION('',(1.135572110156E-48,-1.,-3.796156675003E-16));
#2107 = DIRECTION('',(2.99137313703E-33,-3.796156675003E-16,1.));
#2108 = PCURVE('',#468,#2109);
#2109 = DEFINITIONAL_REPRESENTATION('',(#2110),#2118);
#2110 = ( BOUNDED_CURVE() B_SPLINE_CURVE(2,(#2111,#2112,#2113,#2114,
#2115,#2116,#2117),.UNSPECIFIED.,.T.,.F.) B_SPLINE_CURVE_WITH_KNOTS((1,2
    ,2,2,2,1),(-2.094395102393,0.,2.094395102393,4.188790204786,
6.28318530718,8.377580409573),.UNSPECIFIED.) CURVE() 
GEOMETRIC_REPRESENTATION_ITEM() RATIONAL_B_SPLINE_CURVE((1.,0.5,1.,0.5,
1.,0.5,1.)) REPRESENTATION_ITEM('') );
#2111 = CARTESIAN_POINT('',(-1.04833541193,5.472325344175));
#2112 = CARTESIAN_POINT('',(4.231536400044,5.472325344175));
#2113 = CARTESIAN_POINT('',(1.591600494057,0.899822226279));
#2114 = CARTESIAN_POINT('',(-1.04833541193,-3.672680891616));
#2115 = CARTESIAN_POINT('',(-3.688271317918,0.899822226279));
#2116 = CARTESIAN_POINT('',(-6.328207223905,5.472325344175));
#2117 = CARTESIAN_POINT('',(-1.04833541193,5.472325344175));
#2118 = ( GEOMETRIC_REPRESENTATION_CONTEXT(2) 
PARAMETRIC_REPRESENTATION_CONTEXT() REPRESENTATION_CONTEXT('2D SPACE',''
  ) );
#2119 = PCURVE('',#1333,#2120);
#2120 = DEFINITIONAL_REPRESENTATION('',(#2121),#2125);
#2121 = LINE('',#2122,#2123);
#2122 = CARTESIAN_POINT('',(6.28318530718,3.));
#2123 = VECTOR('',#2124,1.);
#2124 = DIRECTION('',(-1.,7.281793858348E-16));
#2125 = ( GEOMETRIC_REPRESENTATION_CONTEXT(2) 
PARAMETRIC_REPRESENTATION_CONTEXT() REPRESENTATION_CONTEXT('2D SPACE',''
  ) );
#2126 = ORIENTED_EDGE('',*,*,#1861,.T.);
#2127 = ORIENTED_EDGE('',*,*,#2128,.T.);
#2128 = EDGE_CURVE('',#1786,#452,#2129,.T.);
#2129 = SURFACE_CURVE('',#2130,(#2135,#2146),.PCURVE_S1.);
#2130 = CIRCLE('',#2131,1.);
#2131 = AXIS2_PLACEMENT_3D('',#2132,#2133,#2134);
#2132 = CARTESIAN_POINT('',(-5.260669582827,14.586413598562,
    13.346730434815));
#2133 = DIRECTION('',(1.135572110156E-48,-1.,-3.796156675003E-16));
#2134 = DIRECTION('',(-2.99137313703E-33,3.796156675003E-16,-1.));
#2135 = PCURVE('',#468,#2136);
#2136 = DEFINITIONAL_REPRESENTATION('',(#2137),#2145);
#2137 = ( BOUNDED_CURVE() B_SPLINE_CURVE(2,(#2138,#2139,#2140,#2141,
#2142,#2143,#2144),.UNSPECIFIED.,.T.,.F.) B_SPLINE_CURVE_WITH_KNOTS((1,2
    ,2,2,2,1),(-2.094395102393,0.,2.094395102393,4.188790204786,
6.28318530718,8.377580409573),.UNSPECIFIED.) CURVE() 
GEOMETRIC_REPRESENTATION_ITEM() RATIONAL_B_SPLINE_CURVE((1.,0.5,1.,0.5,
1.,0.5,1.)) REPRESENTATION_ITEM('') );
#2138 = CARTESIAN_POINT('',(-4.9,4.784841781425));
#2139 = CARTESIAN_POINT('',(-6.632050807569,4.784841781425));
#2140 = CARTESIAN_POINT('',(-5.766025403784,6.284841781425));
#2141 = CARTESIAN_POINT('',(-4.9,7.784841781425));
#2142 = CARTESIAN_POINT('',(-4.033974596216,6.284841781425));
#2143 = CARTESIAN_POINT('',(-3.167949192431,4.784841781425));
#2144 = CARTESIAN_POINT('',(-4.9,4.784841781425));
#2145 = ( GEOMETRIC_REPRESENTATION_CONTEXT(2) 
PARAMETRIC_REPRESENTATION_CONTEXT() REPRESENTATION_CONTEXT('2D SPACE',''
  ) );
#2146 = PCURVE('',#310,#2147);
#2147 = DEFINITIONAL_REPRESENTATION('',(#2148),#2152);
#2148 = LINE('',#2149,#2150);
#2149 = CARTESIAN_POINT('',(-1.7763568394E-15,1.2));
#2150 = VECTOR('',#2151,1.);
#2151 = DIRECTION('',(1.,0.));
#2152 = ( GEOMETRIC_REPRESENTATION_CONTEXT(2) 
PARAMETRIC_REPRESENTATION_CONTEXT() REPRESENTATION_CONTEXT('2D SPACE',''
  ) );
#2153 = ORIENTED_EDGE('',*,*,#451,.T.);
#2154 = FACE_BOUND('',#2155,.T.);
#2155 = EDGE_LOOP('',(#2156,#2186,#2207,#2208));
#2156 = ORIENTED_EDGE('',*,*,#2157,.T.);
#2157 = EDGE_CURVE('',#2158,#2160,#2162,.T.);
#2158 = VERTEX_POINT('',#2159);
#2159 = CARTESIAN_POINT('',(-10.16066958282,14.586413598562,
    7.56188865339));
#2160 = VERTEX_POINT('',#2161);
#2161 = CARTESIAN_POINT('',(-0.360669582827,14.586413598562,
    7.56188865339));
#2162 = SURFACE_CURVE('',#2163,(#2167,#2174),.PCURVE_S1.);
#2163 = LINE('',#2164,#2165);
#2164 = CARTESIAN_POINT('',(-10.16066958282,14.586413598562,
    7.56188865339));
#2165 = VECTOR('',#2166,1.);
#2166 = DIRECTION('',(1.,-3.851859888774E-33,2.99137313703E-33));
#2167 = PCURVE('',#468,#2168);
#2168 = DEFINITIONAL_REPRESENTATION('',(#2169),#2173);
#2169 = LINE('',#2170,#2171);
#2170 = CARTESIAN_POINT('',(0.,0.));
#2171 = VECTOR('',#2172,1.);
#2172 = DIRECTION('',(-1.,5.98274627406E-33));
#2173 = ( GEOMETRIC_REPRESENTATION_CONTEXT(2) 
PARAMETRIC_REPRESENTATION_CONTEXT() REPRESENTATION_CONTEXT('2D SPACE',''
  ) );
#2174 = PCURVE('',#2175,#2180);
#2175 = PLANE('',#2176);
#2176 = AXIS2_PLACEMENT_3D('',#2177,#2178,#2179);
#2177 = CARTESIAN_POINT('',(-10.16066958282,12.836413598562,7.623));
#2178 = DIRECTION('',(3.123978844826E-33,3.489949670249E-02,
    0.999390827019));
#2179 = DIRECTION('',(-1.,3.851859888774E-33,-2.99137313703E-33));
#2180 = DEFINITIONAL_REPRESENTATION('',(#2181),#2185);
#2181 = LINE('',#2182,#2183);
#2182 = CARTESIAN_POINT('',(6.923561645974E-33,-1.751066702523));
#2183 = VECTOR('',#2184,1.);
#2184 = DIRECTION('',(-1.,2.087948338634E-34));
#2185 = ( GEOMETRIC_REPRESENTATION_CONTEXT(2) 
PARAMETRIC_REPRESENTATION_CONTEXT() REPRESENTATION_CONTEXT('2D SPACE',''
  ) );
#2186 = ORIENTED_EDGE('',*,*,#2187,.F.);
#2187 = EDGE_CURVE('',#1672,#2160,#2188,.T.);
#2188 = SURFACE_CURVE('',#2189,(#2193,#2200),.PCURVE_S1.);
#2189 = LINE('',#2190,#2191);
#2190 = CARTESIAN_POINT('',(-0.360669582827,14.586413598562,
    7.123477207818));
#2191 = VECTOR('',#2192,1.);
#2192 = DIRECTION('',(-2.99137313703E-33,3.030189073799E-16,-1.));
#2193 = PCURVE('',#468,#2194);
#2194 = DEFINITIONAL_REPRESENTATION('',(#2195),#2199);
#2195 = LINE('',#2196,#2197);
#2196 = CARTESIAN_POINT('',(-9.8,-0.438411445571));
#2197 = VECTOR('',#2198,1.);
#2198 = DIRECTION('',(5.98274627406E-33,-1.));
#2199 = ( GEOMETRIC_REPRESENTATION_CONTEXT(2) 
PARAMETRIC_REPRESENTATION_CONTEXT() REPRESENTATION_CONTEXT('2D SPACE',''
  ) );
#2200 = PCURVE('',#1692,#2201);
#2201 = DEFINITIONAL_REPRESENTATION('',(#2202),#2206);
#2202 = LINE('',#2203,#2204);
#2203 = CARTESIAN_POINT('',(-8.881784197001E-16,3.));
#2204 = VECTOR('',#2205,1.);
#2205 = DIRECTION('',(1.,3.030189073799E-16));
#2206 = ( GEOMETRIC_REPRESENTATION_CONTEXT(2) 
PARAMETRIC_REPRESENTATION_CONTEXT() REPRESENTATION_CONTEXT('2D SPACE',''
  ) );
#2207 = ORIENTED_EDGE('',*,*,#1761,.F.);
#2208 = ORIENTED_EDGE('',*,*,#2209,.F.);
#2209 = EDGE_CURVE('',#2158,#1734,#2210,.T.);
#2210 = SURFACE_CURVE('',#2211,(#2215,#2222),.PCURVE_S1.);
#2211 = LINE('',#2212,#2213);
#2212 = CARTESIAN_POINT('',(-10.16066958282,14.586413598562,
    7.123477207818));
#2213 = VECTOR('',#2214,1.);
#2214 = DIRECTION('',(2.99137313703E-33,-3.030189073799E-16,1.));
#2215 = PCURVE('',#468,#2216);
#2216 = DEFINITIONAL_REPRESENTATION('',(#2217),#2221);
#2217 = LINE('',#2218,#2219);
#2218 = CARTESIAN_POINT('',(1.311452221254E-33,-0.438411445571));
#2219 = VECTOR('',#2220,1.);
#2220 = DIRECTION('',(-5.98274627406E-33,1.));
#2221 = ( GEOMETRIC_REPRESENTATION_CONTEXT(2) 
PARAMETRIC_REPRESENTATION_CONTEXT() REPRESENTATION_CONTEXT('2D SPACE',''
  ) );
#2222 = PCURVE('',#1749,#2223);
#2223 = DEFINITIONAL_REPRESENTATION('',(#2224),#2228);
#2224 = LINE('',#2225,#2226);
#2225 = CARTESIAN_POINT('',(8.881784197001E-16,3.));
#2226 = VECTOR('',#2227,1.);
#2227 = DIRECTION('',(1.,-3.030189073799E-16));
#2228 = ( GEOMETRIC_REPRESENTATION_CONTEXT(2) 
PARAMETRIC_REPRESENTATION_CONTEXT() REPRESENTATION_CONTEXT('2D SPACE',''
  ) );
#2229 = ADVANCED_FACE('',(#2230),#2175,.T.);
#2230 = FACE_BOUND('',#2231,.T.);
#2231 = EDGE_LOOP('',(#2232,#2255,#2256,#2279));
#2232 = ORIENTED_EDGE('',*,*,#2233,.F.);
#2233 = EDGE_CURVE('',#2160,#2234,#2236,.T.);
#2234 = VERTEX_POINT('',#2235);
#2235 = CARTESIAN_POINT('',(-0.360669582827,12.836413598562,7.623));
#2236 = SURFACE_CURVE('',#2237,(#2241,#2248),.PCURVE_S1.);
#2237 = LINE('',#2238,#2239);
#2238 = CARTESIAN_POINT('',(-0.360669582827,12.836413598562,7.623));
#2239 = VECTOR('',#2240,1.);
#2240 = DIRECTION('',(6.263618920618E-33,-0.999390827019,
    3.489949670249E-02));
#2241 = PCURVE('',#2175,#2242);
#2242 = DEFINITIONAL_REPRESENTATION('',(#2243),#2247);
#2243 = LINE('',#2244,#2245);
#2244 = CARTESIAN_POINT('',(-9.8,-3.670213702415E-32));
#2245 = VECTOR('',#2246,1.);
#2246 = DIRECTION('',(-1.021752977735E-32,1.));
#2247 = ( GEOMETRIC_REPRESENTATION_CONTEXT(2) 
PARAMETRIC_REPRESENTATION_CONTEXT() REPRESENTATION_CONTEXT('2D SPACE',''
  ) );
#2248 = PCURVE('',#1692,#2249);
#2249 = DEFINITIONAL_REPRESENTATION('',(#2250),#2254);
#2250 = LINE('',#2251,#2252);
#2251 = CARTESIAN_POINT('',(-0.499522792182,1.25));
#2252 = VECTOR('',#2253,1.);
#2253 = DIRECTION('',(-3.489949670249E-02,-0.999390827019));
#2254 = ( GEOMETRIC_REPRESENTATION_CONTEXT(2) 
PARAMETRIC_REPRESENTATION_CONTEXT() REPRESENTATION_CONTEXT('2D SPACE',''
  ) );
#2255 = ORIENTED_EDGE('',*,*,#2157,.F.);
#2256 = ORIENTED_EDGE('',*,*,#2257,.T.);
#2257 = EDGE_CURVE('',#2158,#2258,#2260,.T.);
#2258 = VERTEX_POINT('',#2259);
#2259 = CARTESIAN_POINT('',(-10.16066958282,12.836413598562,7.623));
#2260 = SURFACE_CURVE('',#2261,(#2265,#2272),.PCURVE_S1.);
#2261 = LINE('',#2262,#2263);
#2262 = CARTESIAN_POINT('',(-10.16066958282,12.836413598562,7.623));
#2263 = VECTOR('',#2264,1.);
#2264 = DIRECTION('',(-3.745116022872E-33,-0.999390827019,
    3.489949670249E-02));
#2265 = PCURVE('',#2175,#2266);
#2266 = DEFINITIONAL_REPRESENTATION('',(#2267),#2271);
#2267 = LINE('',#2268,#2269);
#2268 = CARTESIAN_POINT('',(0.,0.));
#2269 = VECTOR('',#2270,1.);
#2270 = DIRECTION('',(-2.087948338634E-34,1.));
#2271 = ( GEOMETRIC_REPRESENTATION_CONTEXT(2) 
PARAMETRIC_REPRESENTATION_CONTEXT() REPRESENTATION_CONTEXT('2D SPACE',''
  ) );
#2272 = PCURVE('',#1749,#2273);
#2273 = DEFINITIONAL_REPRESENTATION('',(#2274),#2278);
#2274 = LINE('',#2275,#2276);
#2275 = CARTESIAN_POINT('',(0.499522792182,1.25));
#2276 = VECTOR('',#2277,1.);
#2277 = DIRECTION('',(3.489949670249E-02,-0.999390827019));
#2278 = ( GEOMETRIC_REPRESENTATION_CONTEXT(2) 
PARAMETRIC_REPRESENTATION_CONTEXT() REPRESENTATION_CONTEXT('2D SPACE',''
  ) );
#2279 = ORIENTED_EDGE('',*,*,#2280,.T.);
#2280 = EDGE_CURVE('',#2258,#2234,#2281,.T.);
#2281 = SURFACE_CURVE('',#2282,(#2286,#2293),.PCURVE_S1.);
#2282 = LINE('',#2283,#2284);
#2283 = CARTESIAN_POINT('',(-10.16066958282,12.836413598562,7.623));
#2284 = VECTOR('',#2285,1.);
#2285 = DIRECTION('',(1.,-3.851859888774E-33,2.99137313703E-33));
#2286 = PCURVE('',#2175,#2287);
#2287 = DEFINITIONAL_REPRESENTATION('',(#2288),#2292);
#2288 = LINE('',#2289,#2290);
#2289 = CARTESIAN_POINT('',(0.,0.));
#2290 = VECTOR('',#2291,1.);
#2291 = DIRECTION('',(-1.,2.087948338634E-34));
#2292 = ( GEOMETRIC_REPRESENTATION_CONTEXT(2) 
PARAMETRIC_REPRESENTATION_CONTEXT() REPRESENTATION_CONTEXT('2D SPACE',''
  ) );
#2293 = PCURVE('',#1720,#2294);
#2294 = DEFINITIONAL_REPRESENTATION('',(#2295),#2298);
#2295 = B_SPLINE_CURVE_WITH_KNOTS('',1,(#2296,#2297),.UNSPECIFIED.,.F.,
  .F.,(2,2),(0.,9.8),.PIECEWISE_BEZIER_KNOTS.);
#2296 = CARTESIAN_POINT('',(1.68502477417E-16,2.361353682372E-16));
#2297 = CARTESIAN_POINT('',(1.441524952438E-16,1.));
#2298 = ( GEOMETRIC_REPRESENTATION_CONTEXT(2) 
PARAMETRIC_REPRESENTATION_CONTEXT() REPRESENTATION_CONTEXT('2D SPACE',''
  ) );
#2299 = ADVANCED_FACE('',(#2300),#1720,.T.);
#2300 = FACE_BOUND('',#2301,.T.);
#2301 = EDGE_LOOP('',(#2302,#2323,#2324,#2345));
#2302 = ORIENTED_EDGE('',*,*,#2303,.F.);
#2303 = EDGE_CURVE('',#2234,#1670,#2304,.T.);
#2304 = SURFACE_CURVE('',#2305,(#2309,#2316),.PCURVE_S1.);
#2305 = ( BOUNDED_CURVE() B_SPLINE_CURVE(2,(#2306,#2307,#2308),
.UNSPECIFIED.,.F.,.F.) B_SPLINE_CURVE_WITH_KNOTS((3,3),(0.,1.),
.PIECEWISE_BEZIER_KNOTS.) CURVE() GEOMETRIC_REPRESENTATION_ITEM() 
RATIONAL_B_SPLINE_CURVE((1.,3.231801218514,1.)) REPRESENTATION_ITEM('') 
  );
#2306 = CARTESIAN_POINT('',(-0.360669582827,12.836413598562,7.623));
#2307 = CARTESIAN_POINT('',(-0.360669582827,13.323757928708,9.723));
#2308 = CARTESIAN_POINT('',(-0.360669582827,12.836413598562,11.823));
#2309 = PCURVE('',#1720,#2310);
#2310 = DEFINITIONAL_REPRESENTATION('',(#2311),#2315);
#2311 = LINE('',#2312,#2313);
#2312 = CARTESIAN_POINT('',(8.206200957067E-17,1.));
#2313 = VECTOR('',#2314,1.);
#2314 = DIRECTION('',(1.,0.));
#2315 = ( GEOMETRIC_REPRESENTATION_CONTEXT(2) 
PARAMETRIC_REPRESENTATION_CONTEXT() REPRESENTATION_CONTEXT('2D SPACE',''
  ) );
#2316 = PCURVE('',#1692,#2317);
#2317 = DEFINITIONAL_REPRESENTATION('',(#2318),#2322);
#2318 = ( BOUNDED_CURVE() B_SPLINE_CURVE(2,(#2319,#2320,#2321),
.UNSPECIFIED.,.F.,.F.) B_SPLINE_CURVE_WITH_KNOTS((3,3),(0.,1.),
.PIECEWISE_BEZIER_KNOTS.) CURVE() GEOMETRIC_REPRESENTATION_ITEM() 
RATIONAL_B_SPLINE_CURVE((1.,3.231801218514,1.)) REPRESENTATION_ITEM('') 
  );
#2319 = CARTESIAN_POINT('',(-0.499522792182,1.25));
#2320 = CARTESIAN_POINT('',(-2.599522792182,1.737344330146));
#2321 = CARTESIAN_POINT('',(-4.699522792182,1.25));
#2322 = ( GEOMETRIC_REPRESENTATION_CONTEXT(2) 
PARAMETRIC_REPRESENTATION_CONTEXT() REPRESENTATION_CONTEXT('2D SPACE',''
  ) );
#2323 = ORIENTED_EDGE('',*,*,#2280,.F.);
#2324 = ORIENTED_EDGE('',*,*,#2325,.T.);
#2325 = EDGE_CURVE('',#2258,#1705,#2326,.T.);
#2326 = SURFACE_CURVE('',#2327,(#2331,#2338),.PCURVE_S1.);
#2327 = ( BOUNDED_CURVE() B_SPLINE_CURVE(2,(#2328,#2329,#2330),
.UNSPECIFIED.,.F.,.F.) B_SPLINE_CURVE_WITH_KNOTS((3,3),(0.,1.),
.PIECEWISE_BEZIER_KNOTS.) CURVE() GEOMETRIC_REPRESENTATION_ITEM() 
RATIONAL_B_SPLINE_CURVE((1.,3.231801218514,1.)) REPRESENTATION_ITEM('') 
  );
#2328 = CARTESIAN_POINT('',(-10.16066958282,12.836413598562,7.623));
#2329 = CARTESIAN_POINT('',(-10.16066958282,13.323757928708,9.723));
#2330 = CARTESIAN_POINT('',(-10.16066958282,12.836413598562,11.823));
#2331 = PCURVE('',#1720,#2332);
#2332 = DEFINITIONAL_REPRESENTATION('',(#2333),#2337);
#2333 = LINE('',#2334,#2335);
#2334 = CARTESIAN_POINT('',(2.305929630901E-16,5.487446625758E-17));
#2335 = VECTOR('',#2336,1.);
#2336 = DIRECTION('',(1.,1.813420752414E-16));
#2337 = ( GEOMETRIC_REPRESENTATION_CONTEXT(2) 
PARAMETRIC_REPRESENTATION_CONTEXT() REPRESENTATION_CONTEXT('2D SPACE',''
  ) );
#2338 = PCURVE('',#1749,#2339);
#2339 = DEFINITIONAL_REPRESENTATION('',(#2340),#2344);
#2340 = ( BOUNDED_CURVE() B_SPLINE_CURVE(2,(#2341,#2342,#2343),
.UNSPECIFIED.,.F.,.F.) B_SPLINE_CURVE_WITH_KNOTS((3,3),(0.,1.),
.PIECEWISE_BEZIER_KNOTS.) CURVE() GEOMETRIC_REPRESENTATION_ITEM() 
RATIONAL_B_SPLINE_CURVE((1.,3.231801218514,1.)) REPRESENTATION_ITEM('') 
  );
#2341 = CARTESIAN_POINT('',(0.499522792182,1.25));
#2342 = CARTESIAN_POINT('',(2.599522792182,1.737344330146));
#2343 = CARTESIAN_POINT('',(4.699522792182,1.25));
#2344 = ( GEOMETRIC_REPRESENTATION_CONTEXT(2) 
PARAMETRIC_REPRESENTATION_CONTEXT() REPRESENTATION_CONTEXT('2D SPACE',''
  ) );
#2345 = ORIENTED_EDGE('',*,*,#1704,.T.);
#2346 = ADVANCED_FACE('',(#2347),#582,.T.);
#2347 = FACE_BOUND('',#2348,.T.);
#2348 = EDGE_LOOP('',(#2349,#2471,#2492,#2513,#2514,#2515,#2516,#2517,
    #2518,#2541,#2560));
#2349 = ORIENTED_EDGE('',*,*,#2350,.F.);
#2350 = EDGE_CURVE('',#2351,#510,#2353,.T.);
#2351 = VERTEX_POINT('',#2352);
#2352 = CARTESIAN_POINT('',(-6.243646249551,12.851141192201,5.663));
#2353 = SURFACE_CURVE('',#2354,(#2369,#2420),.PCURVE_S1.);
#2354 = B_SPLINE_CURVE_WITH_KNOTS('',3,(#2355,#2356,#2357,#2358,#2359,
    #2360,#2361,#2362,#2363,#2364,#2365,#2366,#2367,#2368),
  .UNSPECIFIED.,.F.,.F.,(4,2,2,2,2,2,4),(6.371375734423E-03,
    6.96360408144E-03,7.555832428458E-03,7.851946601967E-03,
    8.148060775475E-03,8.444174948984E-03,8.740289122493E-03),
  .UNSPECIFIED.);
#2355 = CARTESIAN_POINT('',(-6.243646249551,12.851141192201,5.663));
#2356 = CARTESIAN_POINT('',(-6.264005759006,13.012787052294,
    5.771925463334));
#2357 = CARTESIAN_POINT('',(-6.266966207274,13.175342438931,
    5.886636876766));
#2358 = CARTESIAN_POINT('',(-6.229351988164,13.491344772078,
    6.122193350782));
#2359 = CARTESIAN_POINT('',(-6.189285458995,13.644406543706,
    6.24282328344));
#2360 = CARTESIAN_POINT('',(-6.082212505499,13.857836892795,
    6.421074820839));
#2361 = CARTESIAN_POINT('',(-6.03912613445,13.925190656704,
    6.479097619096));
#2362 = CARTESIAN_POINT('',(-5.93358306336,14.050897047194,
    6.590417402724));
#2363 = CARTESIAN_POINT('',(-5.870861155225,14.10908113232,
    6.643620342498));
#2364 = CARTESIAN_POINT('',(-5.72613778751,14.207793191692,
    6.735947298365));
#2365 = CARTESIAN_POINT('',(-5.642401168865,14.249208249511,
    6.775877530698));
#2366 = CARTESIAN_POINT('',(-5.460528077293,14.3059013052,6.831154079267
    ));
#2367 = CARTESIAN_POINT('',(-5.361072607768,14.321521751503,
    6.846730434815));
#2368 = CARTESIAN_POINT('',(-5.260669582827,14.321521751503,
    6.846730434815));
#2369 = PCURVE('',#582,#2370);
#2370 = DEFINITIONAL_REPRESENTATION('',(#2371),#2419);
#2371 = B_SPLINE_CURVE_WITH_KNOTS('',3,(#2372,#2373,#2374,#2375,#2376,
    #2377,#2378,#2379,#2380,#2381,#2382,#2383,#2384,#2385,#2386,#2387,
    #2388,#2389,#2390,#2391,#2392,#2393,#2394,#2395,#2396,#2397,#2398,
    #2399,#2400,#2401,#2402,#2403,#2404,#2405,#2406,#2407,#2408,#2409,
    #2410,#2411,#2412,#2413,#2414,#2415,#2416,#2417,#2418),
  .UNSPECIFIED.,.F.,.F.,(4,1,1,1,1,1,1,1,1,1,1,1,1,1,1,1,1,1,1,1,1,1,1,1
    ,1,1,1,1,1,1,1,1,1,1,1,1,1,1,1,1,1,1,1,1,4),(6.371375734423E-03,
    6.42521467506E-03,6.479053615698E-03,6.532892556336E-03,
    6.586731496974E-03,6.640570437612E-03,6.69440937825E-03,
    6.748248318888E-03,6.802087259526E-03,6.855926200164E-03,
    6.909765140802E-03,6.96360408144E-03,7.017443022078E-03,
    7.071281962716E-03,7.125120903354E-03,7.178959843992E-03,
    7.23279878463E-03,7.286637725268E-03,7.340476665906E-03,
    7.394315606544E-03,7.448154547182E-03,7.50199348782E-03,
    7.555832428458E-03,7.609671369096E-03,7.663510309734E-03,
    7.717349250372E-03,7.77118819101E-03,7.825027131648E-03,
    7.878866072286E-03,7.932705012924E-03,7.986543953562E-03,
    8.0403828942E-03,8.094221834838E-03,8.148060775475E-03,
    8.201899716113E-03,8.255738656751E-03,8.309577597389E-03,
    8.363416538027E-03,8.417255478665E-03,8.471094419303E-03,
    8.524933359941E-03,8.578772300579E-03,8.632611241217E-03,
    8.686450181855E-03,8.740289122493E-03),.QUASI_UNIFORM_KNOTS.);
#2372 = CARTESIAN_POINT('',(0.499042570134,0.399696258498));
#2373 = CARTESIAN_POINT('',(0.49904513953,0.399507394774));
#2374 = CARTESIAN_POINT('',(0.499050300398,0.399159013018));
#2375 = CARTESIAN_POINT('',(0.499058104861,0.39872648692));
#2376 = CARTESIAN_POINT('',(0.499065969435,0.398386016827));
#2377 = CARTESIAN_POINT('',(0.499073890993,0.398139612154));
#2378 = CARTESIAN_POINT('',(0.499081866354,0.397989282522));
#2379 = CARTESIAN_POINT('',(0.499089892275,0.397937036787));
#2380 = CARTESIAN_POINT('',(0.499097965452,0.397984886659));
#2381 = CARTESIAN_POINT('',(0.499106082506,0.398134833195));
#2382 = CARTESIAN_POINT('',(0.499114240042,0.398388917211));
#2383 = CARTESIAN_POINT('',(0.499122434409,0.398749031136));
#2384 = CARTESIAN_POINT('',(0.499130662601,0.399217621192));
#2385 = CARTESIAN_POINT('',(0.499138918874,0.399795066817));
#2386 = CARTESIAN_POINT('',(0.499147196346,0.400484363635));
#2387 = CARTESIAN_POINT('',(0.499155490695,0.401290574104));
#2388 = CARTESIAN_POINT('',(0.499163796772,0.4022182067));
#2389 = CARTESIAN_POINT('',(0.49917210951,0.403271918989));
#2390 = CARTESIAN_POINT('',(0.499180423663,0.404456326164));
#2391 = CARTESIAN_POINT('',(0.499188733936,0.405776063815));
#2392 = CARTESIAN_POINT('',(0.499197034721,0.407235728321));
#2393 = CARTESIAN_POINT('',(0.49920532102,0.40884005251));
#2394 = CARTESIAN_POINT('',(0.499213585025,0.410593262622));
#2395 = CARTESIAN_POINT('',(0.499221828871,0.412501474797));
#2396 = CARTESIAN_POINT('',(0.499230017049,0.414563752168));
#2397 = CARTESIAN_POINT('',(0.499238111806,0.416782960659));
#2398 = CARTESIAN_POINT('',(0.499246112657,0.419169010114));
#2399 = CARTESIAN_POINT('',(0.499254009246,0.421729952283));
#2400 = CARTESIAN_POINT('',(0.499261792475,0.424474227372));
#2401 = CARTESIAN_POINT('',(0.499269457157,0.427410579856));
#2402 = CARTESIAN_POINT('',(0.499276971861,0.430548978298));
#2403 = CARTESIAN_POINT('',(0.49928429461,0.433886808148));
#2404 = CARTESIAN_POINT('',(0.499291385002,0.437422923134));
#2405 = CARTESIAN_POINT('',(0.499298203551,0.441157665086));
#2406 = CARTESIAN_POINT('',(0.499304701604,0.445083955145));
#2407 = CARTESIAN_POINT('',(0.499310862755,0.449222909107));
#2408 = CARTESIAN_POINT('',(0.499316659912,0.453581420418));
#2409 = CARTESIAN_POINT('',(0.499322032701,0.458138194542));
#2410 = CARTESIAN_POINT('',(0.499326928767,0.462879334282));
#2411 = CARTESIAN_POINT('',(0.499331294417,0.467789541069));
#2412 = CARTESIAN_POINT('',(0.499335071696,0.472851724478));
#2413 = CARTESIAN_POINT('',(0.499338233682,0.478075822473));
#2414 = CARTESIAN_POINT('',(0.499340748486,0.483429628078));
#2415 = CARTESIAN_POINT('',(0.499342584159,0.488886443701));
#2416 = CARTESIAN_POINT('',(0.49934370954,0.494418095004));
#2417 = CARTESIAN_POINT('',(0.499343966261,0.498137235159));
#2418 = CARTESIAN_POINT('',(0.499343966181,0.5));
#2419 = ( GEOMETRIC_REPRESENTATION_CONTEXT(2) 
PARAMETRIC_REPRESENTATION_CONTEXT() REPRESENTATION_CONTEXT('2D SPACE',''
  ) );
#2420 = PCURVE('',#525,#2421);
#2421 = DEFINITIONAL_REPRESENTATION('',(#2422),#2470);
#2422 = B_SPLINE_CURVE_WITH_KNOTS('',3,(#2423,#2424,#2425,#2426,#2427,
    #2428,#2429,#2430,#2431,#2432,#2433,#2434,#2435,#2436,#2437,#2438,
    #2439,#2440,#2441,#2442,#2443,#2444,#2445,#2446,#2447,#2448,#2449,
    #2450,#2451,#2452,#2453,#2454,#2455,#2456,#2457,#2458,#2459,#2460,
    #2461,#2462,#2463,#2464,#2465,#2466,#2467,#2468,#2469),
  .UNSPECIFIED.,.F.,.F.,(4,1,1,1,1,1,1,1,1,1,1,1,1,1,1,1,1,1,1,1,1,1,1,1
    ,1,1,1,1,1,1,1,1,1,1,1,1,1,1,1,1,1,1,1,1,4),(6.371375734423E-03,
    6.42521467506E-03,6.479053615698E-03,6.532892556336E-03,
    6.586731496974E-03,6.640570437612E-03,6.69440937825E-03,
    6.748248318888E-03,6.802087259526E-03,6.855926200164E-03,
    6.909765140802E-03,6.96360408144E-03,7.017443022078E-03,
    7.071281962716E-03,7.125120903354E-03,7.178959843992E-03,
    7.23279878463E-03,7.286637725268E-03,7.340476665906E-03,
    7.394315606544E-03,7.448154547182E-03,7.50199348782E-03,
    7.555832428458E-03,7.609671369096E-03,7.663510309734E-03,
    7.717349250372E-03,7.77118819101E-03,7.825027131648E-03,
    7.878866072286E-03,7.932705012924E-03,7.986543953562E-03,
    8.0403828942E-03,8.094221834838E-03,8.148060775475E-03,
    8.201899716113E-03,8.255738656751E-03,8.309577597389E-03,
    8.363416538027E-03,8.417255478665E-03,8.471094419303E-03,
    8.524933359941E-03,8.578772300579E-03,8.632611241217E-03,
    8.686450181855E-03,8.740289122493E-03),.QUASI_UNIFORM_KNOTS.);
#2423 = CARTESIAN_POINT('',(4.897169134724,2.935272406361));
#2424 = CARTESIAN_POINT('',(4.887095215446,2.920577328171));
#2425 = CARTESIAN_POINT('',(4.86690664373,2.891172138291));
#2426 = CARTESIAN_POINT('',(4.836488586442,2.847043882962));
#2427 = CARTESIAN_POINT('',(4.805922866584,2.802919787));
#2428 = CARTESIAN_POINT('',(4.775195140463,2.758824480688));
#2429 = CARTESIAN_POINT('',(4.744289853349,2.714782592788));
#2430 = CARTESIAN_POINT('',(4.713190100626,2.670818757743));
#2431 = CARTESIAN_POINT('',(4.681877694536,2.626957588791));
#2432 = CARTESIAN_POINT('',(4.65033328229,2.583223778311));
#2433 = CARTESIAN_POINT('',(4.61853612556,2.539641723323));
#2434 = CARTESIAN_POINT('',(4.586465264562,2.496236923144));
#2435 = CARTESIAN_POINT('',(4.554095574468,2.453030763253));
#2436 = CARTESIAN_POINT('',(4.521412972346,2.410059982191));
#2437 = CARTESIAN_POINT('',(4.48840768625,2.367362994553));
#2438 = CARTESIAN_POINT('',(4.45505383596,2.324962860537));
#2439 = CARTESIAN_POINT('',(4.42132458279,2.282886758851));
#2440 = CARTESIAN_POINT('',(4.387188164293,2.241160748564));
#2441 = CARTESIAN_POINT('',(4.352609191401,2.199811248788));
#2442 = CARTESIAN_POINT('',(4.317548250894,2.158864358099));
#2443 = CARTESIAN_POINT('',(4.281963299719,2.118347097181));
#2444 = CARTESIAN_POINT('',(4.245805909864,2.078283118817));
#2445 = CARTESIAN_POINT('',(4.209036703572,2.038708625288));
#2446 = CARTESIAN_POINT('',(4.171569636393,1.999612988783));
#2447 = CARTESIAN_POINT('',(4.133482248304,1.961160352363));
#2448 = CARTESIAN_POINT('',(4.094837193246,1.923514082741));
#2449 = CARTESIAN_POINT('',(4.055523763231,1.886663205014));
#2450 = CARTESIAN_POINT('',(4.015466735194,1.850642071964));
#2451 = CARTESIAN_POINT('',(3.974576562284,1.81547806725));
#2452 = CARTESIAN_POINT('',(3.932744962793,1.781181123345));
#2453 = CARTESIAN_POINT('',(3.889920947975,1.747878562348));
#2454 = CARTESIAN_POINT('',(3.846165810251,1.715728460543));
#2455 = CARTESIAN_POINT('',(3.801514618882,1.684880626521));
#2456 = CARTESIAN_POINT('',(3.755976432024,1.655477656662));
#2457 = CARTESIAN_POINT('',(3.709628255568,1.627699263878));
#2458 = CARTESIAN_POINT('',(3.662231749223,1.601583907166));
#2459 = CARTESIAN_POINT('',(3.613678807281,1.577205024465));
#2460 = CARTESIAN_POINT('',(3.564157132273,1.554777116615));
#2461 = CARTESIAN_POINT('',(3.51376474429,1.534478236481));
#2462 = CARTESIAN_POINT('',(3.462599768094,1.516491165932));
#2463 = CARTESIAN_POINT('',(3.410763696069,1.50101621879));
#2464 = CARTESIAN_POINT('',(3.358048590673,1.488117842339));
#2465 = CARTESIAN_POINT('',(3.304641088062,1.477900163634));
#2466 = CARTESIAN_POINT('',(3.250676293685,1.470467630198));
#2467 = CARTESIAN_POINT('',(3.196296661011,1.465924603656));
#2468 = CARTESIAN_POINT('',(3.159846253576,1.46489184706));
#2469 = CARTESIAN_POINT('',(3.14159265359,1.46489184706));
#2470 = ( GEOMETRIC_REPRESENTATION_CONTEXT(2) 
PARAMETRIC_REPRESENTATION_CONTEXT() REPRESENTATION_CONTEXT('2D SPACE',''
  ) );
#2471 = ORIENTED_EDGE('',*,*,#2472,.T.);
#2472 = EDGE_CURVE('',#2351,#2473,#2475,.T.);
#2473 = VERTEX_POINT('',#2474);
#2474 = CARTESIAN_POINT('',(-7.710669582827,12.851141191976,
    5.663000000336));
#2475 = SURFACE_CURVE('',#2476,(#2480,#2486),.PCURVE_S1.);
#2476 = LINE('',#2477,#2478);
#2477 = CARTESIAN_POINT('',(-10.16066958282,12.851141192202,
    5.662999999999));
#2478 = VECTOR('',#2479,1.);
#2479 = DIRECTION('',(-1.,3.851859888774E-33,-2.99137313703E-33));
#2480 = PCURVE('',#582,#2481);
#2481 = DEFINITIONAL_REPRESENTATION('',(#2482),#2485);
#2482 = B_SPLINE_CURVE_WITH_KNOTS('',1,(#2483,#2484),.UNSPECIFIED.,.F.,
  .F.,(2,2),(-3.917023333277,-2.45),.PIECEWISE_BEZIER_KNOTS.);
#2483 = CARTESIAN_POINT('',(0.499042570134,0.399696258498));
#2484 = CARTESIAN_POINT('',(0.499042570134,0.25));
#2485 = ( GEOMETRIC_REPRESENTATION_CONTEXT(2) 
PARAMETRIC_REPRESENTATION_CONTEXT() REPRESENTATION_CONTEXT('2D SPACE',''
  ) );
#2486 = PCURVE('',#665,#2487);
#2487 = DEFINITIONAL_REPRESENTATION('',(#2488),#2491);
#2488 = B_SPLINE_CURVE_WITH_KNOTS('',1,(#2489,#2490),.UNSPECIFIED.,.F.,
  .F.,(2,2),(-3.917023333277,-2.45),.PIECEWISE_BEZIER_KNOTS.);
#2489 = CARTESIAN_POINT('',(0.499182349959,0.299392516995));
#2490 = CARTESIAN_POINT('',(0.499182349959,-1.100465205073E-16));
#2491 = ( GEOMETRIC_REPRESENTATION_CONTEXT(2) 
PARAMETRIC_REPRESENTATION_CONTEXT() REPRESENTATION_CONTEXT('2D SPACE',''
  ) );
#2492 = ORIENTED_EDGE('',*,*,#2493,.T.);
#2493 = EDGE_CURVE('',#2473,#1991,#2494,.T.);
#2494 = SURFACE_CURVE('',#2495,(#2499,#2506),.PCURVE_S1.);
#2495 = B_SPLINE_CURVE_WITH_KNOTS('',2,(#2496,#2497,#2498),
  .UNSPECIFIED.,.F.,.F.,(3,3),(0.500957429866,0.501187925371),
  .PIECEWISE_BEZIER_KNOTS.);
#2496 = CARTESIAN_POINT('',(-7.710669582827,12.851141191976,
    5.663000000336));
#2497 = CARTESIAN_POINT('',(-7.710669582827,12.192008895714,
    5.218842068878));
#2498 = CARTESIAN_POINT('',(-7.710669582827,11.384683773519,
    4.787649330931));
#2499 = PCURVE('',#582,#2500);
#2500 = DEFINITIONAL_REPRESENTATION('',(#2501),#2505);
#2501 = LINE('',#2502,#2503);
#2502 = CARTESIAN_POINT('',(1.,0.25));
#2503 = VECTOR('',#2504,1.);
#2504 = DIRECTION('',(-1.,0.));
#2505 = ( GEOMETRIC_REPRESENTATION_CONTEXT(2) 
PARAMETRIC_REPRESENTATION_CONTEXT() REPRESENTATION_CONTEXT('2D SPACE',''
  ) );
#2506 = PCURVE('',#665,#2507);
#2507 = DEFINITIONAL_REPRESENTATION('',(#2508),#2512);
#2508 = LINE('',#2509,#2510);
#2509 = CARTESIAN_POINT('',(-1.775079906705E-03,-1.100465205073E-16));
#2510 = VECTOR('',#2511,1.);
#2511 = DIRECTION('',(1.,0.));
#2512 = ( GEOMETRIC_REPRESENTATION_CONTEXT(2) 
PARAMETRIC_REPRESENTATION_CONTEXT() REPRESENTATION_CONTEXT('2D SPACE',''
  ) );
#2513 = ORIENTED_EDGE('',*,*,#1990,.F.);
#2514 = ORIENTED_EDGE('',*,*,#1345,.T.);
#2515 = ORIENTED_EDGE('',*,*,#2081,.T.);
#2516 = ORIENTED_EDGE('',*,*,#725,.F.);
#2517 = ORIENTED_EDGE('',*,*,#2032,.F.);
#2518 = ORIENTED_EDGE('',*,*,#2519,.T.);
#2519 = EDGE_CURVE('',#2012,#2520,#2522,.T.);
#2520 = VERTEX_POINT('',#2521);
#2521 = CARTESIAN_POINT('',(-2.810669582827,12.851141192202,5.663));
#2522 = SURFACE_CURVE('',#2523,(#2527,#2534),.PCURVE_S1.);
#2523 = B_SPLINE_CURVE_WITH_KNOTS('',2,(#2524,#2525,#2526),
  .UNSPECIFIED.,.F.,.F.,(3,3),(0.498812074629,0.499042570134),
  .PIECEWISE_BEZIER_KNOTS.);
#2524 = CARTESIAN_POINT('',(-2.810669582827,11.384683773519,
    4.787649330931));
#2525 = CARTESIAN_POINT('',(-2.810669582827,12.192008895718,
    5.218842068883));
#2526 = CARTESIAN_POINT('',(-2.810669582827,12.851141192202,5.663));
#2527 = PCURVE('',#582,#2528);
#2528 = DEFINITIONAL_REPRESENTATION('',(#2529),#2533);
#2529 = LINE('',#2530,#2531);
#2530 = CARTESIAN_POINT('',(0.,0.75));
#2531 = VECTOR('',#2532,1.);
#2532 = DIRECTION('',(1.,0.));
#2533 = ( GEOMETRIC_REPRESENTATION_CONTEXT(2) 
PARAMETRIC_REPRESENTATION_CONTEXT() REPRESENTATION_CONTEXT('2D SPACE',''
  ) );
#2534 = PCURVE('',#665,#2535);
#2535 = DEFINITIONAL_REPRESENTATION('',(#2536),#2540);
#2536 = LINE('',#2537,#2538);
#2537 = CARTESIAN_POINT('',(0.998224920093,1.));
#2538 = VECTOR('',#2539,1.);
#2539 = DIRECTION('',(-1.,0.));
#2540 = ( GEOMETRIC_REPRESENTATION_CONTEXT(2) 
PARAMETRIC_REPRESENTATION_CONTEXT() REPRESENTATION_CONTEXT('2D SPACE',''
  ) );
#2541 = ORIENTED_EDGE('',*,*,#2542,.T.);
#2542 = EDGE_CURVE('',#2520,#538,#2543,.T.);
#2543 = SURFACE_CURVE('',#2544,(#2548,#2554),.PCURVE_S1.);
#2544 = LINE('',#2545,#2546);
#2545 = CARTESIAN_POINT('',(-10.16066958282,12.851141192202,
    5.662999999999));
#2546 = VECTOR('',#2547,1.);
#2547 = DIRECTION('',(-1.,3.851859888774E-33,-2.99137313703E-33));
#2548 = PCURVE('',#582,#2549);
#2549 = DEFINITIONAL_REPRESENTATION('',(#2550),#2553);
#2550 = B_SPLINE_CURVE_WITH_KNOTS('',1,(#2551,#2552),.UNSPECIFIED.,.F.,
  .F.,(2,2),(-7.35,-5.882976666723),.PIECEWISE_BEZIER_KNOTS.);
#2551 = CARTESIAN_POINT('',(0.499042570134,0.75));
#2552 = CARTESIAN_POINT('',(0.499042570134,0.600303741502));
#2553 = ( GEOMETRIC_REPRESENTATION_CONTEXT(2) 
PARAMETRIC_REPRESENTATION_CONTEXT() REPRESENTATION_CONTEXT('2D SPACE',''
  ) );
#2554 = PCURVE('',#665,#2555);
#2555 = DEFINITIONAL_REPRESENTATION('',(#2556),#2559);
#2556 = B_SPLINE_CURVE_WITH_KNOTS('',1,(#2557,#2558),.UNSPECIFIED.,.F.,
  .F.,(2,2),(-7.35,-5.882976666723),.PIECEWISE_BEZIER_KNOTS.);
#2557 = CARTESIAN_POINT('',(0.499182349959,1.));
#2558 = CARTESIAN_POINT('',(0.499182349959,0.700607483005));
#2559 = ( GEOMETRIC_REPRESENTATION_CONTEXT(2) 
PARAMETRIC_REPRESENTATION_CONTEXT() REPRESENTATION_CONTEXT('2D SPACE',''
  ) );
#2560 = ORIENTED_EDGE('',*,*,#537,.F.);
#2561 = ADVANCED_FACE('',(#2562),#665,.F.);
#2562 = FACE_BOUND('',#2563,.F.);
#2563 = EDGE_LOOP('',(#2564,#2565,#2566,#2567,#2568,#2569,#2643));
#2564 = ORIENTED_EDGE('',*,*,#2493,.T.);
#2565 = ORIENTED_EDGE('',*,*,#2011,.T.);
#2566 = ORIENTED_EDGE('',*,*,#2519,.T.);
#2567 = ORIENTED_EDGE('',*,*,#2542,.T.);
#2568 = ORIENTED_EDGE('',*,*,#618,.F.);
#2569 = ORIENTED_EDGE('',*,*,#2570,.F.);
#2570 = EDGE_CURVE('',#2351,#619,#2571,.T.);
#2571 = SURFACE_CURVE('',#2572,(#2585,#2614),.PCURVE_S1.);
#2572 = B_SPLINE_CURVE_WITH_KNOTS('',3,(#2573,#2574,#2575,#2576,#2577,
    #2578,#2579,#2580,#2581,#2582,#2583,#2584),.UNSPECIFIED.,.F.,.F.,(4,
    2,2,2,2,4),(4.465528732808E-12,4.952961556433E-04,9.905923068211E-04
    ,1.485888457999E-03,1.733536533588E-03,1.981184609177E-03),
  .UNSPECIFIED.);
#2573 = CARTESIAN_POINT('',(-6.243646249551,12.851141192201,5.663));
#2574 = CARTESIAN_POINT('',(-6.226243975709,12.712974524355,
    5.569896048953));
#2575 = CARTESIAN_POINT('',(-6.196330259238,12.576062049647,
    5.481336418995));
#2576 = CARTESIAN_POINT('',(-6.111075431723,12.30560658396,5.31214313573
    ));
#2577 = CARTESIAN_POINT('',(-6.056069221564,12.171975460599,
    5.231474914782));
#2578 = CARTESIAN_POINT('',(-5.909667356434,11.911331459058,
    5.078614668744));
#2579 = CARTESIAN_POINT('',(-5.821432744003,11.787277843521,
    5.008240011692));
#2580 = CARTESIAN_POINT('',(-5.643330221132,11.629494975108,
    4.920473875301));
#2581 = CARTESIAN_POINT('',(-5.576700776491,11.58286849461,
    4.894876469659));
#2582 = CARTESIAN_POINT('',(-5.427602994224,11.51492011959,
    4.857773953209));
#2583 = CARTESIAN_POINT('',(-5.344299919852,11.494493920491,
    4.846730434815));
#2584 = CARTESIAN_POINT('',(-5.260669582827,11.494493920491,
    4.846730434815));
#2585 = PCURVE('',#665,#2586);
#2586 = DEFINITIONAL_REPRESENTATION('',(#2587),#2613);
#2587 = B_SPLINE_CURVE_WITH_KNOTS('',3,(#2588,#2589,#2590,#2591,#2592,
    #2593,#2594,#2595,#2596,#2597,#2598,#2599,#2600,#2601,#2602,#2603,
    #2604,#2605,#2606,#2607,#2608,#2609,#2610,#2611,#2612),
  .UNSPECIFIED.,.F.,.F.,(4,1,1,1,1,1,1,1,1,1,1,1,1,1,1,1,1,1,1,1,1,1,4),
  (4.465528732808E-12,9.005385013422E-05,1.801076958029E-04,
    2.701615414716E-04,3.602153871403E-04,4.50269232809E-04,
    5.403230784777E-04,6.303769241463E-04,7.20430769815E-04,
    8.104846154837E-04,9.005384611524E-04,9.905923068211E-04,
    1.08064615249E-03,1.170699998158E-03,1.260753843827E-03,
    1.350807689496E-03,1.440861535165E-03,1.530915380833E-03,
    1.620969226502E-03,1.711023072171E-03,1.801076917839E-03,
    1.891130763508E-03,1.981184609177E-03),.UNSPECIFIED.);
#2588 = CARTESIAN_POINT('',(0.499182349958,0.299392516995));
#2589 = CARTESIAN_POINT('',(0.499186742325,0.300038241442));
#2590 = CARTESIAN_POINT('',(0.499195456278,0.301498509132));
#2591 = CARTESIAN_POINT('',(0.499208319621,0.304196838563));
#2592 = CARTESIAN_POINT('',(0.499220980212,0.307404635596));
#2593 = CARTESIAN_POINT('',(0.499233442616,0.311123201245));
#2594 = CARTESIAN_POINT('',(0.499245711049,0.315354723098));
#2595 = CARTESIAN_POINT('',(0.499257790104,0.320098081129));
#2596 = CARTESIAN_POINT('',(0.499269682915,0.325359496314));
#2597 = CARTESIAN_POINT('',(0.499281384215,0.331187078884));
#2598 = CARTESIAN_POINT('',(0.499292891588,0.337623660106));
#2599 = CARTESIAN_POINT('',(0.49930419697,0.344706629638));
#2600 = CARTESIAN_POINT('',(0.499315312276,0.35250042254));
#2601 = CARTESIAN_POINT('',(0.499326175353,0.360966733868));
#2602 = CARTESIAN_POINT('',(0.49933666829,0.370138333876));
#2603 = CARTESIAN_POINT('',(0.499346747512,0.380150544475));
#2604 = CARTESIAN_POINT('',(0.499356354253,0.391112301407));
#2605 = CARTESIAN_POINT('',(0.499365422887,0.403135533433));
#2606 = CARTESIAN_POINT('',(0.499373936104,0.416346583402));
#2607 = CARTESIAN_POINT('',(0.499381558331,0.430757653405));
#2608 = CARTESIAN_POINT('',(0.499388025858,0.446386619592));
#2609 = CARTESIAN_POINT('',(0.499393061329,0.463347342868));
#2610 = CARTESIAN_POINT('',(0.499396289605,0.481401208841));
#2611 = CARTESIAN_POINT('',(0.499397070585,0.493793042947));
#2612 = CARTESIAN_POINT('',(0.499397070695,0.5));
#2613 = ( GEOMETRIC_REPRESENTATION_CONTEXT(2) 
PARAMETRIC_REPRESENTATION_CONTEXT() REPRESENTATION_CONTEXT('2D SPACE',''
  ) );
#2614 = PCURVE('',#525,#2615);
#2615 = DEFINITIONAL_REPRESENTATION('',(#2616),#2642);
#2616 = B_SPLINE_CURVE_WITH_KNOTS('',3,(#2617,#2618,#2619,#2620,#2621,
    #2622,#2623,#2624,#2625,#2626,#2627,#2628,#2629,#2630,#2631,#2632,
    #2633,#2634,#2635,#2636,#2637,#2638,#2639,#2640,#2641),
  .UNSPECIFIED.,.F.,.F.,(4,1,1,1,1,1,1,1,1,1,1,1,1,1,1,1,1,1,1,1,1,1,4),
  (4.465528732808E-12,9.005385013422E-05,1.801076958029E-04,
    2.701615414716E-04,3.602153871403E-04,4.50269232809E-04,
    5.403230784777E-04,6.303769241463E-04,7.20430769815E-04,
    8.104846154837E-04,9.005384611524E-04,9.905923068211E-04,
    1.08064615249E-03,1.170699998158E-03,1.260753843827E-03,
    1.350807689496E-03,1.440861535165E-03,1.530915380833E-03,
    1.620969226502E-03,1.711023072171E-03,1.801076917839E-03,
    1.891130763508E-03,1.981184609177E-03),.UNSPECIFIED.);
#2617 = CARTESIAN_POINT('',(4.897169134724,2.935272406361));
#2618 = CARTESIAN_POINT('',(4.914390639867,2.960393618697));
#2619 = CARTESIAN_POINT('',(4.948688882105,3.010553119707));
#2620 = CARTESIAN_POINT('',(4.999860004352,3.085528089519));
#2621 = CARTESIAN_POINT('',(5.050912011275,3.160223202085));
#2622 = CARTESIAN_POINT('',(5.102005309011,3.234623108734));
#2623 = CARTESIAN_POINT('',(5.153300332968,3.308711618139));
#2624 = CARTESIAN_POINT('',(5.204950233175,3.382475682718));
#2625 = CARTESIAN_POINT('',(5.257106490574,3.455897854222));
#2626 = CARTESIAN_POINT('',(5.310008135675,3.528907780411));
#2627 = CARTESIAN_POINT('',(5.363921942233,3.601452656755));
#2628 = CARTESIAN_POINT('',(5.419098167419,3.67344350232));
#2629 = CARTESIAN_POINT('',(5.475953158948,3.744918494076));
#2630 = CARTESIAN_POINT('',(5.534346050161,3.815443353779));
#2631 = CARTESIAN_POINT('',(5.594248015851,3.8841930667));
#2632 = CARTESIAN_POINT('',(5.656283375031,3.950807955751));
#2633 = CARTESIAN_POINT('',(5.72101487128,4.014826097439));
#2634 = CARTESIAN_POINT('',(5.789072730578,4.075729216245));
#2635 = CARTESIAN_POINT('',(5.861254893041,4.133326691163));
#2636 = CARTESIAN_POINT('',(5.937401401079,4.185244632319));
#2637 = CARTESIAN_POINT('',(6.017674351691,4.229552534902));
#2638 = CARTESIAN_POINT('',(6.102827355498,4.264214825457));
#2639 = CARTESIAN_POINT('',(6.192034772794,4.28651049034));
#2640 = CARTESIAN_POINT('',(6.252784585123,4.29192212938));
#2641 = CARTESIAN_POINT('',(6.28318530718,4.291919678072));
#2642 = ( GEOMETRIC_REPRESENTATION_CONTEXT(2) 
PARAMETRIC_REPRESENTATION_CONTEXT() REPRESENTATION_CONTEXT('2D SPACE',''
  ) );
#2643 = ORIENTED_EDGE('',*,*,#2472,.T.);
#2644 = ADVANCED_FACE('',(#2645),#525,.T.);
#2645 = FACE_BOUND('',#2646,.T.);
#2646 = EDGE_LOOP('',(#2647,#2648,#2670,#2671,#2672));
#2647 = ORIENTED_EDGE('',*,*,#509,.F.);
#2648 = ORIENTED_EDGE('',*,*,#2649,.T.);
#2649 = EDGE_CURVE('',#92,#120,#2650,.T.);
#2650 = SURFACE_CURVE('',#2651,(#2656,#2663),.PCURVE_S1.);
#2651 = CIRCLE('',#2652,1.);
#2652 = AXIS2_PLACEMENT_3D('',#2653,#2654,#2655);
#2653 = CARTESIAN_POINT('',(-5.260669582827,15.586413598562,
    5.846730434815));
#2654 = DIRECTION('',(0.,-1.,-0.));
#2655 = DIRECTION('',(-2.99137313703E-33,0.,-1.));
#2656 = PCURVE('',#525,#2657);
#2657 = DEFINITIONAL_REPRESENTATION('',(#2658),#2662);
#2658 = LINE('',#2659,#2660);
#2659 = CARTESIAN_POINT('',(0.,0.2));
#2660 = VECTOR('',#2661,1.);
#2661 = DIRECTION('',(1.,0.));
#2662 = ( GEOMETRIC_REPRESENTATION_CONTEXT(2) 
PARAMETRIC_REPRESENTATION_CONTEXT() REPRESENTATION_CONTEXT('2D SPACE',''
  ) );
#2663 = PCURVE('',#107,#2664);
#2664 = DEFINITIONAL_REPRESENTATION('',(#2665),#2669);
#2665 = LINE('',#2666,#2667);
#2666 = CARTESIAN_POINT('',(0.,0.));
#2667 = VECTOR('',#2668,1.);
#2668 = DIRECTION('',(1.,0.));
#2669 = ( GEOMETRIC_REPRESENTATION_CONTEXT(2) 
PARAMETRIC_REPRESENTATION_CONTEXT() REPRESENTATION_CONTEXT('2D SPACE',''
  ) );
#2670 = ORIENTED_EDGE('',*,*,#701,.T.);
#2671 = ORIENTED_EDGE('',*,*,#2570,.F.);
#2672 = ORIENTED_EDGE('',*,*,#2350,.T.);
#2673 = ADVANCED_FACE('',(#2674),#75,.F.);
#2674 = FACE_BOUND('',#2675,.T.);
#2675 = EDGE_LOOP('',(#2676,#2702));
#2676 = ORIENTED_EDGE('',*,*,#2677,.T.);
#2677 = EDGE_CURVE('',#54,#52,#2678,.T.);
#2678 = SURFACE_CURVE('',#2679,(#2684,#2695),.PCURVE_S1.);
#2679 = CIRCLE('',#2680,0.8);
#2680 = AXIS2_PLACEMENT_3D('',#2681,#2682,#2683);
#2681 = CARTESIAN_POINT('',(-5.260669582827,15.786413598562,
    5.846730434815));
#2682 = DIRECTION('',(-1.135572110156E-48,1.,3.796156675003E-16));
#2683 = DIRECTION('',(-2.99137313703E-33,3.796156675003E-16,-1.));
#2684 = PCURVE('',#75,#2685);
#2685 = DEFINITIONAL_REPRESENTATION('',(#2686),#2694);
#2686 = ( BOUNDED_CURVE() B_SPLINE_CURVE(2,(#2687,#2688,#2689,#2690,
#2691,#2692,#2693),.UNSPECIFIED.,.T.,.F.) B_SPLINE_CURVE_WITH_KNOTS((1,2
    ,2,2,2,1),(-2.094395102393,0.,2.094395102393,4.188790204786,
6.28318530718,8.377580409573),.UNSPECIFIED.) CURVE() 
GEOMETRIC_REPRESENTATION_ITEM() RATIONAL_B_SPLINE_CURVE((1.,0.5,1.,0.5,
1.,0.5,1.)) REPRESENTATION_ITEM('') );
#2687 = CARTESIAN_POINT('',(0.8,-4.786197019248E-33));
#2688 = CARTESIAN_POINT('',(0.8,-1.385640646055));
#2689 = CARTESIAN_POINT('',(-0.4,-0.692820323028));
#2690 = CARTESIAN_POINT('',(-1.6,-1.959434878636E-16));
#2691 = CARTESIAN_POINT('',(-0.4,0.692820323028));
#2692 = CARTESIAN_POINT('',(0.8,1.385640646055));
#2693 = CARTESIAN_POINT('',(0.8,-4.786197019248E-33));
#2694 = ( GEOMETRIC_REPRESENTATION_CONTEXT(2) 
PARAMETRIC_REPRESENTATION_CONTEXT() REPRESENTATION_CONTEXT('2D SPACE',''
  ) );
#2695 = PCURVE('',#107,#2696);
#2696 = DEFINITIONAL_REPRESENTATION('',(#2697),#2701);
#2697 = LINE('',#2698,#2699);
#2698 = CARTESIAN_POINT('',(6.28318530718,-0.2));
#2699 = VECTOR('',#2700,1.);
#2700 = DIRECTION('',(-1.,0.));
#2701 = ( GEOMETRIC_REPRESENTATION_CONTEXT(2) 
PARAMETRIC_REPRESENTATION_CONTEXT() REPRESENTATION_CONTEXT('2D SPACE',''
  ) );
#2702 = ORIENTED_EDGE('',*,*,#51,.T.);
#2703 = ADVANCED_FACE('',(#2704),#310,.T.);
#2704 = FACE_BOUND('',#2705,.T.);
#2705 = EDGE_LOOP('',(#2706,#2707,#2729,#2730,#2731));
#2706 = ORIENTED_EDGE('',*,*,#294,.F.);
#2707 = ORIENTED_EDGE('',*,*,#2708,.T.);
#2708 = EDGE_CURVE('',#213,#241,#2709,.T.);
#2709 = SURFACE_CURVE('',#2710,(#2715,#2722),.PCURVE_S1.);
#2710 = CIRCLE('',#2711,1.);
#2711 = AXIS2_PLACEMENT_3D('',#2712,#2713,#2714);
#2712 = CARTESIAN_POINT('',(-5.260669582827,15.586413598562,
    13.346730434815));
#2713 = DIRECTION('',(0.,-1.,-0.));
#2714 = DIRECTION('',(-2.99137313703E-33,0.,-1.));
#2715 = PCURVE('',#310,#2716);
#2716 = DEFINITIONAL_REPRESENTATION('',(#2717),#2721);
#2717 = LINE('',#2718,#2719);
#2718 = CARTESIAN_POINT('',(0.,0.2));
#2719 = VECTOR('',#2720,1.);
#2720 = DIRECTION('',(1.,1.130863886743E-15));
#2721 = ( GEOMETRIC_REPRESENTATION_CONTEXT(2) 
PARAMETRIC_REPRESENTATION_CONTEXT() REPRESENTATION_CONTEXT('2D SPACE',''
  ) );
#2722 = PCURVE('',#228,#2723);
#2723 = DEFINITIONAL_REPRESENTATION('',(#2724),#2728);
#2724 = LINE('',#2725,#2726);
#2725 = CARTESIAN_POINT('',(0.,-4.440892098501E-16));
#2726 = VECTOR('',#2727,1.);
#2727 = DIRECTION('',(1.,0.));
#2728 = ( GEOMETRIC_REPRESENTATION_CONTEXT(2) 
PARAMETRIC_REPRESENTATION_CONTEXT() REPRESENTATION_CONTEXT('2D SPACE',''
  ) );
#2729 = ORIENTED_EDGE('',*,*,#484,.T.);
#2730 = ORIENTED_EDGE('',*,*,#2128,.F.);
#2731 = ORIENTED_EDGE('',*,*,#1785,.T.);
#2732 = ADVANCED_FACE('',(#2733),#196,.F.);
#2733 = FACE_BOUND('',#2734,.T.);
#2734 = EDGE_LOOP('',(#2735,#2761));
#2735 = ORIENTED_EDGE('',*,*,#2736,.T.);
#2736 = EDGE_CURVE('',#175,#173,#2737,.T.);
#2737 = SURFACE_CURVE('',#2738,(#2743,#2754),.PCURVE_S1.);
#2738 = CIRCLE('',#2739,0.8);
#2739 = AXIS2_PLACEMENT_3D('',#2740,#2741,#2742);
#2740 = CARTESIAN_POINT('',(-5.260669582827,15.786413598562,
    13.346730434815));
#2741 = DIRECTION('',(-1.135572110156E-48,1.,3.796156675003E-16));
#2742 = DIRECTION('',(-2.99137313703E-33,3.796156675003E-16,-1.));
#2743 = PCURVE('',#196,#2744);
#2744 = DEFINITIONAL_REPRESENTATION('',(#2745),#2753);
#2745 = ( BOUNDED_CURVE() B_SPLINE_CURVE(2,(#2746,#2747,#2748,#2749,
#2750,#2751,#2752),.UNSPECIFIED.,.T.,.F.) B_SPLINE_CURVE_WITH_KNOTS((1,2
    ,2,2,2,1),(-2.094395102393,0.,2.094395102393,4.188790204786,
6.28318530718,8.377580409573),.UNSPECIFIED.) CURVE() 
GEOMETRIC_REPRESENTATION_ITEM() RATIONAL_B_SPLINE_CURVE((1.,0.5,1.,0.5,
1.,0.5,1.)) REPRESENTATION_ITEM('') );
#2746 = CARTESIAN_POINT('',(0.8,-4.786197019248E-33));
#2747 = CARTESIAN_POINT('',(0.8,-1.385640646055));
#2748 = CARTESIAN_POINT('',(-0.4,-0.692820323028));
#2749 = CARTESIAN_POINT('',(-1.6,-1.959434878636E-16));
#2750 = CARTESIAN_POINT('',(-0.4,0.692820323028));
#2751 = CARTESIAN_POINT('',(0.8,1.385640646055));
#2752 = CARTESIAN_POINT('',(0.8,-4.786197019248E-33));
#2753 = ( GEOMETRIC_REPRESENTATION_CONTEXT(2) 
PARAMETRIC_REPRESENTATION_CONTEXT() REPRESENTATION_CONTEXT('2D SPACE',''
  ) );
#2754 = PCURVE('',#228,#2755);
#2755 = DEFINITIONAL_REPRESENTATION('',(#2756),#2760);
#2756 = LINE('',#2757,#2758);
#2757 = CARTESIAN_POINT('',(6.28318530718,-0.2));
#2758 = VECTOR('',#2759,1.);
#2759 = DIRECTION('',(-1.,0.));
#2760 = ( GEOMETRIC_REPRESENTATION_CONTEXT(2) 
PARAMETRIC_REPRESENTATION_CONTEXT() REPRESENTATION_CONTEXT('2D SPACE',''
  ) );
#2761 = ORIENTED_EDGE('',*,*,#172,.T.);
#2762 = ADVANCED_FACE('',(#2763),#228,.T.);
#2763 = FACE_BOUND('',#2764,.T.);
#2764 = EDGE_LOOP('',(#2765,#2766,#2767,#2768));
#2765 = ORIENTED_EDGE('',*,*,#212,.F.);
#2766 = ORIENTED_EDGE('',*,*,#2736,.F.);
#2767 = ORIENTED_EDGE('',*,*,#269,.T.);
#2768 = ORIENTED_EDGE('',*,*,#2708,.F.);
#2769 = ADVANCED_FACE('',(#2770),#107,.T.);
#2770 = FACE_BOUND('',#2771,.T.);
#2771 = EDGE_LOOP('',(#2772,#2773,#2774,#2775));
#2772 = ORIENTED_EDGE('',*,*,#91,.F.);
#2773 = ORIENTED_EDGE('',*,*,#2677,.F.);
#2774 = ORIENTED_EDGE('',*,*,#148,.T.);
#2775 = ORIENTED_EDGE('',*,*,#2649,.F.);
#2776 = ADVANCED_FACE('',(#2777),#1333,.T.);
#2777 = FACE_BOUND('',#2778,.T.);
#2778 = EDGE_LOOP('',(#2779,#2780,#2802,#2803));
#2779 = ORIENTED_EDGE('',*,*,#1317,.F.);
#2780 = ORIENTED_EDGE('',*,*,#2781,.T.);
#2781 = EDGE_CURVE('',#1224,#1510,#2782,.T.);
#2782 = SURFACE_CURVE('',#2783,(#2788,#2795),.PCURVE_S1.);
#2783 = CIRCLE('',#2784,3.04833541193);
#2784 = AXIS2_PLACEMENT_3D('',#2785,#2786,#2787);
#2785 = CARTESIAN_POINT('',(-9.112334170897,13.086413598562,
    9.985878585634));
#2786 = DIRECTION('',(-1.135572110156E-48,1.,3.796156675003E-16));
#2787 = DIRECTION('',(2.99137313703E-33,-3.796156675003E-16,1.));
#2788 = PCURVE('',#1333,#2789);
#2789 = DEFINITIONAL_REPRESENTATION('',(#2790),#2794);
#2790 = LINE('',#2791,#2792);
#2791 = CARTESIAN_POINT('',(0.,1.5));
#2792 = VECTOR('',#2793,1.);
#2793 = DIRECTION('',(1.,-7.281793858348E-16));
#2794 = ( GEOMETRIC_REPRESENTATION_CONTEXT(2) 
PARAMETRIC_REPRESENTATION_CONTEXT() REPRESENTATION_CONTEXT('2D SPACE',''
  ) );
#2795 = PCURVE('',#1261,#2796);
#2796 = DEFINITIONAL_REPRESENTATION('',(#2797),#2801);
#2797 = LINE('',#2798,#2799);
#2798 = CARTESIAN_POINT('',(0.,6.28318530718));
#2799 = VECTOR('',#2800,1.);
#2800 = DIRECTION('',(1.,0.));
#2801 = ( GEOMETRIC_REPRESENTATION_CONTEXT(2) 
PARAMETRIC_REPRESENTATION_CONTEXT() REPRESENTATION_CONTEXT('2D SPACE',''
  ) );
#2802 = ORIENTED_EDGE('',*,*,#1509,.T.);
#2803 = ORIENTED_EDGE('',*,*,#2101,.T.);
#2804 = ADVANCED_FACE('',(#2805),#1749,.F.);
#2805 = FACE_BOUND('',#2806,.T.);
#2806 = EDGE_LOOP('',(#2807,#2808,#2809,#2810));
#2807 = ORIENTED_EDGE('',*,*,#1733,.F.);
#2808 = ORIENTED_EDGE('',*,*,#2325,.F.);
#2809 = ORIENTED_EDGE('',*,*,#2257,.F.);
#2810 = ORIENTED_EDGE('',*,*,#2209,.T.);
#2811 = ADVANCED_FACE('',(#2812),#1211,.F.);
#2812 = FACE_BOUND('',#2813,.T.);
#2813 = EDGE_LOOP('',(#2814,#2815));
#2814 = ORIENTED_EDGE('',*,*,#1188,.T.);
#2815 = ORIENTED_EDGE('',*,*,#2816,.T.);
#2816 = EDGE_CURVE('',#1191,#1189,#2817,.T.);
#2817 = SURFACE_CURVE('',#2818,(#2823,#2834),.PCURVE_S1.);
#2818 = CIRCLE('',#2819,1.54833541193);
#2819 = AXIS2_PLACEMENT_3D('',#2820,#2821,#2822);
#2820 = CARTESIAN_POINT('',(-9.112334170897,11.586413598562,
    9.985878585634));
#2821 = DIRECTION('',(1.135572110156E-48,-1.,-3.796156675003E-16));
#2822 = DIRECTION('',(2.99137313703E-33,-3.796156675003E-16,1.));
#2823 = PCURVE('',#1211,#2824);
#2824 = DEFINITIONAL_REPRESENTATION('',(#2825),#2833);
#2825 = ( BOUNDED_CURVE() B_SPLINE_CURVE(2,(#2826,#2827,#2828,#2829,
#2830,#2831,#2832),.UNSPECIFIED.,.T.,.F.) B_SPLINE_CURVE_WITH_KNOTS((1,2
    ,2,2,2,1),(-2.094395102393,0.,2.094395102393,4.188790204786,
6.28318530718,8.377580409573),.UNSPECIFIED.) CURVE() 
GEOMETRIC_REPRESENTATION_ITEM() RATIONAL_B_SPLINE_CURVE((1.,0.5,1.,0.5,
1.,0.5,1.)) REPRESENTATION_ITEM('') );
#2826 = CARTESIAN_POINT('',(1.54833541193,9.263297916721E-33));
#2827 = CARTESIAN_POINT('',(1.54833541193,-2.681795600621));
#2828 = CARTESIAN_POINT('',(-0.774167705965,-1.340897800311));
#2829 = CARTESIAN_POINT('',(-3.09667082386,-3.792328012454E-16));
#2830 = CARTESIAN_POINT('',(-0.774167705965,1.340897800311));
#2831 = CARTESIAN_POINT('',(1.54833541193,2.681795600621));
#2832 = CARTESIAN_POINT('',(1.54833541193,9.263297916721E-33));
#2833 = ( GEOMETRIC_REPRESENTATION_CONTEXT(2) 
PARAMETRIC_REPRESENTATION_CONTEXT() REPRESENTATION_CONTEXT('2D SPACE',''
  ) );
#2834 = PCURVE('',#1261,#2835);
#2835 = DEFINITIONAL_REPRESENTATION('',(#2836),#2840);
#2836 = LINE('',#2837,#2838);
#2837 = CARTESIAN_POINT('',(6.28318530718,4.712388980385));
#2838 = VECTOR('',#2839,1.);
#2839 = DIRECTION('',(-1.,0.));
#2840 = ( GEOMETRIC_REPRESENTATION_CONTEXT(2) 
PARAMETRIC_REPRESENTATION_CONTEXT() REPRESENTATION_CONTEXT('2D SPACE',''
  ) );
#2841 = ADVANCED_FACE('',(#2842),#771,.T.);
#2842 = FACE_BOUND('',#2843,.T.);
#2843 = EDGE_LOOP('',(#2844,#2845,#2867,#2868));
#2844 = ORIENTED_EDGE('',*,*,#994,.F.);
#2845 = ORIENTED_EDGE('',*,*,#2846,.T.);
#2846 = EDGE_CURVE('',#906,#756,#2847,.T.);
#2847 = SURFACE_CURVE('',#2848,(#2853,#2860),.PCURVE_S1.);
#2848 = CIRCLE('',#2849,3.04833541193);
#2849 = AXIS2_PLACEMENT_3D('',#2850,#2851,#2852);
#2850 = CARTESIAN_POINT('',(-1.409004994758,13.086413598562,
    9.985878585634));
#2851 = DIRECTION('',(-1.135572110156E-48,1.,3.796156675003E-16));
#2852 = DIRECTION('',(-2.99137313703E-33,3.796156675003E-16,-1.));
#2853 = PCURVE('',#771,#2854);
#2854 = DEFINITIONAL_REPRESENTATION('',(#2855),#2859);
#2855 = LINE('',#2856,#2857);
#2856 = CARTESIAN_POINT('',(-3.14159265359,1.5));
#2857 = VECTOR('',#2858,1.);
#2858 = DIRECTION('',(1.,7.281793858348E-16));
#2859 = ( GEOMETRIC_REPRESENTATION_CONTEXT(2) 
PARAMETRIC_REPRESENTATION_CONTEXT() REPRESENTATION_CONTEXT('2D SPACE',''
  ) );
#2860 = PCURVE('',#821,#2861);
#2861 = DEFINITIONAL_REPRESENTATION('',(#2862),#2866);
#2862 = LINE('',#2863,#2864);
#2863 = CARTESIAN_POINT('',(6.28318530718,0.));
#2864 = VECTOR('',#2865,1.);
#2865 = DIRECTION('',(-1.,0.));
#2866 = ( GEOMETRIC_REPRESENTATION_CONTEXT(2) 
PARAMETRIC_REPRESENTATION_CONTEXT() REPRESENTATION_CONTEXT('2D SPACE',''
  ) );
#2867 = ORIENTED_EDGE('',*,*,#755,.T.);
#2868 = ORIENTED_EDGE('',*,*,#2055,.T.);
#2869 = ADVANCED_FACE('',(#2870),#1692,.F.);
#2870 = FACE_BOUND('',#2871,.T.);
#2871 = EDGE_LOOP('',(#2872,#2873,#2874,#2875));
#2872 = ORIENTED_EDGE('',*,*,#1669,.T.);
#2873 = ORIENTED_EDGE('',*,*,#2187,.T.);
#2874 = ORIENTED_EDGE('',*,*,#2233,.T.);
#2875 = ORIENTED_EDGE('',*,*,#2303,.T.);
#2876 = ADVANCED_FACE('',(#2877),#893,.T.);
#2877 = FACE_BOUND('',#2878,.T.);
#2878 = EDGE_LOOP('',(#2879,#2880));
#2879 = ORIENTED_EDGE('',*,*,#877,.T.);
#2880 = ORIENTED_EDGE('',*,*,#2881,.T.);
#2881 = EDGE_CURVE('',#784,#878,#2882,.T.);
#2882 = SURFACE_CURVE('',#2883,(#2888,#2895),.PCURVE_S1.);
#2883 = CIRCLE('',#2884,1.54833541193);
#2884 = AXIS2_PLACEMENT_3D('',#2885,#2886,#2887);
#2885 = CARTESIAN_POINT('',(-1.409004994758,11.586413598562,
    9.985878585634));
#2886 = DIRECTION('',(1.135572110156E-48,-1.,-3.796156675003E-16));
#2887 = DIRECTION('',(-2.99137313703E-33,3.796156675003E-16,-1.));
#2888 = PCURVE('',#893,#2889);
#2889 = DEFINITIONAL_REPRESENTATION('',(#2890),#2894);
#2890 = CIRCLE('',#2891,1.54833541193);
#2891 = AXIS2_PLACEMENT_2D('',#2892,#2893);
#2892 = CARTESIAN_POINT('',(0.,0.));
#2893 = DIRECTION('',(1.,-5.98274627406E-33));
#2894 = ( GEOMETRIC_REPRESENTATION_CONTEXT(2) 
PARAMETRIC_REPRESENTATION_CONTEXT() REPRESENTATION_CONTEXT('2D SPACE',''
  ) );
#2895 = PCURVE('',#821,#2896);
#2896 = DEFINITIONAL_REPRESENTATION('',(#2897),#2901);
#2897 = LINE('',#2898,#2899);
#2898 = CARTESIAN_POINT('',(-1.110223024625E-16,1.570796326795));
#2899 = VECTOR('',#2900,1.);
#2900 = DIRECTION('',(1.,0.));
#2901 = ( GEOMETRIC_REPRESENTATION_CONTEXT(2) 
PARAMETRIC_REPRESENTATION_CONTEXT() REPRESENTATION_CONTEXT('2D SPACE',''
  ) );
#2902 = ADVANCED_FACE('',(#2903),#821,.T.);
#2903 = FACE_BOUND('',#2904,.T.);
#2904 = EDGE_LOOP('',(#2905,#2906,#2907,#2908));
#2905 = ORIENTED_EDGE('',*,*,#783,.F.);
#2906 = ORIENTED_EDGE('',*,*,#2846,.F.);
#2907 = ORIENTED_EDGE('',*,*,#905,.F.);
#2908 = ORIENTED_EDGE('',*,*,#2881,.F.);
#2909 = ADVANCED_FACE('',(#2910),#1261,.T.);
#2910 = FACE_BOUND('',#2911,.T.);
#2911 = EDGE_LOOP('',(#2912,#2913,#2914,#2915));
#2912 = ORIENTED_EDGE('',*,*,#1532,.F.);
#2913 = ORIENTED_EDGE('',*,*,#2781,.F.);
#2914 = ORIENTED_EDGE('',*,*,#1223,.F.);
#2915 = ORIENTED_EDGE('',*,*,#2816,.F.);
#2916 = ( GEOMETRIC_REPRESENTATION_CONTEXT(3) 
GLOBAL_UNCERTAINTY_ASSIGNED_CONTEXT((#2920)) 
GLOBAL_UNIT_ASSIGNED_CONTEXT((#2917,#2918,#2919)) REPRESENTATION_CONTEXT
('Context #1','3D Context with UNIT and UNCERTAINTY') );
#2917 = ( LENGTH_UNIT() NAMED_UNIT(*) SI_UNIT(.MILLI.,.METRE.) );
#2918 = ( NAMED_UNIT(*) PLANE_ANGLE_UNIT() SI_UNIT($,.RADIAN.) );
#2919 = ( NAMED_UNIT(*) SI_UNIT($,.STERADIAN.) SOLID_ANGLE_UNIT() );
#2920 = UNCERTAINTY_MEASURE_WITH_UNIT(LENGTH_MEASURE(5.E-05),#2917,
  'distance_accuracy_value','confusion accuracy');
#2921 = CONTEXT_DEPENDENT_SHAPE_REPRESENTATION(#2922,#2924);
#2922 = ( REPRESENTATION_RELATIONSHIP('','',#44,#10) 
REPRESENTATION_RELATIONSHIP_WITH_TRANSFORMATION(#2923) 
SHAPE_REPRESENTATION_RELATIONSHIP() );
#2923 = ITEM_DEFINED_TRANSFORMATION('','',#11,#15);
#2924 = PRODUCT_DEFINITION_SHAPE('Placement','Placement of an item',
  #2925);
#2925 = NEXT_ASSEMBLY_USAGE_OCCURRENCE('1','','',#5,#39,$);
#2926 = PRODUCT_RELATED_PRODUCT_CATEGORY('part',$,(#41));
#2927 = SHAPE_DEFINITION_REPRESENTATION(#2928,#2934);
#2928 = PRODUCT_DEFINITION_SHAPE('','',#2929);
#2929 = PRODUCT_DEFINITION('design','',#2930,#2933);
#2930 = PRODUCT_DEFINITION_FORMATION('','',#2931);
#2931 = PRODUCT('Open CASCADE STEP translator 7.9 1.2',
  'Open CASCADE STEP translator 7.9 1.2','',(#2932));
#2932 = PRODUCT_CONTEXT('',#2,'mechanical');
#2933 = PRODUCT_DEFINITION_CONTEXT('part definition',#2,'design');
#2934 = ADVANCED_BREP_SHAPE_REPRESENTATION('',(#11,#2935),#10643);
#2935 = MANIFOLD_SOLID_BREP('',#2936);
#2936 = CLOSED_SHELL('',(#2937,#3067,#3187,#3307,#5431,#5551,#5627,#5681
    ,#5735,#5767,#5838,#5888,#5937,#5987,#6036,#6086,#6140,#6190,#6239,
    #6289,#6338,#6388,#6437,#6487,#6541,#6591,#6640,#6690,#6739,#6789,
    #6838,#6892,#6941,#6991,#7040,#7090,#7139,#7193,#7242,#7292,#7341,
    #7391,#7440,#7490,#7539,#7589,#7621,#7671,#7720,#7770,#7819,#7869,
    #7918,#7950,#7999,#8049,#8098,#8148,#8197,#8247,#8279,#8329,#8378,
    #8428,#8477,#8527,#8576,#8626,#8675,#8729,#8778,#8828,#8877,#8927,
    #8976,#9030,#9079,#9129,#9178,#9228,#9277,#9327,#9381,#9409,#9637,
    #9708,#9757,#9806,#9833,#10061,#10289,#10517));
#2937 = ADVANCED_FACE('',(#2938),#2953,.T.);
#2938 = FACE_BOUND('',#2939,.T.);
#2939 = EDGE_LOOP('',(#2940,#2980,#3008,#3041));
#2940 = ORIENTED_EDGE('',*,*,#2941,.T.);
#2941 = EDGE_CURVE('',#2942,#2944,#2946,.T.);
#2942 = VERTEX_POINT('',#2943);
#2943 = CARTESIAN_POINT('',(0.251821456086,-0.323571428571,
    -0.355125000056));
#2944 = VERTEX_POINT('',#2945);
#2945 = CARTESIAN_POINT('',(0.32,-0.285,-0.355125000056));
#2946 = SURFACE_CURVE('',#2947,(#2952,#2964),.PCURVE_S1.);
#2947 = CIRCLE('',#2948,4.5E-02);
#2948 = AXIS2_PLACEMENT_3D('',#2949,#2950,#2951);
#2949 = CARTESIAN_POINT('',(0.275,-0.285,-0.355125000056));
#2950 = DIRECTION('',(7.228014483237E-15,0.,1.));
#2951 = DIRECTION('',(-1.,0.,7.228014483237E-15));
#2952 = PCURVE('',#2953,#2958);
#2953 = CYLINDRICAL_SURFACE('',#2954,4.5E-02);
#2954 = AXIS2_PLACEMENT_3D('',#2955,#2956,#2957);
#2955 = CARTESIAN_POINT('',(0.275,-0.285,-0.355125000056));
#2956 = DIRECTION('',(7.228014483237E-15,0.,1.));
#2957 = DIRECTION('',(1.,0.,-7.228014483237E-15));
#2958 = DEFINITIONAL_REPRESENTATION('',(#2959),#2963);
#2959 = LINE('',#2960,#2961);
#2960 = CARTESIAN_POINT('',(3.14159265359,0.));
#2961 = VECTOR('',#2962,1.);
#2962 = DIRECTION('',(1.,0.));
#2963 = ( GEOMETRIC_REPRESENTATION_CONTEXT(2) 
PARAMETRIC_REPRESENTATION_CONTEXT() REPRESENTATION_CONTEXT('2D SPACE',''
  ) );
#2964 = PCURVE('',#2965,#2970);
#2965 = PLANE('',#2966);
#2966 = AXIS2_PLACEMENT_3D('',#2967,#2968,#2969);
#2967 = CARTESIAN_POINT('',(-2.913505490302E-15,0.,-0.355125000056));
#2968 = DIRECTION('',(-6.982962677686E-15,0.,-1.));
#2969 = DIRECTION('',(-1.,0.,6.982962677686E-15));
#2970 = DEFINITIONAL_REPRESENTATION('',(#2971),#2979);
#2971 = ( BOUNDED_CURVE() B_SPLINE_CURVE(2,(#2972,#2973,#2974,#2975,
#2976,#2977,#2978),.UNSPECIFIED.,.T.,.F.) B_SPLINE_CURVE_WITH_KNOTS((1,2
    ,2,2,2,1),(-2.094395102393,0.,2.094395102393,4.188790204786,
6.28318530718,8.377580409573),.UNSPECIFIED.) CURVE() 
GEOMETRIC_REPRESENTATION_ITEM() RATIONAL_B_SPLINE_CURVE((1.,0.5,1.,0.5,
1.,0.5,1.)) REPRESENTATION_ITEM('') );
#2972 = CARTESIAN_POINT('',(-0.23,-0.285));
#2973 = CARTESIAN_POINT('',(-0.23,-0.362942286341));
#2974 = CARTESIAN_POINT('',(-0.2975,-0.32397114317));
#2975 = CARTESIAN_POINT('',(-0.365,-0.285));
#2976 = CARTESIAN_POINT('',(-0.2975,-0.24602885683));
#2977 = CARTESIAN_POINT('',(-0.23,-0.207057713659));
#2978 = CARTESIAN_POINT('',(-0.23,-0.285));
#2979 = ( GEOMETRIC_REPRESENTATION_CONTEXT(2) 
PARAMETRIC_REPRESENTATION_CONTEXT() REPRESENTATION_CONTEXT('2D SPACE',''
  ) );
#2980 = ORIENTED_EDGE('',*,*,#2981,.T.);
#2981 = EDGE_CURVE('',#2944,#2982,#2984,.T.);
#2982 = VERTEX_POINT('',#2983);
#2983 = CARTESIAN_POINT('',(0.32,-0.285,-0.355));
#2984 = SURFACE_CURVE('',#2985,(#2989,#2996),.PCURVE_S1.);
#2985 = LINE('',#2986,#2987);
#2986 = CARTESIAN_POINT('',(0.32,-0.285,-0.355125000056));
#2987 = VECTOR('',#2988,1.);
#2988 = DIRECTION('',(7.228014483237E-15,0.,1.));
#2989 = PCURVE('',#2953,#2990);
#2990 = DEFINITIONAL_REPRESENTATION('',(#2991),#2995);
#2991 = LINE('',#2992,#2993);
#2992 = CARTESIAN_POINT('',(6.28318530718,5.551115123126E-17));
#2993 = VECTOR('',#2994,1.);
#2994 = DIRECTION('',(0.,1.));
#2995 = ( GEOMETRIC_REPRESENTATION_CONTEXT(2) 
PARAMETRIC_REPRESENTATION_CONTEXT() REPRESENTATION_CONTEXT('2D SPACE',''
  ) );
#2996 = PCURVE('',#2997,#3002);
#2997 = CYLINDRICAL_SURFACE('',#2998,4.5E-02);
#2998 = AXIS2_PLACEMENT_3D('',#2999,#3000,#3001);
#2999 = CARTESIAN_POINT('',(0.275,-0.285,-0.355125000056));
#3000 = DIRECTION('',(7.228014483237E-15,0.,1.));
#3001 = DIRECTION('',(1.,0.,-7.228014483237E-15));
#3002 = DEFINITIONAL_REPRESENTATION('',(#3003),#3007);
#3003 = LINE('',#3004,#3005);
#3004 = CARTESIAN_POINT('',(0.,5.551115123126E-17));
#3005 = VECTOR('',#3006,1.);
#3006 = DIRECTION('',(0.,1.));
#3007 = ( GEOMETRIC_REPRESENTATION_CONTEXT(2) 
PARAMETRIC_REPRESENTATION_CONTEXT() REPRESENTATION_CONTEXT('2D SPACE',''
  ) );
#3008 = ORIENTED_EDGE('',*,*,#3009,.F.);
#3009 = EDGE_CURVE('',#3010,#2982,#3012,.T.);
#3010 = VERTEX_POINT('',#3011);
#3011 = CARTESIAN_POINT('',(0.251821456086,-0.323571428571,-0.355));
#3012 = SURFACE_CURVE('',#3013,(#3018,#3025),.PCURVE_S1.);
#3013 = CIRCLE('',#3014,4.5E-02);
#3014 = AXIS2_PLACEMENT_3D('',#3015,#3016,#3017);
#3015 = CARTESIAN_POINT('',(0.275,-0.285,-0.355));
#3016 = DIRECTION('',(7.228014483237E-15,0.,1.));
#3017 = DIRECTION('',(-1.,0.,7.228014483237E-15));
#3018 = PCURVE('',#2953,#3019);
#3019 = DEFINITIONAL_REPRESENTATION('',(#3020),#3024);
#3020 = LINE('',#3021,#3022);
#3021 = CARTESIAN_POINT('',(3.14159265359,1.250000564816E-04));
#3022 = VECTOR('',#3023,1.);
#3023 = DIRECTION('',(1.,0.));
#3024 = ( GEOMETRIC_REPRESENTATION_CONTEXT(2) 
PARAMETRIC_REPRESENTATION_CONTEXT() REPRESENTATION_CONTEXT('2D SPACE',''
  ) );
#3025 = PCURVE('',#3026,#3031);
#3026 = PLANE('',#3027);
#3027 = AXIS2_PLACEMENT_3D('',#3028,#3029,#3030);
#3028 = CARTESIAN_POINT('',(0.485,-0.595,-0.355));
#3029 = DIRECTION('',(-6.982962677686E-15,0.,-1.));
#3030 = DIRECTION('',(-1.,0.,6.982962677686E-15));
#3031 = DEFINITIONAL_REPRESENTATION('',(#3032),#3040);
#3032 = ( BOUNDED_CURVE() B_SPLINE_CURVE(2,(#3033,#3034,#3035,#3036,
#3037,#3038,#3039),.UNSPECIFIED.,.T.,.F.) B_SPLINE_CURVE_WITH_KNOTS((1,2
    ,2,2,2,1),(-2.094395102393,0.,2.094395102393,4.188790204786,
6.28318530718,8.377580409573),.UNSPECIFIED.) CURVE() 
GEOMETRIC_REPRESENTATION_ITEM() RATIONAL_B_SPLINE_CURVE((1.,0.5,1.,0.5,
1.,0.5,1.)) REPRESENTATION_ITEM('') );
#3033 = CARTESIAN_POINT('',(0.255,0.31));
#3034 = CARTESIAN_POINT('',(0.255,0.232057713659));
#3035 = CARTESIAN_POINT('',(0.1875,0.27102885683));
#3036 = CARTESIAN_POINT('',(0.12,0.31));
#3037 = CARTESIAN_POINT('',(0.1875,0.34897114317));
#3038 = CARTESIAN_POINT('',(0.255,0.387942286341));
#3039 = CARTESIAN_POINT('',(0.255,0.31));
#3040 = ( GEOMETRIC_REPRESENTATION_CONTEXT(2) 
PARAMETRIC_REPRESENTATION_CONTEXT() REPRESENTATION_CONTEXT('2D SPACE',''
  ) );
#3041 = ORIENTED_EDGE('',*,*,#3042,.F.);
#3042 = EDGE_CURVE('',#2942,#3010,#3043,.T.);
#3043 = SURFACE_CURVE('',#3044,(#3048,#3055),.PCURVE_S1.);
#3044 = LINE('',#3045,#3046);
#3045 = CARTESIAN_POINT('',(0.251821456086,-0.323571428571,
    -0.355125000056));
#3046 = VECTOR('',#3047,1.);
#3047 = DIRECTION('',(6.982962677686E-15,0.,1.));
#3048 = PCURVE('',#2953,#3049);
#3049 = DEFINITIONAL_REPRESENTATION('',(#3050),#3054);
#3050 = LINE('',#3051,#3052);
#3051 = CARTESIAN_POINT('',(4.171289454427,-1.665334536938E-16));
#3052 = VECTOR('',#3053,1.);
#3053 = DIRECTION('',(0.,1.));
#3054 = ( GEOMETRIC_REPRESENTATION_CONTEXT(2) 
PARAMETRIC_REPRESENTATION_CONTEXT() REPRESENTATION_CONTEXT('2D SPACE',''
  ) );
#3055 = PCURVE('',#3056,#3061);
#3056 = CYLINDRICAL_SURFACE('',#3057,2.5E-02);
#3057 = AXIS2_PLACEMENT_3D('',#3058,#3059,#3060);
#3058 = CARTESIAN_POINT('',(0.238944487245,-0.345,-0.355125000056));
#3059 = DIRECTION('',(6.505213034913E-15,0.,1.));
#3060 = DIRECTION('',(1.,0.,-6.505213034913E-15));
#3061 = DEFINITIONAL_REPRESENTATION('',(#3062),#3066);
#3062 = LINE('',#3063,#3064);
#3063 = CARTESIAN_POINT('',(1.029696800838,1.110223024625E-16));
#3064 = VECTOR('',#3065,1.);
#3065 = DIRECTION('',(0.,1.));
#3066 = ( GEOMETRIC_REPRESENTATION_CONTEXT(2) 
PARAMETRIC_REPRESENTATION_CONTEXT() REPRESENTATION_CONTEXT('2D SPACE',''
  ) );
#3067 = ADVANCED_FACE('',(#3068),#3083,.T.);
#3068 = FACE_BOUND('',#3069,.T.);
#3069 = EDGE_LOOP('',(#3070,#3105,#3133,#3161));
#3070 = ORIENTED_EDGE('',*,*,#3071,.T.);
#3071 = EDGE_CURVE('',#3072,#3074,#3076,.T.);
#3072 = VERTEX_POINT('',#3073);
#3073 = CARTESIAN_POINT('',(0.175,-5.E-02,-0.355125000056));
#3074 = VERTEX_POINT('',#3075);
#3075 = CARTESIAN_POINT('',(0.225,1.219727444046E-16,-0.355125000056));
#3076 = SURFACE_CURVE('',#3077,(#3082,#3094),.PCURVE_S1.);
#3077 = CIRCLE('',#3078,5.E-02);
#3078 = AXIS2_PLACEMENT_3D('',#3079,#3080,#3081);
#3079 = CARTESIAN_POINT('',(0.175,1.219727444046E-16,-0.355125000056));
#3080 = DIRECTION('',(6.505213034913E-15,0.,1.));
#3081 = DIRECTION('',(-1.,0.,6.505213034913E-15));
#3082 = PCURVE('',#3083,#3088);
#3083 = CYLINDRICAL_SURFACE('',#3084,5.E-02);
#3084 = AXIS2_PLACEMENT_3D('',#3085,#3086,#3087);
#3085 = CARTESIAN_POINT('',(0.175,1.219727444046E-16,-0.355125000056));
#3086 = DIRECTION('',(6.505213034913E-15,0.,1.));
#3087 = DIRECTION('',(1.,0.,-6.505213034913E-15));
#3088 = DEFINITIONAL_REPRESENTATION('',(#3089),#3093);
#3089 = LINE('',#3090,#3091);
#3090 = CARTESIAN_POINT('',(3.14159265359,5.551115123126E-17));
#3091 = VECTOR('',#3092,1.);
#3092 = DIRECTION('',(1.,-3.533949646071E-17));
#3093 = ( GEOMETRIC_REPRESENTATION_CONTEXT(2) 
PARAMETRIC_REPRESENTATION_CONTEXT() REPRESENTATION_CONTEXT('2D SPACE',''
  ) );
#3094 = PCURVE('',#2965,#3095);
#3095 = DEFINITIONAL_REPRESENTATION('',(#3096),#3104);
#3096 = ( BOUNDED_CURVE() B_SPLINE_CURVE(2,(#3097,#3098,#3099,#3100,
#3101,#3102,#3103),.UNSPECIFIED.,.T.,.F.) B_SPLINE_CURVE_WITH_KNOTS((1,2
    ,2,2,2,1),(-2.094395102393,0.,2.094395102393,4.188790204786,
6.28318530718,8.377580409573),.UNSPECIFIED.) CURVE() 
GEOMETRIC_REPRESENTATION_ITEM() RATIONAL_B_SPLINE_CURVE((1.,0.5,1.,0.5,
1.,0.5,1.)) REPRESENTATION_ITEM('') );
#3097 = CARTESIAN_POINT('',(-0.125,1.219727444046E-16));
#3098 = CARTESIAN_POINT('',(-0.125,-8.660254037844E-02));
#3099 = CARTESIAN_POINT('',(-0.2,-4.330127018922E-02));
#3100 = CARTESIAN_POINT('',(-0.275,1.097262764131E-16));
#3101 = CARTESIAN_POINT('',(-0.2,4.330127018922E-02));
#3102 = CARTESIAN_POINT('',(-0.125,8.660254037844E-02));
#3103 = CARTESIAN_POINT('',(-0.125,1.219727444046E-16));
#3104 = ( GEOMETRIC_REPRESENTATION_CONTEXT(2) 
PARAMETRIC_REPRESENTATION_CONTEXT() REPRESENTATION_CONTEXT('2D SPACE',''
  ) );
#3105 = ORIENTED_EDGE('',*,*,#3106,.T.);
#3106 = EDGE_CURVE('',#3074,#3107,#3109,.T.);
#3107 = VERTEX_POINT('',#3108);
#3108 = CARTESIAN_POINT('',(0.225,1.219727444046E-16,-0.355));
#3109 = SURFACE_CURVE('',#3110,(#3114,#3121),.PCURVE_S1.);
#3110 = LINE('',#3111,#3112);
#3111 = CARTESIAN_POINT('',(0.225,1.219727444046E-16,-0.355125000056));
#3112 = VECTOR('',#3113,1.);
#3113 = DIRECTION('',(6.505213034913E-15,0.,1.));
#3114 = PCURVE('',#3083,#3115);
#3115 = DEFINITIONAL_REPRESENTATION('',(#3116),#3120);
#3116 = LINE('',#3117,#3118);
#3117 = CARTESIAN_POINT('',(6.28318530718,-5.551115123126E-17));
#3118 = VECTOR('',#3119,1.);
#3119 = DIRECTION('',(0.,1.));
#3120 = ( GEOMETRIC_REPRESENTATION_CONTEXT(2) 
PARAMETRIC_REPRESENTATION_CONTEXT() REPRESENTATION_CONTEXT('2D SPACE',''
  ) );
#3121 = PCURVE('',#3122,#3127);
#3122 = CYLINDRICAL_SURFACE('',#3123,5.E-02);
#3123 = AXIS2_PLACEMENT_3D('',#3124,#3125,#3126);
#3124 = CARTESIAN_POINT('',(0.175,1.219727444046E-16,-0.355125000056));
#3125 = DIRECTION('',(6.505213034913E-15,0.,1.));
#3126 = DIRECTION('',(1.,0.,-6.505213034913E-15));
#3127 = DEFINITIONAL_REPRESENTATION('',(#3128),#3132);
#3128 = LINE('',#3129,#3130);
#3129 = CARTESIAN_POINT('',(0.,-5.551115123126E-17));
#3130 = VECTOR('',#3131,1.);
#3131 = DIRECTION('',(0.,1.));
#3132 = ( GEOMETRIC_REPRESENTATION_CONTEXT(2) 
PARAMETRIC_REPRESENTATION_CONTEXT() REPRESENTATION_CONTEXT('2D SPACE',''
  ) );
#3133 = ORIENTED_EDGE('',*,*,#3134,.F.);
#3134 = EDGE_CURVE('',#3135,#3107,#3137,.T.);
#3135 = VERTEX_POINT('',#3136);
#3136 = CARTESIAN_POINT('',(0.175,-5.E-02,-0.355));
#3137 = SURFACE_CURVE('',#3138,(#3143,#3150),.PCURVE_S1.);
#3138 = CIRCLE('',#3139,5.E-02);
#3139 = AXIS2_PLACEMENT_3D('',#3140,#3141,#3142);
#3140 = CARTESIAN_POINT('',(0.175,1.219727444046E-16,-0.355));
#3141 = DIRECTION('',(6.505213034913E-15,0.,1.));
#3142 = DIRECTION('',(-1.,0.,6.505213034913E-15));
#3143 = PCURVE('',#3083,#3144);
#3144 = DEFINITIONAL_REPRESENTATION('',(#3145),#3149);
#3145 = LINE('',#3146,#3147);
#3146 = CARTESIAN_POINT('',(3.14159265359,1.250000564811E-04));
#3147 = VECTOR('',#3148,1.);
#3148 = DIRECTION('',(1.,-3.533949646071E-17));
#3149 = ( GEOMETRIC_REPRESENTATION_CONTEXT(2) 
PARAMETRIC_REPRESENTATION_CONTEXT() REPRESENTATION_CONTEXT('2D SPACE',''
  ) );
#3150 = PCURVE('',#3026,#3151);
#3151 = DEFINITIONAL_REPRESENTATION('',(#3152),#3160);
#3152 = ( BOUNDED_CURVE() B_SPLINE_CURVE(2,(#3153,#3154,#3155,#3156,
#3157,#3158,#3159),.UNSPECIFIED.,.T.,.F.) B_SPLINE_CURVE_WITH_KNOTS((1,2
    ,2,2,2,1),(-2.094395102393,0.,2.094395102393,4.188790204786,
6.28318530718,8.377580409573),.UNSPECIFIED.) CURVE() 
GEOMETRIC_REPRESENTATION_ITEM() RATIONAL_B_SPLINE_CURVE((1.,0.5,1.,0.5,
1.,0.5,1.)) REPRESENTATION_ITEM('') );
#3153 = CARTESIAN_POINT('',(0.36,0.595));
#3154 = CARTESIAN_POINT('',(0.36,0.508397459622));
#3155 = CARTESIAN_POINT('',(0.285,0.551698729811));
#3156 = CARTESIAN_POINT('',(0.21,0.595));
#3157 = CARTESIAN_POINT('',(0.285,0.638301270189));
#3158 = CARTESIAN_POINT('',(0.36,0.681602540378));
#3159 = CARTESIAN_POINT('',(0.36,0.595));
#3160 = ( GEOMETRIC_REPRESENTATION_CONTEXT(2) 
PARAMETRIC_REPRESENTATION_CONTEXT() REPRESENTATION_CONTEXT('2D SPACE',''
  ) );
#3161 = ORIENTED_EDGE('',*,*,#3162,.F.);
#3162 = EDGE_CURVE('',#3072,#3135,#3163,.T.);
#3163 = SURFACE_CURVE('',#3164,(#3168,#3175),.PCURVE_S1.);
#3164 = LINE('',#3165,#3166);
#3165 = CARTESIAN_POINT('',(0.175,-5.E-02,-0.355125000056));
#3166 = VECTOR('',#3167,1.);
#3167 = DIRECTION('',(6.982962677686E-15,0.,1.));
#3168 = PCURVE('',#3083,#3169);
#3169 = DEFINITIONAL_REPRESENTATION('',(#3170),#3174);
#3170 = LINE('',#3171,#3172);
#3171 = CARTESIAN_POINT('',(4.712388980385,0.));
#3172 = VECTOR('',#3173,1.);
#3173 = DIRECTION('',(0.,1.));
#3174 = ( GEOMETRIC_REPRESENTATION_CONTEXT(2) 
PARAMETRIC_REPRESENTATION_CONTEXT() REPRESENTATION_CONTEXT('2D SPACE',''
  ) );
#3175 = PCURVE('',#3176,#3181);
#3176 = PLANE('',#3177);
#3177 = AXIS2_PLACEMENT_3D('',#3178,#3179,#3180);
#3178 = CARTESIAN_POINT('',(0.175,-5.E-02,-0.355125000056));
#3179 = DIRECTION('',(0.,-1.,0.));
#3180 = DIRECTION('',(0.,0.,-1.));
#3181 = DEFINITIONAL_REPRESENTATION('',(#3182),#3186);
#3182 = LINE('',#3183,#3184);
#3183 = CARTESIAN_POINT('',(0.,0.));
#3184 = VECTOR('',#3185,1.);
#3185 = DIRECTION('',(-1.,6.982962677686E-15));
#3186 = ( GEOMETRIC_REPRESENTATION_CONTEXT(2) 
PARAMETRIC_REPRESENTATION_CONTEXT() REPRESENTATION_CONTEXT('2D SPACE',''
  ) );
#3187 = ADVANCED_FACE('',(#3188),#3203,.T.);
#3188 = FACE_BOUND('',#3189,.T.);
#3189 = EDGE_LOOP('',(#3190,#3225,#3253,#3281));
#3190 = ORIENTED_EDGE('',*,*,#3191,.T.);
#3191 = EDGE_CURVE('',#3192,#3194,#3196,.T.);
#3192 = VERTEX_POINT('',#3193);
#3193 = CARTESIAN_POINT('',(0.251821456086,0.246428571429,
    -0.355125000056));
#3194 = VERTEX_POINT('',#3195);
#3195 = CARTESIAN_POINT('',(0.32,0.285,-0.355125000056));
#3196 = SURFACE_CURVE('',#3197,(#3202,#3214),.PCURVE_S1.);
#3197 = CIRCLE('',#3198,4.5E-02);
#3198 = AXIS2_PLACEMENT_3D('',#3199,#3200,#3201);
#3199 = CARTESIAN_POINT('',(0.275,0.285,-0.355125000056));
#3200 = DIRECTION('',(7.228014483237E-15,0.,1.));
#3201 = DIRECTION('',(-1.,0.,7.228014483237E-15));
#3202 = PCURVE('',#3203,#3208);
#3203 = CYLINDRICAL_SURFACE('',#3204,4.5E-02);
#3204 = AXIS2_PLACEMENT_3D('',#3205,#3206,#3207);
#3205 = CARTESIAN_POINT('',(0.275,0.285,-0.355125000056));
#3206 = DIRECTION('',(7.228014483237E-15,0.,1.));
#3207 = DIRECTION('',(1.,0.,-7.228014483237E-15));
#3208 = DEFINITIONAL_REPRESENTATION('',(#3209),#3213);
#3209 = LINE('',#3210,#3211);
#3210 = CARTESIAN_POINT('',(3.14159265359,0.));
#3211 = VECTOR('',#3212,1.);
#3212 = DIRECTION('',(1.,0.));
#3213 = ( GEOMETRIC_REPRESENTATION_CONTEXT(2) 
PARAMETRIC_REPRESENTATION_CONTEXT() REPRESENTATION_CONTEXT('2D SPACE',''
  ) );
#3214 = PCURVE('',#2965,#3215);
#3215 = DEFINITIONAL_REPRESENTATION('',(#3216),#3224);
#3216 = ( BOUNDED_CURVE() B_SPLINE_CURVE(2,(#3217,#3218,#3219,#3220,
#3221,#3222,#3223),.UNSPECIFIED.,.T.,.F.) B_SPLINE_CURVE_WITH_KNOTS((1,2
    ,2,2,2,1),(-2.094395102393,0.,2.094395102393,4.188790204786,
6.28318530718,8.377580409573),.UNSPECIFIED.) CURVE() 
GEOMETRIC_REPRESENTATION_ITEM() RATIONAL_B_SPLINE_CURVE((1.,0.5,1.,0.5,
1.,0.5,1.)) REPRESENTATION_ITEM('') );
#3217 = CARTESIAN_POINT('',(-0.23,0.285));
#3218 = CARTESIAN_POINT('',(-0.23,0.207057713659));
#3219 = CARTESIAN_POINT('',(-0.2975,0.24602885683));
#3220 = CARTESIAN_POINT('',(-0.365,0.285));
#3221 = CARTESIAN_POINT('',(-0.2975,0.32397114317));
#3222 = CARTESIAN_POINT('',(-0.23,0.362942286341));
#3223 = CARTESIAN_POINT('',(-0.23,0.285));
#3224 = ( GEOMETRIC_REPRESENTATION_CONTEXT(2) 
PARAMETRIC_REPRESENTATION_CONTEXT() REPRESENTATION_CONTEXT('2D SPACE',''
  ) );
#3225 = ORIENTED_EDGE('',*,*,#3226,.T.);
#3226 = EDGE_CURVE('',#3194,#3227,#3229,.T.);
#3227 = VERTEX_POINT('',#3228);
#3228 = CARTESIAN_POINT('',(0.32,0.285,-0.355));
#3229 = SURFACE_CURVE('',#3230,(#3234,#3241),.PCURVE_S1.);
#3230 = LINE('',#3231,#3232);
#3231 = CARTESIAN_POINT('',(0.32,0.285,-0.355125000056));
#3232 = VECTOR('',#3233,1.);
#3233 = DIRECTION('',(7.228014483237E-15,0.,1.));
#3234 = PCURVE('',#3203,#3235);
#3235 = DEFINITIONAL_REPRESENTATION('',(#3236),#3240);
#3236 = LINE('',#3237,#3238);
#3237 = CARTESIAN_POINT('',(6.28318530718,5.551115123126E-17));
#3238 = VECTOR('',#3239,1.);
#3239 = DIRECTION('',(0.,1.));
#3240 = ( GEOMETRIC_REPRESENTATION_CONTEXT(2) 
PARAMETRIC_REPRESENTATION_CONTEXT() REPRESENTATION_CONTEXT('2D SPACE',''
  ) );
#3241 = PCURVE('',#3242,#3247);
#3242 = CYLINDRICAL_SURFACE('',#3243,4.5E-02);
#3243 = AXIS2_PLACEMENT_3D('',#3244,#3245,#3246);
#3244 = CARTESIAN_POINT('',(0.275,0.285,-0.355125000056));
#3245 = DIRECTION('',(7.228014483237E-15,0.,1.));
#3246 = DIRECTION('',(1.,0.,-7.228014483237E-15));
#3247 = DEFINITIONAL_REPRESENTATION('',(#3248),#3252);
#3248 = LINE('',#3249,#3250);
#3249 = CARTESIAN_POINT('',(0.,5.551115123126E-17));
#3250 = VECTOR('',#3251,1.);
#3251 = DIRECTION('',(0.,1.));
#3252 = ( GEOMETRIC_REPRESENTATION_CONTEXT(2) 
PARAMETRIC_REPRESENTATION_CONTEXT() REPRESENTATION_CONTEXT('2D SPACE',''
  ) );
#3253 = ORIENTED_EDGE('',*,*,#3254,.F.);
#3254 = EDGE_CURVE('',#3255,#3227,#3257,.T.);
#3255 = VERTEX_POINT('',#3256);
#3256 = CARTESIAN_POINT('',(0.251821456086,0.246428571429,-0.355));
#3257 = SURFACE_CURVE('',#3258,(#3263,#3270),.PCURVE_S1.);
#3258 = CIRCLE('',#3259,4.5E-02);
#3259 = AXIS2_PLACEMENT_3D('',#3260,#3261,#3262);
#3260 = CARTESIAN_POINT('',(0.275,0.285,-0.355));
#3261 = DIRECTION('',(7.228014483237E-15,0.,1.));
#3262 = DIRECTION('',(-1.,0.,7.228014483237E-15));
#3263 = PCURVE('',#3203,#3264);
#3264 = DEFINITIONAL_REPRESENTATION('',(#3265),#3269);
#3265 = LINE('',#3266,#3267);
#3266 = CARTESIAN_POINT('',(3.14159265359,1.250000564816E-04));
#3267 = VECTOR('',#3268,1.);
#3268 = DIRECTION('',(1.,0.));
#3269 = ( GEOMETRIC_REPRESENTATION_CONTEXT(2) 
PARAMETRIC_REPRESENTATION_CONTEXT() REPRESENTATION_CONTEXT('2D SPACE',''
  ) );
#3270 = PCURVE('',#3026,#3271);
#3271 = DEFINITIONAL_REPRESENTATION('',(#3272),#3280);
#3272 = ( BOUNDED_CURVE() B_SPLINE_CURVE(2,(#3273,#3274,#3275,#3276,
#3277,#3278,#3279),.UNSPECIFIED.,.T.,.F.) B_SPLINE_CURVE_WITH_KNOTS((1,2
    ,2,2,2,1),(-2.094395102393,0.,2.094395102393,4.188790204786,
6.28318530718,8.377580409573),.UNSPECIFIED.) CURVE() 
GEOMETRIC_REPRESENTATION_ITEM() RATIONAL_B_SPLINE_CURVE((1.,0.5,1.,0.5,
1.,0.5,1.)) REPRESENTATION_ITEM('') );
#3273 = CARTESIAN_POINT('',(0.255,0.88));
#3274 = CARTESIAN_POINT('',(0.255,0.802057713659));
#3275 = CARTESIAN_POINT('',(0.1875,0.84102885683));
#3276 = CARTESIAN_POINT('',(0.12,0.88));
#3277 = CARTESIAN_POINT('',(0.1875,0.91897114317));
#3278 = CARTESIAN_POINT('',(0.255,0.957942286341));
#3279 = CARTESIAN_POINT('',(0.255,0.88));
#3280 = ( GEOMETRIC_REPRESENTATION_CONTEXT(2) 
PARAMETRIC_REPRESENTATION_CONTEXT() REPRESENTATION_CONTEXT('2D SPACE',''
  ) );
#3281 = ORIENTED_EDGE('',*,*,#3282,.F.);
#3282 = EDGE_CURVE('',#3192,#3255,#3283,.T.);
#3283 = SURFACE_CURVE('',#3284,(#3288,#3295),.PCURVE_S1.);
#3284 = LINE('',#3285,#3286);
#3285 = CARTESIAN_POINT('',(0.251821456086,0.246428571429,
    -0.355125000056));
#3286 = VECTOR('',#3287,1.);
#3287 = DIRECTION('',(6.982962677686E-15,0.,1.));
#3288 = PCURVE('',#3203,#3289);
#3289 = DEFINITIONAL_REPRESENTATION('',(#3290),#3294);
#3290 = LINE('',#3291,#3292);
#3291 = CARTESIAN_POINT('',(4.171289454427,-1.665334536938E-16));
#3292 = VECTOR('',#3293,1.);
#3293 = DIRECTION('',(0.,1.));
#3294 = ( GEOMETRIC_REPRESENTATION_CONTEXT(2) 
PARAMETRIC_REPRESENTATION_CONTEXT() REPRESENTATION_CONTEXT('2D SPACE',''
  ) );
#3295 = PCURVE('',#3296,#3301);
#3296 = CYLINDRICAL_SURFACE('',#3297,2.5E-02);
#3297 = AXIS2_PLACEMENT_3D('',#3298,#3299,#3300);
#3298 = CARTESIAN_POINT('',(0.238944487245,0.225,-0.355125000056));
#3299 = DIRECTION('',(6.505213034913E-15,0.,1.));
#3300 = DIRECTION('',(1.,0.,-6.505213034913E-15));
#3301 = DEFINITIONAL_REPRESENTATION('',(#3302),#3306);
#3302 = LINE('',#3303,#3304);
#3303 = CARTESIAN_POINT('',(1.029696800838,1.110223024625E-16));
#3304 = VECTOR('',#3305,1.);
#3305 = DIRECTION('',(0.,1.));
#3306 = ( GEOMETRIC_REPRESENTATION_CONTEXT(2) 
PARAMETRIC_REPRESENTATION_CONTEXT() REPRESENTATION_CONTEXT('2D SPACE',''
  ) );
#3307 = ADVANCED_FACE('',(#3308),#3026,.T.);
#3308 = FACE_BOUND('',#3309,.T.);
#3309 = EDGE_LOOP('',(#3310,#3341,#3369,#3398,#3426,#3459,#3487,#3516,
    #3544,#3573,#3601,#3630,#3658,#3680,#3681,#3709,#3738,#3766,#3795,
    #3823,#3852,#3873,#3874,#3902,#3930,#3959,#3987,#4016,#4044,#4066,
    #4067,#4095,#4124,#4152,#4181,#4209,#4238,#4266,#4295,#4323,#4356,
    #4384,#4413,#4441,#4470,#4498,#4531,#4559,#4588,#4616,#4645,#4673,
    #4702,#4735,#4764,#4792,#4821,#4849,#4878,#4906,#4935,#4968,#4997,
    #5025,#5054,#5082,#5111,#5139,#5168,#5201,#5230,#5258,#5287,#5315,
    #5344,#5372,#5405));
#3310 = ORIENTED_EDGE('',*,*,#3311,.T.);
#3311 = EDGE_CURVE('',#3312,#3314,#3316,.T.);
#3312 = VERTEX_POINT('',#3313);
#3313 = CARTESIAN_POINT('',(0.51,-0.595,-0.355));
#3314 = VERTEX_POINT('',#3315);
#3315 = CARTESIAN_POINT('',(0.485,-0.62,-0.355));
#3316 = SURFACE_CURVE('',#3317,(#3322,#3329),.PCURVE_S1.);
#3317 = CIRCLE('',#3318,2.5E-02);
#3318 = AXIS2_PLACEMENT_3D('',#3319,#3320,#3321);
#3319 = CARTESIAN_POINT('',(0.485,-0.595,-0.355));
#3320 = DIRECTION('',(-6.505213034913E-15,0.,-1.));
#3321 = DIRECTION('',(-1.,0.,6.505213034913E-15));
#3322 = PCURVE('',#3026,#3323);
#3323 = DEFINITIONAL_REPRESENTATION('',(#3324),#3328);
#3324 = CIRCLE('',#3325,2.5E-02);
#3325 = AXIS2_PLACEMENT_2D('',#3326,#3327);
#3326 = CARTESIAN_POINT('',(0.,0.));
#3327 = DIRECTION('',(1.,0.));
#3328 = ( GEOMETRIC_REPRESENTATION_CONTEXT(2) 
PARAMETRIC_REPRESENTATION_CONTEXT() REPRESENTATION_CONTEXT('2D SPACE',''
  ) );
#3329 = PCURVE('',#3330,#3335);
#3330 = CYLINDRICAL_SURFACE('',#3331,2.5E-02);
#3331 = AXIS2_PLACEMENT_3D('',#3332,#3333,#3334);
#3332 = CARTESIAN_POINT('',(0.485,-0.595,-0.355125000056));
#3333 = DIRECTION('',(6.505213034913E-15,0.,1.));
#3334 = DIRECTION('',(1.,0.,-6.505213034913E-15));
#3335 = DEFINITIONAL_REPRESENTATION('',(#3336),#3340);
#3336 = LINE('',#3337,#3338);
#3337 = CARTESIAN_POINT('',(9.424777960769,1.25000056483E-04));
#3338 = VECTOR('',#3339,1.);
#3339 = DIRECTION('',(-1.,0.));
#3340 = ( GEOMETRIC_REPRESENTATION_CONTEXT(2) 
PARAMETRIC_REPRESENTATION_CONTEXT() REPRESENTATION_CONTEXT('2D SPACE',''
  ) );
#3341 = ORIENTED_EDGE('',*,*,#3342,.T.);
#3342 = EDGE_CURVE('',#3314,#3343,#3345,.T.);
#3343 = VERTEX_POINT('',#3344);
#3344 = CARTESIAN_POINT('',(0.335,-0.62,-0.355));
#3345 = SURFACE_CURVE('',#3346,(#3350,#3357),.PCURVE_S1.);
#3346 = LINE('',#3347,#3348);
#3347 = CARTESIAN_POINT('',(0.485,-0.62,-0.355));
#3348 = VECTOR('',#3349,1.);
#3349 = DIRECTION('',(-1.,0.,6.982962677686E-15));
#3350 = PCURVE('',#3026,#3351);
#3351 = DEFINITIONAL_REPRESENTATION('',(#3352),#3356);
#3352 = LINE('',#3353,#3354);
#3353 = CARTESIAN_POINT('',(0.,-2.5E-02));
#3354 = VECTOR('',#3355,1.);
#3355 = DIRECTION('',(1.,0.));
#3356 = ( GEOMETRIC_REPRESENTATION_CONTEXT(2) 
PARAMETRIC_REPRESENTATION_CONTEXT() REPRESENTATION_CONTEXT('2D SPACE',''
  ) );
#3357 = PCURVE('',#3358,#3363);
#3358 = PLANE('',#3359);
#3359 = AXIS2_PLACEMENT_3D('',#3360,#3361,#3362);
#3360 = CARTESIAN_POINT('',(0.335,-0.62,-0.355125000056));
#3361 = DIRECTION('',(-0.,1.,0.));
#3362 = DIRECTION('',(1.,0.,0.));
#3363 = DEFINITIONAL_REPRESENTATION('',(#3364),#3368);
#3364 = LINE('',#3365,#3366);
#3365 = CARTESIAN_POINT('',(0.15,-1.25000056482E-04));
#3366 = VECTOR('',#3367,1.);
#3367 = DIRECTION('',(-1.,-6.982962677686E-15));
#3368 = ( GEOMETRIC_REPRESENTATION_CONTEXT(2) 
PARAMETRIC_REPRESENTATION_CONTEXT() REPRESENTATION_CONTEXT('2D SPACE',''
  ) );
#3369 = ORIENTED_EDGE('',*,*,#3370,.T.);
#3370 = EDGE_CURVE('',#3343,#3371,#3373,.T.);
#3371 = VERTEX_POINT('',#3372);
#3372 = CARTESIAN_POINT('',(0.31,-0.595,-0.355));
#3373 = SURFACE_CURVE('',#3374,(#3379,#3386),.PCURVE_S1.);
#3374 = CIRCLE('',#3375,2.5E-02);
#3375 = AXIS2_PLACEMENT_3D('',#3376,#3377,#3378);
#3376 = CARTESIAN_POINT('',(0.335,-0.595,-0.355));
#3377 = DIRECTION('',(-6.505213034913E-15,0.,-1.));
#3378 = DIRECTION('',(1.,0.,-6.505213034913E-15));
#3379 = PCURVE('',#3026,#3380);
#3380 = DEFINITIONAL_REPRESENTATION('',(#3381),#3385);
#3381 = CIRCLE('',#3382,2.5E-02);
#3382 = AXIS2_PLACEMENT_2D('',#3383,#3384);
#3383 = CARTESIAN_POINT('',(0.15,0.));
#3384 = DIRECTION('',(-1.,0.));
#3385 = ( GEOMETRIC_REPRESENTATION_CONTEXT(2) 
PARAMETRIC_REPRESENTATION_CONTEXT() REPRESENTATION_CONTEXT('2D SPACE',''
  ) );
#3386 = PCURVE('',#3387,#3392);
#3387 = CYLINDRICAL_SURFACE('',#3388,2.5E-02);
#3388 = AXIS2_PLACEMENT_3D('',#3389,#3390,#3391);
#3389 = CARTESIAN_POINT('',(0.335,-0.595,-0.355125000056));
#3390 = DIRECTION('',(6.505213034913E-15,0.,1.));
#3391 = DIRECTION('',(1.,0.,-6.505213034913E-15));
#3392 = DEFINITIONAL_REPRESENTATION('',(#3393),#3397);
#3393 = LINE('',#3394,#3395);
#3394 = CARTESIAN_POINT('',(6.28318530718,1.25000056482E-04));
#3395 = VECTOR('',#3396,1.);
#3396 = DIRECTION('',(-1.,0.));
#3397 = ( GEOMETRIC_REPRESENTATION_CONTEXT(2) 
PARAMETRIC_REPRESENTATION_CONTEXT() REPRESENTATION_CONTEXT('2D SPACE',''
  ) );
#3398 = ORIENTED_EDGE('',*,*,#3399,.T.);
#3399 = EDGE_CURVE('',#3371,#3400,#3402,.T.);
#3400 = VERTEX_POINT('',#3401);
#3401 = CARTESIAN_POINT('',(0.31,-0.57,-0.355));
#3402 = SURFACE_CURVE('',#3403,(#3407,#3414),.PCURVE_S1.);
#3403 = LINE('',#3404,#3405);
#3404 = CARTESIAN_POINT('',(0.31,-0.57,-0.355));
#3405 = VECTOR('',#3406,1.);
#3406 = DIRECTION('',(4.336808689942E-15,1.,-3.028377322213E-29));
#3407 = PCURVE('',#3026,#3408);
#3408 = DEFINITIONAL_REPRESENTATION('',(#3409),#3413);
#3409 = LINE('',#3410,#3411);
#3410 = CARTESIAN_POINT('',(0.175,2.5E-02));
#3411 = VECTOR('',#3412,1.);
#3412 = DIRECTION('',(-4.336808689942E-15,1.));
#3413 = ( GEOMETRIC_REPRESENTATION_CONTEXT(2) 
PARAMETRIC_REPRESENTATION_CONTEXT() REPRESENTATION_CONTEXT('2D SPACE',''
  ) );
#3414 = PCURVE('',#3415,#3420);
#3415 = PLANE('',#3416);
#3416 = AXIS2_PLACEMENT_3D('',#3417,#3418,#3419);
#3417 = CARTESIAN_POINT('',(0.31,-0.57,-0.355125000056));
#3418 = DIRECTION('',(1.,0.,-6.982962677686E-15));
#3419 = DIRECTION('',(-6.982962677686E-15,0.,-1.));
#3420 = DEFINITIONAL_REPRESENTATION('',(#3421),#3425);
#3421 = LINE('',#3422,#3423);
#3422 = CARTESIAN_POINT('',(-1.25000056482E-04,0.));
#3423 = VECTOR('',#3424,1.);
#3424 = DIRECTION('',(-3.923635700109E-44,1.));
#3425 = ( GEOMETRIC_REPRESENTATION_CONTEXT(2) 
PARAMETRIC_REPRESENTATION_CONTEXT() REPRESENTATION_CONTEXT('2D SPACE',''
  ) );
#3426 = ORIENTED_EDGE('',*,*,#3427,.T.);
#3427 = EDGE_CURVE('',#3400,#3428,#3430,.T.);
#3428 = VERTEX_POINT('',#3429);
#3429 = CARTESIAN_POINT('',(0.21,-0.57,-0.355));
#3430 = SURFACE_CURVE('',#3431,(#3436,#3447),.PCURVE_S1.);
#3431 = CIRCLE('',#3432,5.E-02);
#3432 = AXIS2_PLACEMENT_3D('',#3433,#3434,#3435);
#3433 = CARTESIAN_POINT('',(0.26,-0.57,-0.355));
#3434 = DIRECTION('',(6.505213034913E-15,0.,1.));
#3435 = DIRECTION('',(-1.,0.,6.505213034913E-15));
#3436 = PCURVE('',#3026,#3437);
#3437 = DEFINITIONAL_REPRESENTATION('',(#3438),#3446);
#3438 = ( BOUNDED_CURVE() B_SPLINE_CURVE(2,(#3439,#3440,#3441,#3442,
#3443,#3444,#3445),.UNSPECIFIED.,.T.,.F.) B_SPLINE_CURVE_WITH_KNOTS((1,2
    ,2,2,2,1),(-2.094395102393,0.,2.094395102393,4.188790204786,
6.28318530718,8.377580409573),.UNSPECIFIED.) CURVE() 
GEOMETRIC_REPRESENTATION_ITEM() RATIONAL_B_SPLINE_CURVE((1.,0.5,1.,0.5,
1.,0.5,1.)) REPRESENTATION_ITEM('') );
#3439 = CARTESIAN_POINT('',(0.275,2.5E-02));
#3440 = CARTESIAN_POINT('',(0.275,-6.160254037844E-02));
#3441 = CARTESIAN_POINT('',(0.2,-1.830127018922E-02));
#3442 = CARTESIAN_POINT('',(0.125,2.5E-02));
#3443 = CARTESIAN_POINT('',(0.2,6.830127018922E-02));
#3444 = CARTESIAN_POINT('',(0.275,0.111602540378));
#3445 = CARTESIAN_POINT('',(0.275,2.5E-02));
#3446 = ( GEOMETRIC_REPRESENTATION_CONTEXT(2) 
PARAMETRIC_REPRESENTATION_CONTEXT() REPRESENTATION_CONTEXT('2D SPACE',''
  ) );
#3447 = PCURVE('',#3448,#3453);
#3448 = CYLINDRICAL_SURFACE('',#3449,5.E-02);
#3449 = AXIS2_PLACEMENT_3D('',#3450,#3451,#3452);
#3450 = CARTESIAN_POINT('',(0.26,-0.57,-0.355125000056));
#3451 = DIRECTION('',(6.505213034913E-15,0.,1.));
#3452 = DIRECTION('',(1.,0.,-6.505213034913E-15));
#3453 = DEFINITIONAL_REPRESENTATION('',(#3454),#3458);
#3454 = LINE('',#3455,#3456);
#3455 = CARTESIAN_POINT('',(-3.14159265359,1.250000564815E-04));
#3456 = VECTOR('',#3457,1.);
#3457 = DIRECTION('',(1.,1.766974823035E-17));
#3458 = ( GEOMETRIC_REPRESENTATION_CONTEXT(2) 
PARAMETRIC_REPRESENTATION_CONTEXT() REPRESENTATION_CONTEXT('2D SPACE',''
  ) );
#3459 = ORIENTED_EDGE('',*,*,#3460,.T.);
#3460 = EDGE_CURVE('',#3428,#3461,#3463,.T.);
#3461 = VERTEX_POINT('',#3462);
#3462 = CARTESIAN_POINT('',(0.21,-0.595,-0.355));
#3463 = SURFACE_CURVE('',#3464,(#3468,#3475),.PCURVE_S1.);
#3464 = LINE('',#3465,#3466);
#3465 = CARTESIAN_POINT('',(0.21,-0.57,-0.355));
#3466 = VECTOR('',#3467,1.);
#3467 = DIRECTION('',(1.084202172486E-15,-1.,-7.570943305533E-30));
#3468 = PCURVE('',#3026,#3469);
#3469 = DEFINITIONAL_REPRESENTATION('',(#3470),#3474);
#3470 = LINE('',#3471,#3472);
#3471 = CARTESIAN_POINT('',(0.275,2.5E-02));
#3472 = VECTOR('',#3473,1.);
#3473 = DIRECTION('',(-1.084202172486E-15,-1.));
#3474 = ( GEOMETRIC_REPRESENTATION_CONTEXT(2) 
PARAMETRIC_REPRESENTATION_CONTEXT() REPRESENTATION_CONTEXT('2D SPACE',''
  ) );
#3475 = PCURVE('',#3476,#3481);
#3476 = PLANE('',#3477);
#3477 = AXIS2_PLACEMENT_3D('',#3478,#3479,#3480);
#3478 = CARTESIAN_POINT('',(0.21,-0.57,-0.355125000056));
#3479 = DIRECTION('',(-1.,0.,6.982962677686E-15));
#3480 = DIRECTION('',(0.,1.,0.));
#3481 = DEFINITIONAL_REPRESENTATION('',(#3482),#3486);
#3482 = LINE('',#3483,#3484);
#3483 = CARTESIAN_POINT('',(0.,-1.250000564811E-04));
#3484 = VECTOR('',#3485,1.);
#3485 = DIRECTION('',(-1.,2.80259692865E-45));
#3486 = ( GEOMETRIC_REPRESENTATION_CONTEXT(2) 
PARAMETRIC_REPRESENTATION_CONTEXT() REPRESENTATION_CONTEXT('2D SPACE',''
  ) );
#3487 = ORIENTED_EDGE('',*,*,#3488,.T.);
#3488 = EDGE_CURVE('',#3461,#3489,#3491,.T.);
#3489 = VERTEX_POINT('',#3490);
#3490 = CARTESIAN_POINT('',(0.185,-0.62,-0.355));
#3491 = SURFACE_CURVE('',#3492,(#3497,#3504),.PCURVE_S1.);
#3492 = CIRCLE('',#3493,2.5E-02);
#3493 = AXIS2_PLACEMENT_3D('',#3494,#3495,#3496);
#3494 = CARTESIAN_POINT('',(0.185,-0.595,-0.355));
#3495 = DIRECTION('',(-6.505213034913E-15,0.,-1.));
#3496 = DIRECTION('',(-1.,0.,6.505213034913E-15));
#3497 = PCURVE('',#3026,#3498);
#3498 = DEFINITIONAL_REPRESENTATION('',(#3499),#3503);
#3499 = CIRCLE('',#3500,2.5E-02);
#3500 = AXIS2_PLACEMENT_2D('',#3501,#3502);
#3501 = CARTESIAN_POINT('',(0.3,0.));
#3502 = DIRECTION('',(1.,0.));
#3503 = ( GEOMETRIC_REPRESENTATION_CONTEXT(2) 
PARAMETRIC_REPRESENTATION_CONTEXT() REPRESENTATION_CONTEXT('2D SPACE',''
  ) );
#3504 = PCURVE('',#3505,#3510);
#3505 = CYLINDRICAL_SURFACE('',#3506,2.5E-02);
#3506 = AXIS2_PLACEMENT_3D('',#3507,#3508,#3509);
#3507 = CARTESIAN_POINT('',(0.185,-0.595,-0.355125000056));
#3508 = DIRECTION('',(6.505213034913E-15,0.,1.));
#3509 = DIRECTION('',(1.,0.,-6.505213034913E-15));
#3510 = DEFINITIONAL_REPRESENTATION('',(#3511),#3515);
#3511 = LINE('',#3512,#3513);
#3512 = CARTESIAN_POINT('',(9.424777960769,1.250000564811E-04));
#3513 = VECTOR('',#3514,1.);
#3514 = DIRECTION('',(-1.,0.));
#3515 = ( GEOMETRIC_REPRESENTATION_CONTEXT(2) 
PARAMETRIC_REPRESENTATION_CONTEXT() REPRESENTATION_CONTEXT('2D SPACE',''
  ) );
#3516 = ORIENTED_EDGE('',*,*,#3517,.T.);
#3517 = EDGE_CURVE('',#3489,#3518,#3520,.T.);
#3518 = VERTEX_POINT('',#3519);
#3519 = CARTESIAN_POINT('',(0.115,-0.62,-0.355));
#3520 = SURFACE_CURVE('',#3521,(#3525,#3532),.PCURVE_S1.);
#3521 = LINE('',#3522,#3523);
#3522 = CARTESIAN_POINT('',(0.185,-0.62,-0.355));
#3523 = VECTOR('',#3524,1.);
#3524 = DIRECTION('',(-1.,0.,6.982962677686E-15));
#3525 = PCURVE('',#3026,#3526);
#3526 = DEFINITIONAL_REPRESENTATION('',(#3527),#3531);
#3527 = LINE('',#3528,#3529);
#3528 = CARTESIAN_POINT('',(0.3,-2.5E-02));
#3529 = VECTOR('',#3530,1.);
#3530 = DIRECTION('',(1.,0.));
#3531 = ( GEOMETRIC_REPRESENTATION_CONTEXT(2) 
PARAMETRIC_REPRESENTATION_CONTEXT() REPRESENTATION_CONTEXT('2D SPACE',''
  ) );
#3532 = PCURVE('',#3533,#3538);
#3533 = PLANE('',#3534);
#3534 = AXIS2_PLACEMENT_3D('',#3535,#3536,#3537);
#3535 = CARTESIAN_POINT('',(0.115,-0.62,-0.355125000056));
#3536 = DIRECTION('',(-0.,1.,0.));
#3537 = DIRECTION('',(1.,0.,0.));
#3538 = DEFINITIONAL_REPRESENTATION('',(#3539),#3543);
#3539 = LINE('',#3540,#3541);
#3540 = CARTESIAN_POINT('',(7.E-02,-1.250000564805E-04));
#3541 = VECTOR('',#3542,1.);
#3542 = DIRECTION('',(-1.,-6.982962677686E-15));
#3543 = ( GEOMETRIC_REPRESENTATION_CONTEXT(2) 
PARAMETRIC_REPRESENTATION_CONTEXT() REPRESENTATION_CONTEXT('2D SPACE',''
  ) );
#3544 = ORIENTED_EDGE('',*,*,#3545,.T.);
#3545 = EDGE_CURVE('',#3518,#3546,#3548,.T.);
#3546 = VERTEX_POINT('',#3547);
#3547 = CARTESIAN_POINT('',(9.E-02,-0.595,-0.355));
#3548 = SURFACE_CURVE('',#3549,(#3554,#3561),.PCURVE_S1.);
#3549 = CIRCLE('',#3550,2.5E-02);
#3550 = AXIS2_PLACEMENT_3D('',#3551,#3552,#3553);
#3551 = CARTESIAN_POINT('',(0.115,-0.595,-0.355));
#3552 = DIRECTION('',(-6.505213034913E-15,0.,-1.));
#3553 = DIRECTION('',(-1.,0.,6.505213034913E-15));
#3554 = PCURVE('',#3026,#3555);
#3555 = DEFINITIONAL_REPRESENTATION('',(#3556),#3560);
#3556 = CIRCLE('',#3557,2.5E-02);
#3557 = AXIS2_PLACEMENT_2D('',#3558,#3559);
#3558 = CARTESIAN_POINT('',(0.37,0.));
#3559 = DIRECTION('',(1.,0.));
#3560 = ( GEOMETRIC_REPRESENTATION_CONTEXT(2) 
PARAMETRIC_REPRESENTATION_CONTEXT() REPRESENTATION_CONTEXT('2D SPACE',''
  ) );
#3561 = PCURVE('',#3562,#3567);
#3562 = CYLINDRICAL_SURFACE('',#3563,2.5E-02);
#3563 = AXIS2_PLACEMENT_3D('',#3564,#3565,#3566);
#3564 = CARTESIAN_POINT('',(0.115,-0.595,-0.355125000056));
#3565 = DIRECTION('',(6.505213034913E-15,0.,1.));
#3566 = DIRECTION('',(1.,0.,-6.505213034913E-15));
#3567 = DEFINITIONAL_REPRESENTATION('',(#3568),#3572);
#3568 = LINE('',#3569,#3570);
#3569 = CARTESIAN_POINT('',(9.424777960769,1.250000564804E-04));
#3570 = VECTOR('',#3571,1.);
#3571 = DIRECTION('',(-1.,3.533949646071E-17));
#3572 = ( GEOMETRIC_REPRESENTATION_CONTEXT(2) 
PARAMETRIC_REPRESENTATION_CONTEXT() REPRESENTATION_CONTEXT('2D SPACE',''
  ) );
#3573 = ORIENTED_EDGE('',*,*,#3574,.T.);
#3574 = EDGE_CURVE('',#3546,#3575,#3577,.T.);
#3575 = VERTEX_POINT('',#3576);
#3576 = CARTESIAN_POINT('',(9.E-02,-0.345,-0.355));
#3577 = SURFACE_CURVE('',#3578,(#3582,#3589),.PCURVE_S1.);
#3578 = LINE('',#3579,#3580);
#3579 = CARTESIAN_POINT('',(9.E-02,-0.595,-0.355));
#3580 = VECTOR('',#3581,1.);
#3581 = DIRECTION('',(-5.421010862428E-17,1.,3.785471652766E-31));
#3582 = PCURVE('',#3026,#3583);
#3583 = DEFINITIONAL_REPRESENTATION('',(#3584),#3588);
#3584 = LINE('',#3585,#3586);
#3585 = CARTESIAN_POINT('',(0.395,0.));
#3586 = VECTOR('',#3587,1.);
#3587 = DIRECTION('',(5.421010862428E-17,1.));
#3588 = ( GEOMETRIC_REPRESENTATION_CONTEXT(2) 
PARAMETRIC_REPRESENTATION_CONTEXT() REPRESENTATION_CONTEXT('2D SPACE',''
  ) );
#3589 = PCURVE('',#3590,#3595);
#3590 = PLANE('',#3591);
#3591 = AXIS2_PLACEMENT_3D('',#3592,#3593,#3594);
#3592 = CARTESIAN_POINT('',(9.E-02,-0.345,-0.355125000056));
#3593 = DIRECTION('',(1.,0.,-6.982962677686E-15));
#3594 = DIRECTION('',(-6.982962677686E-15,0.,-1.));
#3595 = DEFINITIONAL_REPRESENTATION('',(#3596),#3600);
#3596 = LINE('',#3597,#3598);
#3597 = CARTESIAN_POINT('',(-1.250000564805E-04,-0.25));
#3598 = VECTOR('',#3599,1.);
#3599 = DIRECTION('',(0.,1.));
#3600 = ( GEOMETRIC_REPRESENTATION_CONTEXT(2) 
PARAMETRIC_REPRESENTATION_CONTEXT() REPRESENTATION_CONTEXT('2D SPACE',''
  ) );
#3601 = ORIENTED_EDGE('',*,*,#3602,.T.);
#3602 = EDGE_CURVE('',#3575,#3603,#3605,.T.);
#3603 = VERTEX_POINT('',#3604);
#3604 = CARTESIAN_POINT('',(0.115,-0.32,-0.355));
#3605 = SURFACE_CURVE('',#3606,(#3611,#3618),.PCURVE_S1.);
#3606 = CIRCLE('',#3607,2.5E-02);
#3607 = AXIS2_PLACEMENT_3D('',#3608,#3609,#3610);
#3608 = CARTESIAN_POINT('',(0.115,-0.345,-0.355));
#3609 = DIRECTION('',(-6.505213034913E-15,0.,-1.));
#3610 = DIRECTION('',(1.,0.,-6.505213034913E-15));
#3611 = PCURVE('',#3026,#3612);
#3612 = DEFINITIONAL_REPRESENTATION('',(#3613),#3617);
#3613 = CIRCLE('',#3614,2.5E-02);
#3614 = AXIS2_PLACEMENT_2D('',#3615,#3616);
#3615 = CARTESIAN_POINT('',(0.37,0.25));
#3616 = DIRECTION('',(-1.,0.));
#3617 = ( GEOMETRIC_REPRESENTATION_CONTEXT(2) 
PARAMETRIC_REPRESENTATION_CONTEXT() REPRESENTATION_CONTEXT('2D SPACE',''
  ) );
#3618 = PCURVE('',#3619,#3624);
#3619 = CYLINDRICAL_SURFACE('',#3620,2.5E-02);
#3620 = AXIS2_PLACEMENT_3D('',#3621,#3622,#3623);
#3621 = CARTESIAN_POINT('',(0.115,-0.345,-0.355125000056));
#3622 = DIRECTION('',(6.505213034913E-15,0.,1.));
#3623 = DIRECTION('',(1.,0.,-6.505213034913E-15));
#3624 = DEFINITIONAL_REPRESENTATION('',(#3625),#3629);
#3625 = LINE('',#3626,#3627);
#3626 = CARTESIAN_POINT('',(6.28318530718,1.250000564807E-04));
#3627 = VECTOR('',#3628,1.);
#3628 = DIRECTION('',(-1.,-3.533949646071E-17));
#3629 = ( GEOMETRIC_REPRESENTATION_CONTEXT(2) 
PARAMETRIC_REPRESENTATION_CONTEXT() REPRESENTATION_CONTEXT('2D SPACE',''
  ) );
#3630 = ORIENTED_EDGE('',*,*,#3631,.T.);
#3631 = EDGE_CURVE('',#3603,#3632,#3634,.T.);
#3632 = VERTEX_POINT('',#3633);
#3633 = CARTESIAN_POINT('',(0.238944487245,-0.32,-0.355));
#3634 = SURFACE_CURVE('',#3635,(#3639,#3646),.PCURVE_S1.);
#3635 = LINE('',#3636,#3637);
#3636 = CARTESIAN_POINT('',(0.238944487245,-0.32,-0.355));
#3637 = VECTOR('',#3638,1.);
#3638 = DIRECTION('',(1.,-4.373741005274E-16,-6.982962677686E-15));
#3639 = PCURVE('',#3026,#3640);
#3640 = DEFINITIONAL_REPRESENTATION('',(#3641),#3645);
#3641 = LINE('',#3642,#3643);
#3642 = CARTESIAN_POINT('',(0.246055512755,0.275));
#3643 = VECTOR('',#3644,1.);
#3644 = DIRECTION('',(-1.,-4.373741005274E-16));
#3645 = ( GEOMETRIC_REPRESENTATION_CONTEXT(2) 
PARAMETRIC_REPRESENTATION_CONTEXT() REPRESENTATION_CONTEXT('2D SPACE',''
  ) );
#3646 = PCURVE('',#3647,#3652);
#3647 = PLANE('',#3648);
#3648 = AXIS2_PLACEMENT_3D('',#3649,#3650,#3651);
#3649 = CARTESIAN_POINT('',(0.115,-0.32,-0.355125000056));
#3650 = DIRECTION('',(-4.373741005274E-16,-1.,3.05416702017E-30));
#3651 = DIRECTION('',(-1.,4.373741005274E-16,0.));
#3652 = DEFINITIONAL_REPRESENTATION('',(#3653),#3657);
#3653 = LINE('',#3654,#3655);
#3654 = CARTESIAN_POINT('',(-0.123944487245,-1.250000564805E-04));
#3655 = VECTOR('',#3656,1.);
#3656 = DIRECTION('',(-1.,6.982962677686E-15));
#3657 = ( GEOMETRIC_REPRESENTATION_CONTEXT(2) 
PARAMETRIC_REPRESENTATION_CONTEXT() REPRESENTATION_CONTEXT('2D SPACE',''
  ) );
#3658 = ORIENTED_EDGE('',*,*,#3659,.T.);
#3659 = EDGE_CURVE('',#3632,#3010,#3660,.T.);
#3660 = SURFACE_CURVE('',#3661,(#3666,#3673),.PCURVE_S1.);
#3661 = CIRCLE('',#3662,2.5E-02);
#3662 = AXIS2_PLACEMENT_3D('',#3663,#3664,#3665);
#3663 = CARTESIAN_POINT('',(0.238944487245,-0.345,-0.355));
#3664 = DIRECTION('',(-6.505213034913E-15,0.,-1.));
#3665 = DIRECTION('',(-1.,0.,6.505213034913E-15));
#3666 = PCURVE('',#3026,#3667);
#3667 = DEFINITIONAL_REPRESENTATION('',(#3668),#3672);
#3668 = CIRCLE('',#3669,2.5E-02);
#3669 = AXIS2_PLACEMENT_2D('',#3670,#3671);
#3670 = CARTESIAN_POINT('',(0.246055512755,0.25));
#3671 = DIRECTION('',(1.,0.));
#3672 = ( GEOMETRIC_REPRESENTATION_CONTEXT(2) 
PARAMETRIC_REPRESENTATION_CONTEXT() REPRESENTATION_CONTEXT('2D SPACE',''
  ) );
#3673 = PCURVE('',#3056,#3674);
#3674 = DEFINITIONAL_REPRESENTATION('',(#3675),#3679);
#3675 = LINE('',#3676,#3677);
#3676 = CARTESIAN_POINT('',(3.14159265359,1.250000564816E-04));
#3677 = VECTOR('',#3678,1.);
#3678 = DIRECTION('',(-1.,0.));
#3679 = ( GEOMETRIC_REPRESENTATION_CONTEXT(2) 
PARAMETRIC_REPRESENTATION_CONTEXT() REPRESENTATION_CONTEXT('2D SPACE',''
  ) );
#3680 = ORIENTED_EDGE('',*,*,#3009,.T.);
#3681 = ORIENTED_EDGE('',*,*,#3682,.T.);
#3682 = EDGE_CURVE('',#2982,#3683,#3685,.T.);
#3683 = VERTEX_POINT('',#3684);
#3684 = CARTESIAN_POINT('',(0.251821456086,-0.246428571429,-0.355));
#3685 = SURFACE_CURVE('',#3686,(#3691,#3702),.PCURVE_S1.);
#3686 = CIRCLE('',#3687,4.5E-02);
#3687 = AXIS2_PLACEMENT_3D('',#3688,#3689,#3690);
#3688 = CARTESIAN_POINT('',(0.275,-0.285,-0.355));
#3689 = DIRECTION('',(7.228014483237E-15,0.,1.));
#3690 = DIRECTION('',(-1.,0.,7.228014483237E-15));
#3691 = PCURVE('',#3026,#3692);
#3692 = DEFINITIONAL_REPRESENTATION('',(#3693),#3701);
#3693 = ( BOUNDED_CURVE() B_SPLINE_CURVE(2,(#3694,#3695,#3696,#3697,
#3698,#3699,#3700),.UNSPECIFIED.,.T.,.F.) B_SPLINE_CURVE_WITH_KNOTS((1,2
    ,2,2,2,1),(-2.094395102393,0.,2.094395102393,4.188790204786,
6.28318530718,8.377580409573),.UNSPECIFIED.) CURVE() 
GEOMETRIC_REPRESENTATION_ITEM() RATIONAL_B_SPLINE_CURVE((1.,0.5,1.,0.5,
1.,0.5,1.)) REPRESENTATION_ITEM('') );
#3694 = CARTESIAN_POINT('',(0.255,0.31));
#3695 = CARTESIAN_POINT('',(0.255,0.232057713659));
#3696 = CARTESIAN_POINT('',(0.1875,0.27102885683));
#3697 = CARTESIAN_POINT('',(0.12,0.31));
#3698 = CARTESIAN_POINT('',(0.1875,0.34897114317));
#3699 = CARTESIAN_POINT('',(0.255,0.387942286341));
#3700 = CARTESIAN_POINT('',(0.255,0.31));
#3701 = ( GEOMETRIC_REPRESENTATION_CONTEXT(2) 
PARAMETRIC_REPRESENTATION_CONTEXT() REPRESENTATION_CONTEXT('2D SPACE',''
  ) );
#3702 = PCURVE('',#2997,#3703);
#3703 = DEFINITIONAL_REPRESENTATION('',(#3704),#3708);
#3704 = LINE('',#3705,#3706);
#3705 = CARTESIAN_POINT('',(-3.14159265359,1.250000564816E-04));
#3706 = VECTOR('',#3707,1.);
#3707 = DIRECTION('',(1.,0.));
#3708 = ( GEOMETRIC_REPRESENTATION_CONTEXT(2) 
PARAMETRIC_REPRESENTATION_CONTEXT() REPRESENTATION_CONTEXT('2D SPACE',''
  ) );
#3709 = ORIENTED_EDGE('',*,*,#3710,.T.);
#3710 = EDGE_CURVE('',#3683,#3711,#3713,.T.);
#3711 = VERTEX_POINT('',#3712);
#3712 = CARTESIAN_POINT('',(0.238944487245,-0.25,-0.355));
#3713 = SURFACE_CURVE('',#3714,(#3719,#3726),.PCURVE_S1.);
#3714 = CIRCLE('',#3715,2.5E-02);
#3715 = AXIS2_PLACEMENT_3D('',#3716,#3717,#3718);
#3716 = CARTESIAN_POINT('',(0.238944487245,-0.225,-0.355));
#3717 = DIRECTION('',(-6.505213034913E-15,0.,-1.));
#3718 = DIRECTION('',(-1.,0.,6.505213034913E-15));
#3719 = PCURVE('',#3026,#3720);
#3720 = DEFINITIONAL_REPRESENTATION('',(#3721),#3725);
#3721 = CIRCLE('',#3722,2.5E-02);
#3722 = AXIS2_PLACEMENT_2D('',#3723,#3724);
#3723 = CARTESIAN_POINT('',(0.246055512755,0.37));
#3724 = DIRECTION('',(1.,0.));
#3725 = ( GEOMETRIC_REPRESENTATION_CONTEXT(2) 
PARAMETRIC_REPRESENTATION_CONTEXT() REPRESENTATION_CONTEXT('2D SPACE',''
  ) );
#3726 = PCURVE('',#3727,#3732);
#3727 = CYLINDRICAL_SURFACE('',#3728,2.5E-02);
#3728 = AXIS2_PLACEMENT_3D('',#3729,#3730,#3731);
#3729 = CARTESIAN_POINT('',(0.238944487245,-0.225,-0.355125000056));
#3730 = DIRECTION('',(6.505213034913E-15,0.,1.));
#3731 = DIRECTION('',(1.,0.,-6.505213034913E-15));
#3732 = DEFINITIONAL_REPRESENTATION('',(#3733),#3737);
#3733 = LINE('',#3734,#3735);
#3734 = CARTESIAN_POINT('',(9.424777960769,1.250000564816E-04));
#3735 = VECTOR('',#3736,1.);
#3736 = DIRECTION('',(-1.,0.));
#3737 = ( GEOMETRIC_REPRESENTATION_CONTEXT(2) 
PARAMETRIC_REPRESENTATION_CONTEXT() REPRESENTATION_CONTEXT('2D SPACE',''
  ) );
#3738 = ORIENTED_EDGE('',*,*,#3739,.T.);
#3739 = EDGE_CURVE('',#3711,#3740,#3742,.T.);
#3740 = VERTEX_POINT('',#3741);
#3741 = CARTESIAN_POINT('',(0.115,-0.25,-0.355));
#3742 = SURFACE_CURVE('',#3743,(#3747,#3754),.PCURVE_S1.);
#3743 = LINE('',#3744,#3745);
#3744 = CARTESIAN_POINT('',(0.238944487245,-0.25,-0.355));
#3745 = VECTOR('',#3746,1.);
#3746 = DIRECTION('',(-1.,0.,6.982962677686E-15));
#3747 = PCURVE('',#3026,#3748);
#3748 = DEFINITIONAL_REPRESENTATION('',(#3749),#3753);
#3749 = LINE('',#3750,#3751);
#3750 = CARTESIAN_POINT('',(0.246055512755,0.345));
#3751 = VECTOR('',#3752,1.);
#3752 = DIRECTION('',(1.,0.));
#3753 = ( GEOMETRIC_REPRESENTATION_CONTEXT(2) 
PARAMETRIC_REPRESENTATION_CONTEXT() REPRESENTATION_CONTEXT('2D SPACE',''
  ) );
#3754 = PCURVE('',#3755,#3760);
#3755 = PLANE('',#3756);
#3756 = AXIS2_PLACEMENT_3D('',#3757,#3758,#3759);
#3757 = CARTESIAN_POINT('',(0.115,-0.25,-0.355125000056));
#3758 = DIRECTION('',(-0.,1.,0.));
#3759 = DIRECTION('',(1.,0.,0.));
#3760 = DEFINITIONAL_REPRESENTATION('',(#3761),#3765);
#3761 = LINE('',#3762,#3763);
#3762 = CARTESIAN_POINT('',(0.123944487245,-1.250000564805E-04));
#3763 = VECTOR('',#3764,1.);
#3764 = DIRECTION('',(-1.,-6.982962677686E-15));
#3765 = ( GEOMETRIC_REPRESENTATION_CONTEXT(2) 
PARAMETRIC_REPRESENTATION_CONTEXT() REPRESENTATION_CONTEXT('2D SPACE',''
  ) );
#3766 = ORIENTED_EDGE('',*,*,#3767,.T.);
#3767 = EDGE_CURVE('',#3740,#3768,#3770,.T.);
#3768 = VERTEX_POINT('',#3769);
#3769 = CARTESIAN_POINT('',(9.E-02,-0.225,-0.355));
#3770 = SURFACE_CURVE('',#3771,(#3776,#3783),.PCURVE_S1.);
#3771 = CIRCLE('',#3772,2.5E-02);
#3772 = AXIS2_PLACEMENT_3D('',#3773,#3774,#3775);
#3773 = CARTESIAN_POINT('',(0.115,-0.225,-0.355));
#3774 = DIRECTION('',(-6.505213034913E-15,0.,-1.));
#3775 = DIRECTION('',(-1.,0.,6.505213034913E-15));
#3776 = PCURVE('',#3026,#3777);
#3777 = DEFINITIONAL_REPRESENTATION('',(#3778),#3782);
#3778 = CIRCLE('',#3779,2.5E-02);
#3779 = AXIS2_PLACEMENT_2D('',#3780,#3781);
#3780 = CARTESIAN_POINT('',(0.37,0.37));
#3781 = DIRECTION('',(1.,0.));
#3782 = ( GEOMETRIC_REPRESENTATION_CONTEXT(2) 
PARAMETRIC_REPRESENTATION_CONTEXT() REPRESENTATION_CONTEXT('2D SPACE',''
  ) );
#3783 = PCURVE('',#3784,#3789);
#3784 = CYLINDRICAL_SURFACE('',#3785,2.5E-02);
#3785 = AXIS2_PLACEMENT_3D('',#3786,#3787,#3788);
#3786 = CARTESIAN_POINT('',(0.115,-0.225,-0.355125000056));
#3787 = DIRECTION('',(6.505213034913E-15,0.,1.));
#3788 = DIRECTION('',(1.,0.,-6.505213034913E-15));
#3789 = DEFINITIONAL_REPRESENTATION('',(#3790),#3794);
#3790 = LINE('',#3791,#3792);
#3791 = CARTESIAN_POINT('',(9.424777960769,1.250000564804E-04));
#3792 = VECTOR('',#3793,1.);
#3793 = DIRECTION('',(-1.,3.533949646071E-17));
#3794 = ( GEOMETRIC_REPRESENTATION_CONTEXT(2) 
PARAMETRIC_REPRESENTATION_CONTEXT() REPRESENTATION_CONTEXT('2D SPACE',''
  ) );
#3795 = ORIENTED_EDGE('',*,*,#3796,.T.);
#3796 = EDGE_CURVE('',#3768,#3797,#3799,.T.);
#3797 = VERTEX_POINT('',#3798);
#3798 = CARTESIAN_POINT('',(9.E-02,-7.5E-02,-0.355));
#3799 = SURFACE_CURVE('',#3800,(#3804,#3811),.PCURVE_S1.);
#3800 = LINE('',#3801,#3802);
#3801 = CARTESIAN_POINT('',(9.E-02,-0.225,-0.355));
#3802 = VECTOR('',#3803,1.);
#3803 = DIRECTION('',(0.,1.,0.));
#3804 = PCURVE('',#3026,#3805);
#3805 = DEFINITIONAL_REPRESENTATION('',(#3806),#3810);
#3806 = LINE('',#3807,#3808);
#3807 = CARTESIAN_POINT('',(0.395,0.37));
#3808 = VECTOR('',#3809,1.);
#3809 = DIRECTION('',(0.,1.));
#3810 = ( GEOMETRIC_REPRESENTATION_CONTEXT(2) 
PARAMETRIC_REPRESENTATION_CONTEXT() REPRESENTATION_CONTEXT('2D SPACE',''
  ) );
#3811 = PCURVE('',#3812,#3817);
#3812 = PLANE('',#3813);
#3813 = AXIS2_PLACEMENT_3D('',#3814,#3815,#3816);
#3814 = CARTESIAN_POINT('',(9.E-02,-7.5E-02,-0.355125000056));
#3815 = DIRECTION('',(1.,0.,-6.982962677686E-15));
#3816 = DIRECTION('',(-6.982962677686E-15,0.,-1.));
#3817 = DEFINITIONAL_REPRESENTATION('',(#3818),#3822);
#3818 = LINE('',#3819,#3820);
#3819 = CARTESIAN_POINT('',(-1.250000564805E-04,-0.15));
#3820 = VECTOR('',#3821,1.);
#3821 = DIRECTION('',(0.,1.));
#3822 = ( GEOMETRIC_REPRESENTATION_CONTEXT(2) 
PARAMETRIC_REPRESENTATION_CONTEXT() REPRESENTATION_CONTEXT('2D SPACE',''
  ) );
#3823 = ORIENTED_EDGE('',*,*,#3824,.T.);
#3824 = EDGE_CURVE('',#3797,#3825,#3827,.T.);
#3825 = VERTEX_POINT('',#3826);
#3826 = CARTESIAN_POINT('',(0.115,-5.E-02,-0.355));
#3827 = SURFACE_CURVE('',#3828,(#3833,#3840),.PCURVE_S1.);
#3828 = CIRCLE('',#3829,2.5E-02);
#3829 = AXIS2_PLACEMENT_3D('',#3830,#3831,#3832);
#3830 = CARTESIAN_POINT('',(0.115,-7.5E-02,-0.355));
#3831 = DIRECTION('',(-6.505213034913E-15,0.,-1.));
#3832 = DIRECTION('',(1.,0.,-6.505213034913E-15));
#3833 = PCURVE('',#3026,#3834);
#3834 = DEFINITIONAL_REPRESENTATION('',(#3835),#3839);
#3835 = CIRCLE('',#3836,2.5E-02);
#3836 = AXIS2_PLACEMENT_2D('',#3837,#3838);
#3837 = CARTESIAN_POINT('',(0.37,0.52));
#3838 = DIRECTION('',(-1.,0.));
#3839 = ( GEOMETRIC_REPRESENTATION_CONTEXT(2) 
PARAMETRIC_REPRESENTATION_CONTEXT() REPRESENTATION_CONTEXT('2D SPACE',''
  ) );
#3840 = PCURVE('',#3841,#3846);
#3841 = CYLINDRICAL_SURFACE('',#3842,2.5E-02);
#3842 = AXIS2_PLACEMENT_3D('',#3843,#3844,#3845);
#3843 = CARTESIAN_POINT('',(0.115,-7.5E-02,-0.355125000056));
#3844 = DIRECTION('',(6.505213034913E-15,0.,1.));
#3845 = DIRECTION('',(1.,0.,-6.505213034913E-15));
#3846 = DEFINITIONAL_REPRESENTATION('',(#3847),#3851);
#3847 = LINE('',#3848,#3849);
#3848 = CARTESIAN_POINT('',(6.28318530718,1.250000564807E-04));
#3849 = VECTOR('',#3850,1.);
#3850 = DIRECTION('',(-1.,-3.533949646071E-17));
#3851 = ( GEOMETRIC_REPRESENTATION_CONTEXT(2) 
PARAMETRIC_REPRESENTATION_CONTEXT() REPRESENTATION_CONTEXT('2D SPACE',''
  ) );
#3852 = ORIENTED_EDGE('',*,*,#3853,.T.);
#3853 = EDGE_CURVE('',#3825,#3135,#3854,.T.);
#3854 = SURFACE_CURVE('',#3855,(#3859,#3866),.PCURVE_S1.);
#3855 = LINE('',#3856,#3857);
#3856 = CARTESIAN_POINT('',(0.175,-5.E-02,-0.355));
#3857 = VECTOR('',#3858,1.);
#3858 = DIRECTION('',(1.,1.129377263006E-16,-6.982962677686E-15));
#3859 = PCURVE('',#3026,#3860);
#3860 = DEFINITIONAL_REPRESENTATION('',(#3861),#3865);
#3861 = LINE('',#3862,#3863);
#3862 = CARTESIAN_POINT('',(0.31,0.545));
#3863 = VECTOR('',#3864,1.);
#3864 = DIRECTION('',(-1.,1.129377263006E-16));
#3865 = ( GEOMETRIC_REPRESENTATION_CONTEXT(2) 
PARAMETRIC_REPRESENTATION_CONTEXT() REPRESENTATION_CONTEXT('2D SPACE',''
  ) );
#3866 = PCURVE('',#3176,#3867);
#3867 = DEFINITIONAL_REPRESENTATION('',(#3868),#3872);
#3868 = LINE('',#3869,#3870);
#3869 = CARTESIAN_POINT('',(-1.250000564811E-04,4.996003610813E-16));
#3870 = VECTOR('',#3871,1.);
#3871 = DIRECTION('',(6.982962677686E-15,1.));
#3872 = ( GEOMETRIC_REPRESENTATION_CONTEXT(2) 
PARAMETRIC_REPRESENTATION_CONTEXT() REPRESENTATION_CONTEXT('2D SPACE',''
  ) );
#3873 = ORIENTED_EDGE('',*,*,#3134,.T.);
#3874 = ORIENTED_EDGE('',*,*,#3875,.T.);
#3875 = EDGE_CURVE('',#3107,#3876,#3878,.T.);
#3876 = VERTEX_POINT('',#3877);
#3877 = CARTESIAN_POINT('',(0.175,5.E-02,-0.355));
#3878 = SURFACE_CURVE('',#3879,(#3884,#3895),.PCURVE_S1.);
#3879 = CIRCLE('',#3880,5.E-02);
#3880 = AXIS2_PLACEMENT_3D('',#3881,#3882,#3883);
#3881 = CARTESIAN_POINT('',(0.175,1.219727444046E-16,-0.355));
#3882 = DIRECTION('',(6.505213034913E-15,0.,1.));
#3883 = DIRECTION('',(-1.,0.,6.505213034913E-15));
#3884 = PCURVE('',#3026,#3885);
#3885 = DEFINITIONAL_REPRESENTATION('',(#3886),#3894);
#3886 = ( BOUNDED_CURVE() B_SPLINE_CURVE(2,(#3887,#3888,#3889,#3890,
#3891,#3892,#3893),.UNSPECIFIED.,.T.,.F.) B_SPLINE_CURVE_WITH_KNOTS((1,2
    ,2,2,2,1),(-2.094395102393,0.,2.094395102393,4.188790204786,
6.28318530718,8.377580409573),.UNSPECIFIED.) CURVE() 
GEOMETRIC_REPRESENTATION_ITEM() RATIONAL_B_SPLINE_CURVE((1.,0.5,1.,0.5,
1.,0.5,1.)) REPRESENTATION_ITEM('') );
#3887 = CARTESIAN_POINT('',(0.36,0.595));
#3888 = CARTESIAN_POINT('',(0.36,0.508397459622));
#3889 = CARTESIAN_POINT('',(0.285,0.551698729811));
#3890 = CARTESIAN_POINT('',(0.21,0.595));
#3891 = CARTESIAN_POINT('',(0.285,0.638301270189));
#3892 = CARTESIAN_POINT('',(0.36,0.681602540378));
#3893 = CARTESIAN_POINT('',(0.36,0.595));
#3894 = ( GEOMETRIC_REPRESENTATION_CONTEXT(2) 
PARAMETRIC_REPRESENTATION_CONTEXT() REPRESENTATION_CONTEXT('2D SPACE',''
  ) );
#3895 = PCURVE('',#3122,#3896);
#3896 = DEFINITIONAL_REPRESENTATION('',(#3897),#3901);
#3897 = LINE('',#3898,#3899);
#3898 = CARTESIAN_POINT('',(-3.14159265359,1.250000564809E-04));
#3899 = VECTOR('',#3900,1.);
#3900 = DIRECTION('',(1.,3.533949646071E-17));
#3901 = ( GEOMETRIC_REPRESENTATION_CONTEXT(2) 
PARAMETRIC_REPRESENTATION_CONTEXT() REPRESENTATION_CONTEXT('2D SPACE',''
  ) );
#3902 = ORIENTED_EDGE('',*,*,#3903,.T.);
#3903 = EDGE_CURVE('',#3876,#3904,#3906,.T.);
#3904 = VERTEX_POINT('',#3905);
#3905 = CARTESIAN_POINT('',(0.115,5.E-02,-0.355));
#3906 = SURFACE_CURVE('',#3907,(#3911,#3918),.PCURVE_S1.);
#3907 = LINE('',#3908,#3909);
#3908 = CARTESIAN_POINT('',(0.175,5.E-02,-0.355));
#3909 = VECTOR('',#3910,1.);
#3910 = DIRECTION('',(-1.,1.129377263006E-16,6.982962677686E-15));
#3911 = PCURVE('',#3026,#3912);
#3912 = DEFINITIONAL_REPRESENTATION('',(#3913),#3917);
#3913 = LINE('',#3914,#3915);
#3914 = CARTESIAN_POINT('',(0.31,0.645));
#3915 = VECTOR('',#3916,1.);
#3916 = DIRECTION('',(1.,1.129377263006E-16));
#3917 = ( GEOMETRIC_REPRESENTATION_CONTEXT(2) 
PARAMETRIC_REPRESENTATION_CONTEXT() REPRESENTATION_CONTEXT('2D SPACE',''
  ) );
#3918 = PCURVE('',#3919,#3924);
#3919 = PLANE('',#3920);
#3920 = AXIS2_PLACEMENT_3D('',#3921,#3922,#3923);
#3921 = CARTESIAN_POINT('',(0.175,5.E-02,-0.355125000056));
#3922 = DIRECTION('',(-0.,1.,0.));
#3923 = DIRECTION('',(1.,0.,0.));
#3924 = DEFINITIONAL_REPRESENTATION('',(#3925),#3929);
#3925 = LINE('',#3926,#3927);
#3926 = CARTESIAN_POINT('',(4.996003610813E-16,-1.250000564811E-04));
#3927 = VECTOR('',#3928,1.);
#3928 = DIRECTION('',(-1.,-6.982962677686E-15));
#3929 = ( GEOMETRIC_REPRESENTATION_CONTEXT(2) 
PARAMETRIC_REPRESENTATION_CONTEXT() REPRESENTATION_CONTEXT('2D SPACE',''
  ) );
#3930 = ORIENTED_EDGE('',*,*,#3931,.T.);
#3931 = EDGE_CURVE('',#3904,#3932,#3934,.T.);
#3932 = VERTEX_POINT('',#3933);
#3933 = CARTESIAN_POINT('',(9.E-02,7.5E-02,-0.355));
#3934 = SURFACE_CURVE('',#3935,(#3940,#3947),.PCURVE_S1.);
#3935 = CIRCLE('',#3936,2.5E-02);
#3936 = AXIS2_PLACEMENT_3D('',#3937,#3938,#3939);
#3937 = CARTESIAN_POINT('',(0.115,7.5E-02,-0.355));
#3938 = DIRECTION('',(-6.505213034913E-15,0.,-1.));
#3939 = DIRECTION('',(-1.,0.,6.505213034913E-15));
#3940 = PCURVE('',#3026,#3941);
#3941 = DEFINITIONAL_REPRESENTATION('',(#3942),#3946);
#3942 = CIRCLE('',#3943,2.5E-02);
#3943 = AXIS2_PLACEMENT_2D('',#3944,#3945);
#3944 = CARTESIAN_POINT('',(0.37,0.67));
#3945 = DIRECTION('',(1.,0.));
#3946 = ( GEOMETRIC_REPRESENTATION_CONTEXT(2) 
PARAMETRIC_REPRESENTATION_CONTEXT() REPRESENTATION_CONTEXT('2D SPACE',''
  ) );
#3947 = PCURVE('',#3948,#3953);
#3948 = CYLINDRICAL_SURFACE('',#3949,2.5E-02);
#3949 = AXIS2_PLACEMENT_3D('',#3950,#3951,#3952);
#3950 = CARTESIAN_POINT('',(0.115,7.5E-02,-0.355125000056));
#3951 = DIRECTION('',(6.505213034913E-15,0.,1.));
#3952 = DIRECTION('',(1.,0.,-6.505213034913E-15));
#3953 = DEFINITIONAL_REPRESENTATION('',(#3954),#3958);
#3954 = LINE('',#3955,#3956);
#3955 = CARTESIAN_POINT('',(9.424777960769,1.250000564804E-04));
#3956 = VECTOR('',#3957,1.);
#3957 = DIRECTION('',(-1.,3.533949646071E-17));
#3958 = ( GEOMETRIC_REPRESENTATION_CONTEXT(2) 
PARAMETRIC_REPRESENTATION_CONTEXT() REPRESENTATION_CONTEXT('2D SPACE',''
  ) );
#3959 = ORIENTED_EDGE('',*,*,#3960,.T.);
#3960 = EDGE_CURVE('',#3932,#3961,#3963,.T.);
#3961 = VERTEX_POINT('',#3962);
#3962 = CARTESIAN_POINT('',(9.E-02,0.225,-0.355));
#3963 = SURFACE_CURVE('',#3964,(#3968,#3975),.PCURVE_S1.);
#3964 = LINE('',#3965,#3966);
#3965 = CARTESIAN_POINT('',(9.E-02,7.5E-02,-0.355));
#3966 = VECTOR('',#3967,1.);
#3967 = DIRECTION('',(0.,1.,0.));
#3968 = PCURVE('',#3026,#3969);
#3969 = DEFINITIONAL_REPRESENTATION('',(#3970),#3974);
#3970 = LINE('',#3971,#3972);
#3971 = CARTESIAN_POINT('',(0.395,0.67));
#3972 = VECTOR('',#3973,1.);
#3973 = DIRECTION('',(0.,1.));
#3974 = ( GEOMETRIC_REPRESENTATION_CONTEXT(2) 
PARAMETRIC_REPRESENTATION_CONTEXT() REPRESENTATION_CONTEXT('2D SPACE',''
  ) );
#3975 = PCURVE('',#3976,#3981);
#3976 = PLANE('',#3977);
#3977 = AXIS2_PLACEMENT_3D('',#3978,#3979,#3980);
#3978 = CARTESIAN_POINT('',(9.E-02,0.225,-0.355125000056));
#3979 = DIRECTION('',(1.,0.,-6.982962677686E-15));
#3980 = DIRECTION('',(-6.982962677686E-15,0.,-1.));
#3981 = DEFINITIONAL_REPRESENTATION('',(#3982),#3986);
#3982 = LINE('',#3983,#3984);
#3983 = CARTESIAN_POINT('',(-1.250000564805E-04,-0.15));
#3984 = VECTOR('',#3985,1.);
#3985 = DIRECTION('',(0.,1.));
#3986 = ( GEOMETRIC_REPRESENTATION_CONTEXT(2) 
PARAMETRIC_REPRESENTATION_CONTEXT() REPRESENTATION_CONTEXT('2D SPACE',''
  ) );
#3987 = ORIENTED_EDGE('',*,*,#3988,.T.);
#3988 = EDGE_CURVE('',#3961,#3989,#3991,.T.);
#3989 = VERTEX_POINT('',#3990);
#3990 = CARTESIAN_POINT('',(0.115,0.25,-0.355));
#3991 = SURFACE_CURVE('',#3992,(#3997,#4004),.PCURVE_S1.);
#3992 = CIRCLE('',#3993,2.5E-02);
#3993 = AXIS2_PLACEMENT_3D('',#3994,#3995,#3996);
#3994 = CARTESIAN_POINT('',(0.115,0.225,-0.355));
#3995 = DIRECTION('',(-6.505213034913E-15,0.,-1.));
#3996 = DIRECTION('',(1.,0.,-6.505213034913E-15));
#3997 = PCURVE('',#3026,#3998);
#3998 = DEFINITIONAL_REPRESENTATION('',(#3999),#4003);
#3999 = CIRCLE('',#4000,2.5E-02);
#4000 = AXIS2_PLACEMENT_2D('',#4001,#4002);
#4001 = CARTESIAN_POINT('',(0.37,0.82));
#4002 = DIRECTION('',(-1.,0.));
#4003 = ( GEOMETRIC_REPRESENTATION_CONTEXT(2) 
PARAMETRIC_REPRESENTATION_CONTEXT() REPRESENTATION_CONTEXT('2D SPACE',''
  ) );
#4004 = PCURVE('',#4005,#4010);
#4005 = CYLINDRICAL_SURFACE('',#4006,2.5E-02);
#4006 = AXIS2_PLACEMENT_3D('',#4007,#4008,#4009);
#4007 = CARTESIAN_POINT('',(0.115,0.225,-0.355125000056));
#4008 = DIRECTION('',(6.505213034913E-15,0.,1.));
#4009 = DIRECTION('',(1.,0.,-6.505213034913E-15));
#4010 = DEFINITIONAL_REPRESENTATION('',(#4011),#4015);
#4011 = LINE('',#4012,#4013);
#4012 = CARTESIAN_POINT('',(6.28318530718,1.250000564807E-04));
#4013 = VECTOR('',#4014,1.);
#4014 = DIRECTION('',(-1.,-3.533949646071E-17));
#4015 = ( GEOMETRIC_REPRESENTATION_CONTEXT(2) 
PARAMETRIC_REPRESENTATION_CONTEXT() REPRESENTATION_CONTEXT('2D SPACE',''
  ) );
#4016 = ORIENTED_EDGE('',*,*,#4017,.T.);
#4017 = EDGE_CURVE('',#3989,#4018,#4020,.T.);
#4018 = VERTEX_POINT('',#4019);
#4019 = CARTESIAN_POINT('',(0.238944487245,0.25,-0.355));
#4020 = SURFACE_CURVE('',#4021,(#4025,#4032),.PCURVE_S1.);
#4021 = LINE('',#4022,#4023);
#4022 = CARTESIAN_POINT('',(0.238944487245,0.25,-0.355));
#4023 = VECTOR('',#4024,1.);
#4024 = DIRECTION('',(1.,0.,-6.982962677686E-15));
#4025 = PCURVE('',#3026,#4026);
#4026 = DEFINITIONAL_REPRESENTATION('',(#4027),#4031);
#4027 = LINE('',#4028,#4029);
#4028 = CARTESIAN_POINT('',(0.246055512755,0.845));
#4029 = VECTOR('',#4030,1.);
#4030 = DIRECTION('',(-1.,0.));
#4031 = ( GEOMETRIC_REPRESENTATION_CONTEXT(2) 
PARAMETRIC_REPRESENTATION_CONTEXT() REPRESENTATION_CONTEXT('2D SPACE',''
  ) );
#4032 = PCURVE('',#4033,#4038);
#4033 = PLANE('',#4034);
#4034 = AXIS2_PLACEMENT_3D('',#4035,#4036,#4037);
#4035 = CARTESIAN_POINT('',(0.115,0.25,-0.355125000056));
#4036 = DIRECTION('',(0.,-1.,0.));
#4037 = DIRECTION('',(0.,0.,-1.));
#4038 = DEFINITIONAL_REPRESENTATION('',(#4039),#4043);
#4039 = LINE('',#4040,#4041);
#4040 = CARTESIAN_POINT('',(-1.250000564805E-04,0.123944487245));
#4041 = VECTOR('',#4042,1.);
#4042 = DIRECTION('',(6.982962677686E-15,1.));
#4043 = ( GEOMETRIC_REPRESENTATION_CONTEXT(2) 
PARAMETRIC_REPRESENTATION_CONTEXT() REPRESENTATION_CONTEXT('2D SPACE',''
  ) );
#4044 = ORIENTED_EDGE('',*,*,#4045,.T.);
#4045 = EDGE_CURVE('',#4018,#3255,#4046,.T.);
#4046 = SURFACE_CURVE('',#4047,(#4052,#4059),.PCURVE_S1.);
#4047 = CIRCLE('',#4048,2.5E-02);
#4048 = AXIS2_PLACEMENT_3D('',#4049,#4050,#4051);
#4049 = CARTESIAN_POINT('',(0.238944487245,0.225,-0.355));
#4050 = DIRECTION('',(-6.505213034913E-15,0.,-1.));
#4051 = DIRECTION('',(-1.,0.,6.505213034913E-15));
#4052 = PCURVE('',#3026,#4053);
#4053 = DEFINITIONAL_REPRESENTATION('',(#4054),#4058);
#4054 = CIRCLE('',#4055,2.5E-02);
#4055 = AXIS2_PLACEMENT_2D('',#4056,#4057);
#4056 = CARTESIAN_POINT('',(0.246055512755,0.82));
#4057 = DIRECTION('',(1.,0.));
#4058 = ( GEOMETRIC_REPRESENTATION_CONTEXT(2) 
PARAMETRIC_REPRESENTATION_CONTEXT() REPRESENTATION_CONTEXT('2D SPACE',''
  ) );
#4059 = PCURVE('',#3296,#4060);
#4060 = DEFINITIONAL_REPRESENTATION('',(#4061),#4065);
#4061 = LINE('',#4062,#4063);
#4062 = CARTESIAN_POINT('',(3.14159265359,1.250000564816E-04));
#4063 = VECTOR('',#4064,1.);
#4064 = DIRECTION('',(-1.,0.));
#4065 = ( GEOMETRIC_REPRESENTATION_CONTEXT(2) 
PARAMETRIC_REPRESENTATION_CONTEXT() REPRESENTATION_CONTEXT('2D SPACE',''
  ) );
#4066 = ORIENTED_EDGE('',*,*,#3254,.T.);
#4067 = ORIENTED_EDGE('',*,*,#4068,.T.);
#4068 = EDGE_CURVE('',#3227,#4069,#4071,.T.);
#4069 = VERTEX_POINT('',#4070);
#4070 = CARTESIAN_POINT('',(0.251821456086,0.323571428571,-0.355));
#4071 = SURFACE_CURVE('',#4072,(#4077,#4088),.PCURVE_S1.);
#4072 = CIRCLE('',#4073,4.5E-02);
#4073 = AXIS2_PLACEMENT_3D('',#4074,#4075,#4076);
#4074 = CARTESIAN_POINT('',(0.275,0.285,-0.355));
#4075 = DIRECTION('',(7.228014483237E-15,0.,1.));
#4076 = DIRECTION('',(-1.,0.,7.228014483237E-15));
#4077 = PCURVE('',#3026,#4078);
#4078 = DEFINITIONAL_REPRESENTATION('',(#4079),#4087);
#4079 = ( BOUNDED_CURVE() B_SPLINE_CURVE(2,(#4080,#4081,#4082,#4083,
#4084,#4085,#4086),.UNSPECIFIED.,.T.,.F.) B_SPLINE_CURVE_WITH_KNOTS((1,2
    ,2,2,2,1),(-2.094395102393,0.,2.094395102393,4.188790204786,
6.28318530718,8.377580409573),.UNSPECIFIED.) CURVE() 
GEOMETRIC_REPRESENTATION_ITEM() RATIONAL_B_SPLINE_CURVE((1.,0.5,1.,0.5,
1.,0.5,1.)) REPRESENTATION_ITEM('') );
#4080 = CARTESIAN_POINT('',(0.255,0.88));
#4081 = CARTESIAN_POINT('',(0.255,0.802057713659));
#4082 = CARTESIAN_POINT('',(0.1875,0.84102885683));
#4083 = CARTESIAN_POINT('',(0.12,0.88));
#4084 = CARTESIAN_POINT('',(0.1875,0.91897114317));
#4085 = CARTESIAN_POINT('',(0.255,0.957942286341));
#4086 = CARTESIAN_POINT('',(0.255,0.88));
#4087 = ( GEOMETRIC_REPRESENTATION_CONTEXT(2) 
PARAMETRIC_REPRESENTATION_CONTEXT() REPRESENTATION_CONTEXT('2D SPACE',''
  ) );
#4088 = PCURVE('',#3242,#4089);
#4089 = DEFINITIONAL_REPRESENTATION('',(#4090),#4094);
#4090 = LINE('',#4091,#4092);
#4091 = CARTESIAN_POINT('',(-3.14159265359,1.250000564816E-04));
#4092 = VECTOR('',#4093,1.);
#4093 = DIRECTION('',(1.,0.));
#4094 = ( GEOMETRIC_REPRESENTATION_CONTEXT(2) 
PARAMETRIC_REPRESENTATION_CONTEXT() REPRESENTATION_CONTEXT('2D SPACE',''
  ) );
#4095 = ORIENTED_EDGE('',*,*,#4096,.T.);
#4096 = EDGE_CURVE('',#4069,#4097,#4099,.T.);
#4097 = VERTEX_POINT('',#4098);
#4098 = CARTESIAN_POINT('',(0.238944487245,0.32,-0.355));
#4099 = SURFACE_CURVE('',#4100,(#4105,#4112),.PCURVE_S1.);
#4100 = CIRCLE('',#4101,2.5E-02);
#4101 = AXIS2_PLACEMENT_3D('',#4102,#4103,#4104);
#4102 = CARTESIAN_POINT('',(0.238944487245,0.345,-0.355));
#4103 = DIRECTION('',(-6.505213034913E-15,0.,-1.));
#4104 = DIRECTION('',(1.,0.,-6.505213034913E-15));
#4105 = PCURVE('',#3026,#4106);
#4106 = DEFINITIONAL_REPRESENTATION('',(#4107),#4111);
#4107 = CIRCLE('',#4108,2.5E-02);
#4108 = AXIS2_PLACEMENT_2D('',#4109,#4110);
#4109 = CARTESIAN_POINT('',(0.246055512755,0.94));
#4110 = DIRECTION('',(-1.,0.));
#4111 = ( GEOMETRIC_REPRESENTATION_CONTEXT(2) 
PARAMETRIC_REPRESENTATION_CONTEXT() REPRESENTATION_CONTEXT('2D SPACE',''
  ) );
#4112 = PCURVE('',#4113,#4118);
#4113 = CYLINDRICAL_SURFACE('',#4114,2.5E-02);
#4114 = AXIS2_PLACEMENT_3D('',#4115,#4116,#4117);
#4115 = CARTESIAN_POINT('',(0.238944487245,0.345,-0.355125000056));
#4116 = DIRECTION('',(6.505213034913E-15,0.,1.));
#4117 = DIRECTION('',(1.,0.,-6.505213034913E-15));
#4118 = DEFINITIONAL_REPRESENTATION('',(#4119),#4123);
#4119 = LINE('',#4120,#4121);
#4120 = CARTESIAN_POINT('',(6.28318530718,1.250000564816E-04));
#4121 = VECTOR('',#4122,1.);
#4122 = DIRECTION('',(-1.,0.));
#4123 = ( GEOMETRIC_REPRESENTATION_CONTEXT(2) 
PARAMETRIC_REPRESENTATION_CONTEXT() REPRESENTATION_CONTEXT('2D SPACE',''
  ) );
#4124 = ORIENTED_EDGE('',*,*,#4125,.T.);
#4125 = EDGE_CURVE('',#4097,#4126,#4128,.T.);
#4126 = VERTEX_POINT('',#4127);
#4127 = CARTESIAN_POINT('',(0.115,0.32,-0.355));
#4128 = SURFACE_CURVE('',#4129,(#4133,#4140),.PCURVE_S1.);
#4129 = LINE('',#4130,#4131);
#4130 = CARTESIAN_POINT('',(0.238944487245,0.32,-0.355));
#4131 = VECTOR('',#4132,1.);
#4132 = DIRECTION('',(-1.,0.,6.982962677686E-15));
#4133 = PCURVE('',#3026,#4134);
#4134 = DEFINITIONAL_REPRESENTATION('',(#4135),#4139);
#4135 = LINE('',#4136,#4137);
#4136 = CARTESIAN_POINT('',(0.246055512755,0.915));
#4137 = VECTOR('',#4138,1.);
#4138 = DIRECTION('',(1.,0.));
#4139 = ( GEOMETRIC_REPRESENTATION_CONTEXT(2) 
PARAMETRIC_REPRESENTATION_CONTEXT() REPRESENTATION_CONTEXT('2D SPACE',''
  ) );
#4140 = PCURVE('',#4141,#4146);
#4141 = PLANE('',#4142);
#4142 = AXIS2_PLACEMENT_3D('',#4143,#4144,#4145);
#4143 = CARTESIAN_POINT('',(0.115,0.32,-0.355125000056));
#4144 = DIRECTION('',(-4.373741005274E-16,1.,3.05416702017E-30));
#4145 = DIRECTION('',(1.,4.373741005274E-16,0.));
#4146 = DEFINITIONAL_REPRESENTATION('',(#4147),#4151);
#4147 = LINE('',#4148,#4149);
#4148 = CARTESIAN_POINT('',(0.123944487245,-1.250000564805E-04));
#4149 = VECTOR('',#4150,1.);
#4150 = DIRECTION('',(-1.,-6.982962677686E-15));
#4151 = ( GEOMETRIC_REPRESENTATION_CONTEXT(2) 
PARAMETRIC_REPRESENTATION_CONTEXT() REPRESENTATION_CONTEXT('2D SPACE',''
  ) );
#4152 = ORIENTED_EDGE('',*,*,#4153,.T.);
#4153 = EDGE_CURVE('',#4126,#4154,#4156,.T.);
#4154 = VERTEX_POINT('',#4155);
#4155 = CARTESIAN_POINT('',(9.E-02,0.345,-0.355));
#4156 = SURFACE_CURVE('',#4157,(#4162,#4169),.PCURVE_S1.);
#4157 = CIRCLE('',#4158,2.5E-02);
#4158 = AXIS2_PLACEMENT_3D('',#4159,#4160,#4161);
#4159 = CARTESIAN_POINT('',(0.115,0.345,-0.355));
#4160 = DIRECTION('',(-6.505213034913E-15,0.,-1.));
#4161 = DIRECTION('',(-1.,0.,6.505213034913E-15));
#4162 = PCURVE('',#3026,#4163);
#4163 = DEFINITIONAL_REPRESENTATION('',(#4164),#4168);
#4164 = CIRCLE('',#4165,2.5E-02);
#4165 = AXIS2_PLACEMENT_2D('',#4166,#4167);
#4166 = CARTESIAN_POINT('',(0.37,0.94));
#4167 = DIRECTION('',(1.,0.));
#4168 = ( GEOMETRIC_REPRESENTATION_CONTEXT(2) 
PARAMETRIC_REPRESENTATION_CONTEXT() REPRESENTATION_CONTEXT('2D SPACE',''
  ) );
#4169 = PCURVE('',#4170,#4175);
#4170 = CYLINDRICAL_SURFACE('',#4171,2.5E-02);
#4171 = AXIS2_PLACEMENT_3D('',#4172,#4173,#4174);
#4172 = CARTESIAN_POINT('',(0.115,0.345,-0.355125000056));
#4173 = DIRECTION('',(6.505213034913E-15,0.,1.));
#4174 = DIRECTION('',(1.,0.,-6.505213034913E-15));
#4175 = DEFINITIONAL_REPRESENTATION('',(#4176),#4180);
#4176 = LINE('',#4177,#4178);
#4177 = CARTESIAN_POINT('',(9.424777960769,1.250000564804E-04));
#4178 = VECTOR('',#4179,1.);
#4179 = DIRECTION('',(-1.,3.533949646071E-17));
#4180 = ( GEOMETRIC_REPRESENTATION_CONTEXT(2) 
PARAMETRIC_REPRESENTATION_CONTEXT() REPRESENTATION_CONTEXT('2D SPACE',''
  ) );
#4181 = ORIENTED_EDGE('',*,*,#4182,.T.);
#4182 = EDGE_CURVE('',#4154,#4183,#4185,.T.);
#4183 = VERTEX_POINT('',#4184);
#4184 = CARTESIAN_POINT('',(9.E-02,0.595,-0.355));
#4185 = SURFACE_CURVE('',#4186,(#4190,#4197),.PCURVE_S1.);
#4186 = LINE('',#4187,#4188);
#4187 = CARTESIAN_POINT('',(9.E-02,0.345,-0.355));
#4188 = VECTOR('',#4189,1.);
#4189 = DIRECTION('',(5.421010862428E-17,1.,-3.785471652766E-31));
#4190 = PCURVE('',#3026,#4191);
#4191 = DEFINITIONAL_REPRESENTATION('',(#4192),#4196);
#4192 = LINE('',#4193,#4194);
#4193 = CARTESIAN_POINT('',(0.395,0.94));
#4194 = VECTOR('',#4195,1.);
#4195 = DIRECTION('',(-5.421010862428E-17,1.));
#4196 = ( GEOMETRIC_REPRESENTATION_CONTEXT(2) 
PARAMETRIC_REPRESENTATION_CONTEXT() REPRESENTATION_CONTEXT('2D SPACE',''
  ) );
#4197 = PCURVE('',#4198,#4203);
#4198 = PLANE('',#4199);
#4199 = AXIS2_PLACEMENT_3D('',#4200,#4201,#4202);
#4200 = CARTESIAN_POINT('',(9.E-02,0.595,-0.355125000056));
#4201 = DIRECTION('',(1.,0.,-6.982962677686E-15));
#4202 = DIRECTION('',(-6.982962677686E-15,0.,-1.));
#4203 = DEFINITIONAL_REPRESENTATION('',(#4204),#4208);
#4204 = LINE('',#4205,#4206);
#4205 = CARTESIAN_POINT('',(-1.250000564805E-04,-0.25));
#4206 = VECTOR('',#4207,1.);
#4207 = DIRECTION('',(0.,1.));
#4208 = ( GEOMETRIC_REPRESENTATION_CONTEXT(2) 
PARAMETRIC_REPRESENTATION_CONTEXT() REPRESENTATION_CONTEXT('2D SPACE',''
  ) );
#4209 = ORIENTED_EDGE('',*,*,#4210,.T.);
#4210 = EDGE_CURVE('',#4183,#4211,#4213,.T.);
#4211 = VERTEX_POINT('',#4212);
#4212 = CARTESIAN_POINT('',(0.115,0.62,-0.355));
#4213 = SURFACE_CURVE('',#4214,(#4219,#4226),.PCURVE_S1.);
#4214 = CIRCLE('',#4215,2.5E-02);
#4215 = AXIS2_PLACEMENT_3D('',#4216,#4217,#4218);
#4216 = CARTESIAN_POINT('',(0.115,0.595,-0.355));
#4217 = DIRECTION('',(-6.505213034913E-15,0.,-1.));
#4218 = DIRECTION('',(1.,0.,-6.505213034913E-15));
#4219 = PCURVE('',#3026,#4220);
#4220 = DEFINITIONAL_REPRESENTATION('',(#4221),#4225);
#4221 = CIRCLE('',#4222,2.5E-02);
#4222 = AXIS2_PLACEMENT_2D('',#4223,#4224);
#4223 = CARTESIAN_POINT('',(0.37,1.19));
#4224 = DIRECTION('',(-1.,0.));
#4225 = ( GEOMETRIC_REPRESENTATION_CONTEXT(2) 
PARAMETRIC_REPRESENTATION_CONTEXT() REPRESENTATION_CONTEXT('2D SPACE',''
  ) );
#4226 = PCURVE('',#4227,#4232);
#4227 = CYLINDRICAL_SURFACE('',#4228,2.5E-02);
#4228 = AXIS2_PLACEMENT_3D('',#4229,#4230,#4231);
#4229 = CARTESIAN_POINT('',(0.115,0.595,-0.355125000056));
#4230 = DIRECTION('',(6.505213034913E-15,0.,1.));
#4231 = DIRECTION('',(1.,0.,-6.505213034913E-15));
#4232 = DEFINITIONAL_REPRESENTATION('',(#4233),#4237);
#4233 = LINE('',#4234,#4235);
#4234 = CARTESIAN_POINT('',(6.28318530718,1.250000564807E-04));
#4235 = VECTOR('',#4236,1.);
#4236 = DIRECTION('',(-1.,-3.533949646071E-17));
#4237 = ( GEOMETRIC_REPRESENTATION_CONTEXT(2) 
PARAMETRIC_REPRESENTATION_CONTEXT() REPRESENTATION_CONTEXT('2D SPACE',''
  ) );
#4238 = ORIENTED_EDGE('',*,*,#4239,.T.);
#4239 = EDGE_CURVE('',#4211,#4240,#4242,.T.);
#4240 = VERTEX_POINT('',#4241);
#4241 = CARTESIAN_POINT('',(0.185,0.62,-0.355));
#4242 = SURFACE_CURVE('',#4243,(#4247,#4254),.PCURVE_S1.);
#4243 = LINE('',#4244,#4245);
#4244 = CARTESIAN_POINT('',(0.185,0.62,-0.355));
#4245 = VECTOR('',#4246,1.);
#4246 = DIRECTION('',(1.,0.,-6.982962677686E-15));
#4247 = PCURVE('',#3026,#4248);
#4248 = DEFINITIONAL_REPRESENTATION('',(#4249),#4253);
#4249 = LINE('',#4250,#4251);
#4250 = CARTESIAN_POINT('',(0.3,1.215));
#4251 = VECTOR('',#4252,1.);
#4252 = DIRECTION('',(-1.,0.));
#4253 = ( GEOMETRIC_REPRESENTATION_CONTEXT(2) 
PARAMETRIC_REPRESENTATION_CONTEXT() REPRESENTATION_CONTEXT('2D SPACE',''
  ) );
#4254 = PCURVE('',#4255,#4260);
#4255 = PLANE('',#4256);
#4256 = AXIS2_PLACEMENT_3D('',#4257,#4258,#4259);
#4257 = CARTESIAN_POINT('',(0.115,0.62,-0.355125000056));
#4258 = DIRECTION('',(0.,-1.,0.));
#4259 = DIRECTION('',(0.,0.,-1.));
#4260 = DEFINITIONAL_REPRESENTATION('',(#4261),#4265);
#4261 = LINE('',#4262,#4263);
#4262 = CARTESIAN_POINT('',(-1.250000564805E-04,7.E-02));
#4263 = VECTOR('',#4264,1.);
#4264 = DIRECTION('',(6.982962677686E-15,1.));
#4265 = ( GEOMETRIC_REPRESENTATION_CONTEXT(2) 
PARAMETRIC_REPRESENTATION_CONTEXT() REPRESENTATION_CONTEXT('2D SPACE',''
  ) );
#4266 = ORIENTED_EDGE('',*,*,#4267,.T.);
#4267 = EDGE_CURVE('',#4240,#4268,#4270,.T.);
#4268 = VERTEX_POINT('',#4269);
#4269 = CARTESIAN_POINT('',(0.21,0.595,-0.355));
#4270 = SURFACE_CURVE('',#4271,(#4276,#4283),.PCURVE_S1.);
#4271 = CIRCLE('',#4272,2.5E-02);
#4272 = AXIS2_PLACEMENT_3D('',#4273,#4274,#4275);
#4273 = CARTESIAN_POINT('',(0.185,0.595,-0.355));
#4274 = DIRECTION('',(-6.505213034913E-15,0.,-1.));
#4275 = DIRECTION('',(1.,0.,-6.505213034913E-15));
#4276 = PCURVE('',#3026,#4277);
#4277 = DEFINITIONAL_REPRESENTATION('',(#4278),#4282);
#4278 = CIRCLE('',#4279,2.5E-02);
#4279 = AXIS2_PLACEMENT_2D('',#4280,#4281);
#4280 = CARTESIAN_POINT('',(0.3,1.19));
#4281 = DIRECTION('',(-1.,0.));
#4282 = ( GEOMETRIC_REPRESENTATION_CONTEXT(2) 
PARAMETRIC_REPRESENTATION_CONTEXT() REPRESENTATION_CONTEXT('2D SPACE',''
  ) );
#4283 = PCURVE('',#4284,#4289);
#4284 = CYLINDRICAL_SURFACE('',#4285,2.5E-02);
#4285 = AXIS2_PLACEMENT_3D('',#4286,#4287,#4288);
#4286 = CARTESIAN_POINT('',(0.185,0.595,-0.355125000056));
#4287 = DIRECTION('',(6.505213034913E-15,0.,1.));
#4288 = DIRECTION('',(1.,0.,-6.505213034913E-15));
#4289 = DEFINITIONAL_REPRESENTATION('',(#4290),#4294);
#4290 = LINE('',#4291,#4292);
#4291 = CARTESIAN_POINT('',(6.28318530718,1.250000564811E-04));
#4292 = VECTOR('',#4293,1.);
#4293 = DIRECTION('',(-1.,0.));
#4294 = ( GEOMETRIC_REPRESENTATION_CONTEXT(2) 
PARAMETRIC_REPRESENTATION_CONTEXT() REPRESENTATION_CONTEXT('2D SPACE',''
  ) );
#4295 = ORIENTED_EDGE('',*,*,#4296,.T.);
#4296 = EDGE_CURVE('',#4268,#4297,#4299,.T.);
#4297 = VERTEX_POINT('',#4298);
#4298 = CARTESIAN_POINT('',(0.21,0.57,-0.355));
#4299 = SURFACE_CURVE('',#4300,(#4304,#4311),.PCURVE_S1.);
#4300 = LINE('',#4301,#4302);
#4301 = CARTESIAN_POINT('',(0.21,0.595,-0.355));
#4302 = VECTOR('',#4303,1.);
#4303 = DIRECTION('',(1.084202172486E-15,-1.,-7.570943305533E-30));
#4304 = PCURVE('',#3026,#4305);
#4305 = DEFINITIONAL_REPRESENTATION('',(#4306),#4310);
#4306 = LINE('',#4307,#4308);
#4307 = CARTESIAN_POINT('',(0.275,1.19));
#4308 = VECTOR('',#4309,1.);
#4309 = DIRECTION('',(-1.084202172486E-15,-1.));
#4310 = ( GEOMETRIC_REPRESENTATION_CONTEXT(2) 
PARAMETRIC_REPRESENTATION_CONTEXT() REPRESENTATION_CONTEXT('2D SPACE',''
  ) );
#4311 = PCURVE('',#4312,#4317);
#4312 = PLANE('',#4313);
#4313 = AXIS2_PLACEMENT_3D('',#4314,#4315,#4316);
#4314 = CARTESIAN_POINT('',(0.21,0.595,-0.355125000056));
#4315 = DIRECTION('',(-1.,0.,6.982962677686E-15));
#4316 = DIRECTION('',(0.,1.,0.));
#4317 = DEFINITIONAL_REPRESENTATION('',(#4318),#4322);
#4318 = LINE('',#4319,#4320);
#4319 = CARTESIAN_POINT('',(0.,-1.250000564811E-04));
#4320 = VECTOR('',#4321,1.);
#4321 = DIRECTION('',(-1.,2.80259692865E-45));
#4322 = ( GEOMETRIC_REPRESENTATION_CONTEXT(2) 
PARAMETRIC_REPRESENTATION_CONTEXT() REPRESENTATION_CONTEXT('2D SPACE',''
  ) );
#4323 = ORIENTED_EDGE('',*,*,#4324,.T.);
#4324 = EDGE_CURVE('',#4297,#4325,#4327,.T.);
#4325 = VERTEX_POINT('',#4326);
#4326 = CARTESIAN_POINT('',(0.31,0.57,-0.355));
#4327 = SURFACE_CURVE('',#4328,(#4333,#4344),.PCURVE_S1.);
#4328 = CIRCLE('',#4329,5.E-02);
#4329 = AXIS2_PLACEMENT_3D('',#4330,#4331,#4332);
#4330 = CARTESIAN_POINT('',(0.26,0.57,-0.355));
#4331 = DIRECTION('',(6.505213034913E-15,0.,1.));
#4332 = DIRECTION('',(-1.,0.,6.505213034913E-15));
#4333 = PCURVE('',#3026,#4334);
#4334 = DEFINITIONAL_REPRESENTATION('',(#4335),#4343);
#4335 = ( BOUNDED_CURVE() B_SPLINE_CURVE(2,(#4336,#4337,#4338,#4339,
#4340,#4341,#4342),.UNSPECIFIED.,.T.,.F.) B_SPLINE_CURVE_WITH_KNOTS((1,2
    ,2,2,2,1),(-2.094395102393,0.,2.094395102393,4.188790204786,
6.28318530718,8.377580409573),.UNSPECIFIED.) CURVE() 
GEOMETRIC_REPRESENTATION_ITEM() RATIONAL_B_SPLINE_CURVE((1.,0.5,1.,0.5,
1.,0.5,1.)) REPRESENTATION_ITEM('') );
#4336 = CARTESIAN_POINT('',(0.275,1.165));
#4337 = CARTESIAN_POINT('',(0.275,1.078397459622));
#4338 = CARTESIAN_POINT('',(0.2,1.121698729811));
#4339 = CARTESIAN_POINT('',(0.125,1.165));
#4340 = CARTESIAN_POINT('',(0.2,1.208301270189));
#4341 = CARTESIAN_POINT('',(0.275,1.251602540378));
#4342 = CARTESIAN_POINT('',(0.275,1.165));
#4343 = ( GEOMETRIC_REPRESENTATION_CONTEXT(2) 
PARAMETRIC_REPRESENTATION_CONTEXT() REPRESENTATION_CONTEXT('2D SPACE',''
  ) );
#4344 = PCURVE('',#4345,#4350);
#4345 = CYLINDRICAL_SURFACE('',#4346,5.E-02);
#4346 = AXIS2_PLACEMENT_3D('',#4347,#4348,#4349);
#4347 = CARTESIAN_POINT('',(0.26,0.57,-0.355125000056));
#4348 = DIRECTION('',(6.505213034913E-15,0.,1.));
#4349 = DIRECTION('',(1.,0.,-6.505213034913E-15));
#4350 = DEFINITIONAL_REPRESENTATION('',(#4351),#4355);
#4351 = LINE('',#4352,#4353);
#4352 = CARTESIAN_POINT('',(3.14159265359,1.250000564816E-04));
#4353 = VECTOR('',#4354,1.);
#4354 = DIRECTION('',(1.,-1.766974823035E-17));
#4355 = ( GEOMETRIC_REPRESENTATION_CONTEXT(2) 
PARAMETRIC_REPRESENTATION_CONTEXT() REPRESENTATION_CONTEXT('2D SPACE',''
  ) );
#4356 = ORIENTED_EDGE('',*,*,#4357,.T.);
#4357 = EDGE_CURVE('',#4325,#4358,#4360,.T.);
#4358 = VERTEX_POINT('',#4359);
#4359 = CARTESIAN_POINT('',(0.31,0.595,-0.355));
#4360 = SURFACE_CURVE('',#4361,(#4365,#4372),.PCURVE_S1.);
#4361 = LINE('',#4362,#4363);
#4362 = CARTESIAN_POINT('',(0.31,0.595,-0.355));
#4363 = VECTOR('',#4364,1.);
#4364 = DIRECTION('',(0.,1.,0.));
#4365 = PCURVE('',#3026,#4366);
#4366 = DEFINITIONAL_REPRESENTATION('',(#4367),#4371);
#4367 = LINE('',#4368,#4369);
#4368 = CARTESIAN_POINT('',(0.175,1.19));
#4369 = VECTOR('',#4370,1.);
#4370 = DIRECTION('',(0.,1.));
#4371 = ( GEOMETRIC_REPRESENTATION_CONTEXT(2) 
PARAMETRIC_REPRESENTATION_CONTEXT() REPRESENTATION_CONTEXT('2D SPACE',''
  ) );
#4372 = PCURVE('',#4373,#4378);
#4373 = PLANE('',#4374);
#4374 = AXIS2_PLACEMENT_3D('',#4375,#4376,#4377);
#4375 = CARTESIAN_POINT('',(0.31,0.595,-0.355125000056));
#4376 = DIRECTION('',(1.,0.,-6.982962677686E-15));
#4377 = DIRECTION('',(-6.982962677686E-15,0.,-1.));
#4378 = DEFINITIONAL_REPRESENTATION('',(#4379),#4383);
#4379 = LINE('',#4380,#4381);
#4380 = CARTESIAN_POINT('',(-1.25000056482E-04,0.));
#4381 = VECTOR('',#4382,1.);
#4382 = DIRECTION('',(0.,1.));
#4383 = ( GEOMETRIC_REPRESENTATION_CONTEXT(2) 
PARAMETRIC_REPRESENTATION_CONTEXT() REPRESENTATION_CONTEXT('2D SPACE',''
  ) );
#4384 = ORIENTED_EDGE('',*,*,#4385,.T.);
#4385 = EDGE_CURVE('',#4358,#4386,#4388,.T.);
#4386 = VERTEX_POINT('',#4387);
#4387 = CARTESIAN_POINT('',(0.335,0.62,-0.355));
#4388 = SURFACE_CURVE('',#4389,(#4394,#4401),.PCURVE_S1.);
#4389 = CIRCLE('',#4390,2.5E-02);
#4390 = AXIS2_PLACEMENT_3D('',#4391,#4392,#4393);
#4391 = CARTESIAN_POINT('',(0.335,0.595,-0.355));
#4392 = DIRECTION('',(-6.505213034913E-15,0.,-1.));
#4393 = DIRECTION('',(-1.,0.,6.505213034913E-15));
#4394 = PCURVE('',#3026,#4395);
#4395 = DEFINITIONAL_REPRESENTATION('',(#4396),#4400);
#4396 = CIRCLE('',#4397,2.5E-02);
#4397 = AXIS2_PLACEMENT_2D('',#4398,#4399);
#4398 = CARTESIAN_POINT('',(0.15,1.19));
#4399 = DIRECTION('',(1.,0.));
#4400 = ( GEOMETRIC_REPRESENTATION_CONTEXT(2) 
PARAMETRIC_REPRESENTATION_CONTEXT() REPRESENTATION_CONTEXT('2D SPACE',''
  ) );
#4401 = PCURVE('',#4402,#4407);
#4402 = CYLINDRICAL_SURFACE('',#4403,2.5E-02);
#4403 = AXIS2_PLACEMENT_3D('',#4404,#4405,#4406);
#4404 = CARTESIAN_POINT('',(0.335,0.595,-0.355125000056));
#4405 = DIRECTION('',(6.505213034913E-15,0.,1.));
#4406 = DIRECTION('',(1.,0.,-6.505213034913E-15));
#4407 = DEFINITIONAL_REPRESENTATION('',(#4408),#4412);
#4408 = LINE('',#4409,#4410);
#4409 = CARTESIAN_POINT('',(3.14159265359,1.25000056482E-04));
#4410 = VECTOR('',#4411,1.);
#4411 = DIRECTION('',(-1.,0.));
#4412 = ( GEOMETRIC_REPRESENTATION_CONTEXT(2) 
PARAMETRIC_REPRESENTATION_CONTEXT() REPRESENTATION_CONTEXT('2D SPACE',''
  ) );
#4413 = ORIENTED_EDGE('',*,*,#4414,.T.);
#4414 = EDGE_CURVE('',#4386,#4415,#4417,.T.);
#4415 = VERTEX_POINT('',#4416);
#4416 = CARTESIAN_POINT('',(0.485,0.62,-0.355));
#4417 = SURFACE_CURVE('',#4418,(#4422,#4429),.PCURVE_S1.);
#4418 = LINE('',#4419,#4420);
#4419 = CARTESIAN_POINT('',(0.485,0.62,-0.355));
#4420 = VECTOR('',#4421,1.);
#4421 = DIRECTION('',(1.,0.,-6.982962677686E-15));
#4422 = PCURVE('',#3026,#4423);
#4423 = DEFINITIONAL_REPRESENTATION('',(#4424),#4428);
#4424 = LINE('',#4425,#4426);
#4425 = CARTESIAN_POINT('',(0.,1.215));
#4426 = VECTOR('',#4427,1.);
#4427 = DIRECTION('',(-1.,0.));
#4428 = ( GEOMETRIC_REPRESENTATION_CONTEXT(2) 
PARAMETRIC_REPRESENTATION_CONTEXT() REPRESENTATION_CONTEXT('2D SPACE',''
  ) );
#4429 = PCURVE('',#4430,#4435);
#4430 = PLANE('',#4431);
#4431 = AXIS2_PLACEMENT_3D('',#4432,#4433,#4434);
#4432 = CARTESIAN_POINT('',(0.335,0.62,-0.355125000056));
#4433 = DIRECTION('',(0.,-1.,0.));
#4434 = DIRECTION('',(0.,0.,-1.));
#4435 = DEFINITIONAL_REPRESENTATION('',(#4436),#4440);
#4436 = LINE('',#4437,#4438);
#4437 = CARTESIAN_POINT('',(-1.25000056482E-04,0.15));
#4438 = VECTOR('',#4439,1.);
#4439 = DIRECTION('',(6.982962677686E-15,1.));
#4440 = ( GEOMETRIC_REPRESENTATION_CONTEXT(2) 
PARAMETRIC_REPRESENTATION_CONTEXT() REPRESENTATION_CONTEXT('2D SPACE',''
  ) );
#4441 = ORIENTED_EDGE('',*,*,#4442,.T.);
#4442 = EDGE_CURVE('',#4415,#4443,#4445,.T.);
#4443 = VERTEX_POINT('',#4444);
#4444 = CARTESIAN_POINT('',(0.51,0.595,-0.355));
#4445 = SURFACE_CURVE('',#4446,(#4451,#4458),.PCURVE_S1.);
#4446 = CIRCLE('',#4447,2.5E-02);
#4447 = AXIS2_PLACEMENT_3D('',#4448,#4449,#4450);
#4448 = CARTESIAN_POINT('',(0.485,0.595,-0.355));
#4449 = DIRECTION('',(-6.505213034913E-15,0.,-1.));
#4450 = DIRECTION('',(1.,0.,-6.505213034913E-15));
#4451 = PCURVE('',#3026,#4452);
#4452 = DEFINITIONAL_REPRESENTATION('',(#4453),#4457);
#4453 = CIRCLE('',#4454,2.5E-02);
#4454 = AXIS2_PLACEMENT_2D('',#4455,#4456);
#4455 = CARTESIAN_POINT('',(0.,1.19));
#4456 = DIRECTION('',(-1.,0.));
#4457 = ( GEOMETRIC_REPRESENTATION_CONTEXT(2) 
PARAMETRIC_REPRESENTATION_CONTEXT() REPRESENTATION_CONTEXT('2D SPACE',''
  ) );
#4458 = PCURVE('',#4459,#4464);
#4459 = CYLINDRICAL_SURFACE('',#4460,2.5E-02);
#4460 = AXIS2_PLACEMENT_3D('',#4461,#4462,#4463);
#4461 = CARTESIAN_POINT('',(0.485,0.595,-0.355125000056));
#4462 = DIRECTION('',(6.505213034913E-15,0.,1.));
#4463 = DIRECTION('',(1.,0.,-6.505213034913E-15));
#4464 = DEFINITIONAL_REPRESENTATION('',(#4465),#4469);
#4465 = LINE('',#4466,#4467);
#4466 = CARTESIAN_POINT('',(6.28318530718,1.25000056483E-04));
#4467 = VECTOR('',#4468,1.);
#4468 = DIRECTION('',(-1.,0.));
#4469 = ( GEOMETRIC_REPRESENTATION_CONTEXT(2) 
PARAMETRIC_REPRESENTATION_CONTEXT() REPRESENTATION_CONTEXT('2D SPACE',''
  ) );
#4470 = ORIENTED_EDGE('',*,*,#4471,.T.);
#4471 = EDGE_CURVE('',#4443,#4472,#4474,.T.);
#4472 = VERTEX_POINT('',#4473);
#4473 = CARTESIAN_POINT('',(0.51,0.57,-0.355));
#4474 = SURFACE_CURVE('',#4475,(#4479,#4486),.PCURVE_S1.);
#4475 = LINE('',#4476,#4477);
#4476 = CARTESIAN_POINT('',(0.51,0.595,-0.355));
#4477 = VECTOR('',#4478,1.);
#4478 = DIRECTION('',(0.,-1.,0.));
#4479 = PCURVE('',#3026,#4480);
#4480 = DEFINITIONAL_REPRESENTATION('',(#4481),#4485);
#4481 = LINE('',#4482,#4483);
#4482 = CARTESIAN_POINT('',(-2.5E-02,1.19));
#4483 = VECTOR('',#4484,1.);
#4484 = DIRECTION('',(0.,-1.));
#4485 = ( GEOMETRIC_REPRESENTATION_CONTEXT(2) 
PARAMETRIC_REPRESENTATION_CONTEXT() REPRESENTATION_CONTEXT('2D SPACE',''
  ) );
#4486 = PCURVE('',#4487,#4492);
#4487 = PLANE('',#4488);
#4488 = AXIS2_PLACEMENT_3D('',#4489,#4490,#4491);
#4489 = CARTESIAN_POINT('',(0.51,0.595,-0.355125000056));
#4490 = DIRECTION('',(-1.,0.,6.982962677686E-15));
#4491 = DIRECTION('',(0.,1.,0.));
#4492 = DEFINITIONAL_REPRESENTATION('',(#4493),#4497);
#4493 = LINE('',#4494,#4495);
#4494 = CARTESIAN_POINT('',(0.,-1.250000564836E-04));
#4495 = VECTOR('',#4496,1.);
#4496 = DIRECTION('',(-1.,-0.));
#4497 = ( GEOMETRIC_REPRESENTATION_CONTEXT(2) 
PARAMETRIC_REPRESENTATION_CONTEXT() REPRESENTATION_CONTEXT('2D SPACE',''
  ) );
#4498 = ORIENTED_EDGE('',*,*,#4499,.T.);
#4499 = EDGE_CURVE('',#4472,#4500,#4502,.T.);
#4500 = VERTEX_POINT('',#4501);
#4501 = CARTESIAN_POINT('',(0.56,0.52,-0.355));
#4502 = SURFACE_CURVE('',#4503,(#4508,#4519),.PCURVE_S1.);
#4503 = CIRCLE('',#4504,5.E-02);
#4504 = AXIS2_PLACEMENT_3D('',#4505,#4506,#4507);
#4505 = CARTESIAN_POINT('',(0.56,0.57,-0.355));
#4506 = DIRECTION('',(6.505213034913E-15,0.,1.));
#4507 = DIRECTION('',(1.,0.,-6.505213034913E-15));
#4508 = PCURVE('',#3026,#4509);
#4509 = DEFINITIONAL_REPRESENTATION('',(#4510),#4518);
#4510 = ( BOUNDED_CURVE() B_SPLINE_CURVE(2,(#4511,#4512,#4513,#4514,
#4515,#4516,#4517),.UNSPECIFIED.,.T.,.F.) B_SPLINE_CURVE_WITH_KNOTS((1,2
    ,2,2,2,1),(-2.094395102393,0.,2.094395102393,4.188790204786,
6.28318530718,8.377580409573),.UNSPECIFIED.) CURVE() 
GEOMETRIC_REPRESENTATION_ITEM() RATIONAL_B_SPLINE_CURVE((1.,0.5,1.,0.5,
1.,0.5,1.)) REPRESENTATION_ITEM('') );
#4511 = CARTESIAN_POINT('',(-0.125,1.165));
#4512 = CARTESIAN_POINT('',(-0.125,1.251602540378));
#4513 = CARTESIAN_POINT('',(-5.E-02,1.208301270189));
#4514 = CARTESIAN_POINT('',(2.5E-02,1.165));
#4515 = CARTESIAN_POINT('',(-5.E-02,1.121698729811));
#4516 = CARTESIAN_POINT('',(-0.125,1.078397459622));
#4517 = CARTESIAN_POINT('',(-0.125,1.165));
#4518 = ( GEOMETRIC_REPRESENTATION_CONTEXT(2) 
PARAMETRIC_REPRESENTATION_CONTEXT() REPRESENTATION_CONTEXT('2D SPACE',''
  ) );
#4519 = PCURVE('',#4520,#4525);
#4520 = CYLINDRICAL_SURFACE('',#4521,5.E-02);
#4521 = AXIS2_PLACEMENT_3D('',#4522,#4523,#4524);
#4522 = CARTESIAN_POINT('',(0.56,0.57,-0.355125000056));
#4523 = DIRECTION('',(6.505213034913E-15,0.,1.));
#4524 = DIRECTION('',(1.,0.,-6.505213034913E-15));
#4525 = DEFINITIONAL_REPRESENTATION('',(#4526),#4530);
#4526 = LINE('',#4527,#4528);
#4527 = CARTESIAN_POINT('',(0.,1.250000564836E-04));
#4528 = VECTOR('',#4529,1.);
#4529 = DIRECTION('',(1.,0.));
#4530 = ( GEOMETRIC_REPRESENTATION_CONTEXT(2) 
PARAMETRIC_REPRESENTATION_CONTEXT() REPRESENTATION_CONTEXT('2D SPACE',''
  ) );
#4531 = ORIENTED_EDGE('',*,*,#4532,.T.);
#4532 = EDGE_CURVE('',#4500,#4533,#4535,.T.);
#4533 = VERTEX_POINT('',#4534);
#4534 = CARTESIAN_POINT('',(0.635,0.52,-0.355));
#4535 = SURFACE_CURVE('',#4536,(#4540,#4547),.PCURVE_S1.);
#4536 = LINE('',#4537,#4538);
#4537 = CARTESIAN_POINT('',(0.635,0.52,-0.355));
#4538 = VECTOR('',#4539,1.);
#4539 = DIRECTION('',(1.,0.,-6.982962677686E-15));
#4540 = PCURVE('',#3026,#4541);
#4541 = DEFINITIONAL_REPRESENTATION('',(#4542),#4546);
#4542 = LINE('',#4543,#4544);
#4543 = CARTESIAN_POINT('',(-0.15,1.115));
#4544 = VECTOR('',#4545,1.);
#4545 = DIRECTION('',(-1.,0.));
#4546 = ( GEOMETRIC_REPRESENTATION_CONTEXT(2) 
PARAMETRIC_REPRESENTATION_CONTEXT() REPRESENTATION_CONTEXT('2D SPACE',''
  ) );
#4547 = PCURVE('',#4548,#4553);
#4548 = PLANE('',#4549);
#4549 = AXIS2_PLACEMENT_3D('',#4550,#4551,#4552);
#4550 = CARTESIAN_POINT('',(0.56,0.52,-0.355125000056));
#4551 = DIRECTION('',(0.,-1.,0.));
#4552 = DIRECTION('',(0.,0.,-1.));
#4553 = DEFINITIONAL_REPRESENTATION('',(#4554),#4558);
#4554 = LINE('',#4555,#4556);
#4555 = CARTESIAN_POINT('',(-1.25000056479E-04,7.5E-02));
#4556 = VECTOR('',#4557,1.);
#4557 = DIRECTION('',(6.982962677686E-15,1.));
#4558 = ( GEOMETRIC_REPRESENTATION_CONTEXT(2) 
PARAMETRIC_REPRESENTATION_CONTEXT() REPRESENTATION_CONTEXT('2D SPACE',''
  ) );
#4559 = ORIENTED_EDGE('',*,*,#4560,.T.);
#4560 = EDGE_CURVE('',#4533,#4561,#4563,.T.);
#4561 = VERTEX_POINT('',#4562);
#4562 = CARTESIAN_POINT('',(0.66,0.495,-0.355));
#4563 = SURFACE_CURVE('',#4564,(#4569,#4576),.PCURVE_S1.);
#4564 = CIRCLE('',#4565,2.5E-02);
#4565 = AXIS2_PLACEMENT_3D('',#4566,#4567,#4568);
#4566 = CARTESIAN_POINT('',(0.635,0.495,-0.355));
#4567 = DIRECTION('',(-6.505213034913E-15,0.,-1.));
#4568 = DIRECTION('',(-1.,0.,6.505213034913E-15));
#4569 = PCURVE('',#3026,#4570);
#4570 = DEFINITIONAL_REPRESENTATION('',(#4571),#4575);
#4571 = CIRCLE('',#4572,2.5E-02);
#4572 = AXIS2_PLACEMENT_2D('',#4573,#4574);
#4573 = CARTESIAN_POINT('',(-0.15,1.09));
#4574 = DIRECTION('',(1.,0.));
#4575 = ( GEOMETRIC_REPRESENTATION_CONTEXT(2) 
PARAMETRIC_REPRESENTATION_CONTEXT() REPRESENTATION_CONTEXT('2D SPACE',''
  ) );
#4576 = PCURVE('',#4577,#4582);
#4577 = CYLINDRICAL_SURFACE('',#4578,2.5E-02);
#4578 = AXIS2_PLACEMENT_3D('',#4579,#4580,#4581);
#4579 = CARTESIAN_POINT('',(0.635,0.495,-0.355125000056));
#4580 = DIRECTION('',(6.505213034913E-15,0.,1.));
#4581 = DIRECTION('',(1.,0.,-6.505213034913E-15));
#4582 = DEFINITIONAL_REPRESENTATION('',(#4583),#4587);
#4583 = LINE('',#4584,#4585);
#4584 = CARTESIAN_POINT('',(3.14159265359,1.250000564795E-04));
#4585 = VECTOR('',#4586,1.);
#4586 = DIRECTION('',(-1.,0.));
#4587 = ( GEOMETRIC_REPRESENTATION_CONTEXT(2) 
PARAMETRIC_REPRESENTATION_CONTEXT() REPRESENTATION_CONTEXT('2D SPACE',''
  ) );
#4588 = ORIENTED_EDGE('',*,*,#4589,.T.);
#4589 = EDGE_CURVE('',#4561,#4590,#4592,.T.);
#4590 = VERTEX_POINT('',#4591);
#4591 = CARTESIAN_POINT('',(0.66,0.345,-0.355));
#4592 = SURFACE_CURVE('',#4593,(#4597,#4604),.PCURVE_S1.);
#4593 = LINE('',#4594,#4595);
#4594 = CARTESIAN_POINT('',(0.66,0.495,-0.355));
#4595 = VECTOR('',#4596,1.);
#4596 = DIRECTION('',(0.,-1.,0.));
#4597 = PCURVE('',#3026,#4598);
#4598 = DEFINITIONAL_REPRESENTATION('',(#4599),#4603);
#4599 = LINE('',#4600,#4601);
#4600 = CARTESIAN_POINT('',(-0.175,1.09));
#4601 = VECTOR('',#4602,1.);
#4602 = DIRECTION('',(0.,-1.));
#4603 = ( GEOMETRIC_REPRESENTATION_CONTEXT(2) 
PARAMETRIC_REPRESENTATION_CONTEXT() REPRESENTATION_CONTEXT('2D SPACE',''
  ) );
#4604 = PCURVE('',#4605,#4610);
#4605 = PLANE('',#4606);
#4606 = AXIS2_PLACEMENT_3D('',#4607,#4608,#4609);
#4607 = CARTESIAN_POINT('',(0.66,0.495,-0.355125000056));
#4608 = DIRECTION('',(-1.,0.,6.982962677686E-15));
#4609 = DIRECTION('',(0.,1.,0.));
#4610 = DEFINITIONAL_REPRESENTATION('',(#4611),#4615);
#4611 = LINE('',#4612,#4613);
#4612 = CARTESIAN_POINT('',(0.,-1.2500005648E-04));
#4613 = VECTOR('',#4614,1.);
#4614 = DIRECTION('',(-1.,-0.));
#4615 = ( GEOMETRIC_REPRESENTATION_CONTEXT(2) 
PARAMETRIC_REPRESENTATION_CONTEXT() REPRESENTATION_CONTEXT('2D SPACE',''
  ) );
#4616 = ORIENTED_EDGE('',*,*,#4617,.T.);
#4617 = EDGE_CURVE('',#4590,#4618,#4620,.T.);
#4618 = VERTEX_POINT('',#4619);
#4619 = CARTESIAN_POINT('',(0.635,0.32,-0.355));
#4620 = SURFACE_CURVE('',#4621,(#4626,#4633),.PCURVE_S1.);
#4621 = CIRCLE('',#4622,2.5E-02);
#4622 = AXIS2_PLACEMENT_3D('',#4623,#4624,#4625);
#4623 = CARTESIAN_POINT('',(0.635,0.345,-0.355));
#4624 = DIRECTION('',(-6.505213034913E-15,0.,-1.));
#4625 = DIRECTION('',(1.,0.,-6.505213034913E-15));
#4626 = PCURVE('',#3026,#4627);
#4627 = DEFINITIONAL_REPRESENTATION('',(#4628),#4632);
#4628 = CIRCLE('',#4629,2.5E-02);
#4629 = AXIS2_PLACEMENT_2D('',#4630,#4631);
#4630 = CARTESIAN_POINT('',(-0.15,0.94));
#4631 = DIRECTION('',(-1.,0.));
#4632 = ( GEOMETRIC_REPRESENTATION_CONTEXT(2) 
PARAMETRIC_REPRESENTATION_CONTEXT() REPRESENTATION_CONTEXT('2D SPACE',''
  ) );
#4633 = PCURVE('',#4634,#4639);
#4634 = CYLINDRICAL_SURFACE('',#4635,2.5E-02);
#4635 = AXIS2_PLACEMENT_3D('',#4636,#4637,#4638);
#4636 = CARTESIAN_POINT('',(0.635,0.345,-0.355125000056));
#4637 = DIRECTION('',(6.505213034913E-15,0.,1.));
#4638 = DIRECTION('',(1.,0.,-6.505213034913E-15));
#4639 = DEFINITIONAL_REPRESENTATION('',(#4640),#4644);
#4640 = LINE('',#4641,#4642);
#4641 = CARTESIAN_POINT('',(6.28318530718,1.250000564795E-04));
#4642 = VECTOR('',#4643,1.);
#4643 = DIRECTION('',(-1.,0.));
#4644 = ( GEOMETRIC_REPRESENTATION_CONTEXT(2) 
PARAMETRIC_REPRESENTATION_CONTEXT() REPRESENTATION_CONTEXT('2D SPACE',''
  ) );
#4645 = ORIENTED_EDGE('',*,*,#4646,.T.);
#4646 = EDGE_CURVE('',#4618,#4647,#4649,.T.);
#4647 = VERTEX_POINT('',#4648);
#4648 = CARTESIAN_POINT('',(0.581055512755,0.32,-0.355));
#4649 = SURFACE_CURVE('',#4650,(#4654,#4661),.PCURVE_S1.);
#4650 = LINE('',#4651,#4652);
#4651 = CARTESIAN_POINT('',(0.635,0.32,-0.355));
#4652 = VECTOR('',#4653,1.);
#4653 = DIRECTION('',(-1.,0.,6.982962677686E-15));
#4654 = PCURVE('',#3026,#4655);
#4655 = DEFINITIONAL_REPRESENTATION('',(#4656),#4660);
#4656 = LINE('',#4657,#4658);
#4657 = CARTESIAN_POINT('',(-0.15,0.915));
#4658 = VECTOR('',#4659,1.);
#4659 = DIRECTION('',(1.,0.));
#4660 = ( GEOMETRIC_REPRESENTATION_CONTEXT(2) 
PARAMETRIC_REPRESENTATION_CONTEXT() REPRESENTATION_CONTEXT('2D SPACE',''
  ) );
#4661 = PCURVE('',#4662,#4667);
#4662 = PLANE('',#4663);
#4663 = AXIS2_PLACEMENT_3D('',#4664,#4665,#4666);
#4664 = CARTESIAN_POINT('',(0.581055512755,0.32,-0.355125000056));
#4665 = DIRECTION('',(-0.,1.,0.));
#4666 = DIRECTION('',(1.,0.,0.));
#4667 = DEFINITIONAL_REPRESENTATION('',(#4668),#4672);
#4668 = LINE('',#4669,#4670);
#4669 = CARTESIAN_POINT('',(5.394448724536E-02,-1.250000564795E-04));
#4670 = VECTOR('',#4671,1.);
#4671 = DIRECTION('',(-1.,-6.982962677686E-15));
#4672 = ( GEOMETRIC_REPRESENTATION_CONTEXT(2) 
PARAMETRIC_REPRESENTATION_CONTEXT() REPRESENTATION_CONTEXT('2D SPACE',''
  ) );
#4673 = ORIENTED_EDGE('',*,*,#4674,.T.);
#4674 = EDGE_CURVE('',#4647,#4675,#4677,.T.);
#4675 = VERTEX_POINT('',#4676);
#4676 = CARTESIAN_POINT('',(0.568178543914,0.323571428571,-0.355));
#4677 = SURFACE_CURVE('',#4678,(#4683,#4690),.PCURVE_S1.);
#4678 = CIRCLE('',#4679,2.5E-02);
#4679 = AXIS2_PLACEMENT_3D('',#4680,#4681,#4682);
#4680 = CARTESIAN_POINT('',(0.581055512755,0.345,-0.355));
#4681 = DIRECTION('',(-6.505213034913E-15,0.,-1.));
#4682 = DIRECTION('',(-1.,0.,6.505213034913E-15));
#4683 = PCURVE('',#3026,#4684);
#4684 = DEFINITIONAL_REPRESENTATION('',(#4685),#4689);
#4685 = CIRCLE('',#4686,2.5E-02);
#4686 = AXIS2_PLACEMENT_2D('',#4687,#4688);
#4687 = CARTESIAN_POINT('',(-9.605551275464E-02,0.94));
#4688 = DIRECTION('',(1.,0.));
#4689 = ( GEOMETRIC_REPRESENTATION_CONTEXT(2) 
PARAMETRIC_REPRESENTATION_CONTEXT() REPRESENTATION_CONTEXT('2D SPACE',''
  ) );
#4690 = PCURVE('',#4691,#4696);
#4691 = CYLINDRICAL_SURFACE('',#4692,2.5E-02);
#4692 = AXIS2_PLACEMENT_3D('',#4693,#4694,#4695);
#4693 = CARTESIAN_POINT('',(0.581055512755,0.345,-0.355125000056));
#4694 = DIRECTION('',(6.505213034913E-15,0.,1.));
#4695 = DIRECTION('',(1.,0.,-6.505213034913E-15));
#4696 = DEFINITIONAL_REPRESENTATION('',(#4697),#4701);
#4697 = LINE('',#4698,#4699);
#4698 = CARTESIAN_POINT('',(9.424777960769,1.250000564835E-04));
#4699 = VECTOR('',#4700,1.);
#4700 = DIRECTION('',(-1.,1.025895395733E-16));
#4701 = ( GEOMETRIC_REPRESENTATION_CONTEXT(2) 
PARAMETRIC_REPRESENTATION_CONTEXT() REPRESENTATION_CONTEXT('2D SPACE',''
  ) );
#4702 = ORIENTED_EDGE('',*,*,#4703,.T.);
#4703 = EDGE_CURVE('',#4675,#4704,#4706,.T.);
#4704 = VERTEX_POINT('',#4705);
#4705 = CARTESIAN_POINT('',(0.568178543914,0.246428571429,-0.355));
#4706 = SURFACE_CURVE('',#4707,(#4712,#4723),.PCURVE_S1.);
#4707 = CIRCLE('',#4708,4.5E-02);
#4708 = AXIS2_PLACEMENT_3D('',#4709,#4710,#4711);
#4709 = CARTESIAN_POINT('',(0.545,0.285,-0.355));
#4710 = DIRECTION('',(7.228014483237E-15,0.,1.));
#4711 = DIRECTION('',(-1.,0.,7.228014483237E-15));
#4712 = PCURVE('',#3026,#4713);
#4713 = DEFINITIONAL_REPRESENTATION('',(#4714),#4722);
#4714 = ( BOUNDED_CURVE() B_SPLINE_CURVE(2,(#4715,#4716,#4717,#4718,
#4719,#4720,#4721),.UNSPECIFIED.,.T.,.F.) B_SPLINE_CURVE_WITH_KNOTS((1,2
    ,2,2,2,1),(-2.094395102393,0.,2.094395102393,4.188790204786,
6.28318530718,8.377580409573),.UNSPECIFIED.) CURVE() 
GEOMETRIC_REPRESENTATION_ITEM() RATIONAL_B_SPLINE_CURVE((1.,0.5,1.,0.5,
1.,0.5,1.)) REPRESENTATION_ITEM('') );
#4715 = CARTESIAN_POINT('',(-1.5E-02,0.88));
#4716 = CARTESIAN_POINT('',(-1.5E-02,0.802057713659));
#4717 = CARTESIAN_POINT('',(-8.25E-02,0.84102885683));
#4718 = CARTESIAN_POINT('',(-0.15,0.88));
#4719 = CARTESIAN_POINT('',(-8.25E-02,0.91897114317));
#4720 = CARTESIAN_POINT('',(-1.5E-02,0.957942286341));
#4721 = CARTESIAN_POINT('',(-1.5E-02,0.88));
#4722 = ( GEOMETRIC_REPRESENTATION_CONTEXT(2) 
PARAMETRIC_REPRESENTATION_CONTEXT() REPRESENTATION_CONTEXT('2D SPACE',''
  ) );
#4723 = PCURVE('',#4724,#4729);
#4724 = CYLINDRICAL_SURFACE('',#4725,4.5E-02);
#4725 = AXIS2_PLACEMENT_3D('',#4726,#4727,#4728);
#4726 = CARTESIAN_POINT('',(0.545,0.285,-0.355125000056));
#4727 = DIRECTION('',(7.228014483237E-15,0.,1.));
#4728 = DIRECTION('',(1.,0.,-7.228014483237E-15));
#4729 = DEFINITIONAL_REPRESENTATION('',(#4730),#4734);
#4730 = LINE('',#4731,#4732);
#4731 = CARTESIAN_POINT('',(-3.14159265359,1.250000564836E-04));
#4732 = VECTOR('',#4733,1.);
#4733 = DIRECTION('',(1.,0.));
#4734 = ( GEOMETRIC_REPRESENTATION_CONTEXT(2) 
PARAMETRIC_REPRESENTATION_CONTEXT() REPRESENTATION_CONTEXT('2D SPACE',''
  ) );
#4735 = ORIENTED_EDGE('',*,*,#4736,.T.);
#4736 = EDGE_CURVE('',#4704,#4737,#4739,.T.);
#4737 = VERTEX_POINT('',#4738);
#4738 = CARTESIAN_POINT('',(0.581055512755,0.25,-0.355));
#4739 = SURFACE_CURVE('',#4740,(#4745,#4752),.PCURVE_S1.);
#4740 = CIRCLE('',#4741,2.5E-02);
#4741 = AXIS2_PLACEMENT_3D('',#4742,#4743,#4744);
#4742 = CARTESIAN_POINT('',(0.581055512755,0.225,-0.355));
#4743 = DIRECTION('',(-6.505213034913E-15,0.,-1.));
#4744 = DIRECTION('',(1.,0.,-6.505213034913E-15));
#4745 = PCURVE('',#3026,#4746);
#4746 = DEFINITIONAL_REPRESENTATION('',(#4747),#4751);
#4747 = CIRCLE('',#4748,2.5E-02);
#4748 = AXIS2_PLACEMENT_2D('',#4749,#4750);
#4749 = CARTESIAN_POINT('',(-9.605551275464E-02,0.82));
#4750 = DIRECTION('',(-1.,0.));
#4751 = ( GEOMETRIC_REPRESENTATION_CONTEXT(2) 
PARAMETRIC_REPRESENTATION_CONTEXT() REPRESENTATION_CONTEXT('2D SPACE',''
  ) );
#4752 = PCURVE('',#4753,#4758);
#4753 = CYLINDRICAL_SURFACE('',#4754,2.5E-02);
#4754 = AXIS2_PLACEMENT_3D('',#4755,#4756,#4757);
#4755 = CARTESIAN_POINT('',(0.581055512755,0.225,-0.355125000056));
#4756 = DIRECTION('',(6.505213034913E-15,0.,1.));
#4757 = DIRECTION('',(1.,0.,-6.505213034913E-15));
#4758 = DEFINITIONAL_REPRESENTATION('',(#4759),#4763);
#4759 = LINE('',#4760,#4761);
#4760 = CARTESIAN_POINT('',(6.28318530718,1.250000564845E-04));
#4761 = VECTOR('',#4762,1.);
#4762 = DIRECTION('',(-1.,-1.025895395733E-16));
#4763 = ( GEOMETRIC_REPRESENTATION_CONTEXT(2) 
PARAMETRIC_REPRESENTATION_CONTEXT() REPRESENTATION_CONTEXT('2D SPACE',''
  ) );
#4764 = ORIENTED_EDGE('',*,*,#4765,.T.);
#4765 = EDGE_CURVE('',#4737,#4766,#4768,.T.);
#4766 = VERTEX_POINT('',#4767);
#4767 = CARTESIAN_POINT('',(0.635,0.25,-0.355));
#4768 = SURFACE_CURVE('',#4769,(#4773,#4780),.PCURVE_S1.);
#4769 = LINE('',#4770,#4771);
#4770 = CARTESIAN_POINT('',(0.635,0.25,-0.355));
#4771 = VECTOR('',#4772,1.);
#4772 = DIRECTION('',(1.,0.,-6.982962677686E-15));
#4773 = PCURVE('',#3026,#4774);
#4774 = DEFINITIONAL_REPRESENTATION('',(#4775),#4779);
#4775 = LINE('',#4776,#4777);
#4776 = CARTESIAN_POINT('',(-0.15,0.845));
#4777 = VECTOR('',#4778,1.);
#4778 = DIRECTION('',(-1.,0.));
#4779 = ( GEOMETRIC_REPRESENTATION_CONTEXT(2) 
PARAMETRIC_REPRESENTATION_CONTEXT() REPRESENTATION_CONTEXT('2D SPACE',''
  ) );
#4780 = PCURVE('',#4781,#4786);
#4781 = PLANE('',#4782);
#4782 = AXIS2_PLACEMENT_3D('',#4783,#4784,#4785);
#4783 = CARTESIAN_POINT('',(0.581055512755,0.25,-0.355125000056));
#4784 = DIRECTION('',(0.,-1.,0.));
#4785 = DIRECTION('',(0.,0.,-1.));
#4786 = DEFINITIONAL_REPRESENTATION('',(#4787),#4791);
#4787 = LINE('',#4788,#4789);
#4788 = CARTESIAN_POINT('',(-1.250000564795E-04,5.394448724536E-02));
#4789 = VECTOR('',#4790,1.);
#4790 = DIRECTION('',(6.982962677686E-15,1.));
#4791 = ( GEOMETRIC_REPRESENTATION_CONTEXT(2) 
PARAMETRIC_REPRESENTATION_CONTEXT() REPRESENTATION_CONTEXT('2D SPACE',''
  ) );
#4792 = ORIENTED_EDGE('',*,*,#4793,.T.);
#4793 = EDGE_CURVE('',#4766,#4794,#4796,.T.);
#4794 = VERTEX_POINT('',#4795);
#4795 = CARTESIAN_POINT('',(0.66,0.225,-0.355));
#4796 = SURFACE_CURVE('',#4797,(#4802,#4809),.PCURVE_S1.);
#4797 = CIRCLE('',#4798,2.5E-02);
#4798 = AXIS2_PLACEMENT_3D('',#4799,#4800,#4801);
#4799 = CARTESIAN_POINT('',(0.635,0.225,-0.355));
#4800 = DIRECTION('',(-6.505213034913E-15,0.,-1.));
#4801 = DIRECTION('',(-1.,0.,6.505213034913E-15));
#4802 = PCURVE('',#3026,#4803);
#4803 = DEFINITIONAL_REPRESENTATION('',(#4804),#4808);
#4804 = CIRCLE('',#4805,2.5E-02);
#4805 = AXIS2_PLACEMENT_2D('',#4806,#4807);
#4806 = CARTESIAN_POINT('',(-0.15,0.82));
#4807 = DIRECTION('',(1.,0.));
#4808 = ( GEOMETRIC_REPRESENTATION_CONTEXT(2) 
PARAMETRIC_REPRESENTATION_CONTEXT() REPRESENTATION_CONTEXT('2D SPACE',''
  ) );
#4809 = PCURVE('',#4810,#4815);
#4810 = CYLINDRICAL_SURFACE('',#4811,2.5E-02);
#4811 = AXIS2_PLACEMENT_3D('',#4812,#4813,#4814);
#4812 = CARTESIAN_POINT('',(0.635,0.225,-0.355125000056));
#4813 = DIRECTION('',(6.505213034913E-15,0.,1.));
#4814 = DIRECTION('',(1.,0.,-6.505213034913E-15));
#4815 = DEFINITIONAL_REPRESENTATION('',(#4816),#4820);
#4816 = LINE('',#4817,#4818);
#4817 = CARTESIAN_POINT('',(3.14159265359,1.250000564795E-04));
#4818 = VECTOR('',#4819,1.);
#4819 = DIRECTION('',(-1.,0.));
#4820 = ( GEOMETRIC_REPRESENTATION_CONTEXT(2) 
PARAMETRIC_REPRESENTATION_CONTEXT() REPRESENTATION_CONTEXT('2D SPACE',''
  ) );
#4821 = ORIENTED_EDGE('',*,*,#4822,.T.);
#4822 = EDGE_CURVE('',#4794,#4823,#4825,.T.);
#4823 = VERTEX_POINT('',#4824);
#4824 = CARTESIAN_POINT('',(0.66,6.E-02,-0.355));
#4825 = SURFACE_CURVE('',#4826,(#4830,#4837),.PCURVE_S1.);
#4826 = LINE('',#4827,#4828);
#4827 = CARTESIAN_POINT('',(0.66,0.225,-0.355));
#4828 = VECTOR('',#4829,1.);
#4829 = DIRECTION('',(0.,-1.,0.));
#4830 = PCURVE('',#3026,#4831);
#4831 = DEFINITIONAL_REPRESENTATION('',(#4832),#4836);
#4832 = LINE('',#4833,#4834);
#4833 = CARTESIAN_POINT('',(-0.175,0.82));
#4834 = VECTOR('',#4835,1.);
#4835 = DIRECTION('',(0.,-1.));
#4836 = ( GEOMETRIC_REPRESENTATION_CONTEXT(2) 
PARAMETRIC_REPRESENTATION_CONTEXT() REPRESENTATION_CONTEXT('2D SPACE',''
  ) );
#4837 = PCURVE('',#4838,#4843);
#4838 = PLANE('',#4839);
#4839 = AXIS2_PLACEMENT_3D('',#4840,#4841,#4842);
#4840 = CARTESIAN_POINT('',(0.66,0.225,-0.355125000056));
#4841 = DIRECTION('',(-1.,0.,6.982962677686E-15));
#4842 = DIRECTION('',(0.,1.,0.));
#4843 = DEFINITIONAL_REPRESENTATION('',(#4844),#4848);
#4844 = LINE('',#4845,#4846);
#4845 = CARTESIAN_POINT('',(0.,-1.2500005648E-04));
#4846 = VECTOR('',#4847,1.);
#4847 = DIRECTION('',(-1.,-0.));
#4848 = ( GEOMETRIC_REPRESENTATION_CONTEXT(2) 
PARAMETRIC_REPRESENTATION_CONTEXT() REPRESENTATION_CONTEXT('2D SPACE',''
  ) );
#4849 = ORIENTED_EDGE('',*,*,#4850,.T.);
#4850 = EDGE_CURVE('',#4823,#4851,#4853,.T.);
#4851 = VERTEX_POINT('',#4852);
#4852 = CARTESIAN_POINT('',(0.635,3.5E-02,-0.355));
#4853 = SURFACE_CURVE('',#4854,(#4859,#4866),.PCURVE_S1.);
#4854 = CIRCLE('',#4855,2.5E-02);
#4855 = AXIS2_PLACEMENT_3D('',#4856,#4857,#4858);
#4856 = CARTESIAN_POINT('',(0.635,6.E-02,-0.355));
#4857 = DIRECTION('',(-6.505213034913E-15,0.,-1.));
#4858 = DIRECTION('',(1.,0.,-6.505213034913E-15));
#4859 = PCURVE('',#3026,#4860);
#4860 = DEFINITIONAL_REPRESENTATION('',(#4861),#4865);
#4861 = CIRCLE('',#4862,2.5E-02);
#4862 = AXIS2_PLACEMENT_2D('',#4863,#4864);
#4863 = CARTESIAN_POINT('',(-0.15,0.655));
#4864 = DIRECTION('',(-1.,0.));
#4865 = ( GEOMETRIC_REPRESENTATION_CONTEXT(2) 
PARAMETRIC_REPRESENTATION_CONTEXT() REPRESENTATION_CONTEXT('2D SPACE',''
  ) );
#4866 = PCURVE('',#4867,#4872);
#4867 = CYLINDRICAL_SURFACE('',#4868,2.5E-02);
#4868 = AXIS2_PLACEMENT_3D('',#4869,#4870,#4871);
#4869 = CARTESIAN_POINT('',(0.635,6.E-02,-0.355125000056));
#4870 = DIRECTION('',(6.505213034913E-15,0.,1.));
#4871 = DIRECTION('',(1.,0.,-6.505213034913E-15));
#4872 = DEFINITIONAL_REPRESENTATION('',(#4873),#4877);
#4873 = LINE('',#4874,#4875);
#4874 = CARTESIAN_POINT('',(6.28318530718,1.250000564795E-04));
#4875 = VECTOR('',#4876,1.);
#4876 = DIRECTION('',(-1.,0.));
#4877 = ( GEOMETRIC_REPRESENTATION_CONTEXT(2) 
PARAMETRIC_REPRESENTATION_CONTEXT() REPRESENTATION_CONTEXT('2D SPACE',''
  ) );
#4878 = ORIENTED_EDGE('',*,*,#4879,.T.);
#4879 = EDGE_CURVE('',#4851,#4880,#4882,.T.);
#4880 = VERTEX_POINT('',#4881);
#4881 = CARTESIAN_POINT('',(0.481055512755,3.5E-02,-0.355));
#4882 = SURFACE_CURVE('',#4883,(#4887,#4894),.PCURVE_S1.);
#4883 = LINE('',#4884,#4885);
#4884 = CARTESIAN_POINT('',(0.635,3.5E-02,-0.355));
#4885 = VECTOR('',#4886,1.);
#4886 = DIRECTION('',(-1.,-4.401757866934E-17,6.982962677686E-15));
#4887 = PCURVE('',#3026,#4888);
#4888 = DEFINITIONAL_REPRESENTATION('',(#4889),#4893);
#4889 = LINE('',#4890,#4891);
#4890 = CARTESIAN_POINT('',(-0.15,0.63));
#4891 = VECTOR('',#4892,1.);
#4892 = DIRECTION('',(1.,-4.401757866934E-17));
#4893 = ( GEOMETRIC_REPRESENTATION_CONTEXT(2) 
PARAMETRIC_REPRESENTATION_CONTEXT() REPRESENTATION_CONTEXT('2D SPACE',''
  ) );
#4894 = PCURVE('',#4895,#4900);
#4895 = PLANE('',#4896);
#4896 = AXIS2_PLACEMENT_3D('',#4897,#4898,#4899);
#4897 = CARTESIAN_POINT('',(0.481055512755,3.5E-02,-0.355125000056));
#4898 = DIRECTION('',(-4.401757866934E-17,1.,3.073731090101E-31));
#4899 = DIRECTION('',(1.,4.401757866934E-17,0.));
#4900 = DEFINITIONAL_REPRESENTATION('',(#4901),#4905);
#4901 = LINE('',#4902,#4903);
#4902 = CARTESIAN_POINT('',(0.153944487245,-1.250000564785E-04));
#4903 = VECTOR('',#4904,1.);
#4904 = DIRECTION('',(-1.,-6.982962677686E-15));
#4905 = ( GEOMETRIC_REPRESENTATION_CONTEXT(2) 
PARAMETRIC_REPRESENTATION_CONTEXT() REPRESENTATION_CONTEXT('2D SPACE',''
  ) );
#4906 = ORIENTED_EDGE('',*,*,#4907,.T.);
#4907 = EDGE_CURVE('',#4880,#4908,#4910,.T.);
#4908 = VERTEX_POINT('',#4909);
#4909 = CARTESIAN_POINT('',(0.468178543914,3.857142857143E-02,-0.355));
#4910 = SURFACE_CURVE('',#4911,(#4916,#4923),.PCURVE_S1.);
#4911 = CIRCLE('',#4912,2.5E-02);
#4912 = AXIS2_PLACEMENT_3D('',#4913,#4914,#4915);
#4913 = CARTESIAN_POINT('',(0.481055512755,6.E-02,-0.355));
#4914 = DIRECTION('',(-6.505213034913E-15,0.,-1.));
#4915 = DIRECTION('',(-1.,0.,6.505213034913E-15));
#4916 = PCURVE('',#3026,#4917);
#4917 = DEFINITIONAL_REPRESENTATION('',(#4918),#4922);
#4918 = CIRCLE('',#4919,2.5E-02);
#4919 = AXIS2_PLACEMENT_2D('',#4920,#4921);
#4920 = CARTESIAN_POINT('',(3.944487245363E-03,0.655));
#4921 = DIRECTION('',(1.,0.));
#4922 = ( GEOMETRIC_REPRESENTATION_CONTEXT(2) 
PARAMETRIC_REPRESENTATION_CONTEXT() REPRESENTATION_CONTEXT('2D SPACE',''
  ) );
#4923 = PCURVE('',#4924,#4929);
#4924 = CYLINDRICAL_SURFACE('',#4925,2.5E-02);
#4925 = AXIS2_PLACEMENT_3D('',#4926,#4927,#4928);
#4926 = CARTESIAN_POINT('',(0.481055512755,6.E-02,-0.355125000056));
#4927 = DIRECTION('',(6.505213034913E-15,0.,1.));
#4928 = DIRECTION('',(1.,0.,-6.505213034913E-15));
#4929 = DEFINITIONAL_REPRESENTATION('',(#4930),#4934);
#4930 = LINE('',#4931,#4932);
#4931 = CARTESIAN_POINT('',(9.424777960769,1.250000564825E-04));
#4932 = VECTOR('',#4933,1.);
#4933 = DIRECTION('',(-1.,1.025895395733E-16));
#4934 = ( GEOMETRIC_REPRESENTATION_CONTEXT(2) 
PARAMETRIC_REPRESENTATION_CONTEXT() REPRESENTATION_CONTEXT('2D SPACE',''
  ) );
#4935 = ORIENTED_EDGE('',*,*,#4936,.T.);
#4936 = EDGE_CURVE('',#4908,#4937,#4939,.T.);
#4937 = VERTEX_POINT('',#4938);
#4938 = CARTESIAN_POINT('',(0.468178543914,-3.857142857143E-02,-0.355));
#4939 = SURFACE_CURVE('',#4940,(#4945,#4956),.PCURVE_S1.);
#4940 = CIRCLE('',#4941,4.5E-02);
#4941 = AXIS2_PLACEMENT_3D('',#4942,#4943,#4944);
#4942 = CARTESIAN_POINT('',(0.445,1.084202172486E-16,-0.355));
#4943 = DIRECTION('',(7.228014483237E-15,0.,1.));
#4944 = DIRECTION('',(-1.,0.,7.228014483237E-15));
#4945 = PCURVE('',#3026,#4946);
#4946 = DEFINITIONAL_REPRESENTATION('',(#4947),#4955);
#4947 = ( BOUNDED_CURVE() B_SPLINE_CURVE(2,(#4948,#4949,#4950,#4951,
#4952,#4953,#4954),.UNSPECIFIED.,.T.,.F.) B_SPLINE_CURVE_WITH_KNOTS((1,2
    ,2,2,2,1),(-2.094395102393,0.,2.094395102393,4.188790204786,
6.28318530718,8.377580409573),.UNSPECIFIED.) CURVE() 
GEOMETRIC_REPRESENTATION_ITEM() RATIONAL_B_SPLINE_CURVE((1.,0.5,1.,0.5,
1.,0.5,1.)) REPRESENTATION_ITEM('') );
#4948 = CARTESIAN_POINT('',(8.5E-02,0.595));
#4949 = CARTESIAN_POINT('',(8.5E-02,0.517057713659));
#4950 = CARTESIAN_POINT('',(1.75E-02,0.55602885683));
#4951 = CARTESIAN_POINT('',(-5.E-02,0.595));
#4952 = CARTESIAN_POINT('',(1.75E-02,0.63397114317));
#4953 = CARTESIAN_POINT('',(8.5E-02,0.672942286341));
#4954 = CARTESIAN_POINT('',(8.5E-02,0.595));
#4955 = ( GEOMETRIC_REPRESENTATION_CONTEXT(2) 
PARAMETRIC_REPRESENTATION_CONTEXT() REPRESENTATION_CONTEXT('2D SPACE',''
  ) );
#4956 = PCURVE('',#4957,#4962);
#4957 = CYLINDRICAL_SURFACE('',#4958,4.5E-02);
#4958 = AXIS2_PLACEMENT_3D('',#4959,#4960,#4961);
#4959 = CARTESIAN_POINT('',(0.445,1.084202172486E-16,-0.355125000056));
#4960 = DIRECTION('',(7.228014483237E-15,0.,1.));
#4961 = DIRECTION('',(1.,0.,-7.228014483237E-15));
#4962 = DEFINITIONAL_REPRESENTATION('',(#4963),#4967);
#4963 = LINE('',#4964,#4965);
#4964 = CARTESIAN_POINT('',(-3.14159265359,1.25000056483E-04));
#4965 = VECTOR('',#4966,1.);
#4966 = DIRECTION('',(1.,0.));
#4967 = ( GEOMETRIC_REPRESENTATION_CONTEXT(2) 
PARAMETRIC_REPRESENTATION_CONTEXT() REPRESENTATION_CONTEXT('2D SPACE',''
  ) );
#4968 = ORIENTED_EDGE('',*,*,#4969,.T.);
#4969 = EDGE_CURVE('',#4937,#4970,#4972,.T.);
#4970 = VERTEX_POINT('',#4971);
#4971 = CARTESIAN_POINT('',(0.481055512755,-3.5E-02,-0.355));
#4972 = SURFACE_CURVE('',#4973,(#4978,#4985),.PCURVE_S1.);
#4973 = CIRCLE('',#4974,2.5E-02);
#4974 = AXIS2_PLACEMENT_3D('',#4975,#4976,#4977);
#4975 = CARTESIAN_POINT('',(0.481055512755,-6.E-02,-0.355));
#4976 = DIRECTION('',(-6.505213034913E-15,0.,-1.));
#4977 = DIRECTION('',(-1.,0.,6.505213034913E-15));
#4978 = PCURVE('',#3026,#4979);
#4979 = DEFINITIONAL_REPRESENTATION('',(#4980),#4984);
#4980 = CIRCLE('',#4981,2.5E-02);
#4981 = AXIS2_PLACEMENT_2D('',#4982,#4983);
#4982 = CARTESIAN_POINT('',(3.944487245363E-03,0.535));
#4983 = DIRECTION('',(1.,0.));
#4984 = ( GEOMETRIC_REPRESENTATION_CONTEXT(2) 
PARAMETRIC_REPRESENTATION_CONTEXT() REPRESENTATION_CONTEXT('2D SPACE',''
  ) );
#4985 = PCURVE('',#4986,#4991);
#4986 = CYLINDRICAL_SURFACE('',#4987,2.5E-02);
#4987 = AXIS2_PLACEMENT_3D('',#4988,#4989,#4990);
#4988 = CARTESIAN_POINT('',(0.481055512755,-6.E-02,-0.355125000056));
#4989 = DIRECTION('',(6.505213034913E-15,0.,1.));
#4990 = DIRECTION('',(1.,0.,-6.505213034913E-15));
#4991 = DEFINITIONAL_REPRESENTATION('',(#4992),#4996);
#4992 = LINE('',#4993,#4994);
#4993 = CARTESIAN_POINT('',(3.14159265359,1.250000564832E-04));
#4994 = VECTOR('',#4995,1.);
#4995 = DIRECTION('',(-1.,-1.025895395733E-16));
#4996 = ( GEOMETRIC_REPRESENTATION_CONTEXT(2) 
PARAMETRIC_REPRESENTATION_CONTEXT() REPRESENTATION_CONTEXT('2D SPACE',''
  ) );
#4997 = ORIENTED_EDGE('',*,*,#4998,.T.);
#4998 = EDGE_CURVE('',#4970,#4999,#5001,.T.);
#4999 = VERTEX_POINT('',#5000);
#5000 = CARTESIAN_POINT('',(0.635,-3.5E-02,-0.355));
#5001 = SURFACE_CURVE('',#5002,(#5006,#5013),.PCURVE_S1.);
#5002 = LINE('',#5003,#5004);
#5003 = CARTESIAN_POINT('',(0.635,-3.5E-02,-0.355));
#5004 = VECTOR('',#5005,1.);
#5005 = DIRECTION('',(1.,-4.401757866934E-17,-6.982962677686E-15));
#5006 = PCURVE('',#3026,#5007);
#5007 = DEFINITIONAL_REPRESENTATION('',(#5008),#5012);
#5008 = LINE('',#5009,#5010);
#5009 = CARTESIAN_POINT('',(-0.15,0.56));
#5010 = VECTOR('',#5011,1.);
#5011 = DIRECTION('',(-1.,-4.401757866934E-17));
#5012 = ( GEOMETRIC_REPRESENTATION_CONTEXT(2) 
PARAMETRIC_REPRESENTATION_CONTEXT() REPRESENTATION_CONTEXT('2D SPACE',''
  ) );
#5013 = PCURVE('',#5014,#5019);
#5014 = PLANE('',#5015);
#5015 = AXIS2_PLACEMENT_3D('',#5016,#5017,#5018);
#5016 = CARTESIAN_POINT('',(0.481055512755,-3.5E-02,-0.355125000056));
#5017 = DIRECTION('',(-8.803515733869E-17,-1.,6.147462180203E-31));
#5018 = DIRECTION('',(-1.,8.803515733869E-17,0.));
#5019 = DEFINITIONAL_REPRESENTATION('',(#5020),#5024);
#5020 = LINE('',#5021,#5022);
#5021 = CARTESIAN_POINT('',(-0.153944487245,-1.250000564785E-04));
#5022 = VECTOR('',#5023,1.);
#5023 = DIRECTION('',(-1.,6.982962677686E-15));
#5024 = ( GEOMETRIC_REPRESENTATION_CONTEXT(2) 
PARAMETRIC_REPRESENTATION_CONTEXT() REPRESENTATION_CONTEXT('2D SPACE',''
  ) );
#5025 = ORIENTED_EDGE('',*,*,#5026,.T.);
#5026 = EDGE_CURVE('',#4999,#5027,#5029,.T.);
#5027 = VERTEX_POINT('',#5028);
#5028 = CARTESIAN_POINT('',(0.66,-6.E-02,-0.355));
#5029 = SURFACE_CURVE('',#5030,(#5035,#5042),.PCURVE_S1.);
#5030 = CIRCLE('',#5031,2.5E-02);
#5031 = AXIS2_PLACEMENT_3D('',#5032,#5033,#5034);
#5032 = CARTESIAN_POINT('',(0.635,-6.E-02,-0.355));
#5033 = DIRECTION('',(-6.505213034913E-15,0.,-1.));
#5034 = DIRECTION('',(-1.,0.,6.505213034913E-15));
#5035 = PCURVE('',#3026,#5036);
#5036 = DEFINITIONAL_REPRESENTATION('',(#5037),#5041);
#5037 = CIRCLE('',#5038,2.5E-02);
#5038 = AXIS2_PLACEMENT_2D('',#5039,#5040);
#5039 = CARTESIAN_POINT('',(-0.15,0.535));
#5040 = DIRECTION('',(1.,0.));
#5041 = ( GEOMETRIC_REPRESENTATION_CONTEXT(2) 
PARAMETRIC_REPRESENTATION_CONTEXT() REPRESENTATION_CONTEXT('2D SPACE',''
  ) );
#5042 = PCURVE('',#5043,#5048);
#5043 = CYLINDRICAL_SURFACE('',#5044,2.5E-02);
#5044 = AXIS2_PLACEMENT_3D('',#5045,#5046,#5047);
#5045 = CARTESIAN_POINT('',(0.635,-6.E-02,-0.355125000056));
#5046 = DIRECTION('',(6.505213034913E-15,0.,1.));
#5047 = DIRECTION('',(1.,0.,-6.505213034913E-15));
#5048 = DEFINITIONAL_REPRESENTATION('',(#5049),#5053);
#5049 = LINE('',#5050,#5051);
#5050 = CARTESIAN_POINT('',(3.14159265359,1.250000564795E-04));
#5051 = VECTOR('',#5052,1.);
#5052 = DIRECTION('',(-1.,0.));
#5053 = ( GEOMETRIC_REPRESENTATION_CONTEXT(2) 
PARAMETRIC_REPRESENTATION_CONTEXT() REPRESENTATION_CONTEXT('2D SPACE',''
  ) );
#5054 = ORIENTED_EDGE('',*,*,#5055,.T.);
#5055 = EDGE_CURVE('',#5027,#5056,#5058,.T.);
#5056 = VERTEX_POINT('',#5057);
#5057 = CARTESIAN_POINT('',(0.66,-0.225,-0.355));
#5058 = SURFACE_CURVE('',#5059,(#5063,#5070),.PCURVE_S1.);
#5059 = LINE('',#5060,#5061);
#5060 = CARTESIAN_POINT('',(0.66,-6.E-02,-0.355));
#5061 = VECTOR('',#5062,1.);
#5062 = DIRECTION('',(0.,-1.,0.));
#5063 = PCURVE('',#3026,#5064);
#5064 = DEFINITIONAL_REPRESENTATION('',(#5065),#5069);
#5065 = LINE('',#5066,#5067);
#5066 = CARTESIAN_POINT('',(-0.175,0.535));
#5067 = VECTOR('',#5068,1.);
#5068 = DIRECTION('',(0.,-1.));
#5069 = ( GEOMETRIC_REPRESENTATION_CONTEXT(2) 
PARAMETRIC_REPRESENTATION_CONTEXT() REPRESENTATION_CONTEXT('2D SPACE',''
  ) );
#5070 = PCURVE('',#5071,#5076);
#5071 = PLANE('',#5072);
#5072 = AXIS2_PLACEMENT_3D('',#5073,#5074,#5075);
#5073 = CARTESIAN_POINT('',(0.66,-6.E-02,-0.355125000056));
#5074 = DIRECTION('',(-1.,0.,6.982962677686E-15));
#5075 = DIRECTION('',(0.,1.,0.));
#5076 = DEFINITIONAL_REPRESENTATION('',(#5077),#5081);
#5077 = LINE('',#5078,#5079);
#5078 = CARTESIAN_POINT('',(0.,-1.2500005648E-04));
#5079 = VECTOR('',#5080,1.);
#5080 = DIRECTION('',(-1.,-0.));
#5081 = ( GEOMETRIC_REPRESENTATION_CONTEXT(2) 
PARAMETRIC_REPRESENTATION_CONTEXT() REPRESENTATION_CONTEXT('2D SPACE',''
  ) );
#5082 = ORIENTED_EDGE('',*,*,#5083,.T.);
#5083 = EDGE_CURVE('',#5056,#5084,#5086,.T.);
#5084 = VERTEX_POINT('',#5085);
#5085 = CARTESIAN_POINT('',(0.635,-0.25,-0.355));
#5086 = SURFACE_CURVE('',#5087,(#5092,#5099),.PCURVE_S1.);
#5087 = CIRCLE('',#5088,2.5E-02);
#5088 = AXIS2_PLACEMENT_3D('',#5089,#5090,#5091);
#5089 = CARTESIAN_POINT('',(0.635,-0.225,-0.355));
#5090 = DIRECTION('',(-6.505213034913E-15,0.,-1.));
#5091 = DIRECTION('',(1.,0.,-6.505213034913E-15));
#5092 = PCURVE('',#3026,#5093);
#5093 = DEFINITIONAL_REPRESENTATION('',(#5094),#5098);
#5094 = CIRCLE('',#5095,2.5E-02);
#5095 = AXIS2_PLACEMENT_2D('',#5096,#5097);
#5096 = CARTESIAN_POINT('',(-0.15,0.37));
#5097 = DIRECTION('',(-1.,0.));
#5098 = ( GEOMETRIC_REPRESENTATION_CONTEXT(2) 
PARAMETRIC_REPRESENTATION_CONTEXT() REPRESENTATION_CONTEXT('2D SPACE',''
  ) );
#5099 = PCURVE('',#5100,#5105);
#5100 = CYLINDRICAL_SURFACE('',#5101,2.5E-02);
#5101 = AXIS2_PLACEMENT_3D('',#5102,#5103,#5104);
#5102 = CARTESIAN_POINT('',(0.635,-0.225,-0.355125000056));
#5103 = DIRECTION('',(6.505213034913E-15,0.,1.));
#5104 = DIRECTION('',(1.,0.,-6.505213034913E-15));
#5105 = DEFINITIONAL_REPRESENTATION('',(#5106),#5110);
#5106 = LINE('',#5107,#5108);
#5107 = CARTESIAN_POINT('',(6.28318530718,1.250000564795E-04));
#5108 = VECTOR('',#5109,1.);
#5109 = DIRECTION('',(-1.,0.));
#5110 = ( GEOMETRIC_REPRESENTATION_CONTEXT(2) 
PARAMETRIC_REPRESENTATION_CONTEXT() REPRESENTATION_CONTEXT('2D SPACE',''
  ) );
#5111 = ORIENTED_EDGE('',*,*,#5112,.T.);
#5112 = EDGE_CURVE('',#5084,#5113,#5115,.T.);
#5113 = VERTEX_POINT('',#5114);
#5114 = CARTESIAN_POINT('',(0.581055512755,-0.25,-0.355));
#5115 = SURFACE_CURVE('',#5116,(#5120,#5127),.PCURVE_S1.);
#5116 = LINE('',#5117,#5118);
#5117 = CARTESIAN_POINT('',(0.635,-0.25,-0.355));
#5118 = VECTOR('',#5119,1.);
#5119 = DIRECTION('',(-1.,0.,6.982962677686E-15));
#5120 = PCURVE('',#3026,#5121);
#5121 = DEFINITIONAL_REPRESENTATION('',(#5122),#5126);
#5122 = LINE('',#5123,#5124);
#5123 = CARTESIAN_POINT('',(-0.15,0.345));
#5124 = VECTOR('',#5125,1.);
#5125 = DIRECTION('',(1.,0.));
#5126 = ( GEOMETRIC_REPRESENTATION_CONTEXT(2) 
PARAMETRIC_REPRESENTATION_CONTEXT() REPRESENTATION_CONTEXT('2D SPACE',''
  ) );
#5127 = PCURVE('',#5128,#5133);
#5128 = PLANE('',#5129);
#5129 = AXIS2_PLACEMENT_3D('',#5130,#5131,#5132);
#5130 = CARTESIAN_POINT('',(0.581055512755,-0.25,-0.355125000056));
#5131 = DIRECTION('',(-0.,1.,0.));
#5132 = DIRECTION('',(1.,0.,0.));
#5133 = DEFINITIONAL_REPRESENTATION('',(#5134),#5138);
#5134 = LINE('',#5135,#5136);
#5135 = CARTESIAN_POINT('',(5.394448724536E-02,-1.250000564795E-04));
#5136 = VECTOR('',#5137,1.);
#5137 = DIRECTION('',(-1.,-6.982962677686E-15));
#5138 = ( GEOMETRIC_REPRESENTATION_CONTEXT(2) 
PARAMETRIC_REPRESENTATION_CONTEXT() REPRESENTATION_CONTEXT('2D SPACE',''
  ) );
#5139 = ORIENTED_EDGE('',*,*,#5140,.T.);
#5140 = EDGE_CURVE('',#5113,#5141,#5143,.T.);
#5141 = VERTEX_POINT('',#5142);
#5142 = CARTESIAN_POINT('',(0.568178543914,-0.246428571429,-0.355));
#5143 = SURFACE_CURVE('',#5144,(#5149,#5156),.PCURVE_S1.);
#5144 = CIRCLE('',#5145,2.5E-02);
#5145 = AXIS2_PLACEMENT_3D('',#5146,#5147,#5148);
#5146 = CARTESIAN_POINT('',(0.581055512755,-0.225,-0.355));
#5147 = DIRECTION('',(-6.505213034913E-15,0.,-1.));
#5148 = DIRECTION('',(1.,0.,-6.505213034913E-15));
#5149 = PCURVE('',#3026,#5150);
#5150 = DEFINITIONAL_REPRESENTATION('',(#5151),#5155);
#5151 = CIRCLE('',#5152,2.5E-02);
#5152 = AXIS2_PLACEMENT_2D('',#5153,#5154);
#5153 = CARTESIAN_POINT('',(-9.605551275464E-02,0.37));
#5154 = DIRECTION('',(-1.,0.));
#5155 = ( GEOMETRIC_REPRESENTATION_CONTEXT(2) 
PARAMETRIC_REPRESENTATION_CONTEXT() REPRESENTATION_CONTEXT('2D SPACE',''
  ) );
#5156 = PCURVE('',#5157,#5162);
#5157 = CYLINDRICAL_SURFACE('',#5158,2.5E-02);
#5158 = AXIS2_PLACEMENT_3D('',#5159,#5160,#5161);
#5159 = CARTESIAN_POINT('',(0.581055512755,-0.225,-0.355125000056));
#5160 = DIRECTION('',(6.505213034913E-15,0.,1.));
#5161 = DIRECTION('',(1.,0.,-6.505213034913E-15));
#5162 = DEFINITIONAL_REPRESENTATION('',(#5163),#5167);
#5163 = LINE('',#5164,#5165);
#5164 = CARTESIAN_POINT('',(6.28318530718,1.250000564839E-04));
#5165 = VECTOR('',#5166,1.);
#5166 = DIRECTION('',(-1.,1.025895395733E-16));
#5167 = ( GEOMETRIC_REPRESENTATION_CONTEXT(2) 
PARAMETRIC_REPRESENTATION_CONTEXT() REPRESENTATION_CONTEXT('2D SPACE',''
  ) );
#5168 = ORIENTED_EDGE('',*,*,#5169,.T.);
#5169 = EDGE_CURVE('',#5141,#5170,#5172,.T.);
#5170 = VERTEX_POINT('',#5171);
#5171 = CARTESIAN_POINT('',(0.568178543914,-0.323571428571,-0.355));
#5172 = SURFACE_CURVE('',#5173,(#5178,#5189),.PCURVE_S1.);
#5173 = CIRCLE('',#5174,4.5E-02);
#5174 = AXIS2_PLACEMENT_3D('',#5175,#5176,#5177);
#5175 = CARTESIAN_POINT('',(0.545,-0.285,-0.355));
#5176 = DIRECTION('',(7.228014483237E-15,0.,1.));
#5177 = DIRECTION('',(-1.,0.,7.228014483237E-15));
#5178 = PCURVE('',#3026,#5179);
#5179 = DEFINITIONAL_REPRESENTATION('',(#5180),#5188);
#5180 = ( BOUNDED_CURVE() B_SPLINE_CURVE(2,(#5181,#5182,#5183,#5184,
#5185,#5186,#5187),.UNSPECIFIED.,.T.,.F.) B_SPLINE_CURVE_WITH_KNOTS((1,2
    ,2,2,2,1),(-2.094395102393,0.,2.094395102393,4.188790204786,
6.28318530718,8.377580409573),.UNSPECIFIED.) CURVE() 
GEOMETRIC_REPRESENTATION_ITEM() RATIONAL_B_SPLINE_CURVE((1.,0.5,1.,0.5,
1.,0.5,1.)) REPRESENTATION_ITEM('') );
#5181 = CARTESIAN_POINT('',(-1.5E-02,0.31));
#5182 = CARTESIAN_POINT('',(-1.5E-02,0.232057713659));
#5183 = CARTESIAN_POINT('',(-8.25E-02,0.27102885683));
#5184 = CARTESIAN_POINT('',(-0.15,0.31));
#5185 = CARTESIAN_POINT('',(-8.25E-02,0.34897114317));
#5186 = CARTESIAN_POINT('',(-1.5E-02,0.387942286341));
#5187 = CARTESIAN_POINT('',(-1.5E-02,0.31));
#5188 = ( GEOMETRIC_REPRESENTATION_CONTEXT(2) 
PARAMETRIC_REPRESENTATION_CONTEXT() REPRESENTATION_CONTEXT('2D SPACE',''
  ) );
#5189 = PCURVE('',#5190,#5195);
#5190 = CYLINDRICAL_SURFACE('',#5191,4.5E-02);
#5191 = AXIS2_PLACEMENT_3D('',#5192,#5193,#5194);
#5192 = CARTESIAN_POINT('',(0.545,-0.285,-0.355125000056));
#5193 = DIRECTION('',(7.228014483237E-15,0.,1.));
#5194 = DIRECTION('',(1.,0.,-7.228014483237E-15));
#5195 = DEFINITIONAL_REPRESENTATION('',(#5196),#5200);
#5196 = LINE('',#5197,#5198);
#5197 = CARTESIAN_POINT('',(-3.14159265359,1.250000564836E-04));
#5198 = VECTOR('',#5199,1.);
#5199 = DIRECTION('',(1.,0.));
#5200 = ( GEOMETRIC_REPRESENTATION_CONTEXT(2) 
PARAMETRIC_REPRESENTATION_CONTEXT() REPRESENTATION_CONTEXT('2D SPACE',''
  ) );
#5201 = ORIENTED_EDGE('',*,*,#5202,.T.);
#5202 = EDGE_CURVE('',#5170,#5203,#5205,.T.);
#5203 = VERTEX_POINT('',#5204);
#5204 = CARTESIAN_POINT('',(0.581055512755,-0.32,-0.355));
#5205 = SURFACE_CURVE('',#5206,(#5211,#5218),.PCURVE_S1.);
#5206 = CIRCLE('',#5207,2.5E-02);
#5207 = AXIS2_PLACEMENT_3D('',#5208,#5209,#5210);
#5208 = CARTESIAN_POINT('',(0.581055512755,-0.345,-0.355));
#5209 = DIRECTION('',(-6.505213034913E-15,0.,-1.));
#5210 = DIRECTION('',(-1.,0.,6.505213034913E-15));
#5211 = PCURVE('',#3026,#5212);
#5212 = DEFINITIONAL_REPRESENTATION('',(#5213),#5217);
#5213 = CIRCLE('',#5214,2.5E-02);
#5214 = AXIS2_PLACEMENT_2D('',#5215,#5216);
#5215 = CARTESIAN_POINT('',(-9.605551275464E-02,0.25));
#5216 = DIRECTION('',(1.,0.));
#5217 = ( GEOMETRIC_REPRESENTATION_CONTEXT(2) 
PARAMETRIC_REPRESENTATION_CONTEXT() REPRESENTATION_CONTEXT('2D SPACE',''
  ) );
#5218 = PCURVE('',#5219,#5224);
#5219 = CYLINDRICAL_SURFACE('',#5220,2.5E-02);
#5220 = AXIS2_PLACEMENT_3D('',#5221,#5222,#5223);
#5221 = CARTESIAN_POINT('',(0.581055512755,-0.345,-0.355125000056));
#5222 = DIRECTION('',(6.505213034913E-15,0.,1.));
#5223 = DIRECTION('',(1.,0.,-6.505213034913E-15));
#5224 = DEFINITIONAL_REPRESENTATION('',(#5225),#5229);
#5225 = LINE('',#5226,#5227);
#5226 = CARTESIAN_POINT('',(3.14159265359,1.250000564842E-04));
#5227 = VECTOR('',#5228,1.);
#5228 = DIRECTION('',(-1.,-1.025895395733E-16));
#5229 = ( GEOMETRIC_REPRESENTATION_CONTEXT(2) 
PARAMETRIC_REPRESENTATION_CONTEXT() REPRESENTATION_CONTEXT('2D SPACE',''
  ) );
#5230 = ORIENTED_EDGE('',*,*,#5231,.T.);
#5231 = EDGE_CURVE('',#5203,#5232,#5234,.T.);
#5232 = VERTEX_POINT('',#5233);
#5233 = CARTESIAN_POINT('',(0.635,-0.32,-0.355));
#5234 = SURFACE_CURVE('',#5235,(#5239,#5246),.PCURVE_S1.);
#5235 = LINE('',#5236,#5237);
#5236 = CARTESIAN_POINT('',(0.635,-0.32,-0.355));
#5237 = VECTOR('',#5238,1.);
#5238 = DIRECTION('',(1.,0.,-6.982962677686E-15));
#5239 = PCURVE('',#3026,#5240);
#5240 = DEFINITIONAL_REPRESENTATION('',(#5241),#5245);
#5241 = LINE('',#5242,#5243);
#5242 = CARTESIAN_POINT('',(-0.15,0.275));
#5243 = VECTOR('',#5244,1.);
#5244 = DIRECTION('',(-1.,0.));
#5245 = ( GEOMETRIC_REPRESENTATION_CONTEXT(2) 
PARAMETRIC_REPRESENTATION_CONTEXT() REPRESENTATION_CONTEXT('2D SPACE',''
  ) );
#5246 = PCURVE('',#5247,#5252);
#5247 = PLANE('',#5248);
#5248 = AXIS2_PLACEMENT_3D('',#5249,#5250,#5251);
#5249 = CARTESIAN_POINT('',(0.581055512755,-0.32,-0.355125000056));
#5250 = DIRECTION('',(1.004923976341E-15,-1.,-7.0173466207E-30));
#5251 = DIRECTION('',(0.,7.0173466207E-30,-1.));
#5252 = DEFINITIONAL_REPRESENTATION('',(#5253),#5257);
#5253 = LINE('',#5254,#5255);
#5254 = CARTESIAN_POINT('',(-1.250000564795E-04,5.394448724536E-02));
#5255 = VECTOR('',#5256,1.);
#5256 = DIRECTION('',(6.982962677686E-15,1.));
#5257 = ( GEOMETRIC_REPRESENTATION_CONTEXT(2) 
PARAMETRIC_REPRESENTATION_CONTEXT() REPRESENTATION_CONTEXT('2D SPACE',''
  ) );
#5258 = ORIENTED_EDGE('',*,*,#5259,.T.);
#5259 = EDGE_CURVE('',#5232,#5260,#5262,.T.);
#5260 = VERTEX_POINT('',#5261);
#5261 = CARTESIAN_POINT('',(0.66,-0.345,-0.355));
#5262 = SURFACE_CURVE('',#5263,(#5268,#5275),.PCURVE_S1.);
#5263 = CIRCLE('',#5264,2.5E-02);
#5264 = AXIS2_PLACEMENT_3D('',#5265,#5266,#5267);
#5265 = CARTESIAN_POINT('',(0.635,-0.345,-0.355));
#5266 = DIRECTION('',(-6.505213034913E-15,0.,-1.));
#5267 = DIRECTION('',(-1.,0.,6.505213034913E-15));
#5268 = PCURVE('',#3026,#5269);
#5269 = DEFINITIONAL_REPRESENTATION('',(#5270),#5274);
#5270 = CIRCLE('',#5271,2.5E-02);
#5271 = AXIS2_PLACEMENT_2D('',#5272,#5273);
#5272 = CARTESIAN_POINT('',(-0.15,0.25));
#5273 = DIRECTION('',(1.,0.));
#5274 = ( GEOMETRIC_REPRESENTATION_CONTEXT(2) 
PARAMETRIC_REPRESENTATION_CONTEXT() REPRESENTATION_CONTEXT('2D SPACE',''
  ) );
#5275 = PCURVE('',#5276,#5281);
#5276 = CYLINDRICAL_SURFACE('',#5277,2.5E-02);
#5277 = AXIS2_PLACEMENT_3D('',#5278,#5279,#5280);
#5278 = CARTESIAN_POINT('',(0.635,-0.345,-0.355125000056));
#5279 = DIRECTION('',(6.505213034913E-15,0.,1.));
#5280 = DIRECTION('',(1.,0.,-6.505213034913E-15));
#5281 = DEFINITIONAL_REPRESENTATION('',(#5282),#5286);
#5282 = LINE('',#5283,#5284);
#5283 = CARTESIAN_POINT('',(3.14159265359,1.250000564795E-04));
#5284 = VECTOR('',#5285,1.);
#5285 = DIRECTION('',(-1.,0.));
#5286 = ( GEOMETRIC_REPRESENTATION_CONTEXT(2) 
PARAMETRIC_REPRESENTATION_CONTEXT() REPRESENTATION_CONTEXT('2D SPACE',''
  ) );
#5287 = ORIENTED_EDGE('',*,*,#5288,.T.);
#5288 = EDGE_CURVE('',#5260,#5289,#5291,.T.);
#5289 = VERTEX_POINT('',#5290);
#5290 = CARTESIAN_POINT('',(0.66,-0.495,-0.355));
#5291 = SURFACE_CURVE('',#5292,(#5296,#5303),.PCURVE_S1.);
#5292 = LINE('',#5293,#5294);
#5293 = CARTESIAN_POINT('',(0.66,-0.345,-0.355));
#5294 = VECTOR('',#5295,1.);
#5295 = DIRECTION('',(0.,-1.,0.));
#5296 = PCURVE('',#3026,#5297);
#5297 = DEFINITIONAL_REPRESENTATION('',(#5298),#5302);
#5298 = LINE('',#5299,#5300);
#5299 = CARTESIAN_POINT('',(-0.175,0.25));
#5300 = VECTOR('',#5301,1.);
#5301 = DIRECTION('',(0.,-1.));
#5302 = ( GEOMETRIC_REPRESENTATION_CONTEXT(2) 
PARAMETRIC_REPRESENTATION_CONTEXT() REPRESENTATION_CONTEXT('2D SPACE',''
  ) );
#5303 = PCURVE('',#5304,#5309);
#5304 = PLANE('',#5305);
#5305 = AXIS2_PLACEMENT_3D('',#5306,#5307,#5308);
#5306 = CARTESIAN_POINT('',(0.66,-0.345,-0.355125000056));
#5307 = DIRECTION('',(-1.,0.,6.982962677686E-15));
#5308 = DIRECTION('',(0.,1.,0.));
#5309 = DEFINITIONAL_REPRESENTATION('',(#5310),#5314);
#5310 = LINE('',#5311,#5312);
#5311 = CARTESIAN_POINT('',(0.,-1.2500005648E-04));
#5312 = VECTOR('',#5313,1.);
#5313 = DIRECTION('',(-1.,-0.));
#5314 = ( GEOMETRIC_REPRESENTATION_CONTEXT(2) 
PARAMETRIC_REPRESENTATION_CONTEXT() REPRESENTATION_CONTEXT('2D SPACE',''
  ) );
#5315 = ORIENTED_EDGE('',*,*,#5316,.T.);
#5316 = EDGE_CURVE('',#5289,#5317,#5319,.T.);
#5317 = VERTEX_POINT('',#5318);
#5318 = CARTESIAN_POINT('',(0.635,-0.52,-0.355));
#5319 = SURFACE_CURVE('',#5320,(#5325,#5332),.PCURVE_S1.);
#5320 = CIRCLE('',#5321,2.5E-02);
#5321 = AXIS2_PLACEMENT_3D('',#5322,#5323,#5324);
#5322 = CARTESIAN_POINT('',(0.635,-0.495,-0.355));
#5323 = DIRECTION('',(-6.505213034913E-15,0.,-1.));
#5324 = DIRECTION('',(1.,0.,-6.505213034913E-15));
#5325 = PCURVE('',#3026,#5326);
#5326 = DEFINITIONAL_REPRESENTATION('',(#5327),#5331);
#5327 = CIRCLE('',#5328,2.5E-02);
#5328 = AXIS2_PLACEMENT_2D('',#5329,#5330);
#5329 = CARTESIAN_POINT('',(-0.15,0.1));
#5330 = DIRECTION('',(-1.,0.));
#5331 = ( GEOMETRIC_REPRESENTATION_CONTEXT(2) 
PARAMETRIC_REPRESENTATION_CONTEXT() REPRESENTATION_CONTEXT('2D SPACE',''
  ) );
#5332 = PCURVE('',#5333,#5338);
#5333 = CYLINDRICAL_SURFACE('',#5334,2.5E-02);
#5334 = AXIS2_PLACEMENT_3D('',#5335,#5336,#5337);
#5335 = CARTESIAN_POINT('',(0.635,-0.495,-0.355125000056));
#5336 = DIRECTION('',(6.505213034913E-15,0.,1.));
#5337 = DIRECTION('',(1.,0.,-6.505213034913E-15));
#5338 = DEFINITIONAL_REPRESENTATION('',(#5339),#5343);
#5339 = LINE('',#5340,#5341);
#5340 = CARTESIAN_POINT('',(6.28318530718,1.250000564795E-04));
#5341 = VECTOR('',#5342,1.);
#5342 = DIRECTION('',(-1.,0.));
#5343 = ( GEOMETRIC_REPRESENTATION_CONTEXT(2) 
PARAMETRIC_REPRESENTATION_CONTEXT() REPRESENTATION_CONTEXT('2D SPACE',''
  ) );
#5344 = ORIENTED_EDGE('',*,*,#5345,.T.);
#5345 = EDGE_CURVE('',#5317,#5346,#5348,.T.);
#5346 = VERTEX_POINT('',#5347);
#5347 = CARTESIAN_POINT('',(0.56,-0.52,-0.355));
#5348 = SURFACE_CURVE('',#5349,(#5353,#5360),.PCURVE_S1.);
#5349 = LINE('',#5350,#5351);
#5350 = CARTESIAN_POINT('',(0.635,-0.52,-0.355));
#5351 = VECTOR('',#5352,1.);
#5352 = DIRECTION('',(-1.,0.,6.982962677686E-15));
#5353 = PCURVE('',#3026,#5354);
#5354 = DEFINITIONAL_REPRESENTATION('',(#5355),#5359);
#5355 = LINE('',#5356,#5357);
#5356 = CARTESIAN_POINT('',(-0.15,7.5E-02));
#5357 = VECTOR('',#5358,1.);
#5358 = DIRECTION('',(1.,0.));
#5359 = ( GEOMETRIC_REPRESENTATION_CONTEXT(2) 
PARAMETRIC_REPRESENTATION_CONTEXT() REPRESENTATION_CONTEXT('2D SPACE',''
  ) );
#5360 = PCURVE('',#5361,#5366);
#5361 = PLANE('',#5362);
#5362 = AXIS2_PLACEMENT_3D('',#5363,#5364,#5365);
#5363 = CARTESIAN_POINT('',(0.56,-0.52,-0.355125000056));
#5364 = DIRECTION('',(-0.,1.,0.));
#5365 = DIRECTION('',(1.,0.,0.));
#5366 = DEFINITIONAL_REPRESENTATION('',(#5367),#5371);
#5367 = LINE('',#5368,#5369);
#5368 = CARTESIAN_POINT('',(7.5E-02,-1.25000056479E-04));
#5369 = VECTOR('',#5370,1.);
#5370 = DIRECTION('',(-1.,-6.982962677686E-15));
#5371 = ( GEOMETRIC_REPRESENTATION_CONTEXT(2) 
PARAMETRIC_REPRESENTATION_CONTEXT() REPRESENTATION_CONTEXT('2D SPACE',''
  ) );
#5372 = ORIENTED_EDGE('',*,*,#5373,.T.);
#5373 = EDGE_CURVE('',#5346,#5374,#5376,.T.);
#5374 = VERTEX_POINT('',#5375);
#5375 = CARTESIAN_POINT('',(0.51,-0.57,-0.355));
#5376 = SURFACE_CURVE('',#5377,(#5382,#5393),.PCURVE_S1.);
#5377 = CIRCLE('',#5378,5.E-02);
#5378 = AXIS2_PLACEMENT_3D('',#5379,#5380,#5381);
#5379 = CARTESIAN_POINT('',(0.56,-0.57,-0.355));
#5380 = DIRECTION('',(6.505213034913E-15,0.,1.));
#5381 = DIRECTION('',(1.,0.,-6.505213034913E-15));
#5382 = PCURVE('',#3026,#5383);
#5383 = DEFINITIONAL_REPRESENTATION('',(#5384),#5392);
#5384 = ( BOUNDED_CURVE() B_SPLINE_CURVE(2,(#5385,#5386,#5387,#5388,
#5389,#5390,#5391),.UNSPECIFIED.,.T.,.F.) B_SPLINE_CURVE_WITH_KNOTS((1,2
    ,2,2,2,1),(-2.094395102393,0.,2.094395102393,4.188790204786,
6.28318530718,8.377580409573),.UNSPECIFIED.) CURVE() 
GEOMETRIC_REPRESENTATION_ITEM() RATIONAL_B_SPLINE_CURVE((1.,0.5,1.,0.5,
1.,0.5,1.)) REPRESENTATION_ITEM('') );
#5385 = CARTESIAN_POINT('',(-0.125,2.5E-02));
#5386 = CARTESIAN_POINT('',(-0.125,0.111602540378));
#5387 = CARTESIAN_POINT('',(-5.E-02,6.830127018922E-02));
#5388 = CARTESIAN_POINT('',(2.5E-02,2.5E-02));
#5389 = CARTESIAN_POINT('',(-5.E-02,-1.830127018922E-02));
#5390 = CARTESIAN_POINT('',(-0.125,-6.160254037844E-02));
#5391 = CARTESIAN_POINT('',(-0.125,2.5E-02));
#5392 = ( GEOMETRIC_REPRESENTATION_CONTEXT(2) 
PARAMETRIC_REPRESENTATION_CONTEXT() REPRESENTATION_CONTEXT('2D SPACE',''
  ) );
#5393 = PCURVE('',#5394,#5399);
#5394 = CYLINDRICAL_SURFACE('',#5395,5.E-02);
#5395 = AXIS2_PLACEMENT_3D('',#5396,#5397,#5398);
#5396 = CARTESIAN_POINT('',(0.56,-0.57,-0.355125000056));
#5397 = DIRECTION('',(6.505213034913E-15,0.,1.));
#5398 = DIRECTION('',(1.,0.,-6.505213034913E-15));
#5399 = DEFINITIONAL_REPRESENTATION('',(#5400),#5404);
#5400 = LINE('',#5401,#5402);
#5401 = CARTESIAN_POINT('',(0.,1.250000564836E-04));
#5402 = VECTOR('',#5403,1.);
#5403 = DIRECTION('',(1.,0.));
#5404 = ( GEOMETRIC_REPRESENTATION_CONTEXT(2) 
PARAMETRIC_REPRESENTATION_CONTEXT() REPRESENTATION_CONTEXT('2D SPACE',''
  ) );
#5405 = ORIENTED_EDGE('',*,*,#5406,.T.);
#5406 = EDGE_CURVE('',#5374,#3312,#5407,.T.);
#5407 = SURFACE_CURVE('',#5408,(#5412,#5419),.PCURVE_S1.);
#5408 = LINE('',#5409,#5410);
#5409 = CARTESIAN_POINT('',(0.51,-0.57,-0.355));
#5410 = VECTOR('',#5411,1.);
#5411 = DIRECTION('',(0.,-1.,0.));
#5412 = PCURVE('',#3026,#5413);
#5413 = DEFINITIONAL_REPRESENTATION('',(#5414),#5418);
#5414 = LINE('',#5415,#5416);
#5415 = CARTESIAN_POINT('',(-2.5E-02,2.5E-02));
#5416 = VECTOR('',#5417,1.);
#5417 = DIRECTION('',(0.,-1.));
#5418 = ( GEOMETRIC_REPRESENTATION_CONTEXT(2) 
PARAMETRIC_REPRESENTATION_CONTEXT() REPRESENTATION_CONTEXT('2D SPACE',''
  ) );
#5419 = PCURVE('',#5420,#5425);
#5420 = PLANE('',#5421);
#5421 = AXIS2_PLACEMENT_3D('',#5422,#5423,#5424);
#5422 = CARTESIAN_POINT('',(0.51,-0.57,-0.355125000056));
#5423 = DIRECTION('',(-1.,0.,6.982962677686E-15));
#5424 = DIRECTION('',(0.,1.,0.));
#5425 = DEFINITIONAL_REPRESENTATION('',(#5426),#5430);
#5426 = LINE('',#5427,#5428);
#5427 = CARTESIAN_POINT('',(0.,-1.250000564836E-04));
#5428 = VECTOR('',#5429,1.);
#5429 = DIRECTION('',(-1.,-0.));
#5430 = ( GEOMETRIC_REPRESENTATION_CONTEXT(2) 
PARAMETRIC_REPRESENTATION_CONTEXT() REPRESENTATION_CONTEXT('2D SPACE',''
  ) );
#5431 = ADVANCED_FACE('',(#5432),#5446,.F.);
#5432 = FACE_BOUND('',#5433,.T.);
#5433 = EDGE_LOOP('',(#5434,#5469,#5497,#5525));
#5434 = ORIENTED_EDGE('',*,*,#5435,.F.);
#5435 = EDGE_CURVE('',#5436,#5438,#5440,.T.);
#5436 = VERTEX_POINT('',#5437);
#5437 = CARTESIAN_POINT('',(-1.15,-1.15,4.974999943528E-03));
#5438 = VERTEX_POINT('',#5439);
#5439 = CARTESIAN_POINT('',(-1.15,1.15,4.974999943528E-03));
#5440 = SURFACE_CURVE('',#5441,(#5445,#5457),.PCURVE_S1.);
#5441 = LINE('',#5442,#5443);
#5442 = CARTESIAN_POINT('',(-1.15,1.15,4.974999943528E-03));
#5443 = VECTOR('',#5444,1.);
#5444 = DIRECTION('',(1.885568995627E-16,1.,-1.316685792267E-30));
#5445 = PCURVE('',#5446,#5451);
#5446 = PLANE('',#5447);
#5447 = AXIS2_PLACEMENT_3D('',#5448,#5449,#5450);
#5448 = CARTESIAN_POINT('',(1.311137653702E-16,1.563548512938E-16,
    4.97499994352E-03));
#5449 = DIRECTION('',(-6.982962677686E-15,0.,-1.));
#5450 = DIRECTION('',(-1.,0.,6.982962677686E-15));
#5451 = DEFINITIONAL_REPRESENTATION('',(#5452),#5456);
#5452 = LINE('',#5453,#5454);
#5453 = CARTESIAN_POINT('',(1.15,1.15));
#5454 = VECTOR('',#5455,1.);
#5455 = DIRECTION('',(-1.885568995627E-16,1.));
#5456 = ( GEOMETRIC_REPRESENTATION_CONTEXT(2) 
PARAMETRIC_REPRESENTATION_CONTEXT() REPRESENTATION_CONTEXT('2D SPACE',''
  ) );
#5457 = PCURVE('',#5458,#5463);
#5458 = PLANE('',#5459);
#5459 = AXIS2_PLACEMENT_3D('',#5460,#5461,#5462);
#5460 = CARTESIAN_POINT('',(-1.15,1.15,-8.502500005647E-02));
#5461 = DIRECTION('',(1.,-1.885568995627E-16,-6.982962677686E-15));
#5462 = DIRECTION('',(-6.982962677686E-15,0.,-1.));
#5463 = DEFINITIONAL_REPRESENTATION('',(#5464),#5468);
#5464 = LINE('',#5465,#5466);
#5465 = CARTESIAN_POINT('',(-9.E-02,7.102405503874E-33));
#5466 = VECTOR('',#5467,1.);
#5467 = DIRECTION('',(-2.101947696487E-45,1.));
#5468 = ( GEOMETRIC_REPRESENTATION_CONTEXT(2) 
PARAMETRIC_REPRESENTATION_CONTEXT() REPRESENTATION_CONTEXT('2D SPACE',''
  ) );
#5469 = ORIENTED_EDGE('',*,*,#5470,.F.);
#5470 = EDGE_CURVE('',#5471,#5436,#5473,.T.);
#5471 = VERTEX_POINT('',#5472);
#5472 = CARTESIAN_POINT('',(1.15,-1.15,4.974999943512E-03));
#5473 = SURFACE_CURVE('',#5474,(#5478,#5485),.PCURVE_S1.);
#5474 = LINE('',#5475,#5476);
#5475 = CARTESIAN_POINT('',(1.15,-1.15,4.974999943512E-03));
#5476 = VECTOR('',#5477,1.);
#5477 = DIRECTION('',(-1.,0.,6.982962677686E-15));
#5478 = PCURVE('',#5446,#5479);
#5479 = DEFINITIONAL_REPRESENTATION('',(#5480),#5484);
#5480 = LINE('',#5481,#5482);
#5481 = CARTESIAN_POINT('',(-1.15,-1.15));
#5482 = VECTOR('',#5483,1.);
#5483 = DIRECTION('',(1.,0.));
#5484 = ( GEOMETRIC_REPRESENTATION_CONTEXT(2) 
PARAMETRIC_REPRESENTATION_CONTEXT() REPRESENTATION_CONTEXT('2D SPACE',''
  ) );
#5485 = PCURVE('',#5486,#5491);
#5486 = PLANE('',#5487);
#5487 = AXIS2_PLACEMENT_3D('',#5488,#5489,#5490);
#5488 = CARTESIAN_POINT('',(1.15,-1.15,-8.502500005649E-02));
#5489 = DIRECTION('',(-0.,1.,0.));
#5490 = DIRECTION('',(1.,0.,0.));
#5491 = DEFINITIONAL_REPRESENTATION('',(#5492),#5496);
#5492 = LINE('',#5493,#5494);
#5493 = CARTESIAN_POINT('',(0.,-9.E-02));
#5494 = VECTOR('',#5495,1.);
#5495 = DIRECTION('',(-1.,-6.982962677686E-15));
#5496 = ( GEOMETRIC_REPRESENTATION_CONTEXT(2) 
PARAMETRIC_REPRESENTATION_CONTEXT() REPRESENTATION_CONTEXT('2D SPACE',''
  ) );
#5497 = ORIENTED_EDGE('',*,*,#5498,.F.);
#5498 = EDGE_CURVE('',#5499,#5471,#5501,.T.);
#5499 = VERTEX_POINT('',#5500);
#5500 = CARTESIAN_POINT('',(1.15,1.15,4.974999943512E-03));
#5501 = SURFACE_CURVE('',#5502,(#5506,#5513),.PCURVE_S1.);
#5502 = LINE('',#5503,#5504);
#5503 = CARTESIAN_POINT('',(1.15,1.15,4.974999943512E-03));
#5504 = VECTOR('',#5505,1.);
#5505 = DIRECTION('',(0.,-1.,0.));
#5506 = PCURVE('',#5446,#5507);
#5507 = DEFINITIONAL_REPRESENTATION('',(#5508),#5512);
#5508 = LINE('',#5509,#5510);
#5509 = CARTESIAN_POINT('',(-1.15,1.15));
#5510 = VECTOR('',#5511,1.);
#5511 = DIRECTION('',(0.,-1.));
#5512 = ( GEOMETRIC_REPRESENTATION_CONTEXT(2) 
PARAMETRIC_REPRESENTATION_CONTEXT() REPRESENTATION_CONTEXT('2D SPACE',''
  ) );
#5513 = PCURVE('',#5514,#5519);
#5514 = PLANE('',#5515);
#5515 = AXIS2_PLACEMENT_3D('',#5516,#5517,#5518);
#5516 = CARTESIAN_POINT('',(1.15,1.15,-8.502500005649E-02));
#5517 = DIRECTION('',(-1.,0.,6.982962677686E-15));
#5518 = DIRECTION('',(0.,1.,0.));
#5519 = DEFINITIONAL_REPRESENTATION('',(#5520),#5524);
#5520 = LINE('',#5521,#5522);
#5521 = CARTESIAN_POINT('',(0.,-9.E-02));
#5522 = VECTOR('',#5523,1.);
#5523 = DIRECTION('',(-1.,-0.));
#5524 = ( GEOMETRIC_REPRESENTATION_CONTEXT(2) 
PARAMETRIC_REPRESENTATION_CONTEXT() REPRESENTATION_CONTEXT('2D SPACE',''
  ) );
#5525 = ORIENTED_EDGE('',*,*,#5526,.F.);
#5526 = EDGE_CURVE('',#5438,#5499,#5527,.T.);
#5527 = SURFACE_CURVE('',#5528,(#5532,#5539),.PCURVE_S1.);
#5528 = LINE('',#5529,#5530);
#5529 = CARTESIAN_POINT('',(1.15,1.15,4.974999943512E-03));
#5530 = VECTOR('',#5531,1.);
#5531 = DIRECTION('',(1.,0.,-6.982962677686E-15));
#5532 = PCURVE('',#5446,#5533);
#5533 = DEFINITIONAL_REPRESENTATION('',(#5534),#5538);
#5534 = LINE('',#5535,#5536);
#5535 = CARTESIAN_POINT('',(-1.15,1.15));
#5536 = VECTOR('',#5537,1.);
#5537 = DIRECTION('',(-1.,0.));
#5538 = ( GEOMETRIC_REPRESENTATION_CONTEXT(2) 
PARAMETRIC_REPRESENTATION_CONTEXT() REPRESENTATION_CONTEXT('2D SPACE',''
  ) );
#5539 = PCURVE('',#5540,#5545);
#5540 = PLANE('',#5541);
#5541 = AXIS2_PLACEMENT_3D('',#5542,#5543,#5544);
#5542 = CARTESIAN_POINT('',(1.15,1.15,-8.502500005649E-02));
#5543 = DIRECTION('',(0.,-1.,0.));
#5544 = DIRECTION('',(0.,0.,-1.));
#5545 = DEFINITIONAL_REPRESENTATION('',(#5546),#5550);
#5546 = LINE('',#5547,#5548);
#5547 = CARTESIAN_POINT('',(-9.E-02,0.));
#5548 = VECTOR('',#5549,1.);
#5549 = DIRECTION('',(6.982962677686E-15,1.));
#5550 = ( GEOMETRIC_REPRESENTATION_CONTEXT(2) 
PARAMETRIC_REPRESENTATION_CONTEXT() REPRESENTATION_CONTEXT('2D SPACE',''
  ) );
#5551 = ADVANCED_FACE('',(#5552),#5486,.F.);
#5552 = FACE_BOUND('',#5553,.T.);
#5553 = EDGE_LOOP('',(#5554,#5555,#5578,#5606));
#5554 = ORIENTED_EDGE('',*,*,#5470,.T.);
#5555 = ORIENTED_EDGE('',*,*,#5556,.F.);
#5556 = EDGE_CURVE('',#5557,#5436,#5559,.T.);
#5557 = VERTEX_POINT('',#5558);
#5558 = CARTESIAN_POINT('',(-1.15,-1.15,-8.502500005647E-02));
#5559 = SURFACE_CURVE('',#5560,(#5564,#5571),.PCURVE_S1.);
#5560 = LINE('',#5561,#5562);
#5561 = CARTESIAN_POINT('',(-1.15,-1.15,-8.502500005647E-02));
#5562 = VECTOR('',#5563,1.);
#5563 = DIRECTION('',(6.982962677686E-15,0.,1.));
#5564 = PCURVE('',#5486,#5565);
#5565 = DEFINITIONAL_REPRESENTATION('',(#5566),#5570);
#5566 = LINE('',#5567,#5568);
#5567 = CARTESIAN_POINT('',(-2.3,-1.609823385706E-14));
#5568 = VECTOR('',#5569,1.);
#5569 = DIRECTION('',(6.982962677686E-15,-1.));
#5570 = ( GEOMETRIC_REPRESENTATION_CONTEXT(2) 
PARAMETRIC_REPRESENTATION_CONTEXT() REPRESENTATION_CONTEXT('2D SPACE',''
  ) );
#5571 = PCURVE('',#5458,#5572);
#5572 = DEFINITIONAL_REPRESENTATION('',(#5573),#5577);
#5573 = LINE('',#5574,#5575);
#5574 = CARTESIAN_POINT('',(3.101058377946E-30,-2.3));
#5575 = VECTOR('',#5576,1.);
#5576 = DIRECTION('',(-1.,0.));
#5577 = ( GEOMETRIC_REPRESENTATION_CONTEXT(2) 
PARAMETRIC_REPRESENTATION_CONTEXT() REPRESENTATION_CONTEXT('2D SPACE',''
  ) );
#5578 = ORIENTED_EDGE('',*,*,#5579,.F.);
#5579 = EDGE_CURVE('',#5580,#5557,#5582,.T.);
#5580 = VERTEX_POINT('',#5581);
#5581 = CARTESIAN_POINT('',(1.15,-1.15,-8.502500005649E-02));
#5582 = SURFACE_CURVE('',#5583,(#5587,#5594),.PCURVE_S1.);
#5583 = LINE('',#5584,#5585);
#5584 = CARTESIAN_POINT('',(1.15,-1.15,-8.502500005649E-02));
#5585 = VECTOR('',#5586,1.);
#5586 = DIRECTION('',(-1.,0.,6.982962677686E-15));
#5587 = PCURVE('',#5486,#5588);
#5588 = DEFINITIONAL_REPRESENTATION('',(#5589),#5593);
#5589 = LINE('',#5590,#5591);
#5590 = CARTESIAN_POINT('',(0.,0.));
#5591 = VECTOR('',#5592,1.);
#5592 = DIRECTION('',(-1.,-6.982962677686E-15));
#5593 = ( GEOMETRIC_REPRESENTATION_CONTEXT(2) 
PARAMETRIC_REPRESENTATION_CONTEXT() REPRESENTATION_CONTEXT('2D SPACE',''
  ) );
#5594 = PCURVE('',#5595,#5600);
#5595 = PLANE('',#5596);
#5596 = AXIS2_PLACEMENT_3D('',#5597,#5598,#5599);
#5597 = CARTESIAN_POINT('',(1.15,-1.15,-8.502500005649E-02));
#5598 = DIRECTION('',(0.,-1.,0.));
#5599 = DIRECTION('',(0.,0.,-1.));
#5600 = DEFINITIONAL_REPRESENTATION('',(#5601),#5605);
#5601 = LINE('',#5602,#5603);
#5602 = CARTESIAN_POINT('',(0.,0.));
#5603 = VECTOR('',#5604,1.);
#5604 = DIRECTION('',(-6.982962677686E-15,-1.));
#5605 = ( GEOMETRIC_REPRESENTATION_CONTEXT(2) 
PARAMETRIC_REPRESENTATION_CONTEXT() REPRESENTATION_CONTEXT('2D SPACE',''
  ) );
#5606 = ORIENTED_EDGE('',*,*,#5607,.T.);
#5607 = EDGE_CURVE('',#5580,#5471,#5608,.T.);
#5608 = SURFACE_CURVE('',#5609,(#5613,#5620),.PCURVE_S1.);
#5609 = LINE('',#5610,#5611);
#5610 = CARTESIAN_POINT('',(1.15,-1.15,-8.502500005649E-02));
#5611 = VECTOR('',#5612,1.);
#5612 = DIRECTION('',(6.982962677686E-15,0.,1.));
#5613 = PCURVE('',#5486,#5614);
#5614 = DEFINITIONAL_REPRESENTATION('',(#5615),#5619);
#5615 = LINE('',#5616,#5617);
#5616 = CARTESIAN_POINT('',(0.,0.));
#5617 = VECTOR('',#5618,1.);
#5618 = DIRECTION('',(6.982962677686E-15,-1.));
#5619 = ( GEOMETRIC_REPRESENTATION_CONTEXT(2) 
PARAMETRIC_REPRESENTATION_CONTEXT() REPRESENTATION_CONTEXT('2D SPACE',''
  ) );
#5620 = PCURVE('',#5514,#5621);
#5621 = DEFINITIONAL_REPRESENTATION('',(#5622),#5626);
#5622 = LINE('',#5623,#5624);
#5623 = CARTESIAN_POINT('',(-2.3,-0.));
#5624 = VECTOR('',#5625,1.);
#5625 = DIRECTION('',(0.,-1.));
#5626 = ( GEOMETRIC_REPRESENTATION_CONTEXT(2) 
PARAMETRIC_REPRESENTATION_CONTEXT() REPRESENTATION_CONTEXT('2D SPACE',''
  ) );
#5627 = ADVANCED_FACE('',(#5628),#5514,.F.);
#5628 = FACE_BOUND('',#5629,.T.);
#5629 = EDGE_LOOP('',(#5630,#5631,#5632,#5660));
#5630 = ORIENTED_EDGE('',*,*,#5498,.T.);
#5631 = ORIENTED_EDGE('',*,*,#5607,.F.);
#5632 = ORIENTED_EDGE('',*,*,#5633,.F.);
#5633 = EDGE_CURVE('',#5634,#5580,#5636,.T.);
#5634 = VERTEX_POINT('',#5635);
#5635 = CARTESIAN_POINT('',(1.15,1.15,-8.502500005649E-02));
#5636 = SURFACE_CURVE('',#5637,(#5641,#5648),.PCURVE_S1.);
#5637 = LINE('',#5638,#5639);
#5638 = CARTESIAN_POINT('',(1.15,1.15,-8.502500005649E-02));
#5639 = VECTOR('',#5640,1.);
#5640 = DIRECTION('',(-1.885568995627E-16,-1.,1.316685792267E-30));
#5641 = PCURVE('',#5514,#5642);
#5642 = DEFINITIONAL_REPRESENTATION('',(#5643),#5647);
#5643 = LINE('',#5644,#5645);
#5644 = CARTESIAN_POINT('',(0.,0.));
#5645 = VECTOR('',#5646,1.);
#5646 = DIRECTION('',(-1.,2.101947696487E-45));
#5647 = ( GEOMETRIC_REPRESENTATION_CONTEXT(2) 
PARAMETRIC_REPRESENTATION_CONTEXT() REPRESENTATION_CONTEXT('2D SPACE',''
  ) );
#5648 = PCURVE('',#5649,#5654);
#5649 = PLANE('',#5650);
#5650 = AXIS2_PLACEMENT_3D('',#5651,#5652,#5653);
#5651 = CARTESIAN_POINT('',(1.15,1.15,-8.502500005649E-02));
#5652 = DIRECTION('',(1.,-1.885568995627E-16,-6.982962677686E-15));
#5653 = DIRECTION('',(-6.982962677686E-15,0.,-1.));
#5654 = DEFINITIONAL_REPRESENTATION('',(#5655),#5659);
#5655 = LINE('',#5656,#5657);
#5656 = CARTESIAN_POINT('',(0.,0.));
#5657 = VECTOR('',#5658,1.);
#5658 = DIRECTION('',(2.101947696487E-45,-1.));
#5659 = ( GEOMETRIC_REPRESENTATION_CONTEXT(2) 
PARAMETRIC_REPRESENTATION_CONTEXT() REPRESENTATION_CONTEXT('2D SPACE',''
  ) );
#5660 = ORIENTED_EDGE('',*,*,#5661,.T.);
#5661 = EDGE_CURVE('',#5634,#5499,#5662,.T.);
#5662 = SURFACE_CURVE('',#5663,(#5667,#5674),.PCURVE_S1.);
#5663 = LINE('',#5664,#5665);
#5664 = CARTESIAN_POINT('',(1.15,1.15,-8.502500005649E-02));
#5665 = VECTOR('',#5666,1.);
#5666 = DIRECTION('',(6.982962677686E-15,0.,1.));
#5667 = PCURVE('',#5514,#5668);
#5668 = DEFINITIONAL_REPRESENTATION('',(#5669),#5673);
#5669 = LINE('',#5670,#5671);
#5670 = CARTESIAN_POINT('',(0.,0.));
#5671 = VECTOR('',#5672,1.);
#5672 = DIRECTION('',(0.,-1.));
#5673 = ( GEOMETRIC_REPRESENTATION_CONTEXT(2) 
PARAMETRIC_REPRESENTATION_CONTEXT() REPRESENTATION_CONTEXT('2D SPACE',''
  ) );
#5674 = PCURVE('',#5540,#5675);
#5675 = DEFINITIONAL_REPRESENTATION('',(#5676),#5680);
#5676 = LINE('',#5677,#5678);
#5677 = CARTESIAN_POINT('',(0.,0.));
#5678 = VECTOR('',#5679,1.);
#5679 = DIRECTION('',(-1.,6.982962677686E-15));
#5680 = ( GEOMETRIC_REPRESENTATION_CONTEXT(2) 
PARAMETRIC_REPRESENTATION_CONTEXT() REPRESENTATION_CONTEXT('2D SPACE',''
  ) );
#5681 = ADVANCED_FACE('',(#5682),#5540,.F.);
#5682 = FACE_BOUND('',#5683,.T.);
#5683 = EDGE_LOOP('',(#5684,#5685,#5686,#5714));
#5684 = ORIENTED_EDGE('',*,*,#5526,.T.);
#5685 = ORIENTED_EDGE('',*,*,#5661,.F.);
#5686 = ORIENTED_EDGE('',*,*,#5687,.F.);
#5687 = EDGE_CURVE('',#5688,#5634,#5690,.T.);
#5688 = VERTEX_POINT('',#5689);
#5689 = CARTESIAN_POINT('',(-1.15,1.15,-8.502500005647E-02));
#5690 = SURFACE_CURVE('',#5691,(#5695,#5702),.PCURVE_S1.);
#5691 = LINE('',#5692,#5693);
#5692 = CARTESIAN_POINT('',(1.15,1.15,-8.502500005649E-02));
#5693 = VECTOR('',#5694,1.);
#5694 = DIRECTION('',(1.,0.,-6.982962677686E-15));
#5695 = PCURVE('',#5540,#5696);
#5696 = DEFINITIONAL_REPRESENTATION('',(#5697),#5701);
#5697 = LINE('',#5698,#5699);
#5698 = CARTESIAN_POINT('',(0.,0.));
#5699 = VECTOR('',#5700,1.);
#5700 = DIRECTION('',(6.982962677686E-15,1.));
#5701 = ( GEOMETRIC_REPRESENTATION_CONTEXT(2) 
PARAMETRIC_REPRESENTATION_CONTEXT() REPRESENTATION_CONTEXT('2D SPACE',''
  ) );
#5702 = PCURVE('',#5703,#5708);
#5703 = PLANE('',#5704);
#5704 = AXIS2_PLACEMENT_3D('',#5705,#5706,#5707);
#5705 = CARTESIAN_POINT('',(1.15,1.15,-8.502500005649E-02));
#5706 = DIRECTION('',(-0.,1.,0.));
#5707 = DIRECTION('',(1.,0.,0.));
#5708 = DEFINITIONAL_REPRESENTATION('',(#5709),#5713);
#5709 = LINE('',#5710,#5711);
#5710 = CARTESIAN_POINT('',(0.,0.));
#5711 = VECTOR('',#5712,1.);
#5712 = DIRECTION('',(1.,6.982962677686E-15));
#5713 = ( GEOMETRIC_REPRESENTATION_CONTEXT(2) 
PARAMETRIC_REPRESENTATION_CONTEXT() REPRESENTATION_CONTEXT('2D SPACE',''
  ) );
#5714 = ORIENTED_EDGE('',*,*,#5715,.T.);
#5715 = EDGE_CURVE('',#5688,#5438,#5716,.T.);
#5716 = SURFACE_CURVE('',#5717,(#5721,#5728),.PCURVE_S1.);
#5717 = LINE('',#5718,#5719);
#5718 = CARTESIAN_POINT('',(-1.15,1.15,-8.502500005647E-02));
#5719 = VECTOR('',#5720,1.);
#5720 = DIRECTION('',(6.982962677686E-15,0.,1.));
#5721 = PCURVE('',#5540,#5722);
#5722 = DEFINITIONAL_REPRESENTATION('',(#5723),#5727);
#5723 = LINE('',#5724,#5725);
#5724 = CARTESIAN_POINT('',(-1.609823385706E-14,-2.3));
#5725 = VECTOR('',#5726,1.);
#5726 = DIRECTION('',(-1.,6.982962677686E-15));
#5727 = ( GEOMETRIC_REPRESENTATION_CONTEXT(2) 
PARAMETRIC_REPRESENTATION_CONTEXT() REPRESENTATION_CONTEXT('2D SPACE',''
  ) );
#5728 = PCURVE('',#5458,#5729);
#5729 = DEFINITIONAL_REPRESENTATION('',(#5730),#5734);
#5730 = LINE('',#5731,#5732);
#5731 = CARTESIAN_POINT('',(0.,0.));
#5732 = VECTOR('',#5733,1.);
#5733 = DIRECTION('',(-1.,0.));
#5734 = ( GEOMETRIC_REPRESENTATION_CONTEXT(2) 
PARAMETRIC_REPRESENTATION_CONTEXT() REPRESENTATION_CONTEXT('2D SPACE',''
  ) );
#5735 = ADVANCED_FACE('',(#5736),#5458,.F.);
#5736 = FACE_BOUND('',#5737,.T.);
#5737 = EDGE_LOOP('',(#5738,#5739,#5740,#5766));
#5738 = ORIENTED_EDGE('',*,*,#5435,.T.);
#5739 = ORIENTED_EDGE('',*,*,#5715,.F.);
#5740 = ORIENTED_EDGE('',*,*,#5741,.F.);
#5741 = EDGE_CURVE('',#5557,#5688,#5742,.T.);
#5742 = SURFACE_CURVE('',#5743,(#5747,#5754),.PCURVE_S1.);
#5743 = LINE('',#5744,#5745);
#5744 = CARTESIAN_POINT('',(-1.15,1.15,-8.502500005647E-02));
#5745 = VECTOR('',#5746,1.);
#5746 = DIRECTION('',(1.885568995627E-16,1.,-1.316685792267E-30));
#5747 = PCURVE('',#5458,#5748);
#5748 = DEFINITIONAL_REPRESENTATION('',(#5749),#5753);
#5749 = LINE('',#5750,#5751);
#5750 = CARTESIAN_POINT('',(9.71445146547E-17,1.279088022425E-46));
#5751 = VECTOR('',#5752,1.);
#5752 = DIRECTION('',(-2.101947696487E-45,1.));
#5753 = ( GEOMETRIC_REPRESENTATION_CONTEXT(2) 
PARAMETRIC_REPRESENTATION_CONTEXT() REPRESENTATION_CONTEXT('2D SPACE',''
  ) );
#5754 = PCURVE('',#5755,#5760);
#5755 = PLANE('',#5756);
#5756 = AXIS2_PLACEMENT_3D('',#5757,#5758,#5759);
#5757 = CARTESIAN_POINT('',(-1.15,1.15,-8.502500005647E-02));
#5758 = DIRECTION('',(-1.,1.885568995627E-16,6.982962677686E-15));
#5759 = DIRECTION('',(1.885568995627E-16,1.,0.));
#5760 = DEFINITIONAL_REPRESENTATION('',(#5761),#5765);
#5761 = LINE('',#5762,#5763);
#5762 = CARTESIAN_POINT('',(0.,0.));
#5763 = VECTOR('',#5764,1.);
#5764 = DIRECTION('',(1.,1.316685792267E-30));
#5765 = ( GEOMETRIC_REPRESENTATION_CONTEXT(2) 
PARAMETRIC_REPRESENTATION_CONTEXT() REPRESENTATION_CONTEXT('2D SPACE',''
  ) );
#5766 = ORIENTED_EDGE('',*,*,#5556,.T.);
#5767 = ADVANCED_FACE('',(#5768),#5128,.T.);
#5768 = FACE_BOUND('',#5769,.T.);
#5769 = EDGE_LOOP('',(#5770,#5771,#5794,#5817));
#5770 = ORIENTED_EDGE('',*,*,#5112,.F.);
#5771 = ORIENTED_EDGE('',*,*,#5772,.F.);
#5772 = EDGE_CURVE('',#5773,#5084,#5775,.T.);
#5773 = VERTEX_POINT('',#5774);
#5774 = CARTESIAN_POINT('',(0.635,-0.25,-0.355125000056));
#5775 = SURFACE_CURVE('',#5776,(#5780,#5787),.PCURVE_S1.);
#5776 = LINE('',#5777,#5778);
#5777 = CARTESIAN_POINT('',(0.635,-0.25,-0.355125000056));
#5778 = VECTOR('',#5779,1.);
#5779 = DIRECTION('',(6.982962677686E-15,0.,1.));
#5780 = PCURVE('',#5128,#5781);
#5781 = DEFINITIONAL_REPRESENTATION('',(#5782),#5786);
#5782 = LINE('',#5783,#5784);
#5783 = CARTESIAN_POINT('',(5.394448724536E-02,0.));
#5784 = VECTOR('',#5785,1.);
#5785 = DIRECTION('',(6.982962677686E-15,-1.));
#5786 = ( GEOMETRIC_REPRESENTATION_CONTEXT(2) 
PARAMETRIC_REPRESENTATION_CONTEXT() REPRESENTATION_CONTEXT('2D SPACE',''
  ) );
#5787 = PCURVE('',#5100,#5788);
#5788 = DEFINITIONAL_REPRESENTATION('',(#5789),#5793);
#5789 = LINE('',#5790,#5791);
#5790 = CARTESIAN_POINT('',(4.712388980385,0.));
#5791 = VECTOR('',#5792,1.);
#5792 = DIRECTION('',(0.,1.));
#5793 = ( GEOMETRIC_REPRESENTATION_CONTEXT(2) 
PARAMETRIC_REPRESENTATION_CONTEXT() REPRESENTATION_CONTEXT('2D SPACE',''
  ) );
#5794 = ORIENTED_EDGE('',*,*,#5795,.T.);
#5795 = EDGE_CURVE('',#5773,#5796,#5798,.T.);
#5796 = VERTEX_POINT('',#5797);
#5797 = CARTESIAN_POINT('',(0.581055512755,-0.25,-0.355125000056));
#5798 = SURFACE_CURVE('',#5799,(#5803,#5810),.PCURVE_S1.);
#5799 = LINE('',#5800,#5801);
#5800 = CARTESIAN_POINT('',(0.581055512755,-0.25,-0.355125000056));
#5801 = VECTOR('',#5802,1.);
#5802 = DIRECTION('',(-1.,0.,6.982962677686E-15));
#5803 = PCURVE('',#5128,#5804);
#5804 = DEFINITIONAL_REPRESENTATION('',(#5805),#5809);
#5805 = LINE('',#5806,#5807);
#5806 = CARTESIAN_POINT('',(0.,0.));
#5807 = VECTOR('',#5808,1.);
#5808 = DIRECTION('',(-1.,-6.982962677686E-15));
#5809 = ( GEOMETRIC_REPRESENTATION_CONTEXT(2) 
PARAMETRIC_REPRESENTATION_CONTEXT() REPRESENTATION_CONTEXT('2D SPACE',''
  ) );
#5810 = PCURVE('',#2965,#5811);
#5811 = DEFINITIONAL_REPRESENTATION('',(#5812),#5816);
#5812 = LINE('',#5813,#5814);
#5813 = CARTESIAN_POINT('',(-0.581055512755,-0.25));
#5814 = VECTOR('',#5815,1.);
#5815 = DIRECTION('',(1.,0.));
#5816 = ( GEOMETRIC_REPRESENTATION_CONTEXT(2) 
PARAMETRIC_REPRESENTATION_CONTEXT() REPRESENTATION_CONTEXT('2D SPACE',''
  ) );
#5817 = ORIENTED_EDGE('',*,*,#5818,.T.);
#5818 = EDGE_CURVE('',#5796,#5113,#5819,.T.);
#5819 = SURFACE_CURVE('',#5820,(#5824,#5831),.PCURVE_S1.);
#5820 = LINE('',#5821,#5822);
#5821 = CARTESIAN_POINT('',(0.581055512755,-0.25,-0.355125000056));
#5822 = VECTOR('',#5823,1.);
#5823 = DIRECTION('',(6.982962677686E-15,0.,1.));
#5824 = PCURVE('',#5128,#5825);
#5825 = DEFINITIONAL_REPRESENTATION('',(#5826),#5830);
#5826 = LINE('',#5827,#5828);
#5827 = CARTESIAN_POINT('',(0.,0.));
#5828 = VECTOR('',#5829,1.);
#5829 = DIRECTION('',(6.982962677686E-15,-1.));
#5830 = ( GEOMETRIC_REPRESENTATION_CONTEXT(2) 
PARAMETRIC_REPRESENTATION_CONTEXT() REPRESENTATION_CONTEXT('2D SPACE',''
  ) );
#5831 = PCURVE('',#5157,#5832);
#5832 = DEFINITIONAL_REPRESENTATION('',(#5833),#5837);
#5833 = LINE('',#5834,#5835);
#5834 = CARTESIAN_POINT('',(4.712388980385,0.));
#5835 = VECTOR('',#5836,1.);
#5836 = DIRECTION('',(0.,1.));
#5837 = ( GEOMETRIC_REPRESENTATION_CONTEXT(2) 
PARAMETRIC_REPRESENTATION_CONTEXT() REPRESENTATION_CONTEXT('2D SPACE',''
  ) );
#5838 = ADVANCED_FACE('',(#5839),#5100,.F.);
#5839 = FACE_BOUND('',#5840,.F.);
#5840 = EDGE_LOOP('',(#5841,#5842,#5866,#5887));
#5841 = ORIENTED_EDGE('',*,*,#5772,.F.);
#5842 = ORIENTED_EDGE('',*,*,#5843,.F.);
#5843 = EDGE_CURVE('',#5844,#5773,#5846,.T.);
#5844 = VERTEX_POINT('',#5845);
#5845 = CARTESIAN_POINT('',(0.66,-0.225,-0.355125000056));
#5846 = SURFACE_CURVE('',#5847,(#5852,#5859),.PCURVE_S1.);
#5847 = CIRCLE('',#5848,2.5E-02);
#5848 = AXIS2_PLACEMENT_3D('',#5849,#5850,#5851);
#5849 = CARTESIAN_POINT('',(0.635,-0.225,-0.355125000056));
#5850 = DIRECTION('',(-6.505213034913E-15,0.,-1.));
#5851 = DIRECTION('',(1.,0.,-6.505213034913E-15));
#5852 = PCURVE('',#5100,#5853);
#5853 = DEFINITIONAL_REPRESENTATION('',(#5854),#5858);
#5854 = LINE('',#5855,#5856);
#5855 = CARTESIAN_POINT('',(6.28318530718,0.));
#5856 = VECTOR('',#5857,1.);
#5857 = DIRECTION('',(-1.,0.));
#5858 = ( GEOMETRIC_REPRESENTATION_CONTEXT(2) 
PARAMETRIC_REPRESENTATION_CONTEXT() REPRESENTATION_CONTEXT('2D SPACE',''
  ) );
#5859 = PCURVE('',#2965,#5860);
#5860 = DEFINITIONAL_REPRESENTATION('',(#5861),#5865);
#5861 = CIRCLE('',#5862,2.5E-02);
#5862 = AXIS2_PLACEMENT_2D('',#5863,#5864);
#5863 = CARTESIAN_POINT('',(-0.635,-0.225));
#5864 = DIRECTION('',(-1.,0.));
#5865 = ( GEOMETRIC_REPRESENTATION_CONTEXT(2) 
PARAMETRIC_REPRESENTATION_CONTEXT() REPRESENTATION_CONTEXT('2D SPACE',''
  ) );
#5866 = ORIENTED_EDGE('',*,*,#5867,.T.);
#5867 = EDGE_CURVE('',#5844,#5056,#5868,.T.);
#5868 = SURFACE_CURVE('',#5869,(#5873,#5880),.PCURVE_S1.);
#5869 = LINE('',#5870,#5871);
#5870 = CARTESIAN_POINT('',(0.66,-0.225,-0.355125000056));
#5871 = VECTOR('',#5872,1.);
#5872 = DIRECTION('',(6.982962677686E-15,0.,1.));
#5873 = PCURVE('',#5100,#5874);
#5874 = DEFINITIONAL_REPRESENTATION('',(#5875),#5879);
#5875 = LINE('',#5876,#5877);
#5876 = CARTESIAN_POINT('',(6.28318530718,-3.330669073875E-16));
#5877 = VECTOR('',#5878,1.);
#5878 = DIRECTION('',(0.,1.));
#5879 = ( GEOMETRIC_REPRESENTATION_CONTEXT(2) 
PARAMETRIC_REPRESENTATION_CONTEXT() REPRESENTATION_CONTEXT('2D SPACE',''
  ) );
#5880 = PCURVE('',#5071,#5881);
#5881 = DEFINITIONAL_REPRESENTATION('',(#5882),#5886);
#5882 = LINE('',#5883,#5884);
#5883 = CARTESIAN_POINT('',(-0.165,-0.));
#5884 = VECTOR('',#5885,1.);
#5885 = DIRECTION('',(0.,-1.));
#5886 = ( GEOMETRIC_REPRESENTATION_CONTEXT(2) 
PARAMETRIC_REPRESENTATION_CONTEXT() REPRESENTATION_CONTEXT('2D SPACE',''
  ) );
#5887 = ORIENTED_EDGE('',*,*,#5083,.T.);
#5888 = ADVANCED_FACE('',(#5889),#5071,.T.);
#5889 = FACE_BOUND('',#5890,.T.);
#5890 = EDGE_LOOP('',(#5891,#5892,#5915,#5936));
#5891 = ORIENTED_EDGE('',*,*,#5055,.F.);
#5892 = ORIENTED_EDGE('',*,*,#5893,.F.);
#5893 = EDGE_CURVE('',#5894,#5027,#5896,.T.);
#5894 = VERTEX_POINT('',#5895);
#5895 = CARTESIAN_POINT('',(0.66,-6.E-02,-0.355125000056));
#5896 = SURFACE_CURVE('',#5897,(#5901,#5908),.PCURVE_S1.);
#5897 = LINE('',#5898,#5899);
#5898 = CARTESIAN_POINT('',(0.66,-6.E-02,-0.355125000056));
#5899 = VECTOR('',#5900,1.);
#5900 = DIRECTION('',(6.982962677686E-15,0.,1.));
#5901 = PCURVE('',#5071,#5902);
#5902 = DEFINITIONAL_REPRESENTATION('',(#5903),#5907);
#5903 = LINE('',#5904,#5905);
#5904 = CARTESIAN_POINT('',(0.,0.));
#5905 = VECTOR('',#5906,1.);
#5906 = DIRECTION('',(0.,-1.));
#5907 = ( GEOMETRIC_REPRESENTATION_CONTEXT(2) 
PARAMETRIC_REPRESENTATION_CONTEXT() REPRESENTATION_CONTEXT('2D SPACE',''
  ) );
#5908 = PCURVE('',#5043,#5909);
#5909 = DEFINITIONAL_REPRESENTATION('',(#5910),#5914);
#5910 = LINE('',#5911,#5912);
#5911 = CARTESIAN_POINT('',(0.,-3.330669073875E-16));
#5912 = VECTOR('',#5913,1.);
#5913 = DIRECTION('',(0.,1.));
#5914 = ( GEOMETRIC_REPRESENTATION_CONTEXT(2) 
PARAMETRIC_REPRESENTATION_CONTEXT() REPRESENTATION_CONTEXT('2D SPACE',''
  ) );
#5915 = ORIENTED_EDGE('',*,*,#5916,.T.);
#5916 = EDGE_CURVE('',#5894,#5844,#5917,.T.);
#5917 = SURFACE_CURVE('',#5918,(#5922,#5929),.PCURVE_S1.);
#5918 = LINE('',#5919,#5920);
#5919 = CARTESIAN_POINT('',(0.66,-6.E-02,-0.355125000056));
#5920 = VECTOR('',#5921,1.);
#5921 = DIRECTION('',(0.,-1.,0.));
#5922 = PCURVE('',#5071,#5923);
#5923 = DEFINITIONAL_REPRESENTATION('',(#5924),#5928);
#5924 = LINE('',#5925,#5926);
#5925 = CARTESIAN_POINT('',(0.,0.));
#5926 = VECTOR('',#5927,1.);
#5927 = DIRECTION('',(-1.,-0.));
#5928 = ( GEOMETRIC_REPRESENTATION_CONTEXT(2) 
PARAMETRIC_REPRESENTATION_CONTEXT() REPRESENTATION_CONTEXT('2D SPACE',''
  ) );
#5929 = PCURVE('',#2965,#5930);
#5930 = DEFINITIONAL_REPRESENTATION('',(#5931),#5935);
#5931 = LINE('',#5932,#5933);
#5932 = CARTESIAN_POINT('',(-0.66,-6.E-02));
#5933 = VECTOR('',#5934,1.);
#5934 = DIRECTION('',(0.,-1.));
#5935 = ( GEOMETRIC_REPRESENTATION_CONTEXT(2) 
PARAMETRIC_REPRESENTATION_CONTEXT() REPRESENTATION_CONTEXT('2D SPACE',''
  ) );
#5936 = ORIENTED_EDGE('',*,*,#5867,.T.);
#5937 = ADVANCED_FACE('',(#5938),#5043,.F.);
#5938 = FACE_BOUND('',#5939,.F.);
#5939 = EDGE_LOOP('',(#5940,#5941,#5965,#5986));
#5940 = ORIENTED_EDGE('',*,*,#5893,.F.);
#5941 = ORIENTED_EDGE('',*,*,#5942,.F.);
#5942 = EDGE_CURVE('',#5943,#5894,#5945,.T.);
#5943 = VERTEX_POINT('',#5944);
#5944 = CARTESIAN_POINT('',(0.635,-3.5E-02,-0.355125000056));
#5945 = SURFACE_CURVE('',#5946,(#5951,#5958),.PCURVE_S1.);
#5946 = CIRCLE('',#5947,2.5E-02);
#5947 = AXIS2_PLACEMENT_3D('',#5948,#5949,#5950);
#5948 = CARTESIAN_POINT('',(0.635,-6.E-02,-0.355125000056));
#5949 = DIRECTION('',(-6.505213034913E-15,0.,-1.));
#5950 = DIRECTION('',(-1.,0.,6.505213034913E-15));
#5951 = PCURVE('',#5043,#5952);
#5952 = DEFINITIONAL_REPRESENTATION('',(#5953),#5957);
#5953 = LINE('',#5954,#5955);
#5954 = CARTESIAN_POINT('',(3.14159265359,0.));
#5955 = VECTOR('',#5956,1.);
#5956 = DIRECTION('',(-1.,0.));
#5957 = ( GEOMETRIC_REPRESENTATION_CONTEXT(2) 
PARAMETRIC_REPRESENTATION_CONTEXT() REPRESENTATION_CONTEXT('2D SPACE',''
  ) );
#5958 = PCURVE('',#2965,#5959);
#5959 = DEFINITIONAL_REPRESENTATION('',(#5960),#5964);
#5960 = CIRCLE('',#5961,2.5E-02);
#5961 = AXIS2_PLACEMENT_2D('',#5962,#5963);
#5962 = CARTESIAN_POINT('',(-0.635,-6.E-02));
#5963 = DIRECTION('',(1.,0.));
#5964 = ( GEOMETRIC_REPRESENTATION_CONTEXT(2) 
PARAMETRIC_REPRESENTATION_CONTEXT() REPRESENTATION_CONTEXT('2D SPACE',''
  ) );
#5965 = ORIENTED_EDGE('',*,*,#5966,.T.);
#5966 = EDGE_CURVE('',#5943,#4999,#5967,.T.);
#5967 = SURFACE_CURVE('',#5968,(#5972,#5979),.PCURVE_S1.);
#5968 = LINE('',#5969,#5970);
#5969 = CARTESIAN_POINT('',(0.635,-3.5E-02,-0.355125000056));
#5970 = VECTOR('',#5971,1.);
#5971 = DIRECTION('',(6.982962677686E-15,0.,1.));
#5972 = PCURVE('',#5043,#5973);
#5973 = DEFINITIONAL_REPRESENTATION('',(#5974),#5978);
#5974 = LINE('',#5975,#5976);
#5975 = CARTESIAN_POINT('',(1.570796326795,0.));
#5976 = VECTOR('',#5977,1.);
#5977 = DIRECTION('',(0.,1.));
#5978 = ( GEOMETRIC_REPRESENTATION_CONTEXT(2) 
PARAMETRIC_REPRESENTATION_CONTEXT() REPRESENTATION_CONTEXT('2D SPACE',''
  ) );
#5979 = PCURVE('',#5014,#5980);
#5980 = DEFINITIONAL_REPRESENTATION('',(#5981),#5985);
#5981 = LINE('',#5982,#5983);
#5982 = CARTESIAN_POINT('',(-0.153944487245,9.992007221626E-16));
#5983 = VECTOR('',#5984,1.);
#5984 = DIRECTION('',(-6.982962677686E-15,-1.));
#5985 = ( GEOMETRIC_REPRESENTATION_CONTEXT(2) 
PARAMETRIC_REPRESENTATION_CONTEXT() REPRESENTATION_CONTEXT('2D SPACE',''
  ) );
#5986 = ORIENTED_EDGE('',*,*,#5026,.T.);
#5987 = ADVANCED_FACE('',(#5988),#5014,.T.);
#5988 = FACE_BOUND('',#5989,.T.);
#5989 = EDGE_LOOP('',(#5990,#5991,#6014,#6035));
#5990 = ORIENTED_EDGE('',*,*,#4998,.F.);
#5991 = ORIENTED_EDGE('',*,*,#5992,.F.);
#5992 = EDGE_CURVE('',#5993,#4970,#5995,.T.);
#5993 = VERTEX_POINT('',#5994);
#5994 = CARTESIAN_POINT('',(0.481055512755,-3.5E-02,-0.355125000056));
#5995 = SURFACE_CURVE('',#5996,(#6000,#6007),.PCURVE_S1.);
#5996 = LINE('',#5997,#5998);
#5997 = CARTESIAN_POINT('',(0.481055512755,-3.5E-02,-0.355125000056));
#5998 = VECTOR('',#5999,1.);
#5999 = DIRECTION('',(6.982962677686E-15,0.,1.));
#6000 = PCURVE('',#5014,#6001);
#6001 = DEFINITIONAL_REPRESENTATION('',(#6002),#6006);
#6002 = LINE('',#6003,#6004);
#6003 = CARTESIAN_POINT('',(0.,-0.));
#6004 = VECTOR('',#6005,1.);
#6005 = DIRECTION('',(-6.982962677686E-15,-1.));
#6006 = ( GEOMETRIC_REPRESENTATION_CONTEXT(2) 
PARAMETRIC_REPRESENTATION_CONTEXT() REPRESENTATION_CONTEXT('2D SPACE',''
  ) );
#6007 = PCURVE('',#4986,#6008);
#6008 = DEFINITIONAL_REPRESENTATION('',(#6009),#6013);
#6009 = LINE('',#6010,#6011);
#6010 = CARTESIAN_POINT('',(1.570796326795,0.));
#6011 = VECTOR('',#6012,1.);
#6012 = DIRECTION('',(0.,1.));
#6013 = ( GEOMETRIC_REPRESENTATION_CONTEXT(2) 
PARAMETRIC_REPRESENTATION_CONTEXT() REPRESENTATION_CONTEXT('2D SPACE',''
  ) );
#6014 = ORIENTED_EDGE('',*,*,#6015,.T.);
#6015 = EDGE_CURVE('',#5993,#5943,#6016,.T.);
#6016 = SURFACE_CURVE('',#6017,(#6021,#6028),.PCURVE_S1.);
#6017 = LINE('',#6018,#6019);
#6018 = CARTESIAN_POINT('',(0.481055512755,-3.5E-02,-0.355125000056));
#6019 = VECTOR('',#6020,1.);
#6020 = DIRECTION('',(1.,-8.803515733869E-17,-6.982962677686E-15));
#6021 = PCURVE('',#5014,#6022);
#6022 = DEFINITIONAL_REPRESENTATION('',(#6023),#6027);
#6023 = LINE('',#6024,#6025);
#6024 = CARTESIAN_POINT('',(0.,-0.));
#6025 = VECTOR('',#6026,1.);
#6026 = DIRECTION('',(-1.,6.982962677686E-15));
#6027 = ( GEOMETRIC_REPRESENTATION_CONTEXT(2) 
PARAMETRIC_REPRESENTATION_CONTEXT() REPRESENTATION_CONTEXT('2D SPACE',''
  ) );
#6028 = PCURVE('',#2965,#6029);
#6029 = DEFINITIONAL_REPRESENTATION('',(#6030),#6034);
#6030 = LINE('',#6031,#6032);
#6031 = CARTESIAN_POINT('',(-0.481055512755,-3.5E-02));
#6032 = VECTOR('',#6033,1.);
#6033 = DIRECTION('',(-1.,-8.803515733869E-17));
#6034 = ( GEOMETRIC_REPRESENTATION_CONTEXT(2) 
PARAMETRIC_REPRESENTATION_CONTEXT() REPRESENTATION_CONTEXT('2D SPACE',''
  ) );
#6035 = ORIENTED_EDGE('',*,*,#5966,.T.);
#6036 = ADVANCED_FACE('',(#6037),#4986,.F.);
#6037 = FACE_BOUND('',#6038,.F.);
#6038 = EDGE_LOOP('',(#6039,#6040,#6064,#6085));
#6039 = ORIENTED_EDGE('',*,*,#5992,.F.);
#6040 = ORIENTED_EDGE('',*,*,#6041,.F.);
#6041 = EDGE_CURVE('',#6042,#5993,#6044,.T.);
#6042 = VERTEX_POINT('',#6043);
#6043 = CARTESIAN_POINT('',(0.468178543914,-3.857142857143E-02,
    -0.355125000056));
#6044 = SURFACE_CURVE('',#6045,(#6050,#6057),.PCURVE_S1.);
#6045 = CIRCLE('',#6046,2.5E-02);
#6046 = AXIS2_PLACEMENT_3D('',#6047,#6048,#6049);
#6047 = CARTESIAN_POINT('',(0.481055512755,-6.E-02,-0.355125000056));
#6048 = DIRECTION('',(-6.505213034913E-15,0.,-1.));
#6049 = DIRECTION('',(-1.,0.,6.505213034913E-15));
#6050 = PCURVE('',#4986,#6051);
#6051 = DEFINITIONAL_REPRESENTATION('',(#6052),#6056);
#6052 = LINE('',#6053,#6054);
#6053 = CARTESIAN_POINT('',(3.14159265359,1.611472719293E-16));
#6054 = VECTOR('',#6055,1.);
#6055 = DIRECTION('',(-1.,-1.025895395733E-16));
#6056 = ( GEOMETRIC_REPRESENTATION_CONTEXT(2) 
PARAMETRIC_REPRESENTATION_CONTEXT() REPRESENTATION_CONTEXT('2D SPACE',''
  ) );
#6057 = PCURVE('',#2965,#6058);
#6058 = DEFINITIONAL_REPRESENTATION('',(#6059),#6063);
#6059 = CIRCLE('',#6060,2.5E-02);
#6060 = AXIS2_PLACEMENT_2D('',#6061,#6062);
#6061 = CARTESIAN_POINT('',(-0.481055512755,-6.E-02));
#6062 = DIRECTION('',(1.,0.));
#6063 = ( GEOMETRIC_REPRESENTATION_CONTEXT(2) 
PARAMETRIC_REPRESENTATION_CONTEXT() REPRESENTATION_CONTEXT('2D SPACE',''
  ) );
#6064 = ORIENTED_EDGE('',*,*,#6065,.T.);
#6065 = EDGE_CURVE('',#6042,#4937,#6066,.T.);
#6066 = SURFACE_CURVE('',#6067,(#6071,#6078),.PCURVE_S1.);
#6067 = LINE('',#6068,#6069);
#6068 = CARTESIAN_POINT('',(0.468178543914,-3.857142857143E-02,
    -0.355125000056));
#6069 = VECTOR('',#6070,1.);
#6070 = DIRECTION('',(6.982962677686E-15,0.,1.));
#6071 = PCURVE('',#4986,#6072);
#6072 = DEFINITIONAL_REPRESENTATION('',(#6073),#6077);
#6073 = LINE('',#6074,#6075);
#6074 = CARTESIAN_POINT('',(2.111895852752,-5.551115123126E-17));
#6075 = VECTOR('',#6076,1.);
#6076 = DIRECTION('',(0.,1.));
#6077 = ( GEOMETRIC_REPRESENTATION_CONTEXT(2) 
PARAMETRIC_REPRESENTATION_CONTEXT() REPRESENTATION_CONTEXT('2D SPACE',''
  ) );
#6078 = PCURVE('',#4957,#6079);
#6079 = DEFINITIONAL_REPRESENTATION('',(#6080),#6084);
#6080 = LINE('',#6081,#6082);
#6081 = CARTESIAN_POINT('',(5.253488506342,1.665334536938E-16));
#6082 = VECTOR('',#6083,1.);
#6083 = DIRECTION('',(0.,1.));
#6084 = ( GEOMETRIC_REPRESENTATION_CONTEXT(2) 
PARAMETRIC_REPRESENTATION_CONTEXT() REPRESENTATION_CONTEXT('2D SPACE',''
  ) );
#6085 = ORIENTED_EDGE('',*,*,#4969,.T.);
#6086 = ADVANCED_FACE('',(#6087),#4957,.T.);
#6087 = FACE_BOUND('',#6088,.T.);
#6088 = EDGE_LOOP('',(#6089,#6090,#6113,#6139));
#6089 = ORIENTED_EDGE('',*,*,#4936,.F.);
#6090 = ORIENTED_EDGE('',*,*,#6091,.F.);
#6091 = EDGE_CURVE('',#6092,#4908,#6094,.T.);
#6092 = VERTEX_POINT('',#6093);
#6093 = CARTESIAN_POINT('',(0.468178543914,3.857142857143E-02,
    -0.355125000056));
#6094 = SURFACE_CURVE('',#6095,(#6099,#6106),.PCURVE_S1.);
#6095 = LINE('',#6096,#6097);
#6096 = CARTESIAN_POINT('',(0.468178543914,3.857142857143E-02,
    -0.355125000056));
#6097 = VECTOR('',#6098,1.);
#6098 = DIRECTION('',(6.982962677686E-15,0.,1.));
#6099 = PCURVE('',#4957,#6100);
#6100 = DEFINITIONAL_REPRESENTATION('',(#6101),#6105);
#6101 = LINE('',#6102,#6103);
#6102 = CARTESIAN_POINT('',(1.029696800838,1.665334536938E-16));
#6103 = VECTOR('',#6104,1.);
#6104 = DIRECTION('',(0.,1.));
#6105 = ( GEOMETRIC_REPRESENTATION_CONTEXT(2) 
PARAMETRIC_REPRESENTATION_CONTEXT() REPRESENTATION_CONTEXT('2D SPACE',''
  ) );
#6106 = PCURVE('',#4924,#6107);
#6107 = DEFINITIONAL_REPRESENTATION('',(#6108),#6112);
#6108 = LINE('',#6109,#6110);
#6109 = CARTESIAN_POINT('',(4.171289454428,-5.551115123126E-17));
#6110 = VECTOR('',#6111,1.);
#6111 = DIRECTION('',(0.,1.));
#6112 = ( GEOMETRIC_REPRESENTATION_CONTEXT(2) 
PARAMETRIC_REPRESENTATION_CONTEXT() REPRESENTATION_CONTEXT('2D SPACE',''
  ) );
#6113 = ORIENTED_EDGE('',*,*,#6114,.T.);
#6114 = EDGE_CURVE('',#6092,#6042,#6115,.T.);
#6115 = SURFACE_CURVE('',#6116,(#6121,#6128),.PCURVE_S1.);
#6116 = CIRCLE('',#6117,4.5E-02);
#6117 = AXIS2_PLACEMENT_3D('',#6118,#6119,#6120);
#6118 = CARTESIAN_POINT('',(0.445,1.084202172486E-16,-0.355125000056));
#6119 = DIRECTION('',(7.228014483237E-15,0.,1.));
#6120 = DIRECTION('',(-1.,0.,7.228014483237E-15));
#6121 = PCURVE('',#4957,#6122);
#6122 = DEFINITIONAL_REPRESENTATION('',(#6123),#6127);
#6123 = LINE('',#6124,#6125);
#6124 = CARTESIAN_POINT('',(-3.14159265359,0.));
#6125 = VECTOR('',#6126,1.);
#6126 = DIRECTION('',(1.,0.));
#6127 = ( GEOMETRIC_REPRESENTATION_CONTEXT(2) 
PARAMETRIC_REPRESENTATION_CONTEXT() REPRESENTATION_CONTEXT('2D SPACE',''
  ) );
#6128 = PCURVE('',#2965,#6129);
#6129 = DEFINITIONAL_REPRESENTATION('',(#6130),#6138);
#6130 = ( BOUNDED_CURVE() B_SPLINE_CURVE(2,(#6131,#6132,#6133,#6134,
#6135,#6136,#6137),.UNSPECIFIED.,.T.,.F.) B_SPLINE_CURVE_WITH_KNOTS((1,2
    ,2,2,2,1),(-2.094395102393,0.,2.094395102393,4.188790204786,
6.28318530718,8.377580409573),.UNSPECIFIED.) CURVE() 
GEOMETRIC_REPRESENTATION_ITEM() RATIONAL_B_SPLINE_CURVE((1.,0.5,1.,0.5,
1.,0.5,1.)) REPRESENTATION_ITEM('') );
#6131 = CARTESIAN_POINT('',(-0.4,1.084202172486E-16));
#6132 = CARTESIAN_POINT('',(-0.4,-7.79422863406E-02));
#6133 = CARTESIAN_POINT('',(-0.4675,-3.89711431703E-02));
#6134 = CARTESIAN_POINT('',(-0.535,9.739839605622E-17));
#6135 = CARTESIAN_POINT('',(-0.4675,3.89711431703E-02));
#6136 = CARTESIAN_POINT('',(-0.4,7.79422863406E-02));
#6137 = CARTESIAN_POINT('',(-0.4,1.084202172486E-16));
#6138 = ( GEOMETRIC_REPRESENTATION_CONTEXT(2) 
PARAMETRIC_REPRESENTATION_CONTEXT() REPRESENTATION_CONTEXT('2D SPACE',''
  ) );
#6139 = ORIENTED_EDGE('',*,*,#6065,.T.);
#6140 = ADVANCED_FACE('',(#6141),#4924,.F.);
#6141 = FACE_BOUND('',#6142,.F.);
#6142 = EDGE_LOOP('',(#6143,#6144,#6168,#6189));
#6143 = ORIENTED_EDGE('',*,*,#6091,.F.);
#6144 = ORIENTED_EDGE('',*,*,#6145,.F.);
#6145 = EDGE_CURVE('',#6146,#6092,#6148,.T.);
#6146 = VERTEX_POINT('',#6147);
#6147 = CARTESIAN_POINT('',(0.481055512755,3.5E-02,-0.355125000056));
#6148 = SURFACE_CURVE('',#6149,(#6154,#6161),.PCURVE_S1.);
#6149 = CIRCLE('',#6150,2.5E-02);
#6150 = AXIS2_PLACEMENT_3D('',#6151,#6152,#6153);
#6151 = CARTESIAN_POINT('',(0.481055512755,6.E-02,-0.355125000056));
#6152 = DIRECTION('',(-6.505213034913E-15,0.,-1.));
#6153 = DIRECTION('',(1.,0.,-6.505213034913E-15));
#6154 = PCURVE('',#4924,#6155);
#6155 = DEFINITIONAL_REPRESENTATION('',(#6156),#6160);
#6156 = LINE('',#6157,#6158);
#6157 = CARTESIAN_POINT('',(6.28318530718,-1.611472719293E-16));
#6158 = VECTOR('',#6159,1.);
#6159 = DIRECTION('',(-1.,1.025895395733E-16));
#6160 = ( GEOMETRIC_REPRESENTATION_CONTEXT(2) 
PARAMETRIC_REPRESENTATION_CONTEXT() REPRESENTATION_CONTEXT('2D SPACE',''
  ) );
#6161 = PCURVE('',#2965,#6162);
#6162 = DEFINITIONAL_REPRESENTATION('',(#6163),#6167);
#6163 = CIRCLE('',#6164,2.5E-02);
#6164 = AXIS2_PLACEMENT_2D('',#6165,#6166);
#6165 = CARTESIAN_POINT('',(-0.481055512755,6.E-02));
#6166 = DIRECTION('',(-1.,0.));
#6167 = ( GEOMETRIC_REPRESENTATION_CONTEXT(2) 
PARAMETRIC_REPRESENTATION_CONTEXT() REPRESENTATION_CONTEXT('2D SPACE',''
  ) );
#6168 = ORIENTED_EDGE('',*,*,#6169,.T.);
#6169 = EDGE_CURVE('',#6146,#4880,#6170,.T.);
#6170 = SURFACE_CURVE('',#6171,(#6175,#6182),.PCURVE_S1.);
#6171 = LINE('',#6172,#6173);
#6172 = CARTESIAN_POINT('',(0.481055512755,3.5E-02,-0.355125000056));
#6173 = VECTOR('',#6174,1.);
#6174 = DIRECTION('',(6.982962677686E-15,0.,1.));
#6175 = PCURVE('',#4924,#6176);
#6176 = DEFINITIONAL_REPRESENTATION('',(#6177),#6181);
#6177 = LINE('',#6178,#6179);
#6178 = CARTESIAN_POINT('',(4.712388980385,0.));
#6179 = VECTOR('',#6180,1.);
#6180 = DIRECTION('',(0.,1.));
#6181 = ( GEOMETRIC_REPRESENTATION_CONTEXT(2) 
PARAMETRIC_REPRESENTATION_CONTEXT() REPRESENTATION_CONTEXT('2D SPACE',''
  ) );
#6182 = PCURVE('',#4895,#6183);
#6183 = DEFINITIONAL_REPRESENTATION('',(#6184),#6188);
#6184 = LINE('',#6185,#6186);
#6185 = CARTESIAN_POINT('',(0.,0.));
#6186 = VECTOR('',#6187,1.);
#6187 = DIRECTION('',(6.982962677686E-15,-1.));
#6188 = ( GEOMETRIC_REPRESENTATION_CONTEXT(2) 
PARAMETRIC_REPRESENTATION_CONTEXT() REPRESENTATION_CONTEXT('2D SPACE',''
  ) );
#6189 = ORIENTED_EDGE('',*,*,#4907,.T.);
#6190 = ADVANCED_FACE('',(#6191),#4895,.T.);
#6191 = FACE_BOUND('',#6192,.T.);
#6192 = EDGE_LOOP('',(#6193,#6194,#6217,#6238));
#6193 = ORIENTED_EDGE('',*,*,#4879,.F.);
#6194 = ORIENTED_EDGE('',*,*,#6195,.F.);
#6195 = EDGE_CURVE('',#6196,#4851,#6198,.T.);
#6196 = VERTEX_POINT('',#6197);
#6197 = CARTESIAN_POINT('',(0.635,3.5E-02,-0.355125000056));
#6198 = SURFACE_CURVE('',#6199,(#6203,#6210),.PCURVE_S1.);
#6199 = LINE('',#6200,#6201);
#6200 = CARTESIAN_POINT('',(0.635,3.5E-02,-0.355125000056));
#6201 = VECTOR('',#6202,1.);
#6202 = DIRECTION('',(6.982962677686E-15,0.,1.));
#6203 = PCURVE('',#4895,#6204);
#6204 = DEFINITIONAL_REPRESENTATION('',(#6205),#6209);
#6205 = LINE('',#6206,#6207);
#6206 = CARTESIAN_POINT('',(0.153944487245,9.992007221626E-16));
#6207 = VECTOR('',#6208,1.);
#6208 = DIRECTION('',(6.982962677686E-15,-1.));
#6209 = ( GEOMETRIC_REPRESENTATION_CONTEXT(2) 
PARAMETRIC_REPRESENTATION_CONTEXT() REPRESENTATION_CONTEXT('2D SPACE',''
  ) );
#6210 = PCURVE('',#4867,#6211);
#6211 = DEFINITIONAL_REPRESENTATION('',(#6212),#6216);
#6212 = LINE('',#6213,#6214);
#6213 = CARTESIAN_POINT('',(4.712388980385,0.));
#6214 = VECTOR('',#6215,1.);
#6215 = DIRECTION('',(0.,1.));
#6216 = ( GEOMETRIC_REPRESENTATION_CONTEXT(2) 
PARAMETRIC_REPRESENTATION_CONTEXT() REPRESENTATION_CONTEXT('2D SPACE',''
  ) );
#6217 = ORIENTED_EDGE('',*,*,#6218,.T.);
#6218 = EDGE_CURVE('',#6196,#6146,#6219,.T.);
#6219 = SURFACE_CURVE('',#6220,(#6224,#6231),.PCURVE_S1.);
#6220 = LINE('',#6221,#6222);
#6221 = CARTESIAN_POINT('',(0.481055512755,3.5E-02,-0.355125000056));
#6222 = VECTOR('',#6223,1.);
#6223 = DIRECTION('',(-1.,-4.401757866934E-17,6.982962677686E-15));
#6224 = PCURVE('',#4895,#6225);
#6225 = DEFINITIONAL_REPRESENTATION('',(#6226),#6230);
#6226 = LINE('',#6227,#6228);
#6227 = CARTESIAN_POINT('',(0.,0.));
#6228 = VECTOR('',#6229,1.);
#6229 = DIRECTION('',(-1.,-6.982962677686E-15));
#6230 = ( GEOMETRIC_REPRESENTATION_CONTEXT(2) 
PARAMETRIC_REPRESENTATION_CONTEXT() REPRESENTATION_CONTEXT('2D SPACE',''
  ) );
#6231 = PCURVE('',#2965,#6232);
#6232 = DEFINITIONAL_REPRESENTATION('',(#6233),#6237);
#6233 = LINE('',#6234,#6235);
#6234 = CARTESIAN_POINT('',(-0.481055512755,3.5E-02));
#6235 = VECTOR('',#6236,1.);
#6236 = DIRECTION('',(1.,-4.401757866934E-17));
#6237 = ( GEOMETRIC_REPRESENTATION_CONTEXT(2) 
PARAMETRIC_REPRESENTATION_CONTEXT() REPRESENTATION_CONTEXT('2D SPACE',''
  ) );
#6238 = ORIENTED_EDGE('',*,*,#6169,.T.);
#6239 = ADVANCED_FACE('',(#6240),#4867,.F.);
#6240 = FACE_BOUND('',#6241,.F.);
#6241 = EDGE_LOOP('',(#6242,#6243,#6267,#6288));
#6242 = ORIENTED_EDGE('',*,*,#6195,.F.);
#6243 = ORIENTED_EDGE('',*,*,#6244,.F.);
#6244 = EDGE_CURVE('',#6245,#6196,#6247,.T.);
#6245 = VERTEX_POINT('',#6246);
#6246 = CARTESIAN_POINT('',(0.66,6.E-02,-0.355125000056));
#6247 = SURFACE_CURVE('',#6248,(#6253,#6260),.PCURVE_S1.);
#6248 = CIRCLE('',#6249,2.5E-02);
#6249 = AXIS2_PLACEMENT_3D('',#6250,#6251,#6252);
#6250 = CARTESIAN_POINT('',(0.635,6.E-02,-0.355125000056));
#6251 = DIRECTION('',(-6.505213034913E-15,0.,-1.));
#6252 = DIRECTION('',(1.,0.,-6.505213034913E-15));
#6253 = PCURVE('',#4867,#6254);
#6254 = DEFINITIONAL_REPRESENTATION('',(#6255),#6259);
#6255 = LINE('',#6256,#6257);
#6256 = CARTESIAN_POINT('',(6.28318530718,0.));
#6257 = VECTOR('',#6258,1.);
#6258 = DIRECTION('',(-1.,0.));
#6259 = ( GEOMETRIC_REPRESENTATION_CONTEXT(2) 
PARAMETRIC_REPRESENTATION_CONTEXT() REPRESENTATION_CONTEXT('2D SPACE',''
  ) );
#6260 = PCURVE('',#2965,#6261);
#6261 = DEFINITIONAL_REPRESENTATION('',(#6262),#6266);
#6262 = CIRCLE('',#6263,2.5E-02);
#6263 = AXIS2_PLACEMENT_2D('',#6264,#6265);
#6264 = CARTESIAN_POINT('',(-0.635,6.E-02));
#6265 = DIRECTION('',(-1.,0.));
#6266 = ( GEOMETRIC_REPRESENTATION_CONTEXT(2) 
PARAMETRIC_REPRESENTATION_CONTEXT() REPRESENTATION_CONTEXT('2D SPACE',''
  ) );
#6267 = ORIENTED_EDGE('',*,*,#6268,.T.);
#6268 = EDGE_CURVE('',#6245,#4823,#6269,.T.);
#6269 = SURFACE_CURVE('',#6270,(#6274,#6281),.PCURVE_S1.);
#6270 = LINE('',#6271,#6272);
#6271 = CARTESIAN_POINT('',(0.66,6.E-02,-0.355125000056));
#6272 = VECTOR('',#6273,1.);
#6273 = DIRECTION('',(6.982962677686E-15,0.,1.));
#6274 = PCURVE('',#4867,#6275);
#6275 = DEFINITIONAL_REPRESENTATION('',(#6276),#6280);
#6276 = LINE('',#6277,#6278);
#6277 = CARTESIAN_POINT('',(6.28318530718,-3.330669073875E-16));
#6278 = VECTOR('',#6279,1.);
#6279 = DIRECTION('',(0.,1.));
#6280 = ( GEOMETRIC_REPRESENTATION_CONTEXT(2) 
PARAMETRIC_REPRESENTATION_CONTEXT() REPRESENTATION_CONTEXT('2D SPACE',''
  ) );
#6281 = PCURVE('',#4838,#6282);
#6282 = DEFINITIONAL_REPRESENTATION('',(#6283),#6287);
#6283 = LINE('',#6284,#6285);
#6284 = CARTESIAN_POINT('',(-0.165,-0.));
#6285 = VECTOR('',#6286,1.);
#6286 = DIRECTION('',(0.,-1.));
#6287 = ( GEOMETRIC_REPRESENTATION_CONTEXT(2) 
PARAMETRIC_REPRESENTATION_CONTEXT() REPRESENTATION_CONTEXT('2D SPACE',''
  ) );
#6288 = ORIENTED_EDGE('',*,*,#4850,.T.);
#6289 = ADVANCED_FACE('',(#6290),#4838,.T.);
#6290 = FACE_BOUND('',#6291,.T.);
#6291 = EDGE_LOOP('',(#6292,#6293,#6316,#6337));
#6292 = ORIENTED_EDGE('',*,*,#4822,.F.);
#6293 = ORIENTED_EDGE('',*,*,#6294,.F.);
#6294 = EDGE_CURVE('',#6295,#4794,#6297,.T.);
#6295 = VERTEX_POINT('',#6296);
#6296 = CARTESIAN_POINT('',(0.66,0.225,-0.355125000056));
#6297 = SURFACE_CURVE('',#6298,(#6302,#6309),.PCURVE_S1.);
#6298 = LINE('',#6299,#6300);
#6299 = CARTESIAN_POINT('',(0.66,0.225,-0.355125000056));
#6300 = VECTOR('',#6301,1.);
#6301 = DIRECTION('',(6.982962677686E-15,0.,1.));
#6302 = PCURVE('',#4838,#6303);
#6303 = DEFINITIONAL_REPRESENTATION('',(#6304),#6308);
#6304 = LINE('',#6305,#6306);
#6305 = CARTESIAN_POINT('',(0.,0.));
#6306 = VECTOR('',#6307,1.);
#6307 = DIRECTION('',(0.,-1.));
#6308 = ( GEOMETRIC_REPRESENTATION_CONTEXT(2) 
PARAMETRIC_REPRESENTATION_CONTEXT() REPRESENTATION_CONTEXT('2D SPACE',''
  ) );
#6309 = PCURVE('',#4810,#6310);
#6310 = DEFINITIONAL_REPRESENTATION('',(#6311),#6315);
#6311 = LINE('',#6312,#6313);
#6312 = CARTESIAN_POINT('',(0.,-3.330669073875E-16));
#6313 = VECTOR('',#6314,1.);
#6314 = DIRECTION('',(0.,1.));
#6315 = ( GEOMETRIC_REPRESENTATION_CONTEXT(2) 
PARAMETRIC_REPRESENTATION_CONTEXT() REPRESENTATION_CONTEXT('2D SPACE',''
  ) );
#6316 = ORIENTED_EDGE('',*,*,#6317,.T.);
#6317 = EDGE_CURVE('',#6295,#6245,#6318,.T.);
#6318 = SURFACE_CURVE('',#6319,(#6323,#6330),.PCURVE_S1.);
#6319 = LINE('',#6320,#6321);
#6320 = CARTESIAN_POINT('',(0.66,0.225,-0.355125000056));
#6321 = VECTOR('',#6322,1.);
#6322 = DIRECTION('',(0.,-1.,0.));
#6323 = PCURVE('',#4838,#6324);
#6324 = DEFINITIONAL_REPRESENTATION('',(#6325),#6329);
#6325 = LINE('',#6326,#6327);
#6326 = CARTESIAN_POINT('',(0.,0.));
#6327 = VECTOR('',#6328,1.);
#6328 = DIRECTION('',(-1.,-0.));
#6329 = ( GEOMETRIC_REPRESENTATION_CONTEXT(2) 
PARAMETRIC_REPRESENTATION_CONTEXT() REPRESENTATION_CONTEXT('2D SPACE',''
  ) );
#6330 = PCURVE('',#2965,#6331);
#6331 = DEFINITIONAL_REPRESENTATION('',(#6332),#6336);
#6332 = LINE('',#6333,#6334);
#6333 = CARTESIAN_POINT('',(-0.66,0.225));
#6334 = VECTOR('',#6335,1.);
#6335 = DIRECTION('',(0.,-1.));
#6336 = ( GEOMETRIC_REPRESENTATION_CONTEXT(2) 
PARAMETRIC_REPRESENTATION_CONTEXT() REPRESENTATION_CONTEXT('2D SPACE',''
  ) );
#6337 = ORIENTED_EDGE('',*,*,#6268,.T.);
#6338 = ADVANCED_FACE('',(#6339),#4810,.F.);
#6339 = FACE_BOUND('',#6340,.F.);
#6340 = EDGE_LOOP('',(#6341,#6342,#6366,#6387));
#6341 = ORIENTED_EDGE('',*,*,#6294,.F.);
#6342 = ORIENTED_EDGE('',*,*,#6343,.F.);
#6343 = EDGE_CURVE('',#6344,#6295,#6346,.T.);
#6344 = VERTEX_POINT('',#6345);
#6345 = CARTESIAN_POINT('',(0.635,0.25,-0.355125000056));
#6346 = SURFACE_CURVE('',#6347,(#6352,#6359),.PCURVE_S1.);
#6347 = CIRCLE('',#6348,2.5E-02);
#6348 = AXIS2_PLACEMENT_3D('',#6349,#6350,#6351);
#6349 = CARTESIAN_POINT('',(0.635,0.225,-0.355125000056));
#6350 = DIRECTION('',(-6.505213034913E-15,0.,-1.));
#6351 = DIRECTION('',(-1.,0.,6.505213034913E-15));
#6352 = PCURVE('',#4810,#6353);
#6353 = DEFINITIONAL_REPRESENTATION('',(#6354),#6358);
#6354 = LINE('',#6355,#6356);
#6355 = CARTESIAN_POINT('',(3.14159265359,0.));
#6356 = VECTOR('',#6357,1.);
#6357 = DIRECTION('',(-1.,0.));
#6358 = ( GEOMETRIC_REPRESENTATION_CONTEXT(2) 
PARAMETRIC_REPRESENTATION_CONTEXT() REPRESENTATION_CONTEXT('2D SPACE',''
  ) );
#6359 = PCURVE('',#2965,#6360);
#6360 = DEFINITIONAL_REPRESENTATION('',(#6361),#6365);
#6361 = CIRCLE('',#6362,2.5E-02);
#6362 = AXIS2_PLACEMENT_2D('',#6363,#6364);
#6363 = CARTESIAN_POINT('',(-0.635,0.225));
#6364 = DIRECTION('',(1.,0.));
#6365 = ( GEOMETRIC_REPRESENTATION_CONTEXT(2) 
PARAMETRIC_REPRESENTATION_CONTEXT() REPRESENTATION_CONTEXT('2D SPACE',''
  ) );
#6366 = ORIENTED_EDGE('',*,*,#6367,.T.);
#6367 = EDGE_CURVE('',#6344,#4766,#6368,.T.);
#6368 = SURFACE_CURVE('',#6369,(#6373,#6380),.PCURVE_S1.);
#6369 = LINE('',#6370,#6371);
#6370 = CARTESIAN_POINT('',(0.635,0.25,-0.355125000056));
#6371 = VECTOR('',#6372,1.);
#6372 = DIRECTION('',(6.982962677686E-15,0.,1.));
#6373 = PCURVE('',#4810,#6374);
#6374 = DEFINITIONAL_REPRESENTATION('',(#6375),#6379);
#6375 = LINE('',#6376,#6377);
#6376 = CARTESIAN_POINT('',(1.570796326795,0.));
#6377 = VECTOR('',#6378,1.);
#6378 = DIRECTION('',(0.,1.));
#6379 = ( GEOMETRIC_REPRESENTATION_CONTEXT(2) 
PARAMETRIC_REPRESENTATION_CONTEXT() REPRESENTATION_CONTEXT('2D SPACE',''
  ) );
#6380 = PCURVE('',#4781,#6381);
#6381 = DEFINITIONAL_REPRESENTATION('',(#6382),#6386);
#6382 = LINE('',#6383,#6384);
#6383 = CARTESIAN_POINT('',(0.,5.394448724536E-02));
#6384 = VECTOR('',#6385,1.);
#6385 = DIRECTION('',(-1.,6.982962677686E-15));
#6386 = ( GEOMETRIC_REPRESENTATION_CONTEXT(2) 
PARAMETRIC_REPRESENTATION_CONTEXT() REPRESENTATION_CONTEXT('2D SPACE',''
  ) );
#6387 = ORIENTED_EDGE('',*,*,#4793,.T.);
#6388 = ADVANCED_FACE('',(#6389),#4781,.T.);
#6389 = FACE_BOUND('',#6390,.T.);
#6390 = EDGE_LOOP('',(#6391,#6392,#6415,#6436));
#6391 = ORIENTED_EDGE('',*,*,#4765,.F.);
#6392 = ORIENTED_EDGE('',*,*,#6393,.F.);
#6393 = EDGE_CURVE('',#6394,#4737,#6396,.T.);
#6394 = VERTEX_POINT('',#6395);
#6395 = CARTESIAN_POINT('',(0.581055512755,0.25,-0.355125000056));
#6396 = SURFACE_CURVE('',#6397,(#6401,#6408),.PCURVE_S1.);
#6397 = LINE('',#6398,#6399);
#6398 = CARTESIAN_POINT('',(0.581055512755,0.25,-0.355125000056));
#6399 = VECTOR('',#6400,1.);
#6400 = DIRECTION('',(6.982962677686E-15,0.,1.));
#6401 = PCURVE('',#4781,#6402);
#6402 = DEFINITIONAL_REPRESENTATION('',(#6403),#6407);
#6403 = LINE('',#6404,#6405);
#6404 = CARTESIAN_POINT('',(0.,0.));
#6405 = VECTOR('',#6406,1.);
#6406 = DIRECTION('',(-1.,6.982962677686E-15));
#6407 = ( GEOMETRIC_REPRESENTATION_CONTEXT(2) 
PARAMETRIC_REPRESENTATION_CONTEXT() REPRESENTATION_CONTEXT('2D SPACE',''
  ) );
#6408 = PCURVE('',#4753,#6409);
#6409 = DEFINITIONAL_REPRESENTATION('',(#6410),#6414);
#6410 = LINE('',#6411,#6412);
#6411 = CARTESIAN_POINT('',(1.570796326795,0.));
#6412 = VECTOR('',#6413,1.);
#6413 = DIRECTION('',(0.,1.));
#6414 = ( GEOMETRIC_REPRESENTATION_CONTEXT(2) 
PARAMETRIC_REPRESENTATION_CONTEXT() REPRESENTATION_CONTEXT('2D SPACE',''
  ) );
#6415 = ORIENTED_EDGE('',*,*,#6416,.T.);
#6416 = EDGE_CURVE('',#6394,#6344,#6417,.T.);
#6417 = SURFACE_CURVE('',#6418,(#6422,#6429),.PCURVE_S1.);
#6418 = LINE('',#6419,#6420);
#6419 = CARTESIAN_POINT('',(0.581055512755,0.25,-0.355125000056));
#6420 = VECTOR('',#6421,1.);
#6421 = DIRECTION('',(1.,0.,-6.982962677686E-15));
#6422 = PCURVE('',#4781,#6423);
#6423 = DEFINITIONAL_REPRESENTATION('',(#6424),#6428);
#6424 = LINE('',#6425,#6426);
#6425 = CARTESIAN_POINT('',(0.,0.));
#6426 = VECTOR('',#6427,1.);
#6427 = DIRECTION('',(6.982962677686E-15,1.));
#6428 = ( GEOMETRIC_REPRESENTATION_CONTEXT(2) 
PARAMETRIC_REPRESENTATION_CONTEXT() REPRESENTATION_CONTEXT('2D SPACE',''
  ) );
#6429 = PCURVE('',#2965,#6430);
#6430 = DEFINITIONAL_REPRESENTATION('',(#6431),#6435);
#6431 = LINE('',#6432,#6433);
#6432 = CARTESIAN_POINT('',(-0.581055512755,0.25));
#6433 = VECTOR('',#6434,1.);
#6434 = DIRECTION('',(-1.,0.));
#6435 = ( GEOMETRIC_REPRESENTATION_CONTEXT(2) 
PARAMETRIC_REPRESENTATION_CONTEXT() REPRESENTATION_CONTEXT('2D SPACE',''
  ) );
#6436 = ORIENTED_EDGE('',*,*,#6367,.T.);
#6437 = ADVANCED_FACE('',(#6438),#4753,.F.);
#6438 = FACE_BOUND('',#6439,.F.);
#6439 = EDGE_LOOP('',(#6440,#6441,#6465,#6486));
#6440 = ORIENTED_EDGE('',*,*,#6393,.F.);
#6441 = ORIENTED_EDGE('',*,*,#6442,.F.);
#6442 = EDGE_CURVE('',#6443,#6394,#6445,.T.);
#6443 = VERTEX_POINT('',#6444);
#6444 = CARTESIAN_POINT('',(0.568178543914,0.246428571429,
    -0.355125000056));
#6445 = SURFACE_CURVE('',#6446,(#6451,#6458),.PCURVE_S1.);
#6446 = CIRCLE('',#6447,2.5E-02);
#6447 = AXIS2_PLACEMENT_3D('',#6448,#6449,#6450);
#6448 = CARTESIAN_POINT('',(0.581055512755,0.225,-0.355125000056));
#6449 = DIRECTION('',(-6.505213034913E-15,0.,-1.));
#6450 = DIRECTION('',(-1.,0.,6.505213034913E-15));
#6451 = PCURVE('',#4753,#6452);
#6452 = DEFINITIONAL_REPRESENTATION('',(#6453),#6457);
#6453 = LINE('',#6454,#6455);
#6454 = CARTESIAN_POINT('',(3.14159265359,1.611472719293E-16));
#6455 = VECTOR('',#6456,1.);
#6456 = DIRECTION('',(-1.,-1.025895395733E-16));
#6457 = ( GEOMETRIC_REPRESENTATION_CONTEXT(2) 
PARAMETRIC_REPRESENTATION_CONTEXT() REPRESENTATION_CONTEXT('2D SPACE',''
  ) );
#6458 = PCURVE('',#2965,#6459);
#6459 = DEFINITIONAL_REPRESENTATION('',(#6460),#6464);
#6460 = CIRCLE('',#6461,2.5E-02);
#6461 = AXIS2_PLACEMENT_2D('',#6462,#6463);
#6462 = CARTESIAN_POINT('',(-0.581055512755,0.225));
#6463 = DIRECTION('',(1.,0.));
#6464 = ( GEOMETRIC_REPRESENTATION_CONTEXT(2) 
PARAMETRIC_REPRESENTATION_CONTEXT() REPRESENTATION_CONTEXT('2D SPACE',''
  ) );
#6465 = ORIENTED_EDGE('',*,*,#6466,.T.);
#6466 = EDGE_CURVE('',#6443,#4704,#6467,.T.);
#6467 = SURFACE_CURVE('',#6468,(#6472,#6479),.PCURVE_S1.);
#6468 = LINE('',#6469,#6470);
#6469 = CARTESIAN_POINT('',(0.568178543914,0.246428571429,
    -0.355125000056));
#6470 = VECTOR('',#6471,1.);
#6471 = DIRECTION('',(6.982962677686E-15,0.,1.));
#6472 = PCURVE('',#4753,#6473);
#6473 = DEFINITIONAL_REPRESENTATION('',(#6474),#6478);
#6474 = LINE('',#6475,#6476);
#6475 = CARTESIAN_POINT('',(2.111895852752,3.885780586188E-16));
#6476 = VECTOR('',#6477,1.);
#6477 = DIRECTION('',(0.,1.));
#6478 = ( GEOMETRIC_REPRESENTATION_CONTEXT(2) 
PARAMETRIC_REPRESENTATION_CONTEXT() REPRESENTATION_CONTEXT('2D SPACE',''
  ) );
#6479 = PCURVE('',#4724,#6480);
#6480 = DEFINITIONAL_REPRESENTATION('',(#6481),#6485);
#6481 = LINE('',#6482,#6483);
#6482 = CARTESIAN_POINT('',(5.253488506342,1.665334536938E-16));
#6483 = VECTOR('',#6484,1.);
#6484 = DIRECTION('',(0.,1.));
#6485 = ( GEOMETRIC_REPRESENTATION_CONTEXT(2) 
PARAMETRIC_REPRESENTATION_CONTEXT() REPRESENTATION_CONTEXT('2D SPACE',''
  ) );
#6486 = ORIENTED_EDGE('',*,*,#4736,.T.);
#6487 = ADVANCED_FACE('',(#6488),#4724,.T.);
#6488 = FACE_BOUND('',#6489,.T.);
#6489 = EDGE_LOOP('',(#6490,#6491,#6514,#6540));
#6490 = ORIENTED_EDGE('',*,*,#4703,.F.);
#6491 = ORIENTED_EDGE('',*,*,#6492,.F.);
#6492 = EDGE_CURVE('',#6493,#4675,#6495,.T.);
#6493 = VERTEX_POINT('',#6494);
#6494 = CARTESIAN_POINT('',(0.568178543914,0.323571428571,
    -0.355125000056));
#6495 = SURFACE_CURVE('',#6496,(#6500,#6507),.PCURVE_S1.);
#6496 = LINE('',#6497,#6498);
#6497 = CARTESIAN_POINT('',(0.568178543914,0.323571428571,
    -0.355125000056));
#6498 = VECTOR('',#6499,1.);
#6499 = DIRECTION('',(6.982962677686E-15,0.,1.));
#6500 = PCURVE('',#4724,#6501);
#6501 = DEFINITIONAL_REPRESENTATION('',(#6502),#6506);
#6502 = LINE('',#6503,#6504);
#6503 = CARTESIAN_POINT('',(1.029696800838,1.665334536938E-16));
#6504 = VECTOR('',#6505,1.);
#6505 = DIRECTION('',(0.,1.));
#6506 = ( GEOMETRIC_REPRESENTATION_CONTEXT(2) 
PARAMETRIC_REPRESENTATION_CONTEXT() REPRESENTATION_CONTEXT('2D SPACE',''
  ) );
#6507 = PCURVE('',#4691,#6508);
#6508 = DEFINITIONAL_REPRESENTATION('',(#6509),#6513);
#6509 = LINE('',#6510,#6511);
#6510 = CARTESIAN_POINT('',(4.171289454428,3.885780586188E-16));
#6511 = VECTOR('',#6512,1.);
#6512 = DIRECTION('',(0.,1.));
#6513 = ( GEOMETRIC_REPRESENTATION_CONTEXT(2) 
PARAMETRIC_REPRESENTATION_CONTEXT() REPRESENTATION_CONTEXT('2D SPACE',''
  ) );
#6514 = ORIENTED_EDGE('',*,*,#6515,.T.);
#6515 = EDGE_CURVE('',#6493,#6443,#6516,.T.);
#6516 = SURFACE_CURVE('',#6517,(#6522,#6529),.PCURVE_S1.);
#6517 = CIRCLE('',#6518,4.5E-02);
#6518 = AXIS2_PLACEMENT_3D('',#6519,#6520,#6521);
#6519 = CARTESIAN_POINT('',(0.545,0.285,-0.355125000056));
#6520 = DIRECTION('',(7.228014483237E-15,0.,1.));
#6521 = DIRECTION('',(-1.,0.,7.228014483237E-15));
#6522 = PCURVE('',#4724,#6523);
#6523 = DEFINITIONAL_REPRESENTATION('',(#6524),#6528);
#6524 = LINE('',#6525,#6526);
#6525 = CARTESIAN_POINT('',(-3.14159265359,0.));
#6526 = VECTOR('',#6527,1.);
#6527 = DIRECTION('',(1.,0.));
#6528 = ( GEOMETRIC_REPRESENTATION_CONTEXT(2) 
PARAMETRIC_REPRESENTATION_CONTEXT() REPRESENTATION_CONTEXT('2D SPACE',''
  ) );
#6529 = PCURVE('',#2965,#6530);
#6530 = DEFINITIONAL_REPRESENTATION('',(#6531),#6539);
#6531 = ( BOUNDED_CURVE() B_SPLINE_CURVE(2,(#6532,#6533,#6534,#6535,
#6536,#6537,#6538),.UNSPECIFIED.,.T.,.F.) B_SPLINE_CURVE_WITH_KNOTS((1,2
    ,2,2,2,1),(-2.094395102393,0.,2.094395102393,4.188790204786,
6.28318530718,8.377580409573),.UNSPECIFIED.) CURVE() 
GEOMETRIC_REPRESENTATION_ITEM() RATIONAL_B_SPLINE_CURVE((1.,0.5,1.,0.5,
1.,0.5,1.)) REPRESENTATION_ITEM('') );
#6532 = CARTESIAN_POINT('',(-0.5,0.285));
#6533 = CARTESIAN_POINT('',(-0.5,0.207057713659));
#6534 = CARTESIAN_POINT('',(-0.5675,0.24602885683));
#6535 = CARTESIAN_POINT('',(-0.635,0.285));
#6536 = CARTESIAN_POINT('',(-0.5675,0.32397114317));
#6537 = CARTESIAN_POINT('',(-0.5,0.362942286341));
#6538 = CARTESIAN_POINT('',(-0.5,0.285));
#6539 = ( GEOMETRIC_REPRESENTATION_CONTEXT(2) 
PARAMETRIC_REPRESENTATION_CONTEXT() REPRESENTATION_CONTEXT('2D SPACE',''
  ) );
#6540 = ORIENTED_EDGE('',*,*,#6466,.T.);
#6541 = ADVANCED_FACE('',(#6542),#4691,.F.);
#6542 = FACE_BOUND('',#6543,.F.);
#6543 = EDGE_LOOP('',(#6544,#6545,#6569,#6590));
#6544 = ORIENTED_EDGE('',*,*,#6492,.F.);
#6545 = ORIENTED_EDGE('',*,*,#6546,.F.);
#6546 = EDGE_CURVE('',#6547,#6493,#6549,.T.);
#6547 = VERTEX_POINT('',#6548);
#6548 = CARTESIAN_POINT('',(0.581055512755,0.32,-0.355125000056));
#6549 = SURFACE_CURVE('',#6550,(#6555,#6562),.PCURVE_S1.);
#6550 = CIRCLE('',#6551,2.5E-02);
#6551 = AXIS2_PLACEMENT_3D('',#6552,#6553,#6554);
#6552 = CARTESIAN_POINT('',(0.581055512755,0.345,-0.355125000056));
#6553 = DIRECTION('',(-6.505213034913E-15,0.,-1.));
#6554 = DIRECTION('',(1.,0.,-6.505213034913E-15));
#6555 = PCURVE('',#4691,#6556);
#6556 = DEFINITIONAL_REPRESENTATION('',(#6557),#6561);
#6557 = LINE('',#6558,#6559);
#6558 = CARTESIAN_POINT('',(6.28318530718,-1.611472719293E-16));
#6559 = VECTOR('',#6560,1.);
#6560 = DIRECTION('',(-1.,1.025895395733E-16));
#6561 = ( GEOMETRIC_REPRESENTATION_CONTEXT(2) 
PARAMETRIC_REPRESENTATION_CONTEXT() REPRESENTATION_CONTEXT('2D SPACE',''
  ) );
#6562 = PCURVE('',#2965,#6563);
#6563 = DEFINITIONAL_REPRESENTATION('',(#6564),#6568);
#6564 = CIRCLE('',#6565,2.5E-02);
#6565 = AXIS2_PLACEMENT_2D('',#6566,#6567);
#6566 = CARTESIAN_POINT('',(-0.581055512755,0.345));
#6567 = DIRECTION('',(-1.,0.));
#6568 = ( GEOMETRIC_REPRESENTATION_CONTEXT(2) 
PARAMETRIC_REPRESENTATION_CONTEXT() REPRESENTATION_CONTEXT('2D SPACE',''
  ) );
#6569 = ORIENTED_EDGE('',*,*,#6570,.T.);
#6570 = EDGE_CURVE('',#6547,#4647,#6571,.T.);
#6571 = SURFACE_CURVE('',#6572,(#6576,#6583),.PCURVE_S1.);
#6572 = LINE('',#6573,#6574);
#6573 = CARTESIAN_POINT('',(0.581055512755,0.32,-0.355125000056));
#6574 = VECTOR('',#6575,1.);
#6575 = DIRECTION('',(6.982962677686E-15,0.,1.));
#6576 = PCURVE('',#4691,#6577);
#6577 = DEFINITIONAL_REPRESENTATION('',(#6578),#6582);
#6578 = LINE('',#6579,#6580);
#6579 = CARTESIAN_POINT('',(4.712388980385,0.));
#6580 = VECTOR('',#6581,1.);
#6581 = DIRECTION('',(0.,1.));
#6582 = ( GEOMETRIC_REPRESENTATION_CONTEXT(2) 
PARAMETRIC_REPRESENTATION_CONTEXT() REPRESENTATION_CONTEXT('2D SPACE',''
  ) );
#6583 = PCURVE('',#4662,#6584);
#6584 = DEFINITIONAL_REPRESENTATION('',(#6585),#6589);
#6585 = LINE('',#6586,#6587);
#6586 = CARTESIAN_POINT('',(0.,0.));
#6587 = VECTOR('',#6588,1.);
#6588 = DIRECTION('',(6.982962677686E-15,-1.));
#6589 = ( GEOMETRIC_REPRESENTATION_CONTEXT(2) 
PARAMETRIC_REPRESENTATION_CONTEXT() REPRESENTATION_CONTEXT('2D SPACE',''
  ) );
#6590 = ORIENTED_EDGE('',*,*,#4674,.T.);
#6591 = ADVANCED_FACE('',(#6592),#4662,.T.);
#6592 = FACE_BOUND('',#6593,.T.);
#6593 = EDGE_LOOP('',(#6594,#6595,#6618,#6639));
#6594 = ORIENTED_EDGE('',*,*,#4646,.F.);
#6595 = ORIENTED_EDGE('',*,*,#6596,.F.);
#6596 = EDGE_CURVE('',#6597,#4618,#6599,.T.);
#6597 = VERTEX_POINT('',#6598);
#6598 = CARTESIAN_POINT('',(0.635,0.32,-0.355125000056));
#6599 = SURFACE_CURVE('',#6600,(#6604,#6611),.PCURVE_S1.);
#6600 = LINE('',#6601,#6602);
#6601 = CARTESIAN_POINT('',(0.635,0.32,-0.355125000056));
#6602 = VECTOR('',#6603,1.);
#6603 = DIRECTION('',(6.982962677686E-15,0.,1.));
#6604 = PCURVE('',#4662,#6605);
#6605 = DEFINITIONAL_REPRESENTATION('',(#6606),#6610);
#6606 = LINE('',#6607,#6608);
#6607 = CARTESIAN_POINT('',(5.394448724536E-02,0.));
#6608 = VECTOR('',#6609,1.);
#6609 = DIRECTION('',(6.982962677686E-15,-1.));
#6610 = ( GEOMETRIC_REPRESENTATION_CONTEXT(2) 
PARAMETRIC_REPRESENTATION_CONTEXT() REPRESENTATION_CONTEXT('2D SPACE',''
  ) );
#6611 = PCURVE('',#4634,#6612);
#6612 = DEFINITIONAL_REPRESENTATION('',(#6613),#6617);
#6613 = LINE('',#6614,#6615);
#6614 = CARTESIAN_POINT('',(4.712388980385,0.));
#6615 = VECTOR('',#6616,1.);
#6616 = DIRECTION('',(0.,1.));
#6617 = ( GEOMETRIC_REPRESENTATION_CONTEXT(2) 
PARAMETRIC_REPRESENTATION_CONTEXT() REPRESENTATION_CONTEXT('2D SPACE',''
  ) );
#6618 = ORIENTED_EDGE('',*,*,#6619,.T.);
#6619 = EDGE_CURVE('',#6597,#6547,#6620,.T.);
#6620 = SURFACE_CURVE('',#6621,(#6625,#6632),.PCURVE_S1.);
#6621 = LINE('',#6622,#6623);
#6622 = CARTESIAN_POINT('',(0.581055512755,0.32,-0.355125000056));
#6623 = VECTOR('',#6624,1.);
#6624 = DIRECTION('',(-1.,0.,6.982962677686E-15));
#6625 = PCURVE('',#4662,#6626);
#6626 = DEFINITIONAL_REPRESENTATION('',(#6627),#6631);
#6627 = LINE('',#6628,#6629);
#6628 = CARTESIAN_POINT('',(0.,0.));
#6629 = VECTOR('',#6630,1.);
#6630 = DIRECTION('',(-1.,-6.982962677686E-15));
#6631 = ( GEOMETRIC_REPRESENTATION_CONTEXT(2) 
PARAMETRIC_REPRESENTATION_CONTEXT() REPRESENTATION_CONTEXT('2D SPACE',''
  ) );
#6632 = PCURVE('',#2965,#6633);
#6633 = DEFINITIONAL_REPRESENTATION('',(#6634),#6638);
#6634 = LINE('',#6635,#6636);
#6635 = CARTESIAN_POINT('',(-0.581055512755,0.32));
#6636 = VECTOR('',#6637,1.);
#6637 = DIRECTION('',(1.,0.));
#6638 = ( GEOMETRIC_REPRESENTATION_CONTEXT(2) 
PARAMETRIC_REPRESENTATION_CONTEXT() REPRESENTATION_CONTEXT('2D SPACE',''
  ) );
#6639 = ORIENTED_EDGE('',*,*,#6570,.T.);
#6640 = ADVANCED_FACE('',(#6641),#4634,.F.);
#6641 = FACE_BOUND('',#6642,.F.);
#6642 = EDGE_LOOP('',(#6643,#6644,#6668,#6689));
#6643 = ORIENTED_EDGE('',*,*,#6596,.F.);
#6644 = ORIENTED_EDGE('',*,*,#6645,.F.);
#6645 = EDGE_CURVE('',#6646,#6597,#6648,.T.);
#6646 = VERTEX_POINT('',#6647);
#6647 = CARTESIAN_POINT('',(0.66,0.345,-0.355125000056));
#6648 = SURFACE_CURVE('',#6649,(#6654,#6661),.PCURVE_S1.);
#6649 = CIRCLE('',#6650,2.5E-02);
#6650 = AXIS2_PLACEMENT_3D('',#6651,#6652,#6653);
#6651 = CARTESIAN_POINT('',(0.635,0.345,-0.355125000056));
#6652 = DIRECTION('',(-6.505213034913E-15,0.,-1.));
#6653 = DIRECTION('',(1.,0.,-6.505213034913E-15));
#6654 = PCURVE('',#4634,#6655);
#6655 = DEFINITIONAL_REPRESENTATION('',(#6656),#6660);
#6656 = LINE('',#6657,#6658);
#6657 = CARTESIAN_POINT('',(6.28318530718,0.));
#6658 = VECTOR('',#6659,1.);
#6659 = DIRECTION('',(-1.,0.));
#6660 = ( GEOMETRIC_REPRESENTATION_CONTEXT(2) 
PARAMETRIC_REPRESENTATION_CONTEXT() REPRESENTATION_CONTEXT('2D SPACE',''
  ) );
#6661 = PCURVE('',#2965,#6662);
#6662 = DEFINITIONAL_REPRESENTATION('',(#6663),#6667);
#6663 = CIRCLE('',#6664,2.5E-02);
#6664 = AXIS2_PLACEMENT_2D('',#6665,#6666);
#6665 = CARTESIAN_POINT('',(-0.635,0.345));
#6666 = DIRECTION('',(-1.,0.));
#6667 = ( GEOMETRIC_REPRESENTATION_CONTEXT(2) 
PARAMETRIC_REPRESENTATION_CONTEXT() REPRESENTATION_CONTEXT('2D SPACE',''
  ) );
#6668 = ORIENTED_EDGE('',*,*,#6669,.T.);
#6669 = EDGE_CURVE('',#6646,#4590,#6670,.T.);
#6670 = SURFACE_CURVE('',#6671,(#6675,#6682),.PCURVE_S1.);
#6671 = LINE('',#6672,#6673);
#6672 = CARTESIAN_POINT('',(0.66,0.345,-0.355125000056));
#6673 = VECTOR('',#6674,1.);
#6674 = DIRECTION('',(6.982962677686E-15,0.,1.));
#6675 = PCURVE('',#4634,#6676);
#6676 = DEFINITIONAL_REPRESENTATION('',(#6677),#6681);
#6677 = LINE('',#6678,#6679);
#6678 = CARTESIAN_POINT('',(6.28318530718,-3.330669073875E-16));
#6679 = VECTOR('',#6680,1.);
#6680 = DIRECTION('',(0.,1.));
#6681 = ( GEOMETRIC_REPRESENTATION_CONTEXT(2) 
PARAMETRIC_REPRESENTATION_CONTEXT() REPRESENTATION_CONTEXT('2D SPACE',''
  ) );
#6682 = PCURVE('',#4605,#6683);
#6683 = DEFINITIONAL_REPRESENTATION('',(#6684),#6688);
#6684 = LINE('',#6685,#6686);
#6685 = CARTESIAN_POINT('',(-0.15,-0.));
#6686 = VECTOR('',#6687,1.);
#6687 = DIRECTION('',(0.,-1.));
#6688 = ( GEOMETRIC_REPRESENTATION_CONTEXT(2) 
PARAMETRIC_REPRESENTATION_CONTEXT() REPRESENTATION_CONTEXT('2D SPACE',''
  ) );
#6689 = ORIENTED_EDGE('',*,*,#4617,.T.);
#6690 = ADVANCED_FACE('',(#6691),#4605,.T.);
#6691 = FACE_BOUND('',#6692,.T.);
#6692 = EDGE_LOOP('',(#6693,#6694,#6717,#6738));
#6693 = ORIENTED_EDGE('',*,*,#4589,.F.);
#6694 = ORIENTED_EDGE('',*,*,#6695,.F.);
#6695 = EDGE_CURVE('',#6696,#4561,#6698,.T.);
#6696 = VERTEX_POINT('',#6697);
#6697 = CARTESIAN_POINT('',(0.66,0.495,-0.355125000056));
#6698 = SURFACE_CURVE('',#6699,(#6703,#6710),.PCURVE_S1.);
#6699 = LINE('',#6700,#6701);
#6700 = CARTESIAN_POINT('',(0.66,0.495,-0.355125000056));
#6701 = VECTOR('',#6702,1.);
#6702 = DIRECTION('',(6.982962677686E-15,0.,1.));
#6703 = PCURVE('',#4605,#6704);
#6704 = DEFINITIONAL_REPRESENTATION('',(#6705),#6709);
#6705 = LINE('',#6706,#6707);
#6706 = CARTESIAN_POINT('',(0.,0.));
#6707 = VECTOR('',#6708,1.);
#6708 = DIRECTION('',(0.,-1.));
#6709 = ( GEOMETRIC_REPRESENTATION_CONTEXT(2) 
PARAMETRIC_REPRESENTATION_CONTEXT() REPRESENTATION_CONTEXT('2D SPACE',''
  ) );
#6710 = PCURVE('',#4577,#6711);
#6711 = DEFINITIONAL_REPRESENTATION('',(#6712),#6716);
#6712 = LINE('',#6713,#6714);
#6713 = CARTESIAN_POINT('',(0.,-3.330669073875E-16));
#6714 = VECTOR('',#6715,1.);
#6715 = DIRECTION('',(0.,1.));
#6716 = ( GEOMETRIC_REPRESENTATION_CONTEXT(2) 
PARAMETRIC_REPRESENTATION_CONTEXT() REPRESENTATION_CONTEXT('2D SPACE',''
  ) );
#6717 = ORIENTED_EDGE('',*,*,#6718,.T.);
#6718 = EDGE_CURVE('',#6696,#6646,#6719,.T.);
#6719 = SURFACE_CURVE('',#6720,(#6724,#6731),.PCURVE_S1.);
#6720 = LINE('',#6721,#6722);
#6721 = CARTESIAN_POINT('',(0.66,0.495,-0.355125000056));
#6722 = VECTOR('',#6723,1.);
#6723 = DIRECTION('',(0.,-1.,0.));
#6724 = PCURVE('',#4605,#6725);
#6725 = DEFINITIONAL_REPRESENTATION('',(#6726),#6730);
#6726 = LINE('',#6727,#6728);
#6727 = CARTESIAN_POINT('',(0.,0.));
#6728 = VECTOR('',#6729,1.);
#6729 = DIRECTION('',(-1.,-0.));
#6730 = ( GEOMETRIC_REPRESENTATION_CONTEXT(2) 
PARAMETRIC_REPRESENTATION_CONTEXT() REPRESENTATION_CONTEXT('2D SPACE',''
  ) );
#6731 = PCURVE('',#2965,#6732);
#6732 = DEFINITIONAL_REPRESENTATION('',(#6733),#6737);
#6733 = LINE('',#6734,#6735);
#6734 = CARTESIAN_POINT('',(-0.66,0.495));
#6735 = VECTOR('',#6736,1.);
#6736 = DIRECTION('',(0.,-1.));
#6737 = ( GEOMETRIC_REPRESENTATION_CONTEXT(2) 
PARAMETRIC_REPRESENTATION_CONTEXT() REPRESENTATION_CONTEXT('2D SPACE',''
  ) );
#6738 = ORIENTED_EDGE('',*,*,#6669,.T.);
#6739 = ADVANCED_FACE('',(#6740),#4577,.F.);
#6740 = FACE_BOUND('',#6741,.F.);
#6741 = EDGE_LOOP('',(#6742,#6743,#6767,#6788));
#6742 = ORIENTED_EDGE('',*,*,#6695,.F.);
#6743 = ORIENTED_EDGE('',*,*,#6744,.F.);
#6744 = EDGE_CURVE('',#6745,#6696,#6747,.T.);
#6745 = VERTEX_POINT('',#6746);
#6746 = CARTESIAN_POINT('',(0.635,0.52,-0.355125000056));
#6747 = SURFACE_CURVE('',#6748,(#6753,#6760),.PCURVE_S1.);
#6748 = CIRCLE('',#6749,2.5E-02);
#6749 = AXIS2_PLACEMENT_3D('',#6750,#6751,#6752);
#6750 = CARTESIAN_POINT('',(0.635,0.495,-0.355125000056));
#6751 = DIRECTION('',(-6.505213034913E-15,0.,-1.));
#6752 = DIRECTION('',(-1.,0.,6.505213034913E-15));
#6753 = PCURVE('',#4577,#6754);
#6754 = DEFINITIONAL_REPRESENTATION('',(#6755),#6759);
#6755 = LINE('',#6756,#6757);
#6756 = CARTESIAN_POINT('',(3.14159265359,0.));
#6757 = VECTOR('',#6758,1.);
#6758 = DIRECTION('',(-1.,0.));
#6759 = ( GEOMETRIC_REPRESENTATION_CONTEXT(2) 
PARAMETRIC_REPRESENTATION_CONTEXT() REPRESENTATION_CONTEXT('2D SPACE',''
  ) );
#6760 = PCURVE('',#2965,#6761);
#6761 = DEFINITIONAL_REPRESENTATION('',(#6762),#6766);
#6762 = CIRCLE('',#6763,2.5E-02);
#6763 = AXIS2_PLACEMENT_2D('',#6764,#6765);
#6764 = CARTESIAN_POINT('',(-0.635,0.495));
#6765 = DIRECTION('',(1.,0.));
#6766 = ( GEOMETRIC_REPRESENTATION_CONTEXT(2) 
PARAMETRIC_REPRESENTATION_CONTEXT() REPRESENTATION_CONTEXT('2D SPACE',''
  ) );
#6767 = ORIENTED_EDGE('',*,*,#6768,.T.);
#6768 = EDGE_CURVE('',#6745,#4533,#6769,.T.);
#6769 = SURFACE_CURVE('',#6770,(#6774,#6781),.PCURVE_S1.);
#6770 = LINE('',#6771,#6772);
#6771 = CARTESIAN_POINT('',(0.635,0.52,-0.355125000056));
#6772 = VECTOR('',#6773,1.);
#6773 = DIRECTION('',(6.982962677686E-15,0.,1.));
#6774 = PCURVE('',#4577,#6775);
#6775 = DEFINITIONAL_REPRESENTATION('',(#6776),#6780);
#6776 = LINE('',#6777,#6778);
#6777 = CARTESIAN_POINT('',(1.570796326795,0.));
#6778 = VECTOR('',#6779,1.);
#6779 = DIRECTION('',(0.,1.));
#6780 = ( GEOMETRIC_REPRESENTATION_CONTEXT(2) 
PARAMETRIC_REPRESENTATION_CONTEXT() REPRESENTATION_CONTEXT('2D SPACE',''
  ) );
#6781 = PCURVE('',#4548,#6782);
#6782 = DEFINITIONAL_REPRESENTATION('',(#6783),#6787);
#6783 = LINE('',#6784,#6785);
#6784 = CARTESIAN_POINT('',(4.440892098501E-16,7.5E-02));
#6785 = VECTOR('',#6786,1.);
#6786 = DIRECTION('',(-1.,6.982962677686E-15));
#6787 = ( GEOMETRIC_REPRESENTATION_CONTEXT(2) 
PARAMETRIC_REPRESENTATION_CONTEXT() REPRESENTATION_CONTEXT('2D SPACE',''
  ) );
#6788 = ORIENTED_EDGE('',*,*,#4560,.T.);
#6789 = ADVANCED_FACE('',(#6790),#4548,.T.);
#6790 = FACE_BOUND('',#6791,.T.);
#6791 = EDGE_LOOP('',(#6792,#6793,#6816,#6837));
#6792 = ORIENTED_EDGE('',*,*,#4532,.F.);
#6793 = ORIENTED_EDGE('',*,*,#6794,.F.);
#6794 = EDGE_CURVE('',#6795,#4500,#6797,.T.);
#6795 = VERTEX_POINT('',#6796);
#6796 = CARTESIAN_POINT('',(0.56,0.52,-0.355125000056));
#6797 = SURFACE_CURVE('',#6798,(#6802,#6809),.PCURVE_S1.);
#6798 = LINE('',#6799,#6800);
#6799 = CARTESIAN_POINT('',(0.56,0.52,-0.355125000056));
#6800 = VECTOR('',#6801,1.);
#6801 = DIRECTION('',(6.982962677686E-15,0.,1.));
#6802 = PCURVE('',#4548,#6803);
#6803 = DEFINITIONAL_REPRESENTATION('',(#6804),#6808);
#6804 = LINE('',#6805,#6806);
#6805 = CARTESIAN_POINT('',(0.,0.));
#6806 = VECTOR('',#6807,1.);
#6807 = DIRECTION('',(-1.,6.982962677686E-15));
#6808 = ( GEOMETRIC_REPRESENTATION_CONTEXT(2) 
PARAMETRIC_REPRESENTATION_CONTEXT() REPRESENTATION_CONTEXT('2D SPACE',''
  ) );
#6809 = PCURVE('',#4520,#6810);
#6810 = DEFINITIONAL_REPRESENTATION('',(#6811),#6815);
#6811 = LINE('',#6812,#6813);
#6812 = CARTESIAN_POINT('',(4.712388980385,0.));
#6813 = VECTOR('',#6814,1.);
#6814 = DIRECTION('',(0.,1.));
#6815 = ( GEOMETRIC_REPRESENTATION_CONTEXT(2) 
PARAMETRIC_REPRESENTATION_CONTEXT() REPRESENTATION_CONTEXT('2D SPACE',''
  ) );
#6816 = ORIENTED_EDGE('',*,*,#6817,.T.);
#6817 = EDGE_CURVE('',#6795,#6745,#6818,.T.);
#6818 = SURFACE_CURVE('',#6819,(#6823,#6830),.PCURVE_S1.);
#6819 = LINE('',#6820,#6821);
#6820 = CARTESIAN_POINT('',(0.56,0.52,-0.355125000056));
#6821 = VECTOR('',#6822,1.);
#6822 = DIRECTION('',(1.,0.,-6.982962677686E-15));
#6823 = PCURVE('',#4548,#6824);
#6824 = DEFINITIONAL_REPRESENTATION('',(#6825),#6829);
#6825 = LINE('',#6826,#6827);
#6826 = CARTESIAN_POINT('',(0.,0.));
#6827 = VECTOR('',#6828,1.);
#6828 = DIRECTION('',(6.982962677686E-15,1.));
#6829 = ( GEOMETRIC_REPRESENTATION_CONTEXT(2) 
PARAMETRIC_REPRESENTATION_CONTEXT() REPRESENTATION_CONTEXT('2D SPACE',''
  ) );
#6830 = PCURVE('',#2965,#6831);
#6831 = DEFINITIONAL_REPRESENTATION('',(#6832),#6836);
#6832 = LINE('',#6833,#6834);
#6833 = CARTESIAN_POINT('',(-0.56,0.52));
#6834 = VECTOR('',#6835,1.);
#6835 = DIRECTION('',(-1.,0.));
#6836 = ( GEOMETRIC_REPRESENTATION_CONTEXT(2) 
PARAMETRIC_REPRESENTATION_CONTEXT() REPRESENTATION_CONTEXT('2D SPACE',''
  ) );
#6837 = ORIENTED_EDGE('',*,*,#6768,.T.);
#6838 = ADVANCED_FACE('',(#6839),#4520,.T.);
#6839 = FACE_BOUND('',#6840,.T.);
#6840 = EDGE_LOOP('',(#6841,#6842,#6865,#6891));
#6841 = ORIENTED_EDGE('',*,*,#4499,.F.);
#6842 = ORIENTED_EDGE('',*,*,#6843,.F.);
#6843 = EDGE_CURVE('',#6844,#4472,#6846,.T.);
#6844 = VERTEX_POINT('',#6845);
#6845 = CARTESIAN_POINT('',(0.51,0.57,-0.355125000056));
#6846 = SURFACE_CURVE('',#6847,(#6851,#6858),.PCURVE_S1.);
#6847 = LINE('',#6848,#6849);
#6848 = CARTESIAN_POINT('',(0.51,0.57,-0.355125000056));
#6849 = VECTOR('',#6850,1.);
#6850 = DIRECTION('',(6.982962677686E-15,0.,1.));
#6851 = PCURVE('',#4520,#6852);
#6852 = DEFINITIONAL_REPRESENTATION('',(#6853),#6857);
#6853 = LINE('',#6854,#6855);
#6854 = CARTESIAN_POINT('',(3.14159265359,-3.330669073875E-16));
#6855 = VECTOR('',#6856,1.);
#6856 = DIRECTION('',(0.,1.));
#6857 = ( GEOMETRIC_REPRESENTATION_CONTEXT(2) 
PARAMETRIC_REPRESENTATION_CONTEXT() REPRESENTATION_CONTEXT('2D SPACE',''
  ) );
#6858 = PCURVE('',#4487,#6859);
#6859 = DEFINITIONAL_REPRESENTATION('',(#6860),#6864);
#6860 = LINE('',#6861,#6862);
#6861 = CARTESIAN_POINT('',(-2.5E-02,-0.));
#6862 = VECTOR('',#6863,1.);
#6863 = DIRECTION('',(0.,-1.));
#6864 = ( GEOMETRIC_REPRESENTATION_CONTEXT(2) 
PARAMETRIC_REPRESENTATION_CONTEXT() REPRESENTATION_CONTEXT('2D SPACE',''
  ) );
#6865 = ORIENTED_EDGE('',*,*,#6866,.T.);
#6866 = EDGE_CURVE('',#6844,#6795,#6867,.T.);
#6867 = SURFACE_CURVE('',#6868,(#6873,#6880),.PCURVE_S1.);
#6868 = CIRCLE('',#6869,5.E-02);
#6869 = AXIS2_PLACEMENT_3D('',#6870,#6871,#6872);
#6870 = CARTESIAN_POINT('',(0.56,0.57,-0.355125000056));
#6871 = DIRECTION('',(6.505213034913E-15,0.,1.));
#6872 = DIRECTION('',(1.,0.,-6.505213034913E-15));
#6873 = PCURVE('',#4520,#6874);
#6874 = DEFINITIONAL_REPRESENTATION('',(#6875),#6879);
#6875 = LINE('',#6876,#6877);
#6876 = CARTESIAN_POINT('',(0.,0.));
#6877 = VECTOR('',#6878,1.);
#6878 = DIRECTION('',(1.,0.));
#6879 = ( GEOMETRIC_REPRESENTATION_CONTEXT(2) 
PARAMETRIC_REPRESENTATION_CONTEXT() REPRESENTATION_CONTEXT('2D SPACE',''
  ) );
#6880 = PCURVE('',#2965,#6881);
#6881 = DEFINITIONAL_REPRESENTATION('',(#6882),#6890);
#6882 = ( BOUNDED_CURVE() B_SPLINE_CURVE(2,(#6883,#6884,#6885,#6886,
#6887,#6888,#6889),.UNSPECIFIED.,.T.,.F.) B_SPLINE_CURVE_WITH_KNOTS((1,2
    ,2,2,2,1),(-2.094395102393,0.,2.094395102393,4.188790204786,
6.28318530718,8.377580409573),.UNSPECIFIED.) CURVE() 
GEOMETRIC_REPRESENTATION_ITEM() RATIONAL_B_SPLINE_CURVE((1.,0.5,1.,0.5,
1.,0.5,1.)) REPRESENTATION_ITEM('') );
#6883 = CARTESIAN_POINT('',(-0.61,0.57));
#6884 = CARTESIAN_POINT('',(-0.61,0.656602540378));
#6885 = CARTESIAN_POINT('',(-0.535,0.613301270189));
#6886 = CARTESIAN_POINT('',(-0.46,0.57));
#6887 = CARTESIAN_POINT('',(-0.535,0.526698729811));
#6888 = CARTESIAN_POINT('',(-0.61,0.483397459622));
#6889 = CARTESIAN_POINT('',(-0.61,0.57));
#6890 = ( GEOMETRIC_REPRESENTATION_CONTEXT(2) 
PARAMETRIC_REPRESENTATION_CONTEXT() REPRESENTATION_CONTEXT('2D SPACE',''
  ) );
#6891 = ORIENTED_EDGE('',*,*,#6794,.T.);
#6892 = ADVANCED_FACE('',(#6893),#4487,.T.);
#6893 = FACE_BOUND('',#6894,.T.);
#6894 = EDGE_LOOP('',(#6895,#6896,#6919,#6940));
#6895 = ORIENTED_EDGE('',*,*,#4471,.F.);
#6896 = ORIENTED_EDGE('',*,*,#6897,.F.);
#6897 = EDGE_CURVE('',#6898,#4443,#6900,.T.);
#6898 = VERTEX_POINT('',#6899);
#6899 = CARTESIAN_POINT('',(0.51,0.595,-0.355125000056));
#6900 = SURFACE_CURVE('',#6901,(#6905,#6912),.PCURVE_S1.);
#6901 = LINE('',#6902,#6903);
#6902 = CARTESIAN_POINT('',(0.51,0.595,-0.355125000056));
#6903 = VECTOR('',#6904,1.);
#6904 = DIRECTION('',(6.982962677686E-15,0.,1.));
#6905 = PCURVE('',#4487,#6906);
#6906 = DEFINITIONAL_REPRESENTATION('',(#6907),#6911);
#6907 = LINE('',#6908,#6909);
#6908 = CARTESIAN_POINT('',(0.,0.));
#6909 = VECTOR('',#6910,1.);
#6910 = DIRECTION('',(0.,-1.));
#6911 = ( GEOMETRIC_REPRESENTATION_CONTEXT(2) 
PARAMETRIC_REPRESENTATION_CONTEXT() REPRESENTATION_CONTEXT('2D SPACE',''
  ) );
#6912 = PCURVE('',#4459,#6913);
#6913 = DEFINITIONAL_REPRESENTATION('',(#6914),#6918);
#6914 = LINE('',#6915,#6916);
#6915 = CARTESIAN_POINT('',(0.,-3.885780586188E-16));
#6916 = VECTOR('',#6917,1.);
#6917 = DIRECTION('',(0.,1.));
#6918 = ( GEOMETRIC_REPRESENTATION_CONTEXT(2) 
PARAMETRIC_REPRESENTATION_CONTEXT() REPRESENTATION_CONTEXT('2D SPACE',''
  ) );
#6919 = ORIENTED_EDGE('',*,*,#6920,.T.);
#6920 = EDGE_CURVE('',#6898,#6844,#6921,.T.);
#6921 = SURFACE_CURVE('',#6922,(#6926,#6933),.PCURVE_S1.);
#6922 = LINE('',#6923,#6924);
#6923 = CARTESIAN_POINT('',(0.51,0.595,-0.355125000056));
#6924 = VECTOR('',#6925,1.);
#6925 = DIRECTION('',(0.,-1.,0.));
#6926 = PCURVE('',#4487,#6927);
#6927 = DEFINITIONAL_REPRESENTATION('',(#6928),#6932);
#6928 = LINE('',#6929,#6930);
#6929 = CARTESIAN_POINT('',(0.,0.));
#6930 = VECTOR('',#6931,1.);
#6931 = DIRECTION('',(-1.,-0.));
#6932 = ( GEOMETRIC_REPRESENTATION_CONTEXT(2) 
PARAMETRIC_REPRESENTATION_CONTEXT() REPRESENTATION_CONTEXT('2D SPACE',''
  ) );
#6933 = PCURVE('',#2965,#6934);
#6934 = DEFINITIONAL_REPRESENTATION('',(#6935),#6939);
#6935 = LINE('',#6936,#6937);
#6936 = CARTESIAN_POINT('',(-0.51,0.595));
#6937 = VECTOR('',#6938,1.);
#6938 = DIRECTION('',(0.,-1.));
#6939 = ( GEOMETRIC_REPRESENTATION_CONTEXT(2) 
PARAMETRIC_REPRESENTATION_CONTEXT() REPRESENTATION_CONTEXT('2D SPACE',''
  ) );
#6940 = ORIENTED_EDGE('',*,*,#6843,.T.);
#6941 = ADVANCED_FACE('',(#6942),#4459,.F.);
#6942 = FACE_BOUND('',#6943,.F.);
#6943 = EDGE_LOOP('',(#6944,#6945,#6969,#6990));
#6944 = ORIENTED_EDGE('',*,*,#6897,.F.);
#6945 = ORIENTED_EDGE('',*,*,#6946,.F.);
#6946 = EDGE_CURVE('',#6947,#6898,#6949,.T.);
#6947 = VERTEX_POINT('',#6948);
#6948 = CARTESIAN_POINT('',(0.485,0.62,-0.355125000056));
#6949 = SURFACE_CURVE('',#6950,(#6955,#6962),.PCURVE_S1.);
#6950 = CIRCLE('',#6951,2.5E-02);
#6951 = AXIS2_PLACEMENT_3D('',#6952,#6953,#6954);
#6952 = CARTESIAN_POINT('',(0.485,0.595,-0.355125000056));
#6953 = DIRECTION('',(-6.505213034913E-15,0.,-1.));
#6954 = DIRECTION('',(1.,0.,-6.505213034913E-15));
#6955 = PCURVE('',#4459,#6956);
#6956 = DEFINITIONAL_REPRESENTATION('',(#6957),#6961);
#6957 = LINE('',#6958,#6959);
#6958 = CARTESIAN_POINT('',(6.28318530718,0.));
#6959 = VECTOR('',#6960,1.);
#6960 = DIRECTION('',(-1.,0.));
#6961 = ( GEOMETRIC_REPRESENTATION_CONTEXT(2) 
PARAMETRIC_REPRESENTATION_CONTEXT() REPRESENTATION_CONTEXT('2D SPACE',''
  ) );
#6962 = PCURVE('',#2965,#6963);
#6963 = DEFINITIONAL_REPRESENTATION('',(#6964),#6968);
#6964 = CIRCLE('',#6965,2.5E-02);
#6965 = AXIS2_PLACEMENT_2D('',#6966,#6967);
#6966 = CARTESIAN_POINT('',(-0.485,0.595));
#6967 = DIRECTION('',(-1.,0.));
#6968 = ( GEOMETRIC_REPRESENTATION_CONTEXT(2) 
PARAMETRIC_REPRESENTATION_CONTEXT() REPRESENTATION_CONTEXT('2D SPACE',''
  ) );
#6969 = ORIENTED_EDGE('',*,*,#6970,.T.);
#6970 = EDGE_CURVE('',#6947,#4415,#6971,.T.);
#6971 = SURFACE_CURVE('',#6972,(#6976,#6983),.PCURVE_S1.);
#6972 = LINE('',#6973,#6974);
#6973 = CARTESIAN_POINT('',(0.485,0.62,-0.355125000056));
#6974 = VECTOR('',#6975,1.);
#6975 = DIRECTION('',(6.982962677686E-15,0.,1.));
#6976 = PCURVE('',#4459,#6977);
#6977 = DEFINITIONAL_REPRESENTATION('',(#6978),#6982);
#6978 = LINE('',#6979,#6980);
#6979 = CARTESIAN_POINT('',(1.570796326795,0.));
#6980 = VECTOR('',#6981,1.);
#6981 = DIRECTION('',(0.,1.));
#6982 = ( GEOMETRIC_REPRESENTATION_CONTEXT(2) 
PARAMETRIC_REPRESENTATION_CONTEXT() REPRESENTATION_CONTEXT('2D SPACE',''
  ) );
#6983 = PCURVE('',#4430,#6984);
#6984 = DEFINITIONAL_REPRESENTATION('',(#6985),#6989);
#6985 = LINE('',#6986,#6987);
#6986 = CARTESIAN_POINT('',(9.992007221626E-16,0.15));
#6987 = VECTOR('',#6988,1.);
#6988 = DIRECTION('',(-1.,6.982962677686E-15));
#6989 = ( GEOMETRIC_REPRESENTATION_CONTEXT(2) 
PARAMETRIC_REPRESENTATION_CONTEXT() REPRESENTATION_CONTEXT('2D SPACE',''
  ) );
#6990 = ORIENTED_EDGE('',*,*,#4442,.T.);
#6991 = ADVANCED_FACE('',(#6992),#4430,.T.);
#6992 = FACE_BOUND('',#6993,.T.);
#6993 = EDGE_LOOP('',(#6994,#6995,#7018,#7039));
#6994 = ORIENTED_EDGE('',*,*,#4414,.F.);
#6995 = ORIENTED_EDGE('',*,*,#6996,.F.);
#6996 = EDGE_CURVE('',#6997,#4386,#6999,.T.);
#6997 = VERTEX_POINT('',#6998);
#6998 = CARTESIAN_POINT('',(0.335,0.62,-0.355125000056));
#6999 = SURFACE_CURVE('',#7000,(#7004,#7011),.PCURVE_S1.);
#7000 = LINE('',#7001,#7002);
#7001 = CARTESIAN_POINT('',(0.335,0.62,-0.355125000056));
#7002 = VECTOR('',#7003,1.);
#7003 = DIRECTION('',(6.982962677686E-15,0.,1.));
#7004 = PCURVE('',#4430,#7005);
#7005 = DEFINITIONAL_REPRESENTATION('',(#7006),#7010);
#7006 = LINE('',#7007,#7008);
#7007 = CARTESIAN_POINT('',(0.,0.));
#7008 = VECTOR('',#7009,1.);
#7009 = DIRECTION('',(-1.,6.982962677686E-15));
#7010 = ( GEOMETRIC_REPRESENTATION_CONTEXT(2) 
PARAMETRIC_REPRESENTATION_CONTEXT() REPRESENTATION_CONTEXT('2D SPACE',''
  ) );
#7011 = PCURVE('',#4402,#7012);
#7012 = DEFINITIONAL_REPRESENTATION('',(#7013),#7017);
#7013 = LINE('',#7014,#7015);
#7014 = CARTESIAN_POINT('',(1.570796326795,0.));
#7015 = VECTOR('',#7016,1.);
#7016 = DIRECTION('',(0.,1.));
#7017 = ( GEOMETRIC_REPRESENTATION_CONTEXT(2) 
PARAMETRIC_REPRESENTATION_CONTEXT() REPRESENTATION_CONTEXT('2D SPACE',''
  ) );
#7018 = ORIENTED_EDGE('',*,*,#7019,.T.);
#7019 = EDGE_CURVE('',#6997,#6947,#7020,.T.);
#7020 = SURFACE_CURVE('',#7021,(#7025,#7032),.PCURVE_S1.);
#7021 = LINE('',#7022,#7023);
#7022 = CARTESIAN_POINT('',(0.335,0.62,-0.355125000056));
#7023 = VECTOR('',#7024,1.);
#7024 = DIRECTION('',(1.,0.,-6.982962677686E-15));
#7025 = PCURVE('',#4430,#7026);
#7026 = DEFINITIONAL_REPRESENTATION('',(#7027),#7031);
#7027 = LINE('',#7028,#7029);
#7028 = CARTESIAN_POINT('',(0.,0.));
#7029 = VECTOR('',#7030,1.);
#7030 = DIRECTION('',(6.982962677686E-15,1.));
#7031 = ( GEOMETRIC_REPRESENTATION_CONTEXT(2) 
PARAMETRIC_REPRESENTATION_CONTEXT() REPRESENTATION_CONTEXT('2D SPACE',''
  ) );
#7032 = PCURVE('',#2965,#7033);
#7033 = DEFINITIONAL_REPRESENTATION('',(#7034),#7038);
#7034 = LINE('',#7035,#7036);
#7035 = CARTESIAN_POINT('',(-0.335,0.62));
#7036 = VECTOR('',#7037,1.);
#7037 = DIRECTION('',(-1.,0.));
#7038 = ( GEOMETRIC_REPRESENTATION_CONTEXT(2) 
PARAMETRIC_REPRESENTATION_CONTEXT() REPRESENTATION_CONTEXT('2D SPACE',''
  ) );
#7039 = ORIENTED_EDGE('',*,*,#6970,.T.);
#7040 = ADVANCED_FACE('',(#7041),#4402,.F.);
#7041 = FACE_BOUND('',#7042,.F.);
#7042 = EDGE_LOOP('',(#7043,#7044,#7068,#7089));
#7043 = ORIENTED_EDGE('',*,*,#6996,.F.);
#7044 = ORIENTED_EDGE('',*,*,#7045,.F.);
#7045 = EDGE_CURVE('',#7046,#6997,#7048,.T.);
#7046 = VERTEX_POINT('',#7047);
#7047 = CARTESIAN_POINT('',(0.31,0.595,-0.355125000056));
#7048 = SURFACE_CURVE('',#7049,(#7054,#7061),.PCURVE_S1.);
#7049 = CIRCLE('',#7050,2.5E-02);
#7050 = AXIS2_PLACEMENT_3D('',#7051,#7052,#7053);
#7051 = CARTESIAN_POINT('',(0.335,0.595,-0.355125000056));
#7052 = DIRECTION('',(-6.505213034913E-15,0.,-1.));
#7053 = DIRECTION('',(-1.,0.,6.505213034913E-15));
#7054 = PCURVE('',#4402,#7055);
#7055 = DEFINITIONAL_REPRESENTATION('',(#7056),#7060);
#7056 = LINE('',#7057,#7058);
#7057 = CARTESIAN_POINT('',(3.14159265359,0.));
#7058 = VECTOR('',#7059,1.);
#7059 = DIRECTION('',(-1.,0.));
#7060 = ( GEOMETRIC_REPRESENTATION_CONTEXT(2) 
PARAMETRIC_REPRESENTATION_CONTEXT() REPRESENTATION_CONTEXT('2D SPACE',''
  ) );
#7061 = PCURVE('',#2965,#7062);
#7062 = DEFINITIONAL_REPRESENTATION('',(#7063),#7067);
#7063 = CIRCLE('',#7064,2.5E-02);
#7064 = AXIS2_PLACEMENT_2D('',#7065,#7066);
#7065 = CARTESIAN_POINT('',(-0.335,0.595));
#7066 = DIRECTION('',(1.,0.));
#7067 = ( GEOMETRIC_REPRESENTATION_CONTEXT(2) 
PARAMETRIC_REPRESENTATION_CONTEXT() REPRESENTATION_CONTEXT('2D SPACE',''
  ) );
#7068 = ORIENTED_EDGE('',*,*,#7069,.T.);
#7069 = EDGE_CURVE('',#7046,#4358,#7070,.T.);
#7070 = SURFACE_CURVE('',#7071,(#7075,#7082),.PCURVE_S1.);
#7071 = LINE('',#7072,#7073);
#7072 = CARTESIAN_POINT('',(0.31,0.595,-0.355125000056));
#7073 = VECTOR('',#7074,1.);
#7074 = DIRECTION('',(6.982962677686E-15,0.,1.));
#7075 = PCURVE('',#4402,#7076);
#7076 = DEFINITIONAL_REPRESENTATION('',(#7077),#7081);
#7077 = LINE('',#7078,#7079);
#7078 = CARTESIAN_POINT('',(3.14159265359,-1.665334536938E-16));
#7079 = VECTOR('',#7080,1.);
#7080 = DIRECTION('',(0.,1.));
#7081 = ( GEOMETRIC_REPRESENTATION_CONTEXT(2) 
PARAMETRIC_REPRESENTATION_CONTEXT() REPRESENTATION_CONTEXT('2D SPACE',''
  ) );
#7082 = PCURVE('',#4373,#7083);
#7083 = DEFINITIONAL_REPRESENTATION('',(#7084),#7088);
#7084 = LINE('',#7085,#7086);
#7085 = CARTESIAN_POINT('',(0.,0.));
#7086 = VECTOR('',#7087,1.);
#7087 = DIRECTION('',(-1.,0.));
#7088 = ( GEOMETRIC_REPRESENTATION_CONTEXT(2) 
PARAMETRIC_REPRESENTATION_CONTEXT() REPRESENTATION_CONTEXT('2D SPACE',''
  ) );
#7089 = ORIENTED_EDGE('',*,*,#4385,.T.);
#7090 = ADVANCED_FACE('',(#7091),#4373,.T.);
#7091 = FACE_BOUND('',#7092,.T.);
#7092 = EDGE_LOOP('',(#7093,#7094,#7117,#7138));
#7093 = ORIENTED_EDGE('',*,*,#4357,.F.);
#7094 = ORIENTED_EDGE('',*,*,#7095,.F.);
#7095 = EDGE_CURVE('',#7096,#4325,#7098,.T.);
#7096 = VERTEX_POINT('',#7097);
#7097 = CARTESIAN_POINT('',(0.31,0.57,-0.355125000056));
#7098 = SURFACE_CURVE('',#7099,(#7103,#7110),.PCURVE_S1.);
#7099 = LINE('',#7100,#7101);
#7100 = CARTESIAN_POINT('',(0.31,0.57,-0.355125000056));
#7101 = VECTOR('',#7102,1.);
#7102 = DIRECTION('',(6.982962677686E-15,0.,1.));
#7103 = PCURVE('',#4373,#7104);
#7104 = DEFINITIONAL_REPRESENTATION('',(#7105),#7109);
#7105 = LINE('',#7106,#7107);
#7106 = CARTESIAN_POINT('',(-0.,-2.5E-02));
#7107 = VECTOR('',#7108,1.);
#7108 = DIRECTION('',(-1.,0.));
#7109 = ( GEOMETRIC_REPRESENTATION_CONTEXT(2) 
PARAMETRIC_REPRESENTATION_CONTEXT() REPRESENTATION_CONTEXT('2D SPACE',''
  ) );
#7110 = PCURVE('',#4345,#7111);
#7111 = DEFINITIONAL_REPRESENTATION('',(#7112),#7116);
#7112 = LINE('',#7113,#7114);
#7113 = CARTESIAN_POINT('',(6.28318530718,-1.110223024625E-16));
#7114 = VECTOR('',#7115,1.);
#7115 = DIRECTION('',(0.,1.));
#7116 = ( GEOMETRIC_REPRESENTATION_CONTEXT(2) 
PARAMETRIC_REPRESENTATION_CONTEXT() REPRESENTATION_CONTEXT('2D SPACE',''
  ) );
#7117 = ORIENTED_EDGE('',*,*,#7118,.T.);
#7118 = EDGE_CURVE('',#7096,#7046,#7119,.T.);
#7119 = SURFACE_CURVE('',#7120,(#7124,#7131),.PCURVE_S1.);
#7120 = LINE('',#7121,#7122);
#7121 = CARTESIAN_POINT('',(0.31,0.595,-0.355125000056));
#7122 = VECTOR('',#7123,1.);
#7123 = DIRECTION('',(0.,1.,0.));
#7124 = PCURVE('',#4373,#7125);
#7125 = DEFINITIONAL_REPRESENTATION('',(#7126),#7130);
#7126 = LINE('',#7127,#7128);
#7127 = CARTESIAN_POINT('',(0.,0.));
#7128 = VECTOR('',#7129,1.);
#7129 = DIRECTION('',(0.,1.));
#7130 = ( GEOMETRIC_REPRESENTATION_CONTEXT(2) 
PARAMETRIC_REPRESENTATION_CONTEXT() REPRESENTATION_CONTEXT('2D SPACE',''
  ) );
#7131 = PCURVE('',#2965,#7132);
#7132 = DEFINITIONAL_REPRESENTATION('',(#7133),#7137);
#7133 = LINE('',#7134,#7135);
#7134 = CARTESIAN_POINT('',(-0.31,0.595));
#7135 = VECTOR('',#7136,1.);
#7136 = DIRECTION('',(0.,1.));
#7137 = ( GEOMETRIC_REPRESENTATION_CONTEXT(2) 
PARAMETRIC_REPRESENTATION_CONTEXT() REPRESENTATION_CONTEXT('2D SPACE',''
  ) );
#7138 = ORIENTED_EDGE('',*,*,#7069,.T.);
#7139 = ADVANCED_FACE('',(#7140),#4345,.T.);
#7140 = FACE_BOUND('',#7141,.T.);
#7141 = EDGE_LOOP('',(#7142,#7143,#7166,#7192));
#7142 = ORIENTED_EDGE('',*,*,#4324,.F.);
#7143 = ORIENTED_EDGE('',*,*,#7144,.F.);
#7144 = EDGE_CURVE('',#7145,#4297,#7147,.T.);
#7145 = VERTEX_POINT('',#7146);
#7146 = CARTESIAN_POINT('',(0.21,0.57,-0.355125000056));
#7147 = SURFACE_CURVE('',#7148,(#7152,#7159),.PCURVE_S1.);
#7148 = LINE('',#7149,#7150);
#7149 = CARTESIAN_POINT('',(0.21,0.57,-0.355125000056));
#7150 = VECTOR('',#7151,1.);
#7151 = DIRECTION('',(6.982962677686E-15,0.,1.));
#7152 = PCURVE('',#4345,#7153);
#7153 = DEFINITIONAL_REPRESENTATION('',(#7154),#7158);
#7154 = LINE('',#7155,#7156);
#7155 = CARTESIAN_POINT('',(3.14159265359,2.22044604925E-16));
#7156 = VECTOR('',#7157,1.);
#7157 = DIRECTION('',(0.,1.));
#7158 = ( GEOMETRIC_REPRESENTATION_CONTEXT(2) 
PARAMETRIC_REPRESENTATION_CONTEXT() REPRESENTATION_CONTEXT('2D SPACE',''
  ) );
#7159 = PCURVE('',#4312,#7160);
#7160 = DEFINITIONAL_REPRESENTATION('',(#7161),#7165);
#7161 = LINE('',#7162,#7163);
#7162 = CARTESIAN_POINT('',(-2.5E-02,-0.));
#7163 = VECTOR('',#7164,1.);
#7164 = DIRECTION('',(0.,-1.));
#7165 = ( GEOMETRIC_REPRESENTATION_CONTEXT(2) 
PARAMETRIC_REPRESENTATION_CONTEXT() REPRESENTATION_CONTEXT('2D SPACE',''
  ) );
#7166 = ORIENTED_EDGE('',*,*,#7167,.T.);
#7167 = EDGE_CURVE('',#7145,#7096,#7168,.T.);
#7168 = SURFACE_CURVE('',#7169,(#7174,#7181),.PCURVE_S1.);
#7169 = CIRCLE('',#7170,5.E-02);
#7170 = AXIS2_PLACEMENT_3D('',#7171,#7172,#7173);
#7171 = CARTESIAN_POINT('',(0.26,0.57,-0.355125000056));
#7172 = DIRECTION('',(6.505213034913E-15,0.,1.));
#7173 = DIRECTION('',(-1.,0.,6.505213034913E-15));
#7174 = PCURVE('',#4345,#7175);
#7175 = DEFINITIONAL_REPRESENTATION('',(#7176),#7180);
#7176 = LINE('',#7177,#7178);
#7177 = CARTESIAN_POINT('',(3.14159265359,5.551115123126E-17));
#7178 = VECTOR('',#7179,1.);
#7179 = DIRECTION('',(1.,-1.766974823035E-17));
#7180 = ( GEOMETRIC_REPRESENTATION_CONTEXT(2) 
PARAMETRIC_REPRESENTATION_CONTEXT() REPRESENTATION_CONTEXT('2D SPACE',''
  ) );
#7181 = PCURVE('',#2965,#7182);
#7182 = DEFINITIONAL_REPRESENTATION('',(#7183),#7191);
#7183 = ( BOUNDED_CURVE() B_SPLINE_CURVE(2,(#7184,#7185,#7186,#7187,
#7188,#7189,#7190),.UNSPECIFIED.,.T.,.F.) B_SPLINE_CURVE_WITH_KNOTS((1,2
    ,2,2,2,1),(-2.094395102393,0.,2.094395102393,4.188790204786,
6.28318530718,8.377580409573),.UNSPECIFIED.) CURVE() 
GEOMETRIC_REPRESENTATION_ITEM() RATIONAL_B_SPLINE_CURVE((1.,0.5,1.,0.5,
1.,0.5,1.)) REPRESENTATION_ITEM('') );
#7184 = CARTESIAN_POINT('',(-0.21,0.57));
#7185 = CARTESIAN_POINT('',(-0.21,0.483397459622));
#7186 = CARTESIAN_POINT('',(-0.285,0.526698729811));
#7187 = CARTESIAN_POINT('',(-0.36,0.57));
#7188 = CARTESIAN_POINT('',(-0.285,0.613301270189));
#7189 = CARTESIAN_POINT('',(-0.21,0.656602540378));
#7190 = CARTESIAN_POINT('',(-0.21,0.57));
#7191 = ( GEOMETRIC_REPRESENTATION_CONTEXT(2) 
PARAMETRIC_REPRESENTATION_CONTEXT() REPRESENTATION_CONTEXT('2D SPACE',''
  ) );
#7192 = ORIENTED_EDGE('',*,*,#7095,.T.);
#7193 = ADVANCED_FACE('',(#7194),#4312,.T.);
#7194 = FACE_BOUND('',#7195,.T.);
#7195 = EDGE_LOOP('',(#7196,#7197,#7220,#7241));
#7196 = ORIENTED_EDGE('',*,*,#4296,.F.);
#7197 = ORIENTED_EDGE('',*,*,#7198,.F.);
#7198 = EDGE_CURVE('',#7199,#4268,#7201,.T.);
#7199 = VERTEX_POINT('',#7200);
#7200 = CARTESIAN_POINT('',(0.21,0.595,-0.355125000056));
#7201 = SURFACE_CURVE('',#7202,(#7206,#7213),.PCURVE_S1.);
#7202 = LINE('',#7203,#7204);
#7203 = CARTESIAN_POINT('',(0.21,0.595,-0.355125000056));
#7204 = VECTOR('',#7205,1.);
#7205 = DIRECTION('',(6.982962677686E-15,0.,1.));
#7206 = PCURVE('',#4312,#7207);
#7207 = DEFINITIONAL_REPRESENTATION('',(#7208),#7212);
#7208 = LINE('',#7209,#7210);
#7209 = CARTESIAN_POINT('',(0.,0.));
#7210 = VECTOR('',#7211,1.);
#7211 = DIRECTION('',(0.,-1.));
#7212 = ( GEOMETRIC_REPRESENTATION_CONTEXT(2) 
PARAMETRIC_REPRESENTATION_CONTEXT() REPRESENTATION_CONTEXT('2D SPACE',''
  ) );
#7213 = PCURVE('',#4284,#7214);
#7214 = DEFINITIONAL_REPRESENTATION('',(#7215),#7219);
#7215 = LINE('',#7216,#7217);
#7216 = CARTESIAN_POINT('',(0.,1.665334536938E-16));
#7217 = VECTOR('',#7218,1.);
#7218 = DIRECTION('',(0.,1.));
#7219 = ( GEOMETRIC_REPRESENTATION_CONTEXT(2) 
PARAMETRIC_REPRESENTATION_CONTEXT() REPRESENTATION_CONTEXT('2D SPACE',''
  ) );
#7220 = ORIENTED_EDGE('',*,*,#7221,.T.);
#7221 = EDGE_CURVE('',#7199,#7145,#7222,.T.);
#7222 = SURFACE_CURVE('',#7223,(#7227,#7234),.PCURVE_S1.);
#7223 = LINE('',#7224,#7225);
#7224 = CARTESIAN_POINT('',(0.21,0.595,-0.355125000056));
#7225 = VECTOR('',#7226,1.);
#7226 = DIRECTION('',(0.,-1.,0.));
#7227 = PCURVE('',#4312,#7228);
#7228 = DEFINITIONAL_REPRESENTATION('',(#7229),#7233);
#7229 = LINE('',#7230,#7231);
#7230 = CARTESIAN_POINT('',(0.,0.));
#7231 = VECTOR('',#7232,1.);
#7232 = DIRECTION('',(-1.,-0.));
#7233 = ( GEOMETRIC_REPRESENTATION_CONTEXT(2) 
PARAMETRIC_REPRESENTATION_CONTEXT() REPRESENTATION_CONTEXT('2D SPACE',''
  ) );
#7234 = PCURVE('',#2965,#7235);
#7235 = DEFINITIONAL_REPRESENTATION('',(#7236),#7240);
#7236 = LINE('',#7237,#7238);
#7237 = CARTESIAN_POINT('',(-0.21,0.595));
#7238 = VECTOR('',#7239,1.);
#7239 = DIRECTION('',(0.,-1.));
#7240 = ( GEOMETRIC_REPRESENTATION_CONTEXT(2) 
PARAMETRIC_REPRESENTATION_CONTEXT() REPRESENTATION_CONTEXT('2D SPACE',''
  ) );
#7241 = ORIENTED_EDGE('',*,*,#7144,.T.);
#7242 = ADVANCED_FACE('',(#7243),#4284,.F.);
#7243 = FACE_BOUND('',#7244,.F.);
#7244 = EDGE_LOOP('',(#7245,#7246,#7270,#7291));
#7245 = ORIENTED_EDGE('',*,*,#7198,.F.);
#7246 = ORIENTED_EDGE('',*,*,#7247,.F.);
#7247 = EDGE_CURVE('',#7248,#7199,#7250,.T.);
#7248 = VERTEX_POINT('',#7249);
#7249 = CARTESIAN_POINT('',(0.185,0.62,-0.355125000056));
#7250 = SURFACE_CURVE('',#7251,(#7256,#7263),.PCURVE_S1.);
#7251 = CIRCLE('',#7252,2.5E-02);
#7252 = AXIS2_PLACEMENT_3D('',#7253,#7254,#7255);
#7253 = CARTESIAN_POINT('',(0.185,0.595,-0.355125000056));
#7254 = DIRECTION('',(-6.505213034913E-15,0.,-1.));
#7255 = DIRECTION('',(1.,0.,-6.505213034913E-15));
#7256 = PCURVE('',#4284,#7257);
#7257 = DEFINITIONAL_REPRESENTATION('',(#7258),#7262);
#7258 = LINE('',#7259,#7260);
#7259 = CARTESIAN_POINT('',(6.28318530718,0.));
#7260 = VECTOR('',#7261,1.);
#7261 = DIRECTION('',(-1.,0.));
#7262 = ( GEOMETRIC_REPRESENTATION_CONTEXT(2) 
PARAMETRIC_REPRESENTATION_CONTEXT() REPRESENTATION_CONTEXT('2D SPACE',''
  ) );
#7263 = PCURVE('',#2965,#7264);
#7264 = DEFINITIONAL_REPRESENTATION('',(#7265),#7269);
#7265 = CIRCLE('',#7266,2.5E-02);
#7266 = AXIS2_PLACEMENT_2D('',#7267,#7268);
#7267 = CARTESIAN_POINT('',(-0.185,0.595));
#7268 = DIRECTION('',(-1.,0.));
#7269 = ( GEOMETRIC_REPRESENTATION_CONTEXT(2) 
PARAMETRIC_REPRESENTATION_CONTEXT() REPRESENTATION_CONTEXT('2D SPACE',''
  ) );
#7270 = ORIENTED_EDGE('',*,*,#7271,.T.);
#7271 = EDGE_CURVE('',#7248,#4240,#7272,.T.);
#7272 = SURFACE_CURVE('',#7273,(#7277,#7284),.PCURVE_S1.);
#7273 = LINE('',#7274,#7275);
#7274 = CARTESIAN_POINT('',(0.185,0.62,-0.355125000056));
#7275 = VECTOR('',#7276,1.);
#7276 = DIRECTION('',(6.982962677686E-15,0.,1.));
#7277 = PCURVE('',#4284,#7278);
#7278 = DEFINITIONAL_REPRESENTATION('',(#7279),#7283);
#7279 = LINE('',#7280,#7281);
#7280 = CARTESIAN_POINT('',(1.570796326795,0.));
#7281 = VECTOR('',#7282,1.);
#7282 = DIRECTION('',(0.,1.));
#7283 = ( GEOMETRIC_REPRESENTATION_CONTEXT(2) 
PARAMETRIC_REPRESENTATION_CONTEXT() REPRESENTATION_CONTEXT('2D SPACE',''
  ) );
#7284 = PCURVE('',#4255,#7285);
#7285 = DEFINITIONAL_REPRESENTATION('',(#7286),#7290);
#7286 = LINE('',#7287,#7288);
#7287 = CARTESIAN_POINT('',(5.551115123126E-16,7.E-02));
#7288 = VECTOR('',#7289,1.);
#7289 = DIRECTION('',(-1.,6.982962677686E-15));
#7290 = ( GEOMETRIC_REPRESENTATION_CONTEXT(2) 
PARAMETRIC_REPRESENTATION_CONTEXT() REPRESENTATION_CONTEXT('2D SPACE',''
  ) );
#7291 = ORIENTED_EDGE('',*,*,#4267,.T.);
#7292 = ADVANCED_FACE('',(#7293),#4255,.T.);
#7293 = FACE_BOUND('',#7294,.T.);
#7294 = EDGE_LOOP('',(#7295,#7296,#7319,#7340));
#7295 = ORIENTED_EDGE('',*,*,#4239,.F.);
#7296 = ORIENTED_EDGE('',*,*,#7297,.F.);
#7297 = EDGE_CURVE('',#7298,#4211,#7300,.T.);
#7298 = VERTEX_POINT('',#7299);
#7299 = CARTESIAN_POINT('',(0.115,0.62,-0.355125000056));
#7300 = SURFACE_CURVE('',#7301,(#7305,#7312),.PCURVE_S1.);
#7301 = LINE('',#7302,#7303);
#7302 = CARTESIAN_POINT('',(0.115,0.62,-0.355125000056));
#7303 = VECTOR('',#7304,1.);
#7304 = DIRECTION('',(6.982962677686E-15,0.,1.));
#7305 = PCURVE('',#4255,#7306);
#7306 = DEFINITIONAL_REPRESENTATION('',(#7307),#7311);
#7307 = LINE('',#7308,#7309);
#7308 = CARTESIAN_POINT('',(0.,0.));
#7309 = VECTOR('',#7310,1.);
#7310 = DIRECTION('',(-1.,6.982962677686E-15));
#7311 = ( GEOMETRIC_REPRESENTATION_CONTEXT(2) 
PARAMETRIC_REPRESENTATION_CONTEXT() REPRESENTATION_CONTEXT('2D SPACE',''
  ) );
#7312 = PCURVE('',#4227,#7313);
#7313 = DEFINITIONAL_REPRESENTATION('',(#7314),#7318);
#7314 = LINE('',#7315,#7316);
#7315 = CARTESIAN_POINT('',(1.570796326795,0.));
#7316 = VECTOR('',#7317,1.);
#7317 = DIRECTION('',(0.,1.));
#7318 = ( GEOMETRIC_REPRESENTATION_CONTEXT(2) 
PARAMETRIC_REPRESENTATION_CONTEXT() REPRESENTATION_CONTEXT('2D SPACE',''
  ) );
#7319 = ORIENTED_EDGE('',*,*,#7320,.T.);
#7320 = EDGE_CURVE('',#7298,#7248,#7321,.T.);
#7321 = SURFACE_CURVE('',#7322,(#7326,#7333),.PCURVE_S1.);
#7322 = LINE('',#7323,#7324);
#7323 = CARTESIAN_POINT('',(0.115,0.62,-0.355125000056));
#7324 = VECTOR('',#7325,1.);
#7325 = DIRECTION('',(1.,0.,-6.982962677686E-15));
#7326 = PCURVE('',#4255,#7327);
#7327 = DEFINITIONAL_REPRESENTATION('',(#7328),#7332);
#7328 = LINE('',#7329,#7330);
#7329 = CARTESIAN_POINT('',(0.,0.));
#7330 = VECTOR('',#7331,1.);
#7331 = DIRECTION('',(6.982962677686E-15,1.));
#7332 = ( GEOMETRIC_REPRESENTATION_CONTEXT(2) 
PARAMETRIC_REPRESENTATION_CONTEXT() REPRESENTATION_CONTEXT('2D SPACE',''
  ) );
#7333 = PCURVE('',#2965,#7334);
#7334 = DEFINITIONAL_REPRESENTATION('',(#7335),#7339);
#7335 = LINE('',#7336,#7337);
#7336 = CARTESIAN_POINT('',(-0.115,0.62));
#7337 = VECTOR('',#7338,1.);
#7338 = DIRECTION('',(-1.,0.));
#7339 = ( GEOMETRIC_REPRESENTATION_CONTEXT(2) 
PARAMETRIC_REPRESENTATION_CONTEXT() REPRESENTATION_CONTEXT('2D SPACE',''
  ) );
#7340 = ORIENTED_EDGE('',*,*,#7271,.T.);
#7341 = ADVANCED_FACE('',(#7342),#4227,.F.);
#7342 = FACE_BOUND('',#7343,.F.);
#7343 = EDGE_LOOP('',(#7344,#7345,#7369,#7390));
#7344 = ORIENTED_EDGE('',*,*,#7297,.F.);
#7345 = ORIENTED_EDGE('',*,*,#7346,.F.);
#7346 = EDGE_CURVE('',#7347,#7298,#7349,.T.);
#7347 = VERTEX_POINT('',#7348);
#7348 = CARTESIAN_POINT('',(9.E-02,0.595,-0.355125000056));
#7349 = SURFACE_CURVE('',#7350,(#7355,#7362),.PCURVE_S1.);
#7350 = CIRCLE('',#7351,2.5E-02);
#7351 = AXIS2_PLACEMENT_3D('',#7352,#7353,#7354);
#7352 = CARTESIAN_POINT('',(0.115,0.595,-0.355125000056));
#7353 = DIRECTION('',(-6.505213034913E-15,0.,-1.));
#7354 = DIRECTION('',(-1.,0.,6.505213034913E-15));
#7355 = PCURVE('',#4227,#7356);
#7356 = DEFINITIONAL_REPRESENTATION('',(#7357),#7361);
#7357 = LINE('',#7358,#7359);
#7358 = CARTESIAN_POINT('',(3.14159265359,5.551115123126E-17));
#7359 = VECTOR('',#7360,1.);
#7360 = DIRECTION('',(-1.,-3.533949646071E-17));
#7361 = ( GEOMETRIC_REPRESENTATION_CONTEXT(2) 
PARAMETRIC_REPRESENTATION_CONTEXT() REPRESENTATION_CONTEXT('2D SPACE',''
  ) );
#7362 = PCURVE('',#2965,#7363);
#7363 = DEFINITIONAL_REPRESENTATION('',(#7364),#7368);
#7364 = CIRCLE('',#7365,2.5E-02);
#7365 = AXIS2_PLACEMENT_2D('',#7366,#7367);
#7366 = CARTESIAN_POINT('',(-0.115,0.595));
#7367 = DIRECTION('',(1.,0.));
#7368 = ( GEOMETRIC_REPRESENTATION_CONTEXT(2) 
PARAMETRIC_REPRESENTATION_CONTEXT() REPRESENTATION_CONTEXT('2D SPACE',''
  ) );
#7369 = ORIENTED_EDGE('',*,*,#7370,.T.);
#7370 = EDGE_CURVE('',#7347,#4183,#7371,.T.);
#7371 = SURFACE_CURVE('',#7372,(#7376,#7383),.PCURVE_S1.);
#7372 = LINE('',#7373,#7374);
#7373 = CARTESIAN_POINT('',(9.E-02,0.595,-0.355125000056));
#7374 = VECTOR('',#7375,1.);
#7375 = DIRECTION('',(6.982962677686E-15,0.,1.));
#7376 = PCURVE('',#4227,#7377);
#7377 = DEFINITIONAL_REPRESENTATION('',(#7378),#7382);
#7378 = LINE('',#7379,#7380);
#7379 = CARTESIAN_POINT('',(3.14159265359,-1.110223024625E-16));
#7380 = VECTOR('',#7381,1.);
#7381 = DIRECTION('',(0.,1.));
#7382 = ( GEOMETRIC_REPRESENTATION_CONTEXT(2) 
PARAMETRIC_REPRESENTATION_CONTEXT() REPRESENTATION_CONTEXT('2D SPACE',''
  ) );
#7383 = PCURVE('',#4198,#7384);
#7384 = DEFINITIONAL_REPRESENTATION('',(#7385),#7389);
#7385 = LINE('',#7386,#7387);
#7386 = CARTESIAN_POINT('',(0.,0.));
#7387 = VECTOR('',#7388,1.);
#7388 = DIRECTION('',(-1.,0.));
#7389 = ( GEOMETRIC_REPRESENTATION_CONTEXT(2) 
PARAMETRIC_REPRESENTATION_CONTEXT() REPRESENTATION_CONTEXT('2D SPACE',''
  ) );
#7390 = ORIENTED_EDGE('',*,*,#4210,.T.);
#7391 = ADVANCED_FACE('',(#7392),#4198,.T.);
#7392 = FACE_BOUND('',#7393,.T.);
#7393 = EDGE_LOOP('',(#7394,#7395,#7418,#7439));
#7394 = ORIENTED_EDGE('',*,*,#4182,.F.);
#7395 = ORIENTED_EDGE('',*,*,#7396,.F.);
#7396 = EDGE_CURVE('',#7397,#4154,#7399,.T.);
#7397 = VERTEX_POINT('',#7398);
#7398 = CARTESIAN_POINT('',(9.E-02,0.345,-0.355125000056));
#7399 = SURFACE_CURVE('',#7400,(#7404,#7411),.PCURVE_S1.);
#7400 = LINE('',#7401,#7402);
#7401 = CARTESIAN_POINT('',(9.E-02,0.345,-0.355125000056));
#7402 = VECTOR('',#7403,1.);
#7403 = DIRECTION('',(6.982962677686E-15,0.,1.));
#7404 = PCURVE('',#4198,#7405);
#7405 = DEFINITIONAL_REPRESENTATION('',(#7406),#7410);
#7406 = LINE('',#7407,#7408);
#7407 = CARTESIAN_POINT('',(-0.,-0.25));
#7408 = VECTOR('',#7409,1.);
#7409 = DIRECTION('',(-1.,0.));
#7410 = ( GEOMETRIC_REPRESENTATION_CONTEXT(2) 
PARAMETRIC_REPRESENTATION_CONTEXT() REPRESENTATION_CONTEXT('2D SPACE',''
  ) );
#7411 = PCURVE('',#4170,#7412);
#7412 = DEFINITIONAL_REPRESENTATION('',(#7413),#7417);
#7413 = LINE('',#7414,#7415);
#7414 = CARTESIAN_POINT('',(3.14159265359,-1.110223024625E-16));
#7415 = VECTOR('',#7416,1.);
#7416 = DIRECTION('',(0.,1.));
#7417 = ( GEOMETRIC_REPRESENTATION_CONTEXT(2) 
PARAMETRIC_REPRESENTATION_CONTEXT() REPRESENTATION_CONTEXT('2D SPACE',''
  ) );
#7418 = ORIENTED_EDGE('',*,*,#7419,.T.);
#7419 = EDGE_CURVE('',#7397,#7347,#7420,.T.);
#7420 = SURFACE_CURVE('',#7421,(#7425,#7432),.PCURVE_S1.);
#7421 = LINE('',#7422,#7423);
#7422 = CARTESIAN_POINT('',(9.E-02,0.595,-0.355125000056));
#7423 = VECTOR('',#7424,1.);
#7424 = DIRECTION('',(0.,1.,0.));
#7425 = PCURVE('',#4198,#7426);
#7426 = DEFINITIONAL_REPRESENTATION('',(#7427),#7431);
#7427 = LINE('',#7428,#7429);
#7428 = CARTESIAN_POINT('',(0.,0.));
#7429 = VECTOR('',#7430,1.);
#7430 = DIRECTION('',(0.,1.));
#7431 = ( GEOMETRIC_REPRESENTATION_CONTEXT(2) 
PARAMETRIC_REPRESENTATION_CONTEXT() REPRESENTATION_CONTEXT('2D SPACE',''
  ) );
#7432 = PCURVE('',#2965,#7433);
#7433 = DEFINITIONAL_REPRESENTATION('',(#7434),#7438);
#7434 = LINE('',#7435,#7436);
#7435 = CARTESIAN_POINT('',(-9.E-02,0.595));
#7436 = VECTOR('',#7437,1.);
#7437 = DIRECTION('',(0.,1.));
#7438 = ( GEOMETRIC_REPRESENTATION_CONTEXT(2) 
PARAMETRIC_REPRESENTATION_CONTEXT() REPRESENTATION_CONTEXT('2D SPACE',''
  ) );
#7439 = ORIENTED_EDGE('',*,*,#7370,.T.);
#7440 = ADVANCED_FACE('',(#7441),#4170,.F.);
#7441 = FACE_BOUND('',#7442,.F.);
#7442 = EDGE_LOOP('',(#7443,#7444,#7468,#7489));
#7443 = ORIENTED_EDGE('',*,*,#7396,.F.);
#7444 = ORIENTED_EDGE('',*,*,#7445,.F.);
#7445 = EDGE_CURVE('',#7446,#7397,#7448,.T.);
#7446 = VERTEX_POINT('',#7447);
#7447 = CARTESIAN_POINT('',(0.115,0.32,-0.355125000056));
#7448 = SURFACE_CURVE('',#7449,(#7454,#7461),.PCURVE_S1.);
#7449 = CIRCLE('',#7450,2.5E-02);
#7450 = AXIS2_PLACEMENT_3D('',#7451,#7452,#7453);
#7451 = CARTESIAN_POINT('',(0.115,0.345,-0.355125000056));
#7452 = DIRECTION('',(-6.505213034913E-15,0.,-1.));
#7453 = DIRECTION('',(-1.,0.,6.505213034913E-15));
#7454 = PCURVE('',#4170,#7455);
#7455 = DEFINITIONAL_REPRESENTATION('',(#7456),#7460);
#7456 = LINE('',#7457,#7458);
#7457 = CARTESIAN_POINT('',(9.424777960769,-1.665334536938E-16));
#7458 = VECTOR('',#7459,1.);
#7459 = DIRECTION('',(-1.,3.533949646071E-17));
#7460 = ( GEOMETRIC_REPRESENTATION_CONTEXT(2) 
PARAMETRIC_REPRESENTATION_CONTEXT() REPRESENTATION_CONTEXT('2D SPACE',''
  ) );
#7461 = PCURVE('',#2965,#7462);
#7462 = DEFINITIONAL_REPRESENTATION('',(#7463),#7467);
#7463 = CIRCLE('',#7464,2.5E-02);
#7464 = AXIS2_PLACEMENT_2D('',#7465,#7466);
#7465 = CARTESIAN_POINT('',(-0.115,0.345));
#7466 = DIRECTION('',(1.,0.));
#7467 = ( GEOMETRIC_REPRESENTATION_CONTEXT(2) 
PARAMETRIC_REPRESENTATION_CONTEXT() REPRESENTATION_CONTEXT('2D SPACE',''
  ) );
#7468 = ORIENTED_EDGE('',*,*,#7469,.T.);
#7469 = EDGE_CURVE('',#7446,#4126,#7470,.T.);
#7470 = SURFACE_CURVE('',#7471,(#7475,#7482),.PCURVE_S1.);
#7471 = LINE('',#7472,#7473);
#7472 = CARTESIAN_POINT('',(0.115,0.32,-0.355125000056));
#7473 = VECTOR('',#7474,1.);
#7474 = DIRECTION('',(6.982962677686E-15,0.,1.));
#7475 = PCURVE('',#4170,#7476);
#7476 = DEFINITIONAL_REPRESENTATION('',(#7477),#7481);
#7477 = LINE('',#7478,#7479);
#7478 = CARTESIAN_POINT('',(4.712388980385,0.));
#7479 = VECTOR('',#7480,1.);
#7480 = DIRECTION('',(0.,1.));
#7481 = ( GEOMETRIC_REPRESENTATION_CONTEXT(2) 
PARAMETRIC_REPRESENTATION_CONTEXT() REPRESENTATION_CONTEXT('2D SPACE',''
  ) );
#7482 = PCURVE('',#4141,#7483);
#7483 = DEFINITIONAL_REPRESENTATION('',(#7484),#7488);
#7484 = LINE('',#7485,#7486);
#7485 = CARTESIAN_POINT('',(0.,0.));
#7486 = VECTOR('',#7487,1.);
#7487 = DIRECTION('',(6.982962677686E-15,-1.));
#7488 = ( GEOMETRIC_REPRESENTATION_CONTEXT(2) 
PARAMETRIC_REPRESENTATION_CONTEXT() REPRESENTATION_CONTEXT('2D SPACE',''
  ) );
#7489 = ORIENTED_EDGE('',*,*,#4153,.T.);
#7490 = ADVANCED_FACE('',(#7491),#4141,.T.);
#7491 = FACE_BOUND('',#7492,.T.);
#7492 = EDGE_LOOP('',(#7493,#7494,#7517,#7538));
#7493 = ORIENTED_EDGE('',*,*,#4125,.F.);
#7494 = ORIENTED_EDGE('',*,*,#7495,.F.);
#7495 = EDGE_CURVE('',#7496,#4097,#7498,.T.);
#7496 = VERTEX_POINT('',#7497);
#7497 = CARTESIAN_POINT('',(0.238944487245,0.32,-0.355125000056));
#7498 = SURFACE_CURVE('',#7499,(#7503,#7510),.PCURVE_S1.);
#7499 = LINE('',#7500,#7501);
#7500 = CARTESIAN_POINT('',(0.238944487245,0.32,-0.355125000056));
#7501 = VECTOR('',#7502,1.);
#7502 = DIRECTION('',(6.982962677686E-15,0.,1.));
#7503 = PCURVE('',#4141,#7504);
#7504 = DEFINITIONAL_REPRESENTATION('',(#7505),#7509);
#7505 = LINE('',#7506,#7507);
#7506 = CARTESIAN_POINT('',(0.123944487245,1.054711873394E-15));
#7507 = VECTOR('',#7508,1.);
#7508 = DIRECTION('',(6.982962677686E-15,-1.));
#7509 = ( GEOMETRIC_REPRESENTATION_CONTEXT(2) 
PARAMETRIC_REPRESENTATION_CONTEXT() REPRESENTATION_CONTEXT('2D SPACE',''
  ) );
#7510 = PCURVE('',#4113,#7511);
#7511 = DEFINITIONAL_REPRESENTATION('',(#7512),#7516);
#7512 = LINE('',#7513,#7514);
#7513 = CARTESIAN_POINT('',(4.712388980385,0.));
#7514 = VECTOR('',#7515,1.);
#7515 = DIRECTION('',(0.,1.));
#7516 = ( GEOMETRIC_REPRESENTATION_CONTEXT(2) 
PARAMETRIC_REPRESENTATION_CONTEXT() REPRESENTATION_CONTEXT('2D SPACE',''
  ) );
#7517 = ORIENTED_EDGE('',*,*,#7518,.T.);
#7518 = EDGE_CURVE('',#7496,#7446,#7519,.T.);
#7519 = SURFACE_CURVE('',#7520,(#7524,#7531),.PCURVE_S1.);
#7520 = LINE('',#7521,#7522);
#7521 = CARTESIAN_POINT('',(0.115,0.32,-0.355125000056));
#7522 = VECTOR('',#7523,1.);
#7523 = DIRECTION('',(-1.,-4.373741005274E-16,6.982962677686E-15));
#7524 = PCURVE('',#4141,#7525);
#7525 = DEFINITIONAL_REPRESENTATION('',(#7526),#7530);
#7526 = LINE('',#7527,#7528);
#7527 = CARTESIAN_POINT('',(0.,0.));
#7528 = VECTOR('',#7529,1.);
#7529 = DIRECTION('',(-1.,-6.982962677686E-15));
#7530 = ( GEOMETRIC_REPRESENTATION_CONTEXT(2) 
PARAMETRIC_REPRESENTATION_CONTEXT() REPRESENTATION_CONTEXT('2D SPACE',''
  ) );
#7531 = PCURVE('',#2965,#7532);
#7532 = DEFINITIONAL_REPRESENTATION('',(#7533),#7537);
#7533 = LINE('',#7534,#7535);
#7534 = CARTESIAN_POINT('',(-0.115,0.32));
#7535 = VECTOR('',#7536,1.);
#7536 = DIRECTION('',(1.,-4.373741005274E-16));
#7537 = ( GEOMETRIC_REPRESENTATION_CONTEXT(2) 
PARAMETRIC_REPRESENTATION_CONTEXT() REPRESENTATION_CONTEXT('2D SPACE',''
  ) );
#7538 = ORIENTED_EDGE('',*,*,#7469,.T.);
#7539 = ADVANCED_FACE('',(#7540),#4113,.F.);
#7540 = FACE_BOUND('',#7541,.F.);
#7541 = EDGE_LOOP('',(#7542,#7543,#7567,#7588));
#7542 = ORIENTED_EDGE('',*,*,#7495,.F.);
#7543 = ORIENTED_EDGE('',*,*,#7544,.F.);
#7544 = EDGE_CURVE('',#7545,#7496,#7547,.T.);
#7545 = VERTEX_POINT('',#7546);
#7546 = CARTESIAN_POINT('',(0.251821456086,0.323571428571,
    -0.355125000056));
#7547 = SURFACE_CURVE('',#7548,(#7553,#7560),.PCURVE_S1.);
#7548 = CIRCLE('',#7549,2.5E-02);
#7549 = AXIS2_PLACEMENT_3D('',#7550,#7551,#7552);
#7550 = CARTESIAN_POINT('',(0.238944487245,0.345,-0.355125000056));
#7551 = DIRECTION('',(-6.505213034913E-15,0.,-1.));
#7552 = DIRECTION('',(-1.,0.,6.505213034913E-15));
#7553 = PCURVE('',#4113,#7554);
#7554 = DEFINITIONAL_REPRESENTATION('',(#7555),#7559);
#7555 = LINE('',#7556,#7557);
#7556 = CARTESIAN_POINT('',(9.424777960769,0.));
#7557 = VECTOR('',#7558,1.);
#7558 = DIRECTION('',(-1.,0.));
#7559 = ( GEOMETRIC_REPRESENTATION_CONTEXT(2) 
PARAMETRIC_REPRESENTATION_CONTEXT() REPRESENTATION_CONTEXT('2D SPACE',''
  ) );
#7560 = PCURVE('',#2965,#7561);
#7561 = DEFINITIONAL_REPRESENTATION('',(#7562),#7566);
#7562 = CIRCLE('',#7563,2.5E-02);
#7563 = AXIS2_PLACEMENT_2D('',#7564,#7565);
#7564 = CARTESIAN_POINT('',(-0.238944487245,0.345));
#7565 = DIRECTION('',(1.,0.));
#7566 = ( GEOMETRIC_REPRESENTATION_CONTEXT(2) 
PARAMETRIC_REPRESENTATION_CONTEXT() REPRESENTATION_CONTEXT('2D SPACE',''
  ) );
#7567 = ORIENTED_EDGE('',*,*,#7568,.T.);
#7568 = EDGE_CURVE('',#7545,#4069,#7569,.T.);
#7569 = SURFACE_CURVE('',#7570,(#7574,#7581),.PCURVE_S1.);
#7570 = LINE('',#7571,#7572);
#7571 = CARTESIAN_POINT('',(0.251821456086,0.323571428571,
    -0.355125000056));
#7572 = VECTOR('',#7573,1.);
#7573 = DIRECTION('',(6.982962677686E-15,0.,1.));
#7574 = PCURVE('',#4113,#7575);
#7575 = DEFINITIONAL_REPRESENTATION('',(#7576),#7580);
#7576 = LINE('',#7577,#7578);
#7577 = CARTESIAN_POINT('',(5.253488506342,1.110223024625E-16));
#7578 = VECTOR('',#7579,1.);
#7579 = DIRECTION('',(0.,1.));
#7580 = ( GEOMETRIC_REPRESENTATION_CONTEXT(2) 
PARAMETRIC_REPRESENTATION_CONTEXT() REPRESENTATION_CONTEXT('2D SPACE',''
  ) );
#7581 = PCURVE('',#3242,#7582);
#7582 = DEFINITIONAL_REPRESENTATION('',(#7583),#7587);
#7583 = LINE('',#7584,#7585);
#7584 = CARTESIAN_POINT('',(2.111895852752,-1.665334536938E-16));
#7585 = VECTOR('',#7586,1.);
#7586 = DIRECTION('',(0.,1.));
#7587 = ( GEOMETRIC_REPRESENTATION_CONTEXT(2) 
PARAMETRIC_REPRESENTATION_CONTEXT() REPRESENTATION_CONTEXT('2D SPACE',''
  ) );
#7588 = ORIENTED_EDGE('',*,*,#4096,.T.);
#7589 = ADVANCED_FACE('',(#7590),#3242,.T.);
#7590 = FACE_BOUND('',#7591,.T.);
#7591 = EDGE_LOOP('',(#7592,#7593,#7619,#7620));
#7592 = ORIENTED_EDGE('',*,*,#3226,.F.);
#7593 = ORIENTED_EDGE('',*,*,#7594,.T.);
#7594 = EDGE_CURVE('',#3194,#7545,#7595,.T.);
#7595 = SURFACE_CURVE('',#7596,(#7601,#7608),.PCURVE_S1.);
#7596 = CIRCLE('',#7597,4.5E-02);
#7597 = AXIS2_PLACEMENT_3D('',#7598,#7599,#7600);
#7598 = CARTESIAN_POINT('',(0.275,0.285,-0.355125000056));
#7599 = DIRECTION('',(7.228014483237E-15,0.,1.));
#7600 = DIRECTION('',(-1.,0.,7.228014483237E-15));
#7601 = PCURVE('',#3242,#7602);
#7602 = DEFINITIONAL_REPRESENTATION('',(#7603),#7607);
#7603 = LINE('',#7604,#7605);
#7604 = CARTESIAN_POINT('',(-3.14159265359,0.));
#7605 = VECTOR('',#7606,1.);
#7606 = DIRECTION('',(1.,0.));
#7607 = ( GEOMETRIC_REPRESENTATION_CONTEXT(2) 
PARAMETRIC_REPRESENTATION_CONTEXT() REPRESENTATION_CONTEXT('2D SPACE',''
  ) );
#7608 = PCURVE('',#2965,#7609);
#7609 = DEFINITIONAL_REPRESENTATION('',(#7610),#7618);
#7610 = ( BOUNDED_CURVE() B_SPLINE_CURVE(2,(#7611,#7612,#7613,#7614,
#7615,#7616,#7617),.UNSPECIFIED.,.T.,.F.) B_SPLINE_CURVE_WITH_KNOTS((1,2
    ,2,2,2,1),(-2.094395102393,0.,2.094395102393,4.188790204786,
6.28318530718,8.377580409573),.UNSPECIFIED.) CURVE() 
GEOMETRIC_REPRESENTATION_ITEM() RATIONAL_B_SPLINE_CURVE((1.,0.5,1.,0.5,
1.,0.5,1.)) REPRESENTATION_ITEM('') );
#7611 = CARTESIAN_POINT('',(-0.23,0.285));
#7612 = CARTESIAN_POINT('',(-0.23,0.207057713659));
#7613 = CARTESIAN_POINT('',(-0.2975,0.24602885683));
#7614 = CARTESIAN_POINT('',(-0.365,0.285));
#7615 = CARTESIAN_POINT('',(-0.2975,0.32397114317));
#7616 = CARTESIAN_POINT('',(-0.23,0.362942286341));
#7617 = CARTESIAN_POINT('',(-0.23,0.285));
#7618 = ( GEOMETRIC_REPRESENTATION_CONTEXT(2) 
PARAMETRIC_REPRESENTATION_CONTEXT() REPRESENTATION_CONTEXT('2D SPACE',''
  ) );
#7619 = ORIENTED_EDGE('',*,*,#7568,.T.);
#7620 = ORIENTED_EDGE('',*,*,#4068,.F.);
#7621 = ADVANCED_FACE('',(#7622),#3296,.F.);
#7622 = FACE_BOUND('',#7623,.F.);
#7623 = EDGE_LOOP('',(#7624,#7625,#7649,#7670));
#7624 = ORIENTED_EDGE('',*,*,#3282,.F.);
#7625 = ORIENTED_EDGE('',*,*,#7626,.F.);
#7626 = EDGE_CURVE('',#7627,#3192,#7629,.T.);
#7627 = VERTEX_POINT('',#7628);
#7628 = CARTESIAN_POINT('',(0.238944487245,0.25,-0.355125000056));
#7629 = SURFACE_CURVE('',#7630,(#7635,#7642),.PCURVE_S1.);
#7630 = CIRCLE('',#7631,2.5E-02);
#7631 = AXIS2_PLACEMENT_3D('',#7632,#7633,#7634);
#7632 = CARTESIAN_POINT('',(0.238944487245,0.225,-0.355125000056));
#7633 = DIRECTION('',(-6.505213034913E-15,0.,-1.));
#7634 = DIRECTION('',(1.,0.,-6.505213034913E-15));
#7635 = PCURVE('',#3296,#7636);
#7636 = DEFINITIONAL_REPRESENTATION('',(#7637),#7641);
#7637 = LINE('',#7638,#7639);
#7638 = CARTESIAN_POINT('',(6.28318530718,0.));
#7639 = VECTOR('',#7640,1.);
#7640 = DIRECTION('',(-1.,0.));
#7641 = ( GEOMETRIC_REPRESENTATION_CONTEXT(2) 
PARAMETRIC_REPRESENTATION_CONTEXT() REPRESENTATION_CONTEXT('2D SPACE',''
  ) );
#7642 = PCURVE('',#2965,#7643);
#7643 = DEFINITIONAL_REPRESENTATION('',(#7644),#7648);
#7644 = CIRCLE('',#7645,2.5E-02);
#7645 = AXIS2_PLACEMENT_2D('',#7646,#7647);
#7646 = CARTESIAN_POINT('',(-0.238944487245,0.225));
#7647 = DIRECTION('',(-1.,0.));
#7648 = ( GEOMETRIC_REPRESENTATION_CONTEXT(2) 
PARAMETRIC_REPRESENTATION_CONTEXT() REPRESENTATION_CONTEXT('2D SPACE',''
  ) );
#7649 = ORIENTED_EDGE('',*,*,#7650,.T.);
#7650 = EDGE_CURVE('',#7627,#4018,#7651,.T.);
#7651 = SURFACE_CURVE('',#7652,(#7656,#7663),.PCURVE_S1.);
#7652 = LINE('',#7653,#7654);
#7653 = CARTESIAN_POINT('',(0.238944487245,0.25,-0.355125000056));
#7654 = VECTOR('',#7655,1.);
#7655 = DIRECTION('',(6.982962677686E-15,0.,1.));
#7656 = PCURVE('',#3296,#7657);
#7657 = DEFINITIONAL_REPRESENTATION('',(#7658),#7662);
#7658 = LINE('',#7659,#7660);
#7659 = CARTESIAN_POINT('',(1.570796326795,0.));
#7660 = VECTOR('',#7661,1.);
#7661 = DIRECTION('',(0.,1.));
#7662 = ( GEOMETRIC_REPRESENTATION_CONTEXT(2) 
PARAMETRIC_REPRESENTATION_CONTEXT() REPRESENTATION_CONTEXT('2D SPACE',''
  ) );
#7663 = PCURVE('',#4033,#7664);
#7664 = DEFINITIONAL_REPRESENTATION('',(#7665),#7669);
#7665 = LINE('',#7666,#7667);
#7666 = CARTESIAN_POINT('',(1.054711873394E-15,0.123944487245));
#7667 = VECTOR('',#7668,1.);
#7668 = DIRECTION('',(-1.,6.982962677686E-15));
#7669 = ( GEOMETRIC_REPRESENTATION_CONTEXT(2) 
PARAMETRIC_REPRESENTATION_CONTEXT() REPRESENTATION_CONTEXT('2D SPACE',''
  ) );
#7670 = ORIENTED_EDGE('',*,*,#4045,.T.);
#7671 = ADVANCED_FACE('',(#7672),#4033,.T.);
#7672 = FACE_BOUND('',#7673,.T.);
#7673 = EDGE_LOOP('',(#7674,#7675,#7698,#7719));
#7674 = ORIENTED_EDGE('',*,*,#4017,.F.);
#7675 = ORIENTED_EDGE('',*,*,#7676,.F.);
#7676 = EDGE_CURVE('',#7677,#3989,#7679,.T.);
#7677 = VERTEX_POINT('',#7678);
#7678 = CARTESIAN_POINT('',(0.115,0.25,-0.355125000056));
#7679 = SURFACE_CURVE('',#7680,(#7684,#7691),.PCURVE_S1.);
#7680 = LINE('',#7681,#7682);
#7681 = CARTESIAN_POINT('',(0.115,0.25,-0.355125000056));
#7682 = VECTOR('',#7683,1.);
#7683 = DIRECTION('',(6.982962677686E-15,0.,1.));
#7684 = PCURVE('',#4033,#7685);
#7685 = DEFINITIONAL_REPRESENTATION('',(#7686),#7690);
#7686 = LINE('',#7687,#7688);
#7687 = CARTESIAN_POINT('',(0.,0.));
#7688 = VECTOR('',#7689,1.);
#7689 = DIRECTION('',(-1.,6.982962677686E-15));
#7690 = ( GEOMETRIC_REPRESENTATION_CONTEXT(2) 
PARAMETRIC_REPRESENTATION_CONTEXT() REPRESENTATION_CONTEXT('2D SPACE',''
  ) );
#7691 = PCURVE('',#4005,#7692);
#7692 = DEFINITIONAL_REPRESENTATION('',(#7693),#7697);
#7693 = LINE('',#7694,#7695);
#7694 = CARTESIAN_POINT('',(1.570796326795,0.));
#7695 = VECTOR('',#7696,1.);
#7696 = DIRECTION('',(0.,1.));
#7697 = ( GEOMETRIC_REPRESENTATION_CONTEXT(2) 
PARAMETRIC_REPRESENTATION_CONTEXT() REPRESENTATION_CONTEXT('2D SPACE',''
  ) );
#7698 = ORIENTED_EDGE('',*,*,#7699,.T.);
#7699 = EDGE_CURVE('',#7677,#7627,#7700,.T.);
#7700 = SURFACE_CURVE('',#7701,(#7705,#7712),.PCURVE_S1.);
#7701 = LINE('',#7702,#7703);
#7702 = CARTESIAN_POINT('',(0.115,0.25,-0.355125000056));
#7703 = VECTOR('',#7704,1.);
#7704 = DIRECTION('',(1.,0.,-6.982962677686E-15));
#7705 = PCURVE('',#4033,#7706);
#7706 = DEFINITIONAL_REPRESENTATION('',(#7707),#7711);
#7707 = LINE('',#7708,#7709);
#7708 = CARTESIAN_POINT('',(0.,0.));
#7709 = VECTOR('',#7710,1.);
#7710 = DIRECTION('',(6.982962677686E-15,1.));
#7711 = ( GEOMETRIC_REPRESENTATION_CONTEXT(2) 
PARAMETRIC_REPRESENTATION_CONTEXT() REPRESENTATION_CONTEXT('2D SPACE',''
  ) );
#7712 = PCURVE('',#2965,#7713);
#7713 = DEFINITIONAL_REPRESENTATION('',(#7714),#7718);
#7714 = LINE('',#7715,#7716);
#7715 = CARTESIAN_POINT('',(-0.115,0.25));
#7716 = VECTOR('',#7717,1.);
#7717 = DIRECTION('',(-1.,0.));
#7718 = ( GEOMETRIC_REPRESENTATION_CONTEXT(2) 
PARAMETRIC_REPRESENTATION_CONTEXT() REPRESENTATION_CONTEXT('2D SPACE',''
  ) );
#7719 = ORIENTED_EDGE('',*,*,#7650,.T.);
#7720 = ADVANCED_FACE('',(#7721),#4005,.F.);
#7721 = FACE_BOUND('',#7722,.F.);
#7722 = EDGE_LOOP('',(#7723,#7724,#7748,#7769));
#7723 = ORIENTED_EDGE('',*,*,#7676,.F.);
#7724 = ORIENTED_EDGE('',*,*,#7725,.F.);
#7725 = EDGE_CURVE('',#7726,#7677,#7728,.T.);
#7726 = VERTEX_POINT('',#7727);
#7727 = CARTESIAN_POINT('',(9.E-02,0.225,-0.355125000056));
#7728 = SURFACE_CURVE('',#7729,(#7734,#7741),.PCURVE_S1.);
#7729 = CIRCLE('',#7730,2.5E-02);
#7730 = AXIS2_PLACEMENT_3D('',#7731,#7732,#7733);
#7731 = CARTESIAN_POINT('',(0.115,0.225,-0.355125000056));
#7732 = DIRECTION('',(-6.505213034913E-15,0.,-1.));
#7733 = DIRECTION('',(1.,0.,-6.505213034913E-15));
#7734 = PCURVE('',#4005,#7735);
#7735 = DEFINITIONAL_REPRESENTATION('',(#7736),#7740);
#7736 = LINE('',#7737,#7738);
#7737 = CARTESIAN_POINT('',(6.28318530718,1.665334536938E-16));
#7738 = VECTOR('',#7739,1.);
#7739 = DIRECTION('',(-1.,-3.533949646071E-17));
#7740 = ( GEOMETRIC_REPRESENTATION_CONTEXT(2) 
PARAMETRIC_REPRESENTATION_CONTEXT() REPRESENTATION_CONTEXT('2D SPACE',''
  ) );
#7741 = PCURVE('',#2965,#7742);
#7742 = DEFINITIONAL_REPRESENTATION('',(#7743),#7747);
#7743 = CIRCLE('',#7744,2.5E-02);
#7744 = AXIS2_PLACEMENT_2D('',#7745,#7746);
#7745 = CARTESIAN_POINT('',(-0.115,0.225));
#7746 = DIRECTION('',(-1.,0.));
#7747 = ( GEOMETRIC_REPRESENTATION_CONTEXT(2) 
PARAMETRIC_REPRESENTATION_CONTEXT() REPRESENTATION_CONTEXT('2D SPACE',''
  ) );
#7748 = ORIENTED_EDGE('',*,*,#7749,.T.);
#7749 = EDGE_CURVE('',#7726,#3961,#7750,.T.);
#7750 = SURFACE_CURVE('',#7751,(#7755,#7762),.PCURVE_S1.);
#7751 = LINE('',#7752,#7753);
#7752 = CARTESIAN_POINT('',(9.E-02,0.225,-0.355125000056));
#7753 = VECTOR('',#7754,1.);
#7754 = DIRECTION('',(6.982962677686E-15,0.,1.));
#7755 = PCURVE('',#4005,#7756);
#7756 = DEFINITIONAL_REPRESENTATION('',(#7757),#7761);
#7757 = LINE('',#7758,#7759);
#7758 = CARTESIAN_POINT('',(3.14159265359,-1.110223024625E-16));
#7759 = VECTOR('',#7760,1.);
#7760 = DIRECTION('',(0.,1.));
#7761 = ( GEOMETRIC_REPRESENTATION_CONTEXT(2) 
PARAMETRIC_REPRESENTATION_CONTEXT() REPRESENTATION_CONTEXT('2D SPACE',''
  ) );
#7762 = PCURVE('',#3976,#7763);
#7763 = DEFINITIONAL_REPRESENTATION('',(#7764),#7768);
#7764 = LINE('',#7765,#7766);
#7765 = CARTESIAN_POINT('',(0.,0.));
#7766 = VECTOR('',#7767,1.);
#7767 = DIRECTION('',(-1.,0.));
#7768 = ( GEOMETRIC_REPRESENTATION_CONTEXT(2) 
PARAMETRIC_REPRESENTATION_CONTEXT() REPRESENTATION_CONTEXT('2D SPACE',''
  ) );
#7769 = ORIENTED_EDGE('',*,*,#3988,.T.);
#7770 = ADVANCED_FACE('',(#7771),#3976,.T.);
#7771 = FACE_BOUND('',#7772,.T.);
#7772 = EDGE_LOOP('',(#7773,#7774,#7797,#7818));
#7773 = ORIENTED_EDGE('',*,*,#3960,.F.);
#7774 = ORIENTED_EDGE('',*,*,#7775,.F.);
#7775 = EDGE_CURVE('',#7776,#3932,#7778,.T.);
#7776 = VERTEX_POINT('',#7777);
#7777 = CARTESIAN_POINT('',(9.E-02,7.5E-02,-0.355125000056));
#7778 = SURFACE_CURVE('',#7779,(#7783,#7790),.PCURVE_S1.);
#7779 = LINE('',#7780,#7781);
#7780 = CARTESIAN_POINT('',(9.E-02,7.5E-02,-0.355125000056));
#7781 = VECTOR('',#7782,1.);
#7782 = DIRECTION('',(6.982962677686E-15,0.,1.));
#7783 = PCURVE('',#3976,#7784);
#7784 = DEFINITIONAL_REPRESENTATION('',(#7785),#7789);
#7785 = LINE('',#7786,#7787);
#7786 = CARTESIAN_POINT('',(-0.,-0.15));
#7787 = VECTOR('',#7788,1.);
#7788 = DIRECTION('',(-1.,0.));
#7789 = ( GEOMETRIC_REPRESENTATION_CONTEXT(2) 
PARAMETRIC_REPRESENTATION_CONTEXT() REPRESENTATION_CONTEXT('2D SPACE',''
  ) );
#7790 = PCURVE('',#3948,#7791);
#7791 = DEFINITIONAL_REPRESENTATION('',(#7792),#7796);
#7792 = LINE('',#7793,#7794);
#7793 = CARTESIAN_POINT('',(3.14159265359,-1.110223024625E-16));
#7794 = VECTOR('',#7795,1.);
#7795 = DIRECTION('',(0.,1.));
#7796 = ( GEOMETRIC_REPRESENTATION_CONTEXT(2) 
PARAMETRIC_REPRESENTATION_CONTEXT() REPRESENTATION_CONTEXT('2D SPACE',''
  ) );
#7797 = ORIENTED_EDGE('',*,*,#7798,.T.);
#7798 = EDGE_CURVE('',#7776,#7726,#7799,.T.);
#7799 = SURFACE_CURVE('',#7800,(#7804,#7811),.PCURVE_S1.);
#7800 = LINE('',#7801,#7802);
#7801 = CARTESIAN_POINT('',(9.E-02,0.225,-0.355125000056));
#7802 = VECTOR('',#7803,1.);
#7803 = DIRECTION('',(0.,1.,0.));
#7804 = PCURVE('',#3976,#7805);
#7805 = DEFINITIONAL_REPRESENTATION('',(#7806),#7810);
#7806 = LINE('',#7807,#7808);
#7807 = CARTESIAN_POINT('',(0.,0.));
#7808 = VECTOR('',#7809,1.);
#7809 = DIRECTION('',(0.,1.));
#7810 = ( GEOMETRIC_REPRESENTATION_CONTEXT(2) 
PARAMETRIC_REPRESENTATION_CONTEXT() REPRESENTATION_CONTEXT('2D SPACE',''
  ) );
#7811 = PCURVE('',#2965,#7812);
#7812 = DEFINITIONAL_REPRESENTATION('',(#7813),#7817);
#7813 = LINE('',#7814,#7815);
#7814 = CARTESIAN_POINT('',(-9.E-02,0.225));
#7815 = VECTOR('',#7816,1.);
#7816 = DIRECTION('',(0.,1.));
#7817 = ( GEOMETRIC_REPRESENTATION_CONTEXT(2) 
PARAMETRIC_REPRESENTATION_CONTEXT() REPRESENTATION_CONTEXT('2D SPACE',''
  ) );
#7818 = ORIENTED_EDGE('',*,*,#7749,.T.);
#7819 = ADVANCED_FACE('',(#7820),#3948,.F.);
#7820 = FACE_BOUND('',#7821,.F.);
#7821 = EDGE_LOOP('',(#7822,#7823,#7847,#7868));
#7822 = ORIENTED_EDGE('',*,*,#7775,.F.);
#7823 = ORIENTED_EDGE('',*,*,#7824,.F.);
#7824 = EDGE_CURVE('',#7825,#7776,#7827,.T.);
#7825 = VERTEX_POINT('',#7826);
#7826 = CARTESIAN_POINT('',(0.115,5.E-02,-0.355125000056));
#7827 = SURFACE_CURVE('',#7828,(#7833,#7840),.PCURVE_S1.);
#7828 = CIRCLE('',#7829,2.5E-02);
#7829 = AXIS2_PLACEMENT_3D('',#7830,#7831,#7832);
#7830 = CARTESIAN_POINT('',(0.115,7.5E-02,-0.355125000056));
#7831 = DIRECTION('',(-6.505213034913E-15,0.,-1.));
#7832 = DIRECTION('',(-1.,0.,6.505213034913E-15));
#7833 = PCURVE('',#3948,#7834);
#7834 = DEFINITIONAL_REPRESENTATION('',(#7835),#7839);
#7835 = LINE('',#7836,#7837);
#7836 = CARTESIAN_POINT('',(9.424777960769,-1.665334536938E-16));
#7837 = VECTOR('',#7838,1.);
#7838 = DIRECTION('',(-1.,3.533949646071E-17));
#7839 = ( GEOMETRIC_REPRESENTATION_CONTEXT(2) 
PARAMETRIC_REPRESENTATION_CONTEXT() REPRESENTATION_CONTEXT('2D SPACE',''
  ) );
#7840 = PCURVE('',#2965,#7841);
#7841 = DEFINITIONAL_REPRESENTATION('',(#7842),#7846);
#7842 = CIRCLE('',#7843,2.5E-02);
#7843 = AXIS2_PLACEMENT_2D('',#7844,#7845);
#7844 = CARTESIAN_POINT('',(-0.115,7.5E-02));
#7845 = DIRECTION('',(1.,0.));
#7846 = ( GEOMETRIC_REPRESENTATION_CONTEXT(2) 
PARAMETRIC_REPRESENTATION_CONTEXT() REPRESENTATION_CONTEXT('2D SPACE',''
  ) );
#7847 = ORIENTED_EDGE('',*,*,#7848,.T.);
#7848 = EDGE_CURVE('',#7825,#3904,#7849,.T.);
#7849 = SURFACE_CURVE('',#7850,(#7854,#7861),.PCURVE_S1.);
#7850 = LINE('',#7851,#7852);
#7851 = CARTESIAN_POINT('',(0.115,5.E-02,-0.355125000056));
#7852 = VECTOR('',#7853,1.);
#7853 = DIRECTION('',(6.982962677686E-15,0.,1.));
#7854 = PCURVE('',#3948,#7855);
#7855 = DEFINITIONAL_REPRESENTATION('',(#7856),#7860);
#7856 = LINE('',#7857,#7858);
#7857 = CARTESIAN_POINT('',(4.712388980385,0.));
#7858 = VECTOR('',#7859,1.);
#7859 = DIRECTION('',(0.,1.));
#7860 = ( GEOMETRIC_REPRESENTATION_CONTEXT(2) 
PARAMETRIC_REPRESENTATION_CONTEXT() REPRESENTATION_CONTEXT('2D SPACE',''
  ) );
#7861 = PCURVE('',#3919,#7862);
#7862 = DEFINITIONAL_REPRESENTATION('',(#7863),#7867);
#7863 = LINE('',#7864,#7865);
#7864 = CARTESIAN_POINT('',(-6.E-02,-5.551115123126E-16));
#7865 = VECTOR('',#7866,1.);
#7866 = DIRECTION('',(6.982962677686E-15,-1.));
#7867 = ( GEOMETRIC_REPRESENTATION_CONTEXT(2) 
PARAMETRIC_REPRESENTATION_CONTEXT() REPRESENTATION_CONTEXT('2D SPACE',''
  ) );
#7868 = ORIENTED_EDGE('',*,*,#3931,.T.);
#7869 = ADVANCED_FACE('',(#7870),#3919,.T.);
#7870 = FACE_BOUND('',#7871,.T.);
#7871 = EDGE_LOOP('',(#7872,#7873,#7896,#7917));
#7872 = ORIENTED_EDGE('',*,*,#3903,.F.);
#7873 = ORIENTED_EDGE('',*,*,#7874,.F.);
#7874 = EDGE_CURVE('',#7875,#3876,#7877,.T.);
#7875 = VERTEX_POINT('',#7876);
#7876 = CARTESIAN_POINT('',(0.175,5.E-02,-0.355125000056));
#7877 = SURFACE_CURVE('',#7878,(#7882,#7889),.PCURVE_S1.);
#7878 = LINE('',#7879,#7880);
#7879 = CARTESIAN_POINT('',(0.175,5.E-02,-0.355125000056));
#7880 = VECTOR('',#7881,1.);
#7881 = DIRECTION('',(6.982962677686E-15,0.,1.));
#7882 = PCURVE('',#3919,#7883);
#7883 = DEFINITIONAL_REPRESENTATION('',(#7884),#7888);
#7884 = LINE('',#7885,#7886);
#7885 = CARTESIAN_POINT('',(0.,0.));
#7886 = VECTOR('',#7887,1.);
#7887 = DIRECTION('',(6.982962677686E-15,-1.));
#7888 = ( GEOMETRIC_REPRESENTATION_CONTEXT(2) 
PARAMETRIC_REPRESENTATION_CONTEXT() REPRESENTATION_CONTEXT('2D SPACE',''
  ) );
#7889 = PCURVE('',#3122,#7890);
#7890 = DEFINITIONAL_REPRESENTATION('',(#7891),#7895);
#7891 = LINE('',#7892,#7893);
#7892 = CARTESIAN_POINT('',(1.570796326795,0.));
#7893 = VECTOR('',#7894,1.);
#7894 = DIRECTION('',(0.,1.));
#7895 = ( GEOMETRIC_REPRESENTATION_CONTEXT(2) 
PARAMETRIC_REPRESENTATION_CONTEXT() REPRESENTATION_CONTEXT('2D SPACE',''
  ) );
#7896 = ORIENTED_EDGE('',*,*,#7897,.T.);
#7897 = EDGE_CURVE('',#7875,#7825,#7898,.T.);
#7898 = SURFACE_CURVE('',#7899,(#7903,#7910),.PCURVE_S1.);
#7899 = LINE('',#7900,#7901);
#7900 = CARTESIAN_POINT('',(0.175,5.E-02,-0.355125000056));
#7901 = VECTOR('',#7902,1.);
#7902 = DIRECTION('',(-1.,0.,6.982962677686E-15));
#7903 = PCURVE('',#3919,#7904);
#7904 = DEFINITIONAL_REPRESENTATION('',(#7905),#7909);
#7905 = LINE('',#7906,#7907);
#7906 = CARTESIAN_POINT('',(0.,0.));
#7907 = VECTOR('',#7908,1.);
#7908 = DIRECTION('',(-1.,-6.982962677686E-15));
#7909 = ( GEOMETRIC_REPRESENTATION_CONTEXT(2) 
PARAMETRIC_REPRESENTATION_CONTEXT() REPRESENTATION_CONTEXT('2D SPACE',''
  ) );
#7910 = PCURVE('',#2965,#7911);
#7911 = DEFINITIONAL_REPRESENTATION('',(#7912),#7916);
#7912 = LINE('',#7913,#7914);
#7913 = CARTESIAN_POINT('',(-0.175,5.E-02));
#7914 = VECTOR('',#7915,1.);
#7915 = DIRECTION('',(1.,0.));
#7916 = ( GEOMETRIC_REPRESENTATION_CONTEXT(2) 
PARAMETRIC_REPRESENTATION_CONTEXT() REPRESENTATION_CONTEXT('2D SPACE',''
  ) );
#7917 = ORIENTED_EDGE('',*,*,#7848,.T.);
#7918 = ADVANCED_FACE('',(#7919),#3122,.T.);
#7919 = FACE_BOUND('',#7920,.T.);
#7920 = EDGE_LOOP('',(#7921,#7922,#7948,#7949));
#7921 = ORIENTED_EDGE('',*,*,#3106,.F.);
#7922 = ORIENTED_EDGE('',*,*,#7923,.T.);
#7923 = EDGE_CURVE('',#3074,#7875,#7924,.T.);
#7924 = SURFACE_CURVE('',#7925,(#7930,#7937),.PCURVE_S1.);
#7925 = CIRCLE('',#7926,5.E-02);
#7926 = AXIS2_PLACEMENT_3D('',#7927,#7928,#7929);
#7927 = CARTESIAN_POINT('',(0.175,1.219727444046E-16,-0.355125000056));
#7928 = DIRECTION('',(6.505213034913E-15,0.,1.));
#7929 = DIRECTION('',(-1.,0.,6.505213034913E-15));
#7930 = PCURVE('',#3122,#7931);
#7931 = DEFINITIONAL_REPRESENTATION('',(#7932),#7936);
#7932 = LINE('',#7933,#7934);
#7933 = CARTESIAN_POINT('',(-3.14159265359,-1.665334536938E-16));
#7934 = VECTOR('',#7935,1.);
#7935 = DIRECTION('',(1.,3.533949646071E-17));
#7936 = ( GEOMETRIC_REPRESENTATION_CONTEXT(2) 
PARAMETRIC_REPRESENTATION_CONTEXT() REPRESENTATION_CONTEXT('2D SPACE',''
  ) );
#7937 = PCURVE('',#2965,#7938);
#7938 = DEFINITIONAL_REPRESENTATION('',(#7939),#7947);
#7939 = ( BOUNDED_CURVE() B_SPLINE_CURVE(2,(#7940,#7941,#7942,#7943,
#7944,#7945,#7946),.UNSPECIFIED.,.T.,.F.) B_SPLINE_CURVE_WITH_KNOTS((1,2
    ,2,2,2,1),(-2.094395102393,0.,2.094395102393,4.188790204786,
6.28318530718,8.377580409573),.UNSPECIFIED.) CURVE() 
GEOMETRIC_REPRESENTATION_ITEM() RATIONAL_B_SPLINE_CURVE((1.,0.5,1.,0.5,
1.,0.5,1.)) REPRESENTATION_ITEM('') );
#7940 = CARTESIAN_POINT('',(-0.125,1.219727444046E-16));
#7941 = CARTESIAN_POINT('',(-0.125,-8.660254037844E-02));
#7942 = CARTESIAN_POINT('',(-0.2,-4.330127018922E-02));
#7943 = CARTESIAN_POINT('',(-0.275,1.097262764131E-16));
#7944 = CARTESIAN_POINT('',(-0.2,4.330127018922E-02));
#7945 = CARTESIAN_POINT('',(-0.125,8.660254037844E-02));
#7946 = CARTESIAN_POINT('',(-0.125,1.219727444046E-16));
#7947 = ( GEOMETRIC_REPRESENTATION_CONTEXT(2) 
PARAMETRIC_REPRESENTATION_CONTEXT() REPRESENTATION_CONTEXT('2D SPACE',''
  ) );
#7948 = ORIENTED_EDGE('',*,*,#7874,.T.);
#7949 = ORIENTED_EDGE('',*,*,#3875,.F.);
#7950 = ADVANCED_FACE('',(#7951),#3176,.T.);
#7951 = FACE_BOUND('',#7952,.T.);
#7952 = EDGE_LOOP('',(#7953,#7954,#7977,#7998));
#7953 = ORIENTED_EDGE('',*,*,#3853,.F.);
#7954 = ORIENTED_EDGE('',*,*,#7955,.F.);
#7955 = EDGE_CURVE('',#7956,#3825,#7958,.T.);
#7956 = VERTEX_POINT('',#7957);
#7957 = CARTESIAN_POINT('',(0.115,-5.E-02,-0.355125000056));
#7958 = SURFACE_CURVE('',#7959,(#7963,#7970),.PCURVE_S1.);
#7959 = LINE('',#7960,#7961);
#7960 = CARTESIAN_POINT('',(0.115,-5.E-02,-0.355125000056));
#7961 = VECTOR('',#7962,1.);
#7962 = DIRECTION('',(6.982962677686E-15,0.,1.));
#7963 = PCURVE('',#3176,#7964);
#7964 = DEFINITIONAL_REPRESENTATION('',(#7965),#7969);
#7965 = LINE('',#7966,#7967);
#7966 = CARTESIAN_POINT('',(-5.551115123126E-16,-6.E-02));
#7967 = VECTOR('',#7968,1.);
#7968 = DIRECTION('',(-1.,6.982962677686E-15));
#7969 = ( GEOMETRIC_REPRESENTATION_CONTEXT(2) 
PARAMETRIC_REPRESENTATION_CONTEXT() REPRESENTATION_CONTEXT('2D SPACE',''
  ) );
#7970 = PCURVE('',#3841,#7971);
#7971 = DEFINITIONAL_REPRESENTATION('',(#7972),#7976);
#7972 = LINE('',#7973,#7974);
#7973 = CARTESIAN_POINT('',(1.570796326795,0.));
#7974 = VECTOR('',#7975,1.);
#7975 = DIRECTION('',(0.,1.));
#7976 = ( GEOMETRIC_REPRESENTATION_CONTEXT(2) 
PARAMETRIC_REPRESENTATION_CONTEXT() REPRESENTATION_CONTEXT('2D SPACE',''
  ) );
#7977 = ORIENTED_EDGE('',*,*,#7978,.T.);
#7978 = EDGE_CURVE('',#7956,#3072,#7979,.T.);
#7979 = SURFACE_CURVE('',#7980,(#7984,#7991),.PCURVE_S1.);
#7980 = LINE('',#7981,#7982);
#7981 = CARTESIAN_POINT('',(0.175,-5.E-02,-0.355125000056));
#7982 = VECTOR('',#7983,1.);
#7983 = DIRECTION('',(1.,0.,-6.982962677686E-15));
#7984 = PCURVE('',#3176,#7985);
#7985 = DEFINITIONAL_REPRESENTATION('',(#7986),#7990);
#7986 = LINE('',#7987,#7988);
#7987 = CARTESIAN_POINT('',(0.,0.));
#7988 = VECTOR('',#7989,1.);
#7989 = DIRECTION('',(6.982962677686E-15,1.));
#7990 = ( GEOMETRIC_REPRESENTATION_CONTEXT(2) 
PARAMETRIC_REPRESENTATION_CONTEXT() REPRESENTATION_CONTEXT('2D SPACE',''
  ) );
#7991 = PCURVE('',#2965,#7992);
#7992 = DEFINITIONAL_REPRESENTATION('',(#7993),#7997);
#7993 = LINE('',#7994,#7995);
#7994 = CARTESIAN_POINT('',(-0.175,-5.E-02));
#7995 = VECTOR('',#7996,1.);
#7996 = DIRECTION('',(-1.,0.));
#7997 = ( GEOMETRIC_REPRESENTATION_CONTEXT(2) 
PARAMETRIC_REPRESENTATION_CONTEXT() REPRESENTATION_CONTEXT('2D SPACE',''
  ) );
#7998 = ORIENTED_EDGE('',*,*,#3162,.T.);
#7999 = ADVANCED_FACE('',(#8000),#3841,.F.);
#8000 = FACE_BOUND('',#8001,.F.);
#8001 = EDGE_LOOP('',(#8002,#8003,#8027,#8048));
#8002 = ORIENTED_EDGE('',*,*,#7955,.F.);
#8003 = ORIENTED_EDGE('',*,*,#8004,.F.);
#8004 = EDGE_CURVE('',#8005,#7956,#8007,.T.);
#8005 = VERTEX_POINT('',#8006);
#8006 = CARTESIAN_POINT('',(9.E-02,-7.5E-02,-0.355125000056));
#8007 = SURFACE_CURVE('',#8008,(#8013,#8020),.PCURVE_S1.);
#8008 = CIRCLE('',#8009,2.5E-02);
#8009 = AXIS2_PLACEMENT_3D('',#8010,#8011,#8012);
#8010 = CARTESIAN_POINT('',(0.115,-7.5E-02,-0.355125000056));
#8011 = DIRECTION('',(-6.505213034913E-15,0.,-1.));
#8012 = DIRECTION('',(1.,0.,-6.505213034913E-15));
#8013 = PCURVE('',#3841,#8014);
#8014 = DEFINITIONAL_REPRESENTATION('',(#8015),#8019);
#8015 = LINE('',#8016,#8017);
#8016 = CARTESIAN_POINT('',(6.28318530718,1.665334536938E-16));
#8017 = VECTOR('',#8018,1.);
#8018 = DIRECTION('',(-1.,-3.533949646071E-17));
#8019 = ( GEOMETRIC_REPRESENTATION_CONTEXT(2) 
PARAMETRIC_REPRESENTATION_CONTEXT() REPRESENTATION_CONTEXT('2D SPACE',''
  ) );
#8020 = PCURVE('',#2965,#8021);
#8021 = DEFINITIONAL_REPRESENTATION('',(#8022),#8026);
#8022 = CIRCLE('',#8023,2.5E-02);
#8023 = AXIS2_PLACEMENT_2D('',#8024,#8025);
#8024 = CARTESIAN_POINT('',(-0.115,-7.5E-02));
#8025 = DIRECTION('',(-1.,0.));
#8026 = ( GEOMETRIC_REPRESENTATION_CONTEXT(2) 
PARAMETRIC_REPRESENTATION_CONTEXT() REPRESENTATION_CONTEXT('2D SPACE',''
  ) );
#8027 = ORIENTED_EDGE('',*,*,#8028,.T.);
#8028 = EDGE_CURVE('',#8005,#3797,#8029,.T.);
#8029 = SURFACE_CURVE('',#8030,(#8034,#8041),.PCURVE_S1.);
#8030 = LINE('',#8031,#8032);
#8031 = CARTESIAN_POINT('',(9.E-02,-7.5E-02,-0.355125000056));
#8032 = VECTOR('',#8033,1.);
#8033 = DIRECTION('',(6.982962677686E-15,0.,1.));
#8034 = PCURVE('',#3841,#8035);
#8035 = DEFINITIONAL_REPRESENTATION('',(#8036),#8040);
#8036 = LINE('',#8037,#8038);
#8037 = CARTESIAN_POINT('',(3.14159265359,-1.110223024625E-16));
#8038 = VECTOR('',#8039,1.);
#8039 = DIRECTION('',(0.,1.));
#8040 = ( GEOMETRIC_REPRESENTATION_CONTEXT(2) 
PARAMETRIC_REPRESENTATION_CONTEXT() REPRESENTATION_CONTEXT('2D SPACE',''
  ) );
#8041 = PCURVE('',#3812,#8042);
#8042 = DEFINITIONAL_REPRESENTATION('',(#8043),#8047);
#8043 = LINE('',#8044,#8045);
#8044 = CARTESIAN_POINT('',(0.,0.));
#8045 = VECTOR('',#8046,1.);
#8046 = DIRECTION('',(-1.,0.));
#8047 = ( GEOMETRIC_REPRESENTATION_CONTEXT(2) 
PARAMETRIC_REPRESENTATION_CONTEXT() REPRESENTATION_CONTEXT('2D SPACE',''
  ) );
#8048 = ORIENTED_EDGE('',*,*,#3824,.T.);
#8049 = ADVANCED_FACE('',(#8050),#3812,.T.);
#8050 = FACE_BOUND('',#8051,.T.);
#8051 = EDGE_LOOP('',(#8052,#8053,#8076,#8097));
#8052 = ORIENTED_EDGE('',*,*,#3796,.F.);
#8053 = ORIENTED_EDGE('',*,*,#8054,.F.);
#8054 = EDGE_CURVE('',#8055,#3768,#8057,.T.);
#8055 = VERTEX_POINT('',#8056);
#8056 = CARTESIAN_POINT('',(9.E-02,-0.225,-0.355125000056));
#8057 = SURFACE_CURVE('',#8058,(#8062,#8069),.PCURVE_S1.);
#8058 = LINE('',#8059,#8060);
#8059 = CARTESIAN_POINT('',(9.E-02,-0.225,-0.355125000056));
#8060 = VECTOR('',#8061,1.);
#8061 = DIRECTION('',(6.982962677686E-15,0.,1.));
#8062 = PCURVE('',#3812,#8063);
#8063 = DEFINITIONAL_REPRESENTATION('',(#8064),#8068);
#8064 = LINE('',#8065,#8066);
#8065 = CARTESIAN_POINT('',(-0.,-0.15));
#8066 = VECTOR('',#8067,1.);
#8067 = DIRECTION('',(-1.,0.));
#8068 = ( GEOMETRIC_REPRESENTATION_CONTEXT(2) 
PARAMETRIC_REPRESENTATION_CONTEXT() REPRESENTATION_CONTEXT('2D SPACE',''
  ) );
#8069 = PCURVE('',#3784,#8070);
#8070 = DEFINITIONAL_REPRESENTATION('',(#8071),#8075);
#8071 = LINE('',#8072,#8073);
#8072 = CARTESIAN_POINT('',(3.14159265359,-1.110223024625E-16));
#8073 = VECTOR('',#8074,1.);
#8074 = DIRECTION('',(0.,1.));
#8075 = ( GEOMETRIC_REPRESENTATION_CONTEXT(2) 
PARAMETRIC_REPRESENTATION_CONTEXT() REPRESENTATION_CONTEXT('2D SPACE',''
  ) );
#8076 = ORIENTED_EDGE('',*,*,#8077,.T.);
#8077 = EDGE_CURVE('',#8055,#8005,#8078,.T.);
#8078 = SURFACE_CURVE('',#8079,(#8083,#8090),.PCURVE_S1.);
#8079 = LINE('',#8080,#8081);
#8080 = CARTESIAN_POINT('',(9.E-02,-7.5E-02,-0.355125000056));
#8081 = VECTOR('',#8082,1.);
#8082 = DIRECTION('',(0.,1.,0.));
#8083 = PCURVE('',#3812,#8084);
#8084 = DEFINITIONAL_REPRESENTATION('',(#8085),#8089);
#8085 = LINE('',#8086,#8087);
#8086 = CARTESIAN_POINT('',(0.,0.));
#8087 = VECTOR('',#8088,1.);
#8088 = DIRECTION('',(0.,1.));
#8089 = ( GEOMETRIC_REPRESENTATION_CONTEXT(2) 
PARAMETRIC_REPRESENTATION_CONTEXT() REPRESENTATION_CONTEXT('2D SPACE',''
  ) );
#8090 = PCURVE('',#2965,#8091);
#8091 = DEFINITIONAL_REPRESENTATION('',(#8092),#8096);
#8092 = LINE('',#8093,#8094);
#8093 = CARTESIAN_POINT('',(-9.E-02,-7.5E-02));
#8094 = VECTOR('',#8095,1.);
#8095 = DIRECTION('',(0.,1.));
#8096 = ( GEOMETRIC_REPRESENTATION_CONTEXT(2) 
PARAMETRIC_REPRESENTATION_CONTEXT() REPRESENTATION_CONTEXT('2D SPACE',''
  ) );
#8097 = ORIENTED_EDGE('',*,*,#8028,.T.);
#8098 = ADVANCED_FACE('',(#8099),#3784,.F.);
#8099 = FACE_BOUND('',#8100,.F.);
#8100 = EDGE_LOOP('',(#8101,#8102,#8126,#8147));
#8101 = ORIENTED_EDGE('',*,*,#8054,.F.);
#8102 = ORIENTED_EDGE('',*,*,#8103,.F.);
#8103 = EDGE_CURVE('',#8104,#8055,#8106,.T.);
#8104 = VERTEX_POINT('',#8105);
#8105 = CARTESIAN_POINT('',(0.115,-0.25,-0.355125000056));
#8106 = SURFACE_CURVE('',#8107,(#8112,#8119),.PCURVE_S1.);
#8107 = CIRCLE('',#8108,2.5E-02);
#8108 = AXIS2_PLACEMENT_3D('',#8109,#8110,#8111);
#8109 = CARTESIAN_POINT('',(0.115,-0.225,-0.355125000056));
#8110 = DIRECTION('',(-6.505213034913E-15,0.,-1.));
#8111 = DIRECTION('',(-1.,0.,6.505213034913E-15));
#8112 = PCURVE('',#3784,#8113);
#8113 = DEFINITIONAL_REPRESENTATION('',(#8114),#8118);
#8114 = LINE('',#8115,#8116);
#8115 = CARTESIAN_POINT('',(9.424777960769,-1.665334536938E-16));
#8116 = VECTOR('',#8117,1.);
#8117 = DIRECTION('',(-1.,3.533949646071E-17));
#8118 = ( GEOMETRIC_REPRESENTATION_CONTEXT(2) 
PARAMETRIC_REPRESENTATION_CONTEXT() REPRESENTATION_CONTEXT('2D SPACE',''
  ) );
#8119 = PCURVE('',#2965,#8120);
#8120 = DEFINITIONAL_REPRESENTATION('',(#8121),#8125);
#8121 = CIRCLE('',#8122,2.5E-02);
#8122 = AXIS2_PLACEMENT_2D('',#8123,#8124);
#8123 = CARTESIAN_POINT('',(-0.115,-0.225));
#8124 = DIRECTION('',(1.,0.));
#8125 = ( GEOMETRIC_REPRESENTATION_CONTEXT(2) 
PARAMETRIC_REPRESENTATION_CONTEXT() REPRESENTATION_CONTEXT('2D SPACE',''
  ) );
#8126 = ORIENTED_EDGE('',*,*,#8127,.T.);
#8127 = EDGE_CURVE('',#8104,#3740,#8128,.T.);
#8128 = SURFACE_CURVE('',#8129,(#8133,#8140),.PCURVE_S1.);
#8129 = LINE('',#8130,#8131);
#8130 = CARTESIAN_POINT('',(0.115,-0.25,-0.355125000056));
#8131 = VECTOR('',#8132,1.);
#8132 = DIRECTION('',(6.982962677686E-15,0.,1.));
#8133 = PCURVE('',#3784,#8134);
#8134 = DEFINITIONAL_REPRESENTATION('',(#8135),#8139);
#8135 = LINE('',#8136,#8137);
#8136 = CARTESIAN_POINT('',(4.712388980385,0.));
#8137 = VECTOR('',#8138,1.);
#8138 = DIRECTION('',(0.,1.));
#8139 = ( GEOMETRIC_REPRESENTATION_CONTEXT(2) 
PARAMETRIC_REPRESENTATION_CONTEXT() REPRESENTATION_CONTEXT('2D SPACE',''
  ) );
#8140 = PCURVE('',#3755,#8141);
#8141 = DEFINITIONAL_REPRESENTATION('',(#8142),#8146);
#8142 = LINE('',#8143,#8144);
#8143 = CARTESIAN_POINT('',(0.,0.));
#8144 = VECTOR('',#8145,1.);
#8145 = DIRECTION('',(6.982962677686E-15,-1.));
#8146 = ( GEOMETRIC_REPRESENTATION_CONTEXT(2) 
PARAMETRIC_REPRESENTATION_CONTEXT() REPRESENTATION_CONTEXT('2D SPACE',''
  ) );
#8147 = ORIENTED_EDGE('',*,*,#3767,.T.);
#8148 = ADVANCED_FACE('',(#8149),#3755,.T.);
#8149 = FACE_BOUND('',#8150,.T.);
#8150 = EDGE_LOOP('',(#8151,#8152,#8175,#8196));
#8151 = ORIENTED_EDGE('',*,*,#3739,.F.);
#8152 = ORIENTED_EDGE('',*,*,#8153,.F.);
#8153 = EDGE_CURVE('',#8154,#3711,#8156,.T.);
#8154 = VERTEX_POINT('',#8155);
#8155 = CARTESIAN_POINT('',(0.238944487245,-0.25,-0.355125000056));
#8156 = SURFACE_CURVE('',#8157,(#8161,#8168),.PCURVE_S1.);
#8157 = LINE('',#8158,#8159);
#8158 = CARTESIAN_POINT('',(0.238944487245,-0.25,-0.355125000056));
#8159 = VECTOR('',#8160,1.);
#8160 = DIRECTION('',(6.982962677686E-15,0.,1.));
#8161 = PCURVE('',#3755,#8162);
#8162 = DEFINITIONAL_REPRESENTATION('',(#8163),#8167);
#8163 = LINE('',#8164,#8165);
#8164 = CARTESIAN_POINT('',(0.123944487245,1.054711873394E-15));
#8165 = VECTOR('',#8166,1.);
#8166 = DIRECTION('',(6.982962677686E-15,-1.));
#8167 = ( GEOMETRIC_REPRESENTATION_CONTEXT(2) 
PARAMETRIC_REPRESENTATION_CONTEXT() REPRESENTATION_CONTEXT('2D SPACE',''
  ) );
#8168 = PCURVE('',#3727,#8169);
#8169 = DEFINITIONAL_REPRESENTATION('',(#8170),#8174);
#8170 = LINE('',#8171,#8172);
#8171 = CARTESIAN_POINT('',(4.712388980385,0.));
#8172 = VECTOR('',#8173,1.);
#8173 = DIRECTION('',(0.,1.));
#8174 = ( GEOMETRIC_REPRESENTATION_CONTEXT(2) 
PARAMETRIC_REPRESENTATION_CONTEXT() REPRESENTATION_CONTEXT('2D SPACE',''
  ) );
#8175 = ORIENTED_EDGE('',*,*,#8176,.T.);
#8176 = EDGE_CURVE('',#8154,#8104,#8177,.T.);
#8177 = SURFACE_CURVE('',#8178,(#8182,#8189),.PCURVE_S1.);
#8178 = LINE('',#8179,#8180);
#8179 = CARTESIAN_POINT('',(0.115,-0.25,-0.355125000056));
#8180 = VECTOR('',#8181,1.);
#8181 = DIRECTION('',(-1.,0.,6.982962677686E-15));
#8182 = PCURVE('',#3755,#8183);
#8183 = DEFINITIONAL_REPRESENTATION('',(#8184),#8188);
#8184 = LINE('',#8185,#8186);
#8185 = CARTESIAN_POINT('',(0.,0.));
#8186 = VECTOR('',#8187,1.);
#8187 = DIRECTION('',(-1.,-6.982962677686E-15));
#8188 = ( GEOMETRIC_REPRESENTATION_CONTEXT(2) 
PARAMETRIC_REPRESENTATION_CONTEXT() REPRESENTATION_CONTEXT('2D SPACE',''
  ) );
#8189 = PCURVE('',#2965,#8190);
#8190 = DEFINITIONAL_REPRESENTATION('',(#8191),#8195);
#8191 = LINE('',#8192,#8193);
#8192 = CARTESIAN_POINT('',(-0.115,-0.25));
#8193 = VECTOR('',#8194,1.);
#8194 = DIRECTION('',(1.,0.));
#8195 = ( GEOMETRIC_REPRESENTATION_CONTEXT(2) 
PARAMETRIC_REPRESENTATION_CONTEXT() REPRESENTATION_CONTEXT('2D SPACE',''
  ) );
#8196 = ORIENTED_EDGE('',*,*,#8127,.T.);
#8197 = ADVANCED_FACE('',(#8198),#3727,.F.);
#8198 = FACE_BOUND('',#8199,.F.);
#8199 = EDGE_LOOP('',(#8200,#8201,#8225,#8246));
#8200 = ORIENTED_EDGE('',*,*,#8153,.F.);
#8201 = ORIENTED_EDGE('',*,*,#8202,.F.);
#8202 = EDGE_CURVE('',#8203,#8154,#8205,.T.);
#8203 = VERTEX_POINT('',#8204);
#8204 = CARTESIAN_POINT('',(0.251821456086,-0.246428571429,
    -0.355125000056));
#8205 = SURFACE_CURVE('',#8206,(#8211,#8218),.PCURVE_S1.);
#8206 = CIRCLE('',#8207,2.5E-02);
#8207 = AXIS2_PLACEMENT_3D('',#8208,#8209,#8210);
#8208 = CARTESIAN_POINT('',(0.238944487245,-0.225,-0.355125000056));
#8209 = DIRECTION('',(-6.505213034913E-15,0.,-1.));
#8210 = DIRECTION('',(-1.,0.,6.505213034913E-15));
#8211 = PCURVE('',#3727,#8212);
#8212 = DEFINITIONAL_REPRESENTATION('',(#8213),#8217);
#8213 = LINE('',#8214,#8215);
#8214 = CARTESIAN_POINT('',(9.424777960769,0.));
#8215 = VECTOR('',#8216,1.);
#8216 = DIRECTION('',(-1.,0.));
#8217 = ( GEOMETRIC_REPRESENTATION_CONTEXT(2) 
PARAMETRIC_REPRESENTATION_CONTEXT() REPRESENTATION_CONTEXT('2D SPACE',''
  ) );
#8218 = PCURVE('',#2965,#8219);
#8219 = DEFINITIONAL_REPRESENTATION('',(#8220),#8224);
#8220 = CIRCLE('',#8221,2.5E-02);
#8221 = AXIS2_PLACEMENT_2D('',#8222,#8223);
#8222 = CARTESIAN_POINT('',(-0.238944487245,-0.225));
#8223 = DIRECTION('',(1.,0.));
#8224 = ( GEOMETRIC_REPRESENTATION_CONTEXT(2) 
PARAMETRIC_REPRESENTATION_CONTEXT() REPRESENTATION_CONTEXT('2D SPACE',''
  ) );
#8225 = ORIENTED_EDGE('',*,*,#8226,.T.);
#8226 = EDGE_CURVE('',#8203,#3683,#8227,.T.);
#8227 = SURFACE_CURVE('',#8228,(#8232,#8239),.PCURVE_S1.);
#8228 = LINE('',#8229,#8230);
#8229 = CARTESIAN_POINT('',(0.251821456086,-0.246428571429,
    -0.355125000056));
#8230 = VECTOR('',#8231,1.);
#8231 = DIRECTION('',(6.982962677686E-15,0.,1.));
#8232 = PCURVE('',#3727,#8233);
#8233 = DEFINITIONAL_REPRESENTATION('',(#8234),#8238);
#8234 = LINE('',#8235,#8236);
#8235 = CARTESIAN_POINT('',(5.253488506342,1.110223024625E-16));
#8236 = VECTOR('',#8237,1.);
#8237 = DIRECTION('',(0.,1.));
#8238 = ( GEOMETRIC_REPRESENTATION_CONTEXT(2) 
PARAMETRIC_REPRESENTATION_CONTEXT() REPRESENTATION_CONTEXT('2D SPACE',''
  ) );
#8239 = PCURVE('',#2997,#8240);
#8240 = DEFINITIONAL_REPRESENTATION('',(#8241),#8245);
#8241 = LINE('',#8242,#8243);
#8242 = CARTESIAN_POINT('',(2.111895852752,-1.665334536938E-16));
#8243 = VECTOR('',#8244,1.);
#8244 = DIRECTION('',(0.,1.));
#8245 = ( GEOMETRIC_REPRESENTATION_CONTEXT(2) 
PARAMETRIC_REPRESENTATION_CONTEXT() REPRESENTATION_CONTEXT('2D SPACE',''
  ) );
#8246 = ORIENTED_EDGE('',*,*,#3710,.T.);
#8247 = ADVANCED_FACE('',(#8248),#2997,.T.);
#8248 = FACE_BOUND('',#8249,.T.);
#8249 = EDGE_LOOP('',(#8250,#8251,#8277,#8278));
#8250 = ORIENTED_EDGE('',*,*,#2981,.F.);
#8251 = ORIENTED_EDGE('',*,*,#8252,.T.);
#8252 = EDGE_CURVE('',#2944,#8203,#8253,.T.);
#8253 = SURFACE_CURVE('',#8254,(#8259,#8266),.PCURVE_S1.);
#8254 = CIRCLE('',#8255,4.5E-02);
#8255 = AXIS2_PLACEMENT_3D('',#8256,#8257,#8258);
#8256 = CARTESIAN_POINT('',(0.275,-0.285,-0.355125000056));
#8257 = DIRECTION('',(7.228014483237E-15,0.,1.));
#8258 = DIRECTION('',(-1.,0.,7.228014483237E-15));
#8259 = PCURVE('',#2997,#8260);
#8260 = DEFINITIONAL_REPRESENTATION('',(#8261),#8265);
#8261 = LINE('',#8262,#8263);
#8262 = CARTESIAN_POINT('',(-3.14159265359,0.));
#8263 = VECTOR('',#8264,1.);
#8264 = DIRECTION('',(1.,0.));
#8265 = ( GEOMETRIC_REPRESENTATION_CONTEXT(2) 
PARAMETRIC_REPRESENTATION_CONTEXT() REPRESENTATION_CONTEXT('2D SPACE',''
  ) );
#8266 = PCURVE('',#2965,#8267);
#8267 = DEFINITIONAL_REPRESENTATION('',(#8268),#8276);
#8268 = ( BOUNDED_CURVE() B_SPLINE_CURVE(2,(#8269,#8270,#8271,#8272,
#8273,#8274,#8275),.UNSPECIFIED.,.T.,.F.) B_SPLINE_CURVE_WITH_KNOTS((1,2
    ,2,2,2,1),(-2.094395102393,0.,2.094395102393,4.188790204786,
6.28318530718,8.377580409573),.UNSPECIFIED.) CURVE() 
GEOMETRIC_REPRESENTATION_ITEM() RATIONAL_B_SPLINE_CURVE((1.,0.5,1.,0.5,
1.,0.5,1.)) REPRESENTATION_ITEM('') );
#8269 = CARTESIAN_POINT('',(-0.23,-0.285));
#8270 = CARTESIAN_POINT('',(-0.23,-0.362942286341));
#8271 = CARTESIAN_POINT('',(-0.2975,-0.32397114317));
#8272 = CARTESIAN_POINT('',(-0.365,-0.285));
#8273 = CARTESIAN_POINT('',(-0.2975,-0.24602885683));
#8274 = CARTESIAN_POINT('',(-0.23,-0.207057713659));
#8275 = CARTESIAN_POINT('',(-0.23,-0.285));
#8276 = ( GEOMETRIC_REPRESENTATION_CONTEXT(2) 
PARAMETRIC_REPRESENTATION_CONTEXT() REPRESENTATION_CONTEXT('2D SPACE',''
  ) );
#8277 = ORIENTED_EDGE('',*,*,#8226,.T.);
#8278 = ORIENTED_EDGE('',*,*,#3682,.F.);
#8279 = ADVANCED_FACE('',(#8280),#3056,.F.);
#8280 = FACE_BOUND('',#8281,.F.);
#8281 = EDGE_LOOP('',(#8282,#8283,#8307,#8328));
#8282 = ORIENTED_EDGE('',*,*,#3042,.F.);
#8283 = ORIENTED_EDGE('',*,*,#8284,.F.);
#8284 = EDGE_CURVE('',#8285,#2942,#8287,.T.);
#8285 = VERTEX_POINT('',#8286);
#8286 = CARTESIAN_POINT('',(0.238944487245,-0.32,-0.355125000056));
#8287 = SURFACE_CURVE('',#8288,(#8293,#8300),.PCURVE_S1.);
#8288 = CIRCLE('',#8289,2.5E-02);
#8289 = AXIS2_PLACEMENT_3D('',#8290,#8291,#8292);
#8290 = CARTESIAN_POINT('',(0.238944487245,-0.345,-0.355125000056));
#8291 = DIRECTION('',(-6.505213034913E-15,0.,-1.));
#8292 = DIRECTION('',(1.,0.,-6.505213034913E-15));
#8293 = PCURVE('',#3056,#8294);
#8294 = DEFINITIONAL_REPRESENTATION('',(#8295),#8299);
#8295 = LINE('',#8296,#8297);
#8296 = CARTESIAN_POINT('',(6.28318530718,0.));
#8297 = VECTOR('',#8298,1.);
#8298 = DIRECTION('',(-1.,0.));
#8299 = ( GEOMETRIC_REPRESENTATION_CONTEXT(2) 
PARAMETRIC_REPRESENTATION_CONTEXT() REPRESENTATION_CONTEXT('2D SPACE',''
  ) );
#8300 = PCURVE('',#2965,#8301);
#8301 = DEFINITIONAL_REPRESENTATION('',(#8302),#8306);
#8302 = CIRCLE('',#8303,2.5E-02);
#8303 = AXIS2_PLACEMENT_2D('',#8304,#8305);
#8304 = CARTESIAN_POINT('',(-0.238944487245,-0.345));
#8305 = DIRECTION('',(-1.,0.));
#8306 = ( GEOMETRIC_REPRESENTATION_CONTEXT(2) 
PARAMETRIC_REPRESENTATION_CONTEXT() REPRESENTATION_CONTEXT('2D SPACE',''
  ) );
#8307 = ORIENTED_EDGE('',*,*,#8308,.T.);
#8308 = EDGE_CURVE('',#8285,#3632,#8309,.T.);
#8309 = SURFACE_CURVE('',#8310,(#8314,#8321),.PCURVE_S1.);
#8310 = LINE('',#8311,#8312);
#8311 = CARTESIAN_POINT('',(0.238944487245,-0.32,-0.355125000056));
#8312 = VECTOR('',#8313,1.);
#8313 = DIRECTION('',(6.982962677686E-15,0.,1.));
#8314 = PCURVE('',#3056,#8315);
#8315 = DEFINITIONAL_REPRESENTATION('',(#8316),#8320);
#8316 = LINE('',#8317,#8318);
#8317 = CARTESIAN_POINT('',(1.570796326795,0.));
#8318 = VECTOR('',#8319,1.);
#8319 = DIRECTION('',(0.,1.));
#8320 = ( GEOMETRIC_REPRESENTATION_CONTEXT(2) 
PARAMETRIC_REPRESENTATION_CONTEXT() REPRESENTATION_CONTEXT('2D SPACE',''
  ) );
#8321 = PCURVE('',#3647,#8322);
#8322 = DEFINITIONAL_REPRESENTATION('',(#8323),#8327);
#8323 = LINE('',#8324,#8325);
#8324 = CARTESIAN_POINT('',(-0.123944487245,1.054711873394E-15));
#8325 = VECTOR('',#8326,1.);
#8326 = DIRECTION('',(-6.982962677686E-15,-1.));
#8327 = ( GEOMETRIC_REPRESENTATION_CONTEXT(2) 
PARAMETRIC_REPRESENTATION_CONTEXT() REPRESENTATION_CONTEXT('2D SPACE',''
  ) );
#8328 = ORIENTED_EDGE('',*,*,#3659,.T.);
#8329 = ADVANCED_FACE('',(#8330),#3647,.T.);
#8330 = FACE_BOUND('',#8331,.T.);
#8331 = EDGE_LOOP('',(#8332,#8333,#8356,#8377));
#8332 = ORIENTED_EDGE('',*,*,#3631,.F.);
#8333 = ORIENTED_EDGE('',*,*,#8334,.F.);
#8334 = EDGE_CURVE('',#8335,#3603,#8337,.T.);
#8335 = VERTEX_POINT('',#8336);
#8336 = CARTESIAN_POINT('',(0.115,-0.32,-0.355125000056));
#8337 = SURFACE_CURVE('',#8338,(#8342,#8349),.PCURVE_S1.);
#8338 = LINE('',#8339,#8340);
#8339 = CARTESIAN_POINT('',(0.115,-0.32,-0.355125000056));
#8340 = VECTOR('',#8341,1.);
#8341 = DIRECTION('',(6.982962677686E-15,0.,1.));
#8342 = PCURVE('',#3647,#8343);
#8343 = DEFINITIONAL_REPRESENTATION('',(#8344),#8348);
#8344 = LINE('',#8345,#8346);
#8345 = CARTESIAN_POINT('',(0.,-0.));
#8346 = VECTOR('',#8347,1.);
#8347 = DIRECTION('',(-6.982962677686E-15,-1.));
#8348 = ( GEOMETRIC_REPRESENTATION_CONTEXT(2) 
PARAMETRIC_REPRESENTATION_CONTEXT() REPRESENTATION_CONTEXT('2D SPACE',''
  ) );
#8349 = PCURVE('',#3619,#8350);
#8350 = DEFINITIONAL_REPRESENTATION('',(#8351),#8355);
#8351 = LINE('',#8352,#8353);
#8352 = CARTESIAN_POINT('',(1.570796326795,0.));
#8353 = VECTOR('',#8354,1.);
#8354 = DIRECTION('',(0.,1.));
#8355 = ( GEOMETRIC_REPRESENTATION_CONTEXT(2) 
PARAMETRIC_REPRESENTATION_CONTEXT() REPRESENTATION_CONTEXT('2D SPACE',''
  ) );
#8356 = ORIENTED_EDGE('',*,*,#8357,.T.);
#8357 = EDGE_CURVE('',#8335,#8285,#8358,.T.);
#8358 = SURFACE_CURVE('',#8359,(#8363,#8370),.PCURVE_S1.);
#8359 = LINE('',#8360,#8361);
#8360 = CARTESIAN_POINT('',(0.115,-0.32,-0.355125000056));
#8361 = VECTOR('',#8362,1.);
#8362 = DIRECTION('',(1.,-4.373741005274E-16,-6.982962677686E-15));
#8363 = PCURVE('',#3647,#8364);
#8364 = DEFINITIONAL_REPRESENTATION('',(#8365),#8369);
#8365 = LINE('',#8366,#8367);
#8366 = CARTESIAN_POINT('',(0.,-0.));
#8367 = VECTOR('',#8368,1.);
#8368 = DIRECTION('',(-1.,6.982962677686E-15));
#8369 = ( GEOMETRIC_REPRESENTATION_CONTEXT(2) 
PARAMETRIC_REPRESENTATION_CONTEXT() REPRESENTATION_CONTEXT('2D SPACE',''
  ) );
#8370 = PCURVE('',#2965,#8371);
#8371 = DEFINITIONAL_REPRESENTATION('',(#8372),#8376);
#8372 = LINE('',#8373,#8374);
#8373 = CARTESIAN_POINT('',(-0.115,-0.32));
#8374 = VECTOR('',#8375,1.);
#8375 = DIRECTION('',(-1.,-4.373741005274E-16));
#8376 = ( GEOMETRIC_REPRESENTATION_CONTEXT(2) 
PARAMETRIC_REPRESENTATION_CONTEXT() REPRESENTATION_CONTEXT('2D SPACE',''
  ) );
#8377 = ORIENTED_EDGE('',*,*,#8308,.T.);
#8378 = ADVANCED_FACE('',(#8379),#3619,.F.);
#8379 = FACE_BOUND('',#8380,.F.);
#8380 = EDGE_LOOP('',(#8381,#8382,#8406,#8427));
#8381 = ORIENTED_EDGE('',*,*,#8334,.F.);
#8382 = ORIENTED_EDGE('',*,*,#8383,.F.);
#8383 = EDGE_CURVE('',#8384,#8335,#8386,.T.);
#8384 = VERTEX_POINT('',#8385);
#8385 = CARTESIAN_POINT('',(9.E-02,-0.345,-0.355125000056));
#8386 = SURFACE_CURVE('',#8387,(#8392,#8399),.PCURVE_S1.);
#8387 = CIRCLE('',#8388,2.5E-02);
#8388 = AXIS2_PLACEMENT_3D('',#8389,#8390,#8391);
#8389 = CARTESIAN_POINT('',(0.115,-0.345,-0.355125000056));
#8390 = DIRECTION('',(-6.505213034913E-15,0.,-1.));
#8391 = DIRECTION('',(1.,0.,-6.505213034913E-15));
#8392 = PCURVE('',#3619,#8393);
#8393 = DEFINITIONAL_REPRESENTATION('',(#8394),#8398);
#8394 = LINE('',#8395,#8396);
#8395 = CARTESIAN_POINT('',(6.28318530718,1.665334536938E-16));
#8396 = VECTOR('',#8397,1.);
#8397 = DIRECTION('',(-1.,-3.533949646071E-17));
#8398 = ( GEOMETRIC_REPRESENTATION_CONTEXT(2) 
PARAMETRIC_REPRESENTATION_CONTEXT() REPRESENTATION_CONTEXT('2D SPACE',''
  ) );
#8399 = PCURVE('',#2965,#8400);
#8400 = DEFINITIONAL_REPRESENTATION('',(#8401),#8405);
#8401 = CIRCLE('',#8402,2.5E-02);
#8402 = AXIS2_PLACEMENT_2D('',#8403,#8404);
#8403 = CARTESIAN_POINT('',(-0.115,-0.345));
#8404 = DIRECTION('',(-1.,0.));
#8405 = ( GEOMETRIC_REPRESENTATION_CONTEXT(2) 
PARAMETRIC_REPRESENTATION_CONTEXT() REPRESENTATION_CONTEXT('2D SPACE',''
  ) );
#8406 = ORIENTED_EDGE('',*,*,#8407,.T.);
#8407 = EDGE_CURVE('',#8384,#3575,#8408,.T.);
#8408 = SURFACE_CURVE('',#8409,(#8413,#8420),.PCURVE_S1.);
#8409 = LINE('',#8410,#8411);
#8410 = CARTESIAN_POINT('',(9.E-02,-0.345,-0.355125000056));
#8411 = VECTOR('',#8412,1.);
#8412 = DIRECTION('',(6.982962677686E-15,0.,1.));
#8413 = PCURVE('',#3619,#8414);
#8414 = DEFINITIONAL_REPRESENTATION('',(#8415),#8419);
#8415 = LINE('',#8416,#8417);
#8416 = CARTESIAN_POINT('',(3.14159265359,-1.110223024625E-16));
#8417 = VECTOR('',#8418,1.);
#8418 = DIRECTION('',(0.,1.));
#8419 = ( GEOMETRIC_REPRESENTATION_CONTEXT(2) 
PARAMETRIC_REPRESENTATION_CONTEXT() REPRESENTATION_CONTEXT('2D SPACE',''
  ) );
#8420 = PCURVE('',#3590,#8421);
#8421 = DEFINITIONAL_REPRESENTATION('',(#8422),#8426);
#8422 = LINE('',#8423,#8424);
#8423 = CARTESIAN_POINT('',(0.,0.));
#8424 = VECTOR('',#8425,1.);
#8425 = DIRECTION('',(-1.,0.));
#8426 = ( GEOMETRIC_REPRESENTATION_CONTEXT(2) 
PARAMETRIC_REPRESENTATION_CONTEXT() REPRESENTATION_CONTEXT('2D SPACE',''
  ) );
#8427 = ORIENTED_EDGE('',*,*,#3602,.T.);
#8428 = ADVANCED_FACE('',(#8429),#3590,.T.);
#8429 = FACE_BOUND('',#8430,.T.);
#8430 = EDGE_LOOP('',(#8431,#8432,#8455,#8476));
#8431 = ORIENTED_EDGE('',*,*,#3574,.F.);
#8432 = ORIENTED_EDGE('',*,*,#8433,.F.);
#8433 = EDGE_CURVE('',#8434,#3546,#8436,.T.);
#8434 = VERTEX_POINT('',#8435);
#8435 = CARTESIAN_POINT('',(9.E-02,-0.595,-0.355125000056));
#8436 = SURFACE_CURVE('',#8437,(#8441,#8448),.PCURVE_S1.);
#8437 = LINE('',#8438,#8439);
#8438 = CARTESIAN_POINT('',(9.E-02,-0.595,-0.355125000056));
#8439 = VECTOR('',#8440,1.);
#8440 = DIRECTION('',(6.982962677686E-15,0.,1.));
#8441 = PCURVE('',#3590,#8442);
#8442 = DEFINITIONAL_REPRESENTATION('',(#8443),#8447);
#8443 = LINE('',#8444,#8445);
#8444 = CARTESIAN_POINT('',(-0.,-0.25));
#8445 = VECTOR('',#8446,1.);
#8446 = DIRECTION('',(-1.,0.));
#8447 = ( GEOMETRIC_REPRESENTATION_CONTEXT(2) 
PARAMETRIC_REPRESENTATION_CONTEXT() REPRESENTATION_CONTEXT('2D SPACE',''
  ) );
#8448 = PCURVE('',#3562,#8449);
#8449 = DEFINITIONAL_REPRESENTATION('',(#8450),#8454);
#8450 = LINE('',#8451,#8452);
#8451 = CARTESIAN_POINT('',(3.14159265359,-1.110223024625E-16));
#8452 = VECTOR('',#8453,1.);
#8453 = DIRECTION('',(0.,1.));
#8454 = ( GEOMETRIC_REPRESENTATION_CONTEXT(2) 
PARAMETRIC_REPRESENTATION_CONTEXT() REPRESENTATION_CONTEXT('2D SPACE',''
  ) );
#8455 = ORIENTED_EDGE('',*,*,#8456,.T.);
#8456 = EDGE_CURVE('',#8434,#8384,#8457,.T.);
#8457 = SURFACE_CURVE('',#8458,(#8462,#8469),.PCURVE_S1.);
#8458 = LINE('',#8459,#8460);
#8459 = CARTESIAN_POINT('',(9.E-02,-0.345,-0.355125000056));
#8460 = VECTOR('',#8461,1.);
#8461 = DIRECTION('',(0.,1.,0.));
#8462 = PCURVE('',#3590,#8463);
#8463 = DEFINITIONAL_REPRESENTATION('',(#8464),#8468);
#8464 = LINE('',#8465,#8466);
#8465 = CARTESIAN_POINT('',(0.,0.));
#8466 = VECTOR('',#8467,1.);
#8467 = DIRECTION('',(0.,1.));
#8468 = ( GEOMETRIC_REPRESENTATION_CONTEXT(2) 
PARAMETRIC_REPRESENTATION_CONTEXT() REPRESENTATION_CONTEXT('2D SPACE',''
  ) );
#8469 = PCURVE('',#2965,#8470);
#8470 = DEFINITIONAL_REPRESENTATION('',(#8471),#8475);
#8471 = LINE('',#8472,#8473);
#8472 = CARTESIAN_POINT('',(-9.E-02,-0.345));
#8473 = VECTOR('',#8474,1.);
#8474 = DIRECTION('',(0.,1.));
#8475 = ( GEOMETRIC_REPRESENTATION_CONTEXT(2) 
PARAMETRIC_REPRESENTATION_CONTEXT() REPRESENTATION_CONTEXT('2D SPACE',''
  ) );
#8476 = ORIENTED_EDGE('',*,*,#8407,.T.);
#8477 = ADVANCED_FACE('',(#8478),#3562,.F.);
#8478 = FACE_BOUND('',#8479,.F.);
#8479 = EDGE_LOOP('',(#8480,#8481,#8505,#8526));
#8480 = ORIENTED_EDGE('',*,*,#8433,.F.);
#8481 = ORIENTED_EDGE('',*,*,#8482,.F.);
#8482 = EDGE_CURVE('',#8483,#8434,#8485,.T.);
#8483 = VERTEX_POINT('',#8484);
#8484 = CARTESIAN_POINT('',(0.115,-0.62,-0.355125000056));
#8485 = SURFACE_CURVE('',#8486,(#8491,#8498),.PCURVE_S1.);
#8486 = CIRCLE('',#8487,2.5E-02);
#8487 = AXIS2_PLACEMENT_3D('',#8488,#8489,#8490);
#8488 = CARTESIAN_POINT('',(0.115,-0.595,-0.355125000056));
#8489 = DIRECTION('',(-6.505213034913E-15,0.,-1.));
#8490 = DIRECTION('',(1.,0.,-6.505213034913E-15));
#8491 = PCURVE('',#3562,#8492);
#8492 = DEFINITIONAL_REPRESENTATION('',(#8493),#8497);
#8493 = LINE('',#8494,#8495);
#8494 = CARTESIAN_POINT('',(6.28318530718,-5.551115123126E-17));
#8495 = VECTOR('',#8496,1.);
#8496 = DIRECTION('',(-1.,3.533949646071E-17));
#8497 = ( GEOMETRIC_REPRESENTATION_CONTEXT(2) 
PARAMETRIC_REPRESENTATION_CONTEXT() REPRESENTATION_CONTEXT('2D SPACE',''
  ) );
#8498 = PCURVE('',#2965,#8499);
#8499 = DEFINITIONAL_REPRESENTATION('',(#8500),#8504);
#8500 = CIRCLE('',#8501,2.5E-02);
#8501 = AXIS2_PLACEMENT_2D('',#8502,#8503);
#8502 = CARTESIAN_POINT('',(-0.115,-0.595));
#8503 = DIRECTION('',(-1.,0.));
#8504 = ( GEOMETRIC_REPRESENTATION_CONTEXT(2) 
PARAMETRIC_REPRESENTATION_CONTEXT() REPRESENTATION_CONTEXT('2D SPACE',''
  ) );
#8505 = ORIENTED_EDGE('',*,*,#8506,.T.);
#8506 = EDGE_CURVE('',#8483,#3518,#8507,.T.);
#8507 = SURFACE_CURVE('',#8508,(#8512,#8519),.PCURVE_S1.);
#8508 = LINE('',#8509,#8510);
#8509 = CARTESIAN_POINT('',(0.115,-0.62,-0.355125000056));
#8510 = VECTOR('',#8511,1.);
#8511 = DIRECTION('',(6.982962677686E-15,0.,1.));
#8512 = PCURVE('',#3562,#8513);
#8513 = DEFINITIONAL_REPRESENTATION('',(#8514),#8518);
#8514 = LINE('',#8515,#8516);
#8515 = CARTESIAN_POINT('',(4.712388980385,0.));
#8516 = VECTOR('',#8517,1.);
#8517 = DIRECTION('',(0.,1.));
#8518 = ( GEOMETRIC_REPRESENTATION_CONTEXT(2) 
PARAMETRIC_REPRESENTATION_CONTEXT() REPRESENTATION_CONTEXT('2D SPACE',''
  ) );
#8519 = PCURVE('',#3533,#8520);
#8520 = DEFINITIONAL_REPRESENTATION('',(#8521),#8525);
#8521 = LINE('',#8522,#8523);
#8522 = CARTESIAN_POINT('',(0.,0.));
#8523 = VECTOR('',#8524,1.);
#8524 = DIRECTION('',(6.982962677686E-15,-1.));
#8525 = ( GEOMETRIC_REPRESENTATION_CONTEXT(2) 
PARAMETRIC_REPRESENTATION_CONTEXT() REPRESENTATION_CONTEXT('2D SPACE',''
  ) );
#8526 = ORIENTED_EDGE('',*,*,#3545,.T.);
#8527 = ADVANCED_FACE('',(#8528),#3533,.T.);
#8528 = FACE_BOUND('',#8529,.T.);
#8529 = EDGE_LOOP('',(#8530,#8531,#8554,#8575));
#8530 = ORIENTED_EDGE('',*,*,#3517,.F.);
#8531 = ORIENTED_EDGE('',*,*,#8532,.F.);
#8532 = EDGE_CURVE('',#8533,#3489,#8535,.T.);
#8533 = VERTEX_POINT('',#8534);
#8534 = CARTESIAN_POINT('',(0.185,-0.62,-0.355125000056));
#8535 = SURFACE_CURVE('',#8536,(#8540,#8547),.PCURVE_S1.);
#8536 = LINE('',#8537,#8538);
#8537 = CARTESIAN_POINT('',(0.185,-0.62,-0.355125000056));
#8538 = VECTOR('',#8539,1.);
#8539 = DIRECTION('',(6.982962677686E-15,0.,1.));
#8540 = PCURVE('',#3533,#8541);
#8541 = DEFINITIONAL_REPRESENTATION('',(#8542),#8546);
#8542 = LINE('',#8543,#8544);
#8543 = CARTESIAN_POINT('',(7.E-02,5.551115123126E-16));
#8544 = VECTOR('',#8545,1.);
#8545 = DIRECTION('',(6.982962677686E-15,-1.));
#8546 = ( GEOMETRIC_REPRESENTATION_CONTEXT(2) 
PARAMETRIC_REPRESENTATION_CONTEXT() REPRESENTATION_CONTEXT('2D SPACE',''
  ) );
#8547 = PCURVE('',#3505,#8548);
#8548 = DEFINITIONAL_REPRESENTATION('',(#8549),#8553);
#8549 = LINE('',#8550,#8551);
#8550 = CARTESIAN_POINT('',(4.712388980385,0.));
#8551 = VECTOR('',#8552,1.);
#8552 = DIRECTION('',(0.,1.));
#8553 = ( GEOMETRIC_REPRESENTATION_CONTEXT(2) 
PARAMETRIC_REPRESENTATION_CONTEXT() REPRESENTATION_CONTEXT('2D SPACE',''
  ) );
#8554 = ORIENTED_EDGE('',*,*,#8555,.T.);
#8555 = EDGE_CURVE('',#8533,#8483,#8556,.T.);
#8556 = SURFACE_CURVE('',#8557,(#8561,#8568),.PCURVE_S1.);
#8557 = LINE('',#8558,#8559);
#8558 = CARTESIAN_POINT('',(0.115,-0.62,-0.355125000056));
#8559 = VECTOR('',#8560,1.);
#8560 = DIRECTION('',(-1.,0.,6.982962677686E-15));
#8561 = PCURVE('',#3533,#8562);
#8562 = DEFINITIONAL_REPRESENTATION('',(#8563),#8567);
#8563 = LINE('',#8564,#8565);
#8564 = CARTESIAN_POINT('',(0.,0.));
#8565 = VECTOR('',#8566,1.);
#8566 = DIRECTION('',(-1.,-6.982962677686E-15));
#8567 = ( GEOMETRIC_REPRESENTATION_CONTEXT(2) 
PARAMETRIC_REPRESENTATION_CONTEXT() REPRESENTATION_CONTEXT('2D SPACE',''
  ) );
#8568 = PCURVE('',#2965,#8569);
#8569 = DEFINITIONAL_REPRESENTATION('',(#8570),#8574);
#8570 = LINE('',#8571,#8572);
#8571 = CARTESIAN_POINT('',(-0.115,-0.62));
#8572 = VECTOR('',#8573,1.);
#8573 = DIRECTION('',(1.,0.));
#8574 = ( GEOMETRIC_REPRESENTATION_CONTEXT(2) 
PARAMETRIC_REPRESENTATION_CONTEXT() REPRESENTATION_CONTEXT('2D SPACE',''
  ) );
#8575 = ORIENTED_EDGE('',*,*,#8506,.T.);
#8576 = ADVANCED_FACE('',(#8577),#3505,.F.);
#8577 = FACE_BOUND('',#8578,.F.);
#8578 = EDGE_LOOP('',(#8579,#8580,#8604,#8625));
#8579 = ORIENTED_EDGE('',*,*,#8532,.F.);
#8580 = ORIENTED_EDGE('',*,*,#8581,.F.);
#8581 = EDGE_CURVE('',#8582,#8533,#8584,.T.);
#8582 = VERTEX_POINT('',#8583);
#8583 = CARTESIAN_POINT('',(0.21,-0.595,-0.355125000056));
#8584 = SURFACE_CURVE('',#8585,(#8590,#8597),.PCURVE_S1.);
#8585 = CIRCLE('',#8586,2.5E-02);
#8586 = AXIS2_PLACEMENT_3D('',#8587,#8588,#8589);
#8587 = CARTESIAN_POINT('',(0.185,-0.595,-0.355125000056));
#8588 = DIRECTION('',(-6.505213034913E-15,0.,-1.));
#8589 = DIRECTION('',(1.,0.,-6.505213034913E-15));
#8590 = PCURVE('',#3505,#8591);
#8591 = DEFINITIONAL_REPRESENTATION('',(#8592),#8596);
#8592 = LINE('',#8593,#8594);
#8593 = CARTESIAN_POINT('',(6.28318530718,0.));
#8594 = VECTOR('',#8595,1.);
#8595 = DIRECTION('',(-1.,0.));
#8596 = ( GEOMETRIC_REPRESENTATION_CONTEXT(2) 
PARAMETRIC_REPRESENTATION_CONTEXT() REPRESENTATION_CONTEXT('2D SPACE',''
  ) );
#8597 = PCURVE('',#2965,#8598);
#8598 = DEFINITIONAL_REPRESENTATION('',(#8599),#8603);
#8599 = CIRCLE('',#8600,2.5E-02);
#8600 = AXIS2_PLACEMENT_2D('',#8601,#8602);
#8601 = CARTESIAN_POINT('',(-0.185,-0.595));
#8602 = DIRECTION('',(-1.,0.));
#8603 = ( GEOMETRIC_REPRESENTATION_CONTEXT(2) 
PARAMETRIC_REPRESENTATION_CONTEXT() REPRESENTATION_CONTEXT('2D SPACE',''
  ) );
#8604 = ORIENTED_EDGE('',*,*,#8605,.T.);
#8605 = EDGE_CURVE('',#8582,#3461,#8606,.T.);
#8606 = SURFACE_CURVE('',#8607,(#8611,#8618),.PCURVE_S1.);
#8607 = LINE('',#8608,#8609);
#8608 = CARTESIAN_POINT('',(0.21,-0.595,-0.355125000056));
#8609 = VECTOR('',#8610,1.);
#8610 = DIRECTION('',(6.982962677686E-15,0.,1.));
#8611 = PCURVE('',#3505,#8612);
#8612 = DEFINITIONAL_REPRESENTATION('',(#8613),#8617);
#8613 = LINE('',#8614,#8615);
#8614 = CARTESIAN_POINT('',(6.28318530718,1.665334536938E-16));
#8615 = VECTOR('',#8616,1.);
#8616 = DIRECTION('',(0.,1.));
#8617 = ( GEOMETRIC_REPRESENTATION_CONTEXT(2) 
PARAMETRIC_REPRESENTATION_CONTEXT() REPRESENTATION_CONTEXT('2D SPACE',''
  ) );
#8618 = PCURVE('',#3476,#8619);
#8619 = DEFINITIONAL_REPRESENTATION('',(#8620),#8624);
#8620 = LINE('',#8621,#8622);
#8621 = CARTESIAN_POINT('',(-2.5E-02,-0.));
#8622 = VECTOR('',#8623,1.);
#8623 = DIRECTION('',(0.,-1.));
#8624 = ( GEOMETRIC_REPRESENTATION_CONTEXT(2) 
PARAMETRIC_REPRESENTATION_CONTEXT() REPRESENTATION_CONTEXT('2D SPACE',''
  ) );
#8625 = ORIENTED_EDGE('',*,*,#3488,.T.);
#8626 = ADVANCED_FACE('',(#8627),#3476,.T.);
#8627 = FACE_BOUND('',#8628,.T.);
#8628 = EDGE_LOOP('',(#8629,#8630,#8653,#8674));
#8629 = ORIENTED_EDGE('',*,*,#3460,.F.);
#8630 = ORIENTED_EDGE('',*,*,#8631,.F.);
#8631 = EDGE_CURVE('',#8632,#3428,#8634,.T.);
#8632 = VERTEX_POINT('',#8633);
#8633 = CARTESIAN_POINT('',(0.21,-0.57,-0.355125000056));
#8634 = SURFACE_CURVE('',#8635,(#8639,#8646),.PCURVE_S1.);
#8635 = LINE('',#8636,#8637);
#8636 = CARTESIAN_POINT('',(0.21,-0.57,-0.355125000056));
#8637 = VECTOR('',#8638,1.);
#8638 = DIRECTION('',(6.982962677686E-15,0.,1.));
#8639 = PCURVE('',#3476,#8640);
#8640 = DEFINITIONAL_REPRESENTATION('',(#8641),#8645);
#8641 = LINE('',#8642,#8643);
#8642 = CARTESIAN_POINT('',(0.,0.));
#8643 = VECTOR('',#8644,1.);
#8644 = DIRECTION('',(0.,-1.));
#8645 = ( GEOMETRIC_REPRESENTATION_CONTEXT(2) 
PARAMETRIC_REPRESENTATION_CONTEXT() REPRESENTATION_CONTEXT('2D SPACE',''
  ) );
#8646 = PCURVE('',#3448,#8647);
#8647 = DEFINITIONAL_REPRESENTATION('',(#8648),#8652);
#8648 = LINE('',#8649,#8650);
#8649 = CARTESIAN_POINT('',(3.14159265359,2.22044604925E-16));
#8650 = VECTOR('',#8651,1.);
#8651 = DIRECTION('',(0.,1.));
#8652 = ( GEOMETRIC_REPRESENTATION_CONTEXT(2) 
PARAMETRIC_REPRESENTATION_CONTEXT() REPRESENTATION_CONTEXT('2D SPACE',''
  ) );
#8653 = ORIENTED_EDGE('',*,*,#8654,.T.);
#8654 = EDGE_CURVE('',#8632,#8582,#8655,.T.);
#8655 = SURFACE_CURVE('',#8656,(#8660,#8667),.PCURVE_S1.);
#8656 = LINE('',#8657,#8658);
#8657 = CARTESIAN_POINT('',(0.21,-0.57,-0.355125000056));
#8658 = VECTOR('',#8659,1.);
#8659 = DIRECTION('',(0.,-1.,0.));
#8660 = PCURVE('',#3476,#8661);
#8661 = DEFINITIONAL_REPRESENTATION('',(#8662),#8666);
#8662 = LINE('',#8663,#8664);
#8663 = CARTESIAN_POINT('',(0.,0.));
#8664 = VECTOR('',#8665,1.);
#8665 = DIRECTION('',(-1.,-0.));
#8666 = ( GEOMETRIC_REPRESENTATION_CONTEXT(2) 
PARAMETRIC_REPRESENTATION_CONTEXT() REPRESENTATION_CONTEXT('2D SPACE',''
  ) );
#8667 = PCURVE('',#2965,#8668);
#8668 = DEFINITIONAL_REPRESENTATION('',(#8669),#8673);
#8669 = LINE('',#8670,#8671);
#8670 = CARTESIAN_POINT('',(-0.21,-0.57));
#8671 = VECTOR('',#8672,1.);
#8672 = DIRECTION('',(0.,-1.));
#8673 = ( GEOMETRIC_REPRESENTATION_CONTEXT(2) 
PARAMETRIC_REPRESENTATION_CONTEXT() REPRESENTATION_CONTEXT('2D SPACE',''
  ) );
#8674 = ORIENTED_EDGE('',*,*,#8605,.T.);
#8675 = ADVANCED_FACE('',(#8676),#3448,.T.);
#8676 = FACE_BOUND('',#8677,.T.);
#8677 = EDGE_LOOP('',(#8678,#8679,#8702,#8728));
#8678 = ORIENTED_EDGE('',*,*,#3427,.F.);
#8679 = ORIENTED_EDGE('',*,*,#8680,.F.);
#8680 = EDGE_CURVE('',#8681,#3400,#8683,.T.);
#8681 = VERTEX_POINT('',#8682);
#8682 = CARTESIAN_POINT('',(0.31,-0.57,-0.355125000056));
#8683 = SURFACE_CURVE('',#8684,(#8688,#8695),.PCURVE_S1.);
#8684 = LINE('',#8685,#8686);
#8685 = CARTESIAN_POINT('',(0.31,-0.57,-0.355125000056));
#8686 = VECTOR('',#8687,1.);
#8687 = DIRECTION('',(6.982962677686E-15,0.,1.));
#8688 = PCURVE('',#3448,#8689);
#8689 = DEFINITIONAL_REPRESENTATION('',(#8690),#8694);
#8690 = LINE('',#8691,#8692);
#8691 = CARTESIAN_POINT('',(0.,-1.110223024625E-16));
#8692 = VECTOR('',#8693,1.);
#8693 = DIRECTION('',(0.,1.));
#8694 = ( GEOMETRIC_REPRESENTATION_CONTEXT(2) 
PARAMETRIC_REPRESENTATION_CONTEXT() REPRESENTATION_CONTEXT('2D SPACE',''
  ) );
#8695 = PCURVE('',#3415,#8696);
#8696 = DEFINITIONAL_REPRESENTATION('',(#8697),#8701);
#8697 = LINE('',#8698,#8699);
#8698 = CARTESIAN_POINT('',(0.,0.));
#8699 = VECTOR('',#8700,1.);
#8700 = DIRECTION('',(-1.,0.));
#8701 = ( GEOMETRIC_REPRESENTATION_CONTEXT(2) 
PARAMETRIC_REPRESENTATION_CONTEXT() REPRESENTATION_CONTEXT('2D SPACE',''
  ) );
#8702 = ORIENTED_EDGE('',*,*,#8703,.T.);
#8703 = EDGE_CURVE('',#8681,#8632,#8704,.T.);
#8704 = SURFACE_CURVE('',#8705,(#8710,#8717),.PCURVE_S1.);
#8705 = CIRCLE('',#8706,5.E-02);
#8706 = AXIS2_PLACEMENT_3D('',#8707,#8708,#8709);
#8707 = CARTESIAN_POINT('',(0.26,-0.57,-0.355125000056));
#8708 = DIRECTION('',(6.505213034913E-15,0.,1.));
#8709 = DIRECTION('',(-1.,0.,6.505213034913E-15));
#8710 = PCURVE('',#3448,#8711);
#8711 = DEFINITIONAL_REPRESENTATION('',(#8712),#8716);
#8712 = LINE('',#8713,#8714);
#8713 = CARTESIAN_POINT('',(-3.14159265359,-5.551115123126E-17));
#8714 = VECTOR('',#8715,1.);
#8715 = DIRECTION('',(1.,1.766974823035E-17));
#8716 = ( GEOMETRIC_REPRESENTATION_CONTEXT(2) 
PARAMETRIC_REPRESENTATION_CONTEXT() REPRESENTATION_CONTEXT('2D SPACE',''
  ) );
#8717 = PCURVE('',#2965,#8718);
#8718 = DEFINITIONAL_REPRESENTATION('',(#8719),#8727);
#8719 = ( BOUNDED_CURVE() B_SPLINE_CURVE(2,(#8720,#8721,#8722,#8723,
#8724,#8725,#8726),.UNSPECIFIED.,.T.,.F.) B_SPLINE_CURVE_WITH_KNOTS((1,2
    ,2,2,2,1),(-2.094395102393,0.,2.094395102393,4.188790204786,
6.28318530718,8.377580409573),.UNSPECIFIED.) CURVE() 
GEOMETRIC_REPRESENTATION_ITEM() RATIONAL_B_SPLINE_CURVE((1.,0.5,1.,0.5,
1.,0.5,1.)) REPRESENTATION_ITEM('') );
#8720 = CARTESIAN_POINT('',(-0.21,-0.57));
#8721 = CARTESIAN_POINT('',(-0.21,-0.656602540378));
#8722 = CARTESIAN_POINT('',(-0.285,-0.613301270189));
#8723 = CARTESIAN_POINT('',(-0.36,-0.57));
#8724 = CARTESIAN_POINT('',(-0.285,-0.526698729811));
#8725 = CARTESIAN_POINT('',(-0.21,-0.483397459622));
#8726 = CARTESIAN_POINT('',(-0.21,-0.57));
#8727 = ( GEOMETRIC_REPRESENTATION_CONTEXT(2) 
PARAMETRIC_REPRESENTATION_CONTEXT() REPRESENTATION_CONTEXT('2D SPACE',''
  ) );
#8728 = ORIENTED_EDGE('',*,*,#8631,.T.);
#8729 = ADVANCED_FACE('',(#8730),#3415,.T.);
#8730 = FACE_BOUND('',#8731,.T.);
#8731 = EDGE_LOOP('',(#8732,#8733,#8756,#8777));
#8732 = ORIENTED_EDGE('',*,*,#3399,.F.);
#8733 = ORIENTED_EDGE('',*,*,#8734,.F.);
#8734 = EDGE_CURVE('',#8735,#3371,#8737,.T.);
#8735 = VERTEX_POINT('',#8736);
#8736 = CARTESIAN_POINT('',(0.31,-0.595,-0.355125000056));
#8737 = SURFACE_CURVE('',#8738,(#8742,#8749),.PCURVE_S1.);
#8738 = LINE('',#8739,#8740);
#8739 = CARTESIAN_POINT('',(0.31,-0.595,-0.355125000056));
#8740 = VECTOR('',#8741,1.);
#8741 = DIRECTION('',(6.982962677686E-15,0.,1.));
#8742 = PCURVE('',#3415,#8743);
#8743 = DEFINITIONAL_REPRESENTATION('',(#8744),#8748);
#8744 = LINE('',#8745,#8746);
#8745 = CARTESIAN_POINT('',(-0.,-2.5E-02));
#8746 = VECTOR('',#8747,1.);
#8747 = DIRECTION('',(-1.,0.));
#8748 = ( GEOMETRIC_REPRESENTATION_CONTEXT(2) 
PARAMETRIC_REPRESENTATION_CONTEXT() REPRESENTATION_CONTEXT('2D SPACE',''
  ) );
#8749 = PCURVE('',#3387,#8750);
#8750 = DEFINITIONAL_REPRESENTATION('',(#8751),#8755);
#8751 = LINE('',#8752,#8753);
#8752 = CARTESIAN_POINT('',(3.14159265359,-1.665334536938E-16));
#8753 = VECTOR('',#8754,1.);
#8754 = DIRECTION('',(0.,1.));
#8755 = ( GEOMETRIC_REPRESENTATION_CONTEXT(2) 
PARAMETRIC_REPRESENTATION_CONTEXT() REPRESENTATION_CONTEXT('2D SPACE',''
  ) );
#8756 = ORIENTED_EDGE('',*,*,#8757,.T.);
#8757 = EDGE_CURVE('',#8735,#8681,#8758,.T.);
#8758 = SURFACE_CURVE('',#8759,(#8763,#8770),.PCURVE_S1.);
#8759 = LINE('',#8760,#8761);
#8760 = CARTESIAN_POINT('',(0.31,-0.57,-0.355125000056));
#8761 = VECTOR('',#8762,1.);
#8762 = DIRECTION('',(0.,1.,0.));
#8763 = PCURVE('',#3415,#8764);
#8764 = DEFINITIONAL_REPRESENTATION('',(#8765),#8769);
#8765 = LINE('',#8766,#8767);
#8766 = CARTESIAN_POINT('',(0.,0.));
#8767 = VECTOR('',#8768,1.);
#8768 = DIRECTION('',(0.,1.));
#8769 = ( GEOMETRIC_REPRESENTATION_CONTEXT(2) 
PARAMETRIC_REPRESENTATION_CONTEXT() REPRESENTATION_CONTEXT('2D SPACE',''
  ) );
#8770 = PCURVE('',#2965,#8771);
#8771 = DEFINITIONAL_REPRESENTATION('',(#8772),#8776);
#8772 = LINE('',#8773,#8774);
#8773 = CARTESIAN_POINT('',(-0.31,-0.57));
#8774 = VECTOR('',#8775,1.);
#8775 = DIRECTION('',(0.,1.));
#8776 = ( GEOMETRIC_REPRESENTATION_CONTEXT(2) 
PARAMETRIC_REPRESENTATION_CONTEXT() REPRESENTATION_CONTEXT('2D SPACE',''
  ) );
#8777 = ORIENTED_EDGE('',*,*,#8680,.T.);
#8778 = ADVANCED_FACE('',(#8779),#3387,.F.);
#8779 = FACE_BOUND('',#8780,.F.);
#8780 = EDGE_LOOP('',(#8781,#8782,#8806,#8827));
#8781 = ORIENTED_EDGE('',*,*,#8734,.F.);
#8782 = ORIENTED_EDGE('',*,*,#8783,.F.);
#8783 = EDGE_CURVE('',#8784,#8735,#8786,.T.);
#8784 = VERTEX_POINT('',#8785);
#8785 = CARTESIAN_POINT('',(0.335,-0.62,-0.355125000056));
#8786 = SURFACE_CURVE('',#8787,(#8792,#8799),.PCURVE_S1.);
#8787 = CIRCLE('',#8788,2.5E-02);
#8788 = AXIS2_PLACEMENT_3D('',#8789,#8790,#8791);
#8789 = CARTESIAN_POINT('',(0.335,-0.595,-0.355125000056));
#8790 = DIRECTION('',(-6.505213034913E-15,0.,-1.));
#8791 = DIRECTION('',(1.,0.,-6.505213034913E-15));
#8792 = PCURVE('',#3387,#8793);
#8793 = DEFINITIONAL_REPRESENTATION('',(#8794),#8798);
#8794 = LINE('',#8795,#8796);
#8795 = CARTESIAN_POINT('',(6.28318530718,0.));
#8796 = VECTOR('',#8797,1.);
#8797 = DIRECTION('',(-1.,0.));
#8798 = ( GEOMETRIC_REPRESENTATION_CONTEXT(2) 
PARAMETRIC_REPRESENTATION_CONTEXT() REPRESENTATION_CONTEXT('2D SPACE',''
  ) );
#8799 = PCURVE('',#2965,#8800);
#8800 = DEFINITIONAL_REPRESENTATION('',(#8801),#8805);
#8801 = CIRCLE('',#8802,2.5E-02);
#8802 = AXIS2_PLACEMENT_2D('',#8803,#8804);
#8803 = CARTESIAN_POINT('',(-0.335,-0.595));
#8804 = DIRECTION('',(-1.,0.));
#8805 = ( GEOMETRIC_REPRESENTATION_CONTEXT(2) 
PARAMETRIC_REPRESENTATION_CONTEXT() REPRESENTATION_CONTEXT('2D SPACE',''
  ) );
#8806 = ORIENTED_EDGE('',*,*,#8807,.T.);
#8807 = EDGE_CURVE('',#8784,#3343,#8808,.T.);
#8808 = SURFACE_CURVE('',#8809,(#8813,#8820),.PCURVE_S1.);
#8809 = LINE('',#8810,#8811);
#8810 = CARTESIAN_POINT('',(0.335,-0.62,-0.355125000056));
#8811 = VECTOR('',#8812,1.);
#8812 = DIRECTION('',(6.982962677686E-15,0.,1.));
#8813 = PCURVE('',#3387,#8814);
#8814 = DEFINITIONAL_REPRESENTATION('',(#8815),#8819);
#8815 = LINE('',#8816,#8817);
#8816 = CARTESIAN_POINT('',(4.712388980385,0.));
#8817 = VECTOR('',#8818,1.);
#8818 = DIRECTION('',(0.,1.));
#8819 = ( GEOMETRIC_REPRESENTATION_CONTEXT(2) 
PARAMETRIC_REPRESENTATION_CONTEXT() REPRESENTATION_CONTEXT('2D SPACE',''
  ) );
#8820 = PCURVE('',#3358,#8821);
#8821 = DEFINITIONAL_REPRESENTATION('',(#8822),#8826);
#8822 = LINE('',#8823,#8824);
#8823 = CARTESIAN_POINT('',(0.,0.));
#8824 = VECTOR('',#8825,1.);
#8825 = DIRECTION('',(6.982962677686E-15,-1.));
#8826 = ( GEOMETRIC_REPRESENTATION_CONTEXT(2) 
PARAMETRIC_REPRESENTATION_CONTEXT() REPRESENTATION_CONTEXT('2D SPACE',''
  ) );
#8827 = ORIENTED_EDGE('',*,*,#3370,.T.);
#8828 = ADVANCED_FACE('',(#8829),#3358,.T.);
#8829 = FACE_BOUND('',#8830,.T.);
#8830 = EDGE_LOOP('',(#8831,#8832,#8855,#8876));
#8831 = ORIENTED_EDGE('',*,*,#3342,.F.);
#8832 = ORIENTED_EDGE('',*,*,#8833,.F.);
#8833 = EDGE_CURVE('',#8834,#3314,#8836,.T.);
#8834 = VERTEX_POINT('',#8835);
#8835 = CARTESIAN_POINT('',(0.485,-0.62,-0.355125000056));
#8836 = SURFACE_CURVE('',#8837,(#8841,#8848),.PCURVE_S1.);
#8837 = LINE('',#8838,#8839);
#8838 = CARTESIAN_POINT('',(0.485,-0.62,-0.355125000056));
#8839 = VECTOR('',#8840,1.);
#8840 = DIRECTION('',(6.982962677686E-15,0.,1.));
#8841 = PCURVE('',#3358,#8842);
#8842 = DEFINITIONAL_REPRESENTATION('',(#8843),#8847);
#8843 = LINE('',#8844,#8845);
#8844 = CARTESIAN_POINT('',(0.15,9.992007221626E-16));
#8845 = VECTOR('',#8846,1.);
#8846 = DIRECTION('',(6.982962677686E-15,-1.));
#8847 = ( GEOMETRIC_REPRESENTATION_CONTEXT(2) 
PARAMETRIC_REPRESENTATION_CONTEXT() REPRESENTATION_CONTEXT('2D SPACE',''
  ) );
#8848 = PCURVE('',#3330,#8849);
#8849 = DEFINITIONAL_REPRESENTATION('',(#8850),#8854);
#8850 = LINE('',#8851,#8852);
#8851 = CARTESIAN_POINT('',(4.712388980385,0.));
#8852 = VECTOR('',#8853,1.);
#8853 = DIRECTION('',(0.,1.));
#8854 = ( GEOMETRIC_REPRESENTATION_CONTEXT(2) 
PARAMETRIC_REPRESENTATION_CONTEXT() REPRESENTATION_CONTEXT('2D SPACE',''
  ) );
#8855 = ORIENTED_EDGE('',*,*,#8856,.T.);
#8856 = EDGE_CURVE('',#8834,#8784,#8857,.T.);
#8857 = SURFACE_CURVE('',#8858,(#8862,#8869),.PCURVE_S1.);
#8858 = LINE('',#8859,#8860);
#8859 = CARTESIAN_POINT('',(0.335,-0.62,-0.355125000056));
#8860 = VECTOR('',#8861,1.);
#8861 = DIRECTION('',(-1.,0.,6.982962677686E-15));
#8862 = PCURVE('',#3358,#8863);
#8863 = DEFINITIONAL_REPRESENTATION('',(#8864),#8868);
#8864 = LINE('',#8865,#8866);
#8865 = CARTESIAN_POINT('',(0.,0.));
#8866 = VECTOR('',#8867,1.);
#8867 = DIRECTION('',(-1.,-6.982962677686E-15));
#8868 = ( GEOMETRIC_REPRESENTATION_CONTEXT(2) 
PARAMETRIC_REPRESENTATION_CONTEXT() REPRESENTATION_CONTEXT('2D SPACE',''
  ) );
#8869 = PCURVE('',#2965,#8870);
#8870 = DEFINITIONAL_REPRESENTATION('',(#8871),#8875);
#8871 = LINE('',#8872,#8873);
#8872 = CARTESIAN_POINT('',(-0.335,-0.62));
#8873 = VECTOR('',#8874,1.);
#8874 = DIRECTION('',(1.,0.));
#8875 = ( GEOMETRIC_REPRESENTATION_CONTEXT(2) 
PARAMETRIC_REPRESENTATION_CONTEXT() REPRESENTATION_CONTEXT('2D SPACE',''
  ) );
#8876 = ORIENTED_EDGE('',*,*,#8807,.T.);
#8877 = ADVANCED_FACE('',(#8878),#3330,.F.);
#8878 = FACE_BOUND('',#8879,.F.);
#8879 = EDGE_LOOP('',(#8880,#8881,#8905,#8926));
#8880 = ORIENTED_EDGE('',*,*,#8833,.F.);
#8881 = ORIENTED_EDGE('',*,*,#8882,.F.);
#8882 = EDGE_CURVE('',#8883,#8834,#8885,.T.);
#8883 = VERTEX_POINT('',#8884);
#8884 = CARTESIAN_POINT('',(0.51,-0.595,-0.355125000056));
#8885 = SURFACE_CURVE('',#8886,(#8891,#8898),.PCURVE_S1.);
#8886 = CIRCLE('',#8887,2.5E-02);
#8887 = AXIS2_PLACEMENT_3D('',#8888,#8889,#8890);
#8888 = CARTESIAN_POINT('',(0.485,-0.595,-0.355125000056));
#8889 = DIRECTION('',(-6.505213034913E-15,0.,-1.));
#8890 = DIRECTION('',(-1.,0.,6.505213034913E-15));
#8891 = PCURVE('',#3330,#8892);
#8892 = DEFINITIONAL_REPRESENTATION('',(#8893),#8897);
#8893 = LINE('',#8894,#8895);
#8894 = CARTESIAN_POINT('',(9.424777960769,0.));
#8895 = VECTOR('',#8896,1.);
#8896 = DIRECTION('',(-1.,0.));
#8897 = ( GEOMETRIC_REPRESENTATION_CONTEXT(2) 
PARAMETRIC_REPRESENTATION_CONTEXT() REPRESENTATION_CONTEXT('2D SPACE',''
  ) );
#8898 = PCURVE('',#2965,#8899);
#8899 = DEFINITIONAL_REPRESENTATION('',(#8900),#8904);
#8900 = CIRCLE('',#8901,2.5E-02);
#8901 = AXIS2_PLACEMENT_2D('',#8902,#8903);
#8902 = CARTESIAN_POINT('',(-0.485,-0.595));
#8903 = DIRECTION('',(1.,0.));
#8904 = ( GEOMETRIC_REPRESENTATION_CONTEXT(2) 
PARAMETRIC_REPRESENTATION_CONTEXT() REPRESENTATION_CONTEXT('2D SPACE',''
  ) );
#8905 = ORIENTED_EDGE('',*,*,#8906,.T.);
#8906 = EDGE_CURVE('',#8883,#3312,#8907,.T.);
#8907 = SURFACE_CURVE('',#8908,(#8912,#8919),.PCURVE_S1.);
#8908 = LINE('',#8909,#8910);
#8909 = CARTESIAN_POINT('',(0.51,-0.595,-0.355125000056));
#8910 = VECTOR('',#8911,1.);
#8911 = DIRECTION('',(6.982962677686E-15,0.,1.));
#8912 = PCURVE('',#3330,#8913);
#8913 = DEFINITIONAL_REPRESENTATION('',(#8914),#8918);
#8914 = LINE('',#8915,#8916);
#8915 = CARTESIAN_POINT('',(6.28318530718,-3.885780586188E-16));
#8916 = VECTOR('',#8917,1.);
#8917 = DIRECTION('',(0.,1.));
#8918 = ( GEOMETRIC_REPRESENTATION_CONTEXT(2) 
PARAMETRIC_REPRESENTATION_CONTEXT() REPRESENTATION_CONTEXT('2D SPACE',''
  ) );
#8919 = PCURVE('',#5420,#8920);
#8920 = DEFINITIONAL_REPRESENTATION('',(#8921),#8925);
#8921 = LINE('',#8922,#8923);
#8922 = CARTESIAN_POINT('',(-2.5E-02,-0.));
#8923 = VECTOR('',#8924,1.);
#8924 = DIRECTION('',(0.,-1.));
#8925 = ( GEOMETRIC_REPRESENTATION_CONTEXT(2) 
PARAMETRIC_REPRESENTATION_CONTEXT() REPRESENTATION_CONTEXT('2D SPACE',''
  ) );
#8926 = ORIENTED_EDGE('',*,*,#3311,.T.);
#8927 = ADVANCED_FACE('',(#8928),#5420,.T.);
#8928 = FACE_BOUND('',#8929,.T.);
#8929 = EDGE_LOOP('',(#8930,#8931,#8954,#8975));
#8930 = ORIENTED_EDGE('',*,*,#5406,.F.);
#8931 = ORIENTED_EDGE('',*,*,#8932,.F.);
#8932 = EDGE_CURVE('',#8933,#5374,#8935,.T.);
#8933 = VERTEX_POINT('',#8934);
#8934 = CARTESIAN_POINT('',(0.51,-0.57,-0.355125000056));
#8935 = SURFACE_CURVE('',#8936,(#8940,#8947),.PCURVE_S1.);
#8936 = LINE('',#8937,#8938);
#8937 = CARTESIAN_POINT('',(0.51,-0.57,-0.355125000056));
#8938 = VECTOR('',#8939,1.);
#8939 = DIRECTION('',(6.982962677686E-15,0.,1.));
#8940 = PCURVE('',#5420,#8941);
#8941 = DEFINITIONAL_REPRESENTATION('',(#8942),#8946);
#8942 = LINE('',#8943,#8944);
#8943 = CARTESIAN_POINT('',(0.,0.));
#8944 = VECTOR('',#8945,1.);
#8945 = DIRECTION('',(0.,-1.));
#8946 = ( GEOMETRIC_REPRESENTATION_CONTEXT(2) 
PARAMETRIC_REPRESENTATION_CONTEXT() REPRESENTATION_CONTEXT('2D SPACE',''
  ) );
#8947 = PCURVE('',#5394,#8948);
#8948 = DEFINITIONAL_REPRESENTATION('',(#8949),#8953);
#8949 = LINE('',#8950,#8951);
#8950 = CARTESIAN_POINT('',(3.14159265359,-3.330669073875E-16));
#8951 = VECTOR('',#8952,1.);
#8952 = DIRECTION('',(0.,1.));
#8953 = ( GEOMETRIC_REPRESENTATION_CONTEXT(2) 
PARAMETRIC_REPRESENTATION_CONTEXT() REPRESENTATION_CONTEXT('2D SPACE',''
  ) );
#8954 = ORIENTED_EDGE('',*,*,#8955,.T.);
#8955 = EDGE_CURVE('',#8933,#8883,#8956,.T.);
#8956 = SURFACE_CURVE('',#8957,(#8961,#8968),.PCURVE_S1.);
#8957 = LINE('',#8958,#8959);
#8958 = CARTESIAN_POINT('',(0.51,-0.57,-0.355125000056));
#8959 = VECTOR('',#8960,1.);
#8960 = DIRECTION('',(0.,-1.,0.));
#8961 = PCURVE('',#5420,#8962);
#8962 = DEFINITIONAL_REPRESENTATION('',(#8963),#8967);
#8963 = LINE('',#8964,#8965);
#8964 = CARTESIAN_POINT('',(0.,0.));
#8965 = VECTOR('',#8966,1.);
#8966 = DIRECTION('',(-1.,-0.));
#8967 = ( GEOMETRIC_REPRESENTATION_CONTEXT(2) 
PARAMETRIC_REPRESENTATION_CONTEXT() REPRESENTATION_CONTEXT('2D SPACE',''
  ) );
#8968 = PCURVE('',#2965,#8969);
#8969 = DEFINITIONAL_REPRESENTATION('',(#8970),#8974);
#8970 = LINE('',#8971,#8972);
#8971 = CARTESIAN_POINT('',(-0.51,-0.57));
#8972 = VECTOR('',#8973,1.);
#8973 = DIRECTION('',(0.,-1.));
#8974 = ( GEOMETRIC_REPRESENTATION_CONTEXT(2) 
PARAMETRIC_REPRESENTATION_CONTEXT() REPRESENTATION_CONTEXT('2D SPACE',''
  ) );
#8975 = ORIENTED_EDGE('',*,*,#8906,.T.);
#8976 = ADVANCED_FACE('',(#8977),#5394,.T.);
#8977 = FACE_BOUND('',#8978,.T.);
#8978 = EDGE_LOOP('',(#8979,#8980,#9003,#9029));
#8979 = ORIENTED_EDGE('',*,*,#5373,.F.);
#8980 = ORIENTED_EDGE('',*,*,#8981,.F.);
#8981 = EDGE_CURVE('',#8982,#5346,#8984,.T.);
#8982 = VERTEX_POINT('',#8983);
#8983 = CARTESIAN_POINT('',(0.56,-0.52,-0.355125000056));
#8984 = SURFACE_CURVE('',#8985,(#8989,#8996),.PCURVE_S1.);
#8985 = LINE('',#8986,#8987);
#8986 = CARTESIAN_POINT('',(0.56,-0.52,-0.355125000056));
#8987 = VECTOR('',#8988,1.);
#8988 = DIRECTION('',(6.982962677686E-15,0.,1.));
#8989 = PCURVE('',#5394,#8990);
#8990 = DEFINITIONAL_REPRESENTATION('',(#8991),#8995);
#8991 = LINE('',#8992,#8993);
#8992 = CARTESIAN_POINT('',(1.570796326795,0.));
#8993 = VECTOR('',#8994,1.);
#8994 = DIRECTION('',(0.,1.));
#8995 = ( GEOMETRIC_REPRESENTATION_CONTEXT(2) 
PARAMETRIC_REPRESENTATION_CONTEXT() REPRESENTATION_CONTEXT('2D SPACE',''
  ) );
#8996 = PCURVE('',#5361,#8997);
#8997 = DEFINITIONAL_REPRESENTATION('',(#8998),#9002);
#8998 = LINE('',#8999,#9000);
#8999 = CARTESIAN_POINT('',(0.,0.));
#9000 = VECTOR('',#9001,1.);
#9001 = DIRECTION('',(6.982962677686E-15,-1.));
#9002 = ( GEOMETRIC_REPRESENTATION_CONTEXT(2) 
PARAMETRIC_REPRESENTATION_CONTEXT() REPRESENTATION_CONTEXT('2D SPACE',''
  ) );
#9003 = ORIENTED_EDGE('',*,*,#9004,.T.);
#9004 = EDGE_CURVE('',#8982,#8933,#9005,.T.);
#9005 = SURFACE_CURVE('',#9006,(#9011,#9018),.PCURVE_S1.);
#9006 = CIRCLE('',#9007,5.E-02);
#9007 = AXIS2_PLACEMENT_3D('',#9008,#9009,#9010);
#9008 = CARTESIAN_POINT('',(0.56,-0.57,-0.355125000056));
#9009 = DIRECTION('',(6.505213034913E-15,0.,1.));
#9010 = DIRECTION('',(-1.,0.,6.505213034913E-15));
#9011 = PCURVE('',#5394,#9012);
#9012 = DEFINITIONAL_REPRESENTATION('',(#9013),#9017);
#9013 = LINE('',#9014,#9015);
#9014 = CARTESIAN_POINT('',(-3.14159265359,0.));
#9015 = VECTOR('',#9016,1.);
#9016 = DIRECTION('',(1.,0.));
#9017 = ( GEOMETRIC_REPRESENTATION_CONTEXT(2) 
PARAMETRIC_REPRESENTATION_CONTEXT() REPRESENTATION_CONTEXT('2D SPACE',''
  ) );
#9018 = PCURVE('',#2965,#9019);
#9019 = DEFINITIONAL_REPRESENTATION('',(#9020),#9028);
#9020 = ( BOUNDED_CURVE() B_SPLINE_CURVE(2,(#9021,#9022,#9023,#9024,
#9025,#9026,#9027),.UNSPECIFIED.,.T.,.F.) B_SPLINE_CURVE_WITH_KNOTS((1,2
    ,2,2,2,1),(-2.094395102393,0.,2.094395102393,4.188790204786,
6.28318530718,8.377580409573),.UNSPECIFIED.) CURVE() 
GEOMETRIC_REPRESENTATION_ITEM() RATIONAL_B_SPLINE_CURVE((1.,0.5,1.,0.5,
1.,0.5,1.)) REPRESENTATION_ITEM('') );
#9021 = CARTESIAN_POINT('',(-0.51,-0.57));
#9022 = CARTESIAN_POINT('',(-0.51,-0.656602540378));
#9023 = CARTESIAN_POINT('',(-0.585,-0.613301270189));
#9024 = CARTESIAN_POINT('',(-0.66,-0.57));
#9025 = CARTESIAN_POINT('',(-0.585,-0.526698729811));
#9026 = CARTESIAN_POINT('',(-0.51,-0.483397459622));
#9027 = CARTESIAN_POINT('',(-0.51,-0.57));
#9028 = ( GEOMETRIC_REPRESENTATION_CONTEXT(2) 
PARAMETRIC_REPRESENTATION_CONTEXT() REPRESENTATION_CONTEXT('2D SPACE',''
  ) );
#9029 = ORIENTED_EDGE('',*,*,#8932,.T.);
#9030 = ADVANCED_FACE('',(#9031),#5361,.T.);
#9031 = FACE_BOUND('',#9032,.T.);
#9032 = EDGE_LOOP('',(#9033,#9034,#9057,#9078));
#9033 = ORIENTED_EDGE('',*,*,#5345,.F.);
#9034 = ORIENTED_EDGE('',*,*,#9035,.F.);
#9035 = EDGE_CURVE('',#9036,#5317,#9038,.T.);
#9036 = VERTEX_POINT('',#9037);
#9037 = CARTESIAN_POINT('',(0.635,-0.52,-0.355125000056));
#9038 = SURFACE_CURVE('',#9039,(#9043,#9050),.PCURVE_S1.);
#9039 = LINE('',#9040,#9041);
#9040 = CARTESIAN_POINT('',(0.635,-0.52,-0.355125000056));
#9041 = VECTOR('',#9042,1.);
#9042 = DIRECTION('',(6.982962677686E-15,0.,1.));
#9043 = PCURVE('',#5361,#9044);
#9044 = DEFINITIONAL_REPRESENTATION('',(#9045),#9049);
#9045 = LINE('',#9046,#9047);
#9046 = CARTESIAN_POINT('',(7.5E-02,4.440892098501E-16));
#9047 = VECTOR('',#9048,1.);
#9048 = DIRECTION('',(6.982962677686E-15,-1.));
#9049 = ( GEOMETRIC_REPRESENTATION_CONTEXT(2) 
PARAMETRIC_REPRESENTATION_CONTEXT() REPRESENTATION_CONTEXT('2D SPACE',''
  ) );
#9050 = PCURVE('',#5333,#9051);
#9051 = DEFINITIONAL_REPRESENTATION('',(#9052),#9056);
#9052 = LINE('',#9053,#9054);
#9053 = CARTESIAN_POINT('',(4.712388980385,0.));
#9054 = VECTOR('',#9055,1.);
#9055 = DIRECTION('',(0.,1.));
#9056 = ( GEOMETRIC_REPRESENTATION_CONTEXT(2) 
PARAMETRIC_REPRESENTATION_CONTEXT() REPRESENTATION_CONTEXT('2D SPACE',''
  ) );
#9057 = ORIENTED_EDGE('',*,*,#9058,.T.);
#9058 = EDGE_CURVE('',#9036,#8982,#9059,.T.);
#9059 = SURFACE_CURVE('',#9060,(#9064,#9071),.PCURVE_S1.);
#9060 = LINE('',#9061,#9062);
#9061 = CARTESIAN_POINT('',(0.56,-0.52,-0.355125000056));
#9062 = VECTOR('',#9063,1.);
#9063 = DIRECTION('',(-1.,0.,6.982962677686E-15));
#9064 = PCURVE('',#5361,#9065);
#9065 = DEFINITIONAL_REPRESENTATION('',(#9066),#9070);
#9066 = LINE('',#9067,#9068);
#9067 = CARTESIAN_POINT('',(0.,0.));
#9068 = VECTOR('',#9069,1.);
#9069 = DIRECTION('',(-1.,-6.982962677686E-15));
#9070 = ( GEOMETRIC_REPRESENTATION_CONTEXT(2) 
PARAMETRIC_REPRESENTATION_CONTEXT() REPRESENTATION_CONTEXT('2D SPACE',''
  ) );
#9071 = PCURVE('',#2965,#9072);
#9072 = DEFINITIONAL_REPRESENTATION('',(#9073),#9077);
#9073 = LINE('',#9074,#9075);
#9074 = CARTESIAN_POINT('',(-0.56,-0.52));
#9075 = VECTOR('',#9076,1.);
#9076 = DIRECTION('',(1.,0.));
#9077 = ( GEOMETRIC_REPRESENTATION_CONTEXT(2) 
PARAMETRIC_REPRESENTATION_CONTEXT() REPRESENTATION_CONTEXT('2D SPACE',''
  ) );
#9078 = ORIENTED_EDGE('',*,*,#8981,.T.);
#9079 = ADVANCED_FACE('',(#9080),#5333,.F.);
#9080 = FACE_BOUND('',#9081,.F.);
#9081 = EDGE_LOOP('',(#9082,#9083,#9107,#9128));
#9082 = ORIENTED_EDGE('',*,*,#9035,.F.);
#9083 = ORIENTED_EDGE('',*,*,#9084,.F.);
#9084 = EDGE_CURVE('',#9085,#9036,#9087,.T.);
#9085 = VERTEX_POINT('',#9086);
#9086 = CARTESIAN_POINT('',(0.66,-0.495,-0.355125000056));
#9087 = SURFACE_CURVE('',#9088,(#9093,#9100),.PCURVE_S1.);
#9088 = CIRCLE('',#9089,2.5E-02);
#9089 = AXIS2_PLACEMENT_3D('',#9090,#9091,#9092);
#9090 = CARTESIAN_POINT('',(0.635,-0.495,-0.355125000056));
#9091 = DIRECTION('',(-6.505213034913E-15,0.,-1.));
#9092 = DIRECTION('',(1.,0.,-6.505213034913E-15));
#9093 = PCURVE('',#5333,#9094);
#9094 = DEFINITIONAL_REPRESENTATION('',(#9095),#9099);
#9095 = LINE('',#9096,#9097);
#9096 = CARTESIAN_POINT('',(6.28318530718,0.));
#9097 = VECTOR('',#9098,1.);
#9098 = DIRECTION('',(-1.,0.));
#9099 = ( GEOMETRIC_REPRESENTATION_CONTEXT(2) 
PARAMETRIC_REPRESENTATION_CONTEXT() REPRESENTATION_CONTEXT('2D SPACE',''
  ) );
#9100 = PCURVE('',#2965,#9101);
#9101 = DEFINITIONAL_REPRESENTATION('',(#9102),#9106);
#9102 = CIRCLE('',#9103,2.5E-02);
#9103 = AXIS2_PLACEMENT_2D('',#9104,#9105);
#9104 = CARTESIAN_POINT('',(-0.635,-0.495));
#9105 = DIRECTION('',(-1.,0.));
#9106 = ( GEOMETRIC_REPRESENTATION_CONTEXT(2) 
PARAMETRIC_REPRESENTATION_CONTEXT() REPRESENTATION_CONTEXT('2D SPACE',''
  ) );
#9107 = ORIENTED_EDGE('',*,*,#9108,.T.);
#9108 = EDGE_CURVE('',#9085,#5289,#9109,.T.);
#9109 = SURFACE_CURVE('',#9110,(#9114,#9121),.PCURVE_S1.);
#9110 = LINE('',#9111,#9112);
#9111 = CARTESIAN_POINT('',(0.66,-0.495,-0.355125000056));
#9112 = VECTOR('',#9113,1.);
#9113 = DIRECTION('',(6.982962677686E-15,0.,1.));
#9114 = PCURVE('',#5333,#9115);
#9115 = DEFINITIONAL_REPRESENTATION('',(#9116),#9120);
#9116 = LINE('',#9117,#9118);
#9117 = CARTESIAN_POINT('',(6.28318530718,-3.330669073875E-16));
#9118 = VECTOR('',#9119,1.);
#9119 = DIRECTION('',(0.,1.));
#9120 = ( GEOMETRIC_REPRESENTATION_CONTEXT(2) 
PARAMETRIC_REPRESENTATION_CONTEXT() REPRESENTATION_CONTEXT('2D SPACE',''
  ) );
#9121 = PCURVE('',#5304,#9122);
#9122 = DEFINITIONAL_REPRESENTATION('',(#9123),#9127);
#9123 = LINE('',#9124,#9125);
#9124 = CARTESIAN_POINT('',(-0.15,-0.));
#9125 = VECTOR('',#9126,1.);
#9126 = DIRECTION('',(0.,-1.));
#9127 = ( GEOMETRIC_REPRESENTATION_CONTEXT(2) 
PARAMETRIC_REPRESENTATION_CONTEXT() REPRESENTATION_CONTEXT('2D SPACE',''
  ) );
#9128 = ORIENTED_EDGE('',*,*,#5316,.T.);
#9129 = ADVANCED_FACE('',(#9130),#5304,.T.);
#9130 = FACE_BOUND('',#9131,.T.);
#9131 = EDGE_LOOP('',(#9132,#9133,#9156,#9177));
#9132 = ORIENTED_EDGE('',*,*,#5288,.F.);
#9133 = ORIENTED_EDGE('',*,*,#9134,.F.);
#9134 = EDGE_CURVE('',#9135,#5260,#9137,.T.);
#9135 = VERTEX_POINT('',#9136);
#9136 = CARTESIAN_POINT('',(0.66,-0.345,-0.355125000056));
#9137 = SURFACE_CURVE('',#9138,(#9142,#9149),.PCURVE_S1.);
#9138 = LINE('',#9139,#9140);
#9139 = CARTESIAN_POINT('',(0.66,-0.345,-0.355125000056));
#9140 = VECTOR('',#9141,1.);
#9141 = DIRECTION('',(6.982962677686E-15,0.,1.));
#9142 = PCURVE('',#5304,#9143);
#9143 = DEFINITIONAL_REPRESENTATION('',(#9144),#9148);
#9144 = LINE('',#9145,#9146);
#9145 = CARTESIAN_POINT('',(0.,0.));
#9146 = VECTOR('',#9147,1.);
#9147 = DIRECTION('',(0.,-1.));
#9148 = ( GEOMETRIC_REPRESENTATION_CONTEXT(2) 
PARAMETRIC_REPRESENTATION_CONTEXT() REPRESENTATION_CONTEXT('2D SPACE',''
  ) );
#9149 = PCURVE('',#5276,#9150);
#9150 = DEFINITIONAL_REPRESENTATION('',(#9151),#9155);
#9151 = LINE('',#9152,#9153);
#9152 = CARTESIAN_POINT('',(0.,-3.330669073875E-16));
#9153 = VECTOR('',#9154,1.);
#9154 = DIRECTION('',(0.,1.));
#9155 = ( GEOMETRIC_REPRESENTATION_CONTEXT(2) 
PARAMETRIC_REPRESENTATION_CONTEXT() REPRESENTATION_CONTEXT('2D SPACE',''
  ) );
#9156 = ORIENTED_EDGE('',*,*,#9157,.T.);
#9157 = EDGE_CURVE('',#9135,#9085,#9158,.T.);
#9158 = SURFACE_CURVE('',#9159,(#9163,#9170),.PCURVE_S1.);
#9159 = LINE('',#9160,#9161);
#9160 = CARTESIAN_POINT('',(0.66,-0.345,-0.355125000056));
#9161 = VECTOR('',#9162,1.);
#9162 = DIRECTION('',(0.,-1.,0.));
#9163 = PCURVE('',#5304,#9164);
#9164 = DEFINITIONAL_REPRESENTATION('',(#9165),#9169);
#9165 = LINE('',#9166,#9167);
#9166 = CARTESIAN_POINT('',(0.,0.));
#9167 = VECTOR('',#9168,1.);
#9168 = DIRECTION('',(-1.,-0.));
#9169 = ( GEOMETRIC_REPRESENTATION_CONTEXT(2) 
PARAMETRIC_REPRESENTATION_CONTEXT() REPRESENTATION_CONTEXT('2D SPACE',''
  ) );
#9170 = PCURVE('',#2965,#9171);
#9171 = DEFINITIONAL_REPRESENTATION('',(#9172),#9176);
#9172 = LINE('',#9173,#9174);
#9173 = CARTESIAN_POINT('',(-0.66,-0.345));
#9174 = VECTOR('',#9175,1.);
#9175 = DIRECTION('',(0.,-1.));
#9176 = ( GEOMETRIC_REPRESENTATION_CONTEXT(2) 
PARAMETRIC_REPRESENTATION_CONTEXT() REPRESENTATION_CONTEXT('2D SPACE',''
  ) );
#9177 = ORIENTED_EDGE('',*,*,#9108,.T.);
#9178 = ADVANCED_FACE('',(#9179),#5276,.F.);
#9179 = FACE_BOUND('',#9180,.F.);
#9180 = EDGE_LOOP('',(#9181,#9182,#9206,#9227));
#9181 = ORIENTED_EDGE('',*,*,#9134,.F.);
#9182 = ORIENTED_EDGE('',*,*,#9183,.F.);
#9183 = EDGE_CURVE('',#9184,#9135,#9186,.T.);
#9184 = VERTEX_POINT('',#9185);
#9185 = CARTESIAN_POINT('',(0.635,-0.32,-0.355125000056));
#9186 = SURFACE_CURVE('',#9187,(#9192,#9199),.PCURVE_S1.);
#9187 = CIRCLE('',#9188,2.5E-02);
#9188 = AXIS2_PLACEMENT_3D('',#9189,#9190,#9191);
#9189 = CARTESIAN_POINT('',(0.635,-0.345,-0.355125000056));
#9190 = DIRECTION('',(-6.505213034913E-15,0.,-1.));
#9191 = DIRECTION('',(-1.,0.,6.505213034913E-15));
#9192 = PCURVE('',#5276,#9193);
#9193 = DEFINITIONAL_REPRESENTATION('',(#9194),#9198);
#9194 = LINE('',#9195,#9196);
#9195 = CARTESIAN_POINT('',(3.14159265359,0.));
#9196 = VECTOR('',#9197,1.);
#9197 = DIRECTION('',(-1.,0.));
#9198 = ( GEOMETRIC_REPRESENTATION_CONTEXT(2) 
PARAMETRIC_REPRESENTATION_CONTEXT() REPRESENTATION_CONTEXT('2D SPACE',''
  ) );
#9199 = PCURVE('',#2965,#9200);
#9200 = DEFINITIONAL_REPRESENTATION('',(#9201),#9205);
#9201 = CIRCLE('',#9202,2.5E-02);
#9202 = AXIS2_PLACEMENT_2D('',#9203,#9204);
#9203 = CARTESIAN_POINT('',(-0.635,-0.345));
#9204 = DIRECTION('',(1.,0.));
#9205 = ( GEOMETRIC_REPRESENTATION_CONTEXT(2) 
PARAMETRIC_REPRESENTATION_CONTEXT() REPRESENTATION_CONTEXT('2D SPACE',''
  ) );
#9206 = ORIENTED_EDGE('',*,*,#9207,.T.);
#9207 = EDGE_CURVE('',#9184,#5232,#9208,.T.);
#9208 = SURFACE_CURVE('',#9209,(#9213,#9220),.PCURVE_S1.);
#9209 = LINE('',#9210,#9211);
#9210 = CARTESIAN_POINT('',(0.635,-0.32,-0.355125000056));
#9211 = VECTOR('',#9212,1.);
#9212 = DIRECTION('',(6.982962677686E-15,0.,1.));
#9213 = PCURVE('',#5276,#9214);
#9214 = DEFINITIONAL_REPRESENTATION('',(#9215),#9219);
#9215 = LINE('',#9216,#9217);
#9216 = CARTESIAN_POINT('',(1.570796326795,0.));
#9217 = VECTOR('',#9218,1.);
#9218 = DIRECTION('',(0.,1.));
#9219 = ( GEOMETRIC_REPRESENTATION_CONTEXT(2) 
PARAMETRIC_REPRESENTATION_CONTEXT() REPRESENTATION_CONTEXT('2D SPACE',''
  ) );
#9220 = PCURVE('',#5247,#9221);
#9221 = DEFINITIONAL_REPRESENTATION('',(#9222),#9226);
#9222 = LINE('',#9223,#9224);
#9223 = CARTESIAN_POINT('',(3.895409895038E-46,5.394448724536E-02));
#9224 = VECTOR('',#9225,1.);
#9225 = DIRECTION('',(-1.,6.982962677686E-15));
#9226 = ( GEOMETRIC_REPRESENTATION_CONTEXT(2) 
PARAMETRIC_REPRESENTATION_CONTEXT() REPRESENTATION_CONTEXT('2D SPACE',''
  ) );
#9227 = ORIENTED_EDGE('',*,*,#5259,.T.);
#9228 = ADVANCED_FACE('',(#9229),#5247,.T.);
#9229 = FACE_BOUND('',#9230,.T.);
#9230 = EDGE_LOOP('',(#9231,#9232,#9255,#9276));
#9231 = ORIENTED_EDGE('',*,*,#5231,.F.);
#9232 = ORIENTED_EDGE('',*,*,#9233,.F.);
#9233 = EDGE_CURVE('',#9234,#5203,#9236,.T.);
#9234 = VERTEX_POINT('',#9235);
#9235 = CARTESIAN_POINT('',(0.581055512755,-0.32,-0.355125000056));
#9236 = SURFACE_CURVE('',#9237,(#9241,#9248),.PCURVE_S1.);
#9237 = LINE('',#9238,#9239);
#9238 = CARTESIAN_POINT('',(0.581055512755,-0.32,-0.355125000056));
#9239 = VECTOR('',#9240,1.);
#9240 = DIRECTION('',(6.982962677686E-15,0.,1.));
#9241 = PCURVE('',#5247,#9242);
#9242 = DEFINITIONAL_REPRESENTATION('',(#9243),#9247);
#9243 = LINE('',#9244,#9245);
#9244 = CARTESIAN_POINT('',(0.,0.));
#9245 = VECTOR('',#9246,1.);
#9246 = DIRECTION('',(-1.,6.982962677686E-15));
#9247 = ( GEOMETRIC_REPRESENTATION_CONTEXT(2) 
PARAMETRIC_REPRESENTATION_CONTEXT() REPRESENTATION_CONTEXT('2D SPACE',''
  ) );
#9248 = PCURVE('',#5219,#9249);
#9249 = DEFINITIONAL_REPRESENTATION('',(#9250),#9254);
#9250 = LINE('',#9251,#9252);
#9251 = CARTESIAN_POINT('',(1.570796326795,0.));
#9252 = VECTOR('',#9253,1.);
#9253 = DIRECTION('',(0.,1.));
#9254 = ( GEOMETRIC_REPRESENTATION_CONTEXT(2) 
PARAMETRIC_REPRESENTATION_CONTEXT() REPRESENTATION_CONTEXT('2D SPACE',''
  ) );
#9255 = ORIENTED_EDGE('',*,*,#9256,.T.);
#9256 = EDGE_CURVE('',#9234,#9184,#9257,.T.);
#9257 = SURFACE_CURVE('',#9258,(#9262,#9269),.PCURVE_S1.);
#9258 = LINE('',#9259,#9260);
#9259 = CARTESIAN_POINT('',(0.581055512755,-0.32,-0.355125000056));
#9260 = VECTOR('',#9261,1.);
#9261 = DIRECTION('',(1.,1.004923976341E-15,-6.982962677686E-15));
#9262 = PCURVE('',#5247,#9263);
#9263 = DEFINITIONAL_REPRESENTATION('',(#9264),#9268);
#9264 = LINE('',#9265,#9266);
#9265 = CARTESIAN_POINT('',(0.,0.));
#9266 = VECTOR('',#9267,1.);
#9267 = DIRECTION('',(6.982962677686E-15,1.));
#9268 = ( GEOMETRIC_REPRESENTATION_CONTEXT(2) 
PARAMETRIC_REPRESENTATION_CONTEXT() REPRESENTATION_CONTEXT('2D SPACE',''
  ) );
#9269 = PCURVE('',#2965,#9270);
#9270 = DEFINITIONAL_REPRESENTATION('',(#9271),#9275);
#9271 = LINE('',#9272,#9273);
#9272 = CARTESIAN_POINT('',(-0.581055512755,-0.32));
#9273 = VECTOR('',#9274,1.);
#9274 = DIRECTION('',(-1.,1.004923976341E-15));
#9275 = ( GEOMETRIC_REPRESENTATION_CONTEXT(2) 
PARAMETRIC_REPRESENTATION_CONTEXT() REPRESENTATION_CONTEXT('2D SPACE',''
  ) );
#9276 = ORIENTED_EDGE('',*,*,#9207,.T.);
#9277 = ADVANCED_FACE('',(#9278),#5219,.F.);
#9278 = FACE_BOUND('',#9279,.F.);
#9279 = EDGE_LOOP('',(#9280,#9281,#9305,#9326));
#9280 = ORIENTED_EDGE('',*,*,#9233,.F.);
#9281 = ORIENTED_EDGE('',*,*,#9282,.F.);
#9282 = EDGE_CURVE('',#9283,#9234,#9285,.T.);
#9283 = VERTEX_POINT('',#9284);
#9284 = CARTESIAN_POINT('',(0.568178543914,-0.323571428571,
    -0.355125000056));
#9285 = SURFACE_CURVE('',#9286,(#9291,#9298),.PCURVE_S1.);
#9286 = CIRCLE('',#9287,2.5E-02);
#9287 = AXIS2_PLACEMENT_3D('',#9288,#9289,#9290);
#9288 = CARTESIAN_POINT('',(0.581055512755,-0.345,-0.355125000056));
#9289 = DIRECTION('',(-6.505213034913E-15,0.,-1.));
#9290 = DIRECTION('',(-1.,0.,6.505213034913E-15));
#9291 = PCURVE('',#5219,#9292);
#9292 = DEFINITIONAL_REPRESENTATION('',(#9293),#9297);
#9293 = LINE('',#9294,#9295);
#9294 = CARTESIAN_POINT('',(3.14159265359,1.611472719293E-16));
#9295 = VECTOR('',#9296,1.);
#9296 = DIRECTION('',(-1.,-1.025895395733E-16));
#9297 = ( GEOMETRIC_REPRESENTATION_CONTEXT(2) 
PARAMETRIC_REPRESENTATION_CONTEXT() REPRESENTATION_CONTEXT('2D SPACE',''
  ) );
#9298 = PCURVE('',#2965,#9299);
#9299 = DEFINITIONAL_REPRESENTATION('',(#9300),#9304);
#9300 = CIRCLE('',#9301,2.5E-02);
#9301 = AXIS2_PLACEMENT_2D('',#9302,#9303);
#9302 = CARTESIAN_POINT('',(-0.581055512755,-0.345));
#9303 = DIRECTION('',(1.,0.));
#9304 = ( GEOMETRIC_REPRESENTATION_CONTEXT(2) 
PARAMETRIC_REPRESENTATION_CONTEXT() REPRESENTATION_CONTEXT('2D SPACE',''
  ) );
#9305 = ORIENTED_EDGE('',*,*,#9306,.T.);
#9306 = EDGE_CURVE('',#9283,#5170,#9307,.T.);
#9307 = SURFACE_CURVE('',#9308,(#9312,#9319),.PCURVE_S1.);
#9308 = LINE('',#9309,#9310);
#9309 = CARTESIAN_POINT('',(0.568178543914,-0.323571428571,
    -0.355125000056));
#9310 = VECTOR('',#9311,1.);
#9311 = DIRECTION('',(6.982962677686E-15,0.,1.));
#9312 = PCURVE('',#5219,#9313);
#9313 = DEFINITIONAL_REPRESENTATION('',(#9314),#9318);
#9314 = LINE('',#9315,#9316);
#9315 = CARTESIAN_POINT('',(2.111895852752,3.885780586188E-16));
#9316 = VECTOR('',#9317,1.);
#9317 = DIRECTION('',(0.,1.));
#9318 = ( GEOMETRIC_REPRESENTATION_CONTEXT(2) 
PARAMETRIC_REPRESENTATION_CONTEXT() REPRESENTATION_CONTEXT('2D SPACE',''
  ) );
#9319 = PCURVE('',#5190,#9320);
#9320 = DEFINITIONAL_REPRESENTATION('',(#9321),#9325);
#9321 = LINE('',#9322,#9323);
#9322 = CARTESIAN_POINT('',(5.253488506342,1.665334536938E-16));
#9323 = VECTOR('',#9324,1.);
#9324 = DIRECTION('',(0.,1.));
#9325 = ( GEOMETRIC_REPRESENTATION_CONTEXT(2) 
PARAMETRIC_REPRESENTATION_CONTEXT() REPRESENTATION_CONTEXT('2D SPACE',''
  ) );
#9326 = ORIENTED_EDGE('',*,*,#5202,.T.);
#9327 = ADVANCED_FACE('',(#9328),#5190,.T.);
#9328 = FACE_BOUND('',#9329,.T.);
#9329 = EDGE_LOOP('',(#9330,#9331,#9354,#9380));
#9330 = ORIENTED_EDGE('',*,*,#5169,.F.);
#9331 = ORIENTED_EDGE('',*,*,#9332,.F.);
#9332 = EDGE_CURVE('',#9333,#5141,#9335,.T.);
#9333 = VERTEX_POINT('',#9334);
#9334 = CARTESIAN_POINT('',(0.568178543914,-0.246428571429,
    -0.355125000056));
#9335 = SURFACE_CURVE('',#9336,(#9340,#9347),.PCURVE_S1.);
#9336 = LINE('',#9337,#9338);
#9337 = CARTESIAN_POINT('',(0.568178543914,-0.246428571429,
    -0.355125000056));
#9338 = VECTOR('',#9339,1.);
#9339 = DIRECTION('',(6.982962677686E-15,0.,1.));
#9340 = PCURVE('',#5190,#9341);
#9341 = DEFINITIONAL_REPRESENTATION('',(#9342),#9346);
#9342 = LINE('',#9343,#9344);
#9343 = CARTESIAN_POINT('',(1.029696800838,1.665334536938E-16));
#9344 = VECTOR('',#9345,1.);
#9345 = DIRECTION('',(0.,1.));
#9346 = ( GEOMETRIC_REPRESENTATION_CONTEXT(2) 
PARAMETRIC_REPRESENTATION_CONTEXT() REPRESENTATION_CONTEXT('2D SPACE',''
  ) );
#9347 = PCURVE('',#5157,#9348);
#9348 = DEFINITIONAL_REPRESENTATION('',(#9349),#9353);
#9349 = LINE('',#9350,#9351);
#9350 = CARTESIAN_POINT('',(4.171289454428,3.885780586188E-16));
#9351 = VECTOR('',#9352,1.);
#9352 = DIRECTION('',(0.,1.));
#9353 = ( GEOMETRIC_REPRESENTATION_CONTEXT(2) 
PARAMETRIC_REPRESENTATION_CONTEXT() REPRESENTATION_CONTEXT('2D SPACE',''
  ) );
#9354 = ORIENTED_EDGE('',*,*,#9355,.T.);
#9355 = EDGE_CURVE('',#9333,#9283,#9356,.T.);
#9356 = SURFACE_CURVE('',#9357,(#9362,#9369),.PCURVE_S1.);
#9357 = CIRCLE('',#9358,4.5E-02);
#9358 = AXIS2_PLACEMENT_3D('',#9359,#9360,#9361);
#9359 = CARTESIAN_POINT('',(0.545,-0.285,-0.355125000056));
#9360 = DIRECTION('',(7.228014483237E-15,0.,1.));
#9361 = DIRECTION('',(-1.,0.,7.228014483237E-15));
#9362 = PCURVE('',#5190,#9363);
#9363 = DEFINITIONAL_REPRESENTATION('',(#9364),#9368);
#9364 = LINE('',#9365,#9366);
#9365 = CARTESIAN_POINT('',(-3.14159265359,0.));
#9366 = VECTOR('',#9367,1.);
#9367 = DIRECTION('',(1.,0.));
#9368 = ( GEOMETRIC_REPRESENTATION_CONTEXT(2) 
PARAMETRIC_REPRESENTATION_CONTEXT() REPRESENTATION_CONTEXT('2D SPACE',''
  ) );
#9369 = PCURVE('',#2965,#9370);
#9370 = DEFINITIONAL_REPRESENTATION('',(#9371),#9379);
#9371 = ( BOUNDED_CURVE() B_SPLINE_CURVE(2,(#9372,#9373,#9374,#9375,
#9376,#9377,#9378),.UNSPECIFIED.,.T.,.F.) B_SPLINE_CURVE_WITH_KNOTS((1,2
    ,2,2,2,1),(-2.094395102393,0.,2.094395102393,4.188790204786,
6.28318530718,8.377580409573),.UNSPECIFIED.) CURVE() 
GEOMETRIC_REPRESENTATION_ITEM() RATIONAL_B_SPLINE_CURVE((1.,0.5,1.,0.5,
1.,0.5,1.)) REPRESENTATION_ITEM('') );
#9372 = CARTESIAN_POINT('',(-0.5,-0.285));
#9373 = CARTESIAN_POINT('',(-0.5,-0.362942286341));
#9374 = CARTESIAN_POINT('',(-0.5675,-0.32397114317));
#9375 = CARTESIAN_POINT('',(-0.635,-0.285));
#9376 = CARTESIAN_POINT('',(-0.5675,-0.24602885683));
#9377 = CARTESIAN_POINT('',(-0.5,-0.207057713659));
#9378 = CARTESIAN_POINT('',(-0.5,-0.285));
#9379 = ( GEOMETRIC_REPRESENTATION_CONTEXT(2) 
PARAMETRIC_REPRESENTATION_CONTEXT() REPRESENTATION_CONTEXT('2D SPACE',''
  ) );
#9380 = ORIENTED_EDGE('',*,*,#9306,.T.);
#9381 = ADVANCED_FACE('',(#9382),#5157,.F.);
#9382 = FACE_BOUND('',#9383,.F.);
#9383 = EDGE_LOOP('',(#9384,#9385,#9407,#9408));
#9384 = ORIENTED_EDGE('',*,*,#9332,.F.);
#9385 = ORIENTED_EDGE('',*,*,#9386,.F.);
#9386 = EDGE_CURVE('',#5796,#9333,#9387,.T.);
#9387 = SURFACE_CURVE('',#9388,(#9393,#9400),.PCURVE_S1.);
#9388 = CIRCLE('',#9389,2.5E-02);
#9389 = AXIS2_PLACEMENT_3D('',#9390,#9391,#9392);
#9390 = CARTESIAN_POINT('',(0.581055512755,-0.225,-0.355125000056));
#9391 = DIRECTION('',(-6.505213034913E-15,0.,-1.));
#9392 = DIRECTION('',(-1.,0.,6.505213034913E-15));
#9393 = PCURVE('',#5157,#9394);
#9394 = DEFINITIONAL_REPRESENTATION('',(#9395),#9399);
#9395 = LINE('',#9396,#9397);
#9396 = CARTESIAN_POINT('',(9.424777960769,-4.834418157878E-16));
#9397 = VECTOR('',#9398,1.);
#9398 = DIRECTION('',(-1.,1.025895395733E-16));
#9399 = ( GEOMETRIC_REPRESENTATION_CONTEXT(2) 
PARAMETRIC_REPRESENTATION_CONTEXT() REPRESENTATION_CONTEXT('2D SPACE',''
  ) );
#9400 = PCURVE('',#2965,#9401);
#9401 = DEFINITIONAL_REPRESENTATION('',(#9402),#9406);
#9402 = CIRCLE('',#9403,2.5E-02);
#9403 = AXIS2_PLACEMENT_2D('',#9404,#9405);
#9404 = CARTESIAN_POINT('',(-0.581055512755,-0.225));
#9405 = DIRECTION('',(1.,0.));
#9406 = ( GEOMETRIC_REPRESENTATION_CONTEXT(2) 
PARAMETRIC_REPRESENTATION_CONTEXT() REPRESENTATION_CONTEXT('2D SPACE',''
  ) );
#9407 = ORIENTED_EDGE('',*,*,#5818,.T.);
#9408 = ORIENTED_EDGE('',*,*,#5140,.T.);
#9409 = ADVANCED_FACE('',(#9410),#9425,.T.);
#9410 = FACE_BOUND('',#9411,.T.);
#9411 = EDGE_LOOP('',(#9412,#9451,#9474,#9506,#9529,#9561,#9584,#9616));
#9412 = ORIENTED_EDGE('',*,*,#9413,.F.);
#9413 = EDGE_CURVE('',#9414,#9416,#9418,.T.);
#9414 = VERTEX_POINT('',#9415);
#9415 = CARTESIAN_POINT('',(-0.115,-0.62,-0.355125000056));
#9416 = VERTEX_POINT('',#9417);
#9417 = CARTESIAN_POINT('',(-9.E-02,-0.595,-0.355125000056));
#9418 = SURFACE_CURVE('',#9419,(#9424,#9440),.PCURVE_S1.);
#9419 = CIRCLE('',#9420,2.5E-02);
#9420 = AXIS2_PLACEMENT_3D('',#9421,#9422,#9423);
#9421 = CARTESIAN_POINT('',(-0.115,-0.595,-0.355125000056));
#9422 = DIRECTION('',(6.505213034913E-15,0.,1.));
#9423 = DIRECTION('',(-1.,0.,6.505213034913E-15));
#9424 = PCURVE('',#9425,#9430);
#9425 = PLANE('',#9426);
#9426 = AXIS2_PLACEMENT_3D('',#9427,#9428,#9429);
#9427 = CARTESIAN_POINT('',(-2.913505490302E-15,0.,-0.355125000056));
#9428 = DIRECTION('',(-6.982962677686E-15,0.,-1.));
#9429 = DIRECTION('',(-1.,0.,6.982962677686E-15));
#9430 = DEFINITIONAL_REPRESENTATION('',(#9431),#9439);
#9431 = ( BOUNDED_CURVE() B_SPLINE_CURVE(2,(#9432,#9433,#9434,#9435,
#9436,#9437,#9438),.UNSPECIFIED.,.T.,.F.) B_SPLINE_CURVE_WITH_KNOTS((1,2
    ,2,2,2,1),(-2.094395102393,0.,2.094395102393,4.188790204786,
6.28318530718,8.377580409573),.UNSPECIFIED.) CURVE() 
GEOMETRIC_REPRESENTATION_ITEM() RATIONAL_B_SPLINE_CURVE((1.,0.5,1.,0.5,
1.,0.5,1.)) REPRESENTATION_ITEM('') );
#9432 = CARTESIAN_POINT('',(0.14,-0.595));
#9433 = CARTESIAN_POINT('',(0.14,-0.638301270189));
#9434 = CARTESIAN_POINT('',(0.1025,-0.616650635095));
#9435 = CARTESIAN_POINT('',(6.5E-02,-0.595));
#9436 = CARTESIAN_POINT('',(0.1025,-0.573349364905));
#9437 = CARTESIAN_POINT('',(0.14,-0.551698729811));
#9438 = CARTESIAN_POINT('',(0.14,-0.595));
#9439 = ( GEOMETRIC_REPRESENTATION_CONTEXT(2) 
PARAMETRIC_REPRESENTATION_CONTEXT() REPRESENTATION_CONTEXT('2D SPACE',''
  ) );
#9440 = PCURVE('',#2965,#9441);
#9441 = DEFINITIONAL_REPRESENTATION('',(#9442),#9450);
#9442 = ( BOUNDED_CURVE() B_SPLINE_CURVE(2,(#9443,#9444,#9445,#9446,
#9447,#9448,#9449),.UNSPECIFIED.,.T.,.F.) B_SPLINE_CURVE_WITH_KNOTS((1,2
    ,2,2,2,1),(-2.094395102393,0.,2.094395102393,4.188790204786,
6.28318530718,8.377580409573),.UNSPECIFIED.) CURVE() 
GEOMETRIC_REPRESENTATION_ITEM() RATIONAL_B_SPLINE_CURVE((1.,0.5,1.,0.5,
1.,0.5,1.)) REPRESENTATION_ITEM('') );
#9443 = CARTESIAN_POINT('',(0.14,-0.595));
#9444 = CARTESIAN_POINT('',(0.14,-0.638301270189));
#9445 = CARTESIAN_POINT('',(0.1025,-0.616650635095));
#9446 = CARTESIAN_POINT('',(6.5E-02,-0.595));
#9447 = CARTESIAN_POINT('',(0.1025,-0.573349364905));
#9448 = CARTESIAN_POINT('',(0.14,-0.551698729811));
#9449 = CARTESIAN_POINT('',(0.14,-0.595));
#9450 = ( GEOMETRIC_REPRESENTATION_CONTEXT(2) 
PARAMETRIC_REPRESENTATION_CONTEXT() REPRESENTATION_CONTEXT('2D SPACE',''
  ) );
#9451 = ORIENTED_EDGE('',*,*,#9452,.F.);
#9452 = EDGE_CURVE('',#9453,#9414,#9455,.T.);
#9453 = VERTEX_POINT('',#9454);
#9454 = CARTESIAN_POINT('',(-0.635,-0.62,-0.355125000056));
#9455 = SURFACE_CURVE('',#9456,(#9460,#9467),.PCURVE_S1.);
#9456 = LINE('',#9457,#9458);
#9457 = CARTESIAN_POINT('',(-3.042775749329E-15,-0.62,-0.355125000056));
#9458 = VECTOR('',#9459,1.);
#9459 = DIRECTION('',(1.,-2.085004177857E-16,-6.982962677686E-15));
#9460 = PCURVE('',#9425,#9461);
#9461 = DEFINITIONAL_REPRESENTATION('',(#9462),#9466);
#9462 = LINE('',#9463,#9464);
#9463 = CARTESIAN_POINT('',(1.292702590271E-16,-0.62));
#9464 = VECTOR('',#9465,1.);
#9465 = DIRECTION('',(-1.,-2.085004177857E-16));
#9466 = ( GEOMETRIC_REPRESENTATION_CONTEXT(2) 
PARAMETRIC_REPRESENTATION_CONTEXT() REPRESENTATION_CONTEXT('2D SPACE',''
  ) );
#9467 = PCURVE('',#2965,#9468);
#9468 = DEFINITIONAL_REPRESENTATION('',(#9469),#9473);
#9469 = LINE('',#9470,#9471);
#9470 = CARTESIAN_POINT('',(1.292702590271E-16,-0.62));
#9471 = VECTOR('',#9472,1.);
#9472 = DIRECTION('',(-1.,-2.085004177857E-16));
#9473 = ( GEOMETRIC_REPRESENTATION_CONTEXT(2) 
PARAMETRIC_REPRESENTATION_CONTEXT() REPRESENTATION_CONTEXT('2D SPACE',''
  ) );
#9474 = ORIENTED_EDGE('',*,*,#9475,.F.);
#9475 = EDGE_CURVE('',#9476,#9453,#9478,.T.);
#9476 = VERTEX_POINT('',#9477);
#9477 = CARTESIAN_POINT('',(-0.66,-0.595,-0.355125000056));
#9478 = SURFACE_CURVE('',#9479,(#9484,#9495),.PCURVE_S1.);
#9479 = CIRCLE('',#9480,2.5E-02);
#9480 = AXIS2_PLACEMENT_3D('',#9481,#9482,#9483);
#9481 = CARTESIAN_POINT('',(-0.635,-0.595,-0.355125000056));
#9482 = DIRECTION('',(6.505213034913E-15,0.,1.));
#9483 = DIRECTION('',(-1.,0.,6.505213034913E-15));
#9484 = PCURVE('',#9425,#9485);
#9485 = DEFINITIONAL_REPRESENTATION('',(#9486),#9494);
#9486 = ( BOUNDED_CURVE() B_SPLINE_CURVE(2,(#9487,#9488,#9489,#9490,
#9491,#9492,#9493),.UNSPECIFIED.,.T.,.F.) B_SPLINE_CURVE_WITH_KNOTS((1,2
    ,2,2,2,1),(-2.094395102393,0.,2.094395102393,4.188790204786,
6.28318530718,8.377580409573),.UNSPECIFIED.) CURVE() 
GEOMETRIC_REPRESENTATION_ITEM() RATIONAL_B_SPLINE_CURVE((1.,0.5,1.,0.5,
1.,0.5,1.)) REPRESENTATION_ITEM('') );
#9487 = CARTESIAN_POINT('',(0.66,-0.595));
#9488 = CARTESIAN_POINT('',(0.66,-0.638301270189));
#9489 = CARTESIAN_POINT('',(0.6225,-0.616650635095));
#9490 = CARTESIAN_POINT('',(0.585,-0.595));
#9491 = CARTESIAN_POINT('',(0.6225,-0.573349364905));
#9492 = CARTESIAN_POINT('',(0.66,-0.551698729811));
#9493 = CARTESIAN_POINT('',(0.66,-0.595));
#9494 = ( GEOMETRIC_REPRESENTATION_CONTEXT(2) 
PARAMETRIC_REPRESENTATION_CONTEXT() REPRESENTATION_CONTEXT('2D SPACE',''
  ) );
#9495 = PCURVE('',#2965,#9496);
#9496 = DEFINITIONAL_REPRESENTATION('',(#9497),#9505);
#9497 = ( BOUNDED_CURVE() B_SPLINE_CURVE(2,(#9498,#9499,#9500,#9501,
#9502,#9503,#9504),.UNSPECIFIED.,.T.,.F.) B_SPLINE_CURVE_WITH_KNOTS((1,2
    ,2,2,2,1),(-2.094395102393,0.,2.094395102393,4.188790204786,
6.28318530718,8.377580409573),.UNSPECIFIED.) CURVE() 
GEOMETRIC_REPRESENTATION_ITEM() RATIONAL_B_SPLINE_CURVE((1.,0.5,1.,0.5,
1.,0.5,1.)) REPRESENTATION_ITEM('') );
#9498 = CARTESIAN_POINT('',(0.66,-0.595));
#9499 = CARTESIAN_POINT('',(0.66,-0.638301270189));
#9500 = CARTESIAN_POINT('',(0.6225,-0.616650635095));
#9501 = CARTESIAN_POINT('',(0.585,-0.595));
#9502 = CARTESIAN_POINT('',(0.6225,-0.573349364905));
#9503 = CARTESIAN_POINT('',(0.66,-0.551698729811));
#9504 = CARTESIAN_POINT('',(0.66,-0.595));
#9505 = ( GEOMETRIC_REPRESENTATION_CONTEXT(2) 
PARAMETRIC_REPRESENTATION_CONTEXT() REPRESENTATION_CONTEXT('2D SPACE',''
  ) );
#9506 = ORIENTED_EDGE('',*,*,#9507,.F.);
#9507 = EDGE_CURVE('',#9508,#9476,#9510,.T.);
#9508 = VERTEX_POINT('',#9509);
#9509 = CARTESIAN_POINT('',(-0.66,-0.425,-0.355125000056));
#9510 = SURFACE_CURVE('',#9511,(#9515,#9522),.PCURVE_S1.);
#9511 = LINE('',#9512,#9513);
#9512 = CARTESIAN_POINT('',(-0.66,8.418510986358E-16,-0.355125000056));
#9513 = VECTOR('',#9514,1.);
#9514 = DIRECTION('',(-1.27553196763E-15,-1.,8.906992124156E-30));
#9515 = PCURVE('',#9425,#9516);
#9516 = DEFINITIONAL_REPRESENTATION('',(#9517),#9521);
#9517 = LINE('',#9518,#9519);
#9518 = CARTESIAN_POINT('',(0.66,8.418510986358E-16));
#9519 = VECTOR('',#9520,1.);
#9520 = DIRECTION('',(1.27553196763E-15,-1.));
#9521 = ( GEOMETRIC_REPRESENTATION_CONTEXT(2) 
PARAMETRIC_REPRESENTATION_CONTEXT() REPRESENTATION_CONTEXT('2D SPACE',''
  ) );
#9522 = PCURVE('',#2965,#9523);
#9523 = DEFINITIONAL_REPRESENTATION('',(#9524),#9528);
#9524 = LINE('',#9525,#9526);
#9525 = CARTESIAN_POINT('',(0.66,8.418510986358E-16));
#9526 = VECTOR('',#9527,1.);
#9527 = DIRECTION('',(1.27553196763E-15,-1.));
#9528 = ( GEOMETRIC_REPRESENTATION_CONTEXT(2) 
PARAMETRIC_REPRESENTATION_CONTEXT() REPRESENTATION_CONTEXT('2D SPACE',''
  ) );
#9529 = ORIENTED_EDGE('',*,*,#9530,.F.);
#9530 = EDGE_CURVE('',#9531,#9508,#9533,.T.);
#9531 = VERTEX_POINT('',#9532);
#9532 = CARTESIAN_POINT('',(-0.635,-0.4,-0.355125000056));
#9533 = SURFACE_CURVE('',#9534,(#9539,#9550),.PCURVE_S1.);
#9534 = CIRCLE('',#9535,2.5E-02);
#9535 = AXIS2_PLACEMENT_3D('',#9536,#9537,#9538);
#9536 = CARTESIAN_POINT('',(-0.635,-0.425,-0.355125000056));
#9537 = DIRECTION('',(6.505213034913E-15,0.,1.));
#9538 = DIRECTION('',(-1.,0.,6.505213034913E-15));
#9539 = PCURVE('',#9425,#9540);
#9540 = DEFINITIONAL_REPRESENTATION('',(#9541),#9549);
#9541 = ( BOUNDED_CURVE() B_SPLINE_CURVE(2,(#9542,#9543,#9544,#9545,
#9546,#9547,#9548),.UNSPECIFIED.,.T.,.F.) B_SPLINE_CURVE_WITH_KNOTS((1,2
    ,2,2,2,1),(-2.094395102393,0.,2.094395102393,4.188790204786,
6.28318530718,8.377580409573),.UNSPECIFIED.) CURVE() 
GEOMETRIC_REPRESENTATION_ITEM() RATIONAL_B_SPLINE_CURVE((1.,0.5,1.,0.5,
1.,0.5,1.)) REPRESENTATION_ITEM('') );
#9542 = CARTESIAN_POINT('',(0.66,-0.425));
#9543 = CARTESIAN_POINT('',(0.66,-0.468301270189));
#9544 = CARTESIAN_POINT('',(0.6225,-0.446650635095));
#9545 = CARTESIAN_POINT('',(0.585,-0.425));
#9546 = CARTESIAN_POINT('',(0.6225,-0.403349364905));
#9547 = CARTESIAN_POINT('',(0.66,-0.381698729811));
#9548 = CARTESIAN_POINT('',(0.66,-0.425));
#9549 = ( GEOMETRIC_REPRESENTATION_CONTEXT(2) 
PARAMETRIC_REPRESENTATION_CONTEXT() REPRESENTATION_CONTEXT('2D SPACE',''
  ) );
#9550 = PCURVE('',#2965,#9551);
#9551 = DEFINITIONAL_REPRESENTATION('',(#9552),#9560);
#9552 = ( BOUNDED_CURVE() B_SPLINE_CURVE(2,(#9553,#9554,#9555,#9556,
#9557,#9558,#9559),.UNSPECIFIED.,.T.,.F.) B_SPLINE_CURVE_WITH_KNOTS((1,2
    ,2,2,2,1),(-2.094395102393,0.,2.094395102393,4.188790204786,
6.28318530718,8.377580409573),.UNSPECIFIED.) CURVE() 
GEOMETRIC_REPRESENTATION_ITEM() RATIONAL_B_SPLINE_CURVE((1.,0.5,1.,0.5,
1.,0.5,1.)) REPRESENTATION_ITEM('') );
#9553 = CARTESIAN_POINT('',(0.66,-0.425));
#9554 = CARTESIAN_POINT('',(0.66,-0.468301270189));
#9555 = CARTESIAN_POINT('',(0.6225,-0.446650635095));
#9556 = CARTESIAN_POINT('',(0.585,-0.425));
#9557 = CARTESIAN_POINT('',(0.6225,-0.403349364905));
#9558 = CARTESIAN_POINT('',(0.66,-0.381698729811));
#9559 = CARTESIAN_POINT('',(0.66,-0.425));
#9560 = ( GEOMETRIC_REPRESENTATION_CONTEXT(2) 
PARAMETRIC_REPRESENTATION_CONTEXT() REPRESENTATION_CONTEXT('2D SPACE',''
  ) );
#9561 = ORIENTED_EDGE('',*,*,#9562,.F.);
#9562 = EDGE_CURVE('',#9563,#9531,#9565,.T.);
#9563 = VERTEX_POINT('',#9564);
#9564 = CARTESIAN_POINT('',(-0.115,-0.4,-0.355125000056));
#9565 = SURFACE_CURVE('',#9566,(#9570,#9577),.PCURVE_S1.);
#9566 = LINE('',#9567,#9568);
#9567 = CARTESIAN_POINT('',(-2.913505490302E-15,-0.4,-0.355125000056));
#9568 = VECTOR('',#9569,1.);
#9569 = DIRECTION('',(-1.,0.,6.982962677686E-15));
#9570 = PCURVE('',#9425,#9571);
#9571 = DEFINITIONAL_REPRESENTATION('',(#9572),#9576);
#9572 = LINE('',#9573,#9574);
#9573 = CARTESIAN_POINT('',(0.,-0.4));
#9574 = VECTOR('',#9575,1.);
#9575 = DIRECTION('',(1.,0.));
#9576 = ( GEOMETRIC_REPRESENTATION_CONTEXT(2) 
PARAMETRIC_REPRESENTATION_CONTEXT() REPRESENTATION_CONTEXT('2D SPACE',''
  ) );
#9577 = PCURVE('',#2965,#9578);
#9578 = DEFINITIONAL_REPRESENTATION('',(#9579),#9583);
#9579 = LINE('',#9580,#9581);
#9580 = CARTESIAN_POINT('',(0.,-0.4));
#9581 = VECTOR('',#9582,1.);
#9582 = DIRECTION('',(1.,0.));
#9583 = ( GEOMETRIC_REPRESENTATION_CONTEXT(2) 
PARAMETRIC_REPRESENTATION_CONTEXT() REPRESENTATION_CONTEXT('2D SPACE',''
  ) );
#9584 = ORIENTED_EDGE('',*,*,#9585,.F.);
#9585 = EDGE_CURVE('',#9586,#9563,#9588,.T.);
#9586 = VERTEX_POINT('',#9587);
#9587 = CARTESIAN_POINT('',(-9.E-02,-0.425,-0.355125000056));
#9588 = SURFACE_CURVE('',#9589,(#9594,#9605),.PCURVE_S1.);
#9589 = CIRCLE('',#9590,2.5E-02);
#9590 = AXIS2_PLACEMENT_3D('',#9591,#9592,#9593);
#9591 = CARTESIAN_POINT('',(-0.115,-0.425,-0.355125000056));
#9592 = DIRECTION('',(6.505213034913E-15,0.,1.));
#9593 = DIRECTION('',(-1.,0.,6.505213034913E-15));
#9594 = PCURVE('',#9425,#9595);
#9595 = DEFINITIONAL_REPRESENTATION('',(#9596),#9604);
#9596 = ( BOUNDED_CURVE() B_SPLINE_CURVE(2,(#9597,#9598,#9599,#9600,
#9601,#9602,#9603),.UNSPECIFIED.,.T.,.F.) B_SPLINE_CURVE_WITH_KNOTS((1,2
    ,2,2,2,1),(-2.094395102393,0.,2.094395102393,4.188790204786,
6.28318530718,8.377580409573),.UNSPECIFIED.) CURVE() 
GEOMETRIC_REPRESENTATION_ITEM() RATIONAL_B_SPLINE_CURVE((1.,0.5,1.,0.5,
1.,0.5,1.)) REPRESENTATION_ITEM('') );
#9597 = CARTESIAN_POINT('',(0.14,-0.425));
#9598 = CARTESIAN_POINT('',(0.14,-0.468301270189));
#9599 = CARTESIAN_POINT('',(0.1025,-0.446650635095));
#9600 = CARTESIAN_POINT('',(6.5E-02,-0.425));
#9601 = CARTESIAN_POINT('',(0.1025,-0.403349364905));
#9602 = CARTESIAN_POINT('',(0.14,-0.381698729811));
#9603 = CARTESIAN_POINT('',(0.14,-0.425));
#9604 = ( GEOMETRIC_REPRESENTATION_CONTEXT(2) 
PARAMETRIC_REPRESENTATION_CONTEXT() REPRESENTATION_CONTEXT('2D SPACE',''
  ) );
#9605 = PCURVE('',#2965,#9606);
#9606 = DEFINITIONAL_REPRESENTATION('',(#9607),#9615);
#9607 = ( BOUNDED_CURVE() B_SPLINE_CURVE(2,(#9608,#9609,#9610,#9611,
#9612,#9613,#9614),.UNSPECIFIED.,.T.,.F.) B_SPLINE_CURVE_WITH_KNOTS((1,2
    ,2,2,2,1),(-2.094395102393,0.,2.094395102393,4.188790204786,
6.28318530718,8.377580409573),.UNSPECIFIED.) CURVE() 
GEOMETRIC_REPRESENTATION_ITEM() RATIONAL_B_SPLINE_CURVE((1.,0.5,1.,0.5,
1.,0.5,1.)) REPRESENTATION_ITEM('') );
#9608 = CARTESIAN_POINT('',(0.14,-0.425));
#9609 = CARTESIAN_POINT('',(0.14,-0.468301270189));
#9610 = CARTESIAN_POINT('',(0.1025,-0.446650635095));
#9611 = CARTESIAN_POINT('',(6.5E-02,-0.425));
#9612 = CARTESIAN_POINT('',(0.1025,-0.403349364905));
#9613 = CARTESIAN_POINT('',(0.14,-0.381698729811));
#9614 = CARTESIAN_POINT('',(0.14,-0.425));
#9615 = ( GEOMETRIC_REPRESENTATION_CONTEXT(2) 
PARAMETRIC_REPRESENTATION_CONTEXT() REPRESENTATION_CONTEXT('2D SPACE',''
  ) );
#9616 = ORIENTED_EDGE('',*,*,#9617,.F.);
#9617 = EDGE_CURVE('',#9416,#9586,#9618,.T.);
#9618 = SURFACE_CURVE('',#9619,(#9623,#9630),.PCURVE_S1.);
#9619 = LINE('',#9620,#9621);
#9620 = CARTESIAN_POINT('',(-9.E-02,0.,-0.355125000056));
#9621 = VECTOR('',#9622,1.);
#9622 = DIRECTION('',(0.,1.,0.));
#9623 = PCURVE('',#9425,#9624);
#9624 = DEFINITIONAL_REPRESENTATION('',(#9625),#9629);
#9625 = LINE('',#9626,#9627);
#9626 = CARTESIAN_POINT('',(9.E-02,0.));
#9627 = VECTOR('',#9628,1.);
#9628 = DIRECTION('',(0.,1.));
#9629 = ( GEOMETRIC_REPRESENTATION_CONTEXT(2) 
PARAMETRIC_REPRESENTATION_CONTEXT() REPRESENTATION_CONTEXT('2D SPACE',''
  ) );
#9630 = PCURVE('',#2965,#9631);
#9631 = DEFINITIONAL_REPRESENTATION('',(#9632),#9636);
#9632 = LINE('',#9633,#9634);
#9633 = CARTESIAN_POINT('',(9.E-02,0.));
#9634 = VECTOR('',#9635,1.);
#9635 = DIRECTION('',(0.,1.));
#9636 = ( GEOMETRIC_REPRESENTATION_CONTEXT(2) 
PARAMETRIC_REPRESENTATION_CONTEXT() REPRESENTATION_CONTEXT('2D SPACE',''
  ) );
#9637 = ADVANCED_FACE('',(#9638),#5703,.T.);
#9638 = FACE_BOUND('',#9639,.T.);
#9639 = EDGE_LOOP('',(#9640,#9663,#9686,#9707));
#9640 = ORIENTED_EDGE('',*,*,#9641,.T.);
#9641 = EDGE_CURVE('',#5634,#9642,#9644,.T.);
#9642 = VERTEX_POINT('',#9643);
#9643 = CARTESIAN_POINT('',(1.15,1.15,-0.355125000056));
#9644 = SURFACE_CURVE('',#9645,(#9649,#9656),.PCURVE_S1.);
#9645 = LINE('',#9646,#9647);
#9646 = CARTESIAN_POINT('',(1.15,1.15,-8.502500005649E-02));
#9647 = VECTOR('',#9648,1.);
#9648 = DIRECTION('',(-6.982962677686E-15,0.,-1.));
#9649 = PCURVE('',#5703,#9650);
#9650 = DEFINITIONAL_REPRESENTATION('',(#9651),#9655);
#9651 = LINE('',#9652,#9653);
#9652 = CARTESIAN_POINT('',(0.,0.));
#9653 = VECTOR('',#9654,1.);
#9654 = DIRECTION('',(-6.982962677686E-15,1.));
#9655 = ( GEOMETRIC_REPRESENTATION_CONTEXT(2) 
PARAMETRIC_REPRESENTATION_CONTEXT() REPRESENTATION_CONTEXT('2D SPACE',''
  ) );
#9656 = PCURVE('',#5649,#9657);
#9657 = DEFINITIONAL_REPRESENTATION('',(#9658),#9662);
#9658 = LINE('',#9659,#9660);
#9659 = CARTESIAN_POINT('',(0.,0.));
#9660 = VECTOR('',#9661,1.);
#9661 = DIRECTION('',(1.,0.));
#9662 = ( GEOMETRIC_REPRESENTATION_CONTEXT(2) 
PARAMETRIC_REPRESENTATION_CONTEXT() REPRESENTATION_CONTEXT('2D SPACE',''
  ) );
#9663 = ORIENTED_EDGE('',*,*,#9664,.F.);
#9664 = EDGE_CURVE('',#9665,#9642,#9667,.T.);
#9665 = VERTEX_POINT('',#9666);
#9666 = CARTESIAN_POINT('',(-1.15,1.15,-0.355125000056));
#9667 = SURFACE_CURVE('',#9668,(#9672,#9679),.PCURVE_S1.);
#9668 = LINE('',#9669,#9670);
#9669 = CARTESIAN_POINT('',(1.15,1.15,-0.355125000056));
#9670 = VECTOR('',#9671,1.);
#9671 = DIRECTION('',(1.,0.,-6.982962677686E-15));
#9672 = PCURVE('',#5703,#9673);
#9673 = DEFINITIONAL_REPRESENTATION('',(#9674),#9678);
#9674 = LINE('',#9675,#9676);
#9675 = CARTESIAN_POINT('',(0.,0.2701));
#9676 = VECTOR('',#9677,1.);
#9677 = DIRECTION('',(1.,6.982962677686E-15));
#9678 = ( GEOMETRIC_REPRESENTATION_CONTEXT(2) 
PARAMETRIC_REPRESENTATION_CONTEXT() REPRESENTATION_CONTEXT('2D SPACE',''
  ) );
#9679 = PCURVE('',#2965,#9680);
#9680 = DEFINITIONAL_REPRESENTATION('',(#9681),#9685);
#9681 = LINE('',#9682,#9683);
#9682 = CARTESIAN_POINT('',(-1.15,1.15));
#9683 = VECTOR('',#9684,1.);
#9684 = DIRECTION('',(-1.,0.));
#9685 = ( GEOMETRIC_REPRESENTATION_CONTEXT(2) 
PARAMETRIC_REPRESENTATION_CONTEXT() REPRESENTATION_CONTEXT('2D SPACE',''
  ) );
#9686 = ORIENTED_EDGE('',*,*,#9687,.F.);
#9687 = EDGE_CURVE('',#5688,#9665,#9688,.T.);
#9688 = SURFACE_CURVE('',#9689,(#9693,#9700),.PCURVE_S1.);
#9689 = LINE('',#9690,#9691);
#9690 = CARTESIAN_POINT('',(-1.15,1.15,-8.502500005647E-02));
#9691 = VECTOR('',#9692,1.);
#9692 = DIRECTION('',(-6.982962677686E-15,0.,-1.));
#9693 = PCURVE('',#5703,#9694);
#9694 = DEFINITIONAL_REPRESENTATION('',(#9695),#9699);
#9695 = LINE('',#9696,#9697);
#9696 = CARTESIAN_POINT('',(-2.3,-1.600108934241E-14));
#9697 = VECTOR('',#9698,1.);
#9698 = DIRECTION('',(-6.982962677686E-15,1.));
#9699 = ( GEOMETRIC_REPRESENTATION_CONTEXT(2) 
PARAMETRIC_REPRESENTATION_CONTEXT() REPRESENTATION_CONTEXT('2D SPACE',''
  ) );
#9700 = PCURVE('',#5755,#9701);
#9701 = DEFINITIONAL_REPRESENTATION('',(#9702),#9706);
#9702 = LINE('',#9703,#9704);
#9703 = CARTESIAN_POINT('',(0.,0.));
#9704 = VECTOR('',#9705,1.);
#9705 = DIRECTION('',(-1.316685792267E-30,1.));
#9706 = ( GEOMETRIC_REPRESENTATION_CONTEXT(2) 
PARAMETRIC_REPRESENTATION_CONTEXT() REPRESENTATION_CONTEXT('2D SPACE',''
  ) );
#9707 = ORIENTED_EDGE('',*,*,#5687,.T.);
#9708 = ADVANCED_FACE('',(#9709),#5649,.T.);
#9709 = FACE_BOUND('',#9710,.T.);
#9710 = EDGE_LOOP('',(#9711,#9734,#9755,#9756));
#9711 = ORIENTED_EDGE('',*,*,#9712,.T.);
#9712 = EDGE_CURVE('',#5580,#9713,#9715,.T.);
#9713 = VERTEX_POINT('',#9714);
#9714 = CARTESIAN_POINT('',(1.15,-1.15,-0.355125000056));
#9715 = SURFACE_CURVE('',#9716,(#9720,#9727),.PCURVE_S1.);
#9716 = LINE('',#9717,#9718);
#9717 = CARTESIAN_POINT('',(1.15,-1.15,-8.502500005649E-02));
#9718 = VECTOR('',#9719,1.);
#9719 = DIRECTION('',(-6.982962677686E-15,0.,-1.));
#9720 = PCURVE('',#5649,#9721);
#9721 = DEFINITIONAL_REPRESENTATION('',(#9722),#9726);
#9722 = LINE('',#9723,#9724);
#9723 = CARTESIAN_POINT('',(3.101058377946E-30,-2.3));
#9724 = VECTOR('',#9725,1.);
#9725 = DIRECTION('',(1.,0.));
#9726 = ( GEOMETRIC_REPRESENTATION_CONTEXT(2) 
PARAMETRIC_REPRESENTATION_CONTEXT() REPRESENTATION_CONTEXT('2D SPACE',''
  ) );
#9727 = PCURVE('',#5595,#9728);
#9728 = DEFINITIONAL_REPRESENTATION('',(#9729),#9733);
#9729 = LINE('',#9730,#9731);
#9730 = CARTESIAN_POINT('',(0.,0.));
#9731 = VECTOR('',#9732,1.);
#9732 = DIRECTION('',(1.,-6.982962677686E-15));
#9733 = ( GEOMETRIC_REPRESENTATION_CONTEXT(2) 
PARAMETRIC_REPRESENTATION_CONTEXT() REPRESENTATION_CONTEXT('2D SPACE',''
  ) );
#9734 = ORIENTED_EDGE('',*,*,#9735,.F.);
#9735 = EDGE_CURVE('',#9642,#9713,#9736,.T.);
#9736 = SURFACE_CURVE('',#9737,(#9741,#9748),.PCURVE_S1.);
#9737 = LINE('',#9738,#9739);
#9738 = CARTESIAN_POINT('',(1.15,1.15,-0.355125000056));
#9739 = VECTOR('',#9740,1.);
#9740 = DIRECTION('',(0.,-1.,0.));
#9741 = PCURVE('',#5649,#9742);
#9742 = DEFINITIONAL_REPRESENTATION('',(#9743),#9747);
#9743 = LINE('',#9744,#9745);
#9744 = CARTESIAN_POINT('',(0.2701,2.069249433689E-32));
#9745 = VECTOR('',#9746,1.);
#9746 = DIRECTION('',(0.,-1.));
#9747 = ( GEOMETRIC_REPRESENTATION_CONTEXT(2) 
PARAMETRIC_REPRESENTATION_CONTEXT() REPRESENTATION_CONTEXT('2D SPACE',''
  ) );
#9748 = PCURVE('',#2965,#9749);
#9749 = DEFINITIONAL_REPRESENTATION('',(#9750),#9754);
#9750 = LINE('',#9751,#9752);
#9751 = CARTESIAN_POINT('',(-1.15,1.15));
#9752 = VECTOR('',#9753,1.);
#9753 = DIRECTION('',(0.,-1.));
#9754 = ( GEOMETRIC_REPRESENTATION_CONTEXT(2) 
PARAMETRIC_REPRESENTATION_CONTEXT() REPRESENTATION_CONTEXT('2D SPACE',''
  ) );
#9755 = ORIENTED_EDGE('',*,*,#9641,.F.);
#9756 = ORIENTED_EDGE('',*,*,#5633,.T.);
#9757 = ADVANCED_FACE('',(#9758),#5595,.T.);
#9758 = FACE_BOUND('',#9759,.T.);
#9759 = EDGE_LOOP('',(#9760,#9783,#9804,#9805));
#9760 = ORIENTED_EDGE('',*,*,#9761,.T.);
#9761 = EDGE_CURVE('',#5557,#9762,#9764,.T.);
#9762 = VERTEX_POINT('',#9763);
#9763 = CARTESIAN_POINT('',(-1.15,-1.15,-0.355125000056));
#9764 = SURFACE_CURVE('',#9765,(#9769,#9776),.PCURVE_S1.);
#9765 = LINE('',#9766,#9767);
#9766 = CARTESIAN_POINT('',(-1.15,-1.15,-8.502500005647E-02));
#9767 = VECTOR('',#9768,1.);
#9768 = DIRECTION('',(-6.982962677686E-15,0.,-1.));
#9769 = PCURVE('',#5595,#9770);
#9770 = DEFINITIONAL_REPRESENTATION('',(#9771),#9775);
#9771 = LINE('',#9772,#9773);
#9772 = CARTESIAN_POINT('',(-1.600108934241E-14,-2.3));
#9773 = VECTOR('',#9774,1.);
#9774 = DIRECTION('',(1.,-6.982962677686E-15));
#9775 = ( GEOMETRIC_REPRESENTATION_CONTEXT(2) 
PARAMETRIC_REPRESENTATION_CONTEXT() REPRESENTATION_CONTEXT('2D SPACE',''
  ) );
#9776 = PCURVE('',#5755,#9777);
#9777 = DEFINITIONAL_REPRESENTATION('',(#9778),#9782);
#9778 = LINE('',#9779,#9780);
#9779 = CARTESIAN_POINT('',(-2.3,7.268105573311E-32));
#9780 = VECTOR('',#9781,1.);
#9781 = DIRECTION('',(-1.316685792267E-30,1.));
#9782 = ( GEOMETRIC_REPRESENTATION_CONTEXT(2) 
PARAMETRIC_REPRESENTATION_CONTEXT() REPRESENTATION_CONTEXT('2D SPACE',''
  ) );
#9783 = ORIENTED_EDGE('',*,*,#9784,.F.);
#9784 = EDGE_CURVE('',#9713,#9762,#9785,.T.);
#9785 = SURFACE_CURVE('',#9786,(#9790,#9797),.PCURVE_S1.);
#9786 = LINE('',#9787,#9788);
#9787 = CARTESIAN_POINT('',(1.15,-1.15,-0.355125000056));
#9788 = VECTOR('',#9789,1.);
#9789 = DIRECTION('',(-1.,0.,6.982962677686E-15));
#9790 = PCURVE('',#5595,#9791);
#9791 = DEFINITIONAL_REPRESENTATION('',(#9792),#9796);
#9792 = LINE('',#9793,#9794);
#9793 = CARTESIAN_POINT('',(0.2701,0.));
#9794 = VECTOR('',#9795,1.);
#9795 = DIRECTION('',(-6.982962677686E-15,-1.));
#9796 = ( GEOMETRIC_REPRESENTATION_CONTEXT(2) 
PARAMETRIC_REPRESENTATION_CONTEXT() REPRESENTATION_CONTEXT('2D SPACE',''
  ) );
#9797 = PCURVE('',#2965,#9798);
#9798 = DEFINITIONAL_REPRESENTATION('',(#9799),#9803);
#9799 = LINE('',#9800,#9801);
#9800 = CARTESIAN_POINT('',(-1.15,-1.15));
#9801 = VECTOR('',#9802,1.);
#9802 = DIRECTION('',(1.,0.));
#9803 = ( GEOMETRIC_REPRESENTATION_CONTEXT(2) 
PARAMETRIC_REPRESENTATION_CONTEXT() REPRESENTATION_CONTEXT('2D SPACE',''
  ) );
#9804 = ORIENTED_EDGE('',*,*,#9712,.F.);
#9805 = ORIENTED_EDGE('',*,*,#5579,.T.);
#9806 = ADVANCED_FACE('',(#9807),#5755,.T.);
#9807 = FACE_BOUND('',#9808,.T.);
#9808 = EDGE_LOOP('',(#9809,#9810,#9831,#9832));
#9809 = ORIENTED_EDGE('',*,*,#9687,.T.);
#9810 = ORIENTED_EDGE('',*,*,#9811,.F.);
#9811 = EDGE_CURVE('',#9762,#9665,#9812,.T.);
#9812 = SURFACE_CURVE('',#9813,(#9817,#9824),.PCURVE_S1.);
#9813 = LINE('',#9814,#9815);
#9814 = CARTESIAN_POINT('',(-1.15,1.15,-0.355125000056));
#9815 = VECTOR('',#9816,1.);
#9816 = DIRECTION('',(0.,1.,0.));
#9817 = PCURVE('',#5755,#9818);
#9818 = DEFINITIONAL_REPRESENTATION('',(#9819),#9823);
#9819 = LINE('',#9820,#9821);
#9820 = CARTESIAN_POINT('',(-3.349443381543E-31,0.2701));
#9821 = VECTOR('',#9822,1.);
#9822 = DIRECTION('',(1.,1.316685792267E-30));
#9823 = ( GEOMETRIC_REPRESENTATION_CONTEXT(2) 
PARAMETRIC_REPRESENTATION_CONTEXT() REPRESENTATION_CONTEXT('2D SPACE',''
  ) );
#9824 = PCURVE('',#2965,#9825);
#9825 = DEFINITIONAL_REPRESENTATION('',(#9826),#9830);
#9826 = LINE('',#9827,#9828);
#9827 = CARTESIAN_POINT('',(1.15,1.15));
#9828 = VECTOR('',#9829,1.);
#9829 = DIRECTION('',(0.,1.));
#9830 = ( GEOMETRIC_REPRESENTATION_CONTEXT(2) 
PARAMETRIC_REPRESENTATION_CONTEXT() REPRESENTATION_CONTEXT('2D SPACE',''
  ) );
#9831 = ORIENTED_EDGE('',*,*,#9761,.F.);
#9832 = ORIENTED_EDGE('',*,*,#5741,.T.);
#9833 = ADVANCED_FACE('',(#9834),#9849,.T.);
#9834 = FACE_BOUND('',#9835,.T.);
#9835 = EDGE_LOOP('',(#9836,#9875,#9898,#9930,#9953,#9985,#10008,#10040)
  );
#9836 = ORIENTED_EDGE('',*,*,#9837,.F.);
#9837 = EDGE_CURVE('',#9838,#9840,#9842,.T.);
#9838 = VERTEX_POINT('',#9839);
#9839 = CARTESIAN_POINT('',(-0.115,-0.28,-0.355125000056));
#9840 = VERTEX_POINT('',#9841);
#9841 = CARTESIAN_POINT('',(-9.E-02,-0.255,-0.355125000056));
#9842 = SURFACE_CURVE('',#9843,(#9848,#9864),.PCURVE_S1.);
#9843 = CIRCLE('',#9844,2.5E-02);
#9844 = AXIS2_PLACEMENT_3D('',#9845,#9846,#9847);
#9845 = CARTESIAN_POINT('',(-0.115,-0.255,-0.355125000056));
#9846 = DIRECTION('',(6.505213034913E-15,0.,1.));
#9847 = DIRECTION('',(-1.,0.,6.505213034913E-15));
#9848 = PCURVE('',#9849,#9854);
#9849 = PLANE('',#9850);
#9850 = AXIS2_PLACEMENT_3D('',#9851,#9852,#9853);
#9851 = CARTESIAN_POINT('',(-2.913505490302E-15,0.,-0.355125000056));
#9852 = DIRECTION('',(-6.982962677686E-15,0.,-1.));
#9853 = DIRECTION('',(-1.,0.,6.982962677686E-15));
#9854 = DEFINITIONAL_REPRESENTATION('',(#9855),#9863);
#9855 = ( BOUNDED_CURVE() B_SPLINE_CURVE(2,(#9856,#9857,#9858,#9859,
#9860,#9861,#9862),.UNSPECIFIED.,.T.,.F.) B_SPLINE_CURVE_WITH_KNOTS((1,2
    ,2,2,2,1),(-2.094395102393,0.,2.094395102393,4.188790204786,
6.28318530718,8.377580409573),.UNSPECIFIED.) CURVE() 
GEOMETRIC_REPRESENTATION_ITEM() RATIONAL_B_SPLINE_CURVE((1.,0.5,1.,0.5,
1.,0.5,1.)) REPRESENTATION_ITEM('') );
#9856 = CARTESIAN_POINT('',(0.14,-0.255));
#9857 = CARTESIAN_POINT('',(0.14,-0.298301270189));
#9858 = CARTESIAN_POINT('',(0.1025,-0.276650635095));
#9859 = CARTESIAN_POINT('',(6.5E-02,-0.255));
#9860 = CARTESIAN_POINT('',(0.1025,-0.233349364905));
#9861 = CARTESIAN_POINT('',(0.14,-0.211698729811));
#9862 = CARTESIAN_POINT('',(0.14,-0.255));
#9863 = ( GEOMETRIC_REPRESENTATION_CONTEXT(2) 
PARAMETRIC_REPRESENTATION_CONTEXT() REPRESENTATION_CONTEXT('2D SPACE',''
  ) );
#9864 = PCURVE('',#2965,#9865);
#9865 = DEFINITIONAL_REPRESENTATION('',(#9866),#9874);
#9866 = ( BOUNDED_CURVE() B_SPLINE_CURVE(2,(#9867,#9868,#9869,#9870,
#9871,#9872,#9873),.UNSPECIFIED.,.T.,.F.) B_SPLINE_CURVE_WITH_KNOTS((1,2
    ,2,2,2,1),(-2.094395102393,0.,2.094395102393,4.188790204786,
6.28318530718,8.377580409573),.UNSPECIFIED.) CURVE() 
GEOMETRIC_REPRESENTATION_ITEM() RATIONAL_B_SPLINE_CURVE((1.,0.5,1.,0.5,
1.,0.5,1.)) REPRESENTATION_ITEM('') );
#9867 = CARTESIAN_POINT('',(0.14,-0.255));
#9868 = CARTESIAN_POINT('',(0.14,-0.298301270189));
#9869 = CARTESIAN_POINT('',(0.1025,-0.276650635095));
#9870 = CARTESIAN_POINT('',(6.5E-02,-0.255));
#9871 = CARTESIAN_POINT('',(0.1025,-0.233349364905));
#9872 = CARTESIAN_POINT('',(0.14,-0.211698729811));
#9873 = CARTESIAN_POINT('',(0.14,-0.255));
#9874 = ( GEOMETRIC_REPRESENTATION_CONTEXT(2) 
PARAMETRIC_REPRESENTATION_CONTEXT() REPRESENTATION_CONTEXT('2D SPACE',''
  ) );
#9875 = ORIENTED_EDGE('',*,*,#9876,.F.);
#9876 = EDGE_CURVE('',#9877,#9838,#9879,.T.);
#9877 = VERTEX_POINT('',#9878);
#9878 = CARTESIAN_POINT('',(-0.635,-0.28,-0.355125000056));
#9879 = SURFACE_CURVE('',#9880,(#9884,#9891),.PCURVE_S1.);
#9880 = LINE('',#9881,#9882);
#9881 = CARTESIAN_POINT('',(-2.913505490302E-15,-0.28,-0.355125000056));
#9882 = VECTOR('',#9883,1.);
#9883 = DIRECTION('',(1.,0.,-6.982962677686E-15));
#9884 = PCURVE('',#9849,#9885);
#9885 = DEFINITIONAL_REPRESENTATION('',(#9886),#9890);
#9886 = LINE('',#9887,#9888);
#9887 = CARTESIAN_POINT('',(0.,-0.28));
#9888 = VECTOR('',#9889,1.);
#9889 = DIRECTION('',(-1.,0.));
#9890 = ( GEOMETRIC_REPRESENTATION_CONTEXT(2) 
PARAMETRIC_REPRESENTATION_CONTEXT() REPRESENTATION_CONTEXT('2D SPACE',''
  ) );
#9891 = PCURVE('',#2965,#9892);
#9892 = DEFINITIONAL_REPRESENTATION('',(#9893),#9897);
#9893 = LINE('',#9894,#9895);
#9894 = CARTESIAN_POINT('',(0.,-0.28));
#9895 = VECTOR('',#9896,1.);
#9896 = DIRECTION('',(-1.,0.));
#9897 = ( GEOMETRIC_REPRESENTATION_CONTEXT(2) 
PARAMETRIC_REPRESENTATION_CONTEXT() REPRESENTATION_CONTEXT('2D SPACE',''
  ) );
#9898 = ORIENTED_EDGE('',*,*,#9899,.F.);
#9899 = EDGE_CURVE('',#9900,#9877,#9902,.T.);
#9900 = VERTEX_POINT('',#9901);
#9901 = CARTESIAN_POINT('',(-0.66,-0.255,-0.355125000056));
#9902 = SURFACE_CURVE('',#9903,(#9908,#9919),.PCURVE_S1.);
#9903 = CIRCLE('',#9904,2.5E-02);
#9904 = AXIS2_PLACEMENT_3D('',#9905,#9906,#9907);
#9905 = CARTESIAN_POINT('',(-0.635,-0.255,-0.355125000056));
#9906 = DIRECTION('',(6.505213034913E-15,0.,1.));
#9907 = DIRECTION('',(-1.,0.,6.505213034913E-15));
#9908 = PCURVE('',#9849,#9909);
#9909 = DEFINITIONAL_REPRESENTATION('',(#9910),#9918);
#9910 = ( BOUNDED_CURVE() B_SPLINE_CURVE(2,(#9911,#9912,#9913,#9914,
#9915,#9916,#9917),.UNSPECIFIED.,.T.,.F.) B_SPLINE_CURVE_WITH_KNOTS((1,2
    ,2,2,2,1),(-2.094395102393,0.,2.094395102393,4.188790204786,
6.28318530718,8.377580409573),.UNSPECIFIED.) CURVE() 
GEOMETRIC_REPRESENTATION_ITEM() RATIONAL_B_SPLINE_CURVE((1.,0.5,1.,0.5,
1.,0.5,1.)) REPRESENTATION_ITEM('') );
#9911 = CARTESIAN_POINT('',(0.66,-0.255));
#9912 = CARTESIAN_POINT('',(0.66,-0.298301270189));
#9913 = CARTESIAN_POINT('',(0.6225,-0.276650635095));
#9914 = CARTESIAN_POINT('',(0.585,-0.255));
#9915 = CARTESIAN_POINT('',(0.6225,-0.233349364905));
#9916 = CARTESIAN_POINT('',(0.66,-0.211698729811));
#9917 = CARTESIAN_POINT('',(0.66,-0.255));
#9918 = ( GEOMETRIC_REPRESENTATION_CONTEXT(2) 
PARAMETRIC_REPRESENTATION_CONTEXT() REPRESENTATION_CONTEXT('2D SPACE',''
  ) );
#9919 = PCURVE('',#2965,#9920);
#9920 = DEFINITIONAL_REPRESENTATION('',(#9921),#9929);
#9921 = ( BOUNDED_CURVE() B_SPLINE_CURVE(2,(#9922,#9923,#9924,#9925,
#9926,#9927,#9928),.UNSPECIFIED.,.T.,.F.) B_SPLINE_CURVE_WITH_KNOTS((1,2
    ,2,2,2,1),(-2.094395102393,0.,2.094395102393,4.188790204786,
6.28318530718,8.377580409573),.UNSPECIFIED.) CURVE() 
GEOMETRIC_REPRESENTATION_ITEM() RATIONAL_B_SPLINE_CURVE((1.,0.5,1.,0.5,
1.,0.5,1.)) REPRESENTATION_ITEM('') );
#9922 = CARTESIAN_POINT('',(0.66,-0.255));
#9923 = CARTESIAN_POINT('',(0.66,-0.298301270189));
#9924 = CARTESIAN_POINT('',(0.6225,-0.276650635095));
#9925 = CARTESIAN_POINT('',(0.585,-0.255));
#9926 = CARTESIAN_POINT('',(0.6225,-0.233349364905));
#9927 = CARTESIAN_POINT('',(0.66,-0.211698729811));
#9928 = CARTESIAN_POINT('',(0.66,-0.255));
#9929 = ( GEOMETRIC_REPRESENTATION_CONTEXT(2) 
PARAMETRIC_REPRESENTATION_CONTEXT() REPRESENTATION_CONTEXT('2D SPACE',''
  ) );
#9930 = ORIENTED_EDGE('',*,*,#9931,.F.);
#9931 = EDGE_CURVE('',#9932,#9900,#9934,.T.);
#9932 = VERTEX_POINT('',#9933);
#9933 = CARTESIAN_POINT('',(-0.66,-8.5E-02,-0.355125000056));
#9934 = SURFACE_CURVE('',#9935,(#9939,#9946),.PCURVE_S1.);
#9935 = LINE('',#9936,#9937);
#9936 = CARTESIAN_POINT('',(-0.66,0.,-0.355125000056));
#9937 = VECTOR('',#9938,1.);
#9938 = DIRECTION('',(0.,-1.,0.));
#9939 = PCURVE('',#9849,#9940);
#9940 = DEFINITIONAL_REPRESENTATION('',(#9941),#9945);
#9941 = LINE('',#9942,#9943);
#9942 = CARTESIAN_POINT('',(0.66,0.));
#9943 = VECTOR('',#9944,1.);
#9944 = DIRECTION('',(0.,-1.));
#9945 = ( GEOMETRIC_REPRESENTATION_CONTEXT(2) 
PARAMETRIC_REPRESENTATION_CONTEXT() REPRESENTATION_CONTEXT('2D SPACE',''
  ) );
#9946 = PCURVE('',#2965,#9947);
#9947 = DEFINITIONAL_REPRESENTATION('',(#9948),#9952);
#9948 = LINE('',#9949,#9950);
#9949 = CARTESIAN_POINT('',(0.66,0.));
#9950 = VECTOR('',#9951,1.);
#9951 = DIRECTION('',(0.,-1.));
#9952 = ( GEOMETRIC_REPRESENTATION_CONTEXT(2) 
PARAMETRIC_REPRESENTATION_CONTEXT() REPRESENTATION_CONTEXT('2D SPACE',''
  ) );
#9953 = ORIENTED_EDGE('',*,*,#9954,.F.);
#9954 = EDGE_CURVE('',#9955,#9932,#9957,.T.);
#9955 = VERTEX_POINT('',#9956);
#9956 = CARTESIAN_POINT('',(-0.635,-6.E-02,-0.355125000056));
#9957 = SURFACE_CURVE('',#9958,(#9963,#9974),.PCURVE_S1.);
#9958 = CIRCLE('',#9959,2.5E-02);
#9959 = AXIS2_PLACEMENT_3D('',#9960,#9961,#9962);
#9960 = CARTESIAN_POINT('',(-0.635,-8.5E-02,-0.355125000056));
#9961 = DIRECTION('',(6.505213034913E-15,0.,1.));
#9962 = DIRECTION('',(-1.,0.,6.505213034913E-15));
#9963 = PCURVE('',#9849,#9964);
#9964 = DEFINITIONAL_REPRESENTATION('',(#9965),#9973);
#9965 = ( BOUNDED_CURVE() B_SPLINE_CURVE(2,(#9966,#9967,#9968,#9969,
#9970,#9971,#9972),.UNSPECIFIED.,.T.,.F.) B_SPLINE_CURVE_WITH_KNOTS((1,2
    ,2,2,2,1),(-2.094395102393,0.,2.094395102393,4.188790204786,
6.28318530718,8.377580409573),.UNSPECIFIED.) CURVE() 
GEOMETRIC_REPRESENTATION_ITEM() RATIONAL_B_SPLINE_CURVE((1.,0.5,1.,0.5,
1.,0.5,1.)) REPRESENTATION_ITEM('') );
#9966 = CARTESIAN_POINT('',(0.66,-8.5E-02));
#9967 = CARTESIAN_POINT('',(0.66,-0.128301270189));
#9968 = CARTESIAN_POINT('',(0.6225,-0.106650635095));
#9969 = CARTESIAN_POINT('',(0.585,-8.5E-02));
#9970 = CARTESIAN_POINT('',(0.6225,-6.334936490539E-02));
#9971 = CARTESIAN_POINT('',(0.66,-4.169872981078E-02));
#9972 = CARTESIAN_POINT('',(0.66,-8.5E-02));
#9973 = ( GEOMETRIC_REPRESENTATION_CONTEXT(2) 
PARAMETRIC_REPRESENTATION_CONTEXT() REPRESENTATION_CONTEXT('2D SPACE',''
  ) );
#9974 = PCURVE('',#2965,#9975);
#9975 = DEFINITIONAL_REPRESENTATION('',(#9976),#9984);
#9976 = ( BOUNDED_CURVE() B_SPLINE_CURVE(2,(#9977,#9978,#9979,#9980,
#9981,#9982,#9983),.UNSPECIFIED.,.T.,.F.) B_SPLINE_CURVE_WITH_KNOTS((1,2
    ,2,2,2,1),(-2.094395102393,0.,2.094395102393,4.188790204786,
6.28318530718,8.377580409573),.UNSPECIFIED.) CURVE() 
GEOMETRIC_REPRESENTATION_ITEM() RATIONAL_B_SPLINE_CURVE((1.,0.5,1.,0.5,
1.,0.5,1.)) REPRESENTATION_ITEM('') );
#9977 = CARTESIAN_POINT('',(0.66,-8.5E-02));
#9978 = CARTESIAN_POINT('',(0.66,-0.128301270189));
#9979 = CARTESIAN_POINT('',(0.6225,-0.106650635095));
#9980 = CARTESIAN_POINT('',(0.585,-8.5E-02));
#9981 = CARTESIAN_POINT('',(0.6225,-6.334936490539E-02));
#9982 = CARTESIAN_POINT('',(0.66,-4.169872981078E-02));
#9983 = CARTESIAN_POINT('',(0.66,-8.5E-02));
#9984 = ( GEOMETRIC_REPRESENTATION_CONTEXT(2) 
PARAMETRIC_REPRESENTATION_CONTEXT() REPRESENTATION_CONTEXT('2D SPACE',''
  ) );
#9985 = ORIENTED_EDGE('',*,*,#9986,.F.);
#9986 = EDGE_CURVE('',#9987,#9955,#9989,.T.);
#9987 = VERTEX_POINT('',#9988);
#9988 = CARTESIAN_POINT('',(-0.115,-6.E-02,-0.355125000056));
#9989 = SURFACE_CURVE('',#9990,(#9994,#10001),.PCURVE_S1.);
#9990 = LINE('',#9991,#9992);
#9991 = CARTESIAN_POINT('',(-2.913505490302E-15,-6.E-02,-0.355125000056)
  );
#9992 = VECTOR('',#9993,1.);
#9993 = DIRECTION('',(-1.,0.,6.982962677686E-15));
#9994 = PCURVE('',#9849,#9995);
#9995 = DEFINITIONAL_REPRESENTATION('',(#9996),#10000);
#9996 = LINE('',#9997,#9998);
#9997 = CARTESIAN_POINT('',(0.,-6.E-02));
#9998 = VECTOR('',#9999,1.);
#9999 = DIRECTION('',(1.,0.));
#10000 = ( GEOMETRIC_REPRESENTATION_CONTEXT(2) 
PARAMETRIC_REPRESENTATION_CONTEXT() REPRESENTATION_CONTEXT('2D SPACE',''
  ) );
#10001 = PCURVE('',#2965,#10002);
#10002 = DEFINITIONAL_REPRESENTATION('',(#10003),#10007);
#10003 = LINE('',#10004,#10005);
#10004 = CARTESIAN_POINT('',(0.,-6.E-02));
#10005 = VECTOR('',#10006,1.);
#10006 = DIRECTION('',(1.,0.));
#10007 = ( GEOMETRIC_REPRESENTATION_CONTEXT(2) 
PARAMETRIC_REPRESENTATION_CONTEXT() REPRESENTATION_CONTEXT('2D SPACE',''
  ) );
#10008 = ORIENTED_EDGE('',*,*,#10009,.F.);
#10009 = EDGE_CURVE('',#10010,#9987,#10012,.T.);
#10010 = VERTEX_POINT('',#10011);
#10011 = CARTESIAN_POINT('',(-9.E-02,-8.5E-02,-0.355125000056));
#10012 = SURFACE_CURVE('',#10013,(#10018,#10029),.PCURVE_S1.);
#10013 = CIRCLE('',#10014,2.5E-02);
#10014 = AXIS2_PLACEMENT_3D('',#10015,#10016,#10017);
#10015 = CARTESIAN_POINT('',(-0.115,-8.5E-02,-0.355125000056));
#10016 = DIRECTION('',(6.505213034913E-15,0.,1.));
#10017 = DIRECTION('',(-1.,0.,6.505213034913E-15));
#10018 = PCURVE('',#9849,#10019);
#10019 = DEFINITIONAL_REPRESENTATION('',(#10020),#10028);
#10020 = ( BOUNDED_CURVE() B_SPLINE_CURVE(2,(#10021,#10022,#10023,#10024
    ,#10025,#10026,#10027),.UNSPECIFIED.,.T.,.F.) 
B_SPLINE_CURVE_WITH_KNOTS((1,2,2,2,2,1),(-2.094395102393,0.,
    2.094395102393,4.188790204786,6.28318530718,8.377580409573),
.UNSPECIFIED.) CURVE() GEOMETRIC_REPRESENTATION_ITEM() 
RATIONAL_B_SPLINE_CURVE((1.,0.5,1.,0.5,1.,0.5,1.)) REPRESENTATION_ITEM(
  '') );
#10021 = CARTESIAN_POINT('',(0.14,-8.5E-02));
#10022 = CARTESIAN_POINT('',(0.14,-0.128301270189));
#10023 = CARTESIAN_POINT('',(0.1025,-0.106650635095));
#10024 = CARTESIAN_POINT('',(6.5E-02,-8.5E-02));
#10025 = CARTESIAN_POINT('',(0.1025,-6.334936490539E-02));
#10026 = CARTESIAN_POINT('',(0.14,-4.169872981078E-02));
#10027 = CARTESIAN_POINT('',(0.14,-8.5E-02));
#10028 = ( GEOMETRIC_REPRESENTATION_CONTEXT(2) 
PARAMETRIC_REPRESENTATION_CONTEXT() REPRESENTATION_CONTEXT('2D SPACE',''
  ) );
#10029 = PCURVE('',#2965,#10030);
#10030 = DEFINITIONAL_REPRESENTATION('',(#10031),#10039);
#10031 = ( BOUNDED_CURVE() B_SPLINE_CURVE(2,(#10032,#10033,#10034,#10035
    ,#10036,#10037,#10038),.UNSPECIFIED.,.T.,.F.) 
B_SPLINE_CURVE_WITH_KNOTS((1,2,2,2,2,1),(-2.094395102393,0.,
    2.094395102393,4.188790204786,6.28318530718,8.377580409573),
.UNSPECIFIED.) CURVE() GEOMETRIC_REPRESENTATION_ITEM() 
RATIONAL_B_SPLINE_CURVE((1.,0.5,1.,0.5,1.,0.5,1.)) REPRESENTATION_ITEM(
  '') );
#10032 = CARTESIAN_POINT('',(0.14,-8.5E-02));
#10033 = CARTESIAN_POINT('',(0.14,-0.128301270189));
#10034 = CARTESIAN_POINT('',(0.1025,-0.106650635095));
#10035 = CARTESIAN_POINT('',(6.5E-02,-8.5E-02));
#10036 = CARTESIAN_POINT('',(0.1025,-6.334936490539E-02));
#10037 = CARTESIAN_POINT('',(0.14,-4.169872981078E-02));
#10038 = CARTESIAN_POINT('',(0.14,-8.5E-02));
#10039 = ( GEOMETRIC_REPRESENTATION_CONTEXT(2) 
PARAMETRIC_REPRESENTATION_CONTEXT() REPRESENTATION_CONTEXT('2D SPACE',''
  ) );
#10040 = ORIENTED_EDGE('',*,*,#10041,.F.);
#10041 = EDGE_CURVE('',#9840,#10010,#10042,.T.);
#10042 = SURFACE_CURVE('',#10043,(#10047,#10054),.PCURVE_S1.);
#10043 = LINE('',#10044,#10045);
#10044 = CARTESIAN_POINT('',(-9.E-02,0.,-0.355125000056));
#10045 = VECTOR('',#10046,1.);
#10046 = DIRECTION('',(0.,1.,0.));
#10047 = PCURVE('',#9849,#10048);
#10048 = DEFINITIONAL_REPRESENTATION('',(#10049),#10053);
#10049 = LINE('',#10050,#10051);
#10050 = CARTESIAN_POINT('',(9.E-02,0.));
#10051 = VECTOR('',#10052,1.);
#10052 = DIRECTION('',(0.,1.));
#10053 = ( GEOMETRIC_REPRESENTATION_CONTEXT(2) 
PARAMETRIC_REPRESENTATION_CONTEXT() REPRESENTATION_CONTEXT('2D SPACE',''
  ) );
#10054 = PCURVE('',#2965,#10055);
#10055 = DEFINITIONAL_REPRESENTATION('',(#10056),#10060);
#10056 = LINE('',#10057,#10058);
#10057 = CARTESIAN_POINT('',(9.E-02,0.));
#10058 = VECTOR('',#10059,1.);
#10059 = DIRECTION('',(0.,1.));
#10060 = ( GEOMETRIC_REPRESENTATION_CONTEXT(2) 
PARAMETRIC_REPRESENTATION_CONTEXT() REPRESENTATION_CONTEXT('2D SPACE',''
  ) );
#10061 = ADVANCED_FACE('',(#10062),#10077,.T.);
#10062 = FACE_BOUND('',#10063,.T.);
#10063 = EDGE_LOOP('',(#10064,#10103,#10126,#10158,#10181,#10213,#10236,
    #10268));
#10064 = ORIENTED_EDGE('',*,*,#10065,.F.);
#10065 = EDGE_CURVE('',#10066,#10068,#10070,.T.);
#10066 = VERTEX_POINT('',#10067);
#10067 = CARTESIAN_POINT('',(-0.115,6.E-02,-0.355125000056));
#10068 = VERTEX_POINT('',#10069);
#10069 = CARTESIAN_POINT('',(-9.E-02,8.5E-02,-0.355125000056));
#10070 = SURFACE_CURVE('',#10071,(#10076,#10092),.PCURVE_S1.);
#10071 = CIRCLE('',#10072,2.5E-02);
#10072 = AXIS2_PLACEMENT_3D('',#10073,#10074,#10075);
#10073 = CARTESIAN_POINT('',(-0.115,8.5E-02,-0.355125000056));
#10074 = DIRECTION('',(6.505213034913E-15,0.,1.));
#10075 = DIRECTION('',(-1.,0.,6.505213034913E-15));
#10076 = PCURVE('',#10077,#10082);
#10077 = PLANE('',#10078);
#10078 = AXIS2_PLACEMENT_3D('',#10079,#10080,#10081);
#10079 = CARTESIAN_POINT('',(-2.913505490302E-15,0.,-0.355125000056));
#10080 = DIRECTION('',(-6.982962677686E-15,0.,-1.));
#10081 = DIRECTION('',(-1.,0.,6.982962677686E-15));
#10082 = DEFINITIONAL_REPRESENTATION('',(#10083),#10091);
#10083 = ( BOUNDED_CURVE() B_SPLINE_CURVE(2,(#10084,#10085,#10086,#10087
    ,#10088,#10089,#10090),.UNSPECIFIED.,.T.,.F.) 
B_SPLINE_CURVE_WITH_KNOTS((1,2,2,2,2,1),(-2.094395102393,0.,
    2.094395102393,4.188790204786,6.28318530718,8.377580409573),
.UNSPECIFIED.) CURVE() GEOMETRIC_REPRESENTATION_ITEM() 
RATIONAL_B_SPLINE_CURVE((1.,0.5,1.,0.5,1.,0.5,1.)) REPRESENTATION_ITEM(
  '') );
#10084 = CARTESIAN_POINT('',(0.14,8.5E-02));
#10085 = CARTESIAN_POINT('',(0.14,4.169872981078E-02));
#10086 = CARTESIAN_POINT('',(0.1025,6.334936490539E-02));
#10087 = CARTESIAN_POINT('',(6.5E-02,8.5E-02));
#10088 = CARTESIAN_POINT('',(0.1025,0.106650635095));
#10089 = CARTESIAN_POINT('',(0.14,0.128301270189));
#10090 = CARTESIAN_POINT('',(0.14,8.5E-02));
#10091 = ( GEOMETRIC_REPRESENTATION_CONTEXT(2) 
PARAMETRIC_REPRESENTATION_CONTEXT() REPRESENTATION_CONTEXT('2D SPACE',''
  ) );
#10092 = PCURVE('',#2965,#10093);
#10093 = DEFINITIONAL_REPRESENTATION('',(#10094),#10102);
#10094 = ( BOUNDED_CURVE() B_SPLINE_CURVE(2,(#10095,#10096,#10097,#10098
    ,#10099,#10100,#10101),.UNSPECIFIED.,.T.,.F.) 
B_SPLINE_CURVE_WITH_KNOTS((1,2,2,2,2,1),(-2.094395102393,0.,
    2.094395102393,4.188790204786,6.28318530718,8.377580409573),
.UNSPECIFIED.) CURVE() GEOMETRIC_REPRESENTATION_ITEM() 
RATIONAL_B_SPLINE_CURVE((1.,0.5,1.,0.5,1.,0.5,1.)) REPRESENTATION_ITEM(
  '') );
#10095 = CARTESIAN_POINT('',(0.14,8.5E-02));
#10096 = CARTESIAN_POINT('',(0.14,4.169872981078E-02));
#10097 = CARTESIAN_POINT('',(0.1025,6.334936490539E-02));
#10098 = CARTESIAN_POINT('',(6.5E-02,8.5E-02));
#10099 = CARTESIAN_POINT('',(0.1025,0.106650635095));
#10100 = CARTESIAN_POINT('',(0.14,0.128301270189));
#10101 = CARTESIAN_POINT('',(0.14,8.5E-02));
#10102 = ( GEOMETRIC_REPRESENTATION_CONTEXT(2) 
PARAMETRIC_REPRESENTATION_CONTEXT() REPRESENTATION_CONTEXT('2D SPACE',''
  ) );
#10103 = ORIENTED_EDGE('',*,*,#10104,.F.);
#10104 = EDGE_CURVE('',#10105,#10066,#10107,.T.);
#10105 = VERTEX_POINT('',#10106);
#10106 = CARTESIAN_POINT('',(-0.635,6.E-02,-0.355125000056));
#10107 = SURFACE_CURVE('',#10108,(#10112,#10119),.PCURVE_S1.);
#10108 = LINE('',#10109,#10110);
#10109 = CARTESIAN_POINT('',(-2.913505490302E-15,6.E-02,-0.355125000056)
  );
#10110 = VECTOR('',#10111,1.);
#10111 = DIRECTION('',(1.,0.,-6.982962677686E-15));
#10112 = PCURVE('',#10077,#10113);
#10113 = DEFINITIONAL_REPRESENTATION('',(#10114),#10118);
#10114 = LINE('',#10115,#10116);
#10115 = CARTESIAN_POINT('',(0.,6.E-02));
#10116 = VECTOR('',#10117,1.);
#10117 = DIRECTION('',(-1.,0.));
#10118 = ( GEOMETRIC_REPRESENTATION_CONTEXT(2) 
PARAMETRIC_REPRESENTATION_CONTEXT() REPRESENTATION_CONTEXT('2D SPACE',''
  ) );
#10119 = PCURVE('',#2965,#10120);
#10120 = DEFINITIONAL_REPRESENTATION('',(#10121),#10125);
#10121 = LINE('',#10122,#10123);
#10122 = CARTESIAN_POINT('',(0.,6.E-02));
#10123 = VECTOR('',#10124,1.);
#10124 = DIRECTION('',(-1.,0.));
#10125 = ( GEOMETRIC_REPRESENTATION_CONTEXT(2) 
PARAMETRIC_REPRESENTATION_CONTEXT() REPRESENTATION_CONTEXT('2D SPACE',''
  ) );
#10126 = ORIENTED_EDGE('',*,*,#10127,.F.);
#10127 = EDGE_CURVE('',#10128,#10105,#10130,.T.);
#10128 = VERTEX_POINT('',#10129);
#10129 = CARTESIAN_POINT('',(-0.66,8.5E-02,-0.355125000056));
#10130 = SURFACE_CURVE('',#10131,(#10136,#10147),.PCURVE_S1.);
#10131 = CIRCLE('',#10132,2.5E-02);
#10132 = AXIS2_PLACEMENT_3D('',#10133,#10134,#10135);
#10133 = CARTESIAN_POINT('',(-0.635,8.5E-02,-0.355125000056));
#10134 = DIRECTION('',(6.505213034913E-15,0.,1.));
#10135 = DIRECTION('',(-1.,0.,6.505213034913E-15));
#10136 = PCURVE('',#10077,#10137);
#10137 = DEFINITIONAL_REPRESENTATION('',(#10138),#10146);
#10138 = ( BOUNDED_CURVE() B_SPLINE_CURVE(2,(#10139,#10140,#10141,#10142
    ,#10143,#10144,#10145),.UNSPECIFIED.,.T.,.F.) 
B_SPLINE_CURVE_WITH_KNOTS((1,2,2,2,2,1),(-2.094395102393,0.,
    2.094395102393,4.188790204786,6.28318530718,8.377580409573),
.UNSPECIFIED.) CURVE() GEOMETRIC_REPRESENTATION_ITEM() 
RATIONAL_B_SPLINE_CURVE((1.,0.5,1.,0.5,1.,0.5,1.)) REPRESENTATION_ITEM(
  '') );
#10139 = CARTESIAN_POINT('',(0.66,8.5E-02));
#10140 = CARTESIAN_POINT('',(0.66,4.169872981078E-02));
#10141 = CARTESIAN_POINT('',(0.6225,6.334936490539E-02));
#10142 = CARTESIAN_POINT('',(0.585,8.5E-02));
#10143 = CARTESIAN_POINT('',(0.6225,0.106650635095));
#10144 = CARTESIAN_POINT('',(0.66,0.128301270189));
#10145 = CARTESIAN_POINT('',(0.66,8.5E-02));
#10146 = ( GEOMETRIC_REPRESENTATION_CONTEXT(2) 
PARAMETRIC_REPRESENTATION_CONTEXT() REPRESENTATION_CONTEXT('2D SPACE',''
  ) );
#10147 = PCURVE('',#2965,#10148);
#10148 = DEFINITIONAL_REPRESENTATION('',(#10149),#10157);
#10149 = ( BOUNDED_CURVE() B_SPLINE_CURVE(2,(#10150,#10151,#10152,#10153
    ,#10154,#10155,#10156),.UNSPECIFIED.,.T.,.F.) 
B_SPLINE_CURVE_WITH_KNOTS((1,2,2,2,2,1),(-2.094395102393,0.,
    2.094395102393,4.188790204786,6.28318530718,8.377580409573),
.UNSPECIFIED.) CURVE() GEOMETRIC_REPRESENTATION_ITEM() 
RATIONAL_B_SPLINE_CURVE((1.,0.5,1.,0.5,1.,0.5,1.)) REPRESENTATION_ITEM(
  '') );
#10150 = CARTESIAN_POINT('',(0.66,8.5E-02));
#10151 = CARTESIAN_POINT('',(0.66,4.169872981078E-02));
#10152 = CARTESIAN_POINT('',(0.6225,6.334936490539E-02));
#10153 = CARTESIAN_POINT('',(0.585,8.5E-02));
#10154 = CARTESIAN_POINT('',(0.6225,0.106650635095));
#10155 = CARTESIAN_POINT('',(0.66,0.128301270189));
#10156 = CARTESIAN_POINT('',(0.66,8.5E-02));
#10157 = ( GEOMETRIC_REPRESENTATION_CONTEXT(2) 
PARAMETRIC_REPRESENTATION_CONTEXT() REPRESENTATION_CONTEXT('2D SPACE',''
  ) );
#10158 = ORIENTED_EDGE('',*,*,#10159,.F.);
#10159 = EDGE_CURVE('',#10160,#10128,#10162,.T.);
#10160 = VERTEX_POINT('',#10161);
#10161 = CARTESIAN_POINT('',(-0.66,0.255,-0.355125000056));
#10162 = SURFACE_CURVE('',#10163,(#10167,#10174),.PCURVE_S1.);
#10163 = LINE('',#10164,#10165);
#10164 = CARTESIAN_POINT('',(-0.66,0.,-0.355125000056));
#10165 = VECTOR('',#10166,1.);
#10166 = DIRECTION('',(0.,-1.,0.));
#10167 = PCURVE('',#10077,#10168);
#10168 = DEFINITIONAL_REPRESENTATION('',(#10169),#10173);
#10169 = LINE('',#10170,#10171);
#10170 = CARTESIAN_POINT('',(0.66,0.));
#10171 = VECTOR('',#10172,1.);
#10172 = DIRECTION('',(0.,-1.));
#10173 = ( GEOMETRIC_REPRESENTATION_CONTEXT(2) 
PARAMETRIC_REPRESENTATION_CONTEXT() REPRESENTATION_CONTEXT('2D SPACE',''
  ) );
#10174 = PCURVE('',#2965,#10175);
#10175 = DEFINITIONAL_REPRESENTATION('',(#10176),#10180);
#10176 = LINE('',#10177,#10178);
#10177 = CARTESIAN_POINT('',(0.66,0.));
#10178 = VECTOR('',#10179,1.);
#10179 = DIRECTION('',(0.,-1.));
#10180 = ( GEOMETRIC_REPRESENTATION_CONTEXT(2) 
PARAMETRIC_REPRESENTATION_CONTEXT() REPRESENTATION_CONTEXT('2D SPACE',''
  ) );
#10181 = ORIENTED_EDGE('',*,*,#10182,.F.);
#10182 = EDGE_CURVE('',#10183,#10160,#10185,.T.);
#10183 = VERTEX_POINT('',#10184);
#10184 = CARTESIAN_POINT('',(-0.635,0.28,-0.355125000056));
#10185 = SURFACE_CURVE('',#10186,(#10191,#10202),.PCURVE_S1.);
#10186 = CIRCLE('',#10187,2.5E-02);
#10187 = AXIS2_PLACEMENT_3D('',#10188,#10189,#10190);
#10188 = CARTESIAN_POINT('',(-0.635,0.255,-0.355125000056));
#10189 = DIRECTION('',(6.505213034913E-15,0.,1.));
#10190 = DIRECTION('',(-1.,0.,6.505213034913E-15));
#10191 = PCURVE('',#10077,#10192);
#10192 = DEFINITIONAL_REPRESENTATION('',(#10193),#10201);
#10193 = ( BOUNDED_CURVE() B_SPLINE_CURVE(2,(#10194,#10195,#10196,#10197
    ,#10198,#10199,#10200),.UNSPECIFIED.,.T.,.F.) 
B_SPLINE_CURVE_WITH_KNOTS((1,2,2,2,2,1),(-2.094395102393,0.,
    2.094395102393,4.188790204786,6.28318530718,8.377580409573),
.UNSPECIFIED.) CURVE() GEOMETRIC_REPRESENTATION_ITEM() 
RATIONAL_B_SPLINE_CURVE((1.,0.5,1.,0.5,1.,0.5,1.)) REPRESENTATION_ITEM(
  '') );
#10194 = CARTESIAN_POINT('',(0.66,0.255));
#10195 = CARTESIAN_POINT('',(0.66,0.211698729811));
#10196 = CARTESIAN_POINT('',(0.6225,0.233349364905));
#10197 = CARTESIAN_POINT('',(0.585,0.255));
#10198 = CARTESIAN_POINT('',(0.6225,0.276650635095));
#10199 = CARTESIAN_POINT('',(0.66,0.298301270189));
#10200 = CARTESIAN_POINT('',(0.66,0.255));
#10201 = ( GEOMETRIC_REPRESENTATION_CONTEXT(2) 
PARAMETRIC_REPRESENTATION_CONTEXT() REPRESENTATION_CONTEXT('2D SPACE',''
  ) );
#10202 = PCURVE('',#2965,#10203);
#10203 = DEFINITIONAL_REPRESENTATION('',(#10204),#10212);
#10204 = ( BOUNDED_CURVE() B_SPLINE_CURVE(2,(#10205,#10206,#10207,#10208
    ,#10209,#10210,#10211),.UNSPECIFIED.,.T.,.F.) 
B_SPLINE_CURVE_WITH_KNOTS((1,2,2,2,2,1),(-2.094395102393,0.,
    2.094395102393,4.188790204786,6.28318530718,8.377580409573),
.UNSPECIFIED.) CURVE() GEOMETRIC_REPRESENTATION_ITEM() 
RATIONAL_B_SPLINE_CURVE((1.,0.5,1.,0.5,1.,0.5,1.)) REPRESENTATION_ITEM(
  '') );
#10205 = CARTESIAN_POINT('',(0.66,0.255));
#10206 = CARTESIAN_POINT('',(0.66,0.211698729811));
#10207 = CARTESIAN_POINT('',(0.6225,0.233349364905));
#10208 = CARTESIAN_POINT('',(0.585,0.255));
#10209 = CARTESIAN_POINT('',(0.6225,0.276650635095));
#10210 = CARTESIAN_POINT('',(0.66,0.298301270189));
#10211 = CARTESIAN_POINT('',(0.66,0.255));
#10212 = ( GEOMETRIC_REPRESENTATION_CONTEXT(2) 
PARAMETRIC_REPRESENTATION_CONTEXT() REPRESENTATION_CONTEXT('2D SPACE',''
  ) );
#10213 = ORIENTED_EDGE('',*,*,#10214,.F.);
#10214 = EDGE_CURVE('',#10215,#10183,#10217,.T.);
#10215 = VERTEX_POINT('',#10216);
#10216 = CARTESIAN_POINT('',(-0.115,0.28,-0.355125000056));
#10217 = SURFACE_CURVE('',#10218,(#10222,#10229),.PCURVE_S1.);
#10218 = LINE('',#10219,#10220);
#10219 = CARTESIAN_POINT('',(-2.913505490302E-15,0.28,-0.355125000056));
#10220 = VECTOR('',#10221,1.);
#10221 = DIRECTION('',(-1.,0.,6.982962677686E-15));
#10222 = PCURVE('',#10077,#10223);
#10223 = DEFINITIONAL_REPRESENTATION('',(#10224),#10228);
#10224 = LINE('',#10225,#10226);
#10225 = CARTESIAN_POINT('',(0.,0.28));
#10226 = VECTOR('',#10227,1.);
#10227 = DIRECTION('',(1.,0.));
#10228 = ( GEOMETRIC_REPRESENTATION_CONTEXT(2) 
PARAMETRIC_REPRESENTATION_CONTEXT() REPRESENTATION_CONTEXT('2D SPACE',''
  ) );
#10229 = PCURVE('',#2965,#10230);
#10230 = DEFINITIONAL_REPRESENTATION('',(#10231),#10235);
#10231 = LINE('',#10232,#10233);
#10232 = CARTESIAN_POINT('',(0.,0.28));
#10233 = VECTOR('',#10234,1.);
#10234 = DIRECTION('',(1.,0.));
#10235 = ( GEOMETRIC_REPRESENTATION_CONTEXT(2) 
PARAMETRIC_REPRESENTATION_CONTEXT() REPRESENTATION_CONTEXT('2D SPACE',''
  ) );
#10236 = ORIENTED_EDGE('',*,*,#10237,.F.);
#10237 = EDGE_CURVE('',#10238,#10215,#10240,.T.);
#10238 = VERTEX_POINT('',#10239);
#10239 = CARTESIAN_POINT('',(-9.E-02,0.255,-0.355125000056));
#10240 = SURFACE_CURVE('',#10241,(#10246,#10257),.PCURVE_S1.);
#10241 = CIRCLE('',#10242,2.5E-02);
#10242 = AXIS2_PLACEMENT_3D('',#10243,#10244,#10245);
#10243 = CARTESIAN_POINT('',(-0.115,0.255,-0.355125000056));
#10244 = DIRECTION('',(6.505213034913E-15,0.,1.));
#10245 = DIRECTION('',(-1.,0.,6.505213034913E-15));
#10246 = PCURVE('',#10077,#10247);
#10247 = DEFINITIONAL_REPRESENTATION('',(#10248),#10256);
#10248 = ( BOUNDED_CURVE() B_SPLINE_CURVE(2,(#10249,#10250,#10251,#10252
    ,#10253,#10254,#10255),.UNSPECIFIED.,.T.,.F.) 
B_SPLINE_CURVE_WITH_KNOTS((1,2,2,2,2,1),(-2.094395102393,0.,
    2.094395102393,4.188790204786,6.28318530718,8.377580409573),
.UNSPECIFIED.) CURVE() GEOMETRIC_REPRESENTATION_ITEM() 
RATIONAL_B_SPLINE_CURVE((1.,0.5,1.,0.5,1.,0.5,1.)) REPRESENTATION_ITEM(
  '') );
#10249 = CARTESIAN_POINT('',(0.14,0.255));
#10250 = CARTESIAN_POINT('',(0.14,0.211698729811));
#10251 = CARTESIAN_POINT('',(0.1025,0.233349364905));
#10252 = CARTESIAN_POINT('',(6.5E-02,0.255));
#10253 = CARTESIAN_POINT('',(0.1025,0.276650635095));
#10254 = CARTESIAN_POINT('',(0.14,0.298301270189));
#10255 = CARTESIAN_POINT('',(0.14,0.255));
#10256 = ( GEOMETRIC_REPRESENTATION_CONTEXT(2) 
PARAMETRIC_REPRESENTATION_CONTEXT() REPRESENTATION_CONTEXT('2D SPACE',''
  ) );
#10257 = PCURVE('',#2965,#10258);
#10258 = DEFINITIONAL_REPRESENTATION('',(#10259),#10267);
#10259 = ( BOUNDED_CURVE() B_SPLINE_CURVE(2,(#10260,#10261,#10262,#10263
    ,#10264,#10265,#10266),.UNSPECIFIED.,.T.,.F.) 
B_SPLINE_CURVE_WITH_KNOTS((1,2,2,2,2,1),(-2.094395102393,0.,
    2.094395102393,4.188790204786,6.28318530718,8.377580409573),
.UNSPECIFIED.) CURVE() GEOMETRIC_REPRESENTATION_ITEM() 
RATIONAL_B_SPLINE_CURVE((1.,0.5,1.,0.5,1.,0.5,1.)) REPRESENTATION_ITEM(
  '') );
#10260 = CARTESIAN_POINT('',(0.14,0.255));
#10261 = CARTESIAN_POINT('',(0.14,0.211698729811));
#10262 = CARTESIAN_POINT('',(0.1025,0.233349364905));
#10263 = CARTESIAN_POINT('',(6.5E-02,0.255));
#10264 = CARTESIAN_POINT('',(0.1025,0.276650635095));
#10265 = CARTESIAN_POINT('',(0.14,0.298301270189));
#10266 = CARTESIAN_POINT('',(0.14,0.255));
#10267 = ( GEOMETRIC_REPRESENTATION_CONTEXT(2) 
PARAMETRIC_REPRESENTATION_CONTEXT() REPRESENTATION_CONTEXT('2D SPACE',''
  ) );
#10268 = ORIENTED_EDGE('',*,*,#10269,.F.);
#10269 = EDGE_CURVE('',#10068,#10238,#10270,.T.);
#10270 = SURFACE_CURVE('',#10271,(#10275,#10282),.PCURVE_S1.);
#10271 = LINE('',#10272,#10273);
#10272 = CARTESIAN_POINT('',(-9.E-02,0.,-0.355125000056));
#10273 = VECTOR('',#10274,1.);
#10274 = DIRECTION('',(0.,1.,0.));
#10275 = PCURVE('',#10077,#10276);
#10276 = DEFINITIONAL_REPRESENTATION('',(#10277),#10281);
#10277 = LINE('',#10278,#10279);
#10278 = CARTESIAN_POINT('',(9.E-02,0.));
#10279 = VECTOR('',#10280,1.);
#10280 = DIRECTION('',(0.,1.));
#10281 = ( GEOMETRIC_REPRESENTATION_CONTEXT(2) 
PARAMETRIC_REPRESENTATION_CONTEXT() REPRESENTATION_CONTEXT('2D SPACE',''
  ) );
#10282 = PCURVE('',#2965,#10283);
#10283 = DEFINITIONAL_REPRESENTATION('',(#10284),#10288);
#10284 = LINE('',#10285,#10286);
#10285 = CARTESIAN_POINT('',(9.E-02,0.));
#10286 = VECTOR('',#10287,1.);
#10287 = DIRECTION('',(0.,1.));
#10288 = ( GEOMETRIC_REPRESENTATION_CONTEXT(2) 
PARAMETRIC_REPRESENTATION_CONTEXT() REPRESENTATION_CONTEXT('2D SPACE',''
  ) );
#10289 = ADVANCED_FACE('',(#10290),#10305,.T.);
#10290 = FACE_BOUND('',#10291,.T.);
#10291 = EDGE_LOOP('',(#10292,#10331,#10354,#10386,#10409,#10441,#10464,
    #10496));
#10292 = ORIENTED_EDGE('',*,*,#10293,.F.);
#10293 = EDGE_CURVE('',#10294,#10296,#10298,.T.);
#10294 = VERTEX_POINT('',#10295);
#10295 = CARTESIAN_POINT('',(-0.115,0.4,-0.355125000056));
#10296 = VERTEX_POINT('',#10297);
#10297 = CARTESIAN_POINT('',(-9.E-02,0.425,-0.355125000056));
#10298 = SURFACE_CURVE('',#10299,(#10304,#10320),.PCURVE_S1.);
#10299 = CIRCLE('',#10300,2.5E-02);
#10300 = AXIS2_PLACEMENT_3D('',#10301,#10302,#10303);
#10301 = CARTESIAN_POINT('',(-0.115,0.425,-0.355125000056));
#10302 = DIRECTION('',(6.505213034913E-15,0.,1.));
#10303 = DIRECTION('',(-1.,0.,6.505213034913E-15));
#10304 = PCURVE('',#10305,#10310);
#10305 = PLANE('',#10306);
#10306 = AXIS2_PLACEMENT_3D('',#10307,#10308,#10309);
#10307 = CARTESIAN_POINT('',(-2.913505490302E-15,0.,-0.355125000056));
#10308 = DIRECTION('',(-6.982962677686E-15,0.,-1.));
#10309 = DIRECTION('',(-1.,0.,6.982962677686E-15));
#10310 = DEFINITIONAL_REPRESENTATION('',(#10311),#10319);
#10311 = ( BOUNDED_CURVE() B_SPLINE_CURVE(2,(#10312,#10313,#10314,#10315
    ,#10316,#10317,#10318),.UNSPECIFIED.,.T.,.F.) 
B_SPLINE_CURVE_WITH_KNOTS((1,2,2,2,2,1),(-2.094395102393,0.,
    2.094395102393,4.188790204786,6.28318530718,8.377580409573),
.UNSPECIFIED.) CURVE() GEOMETRIC_REPRESENTATION_ITEM() 
RATIONAL_B_SPLINE_CURVE((1.,0.5,1.,0.5,1.,0.5,1.)) REPRESENTATION_ITEM(
  '') );
#10312 = CARTESIAN_POINT('',(0.14,0.425));
#10313 = CARTESIAN_POINT('',(0.14,0.381698729811));
#10314 = CARTESIAN_POINT('',(0.1025,0.403349364905));
#10315 = CARTESIAN_POINT('',(6.5E-02,0.425));
#10316 = CARTESIAN_POINT('',(0.1025,0.446650635095));
#10317 = CARTESIAN_POINT('',(0.14,0.468301270189));
#10318 = CARTESIAN_POINT('',(0.14,0.425));
#10319 = ( GEOMETRIC_REPRESENTATION_CONTEXT(2) 
PARAMETRIC_REPRESENTATION_CONTEXT() REPRESENTATION_CONTEXT('2D SPACE',''
  ) );
#10320 = PCURVE('',#2965,#10321);
#10321 = DEFINITIONAL_REPRESENTATION('',(#10322),#10330);
#10322 = ( BOUNDED_CURVE() B_SPLINE_CURVE(2,(#10323,#10324,#10325,#10326
    ,#10327,#10328,#10329),.UNSPECIFIED.,.T.,.F.) 
B_SPLINE_CURVE_WITH_KNOTS((1,2,2,2,2,1),(-2.094395102393,0.,
    2.094395102393,4.188790204786,6.28318530718,8.377580409573),
.UNSPECIFIED.) CURVE() GEOMETRIC_REPRESENTATION_ITEM() 
RATIONAL_B_SPLINE_CURVE((1.,0.5,1.,0.5,1.,0.5,1.)) REPRESENTATION_ITEM(
  '') );
#10323 = CARTESIAN_POINT('',(0.14,0.425));
#10324 = CARTESIAN_POINT('',(0.14,0.381698729811));
#10325 = CARTESIAN_POINT('',(0.1025,0.403349364905));
#10326 = CARTESIAN_POINT('',(6.5E-02,0.425));
#10327 = CARTESIAN_POINT('',(0.1025,0.446650635095));
#10328 = CARTESIAN_POINT('',(0.14,0.468301270189));
#10329 = CARTESIAN_POINT('',(0.14,0.425));
#10330 = ( GEOMETRIC_REPRESENTATION_CONTEXT(2) 
PARAMETRIC_REPRESENTATION_CONTEXT() REPRESENTATION_CONTEXT('2D SPACE',''
  ) );
#10331 = ORIENTED_EDGE('',*,*,#10332,.F.);
#10332 = EDGE_CURVE('',#10333,#10294,#10335,.T.);
#10333 = VERTEX_POINT('',#10334);
#10334 = CARTESIAN_POINT('',(-0.635,0.4,-0.355125000056));
#10335 = SURFACE_CURVE('',#10336,(#10340,#10347),.PCURVE_S1.);
#10336 = LINE('',#10337,#10338);
#10337 = CARTESIAN_POINT('',(-2.913505490302E-15,0.4,-0.355125000056));
#10338 = VECTOR('',#10339,1.);
#10339 = DIRECTION('',(1.,0.,-6.982962677686E-15));
#10340 = PCURVE('',#10305,#10341);
#10341 = DEFINITIONAL_REPRESENTATION('',(#10342),#10346);
#10342 = LINE('',#10343,#10344);
#10343 = CARTESIAN_POINT('',(0.,0.4));
#10344 = VECTOR('',#10345,1.);
#10345 = DIRECTION('',(-1.,0.));
#10346 = ( GEOMETRIC_REPRESENTATION_CONTEXT(2) 
PARAMETRIC_REPRESENTATION_CONTEXT() REPRESENTATION_CONTEXT('2D SPACE',''
  ) );
#10347 = PCURVE('',#2965,#10348);
#10348 = DEFINITIONAL_REPRESENTATION('',(#10349),#10353);
#10349 = LINE('',#10350,#10351);
#10350 = CARTESIAN_POINT('',(0.,0.4));
#10351 = VECTOR('',#10352,1.);
#10352 = DIRECTION('',(-1.,0.));
#10353 = ( GEOMETRIC_REPRESENTATION_CONTEXT(2) 
PARAMETRIC_REPRESENTATION_CONTEXT() REPRESENTATION_CONTEXT('2D SPACE',''
  ) );
#10354 = ORIENTED_EDGE('',*,*,#10355,.F.);
#10355 = EDGE_CURVE('',#10356,#10333,#10358,.T.);
#10356 = VERTEX_POINT('',#10357);
#10357 = CARTESIAN_POINT('',(-0.66,0.425,-0.355125000056));
#10358 = SURFACE_CURVE('',#10359,(#10364,#10375),.PCURVE_S1.);
#10359 = CIRCLE('',#10360,2.5E-02);
#10360 = AXIS2_PLACEMENT_3D('',#10361,#10362,#10363);
#10361 = CARTESIAN_POINT('',(-0.635,0.425,-0.355125000056));
#10362 = DIRECTION('',(6.505213034913E-15,0.,1.));
#10363 = DIRECTION('',(-1.,0.,6.505213034913E-15));
#10364 = PCURVE('',#10305,#10365);
#10365 = DEFINITIONAL_REPRESENTATION('',(#10366),#10374);
#10366 = ( BOUNDED_CURVE() B_SPLINE_CURVE(2,(#10367,#10368,#10369,#10370
    ,#10371,#10372,#10373),.UNSPECIFIED.,.T.,.F.) 
B_SPLINE_CURVE_WITH_KNOTS((1,2,2,2,2,1),(-2.094395102393,0.,
    2.094395102393,4.188790204786,6.28318530718,8.377580409573),
.UNSPECIFIED.) CURVE() GEOMETRIC_REPRESENTATION_ITEM() 
RATIONAL_B_SPLINE_CURVE((1.,0.5,1.,0.5,1.,0.5,1.)) REPRESENTATION_ITEM(
  '') );
#10367 = CARTESIAN_POINT('',(0.66,0.425));
#10368 = CARTESIAN_POINT('',(0.66,0.381698729811));
#10369 = CARTESIAN_POINT('',(0.6225,0.403349364905));
#10370 = CARTESIAN_POINT('',(0.585,0.425));
#10371 = CARTESIAN_POINT('',(0.6225,0.446650635095));
#10372 = CARTESIAN_POINT('',(0.66,0.468301270189));
#10373 = CARTESIAN_POINT('',(0.66,0.425));
#10374 = ( GEOMETRIC_REPRESENTATION_CONTEXT(2) 
PARAMETRIC_REPRESENTATION_CONTEXT() REPRESENTATION_CONTEXT('2D SPACE',''
  ) );
#10375 = PCURVE('',#2965,#10376);
#10376 = DEFINITIONAL_REPRESENTATION('',(#10377),#10385);
#10377 = ( BOUNDED_CURVE() B_SPLINE_CURVE(2,(#10378,#10379,#10380,#10381
    ,#10382,#10383,#10384),.UNSPECIFIED.,.T.,.F.) 
B_SPLINE_CURVE_WITH_KNOTS((1,2,2,2,2,1),(-2.094395102393,0.,
    2.094395102393,4.188790204786,6.28318530718,8.377580409573),
.UNSPECIFIED.) CURVE() GEOMETRIC_REPRESENTATION_ITEM() 
RATIONAL_B_SPLINE_CURVE((1.,0.5,1.,0.5,1.,0.5,1.)) REPRESENTATION_ITEM(
  '') );
#10378 = CARTESIAN_POINT('',(0.66,0.425));
#10379 = CARTESIAN_POINT('',(0.66,0.381698729811));
#10380 = CARTESIAN_POINT('',(0.6225,0.403349364905));
#10381 = CARTESIAN_POINT('',(0.585,0.425));
#10382 = CARTESIAN_POINT('',(0.6225,0.446650635095));
#10383 = CARTESIAN_POINT('',(0.66,0.468301270189));
#10384 = CARTESIAN_POINT('',(0.66,0.425));
#10385 = ( GEOMETRIC_REPRESENTATION_CONTEXT(2) 
PARAMETRIC_REPRESENTATION_CONTEXT() REPRESENTATION_CONTEXT('2D SPACE',''
  ) );
#10386 = ORIENTED_EDGE('',*,*,#10387,.F.);
#10387 = EDGE_CURVE('',#10388,#10356,#10390,.T.);
#10388 = VERTEX_POINT('',#10389);
#10389 = CARTESIAN_POINT('',(-0.66,0.595,-0.355125000056));
#10390 = SURFACE_CURVE('',#10391,(#10395,#10402),.PCURVE_S1.);
#10391 = LINE('',#10392,#10393);
#10392 = CARTESIAN_POINT('',(-0.66,0.,-0.355125000056));
#10393 = VECTOR('',#10394,1.);
#10394 = DIRECTION('',(0.,-1.,0.));
#10395 = PCURVE('',#10305,#10396);
#10396 = DEFINITIONAL_REPRESENTATION('',(#10397),#10401);
#10397 = LINE('',#10398,#10399);
#10398 = CARTESIAN_POINT('',(0.66,0.));
#10399 = VECTOR('',#10400,1.);
#10400 = DIRECTION('',(0.,-1.));
#10401 = ( GEOMETRIC_REPRESENTATION_CONTEXT(2) 
PARAMETRIC_REPRESENTATION_CONTEXT() REPRESENTATION_CONTEXT('2D SPACE',''
  ) );
#10402 = PCURVE('',#2965,#10403);
#10403 = DEFINITIONAL_REPRESENTATION('',(#10404),#10408);
#10404 = LINE('',#10405,#10406);
#10405 = CARTESIAN_POINT('',(0.66,0.));
#10406 = VECTOR('',#10407,1.);
#10407 = DIRECTION('',(0.,-1.));
#10408 = ( GEOMETRIC_REPRESENTATION_CONTEXT(2) 
PARAMETRIC_REPRESENTATION_CONTEXT() REPRESENTATION_CONTEXT('2D SPACE',''
  ) );
#10409 = ORIENTED_EDGE('',*,*,#10410,.F.);
#10410 = EDGE_CURVE('',#10411,#10388,#10413,.T.);
#10411 = VERTEX_POINT('',#10412);
#10412 = CARTESIAN_POINT('',(-0.635,0.62,-0.355125000056));
#10413 = SURFACE_CURVE('',#10414,(#10419,#10430),.PCURVE_S1.);
#10414 = CIRCLE('',#10415,2.5E-02);
#10415 = AXIS2_PLACEMENT_3D('',#10416,#10417,#10418);
#10416 = CARTESIAN_POINT('',(-0.635,0.595,-0.355125000056));
#10417 = DIRECTION('',(6.505213034913E-15,0.,1.));
#10418 = DIRECTION('',(-1.,0.,6.505213034913E-15));
#10419 = PCURVE('',#10305,#10420);
#10420 = DEFINITIONAL_REPRESENTATION('',(#10421),#10429);
#10421 = ( BOUNDED_CURVE() B_SPLINE_CURVE(2,(#10422,#10423,#10424,#10425
    ,#10426,#10427,#10428),.UNSPECIFIED.,.T.,.F.) 
B_SPLINE_CURVE_WITH_KNOTS((1,2,2,2,2,1),(-2.094395102393,0.,
    2.094395102393,4.188790204786,6.28318530718,8.377580409573),
.UNSPECIFIED.) CURVE() GEOMETRIC_REPRESENTATION_ITEM() 
RATIONAL_B_SPLINE_CURVE((1.,0.5,1.,0.5,1.,0.5,1.)) REPRESENTATION_ITEM(
  '') );
#10422 = CARTESIAN_POINT('',(0.66,0.595));
#10423 = CARTESIAN_POINT('',(0.66,0.551698729811));
#10424 = CARTESIAN_POINT('',(0.6225,0.573349364905));
#10425 = CARTESIAN_POINT('',(0.585,0.595));
#10426 = CARTESIAN_POINT('',(0.6225,0.616650635095));
#10427 = CARTESIAN_POINT('',(0.66,0.638301270189));
#10428 = CARTESIAN_POINT('',(0.66,0.595));
#10429 = ( GEOMETRIC_REPRESENTATION_CONTEXT(2) 
PARAMETRIC_REPRESENTATION_CONTEXT() REPRESENTATION_CONTEXT('2D SPACE',''
  ) );
#10430 = PCURVE('',#2965,#10431);
#10431 = DEFINITIONAL_REPRESENTATION('',(#10432),#10440);
#10432 = ( BOUNDED_CURVE() B_SPLINE_CURVE(2,(#10433,#10434,#10435,#10436
    ,#10437,#10438,#10439),.UNSPECIFIED.,.T.,.F.) 
B_SPLINE_CURVE_WITH_KNOTS((1,2,2,2,2,1),(-2.094395102393,0.,
    2.094395102393,4.188790204786,6.28318530718,8.377580409573),
.UNSPECIFIED.) CURVE() GEOMETRIC_REPRESENTATION_ITEM() 
RATIONAL_B_SPLINE_CURVE((1.,0.5,1.,0.5,1.,0.5,1.)) REPRESENTATION_ITEM(
  '') );
#10433 = CARTESIAN_POINT('',(0.66,0.595));
#10434 = CARTESIAN_POINT('',(0.66,0.551698729811));
#10435 = CARTESIAN_POINT('',(0.6225,0.573349364905));
#10436 = CARTESIAN_POINT('',(0.585,0.595));
#10437 = CARTESIAN_POINT('',(0.6225,0.616650635095));
#10438 = CARTESIAN_POINT('',(0.66,0.638301270189));
#10439 = CARTESIAN_POINT('',(0.66,0.595));
#10440 = ( GEOMETRIC_REPRESENTATION_CONTEXT(2) 
PARAMETRIC_REPRESENTATION_CONTEXT() REPRESENTATION_CONTEXT('2D SPACE',''
  ) );
#10441 = ORIENTED_EDGE('',*,*,#10442,.F.);
#10442 = EDGE_CURVE('',#10443,#10411,#10445,.T.);
#10443 = VERTEX_POINT('',#10444);
#10444 = CARTESIAN_POINT('',(-0.115,0.62,-0.355125000056));
#10445 = SURFACE_CURVE('',#10446,(#10450,#10457),.PCURVE_S1.);
#10446 = LINE('',#10447,#10448);
#10447 = CARTESIAN_POINT('',(-2.784235231275E-15,0.62,-0.355125000056));
#10448 = VECTOR('',#10449,1.);
#10449 = DIRECTION('',(-1.,2.085004177857E-16,6.982962677686E-15));
#10450 = PCURVE('',#10305,#10451);
#10451 = DEFINITIONAL_REPRESENTATION('',(#10452),#10456);
#10452 = LINE('',#10453,#10454);
#10453 = CARTESIAN_POINT('',(-1.292702590271E-16,0.62));
#10454 = VECTOR('',#10455,1.);
#10455 = DIRECTION('',(1.,2.085004177857E-16));
#10456 = ( GEOMETRIC_REPRESENTATION_CONTEXT(2) 
PARAMETRIC_REPRESENTATION_CONTEXT() REPRESENTATION_CONTEXT('2D SPACE',''
  ) );
#10457 = PCURVE('',#2965,#10458);
#10458 = DEFINITIONAL_REPRESENTATION('',(#10459),#10463);
#10459 = LINE('',#10460,#10461);
#10460 = CARTESIAN_POINT('',(-1.292702590271E-16,0.62));
#10461 = VECTOR('',#10462,1.);
#10462 = DIRECTION('',(1.,2.085004177857E-16));
#10463 = ( GEOMETRIC_REPRESENTATION_CONTEXT(2) 
PARAMETRIC_REPRESENTATION_CONTEXT() REPRESENTATION_CONTEXT('2D SPACE',''
  ) );
#10464 = ORIENTED_EDGE('',*,*,#10465,.F.);
#10465 = EDGE_CURVE('',#10466,#10443,#10468,.T.);
#10466 = VERTEX_POINT('',#10467);
#10467 = CARTESIAN_POINT('',(-9.E-02,0.595,-0.355125000056));
#10468 = SURFACE_CURVE('',#10469,(#10474,#10485),.PCURVE_S1.);
#10469 = CIRCLE('',#10470,2.5E-02);
#10470 = AXIS2_PLACEMENT_3D('',#10471,#10472,#10473);
#10471 = CARTESIAN_POINT('',(-0.115,0.595,-0.355125000056));
#10472 = DIRECTION('',(6.505213034913E-15,0.,1.));
#10473 = DIRECTION('',(-1.,0.,6.505213034913E-15));
#10474 = PCURVE('',#10305,#10475);
#10475 = DEFINITIONAL_REPRESENTATION('',(#10476),#10484);
#10476 = ( BOUNDED_CURVE() B_SPLINE_CURVE(2,(#10477,#10478,#10479,#10480
    ,#10481,#10482,#10483),.UNSPECIFIED.,.T.,.F.) 
B_SPLINE_CURVE_WITH_KNOTS((1,2,2,2,2,1),(-2.094395102393,0.,
    2.094395102393,4.188790204786,6.28318530718,8.377580409573),
.UNSPECIFIED.) CURVE() GEOMETRIC_REPRESENTATION_ITEM() 
RATIONAL_B_SPLINE_CURVE((1.,0.5,1.,0.5,1.,0.5,1.)) REPRESENTATION_ITEM(
  '') );
#10477 = CARTESIAN_POINT('',(0.14,0.595));
#10478 = CARTESIAN_POINT('',(0.14,0.551698729811));
#10479 = CARTESIAN_POINT('',(0.1025,0.573349364905));
#10480 = CARTESIAN_POINT('',(6.5E-02,0.595));
#10481 = CARTESIAN_POINT('',(0.1025,0.616650635095));
#10482 = CARTESIAN_POINT('',(0.14,0.638301270189));
#10483 = CARTESIAN_POINT('',(0.14,0.595));
#10484 = ( GEOMETRIC_REPRESENTATION_CONTEXT(2) 
PARAMETRIC_REPRESENTATION_CONTEXT() REPRESENTATION_CONTEXT('2D SPACE',''
  ) );
#10485 = PCURVE('',#2965,#10486);
#10486 = DEFINITIONAL_REPRESENTATION('',(#10487),#10495);
#10487 = ( BOUNDED_CURVE() B_SPLINE_CURVE(2,(#10488,#10489,#10490,#10491
    ,#10492,#10493,#10494),.UNSPECIFIED.,.T.,.F.) 
B_SPLINE_CURVE_WITH_KNOTS((1,2,2,2,2,1),(-2.094395102393,0.,
    2.094395102393,4.188790204786,6.28318530718,8.377580409573),
.UNSPECIFIED.) CURVE() GEOMETRIC_REPRESENTATION_ITEM() 
RATIONAL_B_SPLINE_CURVE((1.,0.5,1.,0.5,1.,0.5,1.)) REPRESENTATION_ITEM(
  '') );
#10488 = CARTESIAN_POINT('',(0.14,0.595));
#10489 = CARTESIAN_POINT('',(0.14,0.551698729811));
#10490 = CARTESIAN_POINT('',(0.1025,0.573349364905));
#10491 = CARTESIAN_POINT('',(6.5E-02,0.595));
#10492 = CARTESIAN_POINT('',(0.1025,0.616650635095));
#10493 = CARTESIAN_POINT('',(0.14,0.638301270189));
#10494 = CARTESIAN_POINT('',(0.14,0.595));
#10495 = ( GEOMETRIC_REPRESENTATION_CONTEXT(2) 
PARAMETRIC_REPRESENTATION_CONTEXT() REPRESENTATION_CONTEXT('2D SPACE',''
  ) );
#10496 = ORIENTED_EDGE('',*,*,#10497,.F.);
#10497 = EDGE_CURVE('',#10296,#10466,#10498,.T.);
#10498 = SURFACE_CURVE('',#10499,(#10503,#10510),.PCURVE_S1.);
#10499 = LINE('',#10500,#10501);
#10500 = CARTESIAN_POINT('',(-9.E-02,0.,-0.355125000056));
#10501 = VECTOR('',#10502,1.);
#10502 = DIRECTION('',(0.,1.,0.));
#10503 = PCURVE('',#10305,#10504);
#10504 = DEFINITIONAL_REPRESENTATION('',(#10505),#10509);
#10505 = LINE('',#10506,#10507);
#10506 = CARTESIAN_POINT('',(9.E-02,0.));
#10507 = VECTOR('',#10508,1.);
#10508 = DIRECTION('',(0.,1.));
#10509 = ( GEOMETRIC_REPRESENTATION_CONTEXT(2) 
PARAMETRIC_REPRESENTATION_CONTEXT() REPRESENTATION_CONTEXT('2D SPACE',''
  ) );
#10510 = PCURVE('',#2965,#10511);
#10511 = DEFINITIONAL_REPRESENTATION('',(#10512),#10516);
#10512 = LINE('',#10513,#10514);
#10513 = CARTESIAN_POINT('',(9.E-02,0.));
#10514 = VECTOR('',#10515,1.);
#10515 = DIRECTION('',(0.,1.));
#10516 = ( GEOMETRIC_REPRESENTATION_CONTEXT(2) 
PARAMETRIC_REPRESENTATION_CONTEXT() REPRESENTATION_CONTEXT('2D SPACE',''
  ) );
#10517 = ADVANCED_FACE('',(#10518,#10528,#10538,#10548,#10558,#10637),
  #2965,.T.);
#10518 = FACE_BOUND('',#10519,.T.);
#10519 = EDGE_LOOP('',(#10520,#10521,#10522,#10523,#10524,#10525,#10526,
    #10527));
#10520 = ORIENTED_EDGE('',*,*,#10332,.T.);
#10521 = ORIENTED_EDGE('',*,*,#10293,.T.);
#10522 = ORIENTED_EDGE('',*,*,#10497,.T.);
#10523 = ORIENTED_EDGE('',*,*,#10465,.T.);
#10524 = ORIENTED_EDGE('',*,*,#10442,.T.);
#10525 = ORIENTED_EDGE('',*,*,#10410,.T.);
#10526 = ORIENTED_EDGE('',*,*,#10387,.T.);
#10527 = ORIENTED_EDGE('',*,*,#10355,.T.);
#10528 = FACE_BOUND('',#10529,.T.);
#10529 = EDGE_LOOP('',(#10530,#10531,#10532,#10533,#10534,#10535,#10536,
    #10537));
#10530 = ORIENTED_EDGE('',*,*,#10104,.T.);
#10531 = ORIENTED_EDGE('',*,*,#10065,.T.);
#10532 = ORIENTED_EDGE('',*,*,#10269,.T.);
#10533 = ORIENTED_EDGE('',*,*,#10237,.T.);
#10534 = ORIENTED_EDGE('',*,*,#10214,.T.);
#10535 = ORIENTED_EDGE('',*,*,#10182,.T.);
#10536 = ORIENTED_EDGE('',*,*,#10159,.T.);
#10537 = ORIENTED_EDGE('',*,*,#10127,.T.);
#10538 = FACE_BOUND('',#10539,.T.);
#10539 = EDGE_LOOP('',(#10540,#10541,#10542,#10543,#10544,#10545,#10546,
    #10547));
#10540 = ORIENTED_EDGE('',*,*,#9876,.T.);
#10541 = ORIENTED_EDGE('',*,*,#9837,.T.);
#10542 = ORIENTED_EDGE('',*,*,#10041,.T.);
#10543 = ORIENTED_EDGE('',*,*,#10009,.T.);
#10544 = ORIENTED_EDGE('',*,*,#9986,.T.);
#10545 = ORIENTED_EDGE('',*,*,#9954,.T.);
#10546 = ORIENTED_EDGE('',*,*,#9931,.T.);
#10547 = ORIENTED_EDGE('',*,*,#9899,.T.);
#10548 = FACE_BOUND('',#10549,.T.);
#10549 = EDGE_LOOP('',(#10550,#10551,#10552,#10553,#10554,#10555,#10556,
    #10557));
#10550 = ORIENTED_EDGE('',*,*,#9452,.T.);
#10551 = ORIENTED_EDGE('',*,*,#9413,.T.);
#10552 = ORIENTED_EDGE('',*,*,#9617,.T.);
#10553 = ORIENTED_EDGE('',*,*,#9585,.T.);
#10554 = ORIENTED_EDGE('',*,*,#9562,.T.);
#10555 = ORIENTED_EDGE('',*,*,#9530,.T.);
#10556 = ORIENTED_EDGE('',*,*,#9507,.T.);
#10557 = ORIENTED_EDGE('',*,*,#9475,.T.);
#10558 = FACE_BOUND('',#10559,.T.);
#10559 = EDGE_LOOP('',(#10560,#10561,#10562,#10563,#10564,#10565,#10566,
    #10567,#10568,#10569,#10570,#10571,#10572,#10573,#10574,#10575,
    #10576,#10577,#10578,#10579,#10580,#10581,#10582,#10583,#10584,
    #10585,#10586,#10587,#10588,#10589,#10590,#10591,#10592,#10593,
    #10594,#10595,#10596,#10597,#10598,#10599,#10600,#10601,#10602,
    #10603,#10604,#10605,#10606,#10607,#10608,#10609,#10610,#10611,
    #10612,#10613,#10614,#10615,#10616,#10617,#10618,#10619,#10620,
    #10621,#10622,#10623,#10624,#10625,#10626,#10627,#10628,#10629,
    #10630,#10631,#10632,#10633,#10634,#10635,#10636));
#10560 = ORIENTED_EDGE('',*,*,#9355,.F.);
#10561 = ORIENTED_EDGE('',*,*,#9386,.F.);
#10562 = ORIENTED_EDGE('',*,*,#5795,.F.);
#10563 = ORIENTED_EDGE('',*,*,#5843,.F.);
#10564 = ORIENTED_EDGE('',*,*,#5916,.F.);
#10565 = ORIENTED_EDGE('',*,*,#5942,.F.);
#10566 = ORIENTED_EDGE('',*,*,#6015,.F.);
#10567 = ORIENTED_EDGE('',*,*,#6041,.F.);
#10568 = ORIENTED_EDGE('',*,*,#6114,.F.);
#10569 = ORIENTED_EDGE('',*,*,#6145,.F.);
#10570 = ORIENTED_EDGE('',*,*,#6218,.F.);
#10571 = ORIENTED_EDGE('',*,*,#6244,.F.);
#10572 = ORIENTED_EDGE('',*,*,#6317,.F.);
#10573 = ORIENTED_EDGE('',*,*,#6343,.F.);
#10574 = ORIENTED_EDGE('',*,*,#6416,.F.);
#10575 = ORIENTED_EDGE('',*,*,#6442,.F.);
#10576 = ORIENTED_EDGE('',*,*,#6515,.F.);
#10577 = ORIENTED_EDGE('',*,*,#6546,.F.);
#10578 = ORIENTED_EDGE('',*,*,#6619,.F.);
#10579 = ORIENTED_EDGE('',*,*,#6645,.F.);
#10580 = ORIENTED_EDGE('',*,*,#6718,.F.);
#10581 = ORIENTED_EDGE('',*,*,#6744,.F.);
#10582 = ORIENTED_EDGE('',*,*,#6817,.F.);
#10583 = ORIENTED_EDGE('',*,*,#6866,.F.);
#10584 = ORIENTED_EDGE('',*,*,#6920,.F.);
#10585 = ORIENTED_EDGE('',*,*,#6946,.F.);
#10586 = ORIENTED_EDGE('',*,*,#7019,.F.);
#10587 = ORIENTED_EDGE('',*,*,#7045,.F.);
#10588 = ORIENTED_EDGE('',*,*,#7118,.F.);
#10589 = ORIENTED_EDGE('',*,*,#7167,.F.);
#10590 = ORIENTED_EDGE('',*,*,#7221,.F.);
#10591 = ORIENTED_EDGE('',*,*,#7247,.F.);
#10592 = ORIENTED_EDGE('',*,*,#7320,.F.);
#10593 = ORIENTED_EDGE('',*,*,#7346,.F.);
#10594 = ORIENTED_EDGE('',*,*,#7419,.F.);
#10595 = ORIENTED_EDGE('',*,*,#7445,.F.);
#10596 = ORIENTED_EDGE('',*,*,#7518,.F.);
#10597 = ORIENTED_EDGE('',*,*,#7544,.F.);
#10598 = ORIENTED_EDGE('',*,*,#7594,.F.);
#10599 = ORIENTED_EDGE('',*,*,#3191,.F.);
#10600 = ORIENTED_EDGE('',*,*,#7626,.F.);
#10601 = ORIENTED_EDGE('',*,*,#7699,.F.);
#10602 = ORIENTED_EDGE('',*,*,#7725,.F.);
#10603 = ORIENTED_EDGE('',*,*,#7798,.F.);
#10604 = ORIENTED_EDGE('',*,*,#7824,.F.);
#10605 = ORIENTED_EDGE('',*,*,#7897,.F.);
#10606 = ORIENTED_EDGE('',*,*,#7923,.F.);
#10607 = ORIENTED_EDGE('',*,*,#3071,.F.);
#10608 = ORIENTED_EDGE('',*,*,#7978,.F.);
#10609 = ORIENTED_EDGE('',*,*,#8004,.F.);
#10610 = ORIENTED_EDGE('',*,*,#8077,.F.);
#10611 = ORIENTED_EDGE('',*,*,#8103,.F.);
#10612 = ORIENTED_EDGE('',*,*,#8176,.F.);
#10613 = ORIENTED_EDGE('',*,*,#8202,.F.);
#10614 = ORIENTED_EDGE('',*,*,#8252,.F.);
#10615 = ORIENTED_EDGE('',*,*,#2941,.F.);
#10616 = ORIENTED_EDGE('',*,*,#8284,.F.);
#10617 = ORIENTED_EDGE('',*,*,#8357,.F.);
#10618 = ORIENTED_EDGE('',*,*,#8383,.F.);
#10619 = ORIENTED_EDGE('',*,*,#8456,.F.);
#10620 = ORIENTED_EDGE('',*,*,#8482,.F.);
#10621 = ORIENTED_EDGE('',*,*,#8555,.F.);
#10622 = ORIENTED_EDGE('',*,*,#8581,.F.);
#10623 = ORIENTED_EDGE('',*,*,#8654,.F.);
#10624 = ORIENTED_EDGE('',*,*,#8703,.F.);
#10625 = ORIENTED_EDGE('',*,*,#8757,.F.);
#10626 = ORIENTED_EDGE('',*,*,#8783,.F.);
#10627 = ORIENTED_EDGE('',*,*,#8856,.F.);
#10628 = ORIENTED_EDGE('',*,*,#8882,.F.);
#10629 = ORIENTED_EDGE('',*,*,#8955,.F.);
#10630 = ORIENTED_EDGE('',*,*,#9004,.F.);
#10631 = ORIENTED_EDGE('',*,*,#9058,.F.);
#10632 = ORIENTED_EDGE('',*,*,#9084,.F.);
#10633 = ORIENTED_EDGE('',*,*,#9157,.F.);
#10634 = ORIENTED_EDGE('',*,*,#9183,.F.);
#10635 = ORIENTED_EDGE('',*,*,#9256,.F.);
#10636 = ORIENTED_EDGE('',*,*,#9282,.F.);
#10637 = FACE_BOUND('',#10638,.T.);
#10638 = EDGE_LOOP('',(#10639,#10640,#10641,#10642));
#10639 = ORIENTED_EDGE('',*,*,#9811,.T.);
#10640 = ORIENTED_EDGE('',*,*,#9664,.T.);
#10641 = ORIENTED_EDGE('',*,*,#9735,.T.);
#10642 = ORIENTED_EDGE('',*,*,#9784,.T.);
#10643 = ( GEOMETRIC_REPRESENTATION_CONTEXT(3) 
GLOBAL_UNCERTAINTY_ASSIGNED_CONTEXT((#10647)) 
GLOBAL_UNIT_ASSIGNED_CONTEXT((#10644,#10645,#10646)) 
REPRESENTATION_CONTEXT('Context #1',
  '3D Context with UNIT and UNCERTAINTY') );
#10644 = ( LENGTH_UNIT() NAMED_UNIT(*) SI_UNIT(.MILLI.,.METRE.) );
#10645 = ( NAMED_UNIT(*) PLANE_ANGLE_UNIT() SI_UNIT($,.RADIAN.) );
#10646 = ( NAMED_UNIT(*) SI_UNIT($,.STERADIAN.) SOLID_ANGLE_UNIT() );
#10647 = UNCERTAINTY_MEASURE_WITH_UNIT(LENGTH_MEASURE(1.E-07),#10644,
  'distance_accuracy_value','confusion accuracy');
#10648 = CONTEXT_DEPENDENT_SHAPE_REPRESENTATION(#10649,#10651);
#10649 = ( REPRESENTATION_RELATIONSHIP('','',#2934,#10) 
REPRESENTATION_RELATIONSHIP_WITH_TRANSFORMATION(#10650) 
SHAPE_REPRESENTATION_RELATIONSHIP() );
#10650 = ITEM_DEFINED_TRANSFORMATION('','',#11,#19);
#10651 = PRODUCT_DEFINITION_SHAPE('Placement','Placement of an item',
  #10652);
#10652 = NEXT_ASSEMBLY_USAGE_OCCURRENCE('2','','',#5,#2929,$);
#10653 = PRODUCT_RELATED_PRODUCT_CATEGORY('part',$,(#2931));
#10654 = CONTEXT_DEPENDENT_SHAPE_REPRESENTATION(#10655,#10657);
#10655 = ( REPRESENTATION_RELATIONSHIP('','',#2934,#10) 
REPRESENTATION_RELATIONSHIP_WITH_TRANSFORMATION(#10656) 
SHAPE_REPRESENTATION_RELATIONSHIP() );
#10656 = ITEM_DEFINED_TRANSFORMATION('','',#11,#23);
#10657 = PRODUCT_DEFINITION_SHAPE('Placement','Placement of an item',
  #10658);
#10658 = NEXT_ASSEMBLY_USAGE_OCCURRENCE('3','','',#5,#2929,$);
#10659 = CONTEXT_DEPENDENT_SHAPE_REPRESENTATION(#10660,#10662);
#10660 = ( REPRESENTATION_RELATIONSHIP('','',#2934,#10) 
REPRESENTATION_RELATIONSHIP_WITH_TRANSFORMATION(#10661) 
SHAPE_REPRESENTATION_RELATIONSHIP() );
#10661 = ITEM_DEFINED_TRANSFORMATION('','',#11,#27);
#10662 = PRODUCT_DEFINITION_SHAPE('Placement','Placement of an item',
  #10663);
#10663 = NEXT_ASSEMBLY_USAGE_OCCURRENCE('4','','',#5,#2929,$);
ENDSEC;
END-ISO-10303-21;
