ISO-10303-21;
HEADER;
FILE_DESCRIPTION(('Open CASCADE Model'),'2;1');
FILE_NAME('Open CASCADE Shape Model','2026-08-26T18:52:11',('Author'),(
    'Open CASCADE'),'Open CASCADE STEP processor 7.9','Open CASCADE 7.9'
  ,'Unknown');
FILE_SCHEMA(('AUTOMOTIVE_DESIGN { 1 0 10303 214 1 1 1 1 }'));
ENDSEC;
DATA;
#1 = APPLICATION_PROTOCOL_DEFINITION('international standard',
  'automotive_design',2000,#2);
#2 = APPLICATION_CONTEXT(
  'core data for automotive mechanical design processes');
#3 = SHAPE_DEFINITION_REPRESENTATION(#4,#10);
#4 = PRODUCT_DEFINITION_SHAPE('','',#5);
#5 = PRODUCT_DEFINITION('design','',#6,#9);
#6 = PRODUCT_DEFINITION_FORMATION('','',#7);
#7 = PRODUCT('Open CASCADE STEP translator 7.9 2',
  'Open CASCADE STEP translator 7.9 2','',(#8));
#8 = PRODUCT_CONTEXT('',#2,'mechanical');
#9 = PRODUCT_DEFINITION_CONTEXT('part definition',#2,'design');
#10 = SHAPE_REPRESENTATION('',(#11,#15,#19,#23,#27),#31);
#11 = AXIS2_PLACEMENT_3D('',#12,#13,#14);
#12 = CARTESIAN_POINT('',(0.,0.,0.));
#13 = DIRECTION('',(0.,0.,1.));
#14 = DIRECTION('',(1.,0.,-0.));
#15 = AXIS2_PLACEMENT_3D('',#16,#17,#18);
#16 = CARTESIAN_POINT('',(5.260669582827,-9.846730434815,15.231288598506
    ));
#17 = DIRECTION('',(9.198597571016E-17,1.,-3.781697177629E-16));
#18 = DIRECTION('',(1.,-9.198597571016E-17,-6.982962677686E-15));
#19 = AXIS2_PLACEMENT_3D('',#20,#21,#22);
#20 = CARTESIAN_POINT('',(0.,0.,0.));
#21 = DIRECTION('',(0.,0.,1.));
#22 = DIRECTION('',(1.,0.,0.));
#23 = AXIS2_PLACEMENT_3D('',#24,#25,#26);
#24 = CARTESIAN_POINT('',(2.5,-2.299649392755E-16,-1.745740669422E-14));
#25 = DIRECTION('',(0.,0.,1.));
#26 = DIRECTION('',(1.,0.,0.));
#27 = AXIS2_PLACEMENT_3D('',#28,#29,#30);
#28 = CARTESIAN_POINT('',(-2.5,2.299649392755E-16,1.745740669422E-14));
#29 = DIRECTION('',(0.,0.,1.));
#30 = DIRECTION('',(1.,0.,0.));
#31 = ( GEOMETRIC_REPRESENTATION_CONTEXT(3) 
GLOBAL_UNCERTAINTY_ASSIGNED_CONTEXT((#35)) GLOBAL_UNIT_ASSIGNED_CONTEXT(
(#32,#33,#34)) REPRESENTATION_CONTEXT('Context #1',
  '3D Context with UNIT and UNCERTAINTY') );
#32 = ( LENGTH_UNIT() NAMED_UNIT(*) SI_UNIT(.MILLI.,.METRE.) );
#33 = ( NAMED_UNIT(*) PLANE_ANGLE_UNIT() SI_UNIT($,.RADIAN.) );
#34 = ( NAMED_UNIT(*) SI_UNIT($,.STERADIAN.) SOLID_ANGLE_UNIT() );
#35 = UNCERTAINTY_MEASURE_WITH_UNIT(LENGTH_MEASURE(1.E-05),#32,
  'distance_accuracy_value','confusion accuracy');
#36 = PRODUCT_RELATED_PRODUCT_CATEGORY('part',$,(#7));
#37 = SHAPE_DEFINITION_REPRESENTATION(#38,#44);
#38 = PRODUCT_DEFINITION_SHAPE('','',#39);
#39 = PRODUCT_DEFINITION('design','',#40,#43);
#40 = PRODUCT_DEFINITION_FORMATION('','',#41);
#41 = PRODUCT('Open CASCADE STEP translator 7.9 2.1',
  'Open CASCADE STEP translator 7.9 2.1','',(#42));
#42 = PRODUCT_CONTEXT('',#2,'mechanical');
#43 = PRODUCT_DEFINITION_CONTEXT('part definition',#2,'design');
#44 = ADVANCED_BREP_SHAPE_REPRESENTATION('',(#11,#45),#2650);
#45 = MANIFOLD_SOLID_BREP('',#46);
#46 = CLOSED_SHELL('',(#47,#190,#333,#489,#650,#1097,#1515,#1557,#1663,
    #1773,#1797,#1804,#1830,#1900,#2056,#2119,#2166,#2320,#2374,#2408,
    #2439,#2473,#2504,#2511,#2518,#2545,#2552,#2577,#2604,#2611,#2636,
    #2643));
#47 = ADVANCED_FACE('',(#48),#64,.T.);
#48 = FACE_BOUND('',#49,.T.);
#49 = EDGE_LOOP('',(#50,#97,#130,#170));
#50 = ORIENTED_EDGE('',*,*,#51,.F.);
#51 = EDGE_CURVE('',#52,#54,#56,.T.);
#52 = VERTEX_POINT('',#53);
#53 = CARTESIAN_POINT('',(-5.260669582827,17.097438598574,6.646730434815
    ));
#54 = VERTEX_POINT('',#55);
#55 = CARTESIAN_POINT('',(-5.260669582827,17.097438598574,5.046730434815
    ));
#56 = SURFACE_CURVE('',#57,(#63,#83),.PCURVE_S1.);
#57 = ( BOUNDED_CURVE() B_SPLINE_CURVE(2,(#58,#59,#60,#61,#62),
.UNSPECIFIED.,.F.,.F.) B_SPLINE_CURVE_WITH_KNOTS((3,2,3),(3.14159265359,
4.712388980385,6.28318530718),.PIECEWISE_BEZIER_KNOTS.) CURVE() 
GEOMETRIC_REPRESENTATION_ITEM() RATIONAL_B_SPLINE_CURVE((1.,
0.707106781187,1.,0.707106781187,1.)) REPRESENTATION_ITEM('') );
#58 = CARTESIAN_POINT('',(-5.260669582827,17.097438598574,6.646730434815
    ));
#59 = CARTESIAN_POINT('',(-4.460669582827,17.097438598574,6.646730434815
    ));
#60 = CARTESIAN_POINT('',(-4.460669582827,17.097438598574,5.846730434815
    ));
#61 = CARTESIAN_POINT('',(-4.460669582827,17.097438598574,5.046730434815
    ));
#62 = CARTESIAN_POINT('',(-5.260669582827,17.097438598574,5.046730434815
    ));
#63 = PCURVE('',#64,#75);
#64 = ( BOUNDED_SURFACE() B_SPLINE_SURFACE(2,1,(
    (#65,#66)
    ,(#67,#68)
    ,(#69,#70)
    ,(#71,#72)
,(#73,#74
    )),.UNSPECIFIED.,.F.,.F.,.F.) B_SPLINE_SURFACE_WITH_KNOTS((3,2,3),(2
    ,2),(0.,1.570796326795,3.14159265359),(-0.282842712475,0.),
.PIECEWISE_BEZIER_KNOTS.) GEOMETRIC_REPRESENTATION_ITEM() 
RATIONAL_B_SPLINE_SURFACE((
    (1.,1.)
    ,(0.707106781187,0.707106781187)
    ,(1.,1.)
    ,(0.707106781187,0.707106781187)
,(1.,1.))) REPRESENTATION_ITEM('') SURFACE() );
#65 = CARTESIAN_POINT('',(-5.260669582827,17.097438598574,5.046730434815
    ));
#66 = CARTESIAN_POINT('',(-5.260669582827,16.857438598574,4.846730434815
    ));
#67 = CARTESIAN_POINT('',(-4.460669582827,17.097438598574,5.046730434815
    ));
#68 = CARTESIAN_POINT('',(-4.260669582827,16.857438598574,4.846730434815
    ));
#69 = CARTESIAN_POINT('',(-4.460669582827,17.097438598574,5.846730434815
    ));
#70 = CARTESIAN_POINT('',(-4.260669582827,16.857438598574,5.846730434815
    ));
#71 = CARTESIAN_POINT('',(-4.460669582827,17.097438598574,6.646730434815
    ));
#72 = CARTESIAN_POINT('',(-4.260669582827,16.857438598574,6.846730434815
    ));
#73 = CARTESIAN_POINT('',(-5.260669582827,17.097438598574,6.646730434815
    ));
#74 = CARTESIAN_POINT('',(-5.260669582827,16.857438598574,6.846730434815
    ));
#75 = DEFINITIONAL_REPRESENTATION('',(#76),#82);
#76 = B_SPLINE_CURVE_WITH_KNOTS('',2,(#77,#78,#79,#80,#81),
  .UNSPECIFIED.,.F.,.F.,(3,2,3),(3.14159265359,4.712388980385,
    6.28318530718),.PIECEWISE_BEZIER_KNOTS.);
#77 = CARTESIAN_POINT('',(3.14159265359,-0.282842712475));
#78 = CARTESIAN_POINT('',(2.356194490192,-0.282842712475));
#79 = CARTESIAN_POINT('',(1.570796326795,-0.282842712475));
#80 = CARTESIAN_POINT('',(0.785398163397,-0.282842712475));
#81 = CARTESIAN_POINT('',(0.,-0.282842712475));
#82 = ( GEOMETRIC_REPRESENTATION_CONTEXT(2) 
PARAMETRIC_REPRESENTATION_CONTEXT() REPRESENTATION_CONTEXT('2D SPACE',''
  ) );
#83 = PCURVE('',#84,#89);
#84 = B_SPLINE_SURFACE_WITH_KNOTS('',1,1,(
    (#85,#86)
    ,(#87,#88
    )),.UNSPECIFIED.,.F.,.F.,.F.,(2,2),(2,2),(-0.8,0.8),(-0.8,0.8),
  .PIECEWISE_BEZIER_KNOTS.);
#85 = CARTESIAN_POINT('',(-6.060669582827,17.097438598574,6.646730434815
    ));
#86 = CARTESIAN_POINT('',(-4.460669582827,17.097438598574,6.646730434815
    ));
#87 = CARTESIAN_POINT('',(-6.060669582827,17.097438598574,5.046730434815
    ));
#88 = CARTESIAN_POINT('',(-4.460669582827,17.097438598574,5.046730434815
    ));
#89 = DEFINITIONAL_REPRESENTATION('',(#90),#96);
#90 = ( BOUNDED_CURVE() B_SPLINE_CURVE(2,(#91,#92,#93,#94,#95),
.UNSPECIFIED.,.F.,.F.) B_SPLINE_CURVE_WITH_KNOTS((3,2,3),(3.14159265359,
4.712388980385,6.28318530718),.PIECEWISE_BEZIER_KNOTS.) CURVE() 
GEOMETRIC_REPRESENTATION_ITEM() RATIONAL_B_SPLINE_CURVE((1.,
0.707106781187,1.,0.707106781187,1.)) REPRESENTATION_ITEM('') );
#91 = CARTESIAN_POINT('',(-0.8,-7.358878056813E-17));
#92 = CARTESIAN_POINT('',(-0.8,0.8));
#93 = CARTESIAN_POINT('',(0.,0.8));
#94 = CARTESIAN_POINT('',(0.8,0.8));
#95 = CARTESIAN_POINT('',(0.8,7.358878056813E-17));
#96 = ( GEOMETRIC_REPRESENTATION_CONTEXT(2) 
PARAMETRIC_REPRESENTATION_CONTEXT() REPRESENTATION_CONTEXT('2D SPACE',''
  ) );
#97 = ORIENTED_EDGE('',*,*,#98,.T.);
#98 = EDGE_CURVE('',#52,#99,#101,.T.);
#99 = VERTEX_POINT('',#100);
#100 = CARTESIAN_POINT('',(-5.260669582827,16.857438598574,
    6.846730434815));
#101 = SURFACE_CURVE('',#102,(#105,#112),.PCURVE_S1.);
#102 = B_SPLINE_CURVE_WITH_KNOTS('',1,(#103,#104),.UNSPECIFIED.,.F.,.F.,
  (2,2),(-0.282842712475,0.),.PIECEWISE_BEZIER_KNOTS.);
#103 = CARTESIAN_POINT('',(-5.260669582827,17.097438598574,
    6.646730434815));
#104 = CARTESIAN_POINT('',(-5.260669582827,16.857438598574,
    6.846730434815));
#105 = PCURVE('',#64,#106);
#106 = DEFINITIONAL_REPRESENTATION('',(#107),#111);
#107 = B_SPLINE_CURVE_WITH_KNOTS('',2,(#108,#109,#110),.UNSPECIFIED.,.F.
  ,.F.,(3,3),(-0.282842712475,0.),.PIECEWISE_BEZIER_KNOTS.);
#108 = CARTESIAN_POINT('',(3.14159265359,-0.282842712475));
#109 = CARTESIAN_POINT('',(3.14159265359,-0.141421356237));
#110 = CARTESIAN_POINT('',(3.14159265359,-1.570092458684E-16));
#111 = ( GEOMETRIC_REPRESENTATION_CONTEXT(2) 
PARAMETRIC_REPRESENTATION_CONTEXT() REPRESENTATION_CONTEXT('2D SPACE',''
  ) );
#112 = PCURVE('',#113,#124);
#113 = ( BOUNDED_SURFACE() B_SPLINE_SURFACE(2,1,(
    (#114,#115)
    ,(#116,#117)
    ,(#118,#119)
    ,(#120,#121)
,(#122,#123
    )),.UNSPECIFIED.,.F.,.F.,.F.) B_SPLINE_SURFACE_WITH_KNOTS((3,2,3),(2
    ,2),(3.14159265359,4.712388980385,6.28318530718),(-0.282842712475,0.
),.PIECEWISE_BEZIER_KNOTS.) GEOMETRIC_REPRESENTATION_ITEM() 
RATIONAL_B_SPLINE_SURFACE((
    (1.,1.)
    ,(0.707106781187,0.707106781187)
    ,(1.,1.)
    ,(0.707106781187,0.707106781187)
,(1.,1.))) REPRESENTATION_ITEM('') SURFACE() );
#114 = CARTESIAN_POINT('',(-5.260669582827,17.097438598574,
    6.646730434815));
#115 = CARTESIAN_POINT('',(-5.260669582827,16.857438598574,
    6.846730434815));
#116 = CARTESIAN_POINT('',(-6.060669582827,17.097438598574,
    6.646730434815));
#117 = CARTESIAN_POINT('',(-6.260669582827,16.857438598574,
    6.846730434815));
#118 = CARTESIAN_POINT('',(-6.060669582827,17.097438598574,
    5.846730434815));
#119 = CARTESIAN_POINT('',(-6.260669582827,16.857438598574,
    5.846730434815));
#120 = CARTESIAN_POINT('',(-6.060669582827,17.097438598574,
    5.046730434815));
#121 = CARTESIAN_POINT('',(-6.260669582827,16.857438598574,
    4.846730434815));
#122 = CARTESIAN_POINT('',(-5.260669582827,17.097438598574,
    5.046730434815));
#123 = CARTESIAN_POINT('',(-5.260669582827,16.857438598574,
    4.846730434815));
#124 = DEFINITIONAL_REPRESENTATION('',(#125),#129);
#125 = B_SPLINE_CURVE_WITH_KNOTS('',2,(#126,#127,#128),.UNSPECIFIED.,.F.
  ,.F.,(3,3),(-0.282842712475,0.),.PIECEWISE_BEZIER_KNOTS.);
#126 = CARTESIAN_POINT('',(3.14159265359,-0.282842712475));
#127 = CARTESIAN_POINT('',(3.14159265359,-0.141421356237));
#128 = CARTESIAN_POINT('',(3.14159265359,0.));
#129 = ( GEOMETRIC_REPRESENTATION_CONTEXT(2) 
PARAMETRIC_REPRESENTATION_CONTEXT() REPRESENTATION_CONTEXT('2D SPACE',''
  ) );
#130 = ORIENTED_EDGE('',*,*,#131,.F.);
#131 = EDGE_CURVE('',#132,#99,#134,.T.);
#132 = VERTEX_POINT('',#133);
#133 = CARTESIAN_POINT('',(-5.260669582827,16.857438598574,
    4.846730434815));
#134 = SURFACE_CURVE('',#135,(#141,#150),.PCURVE_S1.);
#135 = ( BOUNDED_CURVE() B_SPLINE_CURVE(2,(#136,#137,#138,#139,#140),
.UNSPECIFIED.,.F.,.F.) B_SPLINE_CURVE_WITH_KNOTS((3,2,3),(0.,
1.570796326795,3.14159265359),.PIECEWISE_BEZIER_KNOTS.) CURVE() 
GEOMETRIC_REPRESENTATION_ITEM() RATIONAL_B_SPLINE_CURVE((1.,
0.707106781187,1.,0.707106781187,1.)) REPRESENTATION_ITEM('') );
#136 = CARTESIAN_POINT('',(-5.260669582827,16.857438598574,
    4.846730434815));
#137 = CARTESIAN_POINT('',(-4.260669582827,16.857438598574,
    4.846730434815));
#138 = CARTESIAN_POINT('',(-4.260669582827,16.857438598574,
    5.846730434815));
#139 = CARTESIAN_POINT('',(-4.260669582827,16.857438598574,
    6.846730434815));
#140 = CARTESIAN_POINT('',(-5.260669582827,16.857438598574,
    6.846730434815));
#141 = PCURVE('',#64,#142);
#142 = DEFINITIONAL_REPRESENTATION('',(#143),#149);
#143 = B_SPLINE_CURVE_WITH_KNOTS('',2,(#144,#145,#146,#147,#148),
  .UNSPECIFIED.,.F.,.F.,(3,2,3),(0.,1.570796326795,3.14159265359),
  .PIECEWISE_BEZIER_KNOTS.);
#144 = CARTESIAN_POINT('',(0.,0.));
#145 = CARTESIAN_POINT('',(0.785398163397,-9.9770881471E-17));
#146 = CARTESIAN_POINT('',(1.570796326795,0.));
#147 = CARTESIAN_POINT('',(2.356194490192,-1.032133899242E-15));
#148 = CARTESIAN_POINT('',(3.14159265359,-1.570092458684E-16));
#149 = ( GEOMETRIC_REPRESENTATION_CONTEXT(2) 
PARAMETRIC_REPRESENTATION_CONTEXT() REPRESENTATION_CONTEXT('2D SPACE',''
  ) );
#150 = PCURVE('',#151,#162);
#151 = ( BOUNDED_SURFACE() B_SPLINE_SURFACE(2,1,(
    (#152,#153)
    ,(#154,#155)
    ,(#156,#157)
    ,(#158,#159)
,(#160,#161
    )),.UNSPECIFIED.,.F.,.F.,.F.) B_SPLINE_SURFACE_WITH_KNOTS((3,2,3),(2
    ,2),(0.,1.570796326795,3.14159265359),(0.2,4.29192383252),
.PIECEWISE_BEZIER_KNOTS.) GEOMETRIC_REPRESENTATION_ITEM() 
RATIONAL_B_SPLINE_SURFACE((
    (1.,1.)
    ,(0.707106781187,0.707106781187)
    ,(1.,1.)
    ,(0.707106781187,0.707106781187)
,(1.,1.))) REPRESENTATION_ITEM('') SURFACE() );
#152 = CARTESIAN_POINT('',(-5.260669582827,16.857438598574,
    4.846730434815));
#153 = CARTESIAN_POINT('',(-5.260669582827,11.94712999955,4.846730434815
    ));
#154 = CARTESIAN_POINT('',(-4.260669582827,16.857438598574,
    4.846730434815));
#155 = CARTESIAN_POINT('',(-4.260669582827,11.94712999955,4.846730434815
    ));
#156 = CARTESIAN_POINT('',(-4.260669582827,16.857438598574,
    5.846730434815));
#157 = CARTESIAN_POINT('',(-4.260669582827,11.94712999955,5.846730434815
    ));
#158 = CARTESIAN_POINT('',(-4.260669582827,16.857438598574,
    6.846730434815));
#159 = CARTESIAN_POINT('',(-4.260669582827,11.94712999955,6.846730434815
    ));
#160 = CARTESIAN_POINT('',(-5.260669582827,16.857438598574,
    6.846730434815));
#161 = CARTESIAN_POINT('',(-5.260669582827,11.94712999955,6.846730434815
    ));
#162 = DEFINITIONAL_REPRESENTATION('',(#163),#169);
#163 = B_SPLINE_CURVE_WITH_KNOTS('',2,(#164,#165,#166,#167,#168),
  .UNSPECIFIED.,.F.,.F.,(3,2,3),(0.,1.570796326795,3.14159265359),
  .PIECEWISE_BEZIER_KNOTS.);
#164 = CARTESIAN_POINT('',(0.,0.2));
#165 = CARTESIAN_POINT('',(0.785398163397,0.2));
#166 = CARTESIAN_POINT('',(1.570796326795,0.2));
#167 = CARTESIAN_POINT('',(2.356194490192,0.2));
#168 = CARTESIAN_POINT('',(3.14159265359,0.2));
#169 = ( GEOMETRIC_REPRESENTATION_CONTEXT(2) 
PARAMETRIC_REPRESENTATION_CONTEXT() REPRESENTATION_CONTEXT('2D SPACE',''
  ) );
#170 = ORIENTED_EDGE('',*,*,#171,.F.);
#171 = EDGE_CURVE('',#54,#132,#172,.T.);
#172 = SURFACE_CURVE('',#173,(#176,#183),.PCURVE_S1.);
#173 = B_SPLINE_CURVE_WITH_KNOTS('',1,(#174,#175),.UNSPECIFIED.,.F.,.F.,
  (2,2),(-0.282842712475,0.),.PIECEWISE_BEZIER_KNOTS.);
#174 = CARTESIAN_POINT('',(-5.260669582827,17.097438598574,
    5.046730434815));
#175 = CARTESIAN_POINT('',(-5.260669582827,16.857438598574,
    4.846730434815));
#176 = PCURVE('',#64,#177);
#177 = DEFINITIONAL_REPRESENTATION('',(#178),#182);
#178 = B_SPLINE_CURVE_WITH_KNOTS('',2,(#179,#180,#181),.UNSPECIFIED.,.F.
  ,.F.,(3,3),(-0.282842712475,0.),.PIECEWISE_BEZIER_KNOTS.);
#179 = CARTESIAN_POINT('',(0.,-0.282842712475));
#180 = CARTESIAN_POINT('',(0.,-0.141421356237));
#181 = CARTESIAN_POINT('',(0.,0.));
#182 = ( GEOMETRIC_REPRESENTATION_CONTEXT(2) 
PARAMETRIC_REPRESENTATION_CONTEXT() REPRESENTATION_CONTEXT('2D SPACE',''
  ) );
#183 = PCURVE('',#113,#184);
#184 = DEFINITIONAL_REPRESENTATION('',(#185),#189);
#185 = B_SPLINE_CURVE_WITH_KNOTS('',2,(#186,#187,#188),.UNSPECIFIED.,.F.
  ,.F.,(3,3),(-0.282842712475,0.),.PIECEWISE_BEZIER_KNOTS.);
#186 = CARTESIAN_POINT('',(6.28318530718,-0.282842712475));
#187 = CARTESIAN_POINT('',(6.28318530718,-0.141421356237));
#188 = CARTESIAN_POINT('',(6.28318530718,0.));
#189 = ( GEOMETRIC_REPRESENTATION_CONTEXT(2) 
PARAMETRIC_REPRESENTATION_CONTEXT() REPRESENTATION_CONTEXT('2D SPACE',''
  ) );
#190 = ADVANCED_FACE('',(#191),#207,.T.);
#191 = FACE_BOUND('',#192,.T.);
#192 = EDGE_LOOP('',(#193,#240,#273,#313));
#193 = ORIENTED_EDGE('',*,*,#194,.F.);
#194 = EDGE_CURVE('',#195,#197,#199,.T.);
#195 = VERTEX_POINT('',#196);
#196 = CARTESIAN_POINT('',(-5.260669582827,17.097438598574,
    14.146730434815));
#197 = VERTEX_POINT('',#198);
#198 = CARTESIAN_POINT('',(-5.260669582827,17.097438598574,
    12.546730434815));
#199 = SURFACE_CURVE('',#200,(#206,#226),.PCURVE_S1.);
#200 = ( BOUNDED_CURVE() B_SPLINE_CURVE(2,(#201,#202,#203,#204,#205),
.UNSPECIFIED.,.F.,.F.) B_SPLINE_CURVE_WITH_KNOTS((3,2,3),(3.14159265359,
4.712388980385,6.28318530718),.PIECEWISE_BEZIER_KNOTS.) CURVE() 
GEOMETRIC_REPRESENTATION_ITEM() RATIONAL_B_SPLINE_CURVE((1.,
0.707106781187,1.,0.707106781187,1.)) REPRESENTATION_ITEM('') );
#201 = CARTESIAN_POINT('',(-5.260669582827,17.097438598574,
    14.146730434815));
#202 = CARTESIAN_POINT('',(-4.460669582827,17.097438598574,
    14.146730434815));
#203 = CARTESIAN_POINT('',(-4.460669582827,17.097438598574,
    13.346730434815));
#204 = CARTESIAN_POINT('',(-4.460669582827,17.097438598574,
    12.546730434815));
#205 = CARTESIAN_POINT('',(-5.260669582827,17.097438598574,
    12.546730434815));
#206 = PCURVE('',#207,#218);
#207 = ( BOUNDED_SURFACE() B_SPLINE_SURFACE(2,1,(
    (#208,#209)
    ,(#210,#211)
    ,(#212,#213)
    ,(#214,#215)
,(#216,#217
    )),.UNSPECIFIED.,.F.,.F.,.F.) B_SPLINE_SURFACE_WITH_KNOTS((3,2,3),(2
    ,2),(0.,1.570796326795,3.14159265359),(-0.282842712475,
    6.661338147751E-16),.PIECEWISE_BEZIER_KNOTS.) 
GEOMETRIC_REPRESENTATION_ITEM() RATIONAL_B_SPLINE_SURFACE((
    (1.,1.)
    ,(0.707106781187,0.707106781187)
    ,(1.,1.)
    ,(0.707106781187,0.707106781187)
,(1.,1.))) REPRESENTATION_ITEM('') SURFACE() );
#208 = CARTESIAN_POINT('',(-5.260669582827,17.097438598574,
    12.546730434815));
#209 = CARTESIAN_POINT('',(-5.260669582827,16.857438598574,
    12.346730434815));
#210 = CARTESIAN_POINT('',(-4.460669582827,17.097438598574,
    12.546730434815));
#211 = CARTESIAN_POINT('',(-4.260669582827,16.857438598574,
    12.346730434815));
#212 = CARTESIAN_POINT('',(-4.460669582827,17.097438598574,
    13.346730434815));
#213 = CARTESIAN_POINT('',(-4.260669582827,16.857438598574,
    13.346730434815));
#214 = CARTESIAN_POINT('',(-4.460669582827,17.097438598574,
    14.146730434815));
#215 = CARTESIAN_POINT('',(-4.260669582827,16.857438598574,
    14.346730434815));
#216 = CARTESIAN_POINT('',(-5.260669582827,17.097438598574,
    14.146730434815));
#217 = CARTESIAN_POINT('',(-5.260669582827,16.857438598574,
    14.346730434815));
#218 = DEFINITIONAL_REPRESENTATION('',(#219),#225);
#219 = B_SPLINE_CURVE_WITH_KNOTS('',2,(#220,#221,#222,#223,#224),
  .UNSPECIFIED.,.F.,.F.,(3,2,3),(3.14159265359,4.712388980385,
    6.28318530718),.PIECEWISE_BEZIER_KNOTS.);
#220 = CARTESIAN_POINT('',(3.14159265359,-0.282842712475));
#221 = CARTESIAN_POINT('',(2.356194490192,-0.282842712475));
#222 = CARTESIAN_POINT('',(1.570796326795,-0.282842712475));
#223 = CARTESIAN_POINT('',(0.785398163397,-0.282842712475));
#224 = CARTESIAN_POINT('',(0.,-0.282842712475));
#225 = ( GEOMETRIC_REPRESENTATION_CONTEXT(2) 
PARAMETRIC_REPRESENTATION_CONTEXT() REPRESENTATION_CONTEXT('2D SPACE',''
  ) );
#226 = PCURVE('',#227,#232);
#227 = B_SPLINE_SURFACE_WITH_KNOTS('',1,1,(
    (#228,#229)
    ,(#230,#231
    )),.UNSPECIFIED.,.F.,.F.,.F.,(2,2),(2,2),(-0.8,0.8),(-0.8,0.8),
  .PIECEWISE_BEZIER_KNOTS.);
#228 = CARTESIAN_POINT('',(-6.060669582827,17.097438598574,
    14.146730434815));
#229 = CARTESIAN_POINT('',(-4.460669582827,17.097438598574,
    14.146730434815));
#230 = CARTESIAN_POINT('',(-6.060669582827,17.097438598574,
    12.546730434815));
#231 = CARTESIAN_POINT('',(-4.460669582827,17.097438598574,
    12.546730434815));
#232 = DEFINITIONAL_REPRESENTATION('',(#233),#239);
#233 = ( BOUNDED_CURVE() B_SPLINE_CURVE(2,(#234,#235,#236,#237,#238),
.UNSPECIFIED.,.F.,.F.) B_SPLINE_CURVE_WITH_KNOTS((3,2,3),(3.14159265359,
4.712388980385,6.28318530718),.PIECEWISE_BEZIER_KNOTS.) CURVE() 
GEOMETRIC_REPRESENTATION_ITEM() RATIONAL_B_SPLINE_CURVE((1.,
0.707106781187,1.,0.707106781187,1.)) REPRESENTATION_ITEM('') );
#234 = CARTESIAN_POINT('',(-0.8,-7.35887805681E-17));
#235 = CARTESIAN_POINT('',(-0.8,0.8));
#236 = CARTESIAN_POINT('',(0.,0.8));
#237 = CARTESIAN_POINT('',(0.8,0.8));
#238 = CARTESIAN_POINT('',(0.8,7.358878056813E-17));
#239 = ( GEOMETRIC_REPRESENTATION_CONTEXT(2) 
PARAMETRIC_REPRESENTATION_CONTEXT() REPRESENTATION_CONTEXT('2D SPACE',''
  ) );
#240 = ORIENTED_EDGE('',*,*,#241,.T.);
#241 = EDGE_CURVE('',#195,#242,#244,.T.);
#242 = VERTEX_POINT('',#243);
#243 = CARTESIAN_POINT('',(-5.260669582827,16.857438598574,
    14.346730434815));
#244 = SURFACE_CURVE('',#245,(#248,#255),.PCURVE_S1.);
#245 = B_SPLINE_CURVE_WITH_KNOTS('',1,(#246,#247),.UNSPECIFIED.,.F.,.F.,
  (2,2),(-0.282842712475,0.),.PIECEWISE_BEZIER_KNOTS.);
#246 = CARTESIAN_POINT('',(-5.260669582827,17.097438598574,
    14.146730434815));
#247 = CARTESIAN_POINT('',(-5.260669582827,16.857438598574,
    14.346730434815));
#248 = PCURVE('',#207,#249);
#249 = DEFINITIONAL_REPRESENTATION('',(#250),#254);
#250 = B_SPLINE_CURVE_WITH_KNOTS('',2,(#251,#252,#253),.UNSPECIFIED.,.F.
  ,.F.,(3,3),(-0.282842712475,0.),.PIECEWISE_BEZIER_KNOTS.);
#251 = CARTESIAN_POINT('',(3.14159265359,-0.282842712475));
#252 = CARTESIAN_POINT('',(3.14159265359,-0.141421356237));
#253 = CARTESIAN_POINT('',(3.14159265359,-6.661338147751E-16));
#254 = ( GEOMETRIC_REPRESENTATION_CONTEXT(2) 
PARAMETRIC_REPRESENTATION_CONTEXT() REPRESENTATION_CONTEXT('2D SPACE',''
  ) );
#255 = PCURVE('',#256,#267);
#256 = ( BOUNDED_SURFACE() B_SPLINE_SURFACE(2,1,(
    (#257,#258)
    ,(#259,#260)
    ,(#261,#262)
    ,(#263,#264)
,(#265,#266
    )),.UNSPECIFIED.,.F.,.F.,.F.) B_SPLINE_SURFACE_WITH_KNOTS((3,2,3),(2
    ,2),(3.14159265359,4.712388980385,6.28318530718),(-0.282842712475,
    6.661338147751E-16),.PIECEWISE_BEZIER_KNOTS.) 
GEOMETRIC_REPRESENTATION_ITEM() RATIONAL_B_SPLINE_SURFACE((
    (1.,1.)
    ,(0.707106781187,0.707106781187)
    ,(1.,1.)
    ,(0.707106781187,0.707106781187)
,(1.,1.))) REPRESENTATION_ITEM('') SURFACE() );
#257 = CARTESIAN_POINT('',(-5.260669582827,17.097438598574,
    14.146730434815));
#258 = CARTESIAN_POINT('',(-5.260669582827,16.857438598574,
    14.346730434815));
#259 = CARTESIAN_POINT('',(-6.060669582827,17.097438598574,
    14.146730434815));
#260 = CARTESIAN_POINT('',(-6.260669582827,16.857438598574,
    14.346730434815));
#261 = CARTESIAN_POINT('',(-6.060669582827,17.097438598574,
    13.346730434815));
#262 = CARTESIAN_POINT('',(-6.260669582827,16.857438598574,
    13.346730434815));
#263 = CARTESIAN_POINT('',(-6.060669582827,17.097438598574,
    12.546730434815));
#264 = CARTESIAN_POINT('',(-6.260669582827,16.857438598574,
    12.346730434815));
#265 = CARTESIAN_POINT('',(-5.260669582827,17.097438598574,
    12.546730434815));
#266 = CARTESIAN_POINT('',(-5.260669582827,16.857438598574,
    12.346730434815));
#267 = DEFINITIONAL_REPRESENTATION('',(#268),#272);
#268 = B_SPLINE_CURVE_WITH_KNOTS('',2,(#269,#270,#271),.UNSPECIFIED.,.F.
  ,.F.,(3,3),(-0.282842712475,0.),.PIECEWISE_BEZIER_KNOTS.);
#269 = CARTESIAN_POINT('',(3.14159265359,-0.282842712475));
#270 = CARTESIAN_POINT('',(3.14159265359,-0.141421356237));
#271 = CARTESIAN_POINT('',(3.14159265359,-6.661338147751E-16));
#272 = ( GEOMETRIC_REPRESENTATION_CONTEXT(2) 
PARAMETRIC_REPRESENTATION_CONTEXT() REPRESENTATION_CONTEXT('2D SPACE',''
  ) );
#273 = ORIENTED_EDGE('',*,*,#274,.F.);
#274 = EDGE_CURVE('',#275,#242,#277,.T.);
#275 = VERTEX_POINT('',#276);
#276 = CARTESIAN_POINT('',(-5.260669582827,16.857438598574,
    12.346730434815));
#277 = SURFACE_CURVE('',#278,(#284,#293),.PCURVE_S1.);
#278 = ( BOUNDED_CURVE() B_SPLINE_CURVE(2,(#279,#280,#281,#282,#283),
.UNSPECIFIED.,.F.,.F.) B_SPLINE_CURVE_WITH_KNOTS((3,2,3),(0.,
1.570796326795,3.14159265359),.PIECEWISE_BEZIER_KNOTS.) CURVE() 
GEOMETRIC_REPRESENTATION_ITEM() RATIONAL_B_SPLINE_CURVE((1.,
0.707106781187,1.,0.707106781187,1.)) REPRESENTATION_ITEM('') );
#279 = CARTESIAN_POINT('',(-5.260669582827,16.857438598574,
    12.346730434815));
#280 = CARTESIAN_POINT('',(-4.260669582827,16.857438598574,
    12.346730434815));
#281 = CARTESIAN_POINT('',(-4.260669582827,16.857438598574,
    13.346730434815));
#282 = CARTESIAN_POINT('',(-4.260669582827,16.857438598574,
    14.346730434815));
#283 = CARTESIAN_POINT('',(-5.260669582827,16.857438598574,
    14.346730434815));
#284 = PCURVE('',#207,#285);
#285 = DEFINITIONAL_REPRESENTATION('',(#286),#292);
#286 = B_SPLINE_CURVE_WITH_KNOTS('',2,(#287,#288,#289,#290,#291),
  .UNSPECIFIED.,.F.,.F.,(3,2,3),(0.,1.570796326795,3.14159265359),
  .PIECEWISE_BEZIER_KNOTS.);
#287 = CARTESIAN_POINT('',(0.,-6.280369834735E-16));
#288 = CARTESIAN_POINT('',(0.785398163397,-1.958601131461E-16));
#289 = CARTESIAN_POINT('',(1.570796326795,-1.570092458684E-16));
#290 = CARTESIAN_POINT('',(2.356194490192,-1.170731201752E-16));
#291 = CARTESIAN_POINT('',(3.14159265359,-6.280369834735E-16));
#292 = ( GEOMETRIC_REPRESENTATION_CONTEXT(2) 
PARAMETRIC_REPRESENTATION_CONTEXT() REPRESENTATION_CONTEXT('2D SPACE',''
  ) );
#293 = PCURVE('',#294,#305);
#294 = ( BOUNDED_SURFACE() B_SPLINE_SURFACE(2,1,(
    (#295,#296)
    ,(#297,#298)
    ,(#299,#300)
    ,(#301,#302)
,(#303,#304
    )),.UNSPECIFIED.,.F.,.F.,.F.) B_SPLINE_SURFACE_WITH_KNOTS((3,2,3),(2
    ,2),(0.,1.570796326795,3.14159265359),(0.2,2.243759642949),
.PIECEWISE_BEZIER_KNOTS.) GEOMETRIC_REPRESENTATION_ITEM() 
RATIONAL_B_SPLINE_SURFACE((
    (1.,1.)
    ,(0.707106781187,0.707106781187)
    ,(1.,1.)
    ,(0.707106781187,0.707106781187)
,(1.,1.))) REPRESENTATION_ITEM('') SURFACE() );
#295 = CARTESIAN_POINT('',(-5.260669582827,16.857438598574,
    12.346730434815));
#296 = CARTESIAN_POINT('',(-5.260669582827,14.404927027034,
    12.346730434815));
#297 = CARTESIAN_POINT('',(-4.260669582827,16.857438598574,
    12.346730434815));
#298 = CARTESIAN_POINT('',(-4.260669582827,14.404927027034,
    12.346730434815));
#299 = CARTESIAN_POINT('',(-4.260669582827,16.857438598574,
    13.346730434815));
#300 = CARTESIAN_POINT('',(-4.260669582827,14.404927027034,
    13.346730434815));
#301 = CARTESIAN_POINT('',(-4.260669582827,16.857438598574,
    14.346730434815));
#302 = CARTESIAN_POINT('',(-4.260669582827,14.404927027034,
    14.346730434815));
#303 = CARTESIAN_POINT('',(-5.260669582827,16.857438598574,
    14.346730434815));
#304 = CARTESIAN_POINT('',(-5.260669582827,14.404927027034,
    14.346730434815));
#305 = DEFINITIONAL_REPRESENTATION('',(#306),#312);
#306 = B_SPLINE_CURVE_WITH_KNOTS('',2,(#307,#308,#309,#310,#311),
  .UNSPECIFIED.,.F.,.F.,(3,2,3),(0.,1.570796326795,3.14159265359),
  .PIECEWISE_BEZIER_KNOTS.);
#307 = CARTESIAN_POINT('',(0.,0.2));
#308 = CARTESIAN_POINT('',(0.785398163397,0.2));
#309 = CARTESIAN_POINT('',(1.570796326795,0.2));
#310 = CARTESIAN_POINT('',(2.356194490192,0.2));
#311 = CARTESIAN_POINT('',(3.14159265359,0.2));
#312 = ( GEOMETRIC_REPRESENTATION_CONTEXT(2) 
PARAMETRIC_REPRESENTATION_CONTEXT() REPRESENTATION_CONTEXT('2D SPACE',''
  ) );
#313 = ORIENTED_EDGE('',*,*,#314,.F.);
#314 = EDGE_CURVE('',#197,#275,#315,.T.);
#315 = SURFACE_CURVE('',#316,(#319,#326),.PCURVE_S1.);
#316 = B_SPLINE_CURVE_WITH_KNOTS('',1,(#317,#318),.UNSPECIFIED.,.F.,.F.,
  (2,2),(-0.282842712475,0.),.PIECEWISE_BEZIER_KNOTS.);
#317 = CARTESIAN_POINT('',(-5.260669582827,17.097438598574,
    12.546730434815));
#318 = CARTESIAN_POINT('',(-5.260669582827,16.857438598574,
    12.346730434815));
#319 = PCURVE('',#207,#320);
#320 = DEFINITIONAL_REPRESENTATION('',(#321),#325);
#321 = B_SPLINE_CURVE_WITH_KNOTS('',2,(#322,#323,#324),.UNSPECIFIED.,.F.
  ,.F.,(3,3),(-0.282842712475,0.),.PIECEWISE_BEZIER_KNOTS.);
#322 = CARTESIAN_POINT('',(0.,-0.282842712475));
#323 = CARTESIAN_POINT('',(0.,-0.141421356237));
#324 = CARTESIAN_POINT('',(0.,6.661338147751E-16));
#325 = ( GEOMETRIC_REPRESENTATION_CONTEXT(2) 
PARAMETRIC_REPRESENTATION_CONTEXT() REPRESENTATION_CONTEXT('2D SPACE',''
  ) );
#326 = PCURVE('',#256,#327);
#327 = DEFINITIONAL_REPRESENTATION('',(#328),#332);
#328 = B_SPLINE_CURVE_WITH_KNOTS('',2,(#329,#330,#331),.UNSPECIFIED.,.F.
  ,.F.,(3,3),(-0.282842712475,0.),.PIECEWISE_BEZIER_KNOTS.);
#329 = CARTESIAN_POINT('',(6.28318530718,-0.282842712475));
#330 = CARTESIAN_POINT('',(6.28318530718,-0.141421356237));
#331 = CARTESIAN_POINT('',(6.28318530718,6.661338147751E-16));
#332 = ( GEOMETRIC_REPRESENTATION_CONTEXT(2) 
PARAMETRIC_REPRESENTATION_CONTEXT() REPRESENTATION_CONTEXT('2D SPACE',''
  ) );
#333 = ADVANCED_FACE('',(#334),#294,.T.);
#334 = FACE_BOUND('',#335,.T.);
#335 = EDGE_LOOP('',(#336,#337,#370,#439,#469));
#336 = ORIENTED_EDGE('',*,*,#274,.T.);
#337 = ORIENTED_EDGE('',*,*,#338,.T.);
#338 = EDGE_CURVE('',#242,#339,#341,.T.);
#339 = VERTEX_POINT('',#340);
#340 = CARTESIAN_POINT('',(-5.260669582799,14.404927027034,
    14.346730434815));
#341 = SURFACE_CURVE('',#342,(#345,#352),.PCURVE_S1.);
#342 = B_SPLINE_CURVE_WITH_KNOTS('',1,(#343,#344),.UNSPECIFIED.,.F.,.F.,
  (2,2),(0.2,2.243759642949),.PIECEWISE_BEZIER_KNOTS.);
#343 = CARTESIAN_POINT('',(-5.260669582827,16.857438598574,
    14.346730434815));
#344 = CARTESIAN_POINT('',(-5.260669582827,14.404927027034,
    14.346730434815));
#345 = PCURVE('',#294,#346);
#346 = DEFINITIONAL_REPRESENTATION('',(#347),#351);
#347 = B_SPLINE_CURVE_WITH_KNOTS('',2,(#348,#349,#350),.UNSPECIFIED.,.F.
  ,.F.,(3,3),(0.2,2.243759642949),.PIECEWISE_BEZIER_KNOTS.);
#348 = CARTESIAN_POINT('',(3.14159265359,0.2));
#349 = CARTESIAN_POINT('',(3.14159265359,1.221879821475));
#350 = CARTESIAN_POINT('',(3.14159265359,2.243759642949));
#351 = ( GEOMETRIC_REPRESENTATION_CONTEXT(2) 
PARAMETRIC_REPRESENTATION_CONTEXT() REPRESENTATION_CONTEXT('2D SPACE',''
  ) );
#352 = PCURVE('',#353,#364);
#353 = ( BOUNDED_SURFACE() B_SPLINE_SURFACE(2,1,(
    (#354,#355)
    ,(#356,#357)
    ,(#358,#359)
    ,(#360,#361)
,(#362,#363
    )),.UNSPECIFIED.,.F.,.F.,.F.) B_SPLINE_SURFACE_WITH_KNOTS((3,2,3),(2
    ,2),(3.141592653561,4.71238898037,6.28318530718),(0.2,2.24375964295)
,.PIECEWISE_BEZIER_KNOTS.) GEOMETRIC_REPRESENTATION_ITEM() 
RATIONAL_B_SPLINE_SURFACE((
    (1.,1.)
    ,(0.707106781182,0.707106781182)
    ,(1.,1.)
    ,(0.707106781182,0.707106781182)
,(1.,1.))) REPRESENTATION_ITEM('') SURFACE() );
#354 = CARTESIAN_POINT('',(-5.260669582799,16.857438598574,
    14.346730434815));
#355 = CARTESIAN_POINT('',(-5.260669582799,14.404927027033,
    14.346730434815));
#356 = CARTESIAN_POINT('',(-6.260669582813,16.857438598574,
    14.346730434843));
#357 = CARTESIAN_POINT('',(-6.260669582813,14.404927027033,
    14.346730434843));
#358 = CARTESIAN_POINT('',(-6.260669582827,16.857438598574,
    13.346730434829));
#359 = CARTESIAN_POINT('',(-6.260669582827,14.404927027033,
    13.346730434829));
#360 = CARTESIAN_POINT('',(-6.260669582841,16.857438598574,
    12.346730434815));
#361 = CARTESIAN_POINT('',(-6.260669582841,14.404927027033,
    12.346730434815));
#362 = CARTESIAN_POINT('',(-5.260669582827,16.857438598574,
    12.346730434815));
#363 = CARTESIAN_POINT('',(-5.260669582827,14.404927027033,
    12.346730434815));
#364 = DEFINITIONAL_REPRESENTATION('',(#365),#369);
#365 = B_SPLINE_CURVE_WITH_KNOTS('',2,(#366,#367,#368),.UNSPECIFIED.,.F.
  ,.F.,(3,3),(0.2,2.243759642949),.PIECEWISE_BEZIER_KNOTS.);
#366 = CARTESIAN_POINT('',(3.141592653593,0.2));
#367 = CARTESIAN_POINT('',(3.141592653593,1.221879821475));
#368 = CARTESIAN_POINT('',(3.141592653593,2.243759642949));
#369 = ( GEOMETRIC_REPRESENTATION_CONTEXT(2) 
PARAMETRIC_REPRESENTATION_CONTEXT() REPRESENTATION_CONTEXT('2D SPACE',''
  ) );
#370 = ORIENTED_EDGE('',*,*,#371,.T.);
#371 = EDGE_CURVE('',#339,#372,#374,.T.);
#372 = VERTEX_POINT('',#373);
#373 = CARTESIAN_POINT('',(-4.393751404684,15.657438598574,
    12.84827996345));
#374 = SURFACE_CURVE('',#375,(#390,#419),.PCURVE_S1.);
#375 = B_SPLINE_CURVE_WITH_KNOTS('',3,(#376,#377,#378,#379,#380,#381,
    #382,#383,#384,#385,#386,#387,#388,#389),.UNSPECIFIED.,.F.,.F.,(4,2,
    2,2,2,2,4),(2.345093336706E-03,2.637123419442E-03,2.929153502178E-03
    ,3.51321366765E-03,4.097273833123E-03,4.389303915859E-03,
    4.681333998595E-03),.UNSPECIFIED.);
#376 = CARTESIAN_POINT('',(-5.260669582799,14.404927027034,
    14.346730434815));
#377 = CARTESIAN_POINT('',(-5.161804871458,14.404927027037,
    14.346730434812));
#378 = CARTESIAN_POINT('',(-5.063739699487,14.419056151674,
    14.331925111359));
#379 = CARTESIAN_POINT('',(-4.878245811393,14.472140913657,
    14.275784786662));
#380 = CARTESIAN_POINT('',(-4.793209950784,14.510099620304,
    14.235479594907));
#381 = CARTESIAN_POINT('',(-4.562644022991,14.649033756529,
    14.085874958187));
#382 = CARTESIAN_POINT('',(-4.448324402754,14.77012076784,
    13.953014707565));
#383 = CARTESIAN_POINT('',(-4.29613447583,15.026943839691,
    13.658431154001));
#384 = CARTESIAN_POINT('',(-4.258340484016,15.162840069853,
    13.496492739108));
#385 = CARTESIAN_POINT('',(-4.261998803924,15.359054126978,
    13.249623442832));
#386 = CARTESIAN_POINT('',(-4.273212834368,15.422244675976,
    13.167941144596));
#387 = CARTESIAN_POINT('',(-4.316797455136,15.544074192844,
    13.005934532636));
#388 = CARTESIAN_POINT('',(-4.349611894627,15.603077590276,
    12.925048561014));
#389 = CARTESIAN_POINT('',(-4.393751404684,15.657438598574,
    12.84827996345));
#390 = PCURVE('',#294,#391);
#391 = DEFINITIONAL_REPRESENTATION('',(#392),#418);
#392 = B_SPLINE_CURVE_WITH_KNOTS('',6,(#393,#394,#395,#396,#397,#398,
    #399,#400,#401,#402,#403,#404,#405,#406,#407,#408,#409,#410,#411,
    #412,#413,#414,#415,#416,#417),.UNSPECIFIED.,.F.,.F.,(7,6,6,6,7),(
    2.345093336706E-03,2.929153502178E-03,3.805243750387E-03,
    4.243288874491E-03,4.681333998595E-03),.UNSPECIFIED.);
#393 = CARTESIAN_POINT('',(3.141592653558,2.243759642949));
#394 = CARTESIAN_POINT('',(3.031715692733,2.24368388437));
#395 = CARTESIAN_POINT('',(2.928504659365,2.23463274701));
#396 = CARTESIAN_POINT('',(2.828218022883,2.215825205981));
#397 = CARTESIAN_POINT('',(2.732875727184,2.188979431667));
#398 = CARTESIAN_POINT('',(2.643916471424,2.156142982813));
#399 = CARTESIAN_POINT('',(2.555854990817,2.117522999607));
#400 = CARTESIAN_POINT('',(2.42431566326,2.059750038254));
#401 = CARTESIAN_POINT('',(2.300843049955,1.990902181347));
#402 = CARTESIAN_POINT('',(2.181393732966,1.914657427293));
#403 = CARTESIAN_POINT('',(2.062559633406,1.834041596434));
#404 = CARTESIAN_POINT('',(1.941568011443,1.751428331037));
#405 = CARTESIAN_POINT('',(1.816281466298,1.668539095304));
#406 = CARTESIAN_POINT('',(1.753775641689,1.627074969471));
#407 = CARTESIAN_POINT('',(1.688027042742,1.585331369495));
#408 = CARTESIAN_POINT('',(1.627985616934,1.54426890822));
#409 = CARTESIAN_POINT('',(1.55062851087,1.502446701939));
#410 = CARTESIAN_POINT('',(1.486853730236,1.462293916706));
#411 = CARTESIAN_POINT('',(1.42131050753,1.422792031672));
#412 = CARTESIAN_POINT('',(1.356327581202,1.383450078361));
#413 = CARTESIAN_POINT('',(1.292105371886,1.344652490838));
#414 = CARTESIAN_POINT('',(1.228340293056,1.306653979172));
#415 = CARTESIAN_POINT('',(1.164728758187,1.269709253432));
#416 = CARTESIAN_POINT('',(1.100967180754,1.234073023685));
#417 = CARTESIAN_POINT('',(1.036751974231,1.2));
#418 = ( GEOMETRIC_REPRESENTATION_CONTEXT(2) 
PARAMETRIC_REPRESENTATION_CONTEXT() REPRESENTATION_CONTEXT('2D SPACE',''
  ) );
#419 = PCURVE('',#420,#427);
#420 = B_SPLINE_SURFACE_WITH_KNOTS('',2,1,(
    (#421,#422)
    ,(#423,#424)
    ,(#425,#426
    )),.UNSPECIFIED.,.F.,.F.,.F.,(3,3),(2,2),(0.500820705123,
    0.502013311782),(0.,1.),.PIECEWISE_BEZIER_KNOTS.);
#421 = CARTESIAN_POINT('',(-10.16066958282,15.657438598596,
    12.848279963419));
#422 = CARTESIAN_POINT('',(-0.360669582827,15.657438598596,
    12.848279963419));
#423 = CARTESIAN_POINT('',(-10.16066958282,13.49281707449,
    15.905157748941));
#424 = CARTESIAN_POINT('',(-0.360669582827,13.49281707449,
    15.905157748941));
#425 = CARTESIAN_POINT('',(-10.16066958282,6.837438567517,
    20.324120427035));
#426 = CARTESIAN_POINT('',(-0.360669582827,6.837438567517,
    20.324120427035));
#427 = DEFINITIONAL_REPRESENTATION('',(#428),#438);
#428 = B_SPLINE_CURVE_WITH_KNOTS('',8,(#429,#430,#431,#432,#433,#434,
    #435,#436,#437),.UNSPECIFIED.,.F.,.F.,(9,9),(2.345093336706E-03,
    4.681333998595E-03),.PIECEWISE_BEZIER_KNOTS.);
#429 = CARTESIAN_POINT('',(0.501098582333,0.500000000003));
#430 = CARTESIAN_POINT('',(0.501098451313,0.530167572889));
#431 = CARTESIAN_POINT('',(0.501081818663,0.560698046365));
#432 = CARTESIAN_POINT('',(0.50104201688,0.58369556889));
#433 = CARTESIAN_POINT('',(0.501010562715,0.595935689256));
#434 = CARTESIAN_POINT('',(0.500959470421,0.606480346582));
#435 = CARTESIAN_POINT('',(0.500914704893,0.607089800631));
#436 = CARTESIAN_POINT('',(0.5008657853,0.602043768958));
#437 = CARTESIAN_POINT('',(0.500820705123,0.588461038586));
#438 = ( GEOMETRIC_REPRESENTATION_CONTEXT(2) 
PARAMETRIC_REPRESENTATION_CONTEXT() REPRESENTATION_CONTEXT('2D SPACE',''
  ) );
#439 = ORIENTED_EDGE('',*,*,#440,.F.);
#440 = EDGE_CURVE('',#441,#372,#443,.T.);
#441 = VERTEX_POINT('',#442);
#442 = CARTESIAN_POINT('',(-5.260669582827,15.657438598574,
    12.346730434815));
#443 = SURFACE_CURVE('',#444,(#448,#457),.PCURVE_S1.);
#444 = ( BOUNDED_CURVE() B_SPLINE_CURVE(2,(#445,#446,#447),
.UNSPECIFIED.,.F.,.F.) B_SPLINE_CURVE_WITH_KNOTS((3,3),(0.,
1.048985870491),.PIECEWISE_BEZIER_KNOTS.) CURVE() 
GEOMETRIC_REPRESENTATION_ITEM() RATIONAL_B_SPLINE_CURVE((1.,
0.865577977817,1.)) REPRESENTATION_ITEM('') );
#445 = CARTESIAN_POINT('',(-5.260669582827,15.657438598574,
    12.346730434815));
#446 = CARTESIAN_POINT('',(-4.682126484667,15.657438598574,
    12.346730434815));
#447 = CARTESIAN_POINT('',(-4.393751404684,15.657438598574,
    12.84827996345));
#448 = PCURVE('',#294,#449);
#449 = DEFINITIONAL_REPRESENTATION('',(#450),#456);
#450 = B_SPLINE_CURVE_WITH_KNOTS('',4,(#451,#452,#453,#454,#455),
  .UNSPECIFIED.,.F.,.F.,(5,5),(0.,1.048985870491),
  .PIECEWISE_BEZIER_KNOTS.);
#451 = CARTESIAN_POINT('',(-8.175367362427E-16,1.2));
#452 = CARTESIAN_POINT('',(0.278109645831,1.2));
#453 = CARTESIAN_POINT('',(0.542686766784,1.2));
#454 = CARTESIAN_POINT('',(0.795199139156,1.2));
#455 = CARTESIAN_POINT('',(1.036751974454,1.2));
#456 = ( GEOMETRIC_REPRESENTATION_CONTEXT(2) 
PARAMETRIC_REPRESENTATION_CONTEXT() REPRESENTATION_CONTEXT('2D SPACE',''
  ) );
#457 = PCURVE('',#458,#463);
#458 = B_SPLINE_SURFACE_WITH_KNOTS('',1,1,(
    (#459,#460)
    ,(#461,#462
    )),.UNSPECIFIED.,.F.,.F.,.F.,(2,2),(2,2),(-11.8,2.),(-0.438411445571
    ,5.28639131006),.PIECEWISE_BEZIER_KNOTS.);
#459 = CARTESIAN_POINT('',(1.639330417173,15.657438598576,7.123477207818
    ));
#460 = CARTESIAN_POINT('',(1.639330417173,15.657438598552,12.84827996345
    ));
#461 = CARTESIAN_POINT('',(-12.16066958282,15.657438598576,
    7.123477207818));
#462 = CARTESIAN_POINT('',(-12.16066958282,15.657438598552,
    12.84827996345));
#463 = DEFINITIONAL_REPRESENTATION('',(#464),#468);
#464 = ( BOUNDED_CURVE() B_SPLINE_CURVE(2,(#465,#466,#467),
.UNSPECIFIED.,.F.,.F.) B_SPLINE_CURVE_WITH_KNOTS((3,3),(0.,
1.048985870491),.PIECEWISE_BEZIER_KNOTS.) CURVE() 
GEOMETRIC_REPRESENTATION_ITEM() RATIONAL_B_SPLINE_CURVE((1.,
0.865577977817,1.)) REPRESENTATION_ITEM('') );
#465 = CARTESIAN_POINT('',(-4.9,4.784841781425));
#466 = CARTESIAN_POINT('',(-5.47854309816,4.784841781425));
#467 = CARTESIAN_POINT('',(-5.766918178144,5.28639131006));
#468 = ( GEOMETRIC_REPRESENTATION_CONTEXT(2) 
PARAMETRIC_REPRESENTATION_CONTEXT() REPRESENTATION_CONTEXT('2D SPACE',''
  ) );
#469 = ORIENTED_EDGE('',*,*,#470,.F.);
#470 = EDGE_CURVE('',#275,#441,#471,.T.);
#471 = SURFACE_CURVE('',#472,(#475,#482),.PCURVE_S1.);
#472 = B_SPLINE_CURVE_WITH_KNOTS('',1,(#473,#474),.UNSPECIFIED.,.F.,.F.,
  (2,2),(0.2,1.2),.PIECEWISE_BEZIER_KNOTS.);
#473 = CARTESIAN_POINT('',(-5.260669582827,16.857438598574,
    12.346730434815));
#474 = CARTESIAN_POINT('',(-5.260669582827,15.657438598574,
    12.346730434815));
#475 = PCURVE('',#294,#476);
#476 = DEFINITIONAL_REPRESENTATION('',(#477),#481);
#477 = B_SPLINE_CURVE_WITH_KNOTS('',2,(#478,#479,#480),.UNSPECIFIED.,.F.
  ,.F.,(3,3),(0.2,1.2),.PIECEWISE_BEZIER_KNOTS.);
#478 = CARTESIAN_POINT('',(0.,0.2));
#479 = CARTESIAN_POINT('',(-3.963839122799E-16,0.7));
#480 = CARTESIAN_POINT('',(-8.175367362427E-16,1.2));
#481 = ( GEOMETRIC_REPRESENTATION_CONTEXT(2) 
PARAMETRIC_REPRESENTATION_CONTEXT() REPRESENTATION_CONTEXT('2D SPACE',''
  ) );
#482 = PCURVE('',#353,#483);
#483 = DEFINITIONAL_REPRESENTATION('',(#484),#488);
#484 = B_SPLINE_CURVE_WITH_KNOTS('',2,(#485,#486,#487),.UNSPECIFIED.,.F.
  ,.F.,(3,3),(0.2,1.2),.PIECEWISE_BEZIER_KNOTS.);
#485 = CARTESIAN_POINT('',(6.28318530718,0.2));
#486 = CARTESIAN_POINT('',(6.28318530718,0.7));
#487 = CARTESIAN_POINT('',(6.28318530718,1.2));
#488 = ( GEOMETRIC_REPRESENTATION_CONTEXT(2) 
PARAMETRIC_REPRESENTATION_CONTEXT() REPRESENTATION_CONTEXT('2D SPACE',''
  ) );
#489 = ADVANCED_FACE('',(#490),#151,.T.);
#490 = FACE_BOUND('',#491,.T.);
#491 = EDGE_LOOP('',(#492,#493,#526,#575,#630));
#492 = ORIENTED_EDGE('',*,*,#131,.T.);
#493 = ORIENTED_EDGE('',*,*,#494,.T.);
#494 = EDGE_CURVE('',#99,#495,#497,.T.);
#495 = VERTEX_POINT('',#496);
#496 = CARTESIAN_POINT('',(-5.260669582827,15.339568382102,
    6.846730434815));
#497 = SURFACE_CURVE('',#498,(#501,#508),.PCURVE_S1.);
#498 = B_SPLINE_CURVE_WITH_KNOTS('',1,(#499,#500),.UNSPECIFIED.,.F.,.F.,
  (2,2),(0.2,1.46489184706),.PIECEWISE_BEZIER_KNOTS.);
#499 = CARTESIAN_POINT('',(-5.260669582827,16.857438598574,
    6.846730434815));
#500 = CARTESIAN_POINT('',(-5.260669582827,15.339568382102,
    6.846730434815));
#501 = PCURVE('',#151,#502);
#502 = DEFINITIONAL_REPRESENTATION('',(#503),#507);
#503 = B_SPLINE_CURVE_WITH_KNOTS('',2,(#504,#505,#506),.UNSPECIFIED.,.F.
  ,.F.,(3,3),(0.2,1.46489184706),.PIECEWISE_BEZIER_KNOTS.);
#504 = CARTESIAN_POINT('',(3.14159265359,0.2));
#505 = CARTESIAN_POINT('',(3.14159265359,0.83244592353));
#506 = CARTESIAN_POINT('',(3.14159265359,1.46489184706));
#507 = ( GEOMETRIC_REPRESENTATION_CONTEXT(2) 
PARAMETRIC_REPRESENTATION_CONTEXT() REPRESENTATION_CONTEXT('2D SPACE',''
  ) );
#508 = PCURVE('',#509,#520);
#509 = ( BOUNDED_SURFACE() B_SPLINE_SURFACE(2,1,(
    (#510,#511)
    ,(#512,#513)
    ,(#514,#515)
    ,(#516,#517)
,(#518,#519
    )),.UNSPECIFIED.,.F.,.F.,.F.) B_SPLINE_SURFACE_WITH_KNOTS((3,2,3),(2
    ,2),(3.14159265359,4.712388980385,6.28318530718),(0.2,4.29192212938)
,.PIECEWISE_BEZIER_KNOTS.) GEOMETRIC_REPRESENTATION_ITEM() 
RATIONAL_B_SPLINE_SURFACE((
    (1.,1.)
    ,(0.707106781187,0.707106781187)
    ,(1.,1.)
    ,(0.707106781187,0.707106781187)
,(1.,1.))) REPRESENTATION_ITEM('') SURFACE() );
#510 = CARTESIAN_POINT('',(-5.260669582827,16.857438598574,
    6.846730434815));
#511 = CARTESIAN_POINT('',(-5.260669582827,11.947132043318,
    6.846730434815));
#512 = CARTESIAN_POINT('',(-6.260669582827,16.857438598574,
    6.846730434815));
#513 = CARTESIAN_POINT('',(-6.260669582827,11.947132043318,
    6.846730434815));
#514 = CARTESIAN_POINT('',(-6.260669582827,16.857438598574,
    5.846730434815));
#515 = CARTESIAN_POINT('',(-6.260669582827,11.947132043318,
    5.846730434815));
#516 = CARTESIAN_POINT('',(-6.260669582827,16.857438598574,
    4.846730434815));
#517 = CARTESIAN_POINT('',(-6.260669582827,11.947132043318,
    4.846730434815));
#518 = CARTESIAN_POINT('',(-5.260669582827,16.857438598574,
    4.846730434815));
#519 = CARTESIAN_POINT('',(-5.260669582827,11.947132043318,
    4.846730434815));
#520 = DEFINITIONAL_REPRESENTATION('',(#521),#525);
#521 = B_SPLINE_CURVE_WITH_KNOTS('',2,(#522,#523,#524),.UNSPECIFIED.,.F.
  ,.F.,(3,3),(0.2,1.46489184706),.PIECEWISE_BEZIER_KNOTS.);
#522 = CARTESIAN_POINT('',(3.14159265359,0.2));
#523 = CARTESIAN_POINT('',(3.14159265359,0.83244592353));
#524 = CARTESIAN_POINT('',(3.14159265359,1.46489184706));
#525 = ( GEOMETRIC_REPRESENTATION_CONTEXT(2) 
PARAMETRIC_REPRESENTATION_CONTEXT() REPRESENTATION_CONTEXT('2D SPACE',''
  ) );
#526 = ORIENTED_EDGE('',*,*,#527,.T.);
#527 = EDGE_CURVE('',#495,#528,#530,.T.);
#528 = VERTEX_POINT('',#529);
#529 = CARTESIAN_POINT('',(-4.277692916104,13.575111710941,
    5.662999999999));
#530 = SURFACE_CURVE('',#531,(#542,#557),.PCURVE_S1.);
#531 = B_SPLINE_CURVE_WITH_KNOTS('',3,(#532,#533,#534,#535,#536,#537,
    #538,#539,#540,#541),.UNSPECIFIED.,.F.,.F.,(4,2,2,2,4),(
    1.734723475977E-18,5.936862006893E-04,1.187372401379E-03,
    1.781058602068E-03,2.374744802757E-03),.UNSPECIFIED.);
#532 = CARTESIAN_POINT('',(-5.260669582827,15.339568382102,
    6.846730434815));
#533 = CARTESIAN_POINT('',(-5.05936922051,15.339568382102,6.846730434815
    ));
#534 = CARTESIAN_POINT('',(-4.868150291045,15.262783701928,
    6.782472300014));
#535 = CARTESIAN_POINT('',(-4.57763717546,15.025038501263,6.597164284794
    ));
#536 = CARTESIAN_POINT('',(-4.474497428595,14.867665910173,
    6.479905214083));
#537 = CARTESIAN_POINT('',(-4.332580529627,14.52837698722,6.243753943591
    ));
#538 = CARTESIAN_POINT('',(-4.291965376803,14.342632103431,
    6.121757739979));
#539 = CARTESIAN_POINT('',(-4.254520281314,13.96614085724,5.887857559918
    ));
#540 = CARTESIAN_POINT('',(-4.257167878703,13.770663808975,
    5.772811054817));
#541 = CARTESIAN_POINT('',(-4.277692916104,13.575111710941,
    5.662999999999));
#542 = PCURVE('',#151,#543);
#543 = DEFINITIONAL_REPRESENTATION('',(#544),#556);
#544 = B_SPLINE_CURVE_WITH_KNOTS('',5,(#545,#546,#547,#548,#549,#550,
    #551,#552,#553,#554,#555),.UNSPECIFIED.,.F.,.F.,(6,5,6),(
    1.734723475977E-18,1.187372401379E-03,2.374744802757E-03),
  .PIECEWISE_BEZIER_KNOTS.);
#545 = CARTESIAN_POINT('',(3.14159265359,1.46489184706));
#546 = CARTESIAN_POINT('',(2.874542103249,1.464249528458));
#547 = CARTESIAN_POINT('',(2.645831015598,1.543053472924));
#548 = CARTESIAN_POINT('',(2.452172816515,1.672541956403));
#549 = CARTESIAN_POINT('',(2.283596960014,1.830150984317));
#550 = CARTESIAN_POINT('',(2.123448928253,1.999514291564));
#551 = CARTESIAN_POINT('',(1.964220330476,2.168726328488));
#552 = CARTESIAN_POINT('',(1.814559705647,2.357205473322));
#553 = CARTESIAN_POINT('',(1.672757057799,2.543025719384));
#554 = CARTESIAN_POINT('',(1.509222431785,2.739873976296));
#555 = CARTESIAN_POINT('',(1.372578504741,2.935272406361));
#556 = ( GEOMETRIC_REPRESENTATION_CONTEXT(2) 
PARAMETRIC_REPRESENTATION_CONTEXT() REPRESENTATION_CONTEXT('2D SPACE',''
  ) );
#557 = PCURVE('',#558,#565);
#558 = B_SPLINE_SURFACE_WITH_KNOTS('',2,1,(
    (#559,#560)
    ,(#561,#562)
    ,(#563,#564
    )),.UNSPECIFIED.,.F.,.F.,.F.,(3,3),(2,2),(0.498812074629,
    0.499412845464),(0.,1.),.PIECEWISE_BEZIER_KNOTS.);
#559 = CARTESIAN_POINT('',(-10.16066958282,11.815362809108,
    4.787649329981));
#560 = CARTESIAN_POINT('',(-0.360669582827,11.815362809108,
    4.787649329981));
#561 = CARTESIAN_POINT('',(-10.16066958282,14.340448340154,
    5.911523835233));
#562 = CARTESIAN_POINT('',(-0.360669582827,14.340448340154,
    5.911523835233));
#563 = CARTESIAN_POINT('',(-10.16066958282,15.657438598484,
    7.123477207836));
#564 = CARTESIAN_POINT('',(-0.360669582827,15.657438598484,
    7.123477207836));
#565 = DEFINITIONAL_REPRESENTATION('',(#566),#574);
#566 = B_SPLINE_CURVE_WITH_KNOTS('',6,(#567,#568,#569,#570,#571,#572,
    #573),.UNSPECIFIED.,.F.,.F.,(7,7),(1.734723475977E-18,
    2.374744802757E-03),.PIECEWISE_BEZIER_KNOTS.);
#567 = CARTESIAN_POINT('',(0.499343966181,0.5));
#568 = CARTESIAN_POINT('',(0.499344360785,0.540746610777));
#569 = CARTESIAN_POINT('',(0.499291109461,0.581645616315));
#570 = CARTESIAN_POINT('',(0.499217882047,0.59262052497));
#571 = CARTESIAN_POINT('',(0.499161681505,0.603350942696));
#572 = CARTESIAN_POINT('',(0.499099336297,0.604416161138));
#573 = CARTESIAN_POINT('',(0.499042570134,0.600303741502));
#574 = ( GEOMETRIC_REPRESENTATION_CONTEXT(2) 
PARAMETRIC_REPRESENTATION_CONTEXT() REPRESENTATION_CONTEXT('2D SPACE',''
  ) );
#575 = ORIENTED_EDGE('',*,*,#576,.F.);
#576 = EDGE_CURVE('',#577,#528,#579,.T.);
#577 = VERTEX_POINT('',#578);
#578 = CARTESIAN_POINT('',(-5.260669582827,11.947134984888,
    4.846730434815));
#579 = SURFACE_CURVE('',#580,(#593,#610),.PCURVE_S1.);
#580 = B_SPLINE_CURVE_WITH_KNOTS('',3,(#581,#582,#583,#584,#585,#586,
    #587,#588,#589,#590,#591,#592),.UNSPECIFIED.,.F.,.F.,(4,2,2,2,2,4),(
    1.981184609177E-03,2.228214850484E-03,2.475245091792E-03,
    2.969305574408E-03,3.463366057024E-03,3.957426539639E-03),
  .UNSPECIFIED.);
#581 = CARTESIAN_POINT('',(-5.260669582827,11.947134984888,
    4.846730434815));
#582 = CARTESIAN_POINT('',(-5.177247887396,11.947134984888,
    4.846730434815));
#583 = CARTESIAN_POINT('',(-5.093784130926,11.971584470527,
    4.857745527963));
#584 = CARTESIAN_POINT('',(-4.944186982396,12.053467159355,
    4.895005336028));
#585 = CARTESIAN_POINT('',(-4.878147313457,12.109083399519,
    4.920451405625));
#586 = CARTESIAN_POINT('',(-4.701301736039,12.29680517879,5.007461635265
    ));
#587 = CARTESIAN_POINT('',(-4.612274917829,12.446326517646,
    5.078133337999));
#588 = CARTESIAN_POINT('',(-4.466005561992,12.758268798834,5.23055981492
    ));
#589 = CARTESIAN_POINT('',(-4.410416022151,12.919946803345,5.31187347249
    ));
#590 = CARTESIAN_POINT('',(-4.324995505707,13.245011494641,
    5.481330504606));
#591 = CARTESIAN_POINT('',(-4.295086145664,13.409397878705,
    5.569944436784));
#592 = CARTESIAN_POINT('',(-4.277692916104,13.575111710941,
    5.662999999999));
#593 = PCURVE('',#151,#594);
#594 = DEFINITIONAL_REPRESENTATION('',(#595),#609);
#595 = B_SPLINE_CURVE_WITH_KNOTS('',6,(#596,#597,#598,#599,#600,#601,
    #602,#603,#604,#605,#606,#607,#608),.UNSPECIFIED.,.F.,.F.,(7,6,7),(
    1.981184609177E-03,2.969305574408E-03,3.957426539639E-03),
  .PIECEWISE_BEZIER_KNOTS.);
#596 = CARTESIAN_POINT('',(1.066673109913E-13,4.291919678072));
#597 = CARTESIAN_POINT('',(0.184654480129,4.291886458429));
#598 = CARTESIAN_POINT('',(0.360771195259,4.227975693929));
#599 = CARTESIAN_POINT('',(0.480347457326,4.109302882535));
#600 = CARTESIAN_POINT('',(0.601182530584,4.004184824852));
#601 = CARTESIAN_POINT('',(0.704510792822,3.875544893149));
#602 = CARTESIAN_POINT('',(0.804938767014,3.745950783611));
#603 = CARTESIAN_POINT('',(0.904941397116,3.615410974718));
#604 = CARTESIAN_POINT('',(0.999107184921,3.482262963688));
#605 = CARTESIAN_POINT('',(1.090194960006,3.34709092593));
#606 = CARTESIAN_POINT('',(1.180963551952,3.210479036851));
#607 = CARTESIAN_POINT('',(1.274171790337,3.073011471859));
#608 = CARTESIAN_POINT('',(1.372578504741,2.935272406361));
#609 = ( GEOMETRIC_REPRESENTATION_CONTEXT(2) 
PARAMETRIC_REPRESENTATION_CONTEXT() REPRESENTATION_CONTEXT('2D SPACE',''
  ) );
#610 = PCURVE('',#611,#618);
#611 = B_SPLINE_SURFACE_WITH_KNOTS('',2,1,(
    (#612,#613)
    ,(#614,#615)
    ,(#616,#617
    )),.UNSPECIFIED.,.F.,.F.,.F.,(3,3),(2,2),(0.499182349958,
    0.499412845464),(0.,1.),.PIECEWISE_BEZIER_KNOTS.);
#612 = CARTESIAN_POINT('',(-7.710669582827,13.575111715151,
    5.663000002852));
#613 = CARTESIAN_POINT('',(-2.810669582827,13.575111715151,
    5.663000002852));
#614 = CARTESIAN_POINT('',(-7.710669582827,12.784152957511,
    5.218842070674));
#615 = CARTESIAN_POINT('',(-2.810669582827,12.784152957511,
    5.218842070674));
#616 = CARTESIAN_POINT('',(-7.710669582827,11.815362808521,
    4.787649330931));
#617 = CARTESIAN_POINT('',(-2.810669582827,11.815362808521,
    4.787649330931));
#618 = DEFINITIONAL_REPRESENTATION('',(#619),#629);
#619 = B_SPLINE_CURVE_WITH_KNOTS('',8,(#620,#621,#622,#623,#624,#625,
    #626,#627,#628),.UNSPECIFIED.,.F.,.F.,(9,9),(1.981184609177E-03,
    3.957426539639E-03),.PIECEWISE_BEZIER_KNOTS.);
#620 = CARTESIAN_POINT('',(0.499397070695,0.5));
#621 = CARTESIAN_POINT('',(0.499397218429,0.550832183393));
#622 = CARTESIAN_POINT('',(0.499376292187,0.605225008168));
#623 = CARTESIAN_POINT('',(0.499343443036,0.622775583353));
#624 = CARTESIAN_POINT('',(0.499322152747,0.656803248341));
#625 = CARTESIAN_POINT('',(0.499282577683,0.670198322656));
#626 = CARTESIAN_POINT('',(0.499254041984,0.685790545162));
#627 = CARTESIAN_POINT('',(0.499218422956,0.695266370815));
#628 = CARTESIAN_POINT('',(0.499182349959,0.700607483005));
#629 = ( GEOMETRIC_REPRESENTATION_CONTEXT(2) 
PARAMETRIC_REPRESENTATION_CONTEXT() REPRESENTATION_CONTEXT('2D SPACE',''
  ) );
#630 = ORIENTED_EDGE('',*,*,#631,.F.);
#631 = EDGE_CURVE('',#132,#577,#632,.T.);
#632 = SURFACE_CURVE('',#633,(#636,#643),.PCURVE_S1.);
#633 = B_SPLINE_CURVE_WITH_KNOTS('',1,(#634,#635),.UNSPECIFIED.,.F.,.F.,
  (2,2),(0.2,4.291919678072),.PIECEWISE_BEZIER_KNOTS.);
#634 = CARTESIAN_POINT('',(-5.260669582827,16.857438598574,
    4.846730434815));
#635 = CARTESIAN_POINT('',(-5.260669582827,11.947134984888,
    4.846730434815));
#636 = PCURVE('',#151,#637);
#637 = DEFINITIONAL_REPRESENTATION('',(#638),#642);
#638 = B_SPLINE_CURVE_WITH_KNOTS('',2,(#639,#640,#641),.UNSPECIFIED.,.F.
  ,.F.,(3,3),(0.2,4.291919678072),.PIECEWISE_BEZIER_KNOTS.);
#639 = CARTESIAN_POINT('',(0.,0.2));
#640 = CARTESIAN_POINT('',(2.430186670588E-16,2.245959839036));
#641 = CARTESIAN_POINT('',(1.233468242898E-16,4.291919678072));
#642 = ( GEOMETRIC_REPRESENTATION_CONTEXT(2) 
PARAMETRIC_REPRESENTATION_CONTEXT() REPRESENTATION_CONTEXT('2D SPACE',''
  ) );
#643 = PCURVE('',#509,#644);
#644 = DEFINITIONAL_REPRESENTATION('',(#645),#649);
#645 = B_SPLINE_CURVE_WITH_KNOTS('',2,(#646,#647,#648),.UNSPECIFIED.,.F.
  ,.F.,(3,3),(0.2,4.291919678072),.PIECEWISE_BEZIER_KNOTS.);
#646 = CARTESIAN_POINT('',(6.28318530718,0.2));
#647 = CARTESIAN_POINT('',(6.28318530718,2.245959839036));
#648 = CARTESIAN_POINT('',(6.28318530718,4.291919678072));
#649 = ( GEOMETRIC_REPRESENTATION_CONTEXT(2) 
PARAMETRIC_REPRESENTATION_CONTEXT() REPRESENTATION_CONTEXT('2D SPACE',''
  ) );
#650 = ADVANCED_FACE('',(#651),#665,.T.);
#651 = FACE_BOUND('',#652,.T.);
#652 = EDGE_LOOP('',(#653,#683,#711,#810,#835,#920,#941,#964,#989,#1014,
    #1039,#1069));
#653 = ORIENTED_EDGE('',*,*,#654,.T.);
#654 = EDGE_CURVE('',#655,#657,#659,.T.);
#655 = VERTEX_POINT('',#656);
#656 = CARTESIAN_POINT('',(-0.360669582827,11.815362808521,
    4.787649330931));
#657 = VERTEX_POINT('',#658);
#658 = CARTESIAN_POINT('',(-0.360669582827,15.657438598464,
    7.123477207818));
#659 = SURFACE_CURVE('',#660,(#664,#676),.PCURVE_S1.);
#660 = B_SPLINE_CURVE_WITH_KNOTS('',2,(#661,#662,#663),.UNSPECIFIED.,.F.
  ,.F.,(3,3),(0.498812074629,0.499412845464),.PIECEWISE_BEZIER_KNOTS.);
#661 = CARTESIAN_POINT('',(-0.360669582827,11.815362808521,
    4.787649330931));
#662 = CARTESIAN_POINT('',(-0.360669582827,14.340448340137,
    5.911523835228));
#663 = CARTESIAN_POINT('',(-0.360669582827,15.657438598464,
    7.123477207818));
#664 = PCURVE('',#665,#670);
#665 = B_SPLINE_SURFACE_WITH_KNOTS('',1,1,(
    (#666,#667)
    ,(#668,#669
    )),.UNSPECIFIED.,.F.,.F.,.F.,(2,2),(2,2),(-4.935350669069,
    12.731885607016),(-1.377818056976,22.013228088684),
  .PIECEWISE_BEZIER_KNOTS.);
#666 = CARTESIAN_POINT('',(-0.360669582827,15.657438598574,
    4.787649330931));
#667 = CARTESIAN_POINT('',(-0.360669582827,-12.41181677621,
    4.787649330931));
#668 = CARTESIAN_POINT('',(-0.360669582827,15.657438598574,
    22.454885607016));
#669 = CARTESIAN_POINT('',(-0.360669582827,-12.41181677621,
    22.454885607016));
#670 = DEFINITIONAL_REPRESENTATION('',(#671),#675);
#671 = B_SPLINE_CURVE_WITH_KNOTS('',2,(#672,#673,#674),.UNSPECIFIED.,.F.
  ,.F.,(3,3),(0.498812074629,0.499412845464),.PIECEWISE_BEZIER_KNOTS.);
#672 = CARTESIAN_POINT('',(-4.935350669069,1.823911768068));
#673 = CARTESIAN_POINT('',(-3.811476164772,-0.280326174945));
#674 = CARTESIAN_POINT('',(-2.599522792182,-1.377818056884));
#675 = ( GEOMETRIC_REPRESENTATION_CONTEXT(2) 
PARAMETRIC_REPRESENTATION_CONTEXT() REPRESENTATION_CONTEXT('2D SPACE',''
  ) );
#676 = PCURVE('',#558,#677);
#677 = DEFINITIONAL_REPRESENTATION('',(#678),#682);
#678 = B_SPLINE_CURVE_WITH_KNOTS('',2,(#679,#680,#681),.UNSPECIFIED.,.F.
  ,.F.,(3,3),(0.498812074629,0.499412845464),.PIECEWISE_BEZIER_KNOTS.);
#679 = CARTESIAN_POINT('',(0.498812074629,1.));
#680 = CARTESIAN_POINT('',(0.499112460047,1.));
#681 = CARTESIAN_POINT('',(0.499412845464,1.));
#682 = ( GEOMETRIC_REPRESENTATION_CONTEXT(2) 
PARAMETRIC_REPRESENTATION_CONTEXT() REPRESENTATION_CONTEXT('2D SPACE',''
  ) );
#683 = ORIENTED_EDGE('',*,*,#684,.F.);
#684 = EDGE_CURVE('',#685,#657,#687,.T.);
#685 = VERTEX_POINT('',#686);
#686 = CARTESIAN_POINT('',(-0.360669582827,13.857438598574,
    7.123477207818));
#687 = SURFACE_CURVE('',#688,(#691,#697),.PCURVE_S1.);
#688 = B_SPLINE_CURVE_WITH_KNOTS('',1,(#689,#690),.UNSPECIFIED.,.F.,.F.,
  (2,2),(1.5,2.999999999909),.PIECEWISE_BEZIER_KNOTS.);
#689 = CARTESIAN_POINT('',(-0.360669582827,13.857438598574,
    7.123477207818));
#690 = CARTESIAN_POINT('',(-0.360669582827,15.657438598464,
    7.123477207818));
#691 = PCURVE('',#665,#692);
#692 = DEFINITIONAL_REPRESENTATION('',(#693),#696);
#693 = B_SPLINE_CURVE_WITH_KNOTS('',1,(#694,#695),.UNSPECIFIED.,.F.,.F.,
  (2,2),(1.5,2.999999999909),.PIECEWISE_BEZIER_KNOTS.);
#694 = CARTESIAN_POINT('',(-2.599522792182,0.122181943025));
#695 = CARTESIAN_POINT('',(-2.599522792182,-1.377818056884));
#696 = ( GEOMETRIC_REPRESENTATION_CONTEXT(2) 
PARAMETRIC_REPRESENTATION_CONTEXT() REPRESENTATION_CONTEXT('2D SPACE',''
  ) );
#697 = PCURVE('',#698,#705);
#698 = ( BOUNDED_SURFACE() B_SPLINE_SURFACE(2,1,(
    (#699,#700)
    ,(#701,#702)
,(#703,#704
    )),.UNSPECIFIED.,.F.,.F.,.F.) B_SPLINE_SURFACE_WITH_KNOTS((3,3),(2,2
    ),(0.351071576304,2.790521077286),(1.5,3.),
.PIECEWISE_BEZIER_KNOTS.) GEOMETRIC_REPRESENTATION_ITEM() 
RATIONAL_B_SPLINE_SURFACE((
    (1.,1.)
    ,(0.343904219932,0.343904219932)
,(1.,1.))) REPRESENTATION_ITEM('') SURFACE() );
#699 = CARTESIAN_POINT('',(-0.360669582827,13.857438598574,
    12.84827996345));
#700 = CARTESIAN_POINT('',(-0.360669582827,15.657438598574,
    12.84827996345));
#701 = CARTESIAN_POINT('',(7.454903137964,13.857438598574,9.985878585634
    ));
#702 = CARTESIAN_POINT('',(7.454903137964,15.657438598574,9.985878585634
    ));
#703 = CARTESIAN_POINT('',(-0.360669582827,13.857438598574,
    7.123477207818));
#704 = CARTESIAN_POINT('',(-0.360669582827,15.657438598574,
    7.123477207818));
#705 = DEFINITIONAL_REPRESENTATION('',(#706),#710);
#706 = B_SPLINE_CURVE_WITH_KNOTS('',2,(#707,#708,#709),.UNSPECIFIED.,.F.
  ,.F.,(3,3),(1.5,2.999999999909),.PIECEWISE_BEZIER_KNOTS.);
#707 = CARTESIAN_POINT('',(2.790521077286,1.5));
#708 = CARTESIAN_POINT('',(2.790521077286,2.249999999954));
#709 = CARTESIAN_POINT('',(2.790521077286,2.999999999909));
#710 = ( GEOMETRIC_REPRESENTATION_CONTEXT(2) 
PARAMETRIC_REPRESENTATION_CONTEXT() REPRESENTATION_CONTEXT('2D SPACE',''
  ) );
#711 = ORIENTED_EDGE('',*,*,#712,.T.);
#712 = EDGE_CURVE('',#685,#713,#715,.T.);
#713 = VERTEX_POINT('',#714);
#714 = CARTESIAN_POINT('',(-0.360669582827,12.057438598574,
    8.846433364515));
#715 = SURFACE_CURVE('',#716,(#731,#749),.PCURVE_S1.);
#716 = B_SPLINE_CURVE_WITH_KNOTS('',3,(#717,#718,#719,#720,#721,#722,
    #723,#724,#725,#726,#727,#728,#729,#730),.UNSPECIFIED.,.F.,.F.,(4,2,
    2,2,2,2,4),(0.,3.174188710944E-04,6.348377421889E-04,
    1.269675484378E-03,1.587094355472E-03,1.904513226567E-03,
    2.539350968755E-03),.UNSPECIFIED.);
#717 = CARTESIAN_POINT('',(-0.360669582827,13.857438598574,
    7.123477207818));
#718 = CARTESIAN_POINT('',(-0.360669582827,13.728613644539,
    7.123477207818));
#719 = CARTESIAN_POINT('',(-0.360669582827,13.602286313183,
    7.135601071289));
#720 = CARTESIAN_POINT('',(-0.360669582827,13.354414150612,
    7.183063825545));
#721 = CARTESIAN_POINT('',(-0.360669582827,13.231809018948,
    7.219071658563));
#722 = CARTESIAN_POINT('',(-0.360669582827,12.888189418638,
    7.357504426931));
#723 = CARTESIAN_POINT('',(-0.360669582827,12.683369508436,
    7.493567105403));
#724 = CARTESIAN_POINT('',(-0.360669582827,12.440708538902,
    7.739116690631));
#725 = CARTESIAN_POINT('',(-0.360669582827,12.369121403906,7.82922315319
    ));
#726 = CARTESIAN_POINT('',(-0.360669582827,12.249965926253,
    8.016888788896));
#727 = CARTESIAN_POINT('',(-0.360669582827,12.201651810822,
    8.114962526381));
#728 = CARTESIAN_POINT('',(-0.360669582827,12.087979500135,8.42095736649
    ));
#729 = CARTESIAN_POINT('',(-0.360669582827,12.057438598574,
    8.632726616879));
#730 = CARTESIAN_POINT('',(-0.360669582827,12.057438598574,
    8.846433364515));
#731 = PCURVE('',#665,#732);
#732 = DEFINITIONAL_REPRESENTATION('',(#733),#748);
#733 = B_SPLINE_CURVE_WITH_KNOTS('',3,(#734,#735,#736,#737,#738,#739,
    #740,#741,#742,#743,#744,#745,#746,#747),.UNSPECIFIED.,.F.,.F.,(4,2,
    2,2,2,2,4),(0.,3.174188710944E-04,6.348377421889E-04,
    1.269675484378E-03,1.587094355472E-03,1.904513226567E-03,
    2.539350968755E-03),.UNSPECIFIED.);
#734 = CARTESIAN_POINT('',(-2.599522792182,0.122181943025));
#735 = CARTESIAN_POINT('',(-2.599522792182,0.229536071387));
#736 = CARTESIAN_POINT('',(-2.587398928711,0.334808847517));
#737 = CARTESIAN_POINT('',(-2.539936174455,0.541368982993));
#738 = CARTESIAN_POINT('',(-2.503928341437,0.643539926046));
#739 = CARTESIAN_POINT('',(-2.365495573069,0.929889592971));
#740 = CARTESIAN_POINT('',(-2.229432894597,1.100572851472));
#741 = CARTESIAN_POINT('',(-1.983883309369,1.302790326085));
#742 = CARTESIAN_POINT('',(-1.89377684681,1.362446271914));
#743 = CARTESIAN_POINT('',(-1.706111211104,1.461742503292));
#744 = CARTESIAN_POINT('',(-1.608037473619,1.502004266151));
#745 = CARTESIAN_POINT('',(-1.30204263351,1.596731191724));
#746 = CARTESIAN_POINT('',(-1.090273383121,1.622181943025));
#747 = CARTESIAN_POINT('',(-0.876566635485,1.622181943025));
#748 = ( GEOMETRIC_REPRESENTATION_CONTEXT(2) 
PARAMETRIC_REPRESENTATION_CONTEXT() REPRESENTATION_CONTEXT('2D SPACE',''
  ) );
#749 = PCURVE('',#750,#760);
#750 = ( BOUNDED_SURFACE() B_SPLINE_SURFACE(2,2,(
    (#751,#752,#753)
    ,(#754,#755,#756)
    ,(#757,#758,#759
)),.UNSPECIFIED.,.F.,.F.,.F.) B_SPLINE_SURFACE_WITH_KNOTS((3,3),(3,3),(
    0.351071576304,2.790521077286),(0.,1.570796326795),
.PIECEWISE_BEZIER_KNOTS.) GEOMETRIC_REPRESENTATION_ITEM() 
RATIONAL_B_SPLINE_SURFACE((
    (1.,0.707106781187,1.)
    ,(0.343904219932,0.243177005992,0.343904219932)
,(1.,0.707106781187,1.))) REPRESENTATION_ITEM('') SURFACE() );
#751 = CARTESIAN_POINT('',(-0.360669582827,13.857438598574,
    7.123477207818));
#752 = CARTESIAN_POINT('',(-0.360669582827,12.057438598574,
    7.123477207818));
#753 = CARTESIAN_POINT('',(-0.876525912725,12.057438598574,
    8.531984306453));
#754 = CARTESIAN_POINT('',(7.454903137964,13.857438598574,9.985878585634
    ));
#755 = CARTESIAN_POINT('',(7.454903137964,12.057438598574,9.985878585634
    ));
#756 = CARTESIAN_POINT('',(3.09322359737,12.057438598574,9.985878585634)
  );
#757 = CARTESIAN_POINT('',(-0.360669582827,13.857438598574,
    12.84827996345));
#758 = CARTESIAN_POINT('',(-0.360669582827,12.057438598574,
    12.84827996345));
#759 = CARTESIAN_POINT('',(-0.876525912725,12.057438598574,
    11.439772864815));
#760 = DEFINITIONAL_REPRESENTATION('',(#761),#809);
#761 = B_SPLINE_CURVE_WITH_KNOTS('',8,(#762,#763,#764,#765,#766,#767,
    #768,#769,#770,#771,#772,#773,#774,#775,#776,#777,#778,#779,#780,
    #781,#782,#783,#784,#785,#786,#787,#788,#789,#790,#791,#792,#793,
    #794,#795,#796,#797,#798,#799,#800,#801,#802,#803,#804,#805,#806,
    #807,#808),.UNSPECIFIED.,.F.,.F.,(9,7,7,8,8,8,9),(0.,
    3.174188710944E-04,5.951603833021E-04,1.081208029665E-03,
    1.445743764438E-03,1.992547366597E-03,2.539350968755E-03),
  .UNSPECIFIED.);
#762 = CARTESIAN_POINT('',(0.351071576304,0.));
#763 = CARTESIAN_POINT('',(0.351072858072,2.98029255587E-02));
#764 = CARTESIAN_POINT('',(0.351262326811,5.907430422357E-02));
#765 = CARTESIAN_POINT('',(0.351640446247,8.786843750309E-02));
#766 = CARTESIAN_POINT('',(0.3522076801,0.116239626906));
#767 = CARTESIAN_POINT('',(0.352964492095,0.14424217394));
#768 = CARTESIAN_POINT('',(0.353911345955,0.171930380115));
#769 = CARTESIAN_POINT('',(0.355048705404,0.199358546938));
#770 = CARTESIAN_POINT('',(0.357541079984,0.250394788267));
#771 = CARTESIAN_POINT('',(0.358860102204,0.274098139943));
#772 = CARTESIAN_POINT('',(0.360333793852,0.297673132441));
#773 = CARTESIAN_POINT('',(0.36196184796,0.321101867255));
#774 = CARTESIAN_POINT('',(0.363743957559,0.344366445879));
#775 = CARTESIAN_POINT('',(0.36567981568,0.367448969807));
#776 = CARTESIAN_POINT('',(0.367769115352,0.390331540534));
#777 = CARTESIAN_POINT('',(0.373935121716,0.452649013816));
#778 = CARTESIAN_POINT('',(0.378328656706,0.491586908344));
#779 = CARTESIAN_POINT('',(0.383249920724,0.530314527103));
#780 = CARTESIAN_POINT('',(0.388694652742,0.56875497745));
#781 = CARTESIAN_POINT('',(0.394659115146,0.606793457591));
#782 = CARTESIAN_POINT('',(0.401165658149,0.644501402775));
#783 = CARTESIAN_POINT('',(0.408251298038,0.682041210229));
#784 = CARTESIAN_POINT('',(0.415919309237,0.719251542824));
#785 = CARTESIAN_POINT('',(0.421674315598,0.74718059717));
#786 = CARTESIAN_POINT('',(0.42773774854,0.774862899793));
#787 = CARTESIAN_POINT('',(0.434216948691,0.802705162587));
#788 = CARTESIAN_POINT('',(0.440941039095,0.829965285002));
#789 = CARTESIAN_POINT('',(0.44804708454,0.857149967675));
#790 = CARTESIAN_POINT('',(0.455670758606,0.884767750409));
#791 = CARTESIAN_POINT('',(0.463634785031,0.912061002511));
#792 = CARTESIAN_POINT('',(0.472028419959,0.939340393456));
#793 = CARTESIAN_POINT('',(0.484603916427,0.980214425148));
#794 = CARTESIAN_POINT('',(0.498202802652,1.021165082362));
#795 = CARTESIAN_POINT('',(0.512373534129,1.060790354648));
#796 = CARTESIAN_POINT('',(0.528083939542,1.101550483509));
#797 = CARTESIAN_POINT('',(0.544158164292,1.140596921934));
#798 = CARTESIAN_POINT('',(0.562047942965,1.181000396395));
#799 = CARTESIAN_POINT('',(0.581102582555,1.221030406273));
#800 = CARTESIAN_POINT('',(0.60134593548,1.260654814654));
#801 = CARTESIAN_POINT('',(0.621603111767,1.300306862));
#802 = CARTESIAN_POINT('',(0.643114740948,1.339686670142));
#803 = CARTESIAN_POINT('',(0.665986763816,1.378851809522));
#804 = CARTESIAN_POINT('',(0.690329659755,1.417821620388));
#805 = CARTESIAN_POINT('',(0.716258446743,1.456577212792));
#806 = CARTESIAN_POINT('',(0.743892681346,1.495061466588));
#807 = CARTESIAN_POINT('',(0.773356458724,1.533179031435));
#808 = CARTESIAN_POINT('',(0.804778412627,1.570796326795));
#809 = ( GEOMETRIC_REPRESENTATION_CONTEXT(2) 
PARAMETRIC_REPRESENTATION_CONTEXT() REPRESENTATION_CONTEXT('2D SPACE',''
  ) );
#810 = ORIENTED_EDGE('',*,*,#811,.F.);
#811 = EDGE_CURVE('',#812,#713,#814,.T.);
#812 = VERTEX_POINT('',#813);
#813 = CARTESIAN_POINT('',(-0.360669582827,12.057438598574,
    11.125323806753));
#814 = SURFACE_CURVE('',#815,(#818,#824),.PCURVE_S1.);
#815 = B_SPLINE_CURVE_WITH_KNOTS('',1,(#816,#817),.UNSPECIFIED.,.F.,.F.,
  (2,2),(-4.001846598934,-1.722956156697),.PIECEWISE_BEZIER_KNOTS.);
#816 = CARTESIAN_POINT('',(-0.360669582827,12.057438598574,
    11.125323806753));
#817 = CARTESIAN_POINT('',(-0.360669582827,12.057438598574,
    8.846433364515));
#818 = PCURVE('',#665,#819);
#819 = DEFINITIONAL_REPRESENTATION('',(#820),#823);
#820 = B_SPLINE_CURVE_WITH_KNOTS('',1,(#821,#822),.UNSPECIFIED.,.F.,.F.,
  (2,2),(-4.001846598934,-1.722956156697),.PIECEWISE_BEZIER_KNOTS.);
#821 = CARTESIAN_POINT('',(1.402323806752,1.622181943025));
#822 = CARTESIAN_POINT('',(-0.876566635485,1.622181943025));
#823 = ( GEOMETRIC_REPRESENTATION_CONTEXT(2) 
PARAMETRIC_REPRESENTATION_CONTEXT() REPRESENTATION_CONTEXT('2D SPACE',''
  ) );
#824 = PCURVE('',#825,#830);
#825 = B_SPLINE_SURFACE_WITH_KNOTS('',1,1,(
    (#826,#827)
    ,(#828,#829
    )),.UNSPECIFIED.,.F.,.F.,.F.,(2,2),(2,2),(-1.139445221119,
    1.139445221119),(1.04833541193,1.54833541193),
  .PIECEWISE_BEZIER_KNOTS.);
#826 = CARTESIAN_POINT('',(-0.360669582827,12.057438598574,
    11.125323806753));
#827 = CARTESIAN_POINT('',(0.139330417173,12.057438598574,
    11.125323806753));
#828 = CARTESIAN_POINT('',(-0.360669582827,12.057438598574,
    8.846433364515));
#829 = CARTESIAN_POINT('',(0.139330417173,12.057438598574,8.846433364515
    ));
#830 = DEFINITIONAL_REPRESENTATION('',(#831),#834);
#831 = B_SPLINE_CURVE_WITH_KNOTS('',1,(#832,#833),.UNSPECIFIED.,.F.,.F.,
  (2,2),(-4.001846598934,-1.722956156697),.PIECEWISE_BEZIER_KNOTS.);
#832 = CARTESIAN_POINT('',(-1.139445221119,1.04833541193));
#833 = CARTESIAN_POINT('',(1.139445221119,1.04833541193));
#834 = ( GEOMETRIC_REPRESENTATION_CONTEXT(2) 
PARAMETRIC_REPRESENTATION_CONTEXT() REPRESENTATION_CONTEXT('2D SPACE',''
  ) );
#835 = ORIENTED_EDGE('',*,*,#836,.T.);
#836 = EDGE_CURVE('',#812,#837,#839,.T.);
#837 = VERTEX_POINT('',#838);
#838 = CARTESIAN_POINT('',(-0.360669582827,13.857438598574,
    12.84827996345));
#839 = SURFACE_CURVE('',#840,(#855,#873),.PCURVE_S1.);
#840 = B_SPLINE_CURVE_WITH_KNOTS('',3,(#841,#842,#843,#844,#845,#846,
    #847,#848,#849,#850,#851,#852,#853,#854),.UNSPECIFIED.,.F.,.F.,(4,2,
    2,2,2,2,4),(0.,6.31014357106E-04,9.465215356589E-04,
    1.262028714212E-03,1.893043071318E-03,2.208550249871E-03,
    2.524057428424E-03),.UNSPECIFIED.);
#841 = CARTESIAN_POINT('',(-0.360669582827,12.057438598574,
    11.125323806753));
#842 = CARTESIAN_POINT('',(-0.360669582827,12.057438598574,
    11.338972542197));
#843 = CARTESIAN_POINT('',(-0.360669582827,12.087629679527,
    11.548139915321));
#844 = CARTESIAN_POINT('',(-0.360669582827,12.199560623133,
    11.851998737141));
#845 = CARTESIAN_POINT('',(-0.360669582827,12.248588455266,
    11.952307455532));
#846 = CARTESIAN_POINT('',(-0.360669582827,12.367379850057,
    12.140172461765));
#847 = CARTESIAN_POINT('',(-0.360669582827,12.437316029012,
    12.228792010814));
#848 = CARTESIAN_POINT('',(-0.360669582827,12.681642157041,
    12.477251986434));
#849 = CARTESIAN_POINT('',(-0.360669582827,12.884248638639,
    12.612319325023));
#850 = CARTESIAN_POINT('',(-0.360669582827,13.230407704583,
    12.752291363014));
#851 = CARTESIAN_POINT('',(-0.360669582827,13.35028854169,
    12.787656910248));
#852 = CARTESIAN_POINT('',(-0.360669582827,13.59905056896,12.83577579263
    ));
#853 = CARTESIAN_POINT('',(-0.360669582827,13.728294673783,
    12.84827996345));
#854 = CARTESIAN_POINT('',(-0.360669582827,13.857438598574,
    12.84827996345));
#855 = PCURVE('',#665,#856);
#856 = DEFINITIONAL_REPRESENTATION('',(#857),#872);
#857 = B_SPLINE_CURVE_WITH_KNOTS('',3,(#858,#859,#860,#861,#862,#863,
    #864,#865,#866,#867,#868,#869,#870,#871),.UNSPECIFIED.,.F.,.F.,(4,2,
    2,2,2,2,4),(0.,6.31014357106E-04,9.465215356589E-04,
    1.262028714212E-03,1.893043071318E-03,2.208550249871E-03,
    2.524057428424E-03),.UNSPECIFIED.);
#858 = CARTESIAN_POINT('',(1.402323806752,1.622181943025));
#859 = CARTESIAN_POINT('',(1.615972542197,1.622181943025));
#860 = CARTESIAN_POINT('',(1.825139915321,1.597022708897));
#861 = CARTESIAN_POINT('',(2.128998737141,1.503746922559));
#862 = CARTESIAN_POINT('',(2.229307455532,1.462890395781));
#863 = CARTESIAN_POINT('',(2.417172461765,1.363897566789));
#864 = CARTESIAN_POINT('',(2.505792010813,1.305617417659));
#865 = CARTESIAN_POINT('',(2.754251986434,1.102012310969));
#866 = CARTESIAN_POINT('',(2.889319325023,0.933173576304));
#867 = CARTESIAN_POINT('',(3.029291363014,0.644707688017));
#868 = CARTESIAN_POINT('',(3.064656910248,0.544806990428));
#869 = CARTESIAN_POINT('',(3.11277579263,0.337505301036));
#870 = CARTESIAN_POINT('',(3.125279963449,0.22980188035));
#871 = CARTESIAN_POINT('',(3.125279963449,0.122181943025));
#872 = ( GEOMETRIC_REPRESENTATION_CONTEXT(2) 
PARAMETRIC_REPRESENTATION_CONTEXT() REPRESENTATION_CONTEXT('2D SPACE',''
  ) );
#873 = PCURVE('',#750,#874);
#874 = DEFINITIONAL_REPRESENTATION('',(#875),#919);
#875 = B_SPLINE_CURVE_WITH_KNOTS('',6,(#876,#877,#878,#879,#880,#881,
    #882,#883,#884,#885,#886,#887,#888,#889,#890,#891,#892,#893,#894,
    #895,#896,#897,#898,#899,#900,#901,#902,#903,#904,#905,#906,#907,
    #908,#909,#910,#911,#912,#913,#914,#915,#916,#917,#918),
  .UNSPECIFIED.,.F.,.F.,(7,6,6,6,6,6,6,7),(0.,6.31014357106E-04,
    8.676447410207E-04,1.074696326946E-03,1.255866464631E-03,
    1.889961946527E-03,2.207009687476E-03,2.524057428424E-03),
  .UNSPECIFIED.);
#876 = CARTESIAN_POINT('',(2.336814240963,1.570796326795));
#877 = CARTESIAN_POINT('',(2.385439195923,1.51258402064));
#878 = CARTESIAN_POINT('',(2.428921418001,1.453376241142));
#879 = CARTESIAN_POINT('',(2.467958968228,1.393729206306));
#880 = CARTESIAN_POINT('',(2.503188585535,1.333755104074));
#881 = CARTESIAN_POINT('',(2.535153590097,1.273256079702));
#882 = CARTESIAN_POINT('',(2.564271786674,1.211858223131));
#883 = CARTESIAN_POINT('',(2.575193262616,1.188832512909));
#884 = CARTESIAN_POINT('',(2.585732039408,1.1656298063));
#885 = CARTESIAN_POINT('',(2.595883354389,1.142295268807));
#886 = CARTESIAN_POINT('',(2.605642444898,1.11887406593));
#887 = CARTESIAN_POINT('',(2.615004548275,1.095411363172));
#888 = CARTESIAN_POINT('',(2.623964901858,1.071952326036));
#889 = CARTESIAN_POINT('',(2.631804565762,1.051429220837));
#890 = CARTESIAN_POINT('',(2.639356851728,1.030865237434));
#891 = CARTESIAN_POINT('',(2.646545998914,1.010461092526));
#892 = CARTESIAN_POINT('',(2.653513930833,0.989924319676));
#893 = CARTESIAN_POINT('',(2.660199776207,0.969390846119));
#894 = CARTESIAN_POINT('',(2.666642265233,0.94878739431));
#895 = CARTESIAN_POINT('',(2.672278744226,0.930759520522));
#896 = CARTESIAN_POINT('',(2.67772614517,0.912685833185));
#897 = CARTESIAN_POINT('',(2.68299199972,0.894550383001));
#898 = CARTESIAN_POINT('',(2.688083839533,0.876337220671));
#899 = CARTESIAN_POINT('',(2.693009196263,0.858030396899));
#900 = CARTESIAN_POINT('',(2.697775601568,0.839613962386));
#901 = CARTESIAN_POINT('',(2.714468868639,0.775110187546));
#902 = CARTESIAN_POINT('',(2.728916488559,0.710298629027));
#903 = CARTESIAN_POINT('',(2.741382141644,0.644962883321));
#904 = CARTESIAN_POINT('',(2.75206581066,0.578785729109));
#905 = CARTESIAN_POINT('',(2.76110378083,0.511349127257));
#906 = CARTESIAN_POINT('',(2.768568639831,0.442134220817));
#907 = CARTESIAN_POINT('',(2.772302685785,0.407511834451));
#908 = CARTESIAN_POINT('',(2.775616918466,0.372739769302));
#909 = CARTESIAN_POINT('',(2.778533460277,0.337708541815));
#910 = CARTESIAN_POINT('',(2.781070353436,0.302297841978));
#911 = CARTESIAN_POINT('',(2.783241559978,0.266376533322));
#912 = CARTESIAN_POINT('',(2.785056961749,0.229802652918));
#913 = CARTESIAN_POINT('',(2.786870834494,0.193228607716));
#914 = CARTESIAN_POINT('',(2.788325727049,0.15596833913));
#915 = CARTESIAN_POINT('',(2.78941991851,0.118018595613));
#916 = CARTESIAN_POINT('',(2.790151687972,7.937612561726E-02));
#917 = CARTESIAN_POINT('',(2.790519314532,4.003767759544E-02));
#918 = CARTESIAN_POINT('',(2.790521077286,-1.315357582309E-15));
#919 = ( GEOMETRIC_REPRESENTATION_CONTEXT(2) 
PARAMETRIC_REPRESENTATION_CONTEXT() REPRESENTATION_CONTEXT('2D SPACE',''
  ) );
#920 = ORIENTED_EDGE('',*,*,#921,.T.);
#921 = EDGE_CURVE('',#837,#922,#924,.T.);
#922 = VERTEX_POINT('',#923);
#923 = CARTESIAN_POINT('',(-0.360669582827,15.657438598574,
    12.84827996345));
#924 = SURFACE_CURVE('',#925,(#928,#934),.PCURVE_S1.);
#925 = B_SPLINE_CURVE_WITH_KNOTS('',1,(#926,#927),.UNSPECIFIED.,.F.,.F.,
  (2,2),(1.5,3.),.PIECEWISE_BEZIER_KNOTS.);
#926 = CARTESIAN_POINT('',(-0.360669582827,13.857438598574,
    12.84827996345));
#927 = CARTESIAN_POINT('',(-0.360669582827,15.657438598574,
    12.84827996345));
#928 = PCURVE('',#665,#929);
#929 = DEFINITIONAL_REPRESENTATION('',(#930),#933);
#930 = B_SPLINE_CURVE_WITH_KNOTS('',1,(#931,#932),.UNSPECIFIED.,.F.,.F.,
  (2,2),(1.5,3.),.PIECEWISE_BEZIER_KNOTS.);
#931 = CARTESIAN_POINT('',(3.125279963449,0.122181943025));
#932 = CARTESIAN_POINT('',(3.125279963449,-1.377818056976));
#933 = ( GEOMETRIC_REPRESENTATION_CONTEXT(2) 
PARAMETRIC_REPRESENTATION_CONTEXT() REPRESENTATION_CONTEXT('2D SPACE',''
  ) );
#934 = PCURVE('',#698,#935);
#935 = DEFINITIONAL_REPRESENTATION('',(#936),#940);
#936 = B_SPLINE_CURVE_WITH_KNOTS('',2,(#937,#938,#939),.UNSPECIFIED.,.F.
  ,.F.,(3,3),(1.5,3.),.PIECEWISE_BEZIER_KNOTS.);
#937 = CARTESIAN_POINT('',(0.351071576304,1.5));
#938 = CARTESIAN_POINT('',(0.351071576304,2.25));
#939 = CARTESIAN_POINT('',(0.351071576304,3.));
#940 = ( GEOMETRIC_REPRESENTATION_CONTEXT(2) 
PARAMETRIC_REPRESENTATION_CONTEXT() REPRESENTATION_CONTEXT('2D SPACE',''
  ) );
#941 = ORIENTED_EDGE('',*,*,#942,.T.);
#942 = EDGE_CURVE('',#922,#943,#945,.T.);
#943 = VERTEX_POINT('',#944);
#944 = CARTESIAN_POINT('',(-0.360669582827,6.837438567511,
    20.324120427029));
#945 = SURFACE_CURVE('',#946,(#950,#957),.PCURVE_S1.);
#946 = B_SPLINE_CURVE_WITH_KNOTS('',2,(#947,#948,#949),.UNSPECIFIED.,.F.
  ,.F.,(3,3),(0.500820705123,0.502013311782),.PIECEWISE_BEZIER_KNOTS.);
#947 = CARTESIAN_POINT('',(-0.360669582827,15.657438598574,
    12.84827996345));
#948 = CARTESIAN_POINT('',(-0.360669582827,13.492817074453,
    15.905157748962));
#949 = CARTESIAN_POINT('',(-0.360669582827,6.837438567511,
    20.324120427029));
#950 = PCURVE('',#665,#951);
#951 = DEFINITIONAL_REPRESENTATION('',(#952),#956);
#952 = B_SPLINE_CURVE_WITH_KNOTS('',2,(#953,#954,#955),.UNSPECIFIED.,.F.
  ,.F.,(3,3),(0.500820705123,0.502013311782),.PIECEWISE_BEZIER_KNOTS.);
#953 = CARTESIAN_POINT('',(3.125279963449,-1.377818056976));
#954 = CARTESIAN_POINT('',(6.182157748961,0.426033213125));
#955 = CARTESIAN_POINT('',(10.601120427029,5.97218196891));
#956 = ( GEOMETRIC_REPRESENTATION_CONTEXT(2) 
PARAMETRIC_REPRESENTATION_CONTEXT() REPRESENTATION_CONTEXT('2D SPACE',''
  ) );
#957 = PCURVE('',#420,#958);
#958 = DEFINITIONAL_REPRESENTATION('',(#959),#963);
#959 = B_SPLINE_CURVE_WITH_KNOTS('',2,(#960,#961,#962),.UNSPECIFIED.,.F.
  ,.F.,(3,3),(0.500820705123,0.502013311782),.PIECEWISE_BEZIER_KNOTS.);
#960 = CARTESIAN_POINT('',(0.500820705123,1.));
#961 = CARTESIAN_POINT('',(0.501417008453,1.));
#962 = CARTESIAN_POINT('',(0.502013311782,1.));
#963 = ( GEOMETRIC_REPRESENTATION_CONTEXT(2) 
PARAMETRIC_REPRESENTATION_CONTEXT() REPRESENTATION_CONTEXT('2D SPACE',''
  ) );
#964 = ORIENTED_EDGE('',*,*,#965,.T.);
#965 = EDGE_CURVE('',#943,#966,#968,.T.);
#966 = VERTEX_POINT('',#967);
#967 = CARTESIAN_POINT('',(-0.360669582827,4.453073765071,
    22.454885607016));
#968 = SURFACE_CURVE('',#969,(#972,#978),.PCURVE_S1.);
#969 = B_SPLINE_CURVE_WITH_KNOTS('',1,(#970,#971),.UNSPECIFIED.,.F.,.F.,
  (2,2),(3.273634990296E-08,2.913453771947),.PIECEWISE_BEZIER_KNOTS.);
#970 = CARTESIAN_POINT('',(-0.360669582827,6.837438571785,20.32412043035
    ));
#971 = CARTESIAN_POINT('',(-0.360669582827,4.453073765071,
    22.454885607016));
#972 = PCURVE('',#665,#973);
#973 = DEFINITIONAL_REPRESENTATION('',(#974),#977);
#974 = B_SPLINE_CURVE_WITH_KNOTS('',1,(#975,#976),.UNSPECIFIED.,.F.,.F.,
  (2,2),(3.273634990296E-08,2.913453771947),.PIECEWISE_BEZIER_KNOTS.);
#975 = CARTESIAN_POINT('',(10.60112043035,5.972181965348));
#976 = CARTESIAN_POINT('',(12.731885607016,7.95915263761));
#977 = ( GEOMETRIC_REPRESENTATION_CONTEXT(2) 
PARAMETRIC_REPRESENTATION_CONTEXT() REPRESENTATION_CONTEXT('2D SPACE',''
  ) );
#978 = PCURVE('',#979,#984);
#979 = B_SPLINE_SURFACE_WITH_KNOTS('',1,1,(
    (#980,#981)
    ,(#982,#983
    )),.UNSPECIFIED.,.F.,.F.,.F.,(2,2),(2,2),(-9.8,-8.599715305796E-41),
  (3.273634990296E-08,2.913453771947),.PIECEWISE_BEZIER_KNOTS.);
#980 = CARTESIAN_POINT('',(-0.360669582827,6.837438571785,20.32412043035
    ));
#981 = CARTESIAN_POINT('',(-0.360669582827,4.453073765071,
    22.454885607016));
#982 = CARTESIAN_POINT('',(-10.16066958282,6.837438571785,20.32412043035
    ));
#983 = CARTESIAN_POINT('',(-10.16066958282,4.453073765071,
    22.454885607016));
#984 = DEFINITIONAL_REPRESENTATION('',(#985),#988);
#985 = B_SPLINE_CURVE_WITH_KNOTS('',1,(#986,#987),.UNSPECIFIED.,.F.,.F.,
  (2,2),(3.273634990296E-08,2.913453771947),.PIECEWISE_BEZIER_KNOTS.);
#986 = CARTESIAN_POINT('',(-9.8,3.273635051926E-08));
#987 = CARTESIAN_POINT('',(-9.8,2.913453771947));
#988 = ( GEOMETRIC_REPRESENTATION_CONTEXT(2) 
PARAMETRIC_REPRESENTATION_CONTEXT() REPRESENTATION_CONTEXT('2D SPACE',''
  ) );
#989 = ORIENTED_EDGE('',*,*,#990,.T.);
#990 = EDGE_CURVE('',#966,#991,#993,.T.);
#991 = VERTEX_POINT('',#992);
#992 = CARTESIAN_POINT('',(-0.360669582827,-12.41181677621,
    21.718342722749));
#993 = SURFACE_CURVE('',#994,(#997,#1003),.PCURVE_S1.);
#994 = B_SPLINE_CURVE_WITH_KNOTS('',1,(#995,#996),.UNSPECIFIED.,.F.,.F.,
  (2,2),(-14.42384282637,-0.350480321099),.PIECEWISE_BEZIER_KNOTS.);
#995 = CARTESIAN_POINT('',(-0.360669582827,4.453073765071,
    22.454885607016));
#996 = CARTESIAN_POINT('',(-0.360669582827,-12.41181677621,
    21.718342722749));
#997 = PCURVE('',#665,#998);
#998 = DEFINITIONAL_REPRESENTATION('',(#999),#1002);
#999 = B_SPLINE_CURVE_WITH_KNOTS('',1,(#1000,#1001),.UNSPECIFIED.,.F.,
  .F.,(2,2),(-14.42384282637,-0.350480321099),.PIECEWISE_BEZIER_KNOTS.);
#1000 = CARTESIAN_POINT('',(12.731885607016,7.95915263761));
#1001 = CARTESIAN_POINT('',(11.995342722749,22.013228088684));
#1002 = ( GEOMETRIC_REPRESENTATION_CONTEXT(2) 
PARAMETRIC_REPRESENTATION_CONTEXT() REPRESENTATION_CONTEXT('2D SPACE',''
  ) );
#1003 = PCURVE('',#1004,#1009);
#1004 = B_SPLINE_SURFACE_WITH_KNOTS('',1,1,(
    (#1005,#1006)
    ,(#1007,#1008
    )),.UNSPECIFIED.,.F.,.F.,.F.,(2,2),(2,2),(-1.442544492087E-31,9.8),(
    0.350480321099,14.423842826373),.PIECEWISE_BEZIER_KNOTS.);
#1005 = CARTESIAN_POINT('',(-10.16066958282,-12.41181677621,
    21.718342722749));
#1006 = CARTESIAN_POINT('',(-10.16066958282,4.453073765071,
    22.454885607016));
#1007 = CARTESIAN_POINT('',(-0.360669582827,-12.41181677621,
    21.718342722749));
#1008 = CARTESIAN_POINT('',(-0.360669582827,4.453073765071,
    22.454885607016));
#1009 = DEFINITIONAL_REPRESENTATION('',(#1010),#1013);
#1010 = B_SPLINE_CURVE_WITH_KNOTS('',1,(#1011,#1012),.UNSPECIFIED.,.F.,
  .F.,(2,2),(-14.42384282637,-0.350480321099),.PIECEWISE_BEZIER_KNOTS.);
#1011 = CARTESIAN_POINT('',(9.8,14.423842826373));
#1012 = CARTESIAN_POINT('',(9.8,0.350480321099));
#1013 = ( GEOMETRIC_REPRESENTATION_CONTEXT(2) 
PARAMETRIC_REPRESENTATION_CONTEXT() REPRESENTATION_CONTEXT('2D SPACE',''
  ) );
#1014 = ORIENTED_EDGE('',*,*,#1015,.F.);
#1015 = EDGE_CURVE('',#1016,#991,#1018,.T.);
#1016 = VERTEX_POINT('',#1017);
#1017 = CARTESIAN_POINT('',(-0.360669582827,-12.41181677621,
    21.386868254913));
#1018 = SURFACE_CURVE('',#1019,(#1022,#1028),.PCURVE_S1.);
#1019 = B_SPLINE_CURVE_WITH_KNOTS('',1,(#1020,#1021),.UNSPECIFIED.,.F.,
  .F.,(2,2),(11.663868254913,11.995342722749),.PIECEWISE_BEZIER_KNOTS.);
#1020 = CARTESIAN_POINT('',(-0.360669582827,-12.41181677621,
    21.386868254913));
#1021 = CARTESIAN_POINT('',(-0.360669582827,-12.41181677621,
    21.718342722749));
#1022 = PCURVE('',#665,#1023);
#1023 = DEFINITIONAL_REPRESENTATION('',(#1024),#1027);
#1024 = B_SPLINE_CURVE_WITH_KNOTS('',1,(#1025,#1026),.UNSPECIFIED.,.F.,
  .F.,(2,2),(11.663868254913,11.995342722749),.PIECEWISE_BEZIER_KNOTS.);
#1025 = CARTESIAN_POINT('',(11.663868254913,22.013228088684));
#1026 = CARTESIAN_POINT('',(11.995342722749,22.013228088684));
#1027 = ( GEOMETRIC_REPRESENTATION_CONTEXT(2) 
PARAMETRIC_REPRESENTATION_CONTEXT() REPRESENTATION_CONTEXT('2D SPACE',''
  ) );
#1028 = PCURVE('',#1029,#1034);
#1029 = B_SPLINE_SURFACE_WITH_KNOTS('',1,1,(
    (#1030,#1031)
    ,(#1032,#1033
    )),.UNSPECIFIED.,.F.,.F.,.F.,(2,2),(2,2),(6.488949863479,
    6.820424331315),(-11.9,-2.1),.PIECEWISE_BEZIER_KNOTS.);
#1030 = CARTESIAN_POINT('',(-0.360669582827,-12.41181677621,
    21.718342722749));
#1031 = CARTESIAN_POINT('',(-10.16066958282,-12.41181677621,
    21.718342722749));
#1032 = CARTESIAN_POINT('',(-0.360669582827,-12.41181677621,
    21.386868254913));
#1033 = CARTESIAN_POINT('',(-10.16066958282,-12.41181677621,
    21.386868254913));
#1034 = DEFINITIONAL_REPRESENTATION('',(#1035),#1038);
#1035 = B_SPLINE_CURVE_WITH_KNOTS('',1,(#1036,#1037),.UNSPECIFIED.,.F.,
  .F.,(2,2),(11.663868254913,11.995342722749),.PIECEWISE_BEZIER_KNOTS.);
#1036 = CARTESIAN_POINT('',(6.820424331315,-11.9));
#1037 = CARTESIAN_POINT('',(6.488949863479,-11.9));
#1038 = ( GEOMETRIC_REPRESENTATION_CONTEXT(2) 
PARAMETRIC_REPRESENTATION_CONTEXT() REPRESENTATION_CONTEXT('2D SPACE',''
  ) );
#1039 = ORIENTED_EDGE('',*,*,#1040,.T.);
#1040 = EDGE_CURVE('',#1016,#1041,#1043,.T.);
#1041 = VERTEX_POINT('',#1042);
#1042 = CARTESIAN_POINT('',(-0.360669582827,-7.502941937812,
    17.387649330562));
#1043 = SURFACE_CURVE('',#1044,(#1048,#1055),.PCURVE_S1.);
#1044 = ( BOUNDED_CURVE() B_SPLINE_CURVE(2,(#1045,#1046,#1047),
.UNSPECIFIED.,.F.,.F.) B_SPLINE_CURVE_WITH_KNOTS((3,3),(5.445601642235,
5.527350446649),.PIECEWISE_BEZIER_KNOTS.) CURVE() 
GEOMETRIC_REPRESENTATION_ITEM() RATIONAL_B_SPLINE_CURVE((1.,
0.99916475792,1.)) REPRESENTATION_ITEM('') );
#1045 = CARTESIAN_POINT('',(-0.360669582827,-12.41181677621,
    21.386868254913));
#1046 = CARTESIAN_POINT('',(-0.360669582827,-9.85924528982,
    19.470908434767));
#1047 = CARTESIAN_POINT('',(-0.360669582827,-7.502941937812,
    17.387649330562));
#1048 = PCURVE('',#665,#1049);
#1049 = DEFINITIONAL_REPRESENTATION('',(#1050),#1054);
#1050 = ( BOUNDED_CURVE() B_SPLINE_CURVE(2,(#1051,#1052,#1053),
.UNSPECIFIED.,.F.,.F.) B_SPLINE_CURVE_WITH_KNOTS((3,3),(5.445601642235,
5.527350446649),.PIECEWISE_BEZIER_KNOTS.) CURVE() 
GEOMETRIC_REPRESENTATION_ITEM() RATIONAL_B_SPLINE_CURVE((1.,
0.99916475792,1.)) REPRESENTATION_ITEM('') );
#1051 = CARTESIAN_POINT('',(11.663868254913,22.013228088684));
#1052 = CARTESIAN_POINT('',(9.747908434767,19.886085183352));
#1053 = CARTESIAN_POINT('',(7.664649330562,17.922499056679));
#1054 = ( GEOMETRIC_REPRESENTATION_CONTEXT(2) 
PARAMETRIC_REPRESENTATION_CONTEXT() REPRESENTATION_CONTEXT('2D SPACE',''
  ) );
#1055 = PCURVE('',#1056,#1063);
#1056 = ( BOUNDED_SURFACE() B_SPLINE_SURFACE(2,1,(
    (#1057,#1058)
    ,(#1059,#1060)
    ,(#1061,#1062
)),.UNSPECIFIED.,.F.,.F.,.F.) B_SPLINE_SURFACE_WITH_KNOTS((3,3),(2,2),(
    0.75583486053,0.837583664945),(0.,9.8),.PIECEWISE_BEZIER_KNOTS.) 
GEOMETRIC_REPRESENTATION_ITEM() RATIONAL_B_SPLINE_SURFACE((
    (1.,1.)
    ,(0.99916475792,0.99916475792)
,(1.,1.))) REPRESENTATION_ITEM('') SURFACE() );
#1057 = CARTESIAN_POINT('',(-10.16066958282,-7.502941937812,
    17.387649330562));
#1058 = CARTESIAN_POINT('',(-0.360669582827,-7.502941937812,
    17.387649330562));
#1059 = CARTESIAN_POINT('',(-10.16066958282,-9.85924528982,
    19.470908434767));
#1060 = CARTESIAN_POINT('',(-0.360669582827,-9.85924528982,
    19.470908434767));
#1061 = CARTESIAN_POINT('',(-10.16066958282,-12.41181677621,
    21.386868254913));
#1062 = CARTESIAN_POINT('',(-0.360669582827,-12.41181677621,
    21.386868254913));
#1063 = DEFINITIONAL_REPRESENTATION('',(#1064),#1068);
#1064 = B_SPLINE_CURVE_WITH_KNOTS('',2,(#1065,#1066,#1067),
  .UNSPECIFIED.,.F.,.F.,(3,3),(5.445601642235,5.527350446649),
  .PIECEWISE_BEZIER_KNOTS.);
#1065 = CARTESIAN_POINT('',(0.837583664945,9.8));
#1066 = CARTESIAN_POINT('',(0.796709262737,9.8));
#1067 = CARTESIAN_POINT('',(0.75583486053,9.8));
#1068 = ( GEOMETRIC_REPRESENTATION_CONTEXT(2) 
PARAMETRIC_REPRESENTATION_CONTEXT() REPRESENTATION_CONTEXT('2D SPACE',''
  ) );
#1069 = ORIENTED_EDGE('',*,*,#1070,.T.);
#1070 = EDGE_CURVE('',#1041,#655,#1071,.T.);
#1071 = SURFACE_CURVE('',#1072,(#1076,#1083),.PCURVE_S1.);
#1072 = B_SPLINE_CURVE_WITH_KNOTS('',2,(#1073,#1074,#1075),
  .UNSPECIFIED.,.F.,.F.,(3,3),(0.497667241109,0.499554279588),
  .PIECEWISE_BEZIER_KNOTS.);
#1073 = CARTESIAN_POINT('',(-0.360669582827,-7.502941937812,
    17.387649330562));
#1074 = CARTESIAN_POINT('',(-0.360669582827,2.973278537371,
    6.149086331587));
#1075 = CARTESIAN_POINT('',(-0.360669582827,11.815362808521,
    4.787649330931));
#1076 = PCURVE('',#665,#1077);
#1077 = DEFINITIONAL_REPRESENTATION('',(#1078),#1082);
#1078 = B_SPLINE_CURVE_WITH_KNOTS('',2,(#1079,#1080,#1081),
  .UNSPECIFIED.,.F.,.F.,(3,3),(0.497667241109,0.499554279588),
  .PIECEWISE_BEZIER_KNOTS.);
#1079 = CARTESIAN_POINT('',(7.664649330561,17.922499056679));
#1080 = CARTESIAN_POINT('',(-3.573913668413,9.19231532736));
#1081 = CARTESIAN_POINT('',(-4.935350669069,1.823911768068));
#1082 = ( GEOMETRIC_REPRESENTATION_CONTEXT(2) 
PARAMETRIC_REPRESENTATION_CONTEXT() REPRESENTATION_CONTEXT('2D SPACE',''
  ) );
#1083 = PCURVE('',#1084,#1091);
#1084 = B_SPLINE_SURFACE_WITH_KNOTS('',2,1,(
    (#1085,#1086)
    ,(#1087,#1088)
    ,(#1089,#1090
    )),.UNSPECIFIED.,.F.,.F.,.F.,(3,3),(2,2),(0.497667241109,
    0.499554279588),(0.,1.),.PIECEWISE_BEZIER_KNOTS.);
#1085 = CARTESIAN_POINT('',(-10.16066958282,-7.502941937799,
    17.387649330548));
#1086 = CARTESIAN_POINT('',(-0.360669582827,-7.502941937799,
    17.387649330548));
#1087 = CARTESIAN_POINT('',(-10.16066958282,2.97327853737,6.149086331562
    ));
#1088 = CARTESIAN_POINT('',(-0.360669582827,2.97327853737,6.149086331562
    ));
#1089 = CARTESIAN_POINT('',(-10.16066958282,11.815362808532,
    4.787649330932));
#1090 = CARTESIAN_POINT('',(-0.360669582827,11.815362808533,
    4.787649330932));
#1091 = DEFINITIONAL_REPRESENTATION('',(#1092),#1096);
#1092 = B_SPLINE_CURVE_WITH_KNOTS('',2,(#1093,#1094,#1095),
  .UNSPECIFIED.,.F.,.F.,(3,3),(0.497667241109,0.499554279588),
  .PIECEWISE_BEZIER_KNOTS.);
#1093 = CARTESIAN_POINT('',(0.497667241109,1.));
#1094 = CARTESIAN_POINT('',(0.498610760348,1.));
#1095 = CARTESIAN_POINT('',(0.499554279588,1.));
#1096 = ( GEOMETRIC_REPRESENTATION_CONTEXT(2) 
PARAMETRIC_REPRESENTATION_CONTEXT() REPRESENTATION_CONTEXT('2D SPACE',''
  ) );
#1097 = ADVANCED_FACE('',(#1098),#1111,.F.);
#1098 = FACE_BOUND('',#1099,.T.);
#1099 = EDGE_LOOP('',(#1100,#1132,#1227,#1255,#1278,#1301,#1324,#1344,
    #1364,#1384,#1407,#1428));
#1100 = ORIENTED_EDGE('',*,*,#1101,.F.);
#1101 = EDGE_CURVE('',#1102,#1104,#1106,.T.);
#1102 = VERTEX_POINT('',#1103);
#1103 = CARTESIAN_POINT('',(-10.16066958282,12.057438598574,
    8.846433364515));
#1104 = VERTEX_POINT('',#1105);
#1105 = CARTESIAN_POINT('',(-10.16066958282,12.057438598574,
    11.125323806753));
#1106 = SURFACE_CURVE('',#1107,(#1110,#1121),.PCURVE_S1.);
#1107 = B_SPLINE_CURVE_WITH_KNOTS('',1,(#1108,#1109),.UNSPECIFIED.,.F.,
  .F.,(2,2),(1.722956156697,4.001846598934),.PIECEWISE_BEZIER_KNOTS.);
#1108 = CARTESIAN_POINT('',(-10.16066958282,12.057438598574,
    8.846433364515));
#1109 = CARTESIAN_POINT('',(-10.16066958282,12.057438598574,
    11.125323806753));
#1110 = PCURVE('',#1111,#1116);
#1111 = B_SPLINE_SURFACE_WITH_KNOTS('',1,1,(
    (#1112,#1113)
    ,(#1114,#1115
    )),.UNSPECIFIED.,.F.,.F.,.F.,(2,2),(2,2),(-4.935350669069,
    12.731885607016),(-1.377818056975,22.013228088684),
  .PIECEWISE_BEZIER_KNOTS.);
#1112 = CARTESIAN_POINT('',(-10.16066958282,15.657438598574,
    4.787649330931));
#1113 = CARTESIAN_POINT('',(-10.16066958282,-12.41181677621,
    4.787649330931));
#1114 = CARTESIAN_POINT('',(-10.16066958282,15.657438598574,
    22.454885607016));
#1115 = CARTESIAN_POINT('',(-10.16066958282,-12.41181677621,
    22.454885607016));
#1116 = DEFINITIONAL_REPRESENTATION('',(#1117),#1120);
#1117 = B_SPLINE_CURVE_WITH_KNOTS('',1,(#1118,#1119),.UNSPECIFIED.,.F.,
  .F.,(2,2),(1.722956156697,4.001846598934),.PIECEWISE_BEZIER_KNOTS.);
#1118 = CARTESIAN_POINT('',(-0.876566635485,1.622181943025));
#1119 = CARTESIAN_POINT('',(1.402323806752,1.622181943025));
#1120 = ( GEOMETRIC_REPRESENTATION_CONTEXT(2) 
PARAMETRIC_REPRESENTATION_CONTEXT() REPRESENTATION_CONTEXT('2D SPACE',''
  ) );
#1121 = PCURVE('',#1122,#1127);
#1122 = B_SPLINE_SURFACE_WITH_KNOTS('',1,1,(
    (#1123,#1124)
    ,(#1125,#1126
    )),.UNSPECIFIED.,.F.,.F.,.F.,(2,2),(2,2),(-1.139445221119,
    1.139445221119),(-1.54833541193,-1.04833541193),
  .PIECEWISE_BEZIER_KNOTS.);
#1123 = CARTESIAN_POINT('',(-10.66066958282,12.057438598574,
    8.846433364515));
#1124 = CARTESIAN_POINT('',(-10.16066958282,12.057438598574,
    8.846433364515));
#1125 = CARTESIAN_POINT('',(-10.66066958282,12.057438598574,
    11.125323806753));
#1126 = CARTESIAN_POINT('',(-10.16066958282,12.057438598574,
    11.125323806753));
#1127 = DEFINITIONAL_REPRESENTATION('',(#1128),#1131);
#1128 = B_SPLINE_CURVE_WITH_KNOTS('',1,(#1129,#1130),.UNSPECIFIED.,.F.,
  .F.,(2,2),(1.722956156697,4.001846598934),.PIECEWISE_BEZIER_KNOTS.);
#1129 = CARTESIAN_POINT('',(-1.139445221119,-1.04833541193));
#1130 = CARTESIAN_POINT('',(1.139445221119,-1.04833541193));
#1131 = ( GEOMETRIC_REPRESENTATION_CONTEXT(2) 
PARAMETRIC_REPRESENTATION_CONTEXT() REPRESENTATION_CONTEXT('2D SPACE',''
  ) );
#1132 = ORIENTED_EDGE('',*,*,#1133,.T.);
#1133 = EDGE_CURVE('',#1102,#1134,#1136,.T.);
#1134 = VERTEX_POINT('',#1135);
#1135 = CARTESIAN_POINT('',(-10.16066958282,13.857438598574,
    7.123477207818));
#1136 = SURFACE_CURVE('',#1137,(#1152,#1170),.PCURVE_S1.);
#1137 = B_SPLINE_CURVE_WITH_KNOTS('',3,(#1138,#1139,#1140,#1141,#1142,
    #1143,#1144,#1145,#1146,#1147,#1148,#1149,#1150,#1151),
  .UNSPECIFIED.,.F.,.F.,(4,2,2,2,2,2,4),(0.,6.31014357106E-04,
    9.465215356589E-04,1.262028714212E-03,1.893043071318E-03,
    2.208550249871E-03,2.524057428424E-03),.UNSPECIFIED.);
#1138 = CARTESIAN_POINT('',(-10.16066958282,12.057438598574,
    8.846433364515));
#1139 = CARTESIAN_POINT('',(-10.16066958282,12.057438598574,
    8.632784629071));
#1140 = CARTESIAN_POINT('',(-10.16066958282,12.087629679527,
    8.423617255946));
#1141 = CARTESIAN_POINT('',(-10.16066958282,12.199560623133,
    8.119758434127));
#1142 = CARTESIAN_POINT('',(-10.16066958282,12.248588455266,
    8.019449715736));
#1143 = CARTESIAN_POINT('',(-10.16066958282,12.367379850057,
    7.831584709503));
#1144 = CARTESIAN_POINT('',(-10.16066958282,12.437316029012,
    7.742965160454));
#1145 = CARTESIAN_POINT('',(-10.16066958282,12.681642157041,
    7.494505184834));
#1146 = CARTESIAN_POINT('',(-10.16066958282,12.884248638639,
    7.359437846245));
#1147 = CARTESIAN_POINT('',(-10.16066958282,13.230407704583,
    7.219465808254));
#1148 = CARTESIAN_POINT('',(-10.16066958282,13.35028854169,
    7.184100261019));
#1149 = CARTESIAN_POINT('',(-10.16066958282,13.59905056896,
    7.135981378638));
#1150 = CARTESIAN_POINT('',(-10.16066958282,13.728294673783,
    7.123477207818));
#1151 = CARTESIAN_POINT('',(-10.16066958282,13.857438598574,
    7.123477207818));
#1152 = PCURVE('',#1111,#1153);
#1153 = DEFINITIONAL_REPRESENTATION('',(#1154),#1169);
#1154 = B_SPLINE_CURVE_WITH_KNOTS('',3,(#1155,#1156,#1157,#1158,#1159,
    #1160,#1161,#1162,#1163,#1164,#1165,#1166,#1167,#1168),
  .UNSPECIFIED.,.F.,.F.,(4,2,2,2,2,2,4),(0.,6.31014357106E-04,
    9.465215356589E-04,1.262028714212E-03,1.893043071318E-03,
    2.208550249871E-03,2.524057428424E-03),.UNSPECIFIED.);
#1155 = CARTESIAN_POINT('',(-0.876566635485,1.622181943025));
#1156 = CARTESIAN_POINT('',(-1.090215370929,1.622181943025));
#1157 = CARTESIAN_POINT('',(-1.299382744054,1.597022708897));
#1158 = CARTESIAN_POINT('',(-1.603241565873,1.503746922559));
#1159 = CARTESIAN_POINT('',(-1.703550284264,1.462890395781));
#1160 = CARTESIAN_POINT('',(-1.891415290497,1.363897566789));
#1161 = CARTESIAN_POINT('',(-1.980034839546,1.305617417659));
#1162 = CARTESIAN_POINT('',(-2.228494815166,1.102012310969));
#1163 = CARTESIAN_POINT('',(-2.363562153755,0.933173576304));
#1164 = CARTESIAN_POINT('',(-2.503534191746,0.644707688017));
#1165 = CARTESIAN_POINT('',(-2.538899738981,0.544806990428));
#1166 = CARTESIAN_POINT('',(-2.587018621362,0.337505301036));
#1167 = CARTESIAN_POINT('',(-2.599522792182,0.22980188035));
#1168 = CARTESIAN_POINT('',(-2.599522792182,0.122181943025));
#1169 = ( GEOMETRIC_REPRESENTATION_CONTEXT(2) 
PARAMETRIC_REPRESENTATION_CONTEXT() REPRESENTATION_CONTEXT('2D SPACE',''
  ) );
#1170 = PCURVE('',#1171,#1181);
#1171 = ( BOUNDED_SURFACE() B_SPLINE_SURFACE(2,2,(
    (#1172,#1173,#1174)
    ,(#1175,#1176,#1177)
    ,(#1178,#1179,#1180
)),.UNSPECIFIED.,.F.,.F.,.F.) B_SPLINE_SURFACE_WITH_KNOTS((3,3),(3,3),(
    3.492664229894,5.932113730876),(4.712388980385,6.28318530718),
.PIECEWISE_BEZIER_KNOTS.) GEOMETRIC_REPRESENTATION_ITEM() 
RATIONAL_B_SPLINE_SURFACE((
    (1.,0.707106781187,1.)
    ,(0.343904219932,0.243177005992,0.343904219932)
,(1.,0.707106781187,1.))) REPRESENTATION_ITEM('') SURFACE() );
#1172 = CARTESIAN_POINT('',(-9.64481325293,12.057438598574,
    8.531984306453));
#1173 = CARTESIAN_POINT('',(-10.16066958282,12.057438598574,
    7.123477207818));
#1174 = CARTESIAN_POINT('',(-10.16066958282,13.857438598574,
    7.123477207818));
#1175 = CARTESIAN_POINT('',(-13.61456276302,12.057438598574,
    9.985878585634));
#1176 = CARTESIAN_POINT('',(-17.97624230361,12.057438598574,
    9.985878585634));
#1177 = CARTESIAN_POINT('',(-17.97624230361,13.857438598574,
    9.985878585634));
#1178 = CARTESIAN_POINT('',(-9.64481325293,12.057438598574,
    11.439772864815));
#1179 = CARTESIAN_POINT('',(-10.16066958282,12.057438598574,
    12.84827996345));
#1180 = CARTESIAN_POINT('',(-10.16066958282,13.857438598574,
    12.84827996345));
#1181 = DEFINITIONAL_REPRESENTATION('',(#1182),#1226);
#1182 = B_SPLINE_CURVE_WITH_KNOTS('',6,(#1183,#1184,#1185,#1186,#1187,
    #1188,#1189,#1190,#1191,#1192,#1193,#1194,#1195,#1196,#1197,#1198,
    #1199,#1200,#1201,#1202,#1203,#1204,#1205,#1206,#1207,#1208,#1209,
    #1210,#1211,#1212,#1213,#1214,#1215,#1216,#1217,#1218,#1219,#1220,
    #1221,#1222,#1223,#1224,#1225),.UNSPECIFIED.,.F.,.F.,(7,6,6,6,6,6,6,
    7),(0.,6.31014357106E-04,8.676447410207E-04,1.074696326946E-03,
    1.255866464631E-03,1.889961946527E-03,2.207009687476E-03,
    2.524057428424E-03),.UNSPECIFIED.);
#1183 = CARTESIAN_POINT('',(3.946371066216,4.712388980385));
#1184 = CARTESIAN_POINT('',(3.897746111256,4.770601286539));
#1185 = CARTESIAN_POINT('',(3.854263889178,4.829809066038));
#1186 = CARTESIAN_POINT('',(3.815226338952,4.889456100875));
#1187 = CARTESIAN_POINT('',(3.779996721645,4.949430203106));
#1188 = CARTESIAN_POINT('',(3.748031717082,5.009929227478));
#1189 = CARTESIAN_POINT('',(3.718913520506,5.071327084049));
#1190 = CARTESIAN_POINT('',(3.707992044564,5.094352794271));
#1191 = CARTESIAN_POINT('',(3.697453267772,5.117555500879));
#1192 = CARTESIAN_POINT('',(3.68730195279,5.140890038373));
#1193 = CARTESIAN_POINT('',(3.677542862281,5.16431124125));
#1194 = CARTESIAN_POINT('',(3.668180758905,5.187773944007));
#1195 = CARTESIAN_POINT('',(3.659220405322,5.211232981144));
#1196 = CARTESIAN_POINT('',(3.651380741421,5.231756086343));
#1197 = CARTESIAN_POINT('',(3.643828455447,5.252320069744));
#1198 = CARTESIAN_POINT('',(3.636639308271,5.272724214654));
#1199 = CARTESIAN_POINT('',(3.62967137634,5.293260987501));
#1200 = CARTESIAN_POINT('',(3.622985530975,5.313794461062));
#1201 = CARTESIAN_POINT('',(3.616543041947,5.33439791287));
#1202 = CARTESIAN_POINT('',(3.610906562953,5.352425786657));
#1203 = CARTESIAN_POINT('',(3.605459162009,5.370499473994));
#1204 = CARTESIAN_POINT('',(3.600193307459,5.388634924179));
#1205 = CARTESIAN_POINT('',(3.595101467647,5.406848086508));
#1206 = CARTESIAN_POINT('',(3.590176110916,5.425154910281));
#1207 = CARTESIAN_POINT('',(3.585409705612,5.443571344794));
#1208 = CARTESIAN_POINT('',(3.568716438541,5.508075119633));
#1209 = CARTESIAN_POINT('',(3.55426881862,5.572886678153));
#1210 = CARTESIAN_POINT('',(3.541803165536,5.638222423859));
#1211 = CARTESIAN_POINT('',(3.53111949652,5.70439957807));
#1212 = CARTESIAN_POINT('',(3.522081526349,5.771836179922));
#1213 = CARTESIAN_POINT('',(3.514616667349,5.841051086363));
#1214 = CARTESIAN_POINT('',(3.510882621395,5.875673472728));
#1215 = CARTESIAN_POINT('',(3.507568388714,5.910445537877));
#1216 = CARTESIAN_POINT('',(3.504651846903,5.945476765364));
#1217 = CARTESIAN_POINT('',(3.502114953743,5.980887465201));
#1218 = CARTESIAN_POINT('',(3.499943747202,6.016808773858));
#1219 = CARTESIAN_POINT('',(3.49812834543,6.053382654262));
#1220 = CARTESIAN_POINT('',(3.496314472685,6.089956699464));
#1221 = CARTESIAN_POINT('',(3.494859580131,6.12721696805));
#1222 = CARTESIAN_POINT('',(3.49376538867,6.165166711567));
#1223 = CARTESIAN_POINT('',(3.493033619207,6.203809181562));
#1224 = CARTESIAN_POINT('',(3.492665992647,6.243147629584));
#1225 = CARTESIAN_POINT('',(3.492664229894,6.28318530718));
#1226 = ( GEOMETRIC_REPRESENTATION_CONTEXT(2) 
PARAMETRIC_REPRESENTATION_CONTEXT() REPRESENTATION_CONTEXT('2D SPACE',''
  ) );
#1227 = ORIENTED_EDGE('',*,*,#1228,.T.);
#1228 = EDGE_CURVE('',#1134,#1229,#1231,.T.);
#1229 = VERTEX_POINT('',#1230);
#1230 = CARTESIAN_POINT('',(-10.16066958282,15.657438598574,
    7.123477207818));
#1231 = SURFACE_CURVE('',#1232,(#1235,#1241),.PCURVE_S1.);
#1232 = B_SPLINE_CURVE_WITH_KNOTS('',1,(#1233,#1234),.UNSPECIFIED.,.F.,
  .F.,(2,2),(1.5,3.),.PIECEWISE_BEZIER_KNOTS.);
#1233 = CARTESIAN_POINT('',(-10.16066958282,13.857438598574,
    7.123477207818));
#1234 = CARTESIAN_POINT('',(-10.16066958282,15.657438598574,
    7.123477207818));
#1235 = PCURVE('',#1111,#1236);
#1236 = DEFINITIONAL_REPRESENTATION('',(#1237),#1240);
#1237 = B_SPLINE_CURVE_WITH_KNOTS('',1,(#1238,#1239),.UNSPECIFIED.,.F.,
  .F.,(2,2),(1.5,3.),.PIECEWISE_BEZIER_KNOTS.);
#1238 = CARTESIAN_POINT('',(-2.599522792182,0.122181943025));
#1239 = CARTESIAN_POINT('',(-2.599522792182,-1.377818056975));
#1240 = ( GEOMETRIC_REPRESENTATION_CONTEXT(2) 
PARAMETRIC_REPRESENTATION_CONTEXT() REPRESENTATION_CONTEXT('2D SPACE',''
  ) );
#1241 = PCURVE('',#1242,#1249);
#1242 = ( BOUNDED_SURFACE() B_SPLINE_SURFACE(2,1,(
    (#1243,#1244)
    ,(#1245,#1246)
    ,(#1247,#1248
)),.UNSPECIFIED.,.F.,.F.,.F.) B_SPLINE_SURFACE_WITH_KNOTS((3,3),(2,2),(
    3.492664229894,5.932113730876),(1.5,3.),.PIECEWISE_BEZIER_KNOTS.) 
GEOMETRIC_REPRESENTATION_ITEM() RATIONAL_B_SPLINE_SURFACE((
    (1.,1.)
    ,(0.343904219932,0.343904219932)
,(1.,1.))) REPRESENTATION_ITEM('') SURFACE() );
#1243 = CARTESIAN_POINT('',(-10.16066958282,13.857438598574,
    7.123477207818));
#1244 = CARTESIAN_POINT('',(-10.16066958282,15.657438598574,
    7.123477207818));
#1245 = CARTESIAN_POINT('',(-17.97624230361,13.857438598574,
    9.985878585634));
#1246 = CARTESIAN_POINT('',(-17.97624230361,15.657438598574,
    9.985878585634));
#1247 = CARTESIAN_POINT('',(-10.16066958282,13.857438598574,
    12.84827996345));
#1248 = CARTESIAN_POINT('',(-10.16066958282,15.657438598574,
    12.84827996345));
#1249 = DEFINITIONAL_REPRESENTATION('',(#1250),#1254);
#1250 = B_SPLINE_CURVE_WITH_KNOTS('',2,(#1251,#1252,#1253),
  .UNSPECIFIED.,.F.,.F.,(3,3),(1.5,3.),.PIECEWISE_BEZIER_KNOTS.);
#1251 = CARTESIAN_POINT('',(3.492664229894,1.5));
#1252 = CARTESIAN_POINT('',(3.492664229894,2.25));
#1253 = CARTESIAN_POINT('',(3.492664229894,3.));
#1254 = ( GEOMETRIC_REPRESENTATION_CONTEXT(2) 
PARAMETRIC_REPRESENTATION_CONTEXT() REPRESENTATION_CONTEXT('2D SPACE',''
  ) );
#1255 = ORIENTED_EDGE('',*,*,#1256,.F.);
#1256 = EDGE_CURVE('',#1257,#1229,#1259,.T.);
#1257 = VERTEX_POINT('',#1258);
#1258 = CARTESIAN_POINT('',(-10.16066958282,11.815362808521,
    4.787649330931));
#1259 = SURFACE_CURVE('',#1260,(#1264,#1271),.PCURVE_S1.);
#1260 = B_SPLINE_CURVE_WITH_KNOTS('',2,(#1261,#1262,#1263),
  .UNSPECIFIED.,.F.,.F.,(3,3),(0.,1.),.PIECEWISE_BEZIER_KNOTS.);
#1261 = CARTESIAN_POINT('',(-10.16066958282,11.815362808521,
    4.787649330931));
#1262 = CARTESIAN_POINT('',(-10.16066958282,14.340448340154,
    5.911523835233));
#1263 = CARTESIAN_POINT('',(-10.16066958282,15.657438598574,
    7.123477207818));
#1264 = PCURVE('',#1111,#1265);
#1265 = DEFINITIONAL_REPRESENTATION('',(#1266),#1270);
#1266 = B_SPLINE_CURVE_WITH_KNOTS('',2,(#1267,#1268,#1269),
  .UNSPECIFIED.,.F.,.F.,(3,3),(0.,1.),.PIECEWISE_BEZIER_KNOTS.);
#1267 = CARTESIAN_POINT('',(-4.935350669069,1.823911768068));
#1268 = CARTESIAN_POINT('',(-3.811476164767,-0.280326174959));
#1269 = CARTESIAN_POINT('',(-2.599522792182,-1.377818056975));
#1270 = ( GEOMETRIC_REPRESENTATION_CONTEXT(2) 
PARAMETRIC_REPRESENTATION_CONTEXT() REPRESENTATION_CONTEXT('2D SPACE',''
  ) );
#1271 = PCURVE('',#558,#1272);
#1272 = DEFINITIONAL_REPRESENTATION('',(#1273),#1277);
#1273 = B_SPLINE_CURVE_WITH_KNOTS('',2,(#1274,#1275,#1276),
  .UNSPECIFIED.,.F.,.F.,(3,3),(0.,1.),.PIECEWISE_BEZIER_KNOTS.);
#1274 = CARTESIAN_POINT('',(0.498812074629,6.914969507578E-17));
#1275 = CARTESIAN_POINT('',(0.499112460047,3.42098606235E-17));
#1276 = CARTESIAN_POINT('',(0.499412845464,6.914969548394E-17));
#1277 = ( GEOMETRIC_REPRESENTATION_CONTEXT(2) 
PARAMETRIC_REPRESENTATION_CONTEXT() REPRESENTATION_CONTEXT('2D SPACE',''
  ) );
#1278 = ORIENTED_EDGE('',*,*,#1279,.F.);
#1279 = EDGE_CURVE('',#1280,#1257,#1282,.T.);
#1280 = VERTEX_POINT('',#1281);
#1281 = CARTESIAN_POINT('',(-10.16066958282,-7.502941937812,
    17.387649330562));
#1282 = SURFACE_CURVE('',#1283,(#1287,#1294),.PCURVE_S1.);
#1283 = B_SPLINE_CURVE_WITH_KNOTS('',2,(#1284,#1285,#1286),
  .UNSPECIFIED.,.F.,.F.,(3,3),(0.497667241109,0.499554279588),
  .PIECEWISE_BEZIER_KNOTS.);
#1284 = CARTESIAN_POINT('',(-10.16066958282,-7.502941937812,
    17.387649330562));
#1285 = CARTESIAN_POINT('',(-10.16066958282,2.973278537371,
    6.149086331587));
#1286 = CARTESIAN_POINT('',(-10.16066958282,11.815362808521,
    4.787649330931));
#1287 = PCURVE('',#1111,#1288);
#1288 = DEFINITIONAL_REPRESENTATION('',(#1289),#1293);
#1289 = B_SPLINE_CURVE_WITH_KNOTS('',2,(#1290,#1291,#1292),
  .UNSPECIFIED.,.F.,.F.,(3,3),(0.497667241109,0.499554279588),
  .PIECEWISE_BEZIER_KNOTS.);
#1290 = CARTESIAN_POINT('',(7.664649330561,17.922499056679));
#1291 = CARTESIAN_POINT('',(-3.573913668413,9.19231532736));
#1292 = CARTESIAN_POINT('',(-4.935350669069,1.823911768068));
#1293 = ( GEOMETRIC_REPRESENTATION_CONTEXT(2) 
PARAMETRIC_REPRESENTATION_CONTEXT() REPRESENTATION_CONTEXT('2D SPACE',''
  ) );
#1294 = PCURVE('',#1084,#1295);
#1295 = DEFINITIONAL_REPRESENTATION('',(#1296),#1300);
#1296 = B_SPLINE_CURVE_WITH_KNOTS('',2,(#1297,#1298,#1299),
  .UNSPECIFIED.,.F.,.F.,(3,3),(0.497667241109,0.499554279588),
  .PIECEWISE_BEZIER_KNOTS.);
#1297 = CARTESIAN_POINT('',(0.497667241109,-2.148075554237E-17));
#1298 = CARTESIAN_POINT('',(0.498610760348,2.158124322119E-16));
#1299 = CARTESIAN_POINT('',(0.499554279588,-2.148075553703E-17));
#1300 = ( GEOMETRIC_REPRESENTATION_CONTEXT(2) 
PARAMETRIC_REPRESENTATION_CONTEXT() REPRESENTATION_CONTEXT('2D SPACE',''
  ) );
#1301 = ORIENTED_EDGE('',*,*,#1302,.F.);
#1302 = EDGE_CURVE('',#1303,#1280,#1305,.T.);
#1303 = VERTEX_POINT('',#1304);
#1304 = CARTESIAN_POINT('',(-10.16066958282,-12.41181677621,
    21.386868254913));
#1305 = SURFACE_CURVE('',#1306,(#1310,#1317),.PCURVE_S1.);
#1306 = ( BOUNDED_CURVE() B_SPLINE_CURVE(2,(#1307,#1308,#1309),
.UNSPECIFIED.,.F.,.F.) B_SPLINE_CURVE_WITH_KNOTS((3,3),(5.445601642235,
5.527350446649),.PIECEWISE_BEZIER_KNOTS.) CURVE() 
GEOMETRIC_REPRESENTATION_ITEM() RATIONAL_B_SPLINE_CURVE((1.,
0.99916475792,1.)) REPRESENTATION_ITEM('') );
#1307 = CARTESIAN_POINT('',(-10.16066958282,-12.41181677621,
    21.386868254913));
#1308 = CARTESIAN_POINT('',(-10.16066958282,-9.85924528982,
    19.470908434767));
#1309 = CARTESIAN_POINT('',(-10.16066958282,-7.502941937812,
    17.387649330562));
#1310 = PCURVE('',#1111,#1311);
#1311 = DEFINITIONAL_REPRESENTATION('',(#1312),#1316);
#1312 = ( BOUNDED_CURVE() B_SPLINE_CURVE(2,(#1313,#1314,#1315),
.UNSPECIFIED.,.F.,.F.) B_SPLINE_CURVE_WITH_KNOTS((3,3),(5.445601642235,
5.527350446649),.PIECEWISE_BEZIER_KNOTS.) CURVE() 
GEOMETRIC_REPRESENTATION_ITEM() RATIONAL_B_SPLINE_CURVE((1.,
0.99916475792,1.)) REPRESENTATION_ITEM('') );
#1313 = CARTESIAN_POINT('',(11.663868254913,22.013228088684));
#1314 = CARTESIAN_POINT('',(9.747908434767,19.886085183352));
#1315 = CARTESIAN_POINT('',(7.664649330562,17.922499056679));
#1316 = ( GEOMETRIC_REPRESENTATION_CONTEXT(2) 
PARAMETRIC_REPRESENTATION_CONTEXT() REPRESENTATION_CONTEXT('2D SPACE',''
  ) );
#1317 = PCURVE('',#1056,#1318);
#1318 = DEFINITIONAL_REPRESENTATION('',(#1319),#1323);
#1319 = B_SPLINE_CURVE_WITH_KNOTS('',2,(#1320,#1321,#1322),
  .UNSPECIFIED.,.F.,.F.,(3,3),(5.445601642235,5.527350446649),
  .PIECEWISE_BEZIER_KNOTS.);
#1320 = CARTESIAN_POINT('',(0.837583664945,-2.962154076586E-29));
#1321 = CARTESIAN_POINT('',(0.796709262737,-6.2922661089E-16));
#1322 = CARTESIAN_POINT('',(0.75583486053,-4.375347664148E-29));
#1323 = ( GEOMETRIC_REPRESENTATION_CONTEXT(2) 
PARAMETRIC_REPRESENTATION_CONTEXT() REPRESENTATION_CONTEXT('2D SPACE',''
  ) );
#1324 = ORIENTED_EDGE('',*,*,#1325,.T.);
#1325 = EDGE_CURVE('',#1303,#1326,#1328,.T.);
#1326 = VERTEX_POINT('',#1327);
#1327 = CARTESIAN_POINT('',(-10.16066958282,-12.41181677621,
    21.718342722749));
#1328 = SURFACE_CURVE('',#1329,(#1332,#1338),.PCURVE_S1.);
#1329 = B_SPLINE_CURVE_WITH_KNOTS('',1,(#1330,#1331),.UNSPECIFIED.,.F.,
  .F.,(2,2),(11.663868254913,11.995342722749),.PIECEWISE_BEZIER_KNOTS.);
#1330 = CARTESIAN_POINT('',(-10.16066958282,-12.41181677621,
    21.386868254913));
#1331 = CARTESIAN_POINT('',(-10.16066958282,-12.41181677621,
    21.718342722749));
#1332 = PCURVE('',#1111,#1333);
#1333 = DEFINITIONAL_REPRESENTATION('',(#1334),#1337);
#1334 = B_SPLINE_CURVE_WITH_KNOTS('',1,(#1335,#1336),.UNSPECIFIED.,.F.,
  .F.,(2,2),(11.663868254913,11.995342722749),.PIECEWISE_BEZIER_KNOTS.);
#1335 = CARTESIAN_POINT('',(11.663868254913,22.013228088684));
#1336 = CARTESIAN_POINT('',(11.995342722749,22.013228088684));
#1337 = ( GEOMETRIC_REPRESENTATION_CONTEXT(2) 
PARAMETRIC_REPRESENTATION_CONTEXT() REPRESENTATION_CONTEXT('2D SPACE',''
  ) );
#1338 = PCURVE('',#1029,#1339);
#1339 = DEFINITIONAL_REPRESENTATION('',(#1340),#1343);
#1340 = B_SPLINE_CURVE_WITH_KNOTS('',1,(#1341,#1342),.UNSPECIFIED.,.F.,
  .F.,(2,2),(11.663868254913,11.995342722749),.PIECEWISE_BEZIER_KNOTS.);
#1341 = CARTESIAN_POINT('',(6.820424331315,-2.1));
#1342 = CARTESIAN_POINT('',(6.488949863479,-2.1));
#1343 = ( GEOMETRIC_REPRESENTATION_CONTEXT(2) 
PARAMETRIC_REPRESENTATION_CONTEXT() REPRESENTATION_CONTEXT('2D SPACE',''
  ) );
#1344 = ORIENTED_EDGE('',*,*,#1345,.F.);
#1345 = EDGE_CURVE('',#1346,#1326,#1348,.T.);
#1346 = VERTEX_POINT('',#1347);
#1347 = CARTESIAN_POINT('',(-10.16066958282,4.453073765071,
    22.454885607016));
#1348 = SURFACE_CURVE('',#1349,(#1352,#1358),.PCURVE_S1.);
#1349 = B_SPLINE_CURVE_WITH_KNOTS('',1,(#1350,#1351),.UNSPECIFIED.,.F.,
  .F.,(2,2),(-14.42384282637,-0.350480321099),.PIECEWISE_BEZIER_KNOTS.);
#1350 = CARTESIAN_POINT('',(-10.16066958282,4.453073765071,
    22.454885607016));
#1351 = CARTESIAN_POINT('',(-10.16066958282,-12.41181677621,
    21.718342722749));
#1352 = PCURVE('',#1111,#1353);
#1353 = DEFINITIONAL_REPRESENTATION('',(#1354),#1357);
#1354 = B_SPLINE_CURVE_WITH_KNOTS('',1,(#1355,#1356),.UNSPECIFIED.,.F.,
  .F.,(2,2),(-14.42384282637,-0.350480321099),.PIECEWISE_BEZIER_KNOTS.);
#1355 = CARTESIAN_POINT('',(12.731885607016,7.95915263761));
#1356 = CARTESIAN_POINT('',(11.995342722749,22.013228088684));
#1357 = ( GEOMETRIC_REPRESENTATION_CONTEXT(2) 
PARAMETRIC_REPRESENTATION_CONTEXT() REPRESENTATION_CONTEXT('2D SPACE',''
  ) );
#1358 = PCURVE('',#1004,#1359);
#1359 = DEFINITIONAL_REPRESENTATION('',(#1360),#1363);
#1360 = B_SPLINE_CURVE_WITH_KNOTS('',1,(#1361,#1362),.UNSPECIFIED.,.F.,
  .F.,(2,2),(-14.42384282637,-0.350480321099),.PIECEWISE_BEZIER_KNOTS.);
#1361 = CARTESIAN_POINT('',(-8.881784197001E-16,14.423842826373));
#1362 = CARTESIAN_POINT('',(8.881784197001E-16,0.350480321099));
#1363 = ( GEOMETRIC_REPRESENTATION_CONTEXT(2) 
PARAMETRIC_REPRESENTATION_CONTEXT() REPRESENTATION_CONTEXT('2D SPACE',''
  ) );
#1364 = ORIENTED_EDGE('',*,*,#1365,.F.);
#1365 = EDGE_CURVE('',#1366,#1346,#1368,.T.);
#1366 = VERTEX_POINT('',#1367);
#1367 = CARTESIAN_POINT('',(-10.16066958282,6.837438567511,
    20.324120427029));
#1368 = SURFACE_CURVE('',#1369,(#1372,#1378),.PCURVE_S1.);
#1369 = B_SPLINE_CURVE_WITH_KNOTS('',1,(#1370,#1371),.UNSPECIFIED.,.F.,
  .F.,(2,2),(3.273634990296E-08,2.913453771947),
  .PIECEWISE_BEZIER_KNOTS.);
#1370 = CARTESIAN_POINT('',(-10.16066958282,6.837438571785,
    20.32412043035));
#1371 = CARTESIAN_POINT('',(-10.16066958282,4.453073765071,
    22.454885607016));
#1372 = PCURVE('',#1111,#1373);
#1373 = DEFINITIONAL_REPRESENTATION('',(#1374),#1377);
#1374 = B_SPLINE_CURVE_WITH_KNOTS('',1,(#1375,#1376),.UNSPECIFIED.,.F.,
  .F.,(2,2),(3.273634990296E-08,2.913453771947),
  .PIECEWISE_BEZIER_KNOTS.);
#1375 = CARTESIAN_POINT('',(10.60112043035,5.972181965348));
#1376 = CARTESIAN_POINT('',(12.731885607016,7.95915263761));
#1377 = ( GEOMETRIC_REPRESENTATION_CONTEXT(2) 
PARAMETRIC_REPRESENTATION_CONTEXT() REPRESENTATION_CONTEXT('2D SPACE',''
  ) );
#1378 = PCURVE('',#979,#1379);
#1379 = DEFINITIONAL_REPRESENTATION('',(#1380),#1383);
#1380 = B_SPLINE_CURVE_WITH_KNOTS('',1,(#1381,#1382),.UNSPECIFIED.,.F.,
  .F.,(2,2),(3.273634990296E-08,2.913453771947),
  .PIECEWISE_BEZIER_KNOTS.);
#1381 = CARTESIAN_POINT('',(0.,3.273635051926E-08));
#1382 = CARTESIAN_POINT('',(1.7763568394E-15,2.913453771947));
#1383 = ( GEOMETRIC_REPRESENTATION_CONTEXT(2) 
PARAMETRIC_REPRESENTATION_CONTEXT() REPRESENTATION_CONTEXT('2D SPACE',''
  ) );
#1384 = ORIENTED_EDGE('',*,*,#1385,.F.);
#1385 = EDGE_CURVE('',#1386,#1366,#1388,.T.);
#1386 = VERTEX_POINT('',#1387);
#1387 = CARTESIAN_POINT('',(-10.16066958282,15.657438598574,
    12.84827996345));
#1388 = SURFACE_CURVE('',#1389,(#1393,#1400),.PCURVE_S1.);
#1389 = B_SPLINE_CURVE_WITH_KNOTS('',2,(#1390,#1391,#1392),
  .UNSPECIFIED.,.F.,.F.,(3,3),(0.,1.),.PIECEWISE_BEZIER_KNOTS.);
#1390 = CARTESIAN_POINT('',(-10.16066958282,15.657438598574,
    12.84827996345));
#1391 = CARTESIAN_POINT('',(-10.16066958282,13.49281707449,
    15.905157748941));
#1392 = CARTESIAN_POINT('',(-10.16066958282,6.837438567511,
    20.324120427029));
#1393 = PCURVE('',#1111,#1394);
#1394 = DEFINITIONAL_REPRESENTATION('',(#1395),#1399);
#1395 = B_SPLINE_CURVE_WITH_KNOTS('',2,(#1396,#1397,#1398),
  .UNSPECIFIED.,.F.,.F.,(3,3),(0.,1.),.PIECEWISE_BEZIER_KNOTS.);
#1396 = CARTESIAN_POINT('',(3.125279963449,-1.377818056975));
#1397 = CARTESIAN_POINT('',(6.18215774894,0.426033213094));
#1398 = CARTESIAN_POINT('',(10.601120427029,5.97218196891));
#1399 = ( GEOMETRIC_REPRESENTATION_CONTEXT(2) 
PARAMETRIC_REPRESENTATION_CONTEXT() REPRESENTATION_CONTEXT('2D SPACE',''
  ) );
#1400 = PCURVE('',#420,#1401);
#1401 = DEFINITIONAL_REPRESENTATION('',(#1402),#1406);
#1402 = B_SPLINE_CURVE_WITH_KNOTS('',2,(#1403,#1404,#1405),
  .UNSPECIFIED.,.F.,.F.,(3,3),(0.,1.),.PIECEWISE_BEZIER_KNOTS.);
#1403 = CARTESIAN_POINT('',(0.500820705123,-2.148075554237E-17));
#1404 = CARTESIAN_POINT('',(0.501417008453,-2.148075552567E-17));
#1405 = CARTESIAN_POINT('',(0.502013311782,-2.148075554237E-17));
#1406 = ( GEOMETRIC_REPRESENTATION_CONTEXT(2) 
PARAMETRIC_REPRESENTATION_CONTEXT() REPRESENTATION_CONTEXT('2D SPACE',''
  ) );
#1407 = ORIENTED_EDGE('',*,*,#1408,.F.);
#1408 = EDGE_CURVE('',#1409,#1386,#1411,.T.);
#1409 = VERTEX_POINT('',#1410);
#1410 = CARTESIAN_POINT('',(-10.16066958282,13.857438598574,
    12.84827996345));
#1411 = SURFACE_CURVE('',#1412,(#1415,#1421),.PCURVE_S1.);
#1412 = B_SPLINE_CURVE_WITH_KNOTS('',1,(#1413,#1414),.UNSPECIFIED.,.F.,
  .F.,(2,2),(1.5,3.),.PIECEWISE_BEZIER_KNOTS.);
#1413 = CARTESIAN_POINT('',(-10.16066958282,13.857438598574,
    12.84827996345));
#1414 = CARTESIAN_POINT('',(-10.16066958282,15.657438598574,
    12.84827996345));
#1415 = PCURVE('',#1111,#1416);
#1416 = DEFINITIONAL_REPRESENTATION('',(#1417),#1420);
#1417 = B_SPLINE_CURVE_WITH_KNOTS('',1,(#1418,#1419),.UNSPECIFIED.,.F.,
  .F.,(2,2),(1.5,3.),.PIECEWISE_BEZIER_KNOTS.);
#1418 = CARTESIAN_POINT('',(3.125279963449,0.122181943025));
#1419 = CARTESIAN_POINT('',(3.125279963449,-1.377818056975));
#1420 = ( GEOMETRIC_REPRESENTATION_CONTEXT(2) 
PARAMETRIC_REPRESENTATION_CONTEXT() REPRESENTATION_CONTEXT('2D SPACE',''
  ) );
#1421 = PCURVE('',#1242,#1422);
#1422 = DEFINITIONAL_REPRESENTATION('',(#1423),#1427);
#1423 = B_SPLINE_CURVE_WITH_KNOTS('',2,(#1424,#1425,#1426),
  .UNSPECIFIED.,.F.,.F.,(3,3),(1.5,3.),.PIECEWISE_BEZIER_KNOTS.);
#1424 = CARTESIAN_POINT('',(5.932113730876,1.5));
#1425 = CARTESIAN_POINT('',(5.932113730876,2.25));
#1426 = CARTESIAN_POINT('',(5.932113730876,3.));
#1427 = ( GEOMETRIC_REPRESENTATION_CONTEXT(2) 
PARAMETRIC_REPRESENTATION_CONTEXT() REPRESENTATION_CONTEXT('2D SPACE',''
  ) );
#1428 = ORIENTED_EDGE('',*,*,#1429,.T.);
#1429 = EDGE_CURVE('',#1409,#1104,#1430,.T.);
#1430 = SURFACE_CURVE('',#1431,(#1446,#1464),.PCURVE_S1.);
#1431 = B_SPLINE_CURVE_WITH_KNOTS('',3,(#1432,#1433,#1434,#1435,#1436,
    #1437,#1438,#1439,#1440,#1441,#1442,#1443,#1444,#1445),
  .UNSPECIFIED.,.F.,.F.,(4,2,2,2,2,2,4),(0.,3.174188710944E-04,
    6.348377421889E-04,1.269675484378E-03,1.587094355472E-03,
    1.904513226567E-03,2.539350968755E-03),.UNSPECIFIED.);
#1432 = CARTESIAN_POINT('',(-10.16066958282,13.857438598574,
    12.84827996345));
#1433 = CARTESIAN_POINT('',(-10.16066958282,13.728613644539,
    12.84827996345));
#1434 = CARTESIAN_POINT('',(-10.16066958282,13.602286313183,
    12.836156099979));
#1435 = CARTESIAN_POINT('',(-10.16066958282,13.354414150612,
    12.788693345723));
#1436 = CARTESIAN_POINT('',(-10.16066958282,13.231809018948,
    12.752685512704));
#1437 = CARTESIAN_POINT('',(-10.16066958282,12.888189418638,
    12.614252744337));
#1438 = CARTESIAN_POINT('',(-10.16066958282,12.683369508436,
    12.478190065865));
#1439 = CARTESIAN_POINT('',(-10.16066958282,12.440708538902,
    12.232640480637));
#1440 = CARTESIAN_POINT('',(-10.16066958282,12.369121403906,
    12.142534018078));
#1441 = CARTESIAN_POINT('',(-10.16066958282,12.249965926253,
    11.954868382371));
#1442 = CARTESIAN_POINT('',(-10.16066958282,12.201651810822,
    11.856794644886));
#1443 = CARTESIAN_POINT('',(-10.16066958282,12.087979500135,
    11.550799804778));
#1444 = CARTESIAN_POINT('',(-10.16066958282,12.057438598574,
    11.339030554389));
#1445 = CARTESIAN_POINT('',(-10.16066958282,12.057438598574,
    11.125323806753));
#1446 = PCURVE('',#1111,#1447);
#1447 = DEFINITIONAL_REPRESENTATION('',(#1448),#1463);
#1448 = B_SPLINE_CURVE_WITH_KNOTS('',3,(#1449,#1450,#1451,#1452,#1453,
    #1454,#1455,#1456,#1457,#1458,#1459,#1460,#1461,#1462),
  .UNSPECIFIED.,.F.,.F.,(4,2,2,2,2,2,4),(0.,3.174188710944E-04,
    6.348377421889E-04,1.269675484378E-03,1.587094355472E-03,
    1.904513226567E-03,2.539350968755E-03),.UNSPECIFIED.);
#1449 = CARTESIAN_POINT('',(3.125279963449,0.122181943025));
#1450 = CARTESIAN_POINT('',(3.125279963449,0.229536071387));
#1451 = CARTESIAN_POINT('',(3.113156099979,0.334808847517));
#1452 = CARTESIAN_POINT('',(3.065693345723,0.541368982993));
#1453 = CARTESIAN_POINT('',(3.029685512704,0.643539926046));
#1454 = CARTESIAN_POINT('',(2.891252744336,0.929889592971));
#1455 = CARTESIAN_POINT('',(2.755190065864,1.100572851472));
#1456 = CARTESIAN_POINT('',(2.509640480637,1.302790326085));
#1457 = CARTESIAN_POINT('',(2.419534018078,1.362446271914));
#1458 = CARTESIAN_POINT('',(2.231868382371,1.461742503292));
#1459 = CARTESIAN_POINT('',(2.133794644886,1.502004266151));
#1460 = CARTESIAN_POINT('',(1.827799804778,1.596731191724));
#1461 = CARTESIAN_POINT('',(1.616030554389,1.622181943025));
#1462 = CARTESIAN_POINT('',(1.402323806752,1.622181943025));
#1463 = ( GEOMETRIC_REPRESENTATION_CONTEXT(2) 
PARAMETRIC_REPRESENTATION_CONTEXT() REPRESENTATION_CONTEXT('2D SPACE',''
  ) );
#1464 = PCURVE('',#1171,#1465);
#1465 = DEFINITIONAL_REPRESENTATION('',(#1466),#1514);
#1466 = B_SPLINE_CURVE_WITH_KNOTS('',8,(#1467,#1468,#1469,#1470,#1471,
    #1472,#1473,#1474,#1475,#1476,#1477,#1478,#1479,#1480,#1481,#1482,
    #1483,#1484,#1485,#1486,#1487,#1488,#1489,#1490,#1491,#1492,#1493,
    #1494,#1495,#1496,#1497,#1498,#1499,#1500,#1501,#1502,#1503,#1504,
    #1505,#1506,#1507,#1508,#1509,#1510,#1511,#1512,#1513),
  .UNSPECIFIED.,.F.,.F.,(9,7,7,8,8,8,9),(0.,3.174188710944E-04,
    5.951603833021E-04,1.081208029665E-03,1.445743764438E-03,
    1.992547366597E-03,2.539350968755E-03),.UNSPECIFIED.);
#1467 = CARTESIAN_POINT('',(5.932113730876,6.28318530718));
#1468 = CARTESIAN_POINT('',(5.932112449108,6.253382381621));
#1469 = CARTESIAN_POINT('',(5.931922980368,6.224111002956));
#1470 = CARTESIAN_POINT('',(5.931544860933,6.195316869676));
#1471 = CARTESIAN_POINT('',(5.930977627079,6.166945680274));
#1472 = CARTESIAN_POINT('',(5.930220815084,6.138943133239));
#1473 = CARTESIAN_POINT('',(5.929273961224,6.111254927065));
#1474 = CARTESIAN_POINT('',(5.928136601776,6.083826760242));
#1475 = CARTESIAN_POINT('',(5.925644227195,6.032790518913));
#1476 = CARTESIAN_POINT('',(5.924325204976,6.009087167237));
#1477 = CARTESIAN_POINT('',(5.922851513328,5.985512174739));
#1478 = CARTESIAN_POINT('',(5.921223459219,5.962083439925));
#1479 = CARTESIAN_POINT('',(5.91944134962,5.938818861301));
#1480 = CARTESIAN_POINT('',(5.9175054915,5.915736337372));
#1481 = CARTESIAN_POINT('',(5.915416191827,5.892853766645));
#1482 = CARTESIAN_POINT('',(5.909250185466,5.830536293365));
#1483 = CARTESIAN_POINT('',(5.90485665047,5.791598398837));
#1484 = CARTESIAN_POINT('',(5.899935386456,5.75287078008));
#1485 = CARTESIAN_POINT('',(5.894490654443,5.714430329733));
#1486 = CARTESIAN_POINT('',(5.888526192036,5.676391849591));
#1487 = CARTESIAN_POINT('',(5.882019649027,5.638683904406));
#1488 = CARTESIAN_POINT('',(5.874934009143,5.601144096953));
#1489 = CARTESIAN_POINT('',(5.867265997942,5.563933764356));
#1490 = CARTESIAN_POINT('',(5.861510991582,5.536004710033));
#1491 = CARTESIAN_POINT('',(5.855447558709,5.508322407355));
#1492 = CARTESIAN_POINT('',(5.848968358512,5.480480144708));
#1493 = CARTESIAN_POINT('',(5.842244268075,5.453220022191));
#1494 = CARTESIAN_POINT('',(5.83513822262,5.426035339415));
#1495 = CARTESIAN_POINT('',(5.827514548541,5.398417556824));
#1496 = CARTESIAN_POINT('',(5.81955052217,5.371124304663));
#1497 = CARTESIAN_POINT('',(5.811156887221,5.343844913724));
#1498 = CARTESIAN_POINT('',(5.798581390682,5.302970882107));
#1499 = CARTESIAN_POINT('',(5.784982504672,5.262020224618));
#1500 = CARTESIAN_POINT('',(5.770811772352,5.222394952289));
#1501 = CARTESIAN_POINT('',(5.755101366842,5.181634822569));
#1502 = CARTESIAN_POINT('',(5.739027141855,5.142588384479));
#1503 = CARTESIAN_POINT('',(5.721137364482,5.102184910618));
#1504 = CARTESIAN_POINT('',(5.702082724558,5.062154900981));
#1505 = CARTESIAN_POINT('',(5.681839371699,5.022530492526));
#1506 = CARTESIAN_POINT('',(5.661582195413,4.982878445179));
#1507 = CARTESIAN_POINT('',(5.640070566232,4.943498637038));
#1508 = CARTESIAN_POINT('',(5.617198543364,4.904333497658));
#1509 = CARTESIAN_POINT('',(5.592855647424,4.865363686792));
#1510 = CARTESIAN_POINT('',(5.566926860436,4.826608094388));
#1511 = CARTESIAN_POINT('',(5.539292625833,4.788123840591));
#1512 = CARTESIAN_POINT('',(5.509828848455,4.750006275744));
#1513 = CARTESIAN_POINT('',(5.478406894553,4.712388980385));
#1514 = ( GEOMETRIC_REPRESENTATION_CONTEXT(2) 
PARAMETRIC_REPRESENTATION_CONTEXT() REPRESENTATION_CONTEXT('2D SPACE',''
  ) );
#1515 = ADVANCED_FACE('',(#1516),#1029,.F.);
#1516 = FACE_BOUND('',#1517,.T.);
#1517 = EDGE_LOOP('',(#1518,#1537,#1538,#1556));
#1518 = ORIENTED_EDGE('',*,*,#1519,.T.);
#1519 = EDGE_CURVE('',#1303,#1016,#1520,.T.);
#1520 = SURFACE_CURVE('',#1521,(#1524,#1530),.PCURVE_S1.);
#1521 = B_SPLINE_CURVE_WITH_KNOTS('',1,(#1522,#1523),.UNSPECIFIED.,.F.,
  .F.,(2,2),(0.,9.8),.PIECEWISE_BEZIER_KNOTS.);
#1522 = CARTESIAN_POINT('',(-10.16066958282,-12.41181677621,
    21.386868254913));
#1523 = CARTESIAN_POINT('',(-0.360669582827,-12.41181677621,
    21.386868254913));
#1524 = PCURVE('',#1029,#1525);
#1525 = DEFINITIONAL_REPRESENTATION('',(#1526),#1529);
#1526 = B_SPLINE_CURVE_WITH_KNOTS('',1,(#1527,#1528),.UNSPECIFIED.,.F.,
  .F.,(2,2),(0.,9.8),.PIECEWISE_BEZIER_KNOTS.);
#1527 = CARTESIAN_POINT('',(6.820424331315,-2.1));
#1528 = CARTESIAN_POINT('',(6.820424331315,-11.9));
#1529 = ( GEOMETRIC_REPRESENTATION_CONTEXT(2) 
PARAMETRIC_REPRESENTATION_CONTEXT() REPRESENTATION_CONTEXT('2D SPACE',''
  ) );
#1530 = PCURVE('',#1056,#1531);
#1531 = DEFINITIONAL_REPRESENTATION('',(#1532),#1536);
#1532 = B_SPLINE_CURVE_WITH_KNOTS('',2,(#1533,#1534,#1535),
  .UNSPECIFIED.,.F.,.F.,(3,3),(0.,9.8),.PIECEWISE_BEZIER_KNOTS.);
#1533 = CARTESIAN_POINT('',(0.837583664945,-7.11362756484E-28));
#1534 = CARTESIAN_POINT('',(0.837583664945,4.9));
#1535 = CARTESIAN_POINT('',(0.837583664945,9.8));
#1536 = ( GEOMETRIC_REPRESENTATION_CONTEXT(2) 
PARAMETRIC_REPRESENTATION_CONTEXT() REPRESENTATION_CONTEXT('2D SPACE',''
  ) );
#1537 = ORIENTED_EDGE('',*,*,#1015,.T.);
#1538 = ORIENTED_EDGE('',*,*,#1539,.T.);
#1539 = EDGE_CURVE('',#991,#1326,#1540,.T.);
#1540 = SURFACE_CURVE('',#1541,(#1544,#1550),.PCURVE_S1.);
#1541 = B_SPLINE_CURVE_WITH_KNOTS('',1,(#1542,#1543),.UNSPECIFIED.,.F.,
  .F.,(2,2),(-9.8,0.),.PIECEWISE_BEZIER_KNOTS.);
#1542 = CARTESIAN_POINT('',(-0.360669582827,-12.41181677621,
    21.718342722749));
#1543 = CARTESIAN_POINT('',(-10.16066958282,-12.41181677621,
    21.718342722749));
#1544 = PCURVE('',#1029,#1545);
#1545 = DEFINITIONAL_REPRESENTATION('',(#1546),#1549);
#1546 = B_SPLINE_CURVE_WITH_KNOTS('',1,(#1547,#1548),.UNSPECIFIED.,.F.,
  .F.,(2,2),(-9.8,0.),.PIECEWISE_BEZIER_KNOTS.);
#1547 = CARTESIAN_POINT('',(6.488949863479,-11.9));
#1548 = CARTESIAN_POINT('',(6.488949863479,-2.1));
#1549 = ( GEOMETRIC_REPRESENTATION_CONTEXT(2) 
PARAMETRIC_REPRESENTATION_CONTEXT() REPRESENTATION_CONTEXT('2D SPACE',''
  ) );
#1550 = PCURVE('',#1004,#1551);
#1551 = DEFINITIONAL_REPRESENTATION('',(#1552),#1555);
#1552 = B_SPLINE_CURVE_WITH_KNOTS('',1,(#1553,#1554),.UNSPECIFIED.,.F.,
  .F.,(2,2),(-9.8,0.),.PIECEWISE_BEZIER_KNOTS.);
#1553 = CARTESIAN_POINT('',(9.8,0.350480321099));
#1554 = CARTESIAN_POINT('',(8.881784197001E-16,0.350480321099));
#1555 = ( GEOMETRIC_REPRESENTATION_CONTEXT(2) 
PARAMETRIC_REPRESENTATION_CONTEXT() REPRESENTATION_CONTEXT('2D SPACE',''
  ) );
#1556 = ORIENTED_EDGE('',*,*,#1325,.F.);
#1557 = ADVANCED_FACE('',(#1558),#1571,.T.);
#1558 = FACE_BOUND('',#1559,.T.);
#1559 = EDGE_LOOP('',(#1560,#1592,#1620,#1645));
#1560 = ORIENTED_EDGE('',*,*,#1561,.F.);
#1561 = EDGE_CURVE('',#1562,#1564,#1566,.T.);
#1562 = VERTEX_POINT('',#1563);
#1563 = CARTESIAN_POINT('',(-0.360669582827,13.557438598574,11.823));
#1564 = VERTEX_POINT('',#1565);
#1565 = CARTESIAN_POINT('',(-0.360669582827,15.657438598574,
    12.13157221624));
#1566 = SURFACE_CURVE('',#1567,(#1570,#1581),.PCURVE_S1.);
#1567 = B_SPLINE_CURVE_WITH_KNOTS('',1,(#1568,#1569),.UNSPECIFIED.,.F.,
  .F.,(2,2),(0.,1.7769965708),.PIECEWISE_BEZIER_KNOTS.);
#1568 = CARTESIAN_POINT('',(-0.360669582827,13.557438598574,11.823));
#1569 = CARTESIAN_POINT('',(-0.360669582827,15.657438598574,
    12.13157221624));
#1570 = PCURVE('',#1571,#1576);
#1571 = B_SPLINE_SURFACE_WITH_KNOTS('',1,1,(
    (#1572,#1573)
    ,(#1574,#1575
    )),.UNSPECIFIED.,.F.,.F.,.F.,(2,2),(2,2),(-9.66543409609E-32,
    1.7769965708),(-2.111336781007E-49,9.8),.PIECEWISE_BEZIER_KNOTS.);
#1572 = CARTESIAN_POINT('',(-10.16066958282,13.557438598574,11.823));
#1573 = CARTESIAN_POINT('',(-0.360669582827,13.557438598574,11.823));
#1574 = CARTESIAN_POINT('',(-10.16066958282,15.657438598574,
    12.13157221624));
#1575 = CARTESIAN_POINT('',(-0.360669582827,15.657438598574,
    12.13157221624));
#1576 = DEFINITIONAL_REPRESENTATION('',(#1577),#1580);
#1577 = B_SPLINE_CURVE_WITH_KNOTS('',1,(#1578,#1579),.UNSPECIFIED.,.F.,
  .F.,(2,2),(0.,1.7769965708),.PIECEWISE_BEZIER_KNOTS.);
#1578 = CARTESIAN_POINT('',(6.661338147751E-16,9.8));
#1579 = CARTESIAN_POINT('',(1.7769965708,9.8));
#1580 = ( GEOMETRIC_REPRESENTATION_CONTEXT(2) 
PARAMETRIC_REPRESENTATION_CONTEXT() REPRESENTATION_CONTEXT('2D SPACE',''
  ) );
#1581 = PCURVE('',#1582,#1587);
#1582 = B_SPLINE_SURFACE_WITH_KNOTS('',1,1,(
    (#1583,#1584)
    ,(#1585,#1586
    )),.UNSPECIFIED.,.F.,.F.,.F.,(2,2),(2,2),(-5.008095008422,
    -0.438411445571),(1.25,3.),.PIECEWISE_BEZIER_KNOTS.);
#1583 = CARTESIAN_POINT('',(-0.360669582827,13.557438598574,
    12.13157221624));
#1584 = CARTESIAN_POINT('',(-0.360669582827,15.657438598574,
    12.13157221624));
#1585 = CARTESIAN_POINT('',(-0.360669582827,13.557438598574,
    7.56188865339));
#1586 = CARTESIAN_POINT('',(-0.360669582827,15.657438598574,
    7.56188865339));
#1587 = DEFINITIONAL_REPRESENTATION('',(#1588),#1591);
#1588 = B_SPLINE_CURVE_WITH_KNOTS('',1,(#1589,#1590),.UNSPECIFIED.,.F.,
  .F.,(2,2),(0.,1.7769965708),.PIECEWISE_BEZIER_KNOTS.);
#1589 = CARTESIAN_POINT('',(-4.699522792182,1.25));
#1590 = CARTESIAN_POINT('',(-5.008095008422,3.));
#1591 = ( GEOMETRIC_REPRESENTATION_CONTEXT(2) 
PARAMETRIC_REPRESENTATION_CONTEXT() REPRESENTATION_CONTEXT('2D SPACE',''
  ) );
#1592 = ORIENTED_EDGE('',*,*,#1593,.F.);
#1593 = EDGE_CURVE('',#1594,#1562,#1596,.T.);
#1594 = VERTEX_POINT('',#1595);
#1595 = CARTESIAN_POINT('',(-10.16066958282,13.557438598574,11.823));
#1596 = SURFACE_CURVE('',#1597,(#1600,#1606),.PCURVE_S1.);
#1597 = B_SPLINE_CURVE_WITH_KNOTS('',1,(#1598,#1599),.UNSPECIFIED.,.F.,
  .F.,(2,2),(0.,9.8),.PIECEWISE_BEZIER_KNOTS.);
#1598 = CARTESIAN_POINT('',(-10.16066958282,13.557438598574,11.823));
#1599 = CARTESIAN_POINT('',(-0.360669582827,13.557438598574,11.823));
#1600 = PCURVE('',#1571,#1601);
#1601 = DEFINITIONAL_REPRESENTATION('',(#1602),#1605);
#1602 = B_SPLINE_CURVE_WITH_KNOTS('',1,(#1603,#1604),.UNSPECIFIED.,.F.,
  .F.,(2,2),(0.,9.8),.PIECEWISE_BEZIER_KNOTS.);
#1603 = CARTESIAN_POINT('',(0.,0.));
#1604 = CARTESIAN_POINT('',(6.661338147751E-16,9.8));
#1605 = ( GEOMETRIC_REPRESENTATION_CONTEXT(2) 
PARAMETRIC_REPRESENTATION_CONTEXT() REPRESENTATION_CONTEXT('2D SPACE',''
  ) );
#1606 = PCURVE('',#1607,#1614);
#1607 = ( BOUNDED_SURFACE() B_SPLINE_SURFACE(2,1,(
    (#1608,#1609)
    ,(#1610,#1611)
    ,(#1612,#1613
)),.UNSPECIFIED.,.F.,.F.,.F.) B_SPLINE_SURFACE_WITH_KNOTS((3,3),(2,2),(
    0.,1.),(0.,1.),.PIECEWISE_BEZIER_KNOTS.) 
GEOMETRIC_REPRESENTATION_ITEM() RATIONAL_B_SPLINE_SURFACE((
    (1.,1.)
    ,(3.231801218514,3.231801218514)
,(1.,1.))) REPRESENTATION_ITEM('') SURFACE() );
#1608 = CARTESIAN_POINT('',(-10.16066958282,13.557438598574,7.623));
#1609 = CARTESIAN_POINT('',(-0.360669582827,13.557438598574,7.623));
#1610 = CARTESIAN_POINT('',(-10.16066958282,14.142251794748,9.723));
#1611 = CARTESIAN_POINT('',(-0.360669582827,14.142251794748,9.723));
#1612 = CARTESIAN_POINT('',(-10.16066958282,13.557438598574,11.823));
#1613 = CARTESIAN_POINT('',(-0.360669582827,13.557438598574,11.823));
#1614 = DEFINITIONAL_REPRESENTATION('',(#1615),#1619);
#1615 = B_SPLINE_CURVE_WITH_KNOTS('',2,(#1616,#1617,#1618),
  .UNSPECIFIED.,.F.,.F.,(3,3),(0.,9.8),.PIECEWISE_BEZIER_KNOTS.);
#1616 = CARTESIAN_POINT('',(1.,1.455860905092E-16));
#1617 = CARTESIAN_POINT('',(1.,0.5));
#1618 = CARTESIAN_POINT('',(1.,1.));
#1619 = ( GEOMETRIC_REPRESENTATION_CONTEXT(2) 
PARAMETRIC_REPRESENTATION_CONTEXT() REPRESENTATION_CONTEXT('2D SPACE',''
  ) );
#1620 = ORIENTED_EDGE('',*,*,#1621,.T.);
#1621 = EDGE_CURVE('',#1594,#1622,#1624,.T.);
#1622 = VERTEX_POINT('',#1623);
#1623 = CARTESIAN_POINT('',(-10.16066958282,15.657438598574,
    12.13157221624));
#1624 = SURFACE_CURVE('',#1625,(#1628,#1634),.PCURVE_S1.);
#1625 = B_SPLINE_CURVE_WITH_KNOTS('',1,(#1626,#1627),.UNSPECIFIED.,.F.,
  .F.,(2,2),(0.,1.7769965708),.PIECEWISE_BEZIER_KNOTS.);
#1626 = CARTESIAN_POINT('',(-10.16066958282,13.557438598574,11.823));
#1627 = CARTESIAN_POINT('',(-10.16066958282,15.657438598574,
    12.13157221624));
#1628 = PCURVE('',#1571,#1629);
#1629 = DEFINITIONAL_REPRESENTATION('',(#1630),#1633);
#1630 = B_SPLINE_CURVE_WITH_KNOTS('',1,(#1631,#1632),.UNSPECIFIED.,.F.,
  .F.,(2,2),(0.,1.7769965708),.PIECEWISE_BEZIER_KNOTS.);
#1631 = CARTESIAN_POINT('',(0.,0.));
#1632 = CARTESIAN_POINT('',(1.7769965708,0.));
#1633 = ( GEOMETRIC_REPRESENTATION_CONTEXT(2) 
PARAMETRIC_REPRESENTATION_CONTEXT() REPRESENTATION_CONTEXT('2D SPACE',''
  ) );
#1634 = PCURVE('',#1635,#1640);
#1635 = B_SPLINE_SURFACE_WITH_KNOTS('',1,1,(
    (#1636,#1637)
    ,(#1638,#1639
    )),.UNSPECIFIED.,.F.,.F.,.F.,(2,2),(2,2),(0.438411445571,
    5.008095008422),(1.25,3.),.PIECEWISE_BEZIER_KNOTS.);
#1636 = CARTESIAN_POINT('',(-10.16066958282,13.557438598574,
    7.56188865339));
#1637 = CARTESIAN_POINT('',(-10.16066958282,15.657438598574,
    7.56188865339));
#1638 = CARTESIAN_POINT('',(-10.16066958282,13.557438598574,
    12.13157221624));
#1639 = CARTESIAN_POINT('',(-10.16066958282,15.657438598574,
    12.13157221624));
#1640 = DEFINITIONAL_REPRESENTATION('',(#1641),#1644);
#1641 = B_SPLINE_CURVE_WITH_KNOTS('',1,(#1642,#1643),.UNSPECIFIED.,.F.,
  .F.,(2,2),(0.,1.7769965708),.PIECEWISE_BEZIER_KNOTS.);
#1642 = CARTESIAN_POINT('',(4.699522792182,1.25));
#1643 = CARTESIAN_POINT('',(5.008095008422,3.));
#1644 = ( GEOMETRIC_REPRESENTATION_CONTEXT(2) 
PARAMETRIC_REPRESENTATION_CONTEXT() REPRESENTATION_CONTEXT('2D SPACE',''
  ) );
#1645 = ORIENTED_EDGE('',*,*,#1646,.T.);
#1646 = EDGE_CURVE('',#1622,#1564,#1647,.T.);
#1647 = SURFACE_CURVE('',#1648,(#1651,#1657),.PCURVE_S1.);
#1648 = B_SPLINE_CURVE_WITH_KNOTS('',1,(#1649,#1650),.UNSPECIFIED.,.F.,
  .F.,(2,2),(0.,9.8),.PIECEWISE_BEZIER_KNOTS.);
#1649 = CARTESIAN_POINT('',(-10.16066958282,15.657438598574,
    12.13157221624));
#1650 = CARTESIAN_POINT('',(-0.360669582827,15.657438598574,
    12.13157221624));
#1651 = PCURVE('',#1571,#1652);
#1652 = DEFINITIONAL_REPRESENTATION('',(#1653),#1656);
#1653 = B_SPLINE_CURVE_WITH_KNOTS('',1,(#1654,#1655),.UNSPECIFIED.,.F.,
  .F.,(2,2),(0.,9.8),.PIECEWISE_BEZIER_KNOTS.);
#1654 = CARTESIAN_POINT('',(1.7769965708,0.));
#1655 = CARTESIAN_POINT('',(1.7769965708,9.8));
#1656 = ( GEOMETRIC_REPRESENTATION_CONTEXT(2) 
PARAMETRIC_REPRESENTATION_CONTEXT() REPRESENTATION_CONTEXT('2D SPACE',''
  ) );
#1657 = PCURVE('',#458,#1658);
#1658 = DEFINITIONAL_REPRESENTATION('',(#1659),#1662);
#1659 = B_SPLINE_CURVE_WITH_KNOTS('',1,(#1660,#1661),.UNSPECIFIED.,.F.,
  .F.,(2,2),(0.,9.8),.PIECEWISE_BEZIER_KNOTS.);
#1660 = CARTESIAN_POINT('',(-1.7763568394E-15,4.56968356285));
#1661 = CARTESIAN_POINT('',(-9.8,4.56968356285));
#1662 = ( GEOMETRIC_REPRESENTATION_CONTEXT(2) 
PARAMETRIC_REPRESENTATION_CONTEXT() REPRESENTATION_CONTEXT('2D SPACE',''
  ) );
#1663 = ADVANCED_FACE('',(#1664),#420,.T.);
#1664 = FACE_BOUND('',#1665,.T.);
#1665 = EDGE_LOOP('',(#1666,#1713,#1732,#1733,#1752,#1753,#1772));
#1666 = ORIENTED_EDGE('',*,*,#1667,.F.);
#1667 = EDGE_CURVE('',#1668,#339,#1670,.T.);
#1668 = VERTEX_POINT('',#1669);
#1669 = CARTESIAN_POINT('',(-6.127587760971,15.657438598574,
    12.84827996345));
#1670 = SURFACE_CURVE('',#1671,(#1684,#1696),.PCURVE_S1.);
#1671 = B_SPLINE_CURVE_WITH_KNOTS('',3,(#1672,#1673,#1674,#1675,#1676,
    #1677,#1678,#1679,#1680,#1681,#1682,#1683),.UNSPECIFIED.,.F.,.F.,(4,
    2,2,2,2,4),(3.374973513958E-16,2.931366670886E-04,5.862733341768E-04
    ,1.172546668353E-03,1.75882000253E-03,2.345093336706E-03),
  .UNSPECIFIED.);
#1672 = CARTESIAN_POINT('',(-6.127587760971,15.657438598574,
    12.84827996345));
#1673 = CARTESIAN_POINT('',(-6.171862828726,15.602910641138,
    12.925284326531));
#1674 = CARTESIAN_POINT('',(-6.203969346435,15.545195897372,
    13.004408214794));
#1675 = CARTESIAN_POINT('',(-6.247735969627,15.423803582326,
    13.165902078654));
#1676 = CARTESIAN_POINT('',(-6.259315216771,15.359346306964,
    13.249251625638));
#1677 = CARTESIAN_POINT('',(-6.263038315026,15.16282270774,
    13.496522979501));
#1678 = CARTESIAN_POINT('',(-6.224777465446,15.026279926018,
    13.659188174354));
#1679 = CARTESIAN_POINT('',(-6.07362071865,14.771086361108,
    13.951911646593));
#1680 = CARTESIAN_POINT('',(-5.958962438719,14.649271978215,
    14.085615096277));
#1681 = CARTESIAN_POINT('',(-5.651669758081,14.463949785415,
    14.285177193286));
#1682 = CARTESIAN_POINT('',(-5.459148258034,14.404927027029,
    14.346730434821));
#1683 = CARTESIAN_POINT('',(-5.260669582799,14.404927027034,
    14.346730434815));
#1684 = PCURVE('',#420,#1685);
#1685 = DEFINITIONAL_REPRESENTATION('',(#1686),#1695);
#1686 = B_SPLINE_CURVE_WITH_KNOTS('',7,(#1687,#1688,#1689,#1690,#1691,
    #1692,#1693,#1694),.UNSPECIFIED.,.F.,.F.,(8,8),(3.374973513958E-16,
    2.345093336706E-03),.PIECEWISE_BEZIER_KNOTS.);
#1687 = CARTESIAN_POINT('',(0.500820705123,0.411538961414));
#1688 = CARTESIAN_POINT('',(0.500872245071,0.396230045152));
#1689 = CARTESIAN_POINT('',(0.500925175254,0.390979244165));
#1690 = CARTESIAN_POINT('',(0.500988482306,0.397160817491));
#1691 = CARTESIAN_POINT('',(0.501023980277,0.408377708442));
#1692 = CARTESIAN_POINT('',(0.501076084137,0.430602003802));
#1693 = CARTESIAN_POINT('',(0.501098260421,0.465513949368));
#1694 = CARTESIAN_POINT('',(0.501098582333,0.500000000003));
#1695 = ( GEOMETRIC_REPRESENTATION_CONTEXT(2) 
PARAMETRIC_REPRESENTATION_CONTEXT() REPRESENTATION_CONTEXT('2D SPACE',''
  ) );
#1696 = PCURVE('',#353,#1697);
#1697 = DEFINITIONAL_REPRESENTATION('',(#1698),#1712);
#1698 = B_SPLINE_CURVE_WITH_KNOTS('',6,(#1699,#1700,#1701,#1702,#1703,
    #1704,#1705,#1706,#1707,#1708,#1709,#1710,#1711),.UNSPECIFIED.,.F.,
  .F.,(7,6,7),(3.374973513958E-16,5.862733341768E-04,2.345093336706E-03)
  ,.UNSPECIFIED.);
#1699 = CARTESIAN_POINT('',(5.246433332948,1.2));
#1700 = CARTESIAN_POINT('',(5.161094032681,1.245254816885));
#1701 = CARTESIAN_POINT('',(5.077178247011,1.292930881175));
#1702 = CARTESIAN_POINT('',(4.993351457082,1.342785818834));
#1703 = CARTESIAN_POINT('',(4.90827914404,1.394577255828));
#1704 = CARTESIAN_POINT('',(4.820626789031,1.448062818122));
#1705 = CARTESIAN_POINT('',(4.729059873199,1.503000131681));
#1706 = CARTESIAN_POINT('',(4.453979784849,1.666490130395));
#1707 = CARTESIAN_POINT('',(4.211173911273,1.841373052027));
#1708 = CARTESIAN_POINT('',(3.998447184763,1.993243821209));
#1709 = CARTESIAN_POINT('',(3.746501807344,2.159758750867));
#1710 = CARTESIAN_POINT('',(3.471491432847,2.243133259123));
#1711 = CARTESIAN_POINT('',(3.141592653561,2.243759642949));
#1712 = ( GEOMETRIC_REPRESENTATION_CONTEXT(2) 
PARAMETRIC_REPRESENTATION_CONTEXT() REPRESENTATION_CONTEXT('2D SPACE',''
  ) );
#1713 = ORIENTED_EDGE('',*,*,#1714,.F.);
#1714 = EDGE_CURVE('',#1386,#1668,#1715,.T.);
#1715 = SURFACE_CURVE('',#1716,(#1719,#1726),.PCURVE_S1.);
#1716 = B_SPLINE_CURVE_WITH_KNOTS('',1,(#1717,#1718),.UNSPECIFIED.,.F.,
  .F.,(2,2),(8.689692625452E-46,4.033081821856),
  .PIECEWISE_BEZIER_KNOTS.);
#1717 = CARTESIAN_POINT('',(-10.16066958282,15.657438598574,
    12.84827996345));
#1718 = CARTESIAN_POINT('',(-6.127587760971,15.657438598574,
    12.84827996345));
#1719 = PCURVE('',#420,#1720);
#1720 = DEFINITIONAL_REPRESENTATION('',(#1721),#1725);
#1721 = B_SPLINE_CURVE_WITH_KNOTS('',2,(#1722,#1723,#1724),
  .UNSPECIFIED.,.F.,.F.,(3,3),(8.689692625452E-46,4.033081821856),
  .PIECEWISE_BEZIER_KNOTS.);
#1722 = CARTESIAN_POINT('',(0.500820705123,-2.148075554237E-17));
#1723 = CARTESIAN_POINT('',(0.500820705123,0.205769480707));
#1724 = CARTESIAN_POINT('',(0.500820705123,0.411538961414));
#1725 = ( GEOMETRIC_REPRESENTATION_CONTEXT(2) 
PARAMETRIC_REPRESENTATION_CONTEXT() REPRESENTATION_CONTEXT('2D SPACE',''
  ) );
#1726 = PCURVE('',#458,#1727);
#1727 = DEFINITIONAL_REPRESENTATION('',(#1728),#1731);
#1728 = B_SPLINE_CURVE_WITH_KNOTS('',1,(#1729,#1730),.UNSPECIFIED.,.F.,
  .F.,(2,2),(8.689692625452E-46,4.033081821856),
  .PIECEWISE_BEZIER_KNOTS.);
#1729 = CARTESIAN_POINT('',(-1.7763568394E-15,5.28639131006));
#1730 = CARTESIAN_POINT('',(-4.033081821856,5.28639131006));
#1731 = ( GEOMETRIC_REPRESENTATION_CONTEXT(2) 
PARAMETRIC_REPRESENTATION_CONTEXT() REPRESENTATION_CONTEXT('2D SPACE',''
  ) );
#1732 = ORIENTED_EDGE('',*,*,#1385,.T.);
#1733 = ORIENTED_EDGE('',*,*,#1734,.T.);
#1734 = EDGE_CURVE('',#1366,#943,#1735,.T.);
#1735 = SURFACE_CURVE('',#1736,(#1739,#1746),.PCURVE_S1.);
#1736 = B_SPLINE_CURVE_WITH_KNOTS('',1,(#1737,#1738),.UNSPECIFIED.,.F.,
  .F.,(2,2),(0.,9.8),.PIECEWISE_BEZIER_KNOTS.);
#1737 = CARTESIAN_POINT('',(-10.16066958282,6.837438567511,
    20.324120427029));
#1738 = CARTESIAN_POINT('',(-0.360669582827,6.837438567511,
    20.324120427029));
#1739 = PCURVE('',#420,#1740);
#1740 = DEFINITIONAL_REPRESENTATION('',(#1741),#1745);
#1741 = B_SPLINE_CURVE_WITH_KNOTS('',2,(#1742,#1743,#1744),
  .UNSPECIFIED.,.F.,.F.,(3,3),(0.,9.8),.PIECEWISE_BEZIER_KNOTS.);
#1742 = CARTESIAN_POINT('',(0.502013311782,-2.148075554237E-17));
#1743 = CARTESIAN_POINT('',(0.502013311782,0.5));
#1744 = CARTESIAN_POINT('',(0.502013311782,1.));
#1745 = ( GEOMETRIC_REPRESENTATION_CONTEXT(2) 
PARAMETRIC_REPRESENTATION_CONTEXT() REPRESENTATION_CONTEXT('2D SPACE',''
  ) );
#1746 = PCURVE('',#979,#1747);
#1747 = DEFINITIONAL_REPRESENTATION('',(#1748),#1751);
#1748 = B_SPLINE_CURVE_WITH_KNOTS('',1,(#1749,#1750),.UNSPECIFIED.,.F.,
  .F.,(2,2),(0.,9.8),.PIECEWISE_BEZIER_KNOTS.);
#1749 = CARTESIAN_POINT('',(0.,3.273635051926E-08));
#1750 = CARTESIAN_POINT('',(-9.8,3.273635051926E-08));
#1751 = ( GEOMETRIC_REPRESENTATION_CONTEXT(2) 
PARAMETRIC_REPRESENTATION_CONTEXT() REPRESENTATION_CONTEXT('2D SPACE',''
  ) );
#1752 = ORIENTED_EDGE('',*,*,#942,.F.);
#1753 = ORIENTED_EDGE('',*,*,#1754,.F.);
#1754 = EDGE_CURVE('',#372,#922,#1755,.T.);
#1755 = SURFACE_CURVE('',#1756,(#1759,#1766),.PCURVE_S1.);
#1756 = B_SPLINE_CURVE_WITH_KNOTS('',1,(#1757,#1758),.UNSPECIFIED.,.F.,
  .F.,(2,2),(5.766918178144,9.8),.PIECEWISE_BEZIER_KNOTS.);
#1757 = CARTESIAN_POINT('',(-4.393751404684,15.657438598574,
    12.84827996345));
#1758 = CARTESIAN_POINT('',(-0.360669582827,15.657438598574,
    12.84827996345));
#1759 = PCURVE('',#420,#1760);
#1760 = DEFINITIONAL_REPRESENTATION('',(#1761),#1765);
#1761 = B_SPLINE_CURVE_WITH_KNOTS('',2,(#1762,#1763,#1764),
  .UNSPECIFIED.,.F.,.F.,(3,3),(5.766918178144,9.8),
  .PIECEWISE_BEZIER_KNOTS.);
#1762 = CARTESIAN_POINT('',(0.500820705123,0.588461038586));
#1763 = CARTESIAN_POINT('',(0.500820705123,0.794230519293));
#1764 = CARTESIAN_POINT('',(0.500820705123,1.));
#1765 = ( GEOMETRIC_REPRESENTATION_CONTEXT(2) 
PARAMETRIC_REPRESENTATION_CONTEXT() REPRESENTATION_CONTEXT('2D SPACE',''
  ) );
#1766 = PCURVE('',#458,#1767);
#1767 = DEFINITIONAL_REPRESENTATION('',(#1768),#1771);
#1768 = B_SPLINE_CURVE_WITH_KNOTS('',1,(#1769,#1770),.UNSPECIFIED.,.F.,
  .F.,(2,2),(5.766918178144,9.8),.PIECEWISE_BEZIER_KNOTS.);
#1769 = CARTESIAN_POINT('',(-5.766918178144,5.28639131006));
#1770 = CARTESIAN_POINT('',(-9.8,5.28639131006));
#1771 = ( GEOMETRIC_REPRESENTATION_CONTEXT(2) 
PARAMETRIC_REPRESENTATION_CONTEXT() REPRESENTATION_CONTEXT('2D SPACE',''
  ) );
#1772 = ORIENTED_EDGE('',*,*,#371,.F.);
#1773 = ADVANCED_FACE('',(#1774),#979,.T.);
#1774 = FACE_BOUND('',#1775,.T.);
#1775 = EDGE_LOOP('',(#1776,#1777,#1778,#1779));
#1776 = ORIENTED_EDGE('',*,*,#965,.F.);
#1777 = ORIENTED_EDGE('',*,*,#1734,.F.);
#1778 = ORIENTED_EDGE('',*,*,#1365,.T.);
#1779 = ORIENTED_EDGE('',*,*,#1780,.T.);
#1780 = EDGE_CURVE('',#1346,#966,#1781,.T.);
#1781 = SURFACE_CURVE('',#1782,(#1785,#1791),.PCURVE_S1.);
#1782 = B_SPLINE_CURVE_WITH_KNOTS('',1,(#1783,#1784),.UNSPECIFIED.,.F.,
  .F.,(2,2),(0.,9.8),.PIECEWISE_BEZIER_KNOTS.);
#1783 = CARTESIAN_POINT('',(-10.16066958282,4.453073765071,
    22.454885607016));
#1784 = CARTESIAN_POINT('',(-0.360669582827,4.453073765071,
    22.454885607016));
#1785 = PCURVE('',#979,#1786);
#1786 = DEFINITIONAL_REPRESENTATION('',(#1787),#1790);
#1787 = B_SPLINE_CURVE_WITH_KNOTS('',1,(#1788,#1789),.UNSPECIFIED.,.F.,
  .F.,(2,2),(0.,9.8),.PIECEWISE_BEZIER_KNOTS.);
#1788 = CARTESIAN_POINT('',(1.7763568394E-15,2.913453771947));
#1789 = CARTESIAN_POINT('',(-9.8,2.913453771947));
#1790 = ( GEOMETRIC_REPRESENTATION_CONTEXT(2) 
PARAMETRIC_REPRESENTATION_CONTEXT() REPRESENTATION_CONTEXT('2D SPACE',''
  ) );
#1791 = PCURVE('',#1004,#1792);
#1792 = DEFINITIONAL_REPRESENTATION('',(#1793),#1796);
#1793 = B_SPLINE_CURVE_WITH_KNOTS('',1,(#1794,#1795),.UNSPECIFIED.,.F.,
  .F.,(2,2),(0.,9.8),.PIECEWISE_BEZIER_KNOTS.);
#1794 = CARTESIAN_POINT('',(-8.881784197001E-16,14.423842826373));
#1795 = CARTESIAN_POINT('',(9.8,14.423842826373));
#1796 = ( GEOMETRIC_REPRESENTATION_CONTEXT(2) 
PARAMETRIC_REPRESENTATION_CONTEXT() REPRESENTATION_CONTEXT('2D SPACE',''
  ) );
#1797 = ADVANCED_FACE('',(#1798),#1004,.T.);
#1798 = FACE_BOUND('',#1799,.T.);
#1799 = EDGE_LOOP('',(#1800,#1801,#1802,#1803));
#1800 = ORIENTED_EDGE('',*,*,#1539,.F.);
#1801 = ORIENTED_EDGE('',*,*,#990,.F.);
#1802 = ORIENTED_EDGE('',*,*,#1780,.F.);
#1803 = ORIENTED_EDGE('',*,*,#1345,.T.);
#1804 = ADVANCED_FACE('',(#1805),#1056,.F.);
#1805 = FACE_BOUND('',#1806,.F.);
#1806 = EDGE_LOOP('',(#1807,#1808,#1828,#1829));
#1807 = ORIENTED_EDGE('',*,*,#1040,.T.);
#1808 = ORIENTED_EDGE('',*,*,#1809,.F.);
#1809 = EDGE_CURVE('',#1280,#1041,#1810,.T.);
#1810 = SURFACE_CURVE('',#1811,(#1814,#1821),.PCURVE_S1.);
#1811 = B_SPLINE_CURVE_WITH_KNOTS('',1,(#1812,#1813),.UNSPECIFIED.,.F.,
  .F.,(2,2),(0.,9.8),.PIECEWISE_BEZIER_KNOTS.);
#1812 = CARTESIAN_POINT('',(-10.16066958282,-7.502941937812,
    17.387649330562));
#1813 = CARTESIAN_POINT('',(-0.360669582827,-7.502941937812,
    17.387649330562));
#1814 = PCURVE('',#1056,#1815);
#1815 = DEFINITIONAL_REPRESENTATION('',(#1816),#1820);
#1816 = B_SPLINE_CURVE_WITH_KNOTS('',2,(#1817,#1818,#1819),
  .UNSPECIFIED.,.F.,.F.,(3,3),(0.,9.8),.PIECEWISE_BEZIER_KNOTS.);
#1817 = CARTESIAN_POINT('',(0.75583486053,-9.785685053961E-28));
#1818 = CARTESIAN_POINT('',(0.75583486053,4.9));
#1819 = CARTESIAN_POINT('',(0.75583486053,9.8));
#1820 = ( GEOMETRIC_REPRESENTATION_CONTEXT(2) 
PARAMETRIC_REPRESENTATION_CONTEXT() REPRESENTATION_CONTEXT('2D SPACE',''
  ) );
#1821 = PCURVE('',#1084,#1822);
#1822 = DEFINITIONAL_REPRESENTATION('',(#1823),#1827);
#1823 = B_SPLINE_CURVE_WITH_KNOTS('',2,(#1824,#1825,#1826),
  .UNSPECIFIED.,.F.,.F.,(3,3),(0.,9.8),.PIECEWISE_BEZIER_KNOTS.);
#1824 = CARTESIAN_POINT('',(0.497667241109,-2.148075554237E-17));
#1825 = CARTESIAN_POINT('',(0.497667241109,0.5));
#1826 = CARTESIAN_POINT('',(0.497667241109,1.));
#1827 = ( GEOMETRIC_REPRESENTATION_CONTEXT(2) 
PARAMETRIC_REPRESENTATION_CONTEXT() REPRESENTATION_CONTEXT('2D SPACE',''
  ) );
#1828 = ORIENTED_EDGE('',*,*,#1302,.F.);
#1829 = ORIENTED_EDGE('',*,*,#1519,.T.);
#1830 = ADVANCED_FACE('',(#1831),#1084,.T.);
#1831 = FACE_BOUND('',#1832,.T.);
#1832 = EDGE_LOOP('',(#1833,#1834,#1835,#1836,#1858,#1880));
#1833 = ORIENTED_EDGE('',*,*,#1070,.F.);
#1834 = ORIENTED_EDGE('',*,*,#1809,.F.);
#1835 = ORIENTED_EDGE('',*,*,#1279,.T.);
#1836 = ORIENTED_EDGE('',*,*,#1837,.T.);
#1837 = EDGE_CURVE('',#1257,#1838,#1840,.T.);
#1838 = VERTEX_POINT('',#1839);
#1839 = CARTESIAN_POINT('',(-7.710669582827,11.815362808521,
    4.787649330931));
#1840 = SURFACE_CURVE('',#1841,(#1844,#1851),.PCURVE_S1.);
#1841 = B_SPLINE_CURVE_WITH_KNOTS('',1,(#1842,#1843),.UNSPECIFIED.,.F.,
  .F.,(2,2),(0.,2.45),.PIECEWISE_BEZIER_KNOTS.);
#1842 = CARTESIAN_POINT('',(-10.16066958282,11.815362808521,
    4.787649330931));
#1843 = CARTESIAN_POINT('',(-7.710669582827,11.815362808521,
    4.787649330931));
#1844 = PCURVE('',#1084,#1845);
#1845 = DEFINITIONAL_REPRESENTATION('',(#1846),#1850);
#1846 = B_SPLINE_CURVE_WITH_KNOTS('',2,(#1847,#1848,#1849),
  .UNSPECIFIED.,.F.,.F.,(3,3),(0.,2.45),.PIECEWISE_BEZIER_KNOTS.);
#1847 = CARTESIAN_POINT('',(0.499554279588,-2.148075554237E-17));
#1848 = CARTESIAN_POINT('',(0.499554279588,0.125));
#1849 = CARTESIAN_POINT('',(0.499554279588,0.25));
#1850 = ( GEOMETRIC_REPRESENTATION_CONTEXT(2) 
PARAMETRIC_REPRESENTATION_CONTEXT() REPRESENTATION_CONTEXT('2D SPACE',''
  ) );
#1851 = PCURVE('',#558,#1852);
#1852 = DEFINITIONAL_REPRESENTATION('',(#1853),#1857);
#1853 = B_SPLINE_CURVE_WITH_KNOTS('',2,(#1854,#1855,#1856),
  .UNSPECIFIED.,.F.,.F.,(3,3),(0.,2.45),.PIECEWISE_BEZIER_KNOTS.);
#1854 = CARTESIAN_POINT('',(0.498812074629,6.914969507578E-17));
#1855 = CARTESIAN_POINT('',(0.498812074629,0.125));
#1856 = CARTESIAN_POINT('',(0.498812074629,0.25));
#1857 = ( GEOMETRIC_REPRESENTATION_CONTEXT(2) 
PARAMETRIC_REPRESENTATION_CONTEXT() REPRESENTATION_CONTEXT('2D SPACE',''
  ) );
#1858 = ORIENTED_EDGE('',*,*,#1859,.T.);
#1859 = EDGE_CURVE('',#1838,#1860,#1862,.T.);
#1860 = VERTEX_POINT('',#1861);
#1861 = CARTESIAN_POINT('',(-2.810669582827,11.815362808521,
    4.787649330931));
#1862 = SURFACE_CURVE('',#1863,(#1866,#1873),.PCURVE_S1.);
#1863 = B_SPLINE_CURVE_WITH_KNOTS('',1,(#1864,#1865),.UNSPECIFIED.,.F.,
  .F.,(2,2),(2.45,7.35),.PIECEWISE_BEZIER_KNOTS.);
#1864 = CARTESIAN_POINT('',(-7.710669582827,11.815362808521,
    4.787649330931));
#1865 = CARTESIAN_POINT('',(-2.810669582827,11.815362808521,
    4.787649330931));
#1866 = PCURVE('',#1084,#1867);
#1867 = DEFINITIONAL_REPRESENTATION('',(#1868),#1872);
#1868 = B_SPLINE_CURVE_WITH_KNOTS('',2,(#1869,#1870,#1871),
  .UNSPECIFIED.,.F.,.F.,(3,3),(2.45,7.35),.PIECEWISE_BEZIER_KNOTS.);
#1869 = CARTESIAN_POINT('',(0.499554279588,0.25));
#1870 = CARTESIAN_POINT('',(0.499554279588,0.5));
#1871 = CARTESIAN_POINT('',(0.499554279588,0.75));
#1872 = ( GEOMETRIC_REPRESENTATION_CONTEXT(2) 
PARAMETRIC_REPRESENTATION_CONTEXT() REPRESENTATION_CONTEXT('2D SPACE',''
  ) );
#1873 = PCURVE('',#611,#1874);
#1874 = DEFINITIONAL_REPRESENTATION('',(#1875),#1879);
#1875 = B_SPLINE_CURVE_WITH_KNOTS('',2,(#1876,#1877,#1878),
  .UNSPECIFIED.,.F.,.F.,(3,3),(2.45,7.35),.PIECEWISE_BEZIER_KNOTS.);
#1876 = CARTESIAN_POINT('',(0.499412845464,-1.100465205073E-16));
#1877 = CARTESIAN_POINT('',(0.499412845464,0.5));
#1878 = CARTESIAN_POINT('',(0.499412845464,1.));
#1879 = ( GEOMETRIC_REPRESENTATION_CONTEXT(2) 
PARAMETRIC_REPRESENTATION_CONTEXT() REPRESENTATION_CONTEXT('2D SPACE',''
  ) );
#1880 = ORIENTED_EDGE('',*,*,#1881,.T.);
#1881 = EDGE_CURVE('',#1860,#655,#1882,.T.);
#1882 = SURFACE_CURVE('',#1883,(#1886,#1893),.PCURVE_S1.);
#1883 = B_SPLINE_CURVE_WITH_KNOTS('',1,(#1884,#1885),.UNSPECIFIED.,.F.,
  .F.,(2,2),(7.35,9.8),.PIECEWISE_BEZIER_KNOTS.);
#1884 = CARTESIAN_POINT('',(-2.810669582827,11.815362808521,
    4.787649330931));
#1885 = CARTESIAN_POINT('',(-0.360669582827,11.815362808521,
    4.787649330931));
#1886 = PCURVE('',#1084,#1887);
#1887 = DEFINITIONAL_REPRESENTATION('',(#1888),#1892);
#1888 = B_SPLINE_CURVE_WITH_KNOTS('',2,(#1889,#1890,#1891),
  .UNSPECIFIED.,.F.,.F.,(3,3),(7.35,9.8),.PIECEWISE_BEZIER_KNOTS.);
#1889 = CARTESIAN_POINT('',(0.499554279588,0.75));
#1890 = CARTESIAN_POINT('',(0.499554279588,0.875));
#1891 = CARTESIAN_POINT('',(0.499554279588,1.));
#1892 = ( GEOMETRIC_REPRESENTATION_CONTEXT(2) 
PARAMETRIC_REPRESENTATION_CONTEXT() REPRESENTATION_CONTEXT('2D SPACE',''
  ) );
#1893 = PCURVE('',#558,#1894);
#1894 = DEFINITIONAL_REPRESENTATION('',(#1895),#1899);
#1895 = B_SPLINE_CURVE_WITH_KNOTS('',2,(#1896,#1897,#1898),
  .UNSPECIFIED.,.F.,.F.,(3,3),(7.35,9.8),.PIECEWISE_BEZIER_KNOTS.);
#1896 = CARTESIAN_POINT('',(0.498812074629,0.75));
#1897 = CARTESIAN_POINT('',(0.498812074629,0.875));
#1898 = CARTESIAN_POINT('',(0.498812074629,1.));
#1899 = ( GEOMETRIC_REPRESENTATION_CONTEXT(2) 
PARAMETRIC_REPRESENTATION_CONTEXT() REPRESENTATION_CONTEXT('2D SPACE',''
  ) );
#1900 = ADVANCED_FACE('',(#1901,#1990),#458,.T.);
#1901 = FACE_BOUND('',#1902,.T.);
#1902 = EDGE_LOOP('',(#1903,#1904,#1925,#1944,#1965,#1966,#1989));
#1903 = ORIENTED_EDGE('',*,*,#1754,.T.);
#1904 = ORIENTED_EDGE('',*,*,#1905,.F.);
#1905 = EDGE_CURVE('',#657,#922,#1906,.T.);
#1906 = SURFACE_CURVE('',#1907,(#1911,#1918),.PCURVE_S1.);
#1907 = ( BOUNDED_CURVE() B_SPLINE_CURVE(2,(#1908,#1909,#1910),
.UNSPECIFIED.,.F.,.F.) B_SPLINE_CURVE_WITH_KNOTS((3,3),(0.351071576304,
2.790521077286),.PIECEWISE_BEZIER_KNOTS.) CURVE() 
GEOMETRIC_REPRESENTATION_ITEM() RATIONAL_B_SPLINE_CURVE((1.,
0.343904219932,1.)) REPRESENTATION_ITEM('') );
#1908 = CARTESIAN_POINT('',(-0.360669582827,15.657438598574,
    7.123477207818));
#1909 = CARTESIAN_POINT('',(7.454903137964,15.657438598574,
    9.985878585634));
#1910 = CARTESIAN_POINT('',(-0.360669582827,15.657438598574,
    12.84827996345));
#1911 = PCURVE('',#458,#1912);
#1912 = DEFINITIONAL_REPRESENTATION('',(#1913),#1917);
#1913 = ( BOUNDED_CURVE() B_SPLINE_CURVE(2,(#1914,#1915,#1916),
.UNSPECIFIED.,.F.,.F.) B_SPLINE_CURVE_WITH_KNOTS((3,3),(0.351071576304,
2.790521077286),.PIECEWISE_BEZIER_KNOTS.) CURVE() 
GEOMETRIC_REPRESENTATION_ITEM() RATIONAL_B_SPLINE_CURVE((1.,
0.343904219932,1.)) REPRESENTATION_ITEM('') );
#1914 = CARTESIAN_POINT('',(-9.8,-0.438411445571));
#1915 = CARTESIAN_POINT('',(-17.61557272079,2.423989932244));
#1916 = CARTESIAN_POINT('',(-9.8,5.28639131006));
#1917 = ( GEOMETRIC_REPRESENTATION_CONTEXT(2) 
PARAMETRIC_REPRESENTATION_CONTEXT() REPRESENTATION_CONTEXT('2D SPACE',''
  ) );
#1918 = PCURVE('',#698,#1919);
#1919 = DEFINITIONAL_REPRESENTATION('',(#1920),#1924);
#1920 = B_SPLINE_CURVE_WITH_KNOTS('',2,(#1921,#1922,#1923),
  .UNSPECIFIED.,.F.,.F.,(3,3),(0.351071576304,2.790521077286),
  .PIECEWISE_BEZIER_KNOTS.);
#1921 = CARTESIAN_POINT('',(2.790521077286,3.));
#1922 = CARTESIAN_POINT('',(1.570796326795,3.));
#1923 = CARTESIAN_POINT('',(0.351071576304,3.));
#1924 = ( GEOMETRIC_REPRESENTATION_CONTEXT(2) 
PARAMETRIC_REPRESENTATION_CONTEXT() REPRESENTATION_CONTEXT('2D SPACE',''
  ) );
#1925 = ORIENTED_EDGE('',*,*,#1926,.F.);
#1926 = EDGE_CURVE('',#1229,#657,#1927,.T.);
#1927 = SURFACE_CURVE('',#1928,(#1931,#1937),.PCURVE_S1.);
#1928 = B_SPLINE_CURVE_WITH_KNOTS('',1,(#1929,#1930),.UNSPECIFIED.,.F.,
  .F.,(2,2),(-3.514330650618E-43,9.8),.PIECEWISE_BEZIER_KNOTS.);
#1929 = CARTESIAN_POINT('',(-10.16066958282,15.657438598464,
    7.123477207818));
#1930 = CARTESIAN_POINT('',(-0.360669582827,15.657438598464,
    7.123477207818));
#1931 = PCURVE('',#458,#1932);
#1932 = DEFINITIONAL_REPRESENTATION('',(#1933),#1936);
#1933 = B_SPLINE_CURVE_WITH_KNOTS('',1,(#1934,#1935),.UNSPECIFIED.,.F.,
  .F.,(2,2),(-3.514330650618E-43,9.8),.PIECEWISE_BEZIER_KNOTS.);
#1934 = CARTESIAN_POINT('',(0.,-0.438411445571));
#1935 = CARTESIAN_POINT('',(-9.8,-0.438411445571));
#1936 = ( GEOMETRIC_REPRESENTATION_CONTEXT(2) 
PARAMETRIC_REPRESENTATION_CONTEXT() REPRESENTATION_CONTEXT('2D SPACE',''
  ) );
#1937 = PCURVE('',#558,#1938);
#1938 = DEFINITIONAL_REPRESENTATION('',(#1939),#1943);
#1939 = B_SPLINE_CURVE_WITH_KNOTS('',2,(#1940,#1941,#1942),
  .UNSPECIFIED.,.F.,.F.,(3,3),(-3.514330650618E-43,9.8),
  .PIECEWISE_BEZIER_KNOTS.);
#1940 = CARTESIAN_POINT('',(0.499412845464,6.914969544727E-17));
#1941 = CARTESIAN_POINT('',(0.499412845464,0.5));
#1942 = CARTESIAN_POINT('',(0.499412845464,1.));
#1943 = ( GEOMETRIC_REPRESENTATION_CONTEXT(2) 
PARAMETRIC_REPRESENTATION_CONTEXT() REPRESENTATION_CONTEXT('2D SPACE',''
  ) );
#1944 = ORIENTED_EDGE('',*,*,#1945,.F.);
#1945 = EDGE_CURVE('',#1386,#1229,#1946,.T.);
#1946 = SURFACE_CURVE('',#1947,(#1951,#1958),.PCURVE_S1.);
#1947 = ( BOUNDED_CURVE() B_SPLINE_CURVE(2,(#1948,#1949,#1950),
.UNSPECIFIED.,.F.,.F.) B_SPLINE_CURVE_WITH_KNOTS((3,3),(0.351071576304,
2.790521077286),.PIECEWISE_BEZIER_KNOTS.) CURVE() 
GEOMETRIC_REPRESENTATION_ITEM() RATIONAL_B_SPLINE_CURVE((1.,
0.343904219932,1.)) REPRESENTATION_ITEM('') );
#1948 = CARTESIAN_POINT('',(-10.16066958282,15.657438598574,
    12.84827996345));
#1949 = CARTESIAN_POINT('',(-17.97624230361,15.657438598574,
    9.985878585634));
#1950 = CARTESIAN_POINT('',(-10.16066958282,15.657438598574,
    7.123477207818));
#1951 = PCURVE('',#458,#1952);
#1952 = DEFINITIONAL_REPRESENTATION('',(#1953),#1957);
#1953 = ( BOUNDED_CURVE() B_SPLINE_CURVE(2,(#1954,#1955,#1956),
.UNSPECIFIED.,.F.,.F.) B_SPLINE_CURVE_WITH_KNOTS((3,3),(0.351071576304,
2.790521077286),.PIECEWISE_BEZIER_KNOTS.) CURVE() 
GEOMETRIC_REPRESENTATION_ITEM() RATIONAL_B_SPLINE_CURVE((1.,
0.343904219932,1.)) REPRESENTATION_ITEM('') );
#1954 = CARTESIAN_POINT('',(-1.7763568394E-15,5.28639131006));
#1955 = CARTESIAN_POINT('',(7.815572720791,2.423989932244));
#1956 = CARTESIAN_POINT('',(0.,-0.438411445571));
#1957 = ( GEOMETRIC_REPRESENTATION_CONTEXT(2) 
PARAMETRIC_REPRESENTATION_CONTEXT() REPRESENTATION_CONTEXT('2D SPACE',''
  ) );
#1958 = PCURVE('',#1242,#1959);
#1959 = DEFINITIONAL_REPRESENTATION('',(#1960),#1964);
#1960 = B_SPLINE_CURVE_WITH_KNOTS('',2,(#1961,#1962,#1963),
  .UNSPECIFIED.,.F.,.F.,(3,3),(0.351071576304,2.790521077286),
  .PIECEWISE_BEZIER_KNOTS.);
#1961 = CARTESIAN_POINT('',(5.932113730876,3.));
#1962 = CARTESIAN_POINT('',(4.712388980385,3.));
#1963 = CARTESIAN_POINT('',(3.492664229894,3.));
#1964 = ( GEOMETRIC_REPRESENTATION_CONTEXT(2) 
PARAMETRIC_REPRESENTATION_CONTEXT() REPRESENTATION_CONTEXT('2D SPACE',''
  ) );
#1965 = ORIENTED_EDGE('',*,*,#1714,.T.);
#1966 = ORIENTED_EDGE('',*,*,#1967,.T.);
#1967 = EDGE_CURVE('',#1668,#441,#1968,.T.);
#1968 = SURFACE_CURVE('',#1969,(#1973,#1980),.PCURVE_S1.);
#1969 = ( BOUNDED_CURVE() B_SPLINE_CURVE(2,(#1970,#1971,#1972),
.UNSPECIFIED.,.F.,.F.) B_SPLINE_CURVE_WITH_KNOTS((3,3),(5.234199436689,
6.28318530718),.PIECEWISE_BEZIER_KNOTS.) CURVE() 
GEOMETRIC_REPRESENTATION_ITEM() RATIONAL_B_SPLINE_CURVE((1.,
0.865577977817,1.)) REPRESENTATION_ITEM('') );
#1970 = CARTESIAN_POINT('',(-6.127587760971,15.657438598574,
    12.84827996345));
#1971 = CARTESIAN_POINT('',(-5.839212680988,15.657438598574,
    12.346730434815));
#1972 = CARTESIAN_POINT('',(-5.260669582827,15.657438598574,
    12.346730434815));
#1973 = PCURVE('',#458,#1974);
#1974 = DEFINITIONAL_REPRESENTATION('',(#1975),#1979);
#1975 = ( BOUNDED_CURVE() B_SPLINE_CURVE(2,(#1976,#1977,#1978),
.UNSPECIFIED.,.F.,.F.) B_SPLINE_CURVE_WITH_KNOTS((3,3),(5.234199436689,
6.28318530718),.PIECEWISE_BEZIER_KNOTS.) CURVE() 
GEOMETRIC_REPRESENTATION_ITEM() RATIONAL_B_SPLINE_CURVE((1.,
0.865577977817,1.)) REPRESENTATION_ITEM('') );
#1976 = CARTESIAN_POINT('',(-4.033081821856,5.28639131006));
#1977 = CARTESIAN_POINT('',(-4.32145690184,4.784841781425));
#1978 = CARTESIAN_POINT('',(-4.9,4.784841781425));
#1979 = ( GEOMETRIC_REPRESENTATION_CONTEXT(2) 
PARAMETRIC_REPRESENTATION_CONTEXT() REPRESENTATION_CONTEXT('2D SPACE',''
  ) );
#1980 = PCURVE('',#353,#1981);
#1981 = DEFINITIONAL_REPRESENTATION('',(#1982),#1988);
#1982 = B_SPLINE_CURVE_WITH_KNOTS('',4,(#1983,#1984,#1985,#1986,#1987),
  .UNSPECIFIED.,.F.,.F.,(5,5),(5.234199436689,6.28318530718),
  .PIECEWISE_BEZIER_KNOTS.);
#1983 = CARTESIAN_POINT('',(5.246433332725,1.2));
#1984 = CARTESIAN_POINT('',(5.487986168023,1.2));
#1985 = CARTESIAN_POINT('',(5.740498540395,1.2));
#1986 = CARTESIAN_POINT('',(6.005075661348,1.2));
#1987 = CARTESIAN_POINT('',(6.28318530718,1.2));
#1988 = ( GEOMETRIC_REPRESENTATION_CONTEXT(2) 
PARAMETRIC_REPRESENTATION_CONTEXT() REPRESENTATION_CONTEXT('2D SPACE',''
  ) );
#1989 = ORIENTED_EDGE('',*,*,#440,.T.);
#1990 = FACE_BOUND('',#1991,.T.);
#1991 = EDGE_LOOP('',(#1992,#2019,#2037,#2038));
#1992 = ORIENTED_EDGE('',*,*,#1993,.T.);
#1993 = EDGE_CURVE('',#1994,#1996,#1998,.T.);
#1994 = VERTEX_POINT('',#1995);
#1995 = CARTESIAN_POINT('',(-10.16066958282,15.657438598574,
    7.56188865339));
#1996 = VERTEX_POINT('',#1997);
#1997 = CARTESIAN_POINT('',(-0.360669582827,15.657438598574,
    7.56188865339));
#1998 = SURFACE_CURVE('',#1999,(#2002,#2008),.PCURVE_S1.);
#1999 = B_SPLINE_CURVE_WITH_KNOTS('',1,(#2000,#2001),.UNSPECIFIED.,.F.,
  .F.,(2,2),(0.,9.8),.PIECEWISE_BEZIER_KNOTS.);
#2000 = CARTESIAN_POINT('',(-10.16066958282,15.657438598574,
    7.56188865339));
#2001 = CARTESIAN_POINT('',(-0.360669582827,15.657438598574,
    7.56188865339));
#2002 = PCURVE('',#458,#2003);
#2003 = DEFINITIONAL_REPRESENTATION('',(#2004),#2007);
#2004 = B_SPLINE_CURVE_WITH_KNOTS('',1,(#2005,#2006),.UNSPECIFIED.,.F.,
  .F.,(2,2),(0.,9.8),.PIECEWISE_BEZIER_KNOTS.);
#2005 = CARTESIAN_POINT('',(0.,0.));
#2006 = CARTESIAN_POINT('',(-9.8,0.));
#2007 = ( GEOMETRIC_REPRESENTATION_CONTEXT(2) 
PARAMETRIC_REPRESENTATION_CONTEXT() REPRESENTATION_CONTEXT('2D SPACE',''
  ) );
#2008 = PCURVE('',#2009,#2014);
#2009 = B_SPLINE_SURFACE_WITH_KNOTS('',1,1,(
    (#2010,#2011)
    ,(#2012,#2013
    )),.UNSPECIFIED.,.F.,.F.,.F.,(2,2),(2,2),(-9.8,6.740754805355E-33),(
    -1.751066702523,0.),.PIECEWISE_BEZIER_KNOTS.);
#2010 = CARTESIAN_POINT('',(-0.360669582827,15.657438598574,
    7.56188865339));
#2011 = CARTESIAN_POINT('',(-0.360669582827,13.557438598574,7.623));
#2012 = CARTESIAN_POINT('',(-10.16066958282,15.657438598574,
    7.56188865339));
#2013 = CARTESIAN_POINT('',(-10.16066958282,13.557438598574,7.623));
#2014 = DEFINITIONAL_REPRESENTATION('',(#2015),#2018);
#2015 = B_SPLINE_CURVE_WITH_KNOTS('',1,(#2016,#2017),.UNSPECIFIED.,.F.,
  .F.,(2,2),(0.,9.8),.PIECEWISE_BEZIER_KNOTS.);
#2016 = CARTESIAN_POINT('',(0.,-1.751066702523));
#2017 = CARTESIAN_POINT('',(-9.8,-1.751066702523));
#2018 = ( GEOMETRIC_REPRESENTATION_CONTEXT(2) 
PARAMETRIC_REPRESENTATION_CONTEXT() REPRESENTATION_CONTEXT('2D SPACE',''
  ) );
#2019 = ORIENTED_EDGE('',*,*,#2020,.F.);
#2020 = EDGE_CURVE('',#1564,#1996,#2021,.T.);
#2021 = SURFACE_CURVE('',#2022,(#2025,#2031),.PCURVE_S1.);
#2022 = B_SPLINE_CURVE_WITH_KNOTS('',1,(#2023,#2024),.UNSPECIFIED.,.F.,
  .F.,(2,2),(-5.008095008422,-0.438411445571),.PIECEWISE_BEZIER_KNOTS.);
#2023 = CARTESIAN_POINT('',(-0.360669582827,15.657438598574,
    12.13157221624));
#2024 = CARTESIAN_POINT('',(-0.360669582827,15.657438598574,
    7.56188865339));
#2025 = PCURVE('',#458,#2026);
#2026 = DEFINITIONAL_REPRESENTATION('',(#2027),#2030);
#2027 = B_SPLINE_CURVE_WITH_KNOTS('',1,(#2028,#2029),.UNSPECIFIED.,.F.,
  .F.,(2,2),(-5.008095008422,-0.438411445571),.PIECEWISE_BEZIER_KNOTS.);
#2028 = CARTESIAN_POINT('',(-9.8,4.56968356285));
#2029 = CARTESIAN_POINT('',(-9.8,0.));
#2030 = ( GEOMETRIC_REPRESENTATION_CONTEXT(2) 
PARAMETRIC_REPRESENTATION_CONTEXT() REPRESENTATION_CONTEXT('2D SPACE',''
  ) );
#2031 = PCURVE('',#1582,#2032);
#2032 = DEFINITIONAL_REPRESENTATION('',(#2033),#2036);
#2033 = B_SPLINE_CURVE_WITH_KNOTS('',1,(#2034,#2035),.UNSPECIFIED.,.F.,
  .F.,(2,2),(-5.008095008422,-0.438411445571),.PIECEWISE_BEZIER_KNOTS.);
#2034 = CARTESIAN_POINT('',(-5.008095008422,3.));
#2035 = CARTESIAN_POINT('',(-0.438411445571,3.));
#2036 = ( GEOMETRIC_REPRESENTATION_CONTEXT(2) 
PARAMETRIC_REPRESENTATION_CONTEXT() REPRESENTATION_CONTEXT('2D SPACE',''
  ) );
#2037 = ORIENTED_EDGE('',*,*,#1646,.F.);
#2038 = ORIENTED_EDGE('',*,*,#2039,.F.);
#2039 = EDGE_CURVE('',#1994,#1622,#2040,.T.);
#2040 = SURFACE_CURVE('',#2041,(#2044,#2050),.PCURVE_S1.);
#2041 = B_SPLINE_CURVE_WITH_KNOTS('',1,(#2042,#2043),.UNSPECIFIED.,.F.,
  .F.,(2,2),(0.438411445571,5.008095008422),.PIECEWISE_BEZIER_KNOTS.);
#2042 = CARTESIAN_POINT('',(-10.16066958282,15.657438598574,
    7.56188865339));
#2043 = CARTESIAN_POINT('',(-10.16066958282,15.657438598574,
    12.13157221624));
#2044 = PCURVE('',#458,#2045);
#2045 = DEFINITIONAL_REPRESENTATION('',(#2046),#2049);
#2046 = B_SPLINE_CURVE_WITH_KNOTS('',1,(#2047,#2048),.UNSPECIFIED.,.F.,
  .F.,(2,2),(0.438411445571,5.008095008422),.PIECEWISE_BEZIER_KNOTS.);
#2047 = CARTESIAN_POINT('',(0.,0.));
#2048 = CARTESIAN_POINT('',(-1.7763568394E-15,4.56968356285));
#2049 = ( GEOMETRIC_REPRESENTATION_CONTEXT(2) 
PARAMETRIC_REPRESENTATION_CONTEXT() REPRESENTATION_CONTEXT('2D SPACE',''
  ) );
#2050 = PCURVE('',#1635,#2051);
#2051 = DEFINITIONAL_REPRESENTATION('',(#2052),#2055);
#2052 = B_SPLINE_CURVE_WITH_KNOTS('',1,(#2053,#2054),.UNSPECIFIED.,.F.,
  .F.,(2,2),(0.438411445571,5.008095008422),.PIECEWISE_BEZIER_KNOTS.);
#2053 = CARTESIAN_POINT('',(0.438411445571,3.));
#2054 = CARTESIAN_POINT('',(5.008095008422,3.));
#2055 = ( GEOMETRIC_REPRESENTATION_CONTEXT(2) 
PARAMETRIC_REPRESENTATION_CONTEXT() REPRESENTATION_CONTEXT('2D SPACE',''
  ) );
#2056 = ADVANCED_FACE('',(#2057),#2009,.T.);
#2057 = FACE_BOUND('',#2058,.T.);
#2058 = EDGE_LOOP('',(#2059,#2079,#2080,#2100));
#2059 = ORIENTED_EDGE('',*,*,#2060,.F.);
#2060 = EDGE_CURVE('',#1996,#2061,#2063,.T.);
#2061 = VERTEX_POINT('',#2062);
#2062 = CARTESIAN_POINT('',(-0.360669582827,13.557438598574,7.623));
#2063 = SURFACE_CURVE('',#2064,(#2067,#2073),.PCURVE_S1.);
#2064 = B_SPLINE_CURVE_WITH_KNOTS('',1,(#2065,#2066),.UNSPECIFIED.,.F.,
  .F.,(2,2),(-1.751066702523,0.),.PIECEWISE_BEZIER_KNOTS.);
#2065 = CARTESIAN_POINT('',(-0.360669582827,15.657438598574,
    7.56188865339));
#2066 = CARTESIAN_POINT('',(-0.360669582827,13.557438598574,7.623));
#2067 = PCURVE('',#2009,#2068);
#2068 = DEFINITIONAL_REPRESENTATION('',(#2069),#2072);
#2069 = B_SPLINE_CURVE_WITH_KNOTS('',1,(#2070,#2071),.UNSPECIFIED.,.F.,
  .F.,(2,2),(-1.751066702523,0.),.PIECEWISE_BEZIER_KNOTS.);
#2070 = CARTESIAN_POINT('',(-9.8,-1.751066702523));
#2071 = CARTESIAN_POINT('',(-9.8,-8.881784197001E-16));
#2072 = ( GEOMETRIC_REPRESENTATION_CONTEXT(2) 
PARAMETRIC_REPRESENTATION_CONTEXT() REPRESENTATION_CONTEXT('2D SPACE',''
  ) );
#2073 = PCURVE('',#1582,#2074);
#2074 = DEFINITIONAL_REPRESENTATION('',(#2075),#2078);
#2075 = B_SPLINE_CURVE_WITH_KNOTS('',1,(#2076,#2077),.UNSPECIFIED.,.F.,
  .F.,(2,2),(-1.751066702523,0.),.PIECEWISE_BEZIER_KNOTS.);
#2076 = CARTESIAN_POINT('',(-0.438411445571,3.));
#2077 = CARTESIAN_POINT('',(-0.499522792182,1.25));
#2078 = ( GEOMETRIC_REPRESENTATION_CONTEXT(2) 
PARAMETRIC_REPRESENTATION_CONTEXT() REPRESENTATION_CONTEXT('2D SPACE',''
  ) );
#2079 = ORIENTED_EDGE('',*,*,#1993,.F.);
#2080 = ORIENTED_EDGE('',*,*,#2081,.T.);
#2081 = EDGE_CURVE('',#1994,#2082,#2084,.T.);
#2082 = VERTEX_POINT('',#2083);
#2083 = CARTESIAN_POINT('',(-10.16066958282,13.557438598574,7.623));
#2084 = SURFACE_CURVE('',#2085,(#2088,#2094),.PCURVE_S1.);
#2085 = B_SPLINE_CURVE_WITH_KNOTS('',1,(#2086,#2087),.UNSPECIFIED.,.F.,
  .F.,(2,2),(-1.751066702523,0.),.PIECEWISE_BEZIER_KNOTS.);
#2086 = CARTESIAN_POINT('',(-10.16066958282,15.657438598574,
    7.56188865339));
#2087 = CARTESIAN_POINT('',(-10.16066958282,13.557438598574,7.623));
#2088 = PCURVE('',#2009,#2089);
#2089 = DEFINITIONAL_REPRESENTATION('',(#2090),#2093);
#2090 = B_SPLINE_CURVE_WITH_KNOTS('',1,(#2091,#2092),.UNSPECIFIED.,.F.,
  .F.,(2,2),(-1.751066702523,0.),.PIECEWISE_BEZIER_KNOTS.);
#2091 = CARTESIAN_POINT('',(0.,-1.751066702523));
#2092 = CARTESIAN_POINT('',(0.,0.));
#2093 = ( GEOMETRIC_REPRESENTATION_CONTEXT(2) 
PARAMETRIC_REPRESENTATION_CONTEXT() REPRESENTATION_CONTEXT('2D SPACE',''
  ) );
#2094 = PCURVE('',#1635,#2095);
#2095 = DEFINITIONAL_REPRESENTATION('',(#2096),#2099);
#2096 = B_SPLINE_CURVE_WITH_KNOTS('',1,(#2097,#2098),.UNSPECIFIED.,.F.,
  .F.,(2,2),(-1.751066702523,0.),.PIECEWISE_BEZIER_KNOTS.);
#2097 = CARTESIAN_POINT('',(0.438411445571,3.));
#2098 = CARTESIAN_POINT('',(0.499522792182,1.25));
#2099 = ( GEOMETRIC_REPRESENTATION_CONTEXT(2) 
PARAMETRIC_REPRESENTATION_CONTEXT() REPRESENTATION_CONTEXT('2D SPACE',''
  ) );
#2100 = ORIENTED_EDGE('',*,*,#2101,.T.);
#2101 = EDGE_CURVE('',#2082,#2061,#2102,.T.);
#2102 = SURFACE_CURVE('',#2103,(#2106,#2112),.PCURVE_S1.);
#2103 = B_SPLINE_CURVE_WITH_KNOTS('',1,(#2104,#2105),.UNSPECIFIED.,.F.,
  .F.,(2,2),(0.,9.8),.PIECEWISE_BEZIER_KNOTS.);
#2104 = CARTESIAN_POINT('',(-10.16066958282,13.557438598574,7.623));
#2105 = CARTESIAN_POINT('',(-0.360669582827,13.557438598574,7.623));
#2106 = PCURVE('',#2009,#2107);
#2107 = DEFINITIONAL_REPRESENTATION('',(#2108),#2111);
#2108 = B_SPLINE_CURVE_WITH_KNOTS('',1,(#2109,#2110),.UNSPECIFIED.,.F.,
  .F.,(2,2),(0.,9.8),.PIECEWISE_BEZIER_KNOTS.);
#2109 = CARTESIAN_POINT('',(0.,0.));
#2110 = CARTESIAN_POINT('',(-9.8,-8.881784197001E-16));
#2111 = ( GEOMETRIC_REPRESENTATION_CONTEXT(2) 
PARAMETRIC_REPRESENTATION_CONTEXT() REPRESENTATION_CONTEXT('2D SPACE',''
  ) );
#2112 = PCURVE('',#1607,#2113);
#2113 = DEFINITIONAL_REPRESENTATION('',(#2114),#2118);
#2114 = B_SPLINE_CURVE_WITH_KNOTS('',2,(#2115,#2116,#2117),
  .UNSPECIFIED.,.F.,.F.,(3,3),(0.,9.8),.PIECEWISE_BEZIER_KNOTS.);
#2115 = CARTESIAN_POINT('',(-1.132996836615E-18,-1.26386435722E-16));
#2116 = CARTESIAN_POINT('',(-1.330798792322E-17,0.5));
#2117 = CARTESIAN_POINT('',(-2.548297900982E-17,1.));
#2118 = ( GEOMETRIC_REPRESENTATION_CONTEXT(2) 
PARAMETRIC_REPRESENTATION_CONTEXT() REPRESENTATION_CONTEXT('2D SPACE',''
  ) );
#2119 = ADVANCED_FACE('',(#2120),#1607,.T.);
#2120 = FACE_BOUND('',#2121,.T.);
#2121 = EDGE_LOOP('',(#2122,#2143,#2144,#2165));
#2122 = ORIENTED_EDGE('',*,*,#2123,.F.);
#2123 = EDGE_CURVE('',#2061,#1562,#2124,.T.);
#2124 = SURFACE_CURVE('',#2125,(#2129,#2136),.PCURVE_S1.);
#2125 = ( BOUNDED_CURVE() B_SPLINE_CURVE(2,(#2126,#2127,#2128),
.UNSPECIFIED.,.F.,.F.) B_SPLINE_CURVE_WITH_KNOTS((3,3),(0.,1.),
.PIECEWISE_BEZIER_KNOTS.) CURVE() GEOMETRIC_REPRESENTATION_ITEM() 
RATIONAL_B_SPLINE_CURVE((1.,3.231801218514,1.)) REPRESENTATION_ITEM('') 
  );
#2126 = CARTESIAN_POINT('',(-0.360669582827,13.557438598574,7.623));
#2127 = CARTESIAN_POINT('',(-0.360669582827,14.142251794748,9.723));
#2128 = CARTESIAN_POINT('',(-0.360669582827,13.557438598574,11.823));
#2129 = PCURVE('',#1607,#2130);
#2130 = DEFINITIONAL_REPRESENTATION('',(#2131),#2135);
#2131 = B_SPLINE_CURVE_WITH_KNOTS('',2,(#2132,#2133,#2134),
  .UNSPECIFIED.,.F.,.F.,(3,3),(0.,1.),.PIECEWISE_BEZIER_KNOTS.);
#2132 = CARTESIAN_POINT('',(1.276689386215E-17,1.));
#2133 = CARTESIAN_POINT('',(0.5,1.));
#2134 = CARTESIAN_POINT('',(1.,1.));
#2135 = ( GEOMETRIC_REPRESENTATION_CONTEXT(2) 
PARAMETRIC_REPRESENTATION_CONTEXT() REPRESENTATION_CONTEXT('2D SPACE',''
  ) );
#2136 = PCURVE('',#1582,#2137);
#2137 = DEFINITIONAL_REPRESENTATION('',(#2138),#2142);
#2138 = ( BOUNDED_CURVE() B_SPLINE_CURVE(2,(#2139,#2140,#2141),
.UNSPECIFIED.,.F.,.F.) B_SPLINE_CURVE_WITH_KNOTS((3,3),(0.,1.),
.PIECEWISE_BEZIER_KNOTS.) CURVE() GEOMETRIC_REPRESENTATION_ITEM() 
RATIONAL_B_SPLINE_CURVE((1.,3.231801218514,1.)) REPRESENTATION_ITEM('') 
  );
#2139 = CARTESIAN_POINT('',(-0.499522792182,1.25));
#2140 = CARTESIAN_POINT('',(-2.599522792182,1.737344330146));
#2141 = CARTESIAN_POINT('',(-4.699522792182,1.25));
#2142 = ( GEOMETRIC_REPRESENTATION_CONTEXT(2) 
PARAMETRIC_REPRESENTATION_CONTEXT() REPRESENTATION_CONTEXT('2D SPACE',''
  ) );
#2143 = ORIENTED_EDGE('',*,*,#2101,.F.);
#2144 = ORIENTED_EDGE('',*,*,#2145,.T.);
#2145 = EDGE_CURVE('',#2082,#1594,#2146,.T.);
#2146 = SURFACE_CURVE('',#2147,(#2151,#2158),.PCURVE_S1.);
#2147 = ( BOUNDED_CURVE() B_SPLINE_CURVE(2,(#2148,#2149,#2150),
.UNSPECIFIED.,.F.,.F.) B_SPLINE_CURVE_WITH_KNOTS((3,3),(0.,1.),
.PIECEWISE_BEZIER_KNOTS.) CURVE() GEOMETRIC_REPRESENTATION_ITEM() 
RATIONAL_B_SPLINE_CURVE((1.,3.231801218514,1.)) REPRESENTATION_ITEM('') 
  );
#2148 = CARTESIAN_POINT('',(-10.16066958282,13.557438598574,7.623));
#2149 = CARTESIAN_POINT('',(-10.16066958282,14.142251794748,9.723));
#2150 = CARTESIAN_POINT('',(-10.16066958282,13.557438598574,11.823));
#2151 = PCURVE('',#1607,#2152);
#2152 = DEFINITIONAL_REPRESENTATION('',(#2153),#2157);
#2153 = B_SPLINE_CURVE_WITH_KNOTS('',2,(#2154,#2155,#2156),
  .UNSPECIFIED.,.F.,.F.,(3,3),(0.,1.),.PIECEWISE_BEZIER_KNOTS.);
#2154 = CARTESIAN_POINT('',(6.455980385419E-17,-3.575598473223E-17));
#2155 = CARTESIAN_POINT('',(0.5,-2.031289162388E-16));
#2156 = CARTESIAN_POINT('',(1.,-3.567481147041E-17));
#2157 = ( GEOMETRIC_REPRESENTATION_CONTEXT(2) 
PARAMETRIC_REPRESENTATION_CONTEXT() REPRESENTATION_CONTEXT('2D SPACE',''
  ) );
#2158 = PCURVE('',#1635,#2159);
#2159 = DEFINITIONAL_REPRESENTATION('',(#2160),#2164);
#2160 = ( BOUNDED_CURVE() B_SPLINE_CURVE(2,(#2161,#2162,#2163),
.UNSPECIFIED.,.F.,.F.) B_SPLINE_CURVE_WITH_KNOTS((3,3),(0.,1.),
.PIECEWISE_BEZIER_KNOTS.) CURVE() GEOMETRIC_REPRESENTATION_ITEM() 
RATIONAL_B_SPLINE_CURVE((1.,3.231801218514,1.)) REPRESENTATION_ITEM('') 
  );
#2161 = CARTESIAN_POINT('',(0.499522792182,1.25));
#2162 = CARTESIAN_POINT('',(2.599522792182,1.737344330146));
#2163 = CARTESIAN_POINT('',(4.699522792182,1.25));
#2164 = ( GEOMETRIC_REPRESENTATION_CONTEXT(2) 
PARAMETRIC_REPRESENTATION_CONTEXT() REPRESENTATION_CONTEXT('2D SPACE',''
  ) );
#2165 = ORIENTED_EDGE('',*,*,#1593,.T.);
#2166 = ADVANCED_FACE('',(#2167),#558,.T.);
#2167 = FACE_BOUND('',#2168,.T.);
#2168 = EDGE_LOOP('',(#2169,#2228,#2250,#2271,#2272,#2273,#2274,#2275,
    #2276,#2299,#2319));
#2169 = ORIENTED_EDGE('',*,*,#2170,.F.);
#2170 = EDGE_CURVE('',#2171,#495,#2173,.T.);
#2171 = VERTEX_POINT('',#2172);
#2172 = CARTESIAN_POINT('',(-6.243646249551,13.57511171094,5.663));
#2173 = SURFACE_CURVE('',#2174,(#2189,#2204),.PCURVE_S1.);
#2174 = B_SPLINE_CURVE_WITH_KNOTS('',3,(#2175,#2176,#2177,#2178,#2179,
    #2180,#2181,#2182,#2183,#2184,#2185,#2186,#2187,#2188),
  .UNSPECIFIED.,.F.,.F.,(4,2,2,2,2,2,4),(6.371375734423E-03,
    6.96360408144E-03,7.555832428458E-03,7.851946601967E-03,
    8.148060775475E-03,8.444174948984E-03,8.740289122493E-03),
  .UNSPECIFIED.);
#2175 = CARTESIAN_POINT('',(-6.243646249551,13.57511171094,5.663));
#2176 = CARTESIAN_POINT('',(-6.264005759006,13.769086743051,
    5.771925463334));
#2177 = CARTESIAN_POINT('',(-6.266966207274,13.964153207016,
    5.886636876766));
#2178 = CARTESIAN_POINT('',(-6.229351988164,14.343356006792,
    6.122193350782));
#2179 = CARTESIAN_POINT('',(-6.189285458995,14.527030132746,
    6.24282328344));
#2180 = CARTESIAN_POINT('',(-6.082212505499,14.783146551652,
    6.421074820839));
#2181 = CARTESIAN_POINT('',(-6.03912613445,14.863971068343,
    6.479097619096));
#2182 = CARTESIAN_POINT('',(-5.93358306336,15.014818736932,
    6.590417402724));
#2183 = CARTESIAN_POINT('',(-5.870861155225,15.084639639082,
    6.643620342498));
#2184 = CARTESIAN_POINT('',(-5.72613778751,15.20309411033,6.735947298365
    ));
#2185 = CARTESIAN_POINT('',(-5.642401168865,15.252792179712,
    6.775877530698));
#2186 = CARTESIAN_POINT('',(-5.460528077293,15.320823846539,
    6.831154079267));
#2187 = CARTESIAN_POINT('',(-5.361072607768,15.339568382102,
    6.846730434815));
#2188 = CARTESIAN_POINT('',(-5.260669582827,15.339568382102,
    6.846730434815));
#2189 = PCURVE('',#558,#2190);
#2190 = DEFINITIONAL_REPRESENTATION('',(#2191),#2203);
#2191 = B_SPLINE_CURVE_WITH_KNOTS('',5,(#2192,#2193,#2194,#2195,#2196,
    #2197,#2198,#2199,#2200,#2201,#2202),.UNSPECIFIED.,.F.,.F.,(6,5,6),(
    6.371375734423E-03,7.555832428458E-03,8.740289122493E-03),
  .PIECEWISE_BEZIER_KNOTS.);
#2192 = CARTESIAN_POINT('',(0.499042570134,0.399696258498));
#2193 = CARTESIAN_POINT('',(0.499076485012,0.397180399568));
#2194 = CARTESIAN_POINT('',(0.49911198709,0.396910761374));
#2195 = CARTESIAN_POINT('',(0.499148646003,0.398927302175));
#2196 = CARTESIAN_POINT('',(0.49918565273,0.403779659935));
#2197 = CARTESIAN_POINT('',(0.499221819593,0.41252715233));
#2198 = CARTESIAN_POINT('',(0.499258038497,0.421251216212));
#2199 = CARTESIAN_POINT('',(0.499291842149,0.433689128534));
#2200 = CARTESIAN_POINT('',(0.499325474177,0.451123703811));
#2201 = CARTESIAN_POINT('',(0.499343984139,0.475421955682));
#2202 = CARTESIAN_POINT('',(0.499343966181,0.5));
#2203 = ( GEOMETRIC_REPRESENTATION_CONTEXT(2) 
PARAMETRIC_REPRESENTATION_CONTEXT() REPRESENTATION_CONTEXT('2D SPACE',''
  ) );
#2204 = PCURVE('',#509,#2205);
#2205 = DEFINITIONAL_REPRESENTATION('',(#2206),#2227);
#2206 = B_SPLINE_CURVE_WITH_KNOTS('',7,(#2207,#2208,#2209,#2210,#2211,
    #2212,#2213,#2214,#2215,#2216,#2217,#2218,#2219,#2220,#2221,#2222,
    #2223,#2224,#2225,#2226),.UNSPECIFIED.,.F.,.F.,(8,6,6,8),(
    6.371375734423E-03,6.96360408144E-03,7.851946601967E-03,
    8.740289122493E-03),.UNSPECIFIED.);
#2207 = CARTESIAN_POINT('',(4.910606802438,2.935272406361));
#2208 = CARTESIAN_POINT('',(4.860904291851,2.865995609179));
#2209 = CARTESIAN_POINT('',(4.811614437852,2.796588879632));
#2210 = CARTESIAN_POINT('',(4.758804823496,2.727208324769));
#2211 = CARTESIAN_POINT('',(4.703455660343,2.658010051634));
#2212 = CARTESIAN_POINT('',(4.648416367713,2.589150167273));
#2213 = CARTESIAN_POINT('',(4.595362151935,2.520784778732));
#2214 = CARTESIAN_POINT('',(4.461420195627,2.35143064069));
#2215 = CARTESIAN_POINT('',(4.381436959425,2.251668380821));
#2216 = CARTESIAN_POINT('',(4.300841569289,2.153797795944));
#2217 = CARTESIAN_POINT('',(4.218648662668,2.058314779707));
#2218 = CARTESIAN_POINT('',(4.133846822169,1.966196536911));
#2219 = CARTESIAN_POINT('',(4.045398575565,1.878901583511));
#2220 = CARTESIAN_POINT('',(3.858907349522,1.717716503021));
#2221 = CARTESIAN_POINT('',(3.757799237708,1.641668192393));
#2222 = CARTESIAN_POINT('',(3.658240510111,1.580059372416));
#2223 = CARTESIAN_POINT('',(3.537564037455,1.521006648045));
#2224 = CARTESIAN_POINT('',(3.419773112029,1.485448192029));
#2225 = CARTESIAN_POINT('',(3.284718959225,1.46484568971));
#2226 = CARTESIAN_POINT('',(3.14159265359,1.46489184706));
#2227 = ( GEOMETRIC_REPRESENTATION_CONTEXT(2) 
PARAMETRIC_REPRESENTATION_CONTEXT() REPRESENTATION_CONTEXT('2D SPACE',''
  ) );
#2228 = ORIENTED_EDGE('',*,*,#2229,.T.);
#2229 = EDGE_CURVE('',#2171,#2230,#2232,.T.);
#2230 = VERTEX_POINT('',#2231);
#2231 = CARTESIAN_POINT('',(-7.710669582827,13.57511171067,
    5.663000000336));
#2232 = SURFACE_CURVE('',#2233,(#2236,#2243),.PCURVE_S1.);
#2233 = B_SPLINE_CURVE_WITH_KNOTS('',1,(#2234,#2235),.UNSPECIFIED.,.F.,
  .F.,(2,2),(-3.917023333277,-2.45),.PIECEWISE_BEZIER_KNOTS.);
#2234 = CARTESIAN_POINT('',(-6.243646249551,13.575111710941,
    5.662999999999));
#2235 = CARTESIAN_POINT('',(-7.710669582827,13.575111710941,
    5.662999999999));
#2236 = PCURVE('',#558,#2237);
#2237 = DEFINITIONAL_REPRESENTATION('',(#2238),#2242);
#2238 = B_SPLINE_CURVE_WITH_KNOTS('',2,(#2239,#2240,#2241),
  .UNSPECIFIED.,.F.,.F.,(3,3),(-3.917023333277,-2.45),
  .PIECEWISE_BEZIER_KNOTS.);
#2239 = CARTESIAN_POINT('',(0.499042570134,0.399696258498));
#2240 = CARTESIAN_POINT('',(0.499042570134,0.324848129249));
#2241 = CARTESIAN_POINT('',(0.499042570134,0.25));
#2242 = ( GEOMETRIC_REPRESENTATION_CONTEXT(2) 
PARAMETRIC_REPRESENTATION_CONTEXT() REPRESENTATION_CONTEXT('2D SPACE',''
  ) );
#2243 = PCURVE('',#611,#2244);
#2244 = DEFINITIONAL_REPRESENTATION('',(#2245),#2249);
#2245 = B_SPLINE_CURVE_WITH_KNOTS('',2,(#2246,#2247,#2248),
  .UNSPECIFIED.,.F.,.F.,(3,3),(-3.917023333277,-2.45),
  .PIECEWISE_BEZIER_KNOTS.);
#2246 = CARTESIAN_POINT('',(0.499182349959,0.299392516995));
#2247 = CARTESIAN_POINT('',(0.499182349959,0.149696258498));
#2248 = CARTESIAN_POINT('',(0.499182349959,-1.100465205073E-16));
#2249 = ( GEOMETRIC_REPRESENTATION_CONTEXT(2) 
PARAMETRIC_REPRESENTATION_CONTEXT() REPRESENTATION_CONTEXT('2D SPACE',''
  ) );
#2250 = ORIENTED_EDGE('',*,*,#2251,.T.);
#2251 = EDGE_CURVE('',#2230,#1838,#2252,.T.);
#2252 = SURFACE_CURVE('',#2253,(#2257,#2264),.PCURVE_S1.);
#2253 = B_SPLINE_CURVE_WITH_KNOTS('',2,(#2254,#2255,#2256),
  .UNSPECIFIED.,.F.,.F.,(3,3),(0.500957429866,0.501187925371),
  .PIECEWISE_BEZIER_KNOTS.);
#2254 = CARTESIAN_POINT('',(-7.710669582827,13.57511171067,
    5.663000000336));
#2255 = CARTESIAN_POINT('',(-7.710669582827,12.784152955155,
    5.218842068878));
#2256 = CARTESIAN_POINT('',(-7.710669582827,11.815362808521,
    4.787649330931));
#2257 = PCURVE('',#558,#2258);
#2258 = DEFINITIONAL_REPRESENTATION('',(#2259),#2263);
#2259 = B_SPLINE_CURVE_WITH_KNOTS('',2,(#2260,#2261,#2262),
  .UNSPECIFIED.,.F.,.F.,(3,3),(0.500957429866,0.501187925371),
  .PIECEWISE_BEZIER_KNOTS.);
#2260 = CARTESIAN_POINT('',(0.499042570134,0.25));
#2261 = CARTESIAN_POINT('',(0.498927322382,0.25));
#2262 = CARTESIAN_POINT('',(0.498812074629,0.25));
#2263 = ( GEOMETRIC_REPRESENTATION_CONTEXT(2) 
PARAMETRIC_REPRESENTATION_CONTEXT() REPRESENTATION_CONTEXT('2D SPACE',''
  ) );
#2264 = PCURVE('',#611,#2265);
#2265 = DEFINITIONAL_REPRESENTATION('',(#2266),#2270);
#2266 = B_SPLINE_CURVE_WITH_KNOTS('',2,(#2267,#2268,#2269),
  .UNSPECIFIED.,.F.,.F.,(3,3),(0.500957429866,0.501187925371),
  .PIECEWISE_BEZIER_KNOTS.);
#2267 = CARTESIAN_POINT('',(0.499182349959,-1.100465205073E-16));
#2268 = CARTESIAN_POINT('',(0.499297597711,3.377290846956E-17));
#2269 = CARTESIAN_POINT('',(0.499412845464,-1.100465204565E-16));
#2270 = ( GEOMETRIC_REPRESENTATION_CONTEXT(2) 
PARAMETRIC_REPRESENTATION_CONTEXT() REPRESENTATION_CONTEXT('2D SPACE',''
  ) );
#2271 = ORIENTED_EDGE('',*,*,#1837,.F.);
#2272 = ORIENTED_EDGE('',*,*,#1256,.T.);
#2273 = ORIENTED_EDGE('',*,*,#1926,.T.);
#2274 = ORIENTED_EDGE('',*,*,#654,.F.);
#2275 = ORIENTED_EDGE('',*,*,#1881,.F.);
#2276 = ORIENTED_EDGE('',*,*,#2277,.T.);
#2277 = EDGE_CURVE('',#1860,#2278,#2280,.T.);
#2278 = VERTEX_POINT('',#2279);
#2279 = CARTESIAN_POINT('',(-2.810669582827,13.575111710941,5.663));
#2280 = SURFACE_CURVE('',#2281,(#2285,#2292),.PCURVE_S1.);
#2281 = B_SPLINE_CURVE_WITH_KNOTS('',2,(#2282,#2283,#2284),
  .UNSPECIFIED.,.F.,.F.,(3,3),(0.498812074629,0.499042570134),
  .PIECEWISE_BEZIER_KNOTS.);
#2282 = CARTESIAN_POINT('',(-2.810669582827,11.815362808521,
    4.787649330931));
#2283 = CARTESIAN_POINT('',(-2.810669582827,12.78415295516,
    5.218842068883));
#2284 = CARTESIAN_POINT('',(-2.810669582827,13.575111710941,5.663));
#2285 = PCURVE('',#558,#2286);
#2286 = DEFINITIONAL_REPRESENTATION('',(#2287),#2291);
#2287 = B_SPLINE_CURVE_WITH_KNOTS('',2,(#2288,#2289,#2290),
  .UNSPECIFIED.,.F.,.F.,(3,3),(0.498812074629,0.499042570134),
  .PIECEWISE_BEZIER_KNOTS.);
#2288 = CARTESIAN_POINT('',(0.498812074629,0.75));
#2289 = CARTESIAN_POINT('',(0.498927322382,0.75));
#2290 = CARTESIAN_POINT('',(0.499042570134,0.75));
#2291 = ( GEOMETRIC_REPRESENTATION_CONTEXT(2) 
PARAMETRIC_REPRESENTATION_CONTEXT() REPRESENTATION_CONTEXT('2D SPACE',''
  ) );
#2292 = PCURVE('',#611,#2293);
#2293 = DEFINITIONAL_REPRESENTATION('',(#2294),#2298);
#2294 = B_SPLINE_CURVE_WITH_KNOTS('',2,(#2295,#2296,#2297),
  .UNSPECIFIED.,.F.,.F.,(3,3),(0.498812074629,0.499042570134),
  .PIECEWISE_BEZIER_KNOTS.);
#2295 = CARTESIAN_POINT('',(0.499412845464,1.));
#2296 = CARTESIAN_POINT('',(0.499297597711,1.));
#2297 = CARTESIAN_POINT('',(0.499182349959,1.));
#2298 = ( GEOMETRIC_REPRESENTATION_CONTEXT(2) 
PARAMETRIC_REPRESENTATION_CONTEXT() REPRESENTATION_CONTEXT('2D SPACE',''
  ) );
#2299 = ORIENTED_EDGE('',*,*,#2300,.T.);
#2300 = EDGE_CURVE('',#2278,#528,#2301,.T.);
#2301 = SURFACE_CURVE('',#2302,(#2305,#2312),.PCURVE_S1.);
#2302 = B_SPLINE_CURVE_WITH_KNOTS('',1,(#2303,#2304),.UNSPECIFIED.,.F.,
  .F.,(2,2),(-7.35,-5.882976666723),.PIECEWISE_BEZIER_KNOTS.);
#2303 = CARTESIAN_POINT('',(-2.810669582827,13.575111710941,
    5.662999999999));
#2304 = CARTESIAN_POINT('',(-4.277692916104,13.575111710941,
    5.662999999999));
#2305 = PCURVE('',#558,#2306);
#2306 = DEFINITIONAL_REPRESENTATION('',(#2307),#2311);
#2307 = B_SPLINE_CURVE_WITH_KNOTS('',2,(#2308,#2309,#2310),
  .UNSPECIFIED.,.F.,.F.,(3,3),(-7.35,-5.882976666723),
  .PIECEWISE_BEZIER_KNOTS.);
#2308 = CARTESIAN_POINT('',(0.499042570134,0.75));
#2309 = CARTESIAN_POINT('',(0.499042570134,0.675151870751));
#2310 = CARTESIAN_POINT('',(0.499042570134,0.600303741502));
#2311 = ( GEOMETRIC_REPRESENTATION_CONTEXT(2) 
PARAMETRIC_REPRESENTATION_CONTEXT() REPRESENTATION_CONTEXT('2D SPACE',''
  ) );
#2312 = PCURVE('',#611,#2313);
#2313 = DEFINITIONAL_REPRESENTATION('',(#2314),#2318);
#2314 = B_SPLINE_CURVE_WITH_KNOTS('',2,(#2315,#2316,#2317),
  .UNSPECIFIED.,.F.,.F.,(3,3),(-7.35,-5.882976666723),
  .PIECEWISE_BEZIER_KNOTS.);
#2315 = CARTESIAN_POINT('',(0.499182349959,1.));
#2316 = CARTESIAN_POINT('',(0.499182349959,0.850303741502));
#2317 = CARTESIAN_POINT('',(0.499182349959,0.700607483005));
#2318 = ( GEOMETRIC_REPRESENTATION_CONTEXT(2) 
PARAMETRIC_REPRESENTATION_CONTEXT() REPRESENTATION_CONTEXT('2D SPACE',''
  ) );
#2319 = ORIENTED_EDGE('',*,*,#527,.F.);
#2320 = ADVANCED_FACE('',(#2321),#611,.F.);
#2321 = FACE_BOUND('',#2322,.F.);
#2322 = EDGE_LOOP('',(#2323,#2324,#2325,#2326,#2327,#2328,#2373));
#2323 = ORIENTED_EDGE('',*,*,#2251,.T.);
#2324 = ORIENTED_EDGE('',*,*,#1859,.T.);
#2325 = ORIENTED_EDGE('',*,*,#2277,.T.);
#2326 = ORIENTED_EDGE('',*,*,#2300,.T.);
#2327 = ORIENTED_EDGE('',*,*,#576,.F.);
#2328 = ORIENTED_EDGE('',*,*,#2329,.F.);
#2329 = EDGE_CURVE('',#2171,#577,#2330,.T.);
#2330 = SURFACE_CURVE('',#2331,(#2344,#2356),.PCURVE_S1.);
#2331 = B_SPLINE_CURVE_WITH_KNOTS('',3,(#2332,#2333,#2334,#2335,#2336,
    #2337,#2338,#2339,#2340,#2341,#2342,#2343),.UNSPECIFIED.,.F.,.F.,(4,
    2,2,2,2,4),(4.465528732808E-12,4.952961556433E-04,9.905923068211E-04
    ,1.485888457999E-03,1.733536533588E-03,1.981184609177E-03),
  .UNSPECIFIED.);
#2332 = CARTESIAN_POINT('',(-6.243646249551,13.57511171094,5.663));
#2333 = CARTESIAN_POINT('',(-6.226243975709,13.409311709524,
    5.569896048953));
#2334 = CARTESIAN_POINT('',(-6.196330259238,13.245016739876,
    5.481336418995));
#2335 = CARTESIAN_POINT('',(-6.111075431723,12.920470181051,
    5.31214313573));
#2336 = CARTESIAN_POINT('',(-6.056069221564,12.760112833018,
    5.231474914782));
#2337 = CARTESIAN_POINT('',(-5.909667356434,12.447340031169,
    5.078614668744));
#2338 = CARTESIAN_POINT('',(-5.821432744003,12.298475692524,
    5.008240011692));
#2339 = CARTESIAN_POINT('',(-5.643330221132,12.109136250428,
    4.920473875301));
#2340 = CARTESIAN_POINT('',(-5.576700776491,12.05318447383,
    4.894876469659));
#2341 = CARTESIAN_POINT('',(-5.427602994224,11.971646423807,
    4.857773953209));
#2342 = CARTESIAN_POINT('',(-5.344299919852,11.947134984888,
    4.846730434815));
#2343 = CARTESIAN_POINT('',(-5.260669582827,11.947134984888,
    4.846730434815));
#2344 = PCURVE('',#611,#2345);
#2345 = DEFINITIONAL_REPRESENTATION('',(#2346),#2355);
#2346 = B_SPLINE_CURVE_WITH_KNOTS('',7,(#2347,#2348,#2349,#2350,#2351,
    #2352,#2353,#2354),.UNSPECIFIED.,.F.,.F.,(8,8),(4.465528732808E-12,
    1.981184609177E-03),.PIECEWISE_BEZIER_KNOTS.);
#2347 = CARTESIAN_POINT('',(0.499182349959,0.299392516995));
#2348 = CARTESIAN_POINT('',(0.499223865249,0.305267882613));
#2349 = CARTESIAN_POINT('',(0.499262233087,0.318914850511));
#2350 = CARTESIAN_POINT('',(0.499300355159,0.330738822341));
#2351 = CARTESIAN_POINT('',(0.499333757089,0.365931581171));
#2352 = CARTESIAN_POINT('',(0.49936771228,0.382230410191));
#2353 = CARTESIAN_POINT('',(0.499397469273,0.441465015408));
#2354 = CARTESIAN_POINT('',(0.499397070695,0.5));
#2355 = ( GEOMETRIC_REPRESENTATION_CONTEXT(2) 
PARAMETRIC_REPRESENTATION_CONTEXT() REPRESENTATION_CONTEXT('2D SPACE',''
  ) );
#2356 = PCURVE('',#509,#2357);
#2357 = DEFINITIONAL_REPRESENTATION('',(#2358),#2372);
#2358 = B_SPLINE_CURVE_WITH_KNOTS('',6,(#2359,#2360,#2361,#2362,#2363,
    #2364,#2365,#2366,#2367,#2368,#2369,#2370,#2371),.UNSPECIFIED.,.F.,
  .F.,(7,6,7),(4.465528732808E-12,9.905923068211E-04,1.981184609177E-03)
  ,.PIECEWISE_BEZIER_KNOTS.);
#2359 = CARTESIAN_POINT('',(4.910606802438,2.935272406361));
#2360 = CARTESIAN_POINT('',(5.009204847362,3.073286559593));
#2361 = CARTESIAN_POINT('',(5.102303605642,3.210588326063));
#2362 = CARTESIAN_POINT('',(5.192784260551,3.346782136491));
#2363 = CARTESIAN_POINT('',(5.283527995361,3.481472421599));
#2364 = CARTESIAN_POINT('',(5.377415993347,3.614263612106));
#2365 = CARTESIAN_POINT('',(5.477329437781,3.744760138734));
#2366 = CARTESIAN_POINT('',(5.578090675353,3.874914814683));
#2367 = CARTESIAN_POINT('',(5.680365403444,4.002091872668));
#2368 = CARTESIAN_POINT('',(5.800468012327,4.10877092142));
#2369 = CARTESIAN_POINT('',(5.92558330881,4.229264621088));
#2370 = CARTESIAN_POINT('',(6.097526900759,4.29154132158));
#2371 = CARTESIAN_POINT('',(6.28318530718,4.291919678072));
#2372 = ( GEOMETRIC_REPRESENTATION_CONTEXT(2) 
PARAMETRIC_REPRESENTATION_CONTEXT() REPRESENTATION_CONTEXT('2D SPACE',''
  ) );
#2373 = ORIENTED_EDGE('',*,*,#2229,.T.);
#2374 = ADVANCED_FACE('',(#2375),#509,.T.);
#2375 = FACE_BOUND('',#2376,.T.);
#2376 = EDGE_LOOP('',(#2377,#2378,#2405,#2406,#2407));
#2377 = ORIENTED_EDGE('',*,*,#494,.F.);
#2378 = ORIENTED_EDGE('',*,*,#2379,.T.);
#2379 = EDGE_CURVE('',#99,#132,#2380,.T.);
#2380 = SURFACE_CURVE('',#2381,(#2387,#2396),.PCURVE_S1.);
#2381 = ( BOUNDED_CURVE() B_SPLINE_CURVE(2,(#2382,#2383,#2384,#2385,
#2386),.UNSPECIFIED.,.F.,.F.) B_SPLINE_CURVE_WITH_KNOTS((3,2,3),(
    3.14159265359,4.712388980385,6.28318530718),
.PIECEWISE_BEZIER_KNOTS.) CURVE() GEOMETRIC_REPRESENTATION_ITEM() 
RATIONAL_B_SPLINE_CURVE((1.,0.707106781187,1.,0.707106781187,1.)) 
REPRESENTATION_ITEM('') );
#2382 = CARTESIAN_POINT('',(-5.260669582827,16.857438598574,
    6.846730434815));
#2383 = CARTESIAN_POINT('',(-6.260669582827,16.857438598574,
    6.846730434815));
#2384 = CARTESIAN_POINT('',(-6.260669582827,16.857438598574,
    5.846730434815));
#2385 = CARTESIAN_POINT('',(-6.260669582827,16.857438598574,
    4.846730434815));
#2386 = CARTESIAN_POINT('',(-5.260669582827,16.857438598574,
    4.846730434815));
#2387 = PCURVE('',#509,#2388);
#2388 = DEFINITIONAL_REPRESENTATION('',(#2389),#2395);
#2389 = B_SPLINE_CURVE_WITH_KNOTS('',2,(#2390,#2391,#2392,#2393,#2394),
  .UNSPECIFIED.,.F.,.F.,(3,2,3),(3.14159265359,4.712388980385,
    6.28318530718),.PIECEWISE_BEZIER_KNOTS.);
#2390 = CARTESIAN_POINT('',(3.14159265359,0.2));
#2391 = CARTESIAN_POINT('',(3.926990816987,0.2));
#2392 = CARTESIAN_POINT('',(4.712388980385,0.2));
#2393 = CARTESIAN_POINT('',(5.497787143782,0.2));
#2394 = CARTESIAN_POINT('',(6.28318530718,0.2));
#2395 = ( GEOMETRIC_REPRESENTATION_CONTEXT(2) 
PARAMETRIC_REPRESENTATION_CONTEXT() REPRESENTATION_CONTEXT('2D SPACE',''
  ) );
#2396 = PCURVE('',#113,#2397);
#2397 = DEFINITIONAL_REPRESENTATION('',(#2398),#2404);
#2398 = B_SPLINE_CURVE_WITH_KNOTS('',2,(#2399,#2400,#2401,#2402,#2403),
  .UNSPECIFIED.,.F.,.F.,(3,2,3),(3.14159265359,4.712388980385,
    6.28318530718),.PIECEWISE_BEZIER_KNOTS.);
#2399 = CARTESIAN_POINT('',(3.14159265359,0.));
#2400 = CARTESIAN_POINT('',(3.926990816987,-6.010231332358E-16));
#2401 = CARTESIAN_POINT('',(4.712388980385,0.));
#2402 = CARTESIAN_POINT('',(5.497787143782,3.901554118393E-16));
#2403 = CARTESIAN_POINT('',(6.28318530718,0.));
#2404 = ( GEOMETRIC_REPRESENTATION_CONTEXT(2) 
PARAMETRIC_REPRESENTATION_CONTEXT() REPRESENTATION_CONTEXT('2D SPACE',''
  ) );
#2405 = ORIENTED_EDGE('',*,*,#631,.T.);
#2406 = ORIENTED_EDGE('',*,*,#2329,.F.);
#2407 = ORIENTED_EDGE('',*,*,#2170,.T.);
#2408 = ADVANCED_FACE('',(#2409),#84,.F.);
#2409 = FACE_BOUND('',#2410,.T.);
#2410 = EDGE_LOOP('',(#2411,#2438));
#2411 = ORIENTED_EDGE('',*,*,#2412,.T.);
#2412 = EDGE_CURVE('',#54,#52,#2413,.T.);
#2413 = SURFACE_CURVE('',#2414,(#2420,#2429),.PCURVE_S1.);
#2414 = ( BOUNDED_CURVE() B_SPLINE_CURVE(2,(#2415,#2416,#2417,#2418,
#2419),.UNSPECIFIED.,.F.,.F.) B_SPLINE_CURVE_WITH_KNOTS((3,2,3),(0.,
1.570796326795,3.14159265359),.PIECEWISE_BEZIER_KNOTS.) CURVE() 
GEOMETRIC_REPRESENTATION_ITEM() RATIONAL_B_SPLINE_CURVE((1.,
0.707106781187,1.,0.707106781187,1.)) REPRESENTATION_ITEM('') );
#2415 = CARTESIAN_POINT('',(-5.260669582827,17.097438598574,
    5.046730434815));
#2416 = CARTESIAN_POINT('',(-6.060669582827,17.097438598574,
    5.046730434815));
#2417 = CARTESIAN_POINT('',(-6.060669582827,17.097438598574,
    5.846730434815));
#2418 = CARTESIAN_POINT('',(-6.060669582827,17.097438598574,
    6.646730434815));
#2419 = CARTESIAN_POINT('',(-5.260669582827,17.097438598574,
    6.646730434815));
#2420 = PCURVE('',#84,#2421);
#2421 = DEFINITIONAL_REPRESENTATION('',(#2422),#2428);
#2422 = ( BOUNDED_CURVE() B_SPLINE_CURVE(2,(#2423,#2424,#2425,#2426,
#2427),.UNSPECIFIED.,.F.,.F.) B_SPLINE_CURVE_WITH_KNOTS((3,2,3),(0.,
1.570796326795,3.14159265359),.PIECEWISE_BEZIER_KNOTS.) CURVE() 
GEOMETRIC_REPRESENTATION_ITEM() RATIONAL_B_SPLINE_CURVE((1.,
0.707106781187,1.,0.707106781187,1.)) REPRESENTATION_ITEM('') );
#2423 = CARTESIAN_POINT('',(0.8,7.358878056813E-17));
#2424 = CARTESIAN_POINT('',(0.8,-0.8));
#2425 = CARTESIAN_POINT('',(0.,-0.8));
#2426 = CARTESIAN_POINT('',(-0.8,-0.8));
#2427 = CARTESIAN_POINT('',(-0.8,-7.358878056813E-17));
#2428 = ( GEOMETRIC_REPRESENTATION_CONTEXT(2) 
PARAMETRIC_REPRESENTATION_CONTEXT() REPRESENTATION_CONTEXT('2D SPACE',''
  ) );
#2429 = PCURVE('',#113,#2430);
#2430 = DEFINITIONAL_REPRESENTATION('',(#2431),#2437);
#2431 = B_SPLINE_CURVE_WITH_KNOTS('',2,(#2432,#2433,#2434,#2435,#2436),
  .UNSPECIFIED.,.F.,.F.,(3,2,3),(0.,1.570796326795,3.14159265359),
  .PIECEWISE_BEZIER_KNOTS.);
#2432 = CARTESIAN_POINT('',(6.28318530718,-0.282842712475));
#2433 = CARTESIAN_POINT('',(5.497787143782,-0.282842712475));
#2434 = CARTESIAN_POINT('',(4.712388980385,-0.282842712475));
#2435 = CARTESIAN_POINT('',(3.926990816987,-0.282842712475));
#2436 = CARTESIAN_POINT('',(3.14159265359,-0.282842712475));
#2437 = ( GEOMETRIC_REPRESENTATION_CONTEXT(2) 
PARAMETRIC_REPRESENTATION_CONTEXT() REPRESENTATION_CONTEXT('2D SPACE',''
  ) );
#2438 = ORIENTED_EDGE('',*,*,#51,.T.);
#2439 = ADVANCED_FACE('',(#2440),#353,.T.);
#2440 = FACE_BOUND('',#2441,.T.);
#2441 = EDGE_LOOP('',(#2442,#2443,#2470,#2471,#2472));
#2442 = ORIENTED_EDGE('',*,*,#338,.F.);
#2443 = ORIENTED_EDGE('',*,*,#2444,.T.);
#2444 = EDGE_CURVE('',#242,#275,#2445,.T.);
#2445 = SURFACE_CURVE('',#2446,(#2452,#2461),.PCURVE_S1.);
#2446 = ( BOUNDED_CURVE() B_SPLINE_CURVE(2,(#2447,#2448,#2449,#2450,
#2451),.UNSPECIFIED.,.F.,.F.) B_SPLINE_CURVE_WITH_KNOTS((3,2,3),(
    3.14159265359,4.712388980385,6.28318530718),
.PIECEWISE_BEZIER_KNOTS.) CURVE() GEOMETRIC_REPRESENTATION_ITEM() 
RATIONAL_B_SPLINE_CURVE((1.,0.707106781187,1.,0.707106781187,1.)) 
REPRESENTATION_ITEM('') );
#2447 = CARTESIAN_POINT('',(-5.260669582827,16.857438598574,
    14.346730434815));
#2448 = CARTESIAN_POINT('',(-6.260669582827,16.857438598574,
    14.346730434815));
#2449 = CARTESIAN_POINT('',(-6.260669582827,16.857438598574,
    13.346730434815));
#2450 = CARTESIAN_POINT('',(-6.260669582827,16.857438598574,
    12.346730434815));
#2451 = CARTESIAN_POINT('',(-5.260669582827,16.857438598574,
    12.346730434815));
#2452 = PCURVE('',#353,#2453);
#2453 = DEFINITIONAL_REPRESENTATION('',(#2454),#2460);
#2454 = B_SPLINE_CURVE_WITH_KNOTS('',2,(#2455,#2456,#2457,#2458,#2459),
  .UNSPECIFIED.,.F.,.F.,(3,2,3),(3.14159265359,4.712388980385,
    6.28318530718),.PIECEWISE_BEZIER_KNOTS.);
#2455 = CARTESIAN_POINT('',(3.141592653593,0.2));
#2456 = CARTESIAN_POINT('',(3.926990816983,0.2));
#2457 = CARTESIAN_POINT('',(4.712388980386,0.2));
#2458 = CARTESIAN_POINT('',(5.497787143781,0.2));
#2459 = CARTESIAN_POINT('',(6.28318530718,0.2));
#2460 = ( GEOMETRIC_REPRESENTATION_CONTEXT(2) 
PARAMETRIC_REPRESENTATION_CONTEXT() REPRESENTATION_CONTEXT('2D SPACE',''
  ) );
#2461 = PCURVE('',#256,#2462);
#2462 = DEFINITIONAL_REPRESENTATION('',(#2463),#2469);
#2463 = B_SPLINE_CURVE_WITH_KNOTS('',2,(#2464,#2465,#2466,#2467,#2468),
  .UNSPECIFIED.,.F.,.F.,(3,2,3),(3.14159265359,4.712388980385,
    6.28318530718),.PIECEWISE_BEZIER_KNOTS.);
#2464 = CARTESIAN_POINT('',(3.14159265359,-6.280369834735E-16));
#2465 = CARTESIAN_POINT('',(3.926990816987,9.585461307043E-16));
#2466 = CARTESIAN_POINT('',(4.712388980385,-1.570092458684E-16));
#2467 = CARTESIAN_POINT('',(5.497787143782,1.383337046976E-16));
#2468 = CARTESIAN_POINT('',(6.28318530718,-6.280369834735E-16));
#2469 = ( GEOMETRIC_REPRESENTATION_CONTEXT(2) 
PARAMETRIC_REPRESENTATION_CONTEXT() REPRESENTATION_CONTEXT('2D SPACE',''
  ) );
#2470 = ORIENTED_EDGE('',*,*,#470,.T.);
#2471 = ORIENTED_EDGE('',*,*,#1967,.F.);
#2472 = ORIENTED_EDGE('',*,*,#1667,.T.);
#2473 = ADVANCED_FACE('',(#2474),#227,.F.);
#2474 = FACE_BOUND('',#2475,.T.);
#2475 = EDGE_LOOP('',(#2476,#2503));
#2476 = ORIENTED_EDGE('',*,*,#2477,.T.);
#2477 = EDGE_CURVE('',#197,#195,#2478,.T.);
#2478 = SURFACE_CURVE('',#2479,(#2485,#2494),.PCURVE_S1.);
#2479 = ( BOUNDED_CURVE() B_SPLINE_CURVE(2,(#2480,#2481,#2482,#2483,
#2484),.UNSPECIFIED.,.F.,.F.) B_SPLINE_CURVE_WITH_KNOTS((3,2,3),(0.,
1.570796326795,3.14159265359),.PIECEWISE_BEZIER_KNOTS.) CURVE() 
GEOMETRIC_REPRESENTATION_ITEM() RATIONAL_B_SPLINE_CURVE((1.,
0.707106781187,1.,0.707106781187,1.)) REPRESENTATION_ITEM('') );
#2480 = CARTESIAN_POINT('',(-5.260669582827,17.097438598574,
    12.546730434815));
#2481 = CARTESIAN_POINT('',(-6.060669582827,17.097438598574,
    12.546730434815));
#2482 = CARTESIAN_POINT('',(-6.060669582827,17.097438598574,
    13.346730434815));
#2483 = CARTESIAN_POINT('',(-6.060669582827,17.097438598574,
    14.146730434815));
#2484 = CARTESIAN_POINT('',(-5.260669582827,17.097438598574,
    14.146730434815));
#2485 = PCURVE('',#227,#2486);
#2486 = DEFINITIONAL_REPRESENTATION('',(#2487),#2493);
#2487 = ( BOUNDED_CURVE() B_SPLINE_CURVE(2,(#2488,#2489,#2490,#2491,
#2492),.UNSPECIFIED.,.F.,.F.) B_SPLINE_CURVE_WITH_KNOTS((3,2,3),(0.,
1.570796326795,3.14159265359),.PIECEWISE_BEZIER_KNOTS.) CURVE() 
GEOMETRIC_REPRESENTATION_ITEM() RATIONAL_B_SPLINE_CURVE((1.,
0.707106781187,1.,0.707106781187,1.)) REPRESENTATION_ITEM('') );
#2488 = CARTESIAN_POINT('',(0.8,7.358878056813E-17));
#2489 = CARTESIAN_POINT('',(0.8,-0.8));
#2490 = CARTESIAN_POINT('',(0.,-0.8));
#2491 = CARTESIAN_POINT('',(-0.8,-0.8));
#2492 = CARTESIAN_POINT('',(-0.8,-7.35887805681E-17));
#2493 = ( GEOMETRIC_REPRESENTATION_CONTEXT(2) 
PARAMETRIC_REPRESENTATION_CONTEXT() REPRESENTATION_CONTEXT('2D SPACE',''
  ) );
#2494 = PCURVE('',#256,#2495);
#2495 = DEFINITIONAL_REPRESENTATION('',(#2496),#2502);
#2496 = B_SPLINE_CURVE_WITH_KNOTS('',2,(#2497,#2498,#2499,#2500,#2501),
  .UNSPECIFIED.,.F.,.F.,(3,2,3),(0.,1.570796326795,3.14159265359),
  .PIECEWISE_BEZIER_KNOTS.);
#2497 = CARTESIAN_POINT('',(6.28318530718,-0.282842712475));
#2498 = CARTESIAN_POINT('',(5.497787143782,-0.282842712475));
#2499 = CARTESIAN_POINT('',(4.712388980385,-0.282842712475));
#2500 = CARTESIAN_POINT('',(3.926990816987,-0.282842712475));
#2501 = CARTESIAN_POINT('',(3.14159265359,-0.282842712475));
#2502 = ( GEOMETRIC_REPRESENTATION_CONTEXT(2) 
PARAMETRIC_REPRESENTATION_CONTEXT() REPRESENTATION_CONTEXT('2D SPACE',''
  ) );
#2503 = ORIENTED_EDGE('',*,*,#194,.T.);
#2504 = ADVANCED_FACE('',(#2505),#256,.T.);
#2505 = FACE_BOUND('',#2506,.T.);
#2506 = EDGE_LOOP('',(#2507,#2508,#2509,#2510));
#2507 = ORIENTED_EDGE('',*,*,#241,.F.);
#2508 = ORIENTED_EDGE('',*,*,#2477,.F.);
#2509 = ORIENTED_EDGE('',*,*,#314,.T.);
#2510 = ORIENTED_EDGE('',*,*,#2444,.F.);
#2511 = ADVANCED_FACE('',(#2512),#113,.T.);
#2512 = FACE_BOUND('',#2513,.T.);
#2513 = EDGE_LOOP('',(#2514,#2515,#2516,#2517));
#2514 = ORIENTED_EDGE('',*,*,#98,.F.);
#2515 = ORIENTED_EDGE('',*,*,#2412,.F.);
#2516 = ORIENTED_EDGE('',*,*,#171,.T.);
#2517 = ORIENTED_EDGE('',*,*,#2379,.F.);
#2518 = ADVANCED_FACE('',(#2519),#1242,.T.);
#2519 = FACE_BOUND('',#2520,.T.);
#2520 = EDGE_LOOP('',(#2521,#2522,#2543,#2544));
#2521 = ORIENTED_EDGE('',*,*,#1228,.F.);
#2522 = ORIENTED_EDGE('',*,*,#2523,.T.);
#2523 = EDGE_CURVE('',#1134,#1409,#2524,.T.);
#2524 = SURFACE_CURVE('',#2525,(#2529,#2536),.PCURVE_S1.);
#2525 = ( BOUNDED_CURVE() B_SPLINE_CURVE(2,(#2526,#2527,#2528),
.UNSPECIFIED.,.F.,.F.) B_SPLINE_CURVE_WITH_KNOTS((3,3),(3.492664229894,
5.932113730876),.PIECEWISE_BEZIER_KNOTS.) CURVE() 
GEOMETRIC_REPRESENTATION_ITEM() RATIONAL_B_SPLINE_CURVE((1.,
0.343904219932,1.)) REPRESENTATION_ITEM('') );
#2526 = CARTESIAN_POINT('',(-10.16066958282,13.857438598574,
    7.123477207818));
#2527 = CARTESIAN_POINT('',(-17.97624230361,13.857438598574,
    9.985878585634));
#2528 = CARTESIAN_POINT('',(-10.16066958282,13.857438598574,
    12.84827996345));
#2529 = PCURVE('',#1242,#2530);
#2530 = DEFINITIONAL_REPRESENTATION('',(#2531),#2535);
#2531 = B_SPLINE_CURVE_WITH_KNOTS('',2,(#2532,#2533,#2534),
  .UNSPECIFIED.,.F.,.F.,(3,3),(3.492664229894,5.932113730876),
  .PIECEWISE_BEZIER_KNOTS.);
#2532 = CARTESIAN_POINT('',(3.492664229894,1.5));
#2533 = CARTESIAN_POINT('',(4.712388980385,1.5));
#2534 = CARTESIAN_POINT('',(5.932113730876,1.5));
#2535 = ( GEOMETRIC_REPRESENTATION_CONTEXT(2) 
PARAMETRIC_REPRESENTATION_CONTEXT() REPRESENTATION_CONTEXT('2D SPACE',''
  ) );
#2536 = PCURVE('',#1171,#2537);
#2537 = DEFINITIONAL_REPRESENTATION('',(#2538),#2542);
#2538 = B_SPLINE_CURVE_WITH_KNOTS('',2,(#2539,#2540,#2541),
  .UNSPECIFIED.,.F.,.F.,(3,3),(3.492664229894,5.932113730876),
  .PIECEWISE_BEZIER_KNOTS.);
#2539 = CARTESIAN_POINT('',(3.492664229894,6.28318530718));
#2540 = CARTESIAN_POINT('',(4.712388980385,6.28318530718));
#2541 = CARTESIAN_POINT('',(5.932113730876,6.28318530718));
#2542 = ( GEOMETRIC_REPRESENTATION_CONTEXT(2) 
PARAMETRIC_REPRESENTATION_CONTEXT() REPRESENTATION_CONTEXT('2D SPACE',''
  ) );
#2543 = ORIENTED_EDGE('',*,*,#1408,.T.);
#2544 = ORIENTED_EDGE('',*,*,#1945,.T.);
#2545 = ADVANCED_FACE('',(#2546),#1635,.F.);
#2546 = FACE_BOUND('',#2547,.T.);
#2547 = EDGE_LOOP('',(#2548,#2549,#2550,#2551));
#2548 = ORIENTED_EDGE('',*,*,#1621,.F.);
#2549 = ORIENTED_EDGE('',*,*,#2145,.F.);
#2550 = ORIENTED_EDGE('',*,*,#2081,.F.);
#2551 = ORIENTED_EDGE('',*,*,#2039,.T.);
#2552 = ADVANCED_FACE('',(#2553),#1122,.F.);
#2553 = FACE_BOUND('',#2554,.T.);
#2554 = EDGE_LOOP('',(#2555,#2556));
#2555 = ORIENTED_EDGE('',*,*,#1101,.T.);
#2556 = ORIENTED_EDGE('',*,*,#2557,.T.);
#2557 = EDGE_CURVE('',#1104,#1102,#2558,.T.);
#2558 = SURFACE_CURVE('',#2559,(#2563,#2570),.PCURVE_S1.);
#2559 = ( BOUNDED_CURVE() B_SPLINE_CURVE(2,(#2560,#2561,#2562),
.UNSPECIFIED.,.F.,.F.) B_SPLINE_CURVE_WITH_KNOTS((3,3),(0.743777357292,
2.397815296298),.PIECEWISE_BEZIER_KNOTS.) CURVE() 
GEOMETRIC_REPRESENTATION_ITEM() RATIONAL_B_SPLINE_CURVE((1.,
0.677072554081,1.)) REPRESENTATION_ITEM('') );
#2560 = CARTESIAN_POINT('',(-10.16066958282,12.057438598574,
    11.125323806753));
#2561 = CARTESIAN_POINT('',(-11.39914287787,12.057438598574,
    9.985878585634));
#2562 = CARTESIAN_POINT('',(-10.16066958282,12.057438598574,
    8.846433364515));
#2563 = PCURVE('',#1122,#2564);
#2564 = DEFINITIONAL_REPRESENTATION('',(#2565),#2569);
#2565 = ( BOUNDED_CURVE() B_SPLINE_CURVE(2,(#2566,#2567,#2568),
.UNSPECIFIED.,.F.,.F.) B_SPLINE_CURVE_WITH_KNOTS((3,3),(0.743777357292,
2.397815296298),.PIECEWISE_BEZIER_KNOTS.) CURVE() 
GEOMETRIC_REPRESENTATION_ITEM() RATIONAL_B_SPLINE_CURVE((1.,
0.677072554081,1.)) REPRESENTATION_ITEM('') );
#2566 = CARTESIAN_POINT('',(1.139445221119,-1.04833541193));
#2567 = CARTESIAN_POINT('',(-1.942890293094E-16,-2.28680870698));
#2568 = CARTESIAN_POINT('',(-1.139445221119,-1.04833541193));
#2569 = ( GEOMETRIC_REPRESENTATION_CONTEXT(2) 
PARAMETRIC_REPRESENTATION_CONTEXT() REPRESENTATION_CONTEXT('2D SPACE',''
  ) );
#2570 = PCURVE('',#1171,#2571);
#2571 = DEFINITIONAL_REPRESENTATION('',(#2572),#2576);
#2572 = B_SPLINE_CURVE_WITH_KNOTS('',2,(#2573,#2574,#2575),
  .UNSPECIFIED.,.F.,.F.,(3,3),(0.743777357292,2.397815296298),
  .PIECEWISE_BEZIER_KNOTS.);
#2573 = CARTESIAN_POINT('',(5.478406894553,4.712388980385));
#2574 = CARTESIAN_POINT('',(4.712388980385,4.712388980385));
#2575 = CARTESIAN_POINT('',(3.946371066216,4.712388980385));
#2576 = ( GEOMETRIC_REPRESENTATION_CONTEXT(2) 
PARAMETRIC_REPRESENTATION_CONTEXT() REPRESENTATION_CONTEXT('2D SPACE',''
  ) );
#2577 = ADVANCED_FACE('',(#2578),#698,.T.);
#2578 = FACE_BOUND('',#2579,.T.);
#2579 = EDGE_LOOP('',(#2580,#2581,#2602,#2603));
#2580 = ORIENTED_EDGE('',*,*,#921,.F.);
#2581 = ORIENTED_EDGE('',*,*,#2582,.T.);
#2582 = EDGE_CURVE('',#837,#685,#2583,.T.);
#2583 = SURFACE_CURVE('',#2584,(#2588,#2595),.PCURVE_S1.);
#2584 = ( BOUNDED_CURVE() B_SPLINE_CURVE(2,(#2585,#2586,#2587),
.UNSPECIFIED.,.F.,.F.) B_SPLINE_CURVE_WITH_KNOTS((3,3),(3.492664229894,
5.932113730876),.PIECEWISE_BEZIER_KNOTS.) CURVE() 
GEOMETRIC_REPRESENTATION_ITEM() RATIONAL_B_SPLINE_CURVE((1.,
0.343904219932,1.)) REPRESENTATION_ITEM('') );
#2585 = CARTESIAN_POINT('',(-0.360669582827,13.857438598574,
    12.84827996345));
#2586 = CARTESIAN_POINT('',(7.454903137964,13.857438598574,
    9.985878585634));
#2587 = CARTESIAN_POINT('',(-0.360669582827,13.857438598574,
    7.123477207818));
#2588 = PCURVE('',#698,#2589);
#2589 = DEFINITIONAL_REPRESENTATION('',(#2590),#2594);
#2590 = B_SPLINE_CURVE_WITH_KNOTS('',2,(#2591,#2592,#2593),
  .UNSPECIFIED.,.F.,.F.,(3,3),(3.492664229894,5.932113730876),
  .PIECEWISE_BEZIER_KNOTS.);
#2591 = CARTESIAN_POINT('',(0.351071576304,1.5));
#2592 = CARTESIAN_POINT('',(1.570796326795,1.5));
#2593 = CARTESIAN_POINT('',(2.790521077286,1.5));
#2594 = ( GEOMETRIC_REPRESENTATION_CONTEXT(2) 
PARAMETRIC_REPRESENTATION_CONTEXT() REPRESENTATION_CONTEXT('2D SPACE',''
  ) );
#2595 = PCURVE('',#750,#2596);
#2596 = DEFINITIONAL_REPRESENTATION('',(#2597),#2601);
#2597 = B_SPLINE_CURVE_WITH_KNOTS('',2,(#2598,#2599,#2600),
  .UNSPECIFIED.,.F.,.F.,(3,3),(3.492664229894,5.932113730876),
  .PIECEWISE_BEZIER_KNOTS.);
#2598 = CARTESIAN_POINT('',(2.790521077286,0.));
#2599 = CARTESIAN_POINT('',(1.570796326795,-2.178126109581E-16));
#2600 = CARTESIAN_POINT('',(0.351071576304,-1.644196977886E-16));
#2601 = ( GEOMETRIC_REPRESENTATION_CONTEXT(2) 
PARAMETRIC_REPRESENTATION_CONTEXT() REPRESENTATION_CONTEXT('2D SPACE',''
  ) );
#2602 = ORIENTED_EDGE('',*,*,#684,.T.);
#2603 = ORIENTED_EDGE('',*,*,#1905,.T.);
#2604 = ADVANCED_FACE('',(#2605),#1582,.F.);
#2605 = FACE_BOUND('',#2606,.T.);
#2606 = EDGE_LOOP('',(#2607,#2608,#2609,#2610));
#2607 = ORIENTED_EDGE('',*,*,#1561,.T.);
#2608 = ORIENTED_EDGE('',*,*,#2020,.T.);
#2609 = ORIENTED_EDGE('',*,*,#2060,.T.);
#2610 = ORIENTED_EDGE('',*,*,#2123,.T.);
#2611 = ADVANCED_FACE('',(#2612),#825,.T.);
#2612 = FACE_BOUND('',#2613,.T.);
#2613 = EDGE_LOOP('',(#2614,#2615));
#2614 = ORIENTED_EDGE('',*,*,#811,.T.);
#2615 = ORIENTED_EDGE('',*,*,#2616,.T.);
#2616 = EDGE_CURVE('',#713,#812,#2617,.T.);
#2617 = SURFACE_CURVE('',#2618,(#2622,#2629),.PCURVE_S1.);
#2618 = ( BOUNDED_CURVE() B_SPLINE_CURVE(2,(#2619,#2620,#2621),
.UNSPECIFIED.,.F.,.F.) B_SPLINE_CURVE_WITH_KNOTS((3,3),(0.743777357292,
2.397815296298),.PIECEWISE_BEZIER_KNOTS.) CURVE() 
GEOMETRIC_REPRESENTATION_ITEM() RATIONAL_B_SPLINE_CURVE((1.,
0.677072554081,1.)) REPRESENTATION_ITEM('') );
#2619 = CARTESIAN_POINT('',(-0.360669582827,12.057438598574,
    8.846433364515));
#2620 = CARTESIAN_POINT('',(0.877803712222,12.057438598574,
    9.985878585634));
#2621 = CARTESIAN_POINT('',(-0.360669582827,12.057438598574,
    11.125323806753));
#2622 = PCURVE('',#825,#2623);
#2623 = DEFINITIONAL_REPRESENTATION('',(#2624),#2628);
#2624 = ( BOUNDED_CURVE() B_SPLINE_CURVE(2,(#2625,#2626,#2627),
.UNSPECIFIED.,.F.,.F.) B_SPLINE_CURVE_WITH_KNOTS((3,3),(0.743777357292,
2.397815296298),.PIECEWISE_BEZIER_KNOTS.) CURVE() 
GEOMETRIC_REPRESENTATION_ITEM() RATIONAL_B_SPLINE_CURVE((1.,
0.677072554081,1.)) REPRESENTATION_ITEM('') );
#2625 = CARTESIAN_POINT('',(1.139445221119,1.04833541193));
#2626 = CARTESIAN_POINT('',(-1.942890293094E-16,2.28680870698));
#2627 = CARTESIAN_POINT('',(-1.139445221119,1.04833541193));
#2628 = ( GEOMETRIC_REPRESENTATION_CONTEXT(2) 
PARAMETRIC_REPRESENTATION_CONTEXT() REPRESENTATION_CONTEXT('2D SPACE',''
  ) );
#2629 = PCURVE('',#750,#2630);
#2630 = DEFINITIONAL_REPRESENTATION('',(#2631),#2635);
#2631 = B_SPLINE_CURVE_WITH_KNOTS('',2,(#2632,#2633,#2634),
  .UNSPECIFIED.,.F.,.F.,(3,3),(0.743777357292,2.397815296298),
  .PIECEWISE_BEZIER_KNOTS.);
#2632 = CARTESIAN_POINT('',(0.804778412627,1.570796326795));
#2633 = CARTESIAN_POINT('',(1.570796326795,1.570796326795));
#2634 = CARTESIAN_POINT('',(2.336814240963,1.570796326795));
#2635 = ( GEOMETRIC_REPRESENTATION_CONTEXT(2) 
PARAMETRIC_REPRESENTATION_CONTEXT() REPRESENTATION_CONTEXT('2D SPACE',''
  ) );
#2636 = ADVANCED_FACE('',(#2637),#750,.T.);
#2637 = FACE_BOUND('',#2638,.T.);
#2638 = EDGE_LOOP('',(#2639,#2640,#2641,#2642));
#2639 = ORIENTED_EDGE('',*,*,#712,.F.);
#2640 = ORIENTED_EDGE('',*,*,#2582,.F.);
#2641 = ORIENTED_EDGE('',*,*,#836,.F.);
#2642 = ORIENTED_EDGE('',*,*,#2616,.F.);
#2643 = ADVANCED_FACE('',(#2644),#1171,.T.);
#2644 = FACE_BOUND('',#2645,.T.);
#2645 = EDGE_LOOP('',(#2646,#2647,#2648,#2649));
#2646 = ORIENTED_EDGE('',*,*,#1429,.F.);
#2647 = ORIENTED_EDGE('',*,*,#2523,.F.);
#2648 = ORIENTED_EDGE('',*,*,#1133,.F.);
#2649 = ORIENTED_EDGE('',*,*,#2557,.F.);
#2650 = ( GEOMETRIC_REPRESENTATION_CONTEXT(3) 
GLOBAL_UNCERTAINTY_ASSIGNED_CONTEXT((#2654)) 
GLOBAL_UNIT_ASSIGNED_CONTEXT((#2651,#2652,#2653)) REPRESENTATION_CONTEXT
('Context #1','3D Context with UNIT and UNCERTAINTY') );
#2651 = ( LENGTH_UNIT() NAMED_UNIT(*) SI_UNIT(.MILLI.,.METRE.) );
#2652 = ( NAMED_UNIT(*) PLANE_ANGLE_UNIT() SI_UNIT($,.RADIAN.) );
#2653 = ( NAMED_UNIT(*) SI_UNIT($,.STERADIAN.) SOLID_ANGLE_UNIT() );
#2654 = UNCERTAINTY_MEASURE_WITH_UNIT(LENGTH_MEASURE(1.E-04),#2651,
  'distance_accuracy_value','confusion accuracy');
#2655 = CONTEXT_DEPENDENT_SHAPE_REPRESENTATION(#2656,#2658);
#2656 = ( REPRESENTATION_RELATIONSHIP('','',#44,#10) 
REPRESENTATION_RELATIONSHIP_WITH_TRANSFORMATION(#2657) 
SHAPE_REPRESENTATION_RELATIONSHIP() );
#2657 = ITEM_DEFINED_TRANSFORMATION('','',#11,#15);
#2658 = PRODUCT_DEFINITION_SHAPE('Placement','Placement of an item',
  #2659);
#2659 = NEXT_ASSEMBLY_USAGE_OCCURRENCE('5','','',#5,#39,$);
#2660 = PRODUCT_RELATED_PRODUCT_CATEGORY('part',$,(#41));
#2661 = SHAPE_DEFINITION_REPRESENTATION(#2662,#2668);
#2662 = PRODUCT_DEFINITION_SHAPE('','',#2663);
#2663 = PRODUCT_DEFINITION('design','',#2664,#2667);
#2664 = PRODUCT_DEFINITION_FORMATION('','',#2665);
#2665 = PRODUCT('Open CASCADE STEP translator 7.9 2.2',
  'Open CASCADE STEP translator 7.9 2.2','',(#2666));
#2666 = PRODUCT_CONTEXT('',#2,'mechanical');
#2667 = PRODUCT_DEFINITION_CONTEXT('part definition',#2,'design');
#2668 = ADVANCED_BREP_SHAPE_REPRESENTATION('',(#11,#2669),#10377);
#2669 = MANIFOLD_SOLID_BREP('',#2670);
#2670 = CLOSED_SHELL('',(#2671,#2801,#2921,#3041,#5165,#5285,#5361,#5415
    ,#5469,#5501,#5572,#5622,#5671,#5721,#5770,#5820,#5874,#5924,#5973,
    #6023,#6072,#6122,#6171,#6221,#6275,#6325,#6374,#6424,#6473,#6523,
    #6572,#6626,#6675,#6725,#6774,#6824,#6873,#6927,#6976,#7026,#7075,
    #7125,#7174,#7224,#7273,#7323,#7355,#7405,#7454,#7504,#7553,#7603,
    #7652,#7684,#7733,#7783,#7832,#7882,#7931,#7981,#8013,#8063,#8112,
    #8162,#8211,#8261,#8310,#8360,#8409,#8463,#8512,#8562,#8611,#8661,
    #8710,#8764,#8813,#8863,#8912,#8962,#9011,#9061,#9115,#9143,#9371,
    #9442,#9491,#9540,#9567,#9795,#10023,#10251));
#2671 = ADVANCED_FACE('',(#2672),#2687,.T.);
#2672 = FACE_BOUND('',#2673,.T.);
#2673 = EDGE_LOOP('',(#2674,#2714,#2742,#2775));
#2674 = ORIENTED_EDGE('',*,*,#2675,.T.);
#2675 = EDGE_CURVE('',#2676,#2678,#2680,.T.);
#2676 = VERTEX_POINT('',#2677);
#2677 = CARTESIAN_POINT('',(0.251821456086,-0.323571428571,
    -0.355125000056));
#2678 = VERTEX_POINT('',#2679);
#2679 = CARTESIAN_POINT('',(0.32,-0.285,-0.355125000056));
#2680 = SURFACE_CURVE('',#2681,(#2686,#2698),.PCURVE_S1.);
#2681 = CIRCLE('',#2682,4.5E-02);
#2682 = AXIS2_PLACEMENT_3D('',#2683,#2684,#2685);
#2683 = CARTESIAN_POINT('',(0.275,-0.285,-0.355125000056));
#2684 = DIRECTION('',(7.228014483237E-15,0.,1.));
#2685 = DIRECTION('',(-1.,0.,7.228014483237E-15));
#2686 = PCURVE('',#2687,#2692);
#2687 = CYLINDRICAL_SURFACE('',#2688,4.5E-02);
#2688 = AXIS2_PLACEMENT_3D('',#2689,#2690,#2691);
#2689 = CARTESIAN_POINT('',(0.275,-0.285,-0.355125000056));
#2690 = DIRECTION('',(7.228014483237E-15,0.,1.));
#2691 = DIRECTION('',(1.,0.,-7.228014483237E-15));
#2692 = DEFINITIONAL_REPRESENTATION('',(#2693),#2697);
#2693 = LINE('',#2694,#2695);
#2694 = CARTESIAN_POINT('',(3.14159265359,0.));
#2695 = VECTOR('',#2696,1.);
#2696 = DIRECTION('',(1.,0.));
#2697 = ( GEOMETRIC_REPRESENTATION_CONTEXT(2) 
PARAMETRIC_REPRESENTATION_CONTEXT() REPRESENTATION_CONTEXT('2D SPACE',''
  ) );
#2698 = PCURVE('',#2699,#2704);
#2699 = PLANE('',#2700);
#2700 = AXIS2_PLACEMENT_3D('',#2701,#2702,#2703);
#2701 = CARTESIAN_POINT('',(-2.913505490302E-15,0.,-0.355125000056));
#2702 = DIRECTION('',(-6.982962677686E-15,0.,-1.));
#2703 = DIRECTION('',(-1.,0.,6.982962677686E-15));
#2704 = DEFINITIONAL_REPRESENTATION('',(#2705),#2713);
#2705 = ( BOUNDED_CURVE() B_SPLINE_CURVE(2,(#2706,#2707,#2708,#2709,
#2710,#2711,#2712),.UNSPECIFIED.,.T.,.F.) B_SPLINE_CURVE_WITH_KNOTS((1,2
    ,2,2,2,1),(-2.094395102393,0.,2.094395102393,4.188790204786,
6.28318530718,8.377580409573),.UNSPECIFIED.) CURVE() 
GEOMETRIC_REPRESENTATION_ITEM() RATIONAL_B_SPLINE_CURVE((1.,0.5,1.,0.5,
1.,0.5,1.)) REPRESENTATION_ITEM('') );
#2706 = CARTESIAN_POINT('',(-0.23,-0.285));
#2707 = CARTESIAN_POINT('',(-0.23,-0.362942286341));
#2708 = CARTESIAN_POINT('',(-0.2975,-0.32397114317));
#2709 = CARTESIAN_POINT('',(-0.365,-0.285));
#2710 = CARTESIAN_POINT('',(-0.2975,-0.24602885683));
#2711 = CARTESIAN_POINT('',(-0.23,-0.207057713659));
#2712 = CARTESIAN_POINT('',(-0.23,-0.285));
#2713 = ( GEOMETRIC_REPRESENTATION_CONTEXT(2) 
PARAMETRIC_REPRESENTATION_CONTEXT() REPRESENTATION_CONTEXT('2D SPACE',''
  ) );
#2714 = ORIENTED_EDGE('',*,*,#2715,.T.);
#2715 = EDGE_CURVE('',#2678,#2716,#2718,.T.);
#2716 = VERTEX_POINT('',#2717);
#2717 = CARTESIAN_POINT('',(0.32,-0.285,-0.355));
#2718 = SURFACE_CURVE('',#2719,(#2723,#2730),.PCURVE_S1.);
#2719 = LINE('',#2720,#2721);
#2720 = CARTESIAN_POINT('',(0.32,-0.285,-0.355125000056));
#2721 = VECTOR('',#2722,1.);
#2722 = DIRECTION('',(7.228014483237E-15,0.,1.));
#2723 = PCURVE('',#2687,#2724);
#2724 = DEFINITIONAL_REPRESENTATION('',(#2725),#2729);
#2725 = LINE('',#2726,#2727);
#2726 = CARTESIAN_POINT('',(6.28318530718,5.551115123126E-17));
#2727 = VECTOR('',#2728,1.);
#2728 = DIRECTION('',(0.,1.));
#2729 = ( GEOMETRIC_REPRESENTATION_CONTEXT(2) 
PARAMETRIC_REPRESENTATION_CONTEXT() REPRESENTATION_CONTEXT('2D SPACE',''
  ) );
#2730 = PCURVE('',#2731,#2736);
#2731 = CYLINDRICAL_SURFACE('',#2732,4.5E-02);
#2732 = AXIS2_PLACEMENT_3D('',#2733,#2734,#2735);
#2733 = CARTESIAN_POINT('',(0.275,-0.285,-0.355125000056));
#2734 = DIRECTION('',(7.228014483237E-15,0.,1.));
#2735 = DIRECTION('',(1.,0.,-7.228014483237E-15));
#2736 = DEFINITIONAL_REPRESENTATION('',(#2737),#2741);
#2737 = LINE('',#2738,#2739);
#2738 = CARTESIAN_POINT('',(0.,5.551115123126E-17));
#2739 = VECTOR('',#2740,1.);
#2740 = DIRECTION('',(0.,1.));
#2741 = ( GEOMETRIC_REPRESENTATION_CONTEXT(2) 
PARAMETRIC_REPRESENTATION_CONTEXT() REPRESENTATION_CONTEXT('2D SPACE',''
  ) );
#2742 = ORIENTED_EDGE('',*,*,#2743,.F.);
#2743 = EDGE_CURVE('',#2744,#2716,#2746,.T.);
#2744 = VERTEX_POINT('',#2745);
#2745 = CARTESIAN_POINT('',(0.251821456086,-0.323571428571,-0.355));
#2746 = SURFACE_CURVE('',#2747,(#2752,#2759),.PCURVE_S1.);
#2747 = CIRCLE('',#2748,4.5E-02);
#2748 = AXIS2_PLACEMENT_3D('',#2749,#2750,#2751);
#2749 = CARTESIAN_POINT('',(0.275,-0.285,-0.355));
#2750 = DIRECTION('',(7.228014483237E-15,0.,1.));
#2751 = DIRECTION('',(-1.,0.,7.228014483237E-15));
#2752 = PCURVE('',#2687,#2753);
#2753 = DEFINITIONAL_REPRESENTATION('',(#2754),#2758);
#2754 = LINE('',#2755,#2756);
#2755 = CARTESIAN_POINT('',(3.14159265359,1.250000564816E-04));
#2756 = VECTOR('',#2757,1.);
#2757 = DIRECTION('',(1.,0.));
#2758 = ( GEOMETRIC_REPRESENTATION_CONTEXT(2) 
PARAMETRIC_REPRESENTATION_CONTEXT() REPRESENTATION_CONTEXT('2D SPACE',''
  ) );
#2759 = PCURVE('',#2760,#2765);
#2760 = PLANE('',#2761);
#2761 = AXIS2_PLACEMENT_3D('',#2762,#2763,#2764);
#2762 = CARTESIAN_POINT('',(0.485,-0.595,-0.355));
#2763 = DIRECTION('',(-6.982962677686E-15,0.,-1.));
#2764 = DIRECTION('',(-1.,0.,6.982962677686E-15));
#2765 = DEFINITIONAL_REPRESENTATION('',(#2766),#2774);
#2766 = ( BOUNDED_CURVE() B_SPLINE_CURVE(2,(#2767,#2768,#2769,#2770,
#2771,#2772,#2773),.UNSPECIFIED.,.T.,.F.) B_SPLINE_CURVE_WITH_KNOTS((1,2
    ,2,2,2,1),(-2.094395102393,0.,2.094395102393,4.188790204786,
6.28318530718,8.377580409573),.UNSPECIFIED.) CURVE() 
GEOMETRIC_REPRESENTATION_ITEM() RATIONAL_B_SPLINE_CURVE((1.,0.5,1.,0.5,
1.,0.5,1.)) REPRESENTATION_ITEM('') );
#2767 = CARTESIAN_POINT('',(0.255,0.31));
#2768 = CARTESIAN_POINT('',(0.255,0.232057713659));
#2769 = CARTESIAN_POINT('',(0.1875,0.27102885683));
#2770 = CARTESIAN_POINT('',(0.12,0.31));
#2771 = CARTESIAN_POINT('',(0.1875,0.34897114317));
#2772 = CARTESIAN_POINT('',(0.255,0.387942286341));
#2773 = CARTESIAN_POINT('',(0.255,0.31));
#2774 = ( GEOMETRIC_REPRESENTATION_CONTEXT(2) 
PARAMETRIC_REPRESENTATION_CONTEXT() REPRESENTATION_CONTEXT('2D SPACE',''
  ) );
#2775 = ORIENTED_EDGE('',*,*,#2776,.F.);
#2776 = EDGE_CURVE('',#2676,#2744,#2777,.T.);
#2777 = SURFACE_CURVE('',#2778,(#2782,#2789),.PCURVE_S1.);
#2778 = LINE('',#2779,#2780);
#2779 = CARTESIAN_POINT('',(0.251821456086,-0.323571428571,
    -0.355125000056));
#2780 = VECTOR('',#2781,1.);
#2781 = DIRECTION('',(6.982962677686E-15,0.,1.));
#2782 = PCURVE('',#2687,#2783);
#2783 = DEFINITIONAL_REPRESENTATION('',(#2784),#2788);
#2784 = LINE('',#2785,#2786);
#2785 = CARTESIAN_POINT('',(4.171289454427,-1.665334536938E-16));
#2786 = VECTOR('',#2787,1.);
#2787 = DIRECTION('',(0.,1.));
#2788 = ( GEOMETRIC_REPRESENTATION_CONTEXT(2) 
PARAMETRIC_REPRESENTATION_CONTEXT() REPRESENTATION_CONTEXT('2D SPACE',''
  ) );
#2789 = PCURVE('',#2790,#2795);
#2790 = CYLINDRICAL_SURFACE('',#2791,2.5E-02);
#2791 = AXIS2_PLACEMENT_3D('',#2792,#2793,#2794);
#2792 = CARTESIAN_POINT('',(0.238944487245,-0.345,-0.355125000056));
#2793 = DIRECTION('',(6.505213034913E-15,0.,1.));
#2794 = DIRECTION('',(1.,0.,-6.505213034913E-15));
#2795 = DEFINITIONAL_REPRESENTATION('',(#2796),#2800);
#2796 = LINE('',#2797,#2798);
#2797 = CARTESIAN_POINT('',(1.029696800838,1.110223024625E-16));
#2798 = VECTOR('',#2799,1.);
#2799 = DIRECTION('',(0.,1.));
#2800 = ( GEOMETRIC_REPRESENTATION_CONTEXT(2) 
PARAMETRIC_REPRESENTATION_CONTEXT() REPRESENTATION_CONTEXT('2D SPACE',''
  ) );
#2801 = ADVANCED_FACE('',(#2802),#2817,.T.);
#2802 = FACE_BOUND('',#2803,.T.);
#2803 = EDGE_LOOP('',(#2804,#2839,#2867,#2895));
#2804 = ORIENTED_EDGE('',*,*,#2805,.T.);
#2805 = EDGE_CURVE('',#2806,#2808,#2810,.T.);
#2806 = VERTEX_POINT('',#2807);
#2807 = CARTESIAN_POINT('',(0.175,-5.E-02,-0.355125000056));
#2808 = VERTEX_POINT('',#2809);
#2809 = CARTESIAN_POINT('',(0.225,1.219727444046E-16,-0.355125000056));
#2810 = SURFACE_CURVE('',#2811,(#2816,#2828),.PCURVE_S1.);
#2811 = CIRCLE('',#2812,5.E-02);
#2812 = AXIS2_PLACEMENT_3D('',#2813,#2814,#2815);
#2813 = CARTESIAN_POINT('',(0.175,1.219727444046E-16,-0.355125000056));
#2814 = DIRECTION('',(6.505213034913E-15,0.,1.));
#2815 = DIRECTION('',(-1.,0.,6.505213034913E-15));
#2816 = PCURVE('',#2817,#2822);
#2817 = CYLINDRICAL_SURFACE('',#2818,5.E-02);
#2818 = AXIS2_PLACEMENT_3D('',#2819,#2820,#2821);
#2819 = CARTESIAN_POINT('',(0.175,1.219727444046E-16,-0.355125000056));
#2820 = DIRECTION('',(6.505213034913E-15,0.,1.));
#2821 = DIRECTION('',(1.,0.,-6.505213034913E-15));
#2822 = DEFINITIONAL_REPRESENTATION('',(#2823),#2827);
#2823 = LINE('',#2824,#2825);
#2824 = CARTESIAN_POINT('',(3.14159265359,5.551115123126E-17));
#2825 = VECTOR('',#2826,1.);
#2826 = DIRECTION('',(1.,-3.533949646071E-17));
#2827 = ( GEOMETRIC_REPRESENTATION_CONTEXT(2) 
PARAMETRIC_REPRESENTATION_CONTEXT() REPRESENTATION_CONTEXT('2D SPACE',''
  ) );
#2828 = PCURVE('',#2699,#2829);
#2829 = DEFINITIONAL_REPRESENTATION('',(#2830),#2838);
#2830 = ( BOUNDED_CURVE() B_SPLINE_CURVE(2,(#2831,#2832,#2833,#2834,
#2835,#2836,#2837),.UNSPECIFIED.,.T.,.F.) B_SPLINE_CURVE_WITH_KNOTS((1,2
    ,2,2,2,1),(-2.094395102393,0.,2.094395102393,4.188790204786,
6.28318530718,8.377580409573),.UNSPECIFIED.) CURVE() 
GEOMETRIC_REPRESENTATION_ITEM() RATIONAL_B_SPLINE_CURVE((1.,0.5,1.,0.5,
1.,0.5,1.)) REPRESENTATION_ITEM('') );
#2831 = CARTESIAN_POINT('',(-0.125,1.219727444046E-16));
#2832 = CARTESIAN_POINT('',(-0.125,-8.660254037844E-02));
#2833 = CARTESIAN_POINT('',(-0.2,-4.330127018922E-02));
#2834 = CARTESIAN_POINT('',(-0.275,1.097262764131E-16));
#2835 = CARTESIAN_POINT('',(-0.2,4.330127018922E-02));
#2836 = CARTESIAN_POINT('',(-0.125,8.660254037844E-02));
#2837 = CARTESIAN_POINT('',(-0.125,1.219727444046E-16));
#2838 = ( GEOMETRIC_REPRESENTATION_CONTEXT(2) 
PARAMETRIC_REPRESENTATION_CONTEXT() REPRESENTATION_CONTEXT('2D SPACE',''
  ) );
#2839 = ORIENTED_EDGE('',*,*,#2840,.T.);
#2840 = EDGE_CURVE('',#2808,#2841,#2843,.T.);
#2841 = VERTEX_POINT('',#2842);
#2842 = CARTESIAN_POINT('',(0.225,1.219727444046E-16,-0.355));
#2843 = SURFACE_CURVE('',#2844,(#2848,#2855),.PCURVE_S1.);
#2844 = LINE('',#2845,#2846);
#2845 = CARTESIAN_POINT('',(0.225,1.219727444046E-16,-0.355125000056));
#2846 = VECTOR('',#2847,1.);
#2847 = DIRECTION('',(6.505213034913E-15,0.,1.));
#2848 = PCURVE('',#2817,#2849);
#2849 = DEFINITIONAL_REPRESENTATION('',(#2850),#2854);
#2850 = LINE('',#2851,#2852);
#2851 = CARTESIAN_POINT('',(6.28318530718,-5.551115123126E-17));
#2852 = VECTOR('',#2853,1.);
#2853 = DIRECTION('',(0.,1.));
#2854 = ( GEOMETRIC_REPRESENTATION_CONTEXT(2) 
PARAMETRIC_REPRESENTATION_CONTEXT() REPRESENTATION_CONTEXT('2D SPACE',''
  ) );
#2855 = PCURVE('',#2856,#2861);
#2856 = CYLINDRICAL_SURFACE('',#2857,5.E-02);
#2857 = AXIS2_PLACEMENT_3D('',#2858,#2859,#2860);
#2858 = CARTESIAN_POINT('',(0.175,1.219727444046E-16,-0.355125000056));
#2859 = DIRECTION('',(6.505213034913E-15,0.,1.));
#2860 = DIRECTION('',(1.,0.,-6.505213034913E-15));
#2861 = DEFINITIONAL_REPRESENTATION('',(#2862),#2866);
#2862 = LINE('',#2863,#2864);
#2863 = CARTESIAN_POINT('',(0.,-5.551115123126E-17));
#2864 = VECTOR('',#2865,1.);
#2865 = DIRECTION('',(0.,1.));
#2866 = ( GEOMETRIC_REPRESENTATION_CONTEXT(2) 
PARAMETRIC_REPRESENTATION_CONTEXT() REPRESENTATION_CONTEXT('2D SPACE',''
  ) );
#2867 = ORIENTED_EDGE('',*,*,#2868,.F.);
#2868 = EDGE_CURVE('',#2869,#2841,#2871,.T.);
#2869 = VERTEX_POINT('',#2870);
#2870 = CARTESIAN_POINT('',(0.175,-5.E-02,-0.355));
#2871 = SURFACE_CURVE('',#2872,(#2877,#2884),.PCURVE_S1.);
#2872 = CIRCLE('',#2873,5.E-02);
#2873 = AXIS2_PLACEMENT_3D('',#2874,#2875,#2876);
#2874 = CARTESIAN_POINT('',(0.175,1.219727444046E-16,-0.355));
#2875 = DIRECTION('',(6.505213034913E-15,0.,1.));
#2876 = DIRECTION('',(-1.,0.,6.505213034913E-15));
#2877 = PCURVE('',#2817,#2878);
#2878 = DEFINITIONAL_REPRESENTATION('',(#2879),#2883);
#2879 = LINE('',#2880,#2881);
#2880 = CARTESIAN_POINT('',(3.14159265359,1.250000564811E-04));
#2881 = VECTOR('',#2882,1.);
#2882 = DIRECTION('',(1.,-3.533949646071E-17));
#2883 = ( GEOMETRIC_REPRESENTATION_CONTEXT(2) 
PARAMETRIC_REPRESENTATION_CONTEXT() REPRESENTATION_CONTEXT('2D SPACE',''
  ) );
#2884 = PCURVE('',#2760,#2885);
#2885 = DEFINITIONAL_REPRESENTATION('',(#2886),#2894);
#2886 = ( BOUNDED_CURVE() B_SPLINE_CURVE(2,(#2887,#2888,#2889,#2890,
#2891,#2892,#2893),.UNSPECIFIED.,.T.,.F.) B_SPLINE_CURVE_WITH_KNOTS((1,2
    ,2,2,2,1),(-2.094395102393,0.,2.094395102393,4.188790204786,
6.28318530718,8.377580409573),.UNSPECIFIED.) CURVE() 
GEOMETRIC_REPRESENTATION_ITEM() RATIONAL_B_SPLINE_CURVE((1.,0.5,1.,0.5,
1.,0.5,1.)) REPRESENTATION_ITEM('') );
#2887 = CARTESIAN_POINT('',(0.36,0.595));
#2888 = CARTESIAN_POINT('',(0.36,0.508397459622));
#2889 = CARTESIAN_POINT('',(0.285,0.551698729811));
#2890 = CARTESIAN_POINT('',(0.21,0.595));
#2891 = CARTESIAN_POINT('',(0.285,0.638301270189));
#2892 = CARTESIAN_POINT('',(0.36,0.681602540378));
#2893 = CARTESIAN_POINT('',(0.36,0.595));
#2894 = ( GEOMETRIC_REPRESENTATION_CONTEXT(2) 
PARAMETRIC_REPRESENTATION_CONTEXT() REPRESENTATION_CONTEXT('2D SPACE',''
  ) );
#2895 = ORIENTED_EDGE('',*,*,#2896,.F.);
#2896 = EDGE_CURVE('',#2806,#2869,#2897,.T.);
#2897 = SURFACE_CURVE('',#2898,(#2902,#2909),.PCURVE_S1.);
#2898 = LINE('',#2899,#2900);
#2899 = CARTESIAN_POINT('',(0.175,-5.E-02,-0.355125000056));
#2900 = VECTOR('',#2901,1.);
#2901 = DIRECTION('',(6.982962677686E-15,0.,1.));
#2902 = PCURVE('',#2817,#2903);
#2903 = DEFINITIONAL_REPRESENTATION('',(#2904),#2908);
#2904 = LINE('',#2905,#2906);
#2905 = CARTESIAN_POINT('',(4.712388980385,0.));
#2906 = VECTOR('',#2907,1.);
#2907 = DIRECTION('',(0.,1.));
#2908 = ( GEOMETRIC_REPRESENTATION_CONTEXT(2) 
PARAMETRIC_REPRESENTATION_CONTEXT() REPRESENTATION_CONTEXT('2D SPACE',''
  ) );
#2909 = PCURVE('',#2910,#2915);
#2910 = PLANE('',#2911);
#2911 = AXIS2_PLACEMENT_3D('',#2912,#2913,#2914);
#2912 = CARTESIAN_POINT('',(0.175,-5.E-02,-0.355125000056));
#2913 = DIRECTION('',(0.,-1.,0.));
#2914 = DIRECTION('',(0.,0.,-1.));
#2915 = DEFINITIONAL_REPRESENTATION('',(#2916),#2920);
#2916 = LINE('',#2917,#2918);
#2917 = CARTESIAN_POINT('',(0.,0.));
#2918 = VECTOR('',#2919,1.);
#2919 = DIRECTION('',(-1.,6.982962677686E-15));
#2920 = ( GEOMETRIC_REPRESENTATION_CONTEXT(2) 
PARAMETRIC_REPRESENTATION_CONTEXT() REPRESENTATION_CONTEXT('2D SPACE',''
  ) );
#2921 = ADVANCED_FACE('',(#2922),#2937,.T.);
#2922 = FACE_BOUND('',#2923,.T.);
#2923 = EDGE_LOOP('',(#2924,#2959,#2987,#3015));
#2924 = ORIENTED_EDGE('',*,*,#2925,.T.);
#2925 = EDGE_CURVE('',#2926,#2928,#2930,.T.);
#2926 = VERTEX_POINT('',#2927);
#2927 = CARTESIAN_POINT('',(0.251821456086,0.246428571429,
    -0.355125000056));
#2928 = VERTEX_POINT('',#2929);
#2929 = CARTESIAN_POINT('',(0.32,0.285,-0.355125000056));
#2930 = SURFACE_CURVE('',#2931,(#2936,#2948),.PCURVE_S1.);
#2931 = CIRCLE('',#2932,4.5E-02);
#2932 = AXIS2_PLACEMENT_3D('',#2933,#2934,#2935);
#2933 = CARTESIAN_POINT('',(0.275,0.285,-0.355125000056));
#2934 = DIRECTION('',(7.228014483237E-15,0.,1.));
#2935 = DIRECTION('',(-1.,0.,7.228014483237E-15));
#2936 = PCURVE('',#2937,#2942);
#2937 = CYLINDRICAL_SURFACE('',#2938,4.5E-02);
#2938 = AXIS2_PLACEMENT_3D('',#2939,#2940,#2941);
#2939 = CARTESIAN_POINT('',(0.275,0.285,-0.355125000056));
#2940 = DIRECTION('',(7.228014483237E-15,0.,1.));
#2941 = DIRECTION('',(1.,0.,-7.228014483237E-15));
#2942 = DEFINITIONAL_REPRESENTATION('',(#2943),#2947);
#2943 = LINE('',#2944,#2945);
#2944 = CARTESIAN_POINT('',(3.14159265359,0.));
#2945 = VECTOR('',#2946,1.);
#2946 = DIRECTION('',(1.,0.));
#2947 = ( GEOMETRIC_REPRESENTATION_CONTEXT(2) 
PARAMETRIC_REPRESENTATION_CONTEXT() REPRESENTATION_CONTEXT('2D SPACE',''
  ) );
#2948 = PCURVE('',#2699,#2949);
#2949 = DEFINITIONAL_REPRESENTATION('',(#2950),#2958);
#2950 = ( BOUNDED_CURVE() B_SPLINE_CURVE(2,(#2951,#2952,#2953,#2954,
#2955,#2956,#2957),.UNSPECIFIED.,.T.,.F.) B_SPLINE_CURVE_WITH_KNOTS((1,2
    ,2,2,2,1),(-2.094395102393,0.,2.094395102393,4.188790204786,
6.28318530718,8.377580409573),.UNSPECIFIED.) CURVE() 
GEOMETRIC_REPRESENTATION_ITEM() RATIONAL_B_SPLINE_CURVE((1.,0.5,1.,0.5,
1.,0.5,1.)) REPRESENTATION_ITEM('') );
#2951 = CARTESIAN_POINT('',(-0.23,0.285));
#2952 = CARTESIAN_POINT('',(-0.23,0.207057713659));
#2953 = CARTESIAN_POINT('',(-0.2975,0.24602885683));
#2954 = CARTESIAN_POINT('',(-0.365,0.285));
#2955 = CARTESIAN_POINT('',(-0.2975,0.32397114317));
#2956 = CARTESIAN_POINT('',(-0.23,0.362942286341));
#2957 = CARTESIAN_POINT('',(-0.23,0.285));
#2958 = ( GEOMETRIC_REPRESENTATION_CONTEXT(2) 
PARAMETRIC_REPRESENTATION_CONTEXT() REPRESENTATION_CONTEXT('2D SPACE',''
  ) );
#2959 = ORIENTED_EDGE('',*,*,#2960,.T.);
#2960 = EDGE_CURVE('',#2928,#2961,#2963,.T.);
#2961 = VERTEX_POINT('',#2962);
#2962 = CARTESIAN_POINT('',(0.32,0.285,-0.355));
#2963 = SURFACE_CURVE('',#2964,(#2968,#2975),.PCURVE_S1.);
#2964 = LINE('',#2965,#2966);
#2965 = CARTESIAN_POINT('',(0.32,0.285,-0.355125000056));
#2966 = VECTOR('',#2967,1.);
#2967 = DIRECTION('',(7.228014483237E-15,0.,1.));
#2968 = PCURVE('',#2937,#2969);
#2969 = DEFINITIONAL_REPRESENTATION('',(#2970),#2974);
#2970 = LINE('',#2971,#2972);
#2971 = CARTESIAN_POINT('',(6.28318530718,5.551115123126E-17));
#2972 = VECTOR('',#2973,1.);
#2973 = DIRECTION('',(0.,1.));
#2974 = ( GEOMETRIC_REPRESENTATION_CONTEXT(2) 
PARAMETRIC_REPRESENTATION_CONTEXT() REPRESENTATION_CONTEXT('2D SPACE',''
  ) );
#2975 = PCURVE('',#2976,#2981);
#2976 = CYLINDRICAL_SURFACE('',#2977,4.5E-02);
#2977 = AXIS2_PLACEMENT_3D('',#2978,#2979,#2980);
#2978 = CARTESIAN_POINT('',(0.275,0.285,-0.355125000056));
#2979 = DIRECTION('',(7.228014483237E-15,0.,1.));
#2980 = DIRECTION('',(1.,0.,-7.228014483237E-15));
#2981 = DEFINITIONAL_REPRESENTATION('',(#2982),#2986);
#2982 = LINE('',#2983,#2984);
#2983 = CARTESIAN_POINT('',(0.,5.551115123126E-17));
#2984 = VECTOR('',#2985,1.);
#2985 = DIRECTION('',(0.,1.));
#2986 = ( GEOMETRIC_REPRESENTATION_CONTEXT(2) 
PARAMETRIC_REPRESENTATION_CONTEXT() REPRESENTATION_CONTEXT('2D SPACE',''
  ) );
#2987 = ORIENTED_EDGE('',*,*,#2988,.F.);
#2988 = EDGE_CURVE('',#2989,#2961,#2991,.T.);
#2989 = VERTEX_POINT('',#2990);
#2990 = CARTESIAN_POINT('',(0.251821456086,0.246428571429,-0.355));
#2991 = SURFACE_CURVE('',#2992,(#2997,#3004),.PCURVE_S1.);
#2992 = CIRCLE('',#2993,4.5E-02);
#2993 = AXIS2_PLACEMENT_3D('',#2994,#2995,#2996);
#2994 = CARTESIAN_POINT('',(0.275,0.285,-0.355));
#2995 = DIRECTION('',(7.228014483237E-15,0.,1.));
#2996 = DIRECTION('',(-1.,0.,7.228014483237E-15));
#2997 = PCURVE('',#2937,#2998);
#2998 = DEFINITIONAL_REPRESENTATION('',(#2999),#3003);
#2999 = LINE('',#3000,#3001);
#3000 = CARTESIAN_POINT('',(3.14159265359,1.250000564816E-04));
#3001 = VECTOR('',#3002,1.);
#3002 = DIRECTION('',(1.,0.));
#3003 = ( GEOMETRIC_REPRESENTATION_CONTEXT(2) 
PARAMETRIC_REPRESENTATION_CONTEXT() REPRESENTATION_CONTEXT('2D SPACE',''
  ) );
#3004 = PCURVE('',#2760,#3005);
#3005 = DEFINITIONAL_REPRESENTATION('',(#3006),#3014);
#3006 = ( BOUNDED_CURVE() B_SPLINE_CURVE(2,(#3007,#3008,#3009,#3010,
#3011,#3012,#3013),.UNSPECIFIED.,.T.,.F.) B_SPLINE_CURVE_WITH_KNOTS((1,2
    ,2,2,2,1),(-2.094395102393,0.,2.094395102393,4.188790204786,
6.28318530718,8.377580409573),.UNSPECIFIED.) CURVE() 
GEOMETRIC_REPRESENTATION_ITEM() RATIONAL_B_SPLINE_CURVE((1.,0.5,1.,0.5,
1.,0.5,1.)) REPRESENTATION_ITEM('') );
#3007 = CARTESIAN_POINT('',(0.255,0.88));
#3008 = CARTESIAN_POINT('',(0.255,0.802057713659));
#3009 = CARTESIAN_POINT('',(0.1875,0.84102885683));
#3010 = CARTESIAN_POINT('',(0.12,0.88));
#3011 = CARTESIAN_POINT('',(0.1875,0.91897114317));
#3012 = CARTESIAN_POINT('',(0.255,0.957942286341));
#3013 = CARTESIAN_POINT('',(0.255,0.88));
#3014 = ( GEOMETRIC_REPRESENTATION_CONTEXT(2) 
PARAMETRIC_REPRESENTATION_CONTEXT() REPRESENTATION_CONTEXT('2D SPACE',''
  ) );
#3015 = ORIENTED_EDGE('',*,*,#3016,.F.);
#3016 = EDGE_CURVE('',#2926,#2989,#3017,.T.);
#3017 = SURFACE_CURVE('',#3018,(#3022,#3029),.PCURVE_S1.);
#3018 = LINE('',#3019,#3020);
#3019 = CARTESIAN_POINT('',(0.251821456086,0.246428571429,
    -0.355125000056));
#3020 = VECTOR('',#3021,1.);
#3021 = DIRECTION('',(6.982962677686E-15,0.,1.));
#3022 = PCURVE('',#2937,#3023);
#3023 = DEFINITIONAL_REPRESENTATION('',(#3024),#3028);
#3024 = LINE('',#3025,#3026);
#3025 = CARTESIAN_POINT('',(4.171289454427,-1.665334536938E-16));
#3026 = VECTOR('',#3027,1.);
#3027 = DIRECTION('',(0.,1.));
#3028 = ( GEOMETRIC_REPRESENTATION_CONTEXT(2) 
PARAMETRIC_REPRESENTATION_CONTEXT() REPRESENTATION_CONTEXT('2D SPACE',''
  ) );
#3029 = PCURVE('',#3030,#3035);
#3030 = CYLINDRICAL_SURFACE('',#3031,2.5E-02);
#3031 = AXIS2_PLACEMENT_3D('',#3032,#3033,#3034);
#3032 = CARTESIAN_POINT('',(0.238944487245,0.225,-0.355125000056));
#3033 = DIRECTION('',(6.505213034913E-15,0.,1.));
#3034 = DIRECTION('',(1.,0.,-6.505213034913E-15));
#3035 = DEFINITIONAL_REPRESENTATION('',(#3036),#3040);
#3036 = LINE('',#3037,#3038);
#3037 = CARTESIAN_POINT('',(1.029696800838,1.110223024625E-16));
#3038 = VECTOR('',#3039,1.);
#3039 = DIRECTION('',(0.,1.));
#3040 = ( GEOMETRIC_REPRESENTATION_CONTEXT(2) 
PARAMETRIC_REPRESENTATION_CONTEXT() REPRESENTATION_CONTEXT('2D SPACE',''
  ) );
#3041 = ADVANCED_FACE('',(#3042),#2760,.T.);
#3042 = FACE_BOUND('',#3043,.T.);
#3043 = EDGE_LOOP('',(#3044,#3075,#3103,#3132,#3160,#3193,#3221,#3250,
    #3278,#3307,#3335,#3364,#3392,#3414,#3415,#3443,#3472,#3500,#3529,
    #3557,#3586,#3607,#3608,#3636,#3664,#3693,#3721,#3750,#3778,#3800,
    #3801,#3829,#3858,#3886,#3915,#3943,#3972,#4000,#4029,#4057,#4090,
    #4118,#4147,#4175,#4204,#4232,#4265,#4293,#4322,#4350,#4379,#4407,
    #4436,#4469,#4498,#4526,#4555,#4583,#4612,#4640,#4669,#4702,#4731,
    #4759,#4788,#4816,#4845,#4873,#4902,#4935,#4964,#4992,#5021,#5049,
    #5078,#5106,#5139));
#3044 = ORIENTED_EDGE('',*,*,#3045,.T.);
#3045 = EDGE_CURVE('',#3046,#3048,#3050,.T.);
#3046 = VERTEX_POINT('',#3047);
#3047 = CARTESIAN_POINT('',(0.51,-0.595,-0.355));
#3048 = VERTEX_POINT('',#3049);
#3049 = CARTESIAN_POINT('',(0.485,-0.62,-0.355));
#3050 = SURFACE_CURVE('',#3051,(#3056,#3063),.PCURVE_S1.);
#3051 = CIRCLE('',#3052,2.5E-02);
#3052 = AXIS2_PLACEMENT_3D('',#3053,#3054,#3055);
#3053 = CARTESIAN_POINT('',(0.485,-0.595,-0.355));
#3054 = DIRECTION('',(-6.505213034913E-15,0.,-1.));
#3055 = DIRECTION('',(-1.,0.,6.505213034913E-15));
#3056 = PCURVE('',#2760,#3057);
#3057 = DEFINITIONAL_REPRESENTATION('',(#3058),#3062);
#3058 = CIRCLE('',#3059,2.5E-02);
#3059 = AXIS2_PLACEMENT_2D('',#3060,#3061);
#3060 = CARTESIAN_POINT('',(0.,0.));
#3061 = DIRECTION('',(1.,0.));
#3062 = ( GEOMETRIC_REPRESENTATION_CONTEXT(2) 
PARAMETRIC_REPRESENTATION_CONTEXT() REPRESENTATION_CONTEXT('2D SPACE',''
  ) );
#3063 = PCURVE('',#3064,#3069);
#3064 = CYLINDRICAL_SURFACE('',#3065,2.5E-02);
#3065 = AXIS2_PLACEMENT_3D('',#3066,#3067,#3068);
#3066 = CARTESIAN_POINT('',(0.485,-0.595,-0.355125000056));
#3067 = DIRECTION('',(6.505213034913E-15,0.,1.));
#3068 = DIRECTION('',(1.,0.,-6.505213034913E-15));
#3069 = DEFINITIONAL_REPRESENTATION('',(#3070),#3074);
#3070 = LINE('',#3071,#3072);
#3071 = CARTESIAN_POINT('',(9.424777960769,1.25000056483E-04));
#3072 = VECTOR('',#3073,1.);
#3073 = DIRECTION('',(-1.,0.));
#3074 = ( GEOMETRIC_REPRESENTATION_CONTEXT(2) 
PARAMETRIC_REPRESENTATION_CONTEXT() REPRESENTATION_CONTEXT('2D SPACE',''
  ) );
#3075 = ORIENTED_EDGE('',*,*,#3076,.T.);
#3076 = EDGE_CURVE('',#3048,#3077,#3079,.T.);
#3077 = VERTEX_POINT('',#3078);
#3078 = CARTESIAN_POINT('',(0.335,-0.62,-0.355));
#3079 = SURFACE_CURVE('',#3080,(#3084,#3091),.PCURVE_S1.);
#3080 = LINE('',#3081,#3082);
#3081 = CARTESIAN_POINT('',(0.485,-0.62,-0.355));
#3082 = VECTOR('',#3083,1.);
#3083 = DIRECTION('',(-1.,0.,6.982962677686E-15));
#3084 = PCURVE('',#2760,#3085);
#3085 = DEFINITIONAL_REPRESENTATION('',(#3086),#3090);
#3086 = LINE('',#3087,#3088);
#3087 = CARTESIAN_POINT('',(0.,-2.5E-02));
#3088 = VECTOR('',#3089,1.);
#3089 = DIRECTION('',(1.,0.));
#3090 = ( GEOMETRIC_REPRESENTATION_CONTEXT(2) 
PARAMETRIC_REPRESENTATION_CONTEXT() REPRESENTATION_CONTEXT('2D SPACE',''
  ) );
#3091 = PCURVE('',#3092,#3097);
#3092 = PLANE('',#3093);
#3093 = AXIS2_PLACEMENT_3D('',#3094,#3095,#3096);
#3094 = CARTESIAN_POINT('',(0.335,-0.62,-0.355125000056));
#3095 = DIRECTION('',(-0.,1.,0.));
#3096 = DIRECTION('',(1.,0.,0.));
#3097 = DEFINITIONAL_REPRESENTATION('',(#3098),#3102);
#3098 = LINE('',#3099,#3100);
#3099 = CARTESIAN_POINT('',(0.15,-1.25000056482E-04));
#3100 = VECTOR('',#3101,1.);
#3101 = DIRECTION('',(-1.,-6.982962677686E-15));
#3102 = ( GEOMETRIC_REPRESENTATION_CONTEXT(2) 
PARAMETRIC_REPRESENTATION_CONTEXT() REPRESENTATION_CONTEXT('2D SPACE',''
  ) );
#3103 = ORIENTED_EDGE('',*,*,#3104,.T.);
#3104 = EDGE_CURVE('',#3077,#3105,#3107,.T.);
#3105 = VERTEX_POINT('',#3106);
#3106 = CARTESIAN_POINT('',(0.31,-0.595,-0.355));
#3107 = SURFACE_CURVE('',#3108,(#3113,#3120),.PCURVE_S1.);
#3108 = CIRCLE('',#3109,2.5E-02);
#3109 = AXIS2_PLACEMENT_3D('',#3110,#3111,#3112);
#3110 = CARTESIAN_POINT('',(0.335,-0.595,-0.355));
#3111 = DIRECTION('',(-6.505213034913E-15,0.,-1.));
#3112 = DIRECTION('',(1.,0.,-6.505213034913E-15));
#3113 = PCURVE('',#2760,#3114);
#3114 = DEFINITIONAL_REPRESENTATION('',(#3115),#3119);
#3115 = CIRCLE('',#3116,2.5E-02);
#3116 = AXIS2_PLACEMENT_2D('',#3117,#3118);
#3117 = CARTESIAN_POINT('',(0.15,0.));
#3118 = DIRECTION('',(-1.,0.));
#3119 = ( GEOMETRIC_REPRESENTATION_CONTEXT(2) 
PARAMETRIC_REPRESENTATION_CONTEXT() REPRESENTATION_CONTEXT('2D SPACE',''
  ) );
#3120 = PCURVE('',#3121,#3126);
#3121 = CYLINDRICAL_SURFACE('',#3122,2.5E-02);
#3122 = AXIS2_PLACEMENT_3D('',#3123,#3124,#3125);
#3123 = CARTESIAN_POINT('',(0.335,-0.595,-0.355125000056));
#3124 = DIRECTION('',(6.505213034913E-15,0.,1.));
#3125 = DIRECTION('',(1.,0.,-6.505213034913E-15));
#3126 = DEFINITIONAL_REPRESENTATION('',(#3127),#3131);
#3127 = LINE('',#3128,#3129);
#3128 = CARTESIAN_POINT('',(6.28318530718,1.25000056482E-04));
#3129 = VECTOR('',#3130,1.);
#3130 = DIRECTION('',(-1.,0.));
#3131 = ( GEOMETRIC_REPRESENTATION_CONTEXT(2) 
PARAMETRIC_REPRESENTATION_CONTEXT() REPRESENTATION_CONTEXT('2D SPACE',''
  ) );
#3132 = ORIENTED_EDGE('',*,*,#3133,.T.);
#3133 = EDGE_CURVE('',#3105,#3134,#3136,.T.);
#3134 = VERTEX_POINT('',#3135);
#3135 = CARTESIAN_POINT('',(0.31,-0.57,-0.355));
#3136 = SURFACE_CURVE('',#3137,(#3141,#3148),.PCURVE_S1.);
#3137 = LINE('',#3138,#3139);
#3138 = CARTESIAN_POINT('',(0.31,-0.57,-0.355));
#3139 = VECTOR('',#3140,1.);
#3140 = DIRECTION('',(4.336808689942E-15,1.,-3.028377322213E-29));
#3141 = PCURVE('',#2760,#3142);
#3142 = DEFINITIONAL_REPRESENTATION('',(#3143),#3147);
#3143 = LINE('',#3144,#3145);
#3144 = CARTESIAN_POINT('',(0.175,2.5E-02));
#3145 = VECTOR('',#3146,1.);
#3146 = DIRECTION('',(-4.336808689942E-15,1.));
#3147 = ( GEOMETRIC_REPRESENTATION_CONTEXT(2) 
PARAMETRIC_REPRESENTATION_CONTEXT() REPRESENTATION_CONTEXT('2D SPACE',''
  ) );
#3148 = PCURVE('',#3149,#3154);
#3149 = PLANE('',#3150);
#3150 = AXIS2_PLACEMENT_3D('',#3151,#3152,#3153);
#3151 = CARTESIAN_POINT('',(0.31,-0.57,-0.355125000056));
#3152 = DIRECTION('',(1.,0.,-6.982962677686E-15));
#3153 = DIRECTION('',(-6.982962677686E-15,0.,-1.));
#3154 = DEFINITIONAL_REPRESENTATION('',(#3155),#3159);
#3155 = LINE('',#3156,#3157);
#3156 = CARTESIAN_POINT('',(-1.25000056482E-04,0.));
#3157 = VECTOR('',#3158,1.);
#3158 = DIRECTION('',(-3.923635700109E-44,1.));
#3159 = ( GEOMETRIC_REPRESENTATION_CONTEXT(2) 
PARAMETRIC_REPRESENTATION_CONTEXT() REPRESENTATION_CONTEXT('2D SPACE',''
  ) );
#3160 = ORIENTED_EDGE('',*,*,#3161,.T.);
#3161 = EDGE_CURVE('',#3134,#3162,#3164,.T.);
#3162 = VERTEX_POINT('',#3163);
#3163 = CARTESIAN_POINT('',(0.21,-0.57,-0.355));
#3164 = SURFACE_CURVE('',#3165,(#3170,#3181),.PCURVE_S1.);
#3165 = CIRCLE('',#3166,5.E-02);
#3166 = AXIS2_PLACEMENT_3D('',#3167,#3168,#3169);
#3167 = CARTESIAN_POINT('',(0.26,-0.57,-0.355));
#3168 = DIRECTION('',(6.505213034913E-15,0.,1.));
#3169 = DIRECTION('',(-1.,0.,6.505213034913E-15));
#3170 = PCURVE('',#2760,#3171);
#3171 = DEFINITIONAL_REPRESENTATION('',(#3172),#3180);
#3172 = ( BOUNDED_CURVE() B_SPLINE_CURVE(2,(#3173,#3174,#3175,#3176,
#3177,#3178,#3179),.UNSPECIFIED.,.T.,.F.) B_SPLINE_CURVE_WITH_KNOTS((1,2
    ,2,2,2,1),(-2.094395102393,0.,2.094395102393,4.188790204786,
6.28318530718,8.377580409573),.UNSPECIFIED.) CURVE() 
GEOMETRIC_REPRESENTATION_ITEM() RATIONAL_B_SPLINE_CURVE((1.,0.5,1.,0.5,
1.,0.5,1.)) REPRESENTATION_ITEM('') );
#3173 = CARTESIAN_POINT('',(0.275,2.5E-02));
#3174 = CARTESIAN_POINT('',(0.275,-6.160254037844E-02));
#3175 = CARTESIAN_POINT('',(0.2,-1.830127018922E-02));
#3176 = CARTESIAN_POINT('',(0.125,2.5E-02));
#3177 = CARTESIAN_POINT('',(0.2,6.830127018922E-02));
#3178 = CARTESIAN_POINT('',(0.275,0.111602540378));
#3179 = CARTESIAN_POINT('',(0.275,2.5E-02));
#3180 = ( GEOMETRIC_REPRESENTATION_CONTEXT(2) 
PARAMETRIC_REPRESENTATION_CONTEXT() REPRESENTATION_CONTEXT('2D SPACE',''
  ) );
#3181 = PCURVE('',#3182,#3187);
#3182 = CYLINDRICAL_SURFACE('',#3183,5.E-02);
#3183 = AXIS2_PLACEMENT_3D('',#3184,#3185,#3186);
#3184 = CARTESIAN_POINT('',(0.26,-0.57,-0.355125000056));
#3185 = DIRECTION('',(6.505213034913E-15,0.,1.));
#3186 = DIRECTION('',(1.,0.,-6.505213034913E-15));
#3187 = DEFINITIONAL_REPRESENTATION('',(#3188),#3192);
#3188 = LINE('',#3189,#3190);
#3189 = CARTESIAN_POINT('',(-3.14159265359,1.250000564815E-04));
#3190 = VECTOR('',#3191,1.);
#3191 = DIRECTION('',(1.,1.766974823035E-17));
#3192 = ( GEOMETRIC_REPRESENTATION_CONTEXT(2) 
PARAMETRIC_REPRESENTATION_CONTEXT() REPRESENTATION_CONTEXT('2D SPACE',''
  ) );
#3193 = ORIENTED_EDGE('',*,*,#3194,.T.);
#3194 = EDGE_CURVE('',#3162,#3195,#3197,.T.);
#3195 = VERTEX_POINT('',#3196);
#3196 = CARTESIAN_POINT('',(0.21,-0.595,-0.355));
#3197 = SURFACE_CURVE('',#3198,(#3202,#3209),.PCURVE_S1.);
#3198 = LINE('',#3199,#3200);
#3199 = CARTESIAN_POINT('',(0.21,-0.57,-0.355));
#3200 = VECTOR('',#3201,1.);
#3201 = DIRECTION('',(1.084202172486E-15,-1.,-7.570943305533E-30));
#3202 = PCURVE('',#2760,#3203);
#3203 = DEFINITIONAL_REPRESENTATION('',(#3204),#3208);
#3204 = LINE('',#3205,#3206);
#3205 = CARTESIAN_POINT('',(0.275,2.5E-02));
#3206 = VECTOR('',#3207,1.);
#3207 = DIRECTION('',(-1.084202172486E-15,-1.));
#3208 = ( GEOMETRIC_REPRESENTATION_CONTEXT(2) 
PARAMETRIC_REPRESENTATION_CONTEXT() REPRESENTATION_CONTEXT('2D SPACE',''
  ) );
#3209 = PCURVE('',#3210,#3215);
#3210 = PLANE('',#3211);
#3211 = AXIS2_PLACEMENT_3D('',#3212,#3213,#3214);
#3212 = CARTESIAN_POINT('',(0.21,-0.57,-0.355125000056));
#3213 = DIRECTION('',(-1.,0.,6.982962677686E-15));
#3214 = DIRECTION('',(0.,1.,0.));
#3215 = DEFINITIONAL_REPRESENTATION('',(#3216),#3220);
#3216 = LINE('',#3217,#3218);
#3217 = CARTESIAN_POINT('',(0.,-1.250000564811E-04));
#3218 = VECTOR('',#3219,1.);
#3219 = DIRECTION('',(-1.,2.80259692865E-45));
#3220 = ( GEOMETRIC_REPRESENTATION_CONTEXT(2) 
PARAMETRIC_REPRESENTATION_CONTEXT() REPRESENTATION_CONTEXT('2D SPACE',''
  ) );
#3221 = ORIENTED_EDGE('',*,*,#3222,.T.);
#3222 = EDGE_CURVE('',#3195,#3223,#3225,.T.);
#3223 = VERTEX_POINT('',#3224);
#3224 = CARTESIAN_POINT('',(0.185,-0.62,-0.355));
#3225 = SURFACE_CURVE('',#3226,(#3231,#3238),.PCURVE_S1.);
#3226 = CIRCLE('',#3227,2.5E-02);
#3227 = AXIS2_PLACEMENT_3D('',#3228,#3229,#3230);
#3228 = CARTESIAN_POINT('',(0.185,-0.595,-0.355));
#3229 = DIRECTION('',(-6.505213034913E-15,0.,-1.));
#3230 = DIRECTION('',(-1.,0.,6.505213034913E-15));
#3231 = PCURVE('',#2760,#3232);
#3232 = DEFINITIONAL_REPRESENTATION('',(#3233),#3237);
#3233 = CIRCLE('',#3234,2.5E-02);
#3234 = AXIS2_PLACEMENT_2D('',#3235,#3236);
#3235 = CARTESIAN_POINT('',(0.3,0.));
#3236 = DIRECTION('',(1.,0.));
#3237 = ( GEOMETRIC_REPRESENTATION_CONTEXT(2) 
PARAMETRIC_REPRESENTATION_CONTEXT() REPRESENTATION_CONTEXT('2D SPACE',''
  ) );
#3238 = PCURVE('',#3239,#3244);
#3239 = CYLINDRICAL_SURFACE('',#3240,2.5E-02);
#3240 = AXIS2_PLACEMENT_3D('',#3241,#3242,#3243);
#3241 = CARTESIAN_POINT('',(0.185,-0.595,-0.355125000056));
#3242 = DIRECTION('',(6.505213034913E-15,0.,1.));
#3243 = DIRECTION('',(1.,0.,-6.505213034913E-15));
#3244 = DEFINITIONAL_REPRESENTATION('',(#3245),#3249);
#3245 = LINE('',#3246,#3247);
#3246 = CARTESIAN_POINT('',(9.424777960769,1.250000564811E-04));
#3247 = VECTOR('',#3248,1.);
#3248 = DIRECTION('',(-1.,0.));
#3249 = ( GEOMETRIC_REPRESENTATION_CONTEXT(2) 
PARAMETRIC_REPRESENTATION_CONTEXT() REPRESENTATION_CONTEXT('2D SPACE',''
  ) );
#3250 = ORIENTED_EDGE('',*,*,#3251,.T.);
#3251 = EDGE_CURVE('',#3223,#3252,#3254,.T.);
#3252 = VERTEX_POINT('',#3253);
#3253 = CARTESIAN_POINT('',(0.115,-0.62,-0.355));
#3254 = SURFACE_CURVE('',#3255,(#3259,#3266),.PCURVE_S1.);
#3255 = LINE('',#3256,#3257);
#3256 = CARTESIAN_POINT('',(0.185,-0.62,-0.355));
#3257 = VECTOR('',#3258,1.);
#3258 = DIRECTION('',(-1.,0.,6.982962677686E-15));
#3259 = PCURVE('',#2760,#3260);
#3260 = DEFINITIONAL_REPRESENTATION('',(#3261),#3265);
#3261 = LINE('',#3262,#3263);
#3262 = CARTESIAN_POINT('',(0.3,-2.5E-02));
#3263 = VECTOR('',#3264,1.);
#3264 = DIRECTION('',(1.,0.));
#3265 = ( GEOMETRIC_REPRESENTATION_CONTEXT(2) 
PARAMETRIC_REPRESENTATION_CONTEXT() REPRESENTATION_CONTEXT('2D SPACE',''
  ) );
#3266 = PCURVE('',#3267,#3272);
#3267 = PLANE('',#3268);
#3268 = AXIS2_PLACEMENT_3D('',#3269,#3270,#3271);
#3269 = CARTESIAN_POINT('',(0.115,-0.62,-0.355125000056));
#3270 = DIRECTION('',(-0.,1.,0.));
#3271 = DIRECTION('',(1.,0.,0.));
#3272 = DEFINITIONAL_REPRESENTATION('',(#3273),#3277);
#3273 = LINE('',#3274,#3275);
#3274 = CARTESIAN_POINT('',(7.E-02,-1.250000564805E-04));
#3275 = VECTOR('',#3276,1.);
#3276 = DIRECTION('',(-1.,-6.982962677686E-15));
#3277 = ( GEOMETRIC_REPRESENTATION_CONTEXT(2) 
PARAMETRIC_REPRESENTATION_CONTEXT() REPRESENTATION_CONTEXT('2D SPACE',''
  ) );
#3278 = ORIENTED_EDGE('',*,*,#3279,.T.);
#3279 = EDGE_CURVE('',#3252,#3280,#3282,.T.);
#3280 = VERTEX_POINT('',#3281);
#3281 = CARTESIAN_POINT('',(9.E-02,-0.595,-0.355));
#3282 = SURFACE_CURVE('',#3283,(#3288,#3295),.PCURVE_S1.);
#3283 = CIRCLE('',#3284,2.5E-02);
#3284 = AXIS2_PLACEMENT_3D('',#3285,#3286,#3287);
#3285 = CARTESIAN_POINT('',(0.115,-0.595,-0.355));
#3286 = DIRECTION('',(-6.505213034913E-15,0.,-1.));
#3287 = DIRECTION('',(-1.,0.,6.505213034913E-15));
#3288 = PCURVE('',#2760,#3289);
#3289 = DEFINITIONAL_REPRESENTATION('',(#3290),#3294);
#3290 = CIRCLE('',#3291,2.5E-02);
#3291 = AXIS2_PLACEMENT_2D('',#3292,#3293);
#3292 = CARTESIAN_POINT('',(0.37,0.));
#3293 = DIRECTION('',(1.,0.));
#3294 = ( GEOMETRIC_REPRESENTATION_CONTEXT(2) 
PARAMETRIC_REPRESENTATION_CONTEXT() REPRESENTATION_CONTEXT('2D SPACE',''
  ) );
#3295 = PCURVE('',#3296,#3301);
#3296 = CYLINDRICAL_SURFACE('',#3297,2.5E-02);
#3297 = AXIS2_PLACEMENT_3D('',#3298,#3299,#3300);
#3298 = CARTESIAN_POINT('',(0.115,-0.595,-0.355125000056));
#3299 = DIRECTION('',(6.505213034913E-15,0.,1.));
#3300 = DIRECTION('',(1.,0.,-6.505213034913E-15));
#3301 = DEFINITIONAL_REPRESENTATION('',(#3302),#3306);
#3302 = LINE('',#3303,#3304);
#3303 = CARTESIAN_POINT('',(9.424777960769,1.250000564804E-04));
#3304 = VECTOR('',#3305,1.);
#3305 = DIRECTION('',(-1.,3.533949646071E-17));
#3306 = ( GEOMETRIC_REPRESENTATION_CONTEXT(2) 
PARAMETRIC_REPRESENTATION_CONTEXT() REPRESENTATION_CONTEXT('2D SPACE',''
  ) );
#3307 = ORIENTED_EDGE('',*,*,#3308,.T.);
#3308 = EDGE_CURVE('',#3280,#3309,#3311,.T.);
#3309 = VERTEX_POINT('',#3310);
#3310 = CARTESIAN_POINT('',(9.E-02,-0.345,-0.355));
#3311 = SURFACE_CURVE('',#3312,(#3316,#3323),.PCURVE_S1.);
#3312 = LINE('',#3313,#3314);
#3313 = CARTESIAN_POINT('',(9.E-02,-0.595,-0.355));
#3314 = VECTOR('',#3315,1.);
#3315 = DIRECTION('',(-5.421010862428E-17,1.,3.785471652766E-31));
#3316 = PCURVE('',#2760,#3317);
#3317 = DEFINITIONAL_REPRESENTATION('',(#3318),#3322);
#3318 = LINE('',#3319,#3320);
#3319 = CARTESIAN_POINT('',(0.395,0.));
#3320 = VECTOR('',#3321,1.);
#3321 = DIRECTION('',(5.421010862428E-17,1.));
#3322 = ( GEOMETRIC_REPRESENTATION_CONTEXT(2) 
PARAMETRIC_REPRESENTATION_CONTEXT() REPRESENTATION_CONTEXT('2D SPACE',''
  ) );
#3323 = PCURVE('',#3324,#3329);
#3324 = PLANE('',#3325);
#3325 = AXIS2_PLACEMENT_3D('',#3326,#3327,#3328);
#3326 = CARTESIAN_POINT('',(9.E-02,-0.345,-0.355125000056));
#3327 = DIRECTION('',(1.,0.,-6.982962677686E-15));
#3328 = DIRECTION('',(-6.982962677686E-15,0.,-1.));
#3329 = DEFINITIONAL_REPRESENTATION('',(#3330),#3334);
#3330 = LINE('',#3331,#3332);
#3331 = CARTESIAN_POINT('',(-1.250000564805E-04,-0.25));
#3332 = VECTOR('',#3333,1.);
#3333 = DIRECTION('',(0.,1.));
#3334 = ( GEOMETRIC_REPRESENTATION_CONTEXT(2) 
PARAMETRIC_REPRESENTATION_CONTEXT() REPRESENTATION_CONTEXT('2D SPACE',''
  ) );
#3335 = ORIENTED_EDGE('',*,*,#3336,.T.);
#3336 = EDGE_CURVE('',#3309,#3337,#3339,.T.);
#3337 = VERTEX_POINT('',#3338);
#3338 = CARTESIAN_POINT('',(0.115,-0.32,-0.355));
#3339 = SURFACE_CURVE('',#3340,(#3345,#3352),.PCURVE_S1.);
#3340 = CIRCLE('',#3341,2.5E-02);
#3341 = AXIS2_PLACEMENT_3D('',#3342,#3343,#3344);
#3342 = CARTESIAN_POINT('',(0.115,-0.345,-0.355));
#3343 = DIRECTION('',(-6.505213034913E-15,0.,-1.));
#3344 = DIRECTION('',(1.,0.,-6.505213034913E-15));
#3345 = PCURVE('',#2760,#3346);
#3346 = DEFINITIONAL_REPRESENTATION('',(#3347),#3351);
#3347 = CIRCLE('',#3348,2.5E-02);
#3348 = AXIS2_PLACEMENT_2D('',#3349,#3350);
#3349 = CARTESIAN_POINT('',(0.37,0.25));
#3350 = DIRECTION('',(-1.,0.));
#3351 = ( GEOMETRIC_REPRESENTATION_CONTEXT(2) 
PARAMETRIC_REPRESENTATION_CONTEXT() REPRESENTATION_CONTEXT('2D SPACE',''
  ) );
#3352 = PCURVE('',#3353,#3358);
#3353 = CYLINDRICAL_SURFACE('',#3354,2.5E-02);
#3354 = AXIS2_PLACEMENT_3D('',#3355,#3356,#3357);
#3355 = CARTESIAN_POINT('',(0.115,-0.345,-0.355125000056));
#3356 = DIRECTION('',(6.505213034913E-15,0.,1.));
#3357 = DIRECTION('',(1.,0.,-6.505213034913E-15));
#3358 = DEFINITIONAL_REPRESENTATION('',(#3359),#3363);
#3359 = LINE('',#3360,#3361);
#3360 = CARTESIAN_POINT('',(6.28318530718,1.250000564807E-04));
#3361 = VECTOR('',#3362,1.);
#3362 = DIRECTION('',(-1.,-3.533949646071E-17));
#3363 = ( GEOMETRIC_REPRESENTATION_CONTEXT(2) 
PARAMETRIC_REPRESENTATION_CONTEXT() REPRESENTATION_CONTEXT('2D SPACE',''
  ) );
#3364 = ORIENTED_EDGE('',*,*,#3365,.T.);
#3365 = EDGE_CURVE('',#3337,#3366,#3368,.T.);
#3366 = VERTEX_POINT('',#3367);
#3367 = CARTESIAN_POINT('',(0.238944487245,-0.32,-0.355));
#3368 = SURFACE_CURVE('',#3369,(#3373,#3380),.PCURVE_S1.);
#3369 = LINE('',#3370,#3371);
#3370 = CARTESIAN_POINT('',(0.238944487245,-0.32,-0.355));
#3371 = VECTOR('',#3372,1.);
#3372 = DIRECTION('',(1.,-4.373741005274E-16,-6.982962677686E-15));
#3373 = PCURVE('',#2760,#3374);
#3374 = DEFINITIONAL_REPRESENTATION('',(#3375),#3379);
#3375 = LINE('',#3376,#3377);
#3376 = CARTESIAN_POINT('',(0.246055512755,0.275));
#3377 = VECTOR('',#3378,1.);
#3378 = DIRECTION('',(-1.,-4.373741005274E-16));
#3379 = ( GEOMETRIC_REPRESENTATION_CONTEXT(2) 
PARAMETRIC_REPRESENTATION_CONTEXT() REPRESENTATION_CONTEXT('2D SPACE',''
  ) );
#3380 = PCURVE('',#3381,#3386);
#3381 = PLANE('',#3382);
#3382 = AXIS2_PLACEMENT_3D('',#3383,#3384,#3385);
#3383 = CARTESIAN_POINT('',(0.115,-0.32,-0.355125000056));
#3384 = DIRECTION('',(-4.373741005274E-16,-1.,3.05416702017E-30));
#3385 = DIRECTION('',(-1.,4.373741005274E-16,0.));
#3386 = DEFINITIONAL_REPRESENTATION('',(#3387),#3391);
#3387 = LINE('',#3388,#3389);
#3388 = CARTESIAN_POINT('',(-0.123944487245,-1.250000564805E-04));
#3389 = VECTOR('',#3390,1.);
#3390 = DIRECTION('',(-1.,6.982962677686E-15));
#3391 = ( GEOMETRIC_REPRESENTATION_CONTEXT(2) 
PARAMETRIC_REPRESENTATION_CONTEXT() REPRESENTATION_CONTEXT('2D SPACE',''
  ) );
#3392 = ORIENTED_EDGE('',*,*,#3393,.T.);
#3393 = EDGE_CURVE('',#3366,#2744,#3394,.T.);
#3394 = SURFACE_CURVE('',#3395,(#3400,#3407),.PCURVE_S1.);
#3395 = CIRCLE('',#3396,2.5E-02);
#3396 = AXIS2_PLACEMENT_3D('',#3397,#3398,#3399);
#3397 = CARTESIAN_POINT('',(0.238944487245,-0.345,-0.355));
#3398 = DIRECTION('',(-6.505213034913E-15,0.,-1.));
#3399 = DIRECTION('',(-1.,0.,6.505213034913E-15));
#3400 = PCURVE('',#2760,#3401);
#3401 = DEFINITIONAL_REPRESENTATION('',(#3402),#3406);
#3402 = CIRCLE('',#3403,2.5E-02);
#3403 = AXIS2_PLACEMENT_2D('',#3404,#3405);
#3404 = CARTESIAN_POINT('',(0.246055512755,0.25));
#3405 = DIRECTION('',(1.,0.));
#3406 = ( GEOMETRIC_REPRESENTATION_CONTEXT(2) 
PARAMETRIC_REPRESENTATION_CONTEXT() REPRESENTATION_CONTEXT('2D SPACE',''
  ) );
#3407 = PCURVE('',#2790,#3408);
#3408 = DEFINITIONAL_REPRESENTATION('',(#3409),#3413);
#3409 = LINE('',#3410,#3411);
#3410 = CARTESIAN_POINT('',(3.14159265359,1.250000564816E-04));
#3411 = VECTOR('',#3412,1.);
#3412 = DIRECTION('',(-1.,0.));
#3413 = ( GEOMETRIC_REPRESENTATION_CONTEXT(2) 
PARAMETRIC_REPRESENTATION_CONTEXT() REPRESENTATION_CONTEXT('2D SPACE',''
  ) );
#3414 = ORIENTED_EDGE('',*,*,#2743,.T.);
#3415 = ORIENTED_EDGE('',*,*,#3416,.T.);
#3416 = EDGE_CURVE('',#2716,#3417,#3419,.T.);
#3417 = VERTEX_POINT('',#3418);
#3418 = CARTESIAN_POINT('',(0.251821456086,-0.246428571429,-0.355));
#3419 = SURFACE_CURVE('',#3420,(#3425,#3436),.PCURVE_S1.);
#3420 = CIRCLE('',#3421,4.5E-02);
#3421 = AXIS2_PLACEMENT_3D('',#3422,#3423,#3424);
#3422 = CARTESIAN_POINT('',(0.275,-0.285,-0.355));
#3423 = DIRECTION('',(7.228014483237E-15,0.,1.));
#3424 = DIRECTION('',(-1.,0.,7.228014483237E-15));
#3425 = PCURVE('',#2760,#3426);
#3426 = DEFINITIONAL_REPRESENTATION('',(#3427),#3435);
#3427 = ( BOUNDED_CURVE() B_SPLINE_CURVE(2,(#3428,#3429,#3430,#3431,
#3432,#3433,#3434),.UNSPECIFIED.,.T.,.F.) B_SPLINE_CURVE_WITH_KNOTS((1,2
    ,2,2,2,1),(-2.094395102393,0.,2.094395102393,4.188790204786,
6.28318530718,8.377580409573),.UNSPECIFIED.) CURVE() 
GEOMETRIC_REPRESENTATION_ITEM() RATIONAL_B_SPLINE_CURVE((1.,0.5,1.,0.5,
1.,0.5,1.)) REPRESENTATION_ITEM('') );
#3428 = CARTESIAN_POINT('',(0.255,0.31));
#3429 = CARTESIAN_POINT('',(0.255,0.232057713659));
#3430 = CARTESIAN_POINT('',(0.1875,0.27102885683));
#3431 = CARTESIAN_POINT('',(0.12,0.31));
#3432 = CARTESIAN_POINT('',(0.1875,0.34897114317));
#3433 = CARTESIAN_POINT('',(0.255,0.387942286341));
#3434 = CARTESIAN_POINT('',(0.255,0.31));
#3435 = ( GEOMETRIC_REPRESENTATION_CONTEXT(2) 
PARAMETRIC_REPRESENTATION_CONTEXT() REPRESENTATION_CONTEXT('2D SPACE',''
  ) );
#3436 = PCURVE('',#2731,#3437);
#3437 = DEFINITIONAL_REPRESENTATION('',(#3438),#3442);
#3438 = LINE('',#3439,#3440);
#3439 = CARTESIAN_POINT('',(-3.14159265359,1.250000564816E-04));
#3440 = VECTOR('',#3441,1.);
#3441 = DIRECTION('',(1.,0.));
#3442 = ( GEOMETRIC_REPRESENTATION_CONTEXT(2) 
PARAMETRIC_REPRESENTATION_CONTEXT() REPRESENTATION_CONTEXT('2D SPACE',''
  ) );
#3443 = ORIENTED_EDGE('',*,*,#3444,.T.);
#3444 = EDGE_CURVE('',#3417,#3445,#3447,.T.);
#3445 = VERTEX_POINT('',#3446);
#3446 = CARTESIAN_POINT('',(0.238944487245,-0.25,-0.355));
#3447 = SURFACE_CURVE('',#3448,(#3453,#3460),.PCURVE_S1.);
#3448 = CIRCLE('',#3449,2.5E-02);
#3449 = AXIS2_PLACEMENT_3D('',#3450,#3451,#3452);
#3450 = CARTESIAN_POINT('',(0.238944487245,-0.225,-0.355));
#3451 = DIRECTION('',(-6.505213034913E-15,0.,-1.));
#3452 = DIRECTION('',(-1.,0.,6.505213034913E-15));
#3453 = PCURVE('',#2760,#3454);
#3454 = DEFINITIONAL_REPRESENTATION('',(#3455),#3459);
#3455 = CIRCLE('',#3456,2.5E-02);
#3456 = AXIS2_PLACEMENT_2D('',#3457,#3458);
#3457 = CARTESIAN_POINT('',(0.246055512755,0.37));
#3458 = DIRECTION('',(1.,0.));
#3459 = ( GEOMETRIC_REPRESENTATION_CONTEXT(2) 
PARAMETRIC_REPRESENTATION_CONTEXT() REPRESENTATION_CONTEXT('2D SPACE',''
  ) );
#3460 = PCURVE('',#3461,#3466);
#3461 = CYLINDRICAL_SURFACE('',#3462,2.5E-02);
#3462 = AXIS2_PLACEMENT_3D('',#3463,#3464,#3465);
#3463 = CARTESIAN_POINT('',(0.238944487245,-0.225,-0.355125000056));
#3464 = DIRECTION('',(6.505213034913E-15,0.,1.));
#3465 = DIRECTION('',(1.,0.,-6.505213034913E-15));
#3466 = DEFINITIONAL_REPRESENTATION('',(#3467),#3471);
#3467 = LINE('',#3468,#3469);
#3468 = CARTESIAN_POINT('',(9.424777960769,1.250000564816E-04));
#3469 = VECTOR('',#3470,1.);
#3470 = DIRECTION('',(-1.,0.));
#3471 = ( GEOMETRIC_REPRESENTATION_CONTEXT(2) 
PARAMETRIC_REPRESENTATION_CONTEXT() REPRESENTATION_CONTEXT('2D SPACE',''
  ) );
#3472 = ORIENTED_EDGE('',*,*,#3473,.T.);
#3473 = EDGE_CURVE('',#3445,#3474,#3476,.T.);
#3474 = VERTEX_POINT('',#3475);
#3475 = CARTESIAN_POINT('',(0.115,-0.25,-0.355));
#3476 = SURFACE_CURVE('',#3477,(#3481,#3488),.PCURVE_S1.);
#3477 = LINE('',#3478,#3479);
#3478 = CARTESIAN_POINT('',(0.238944487245,-0.25,-0.355));
#3479 = VECTOR('',#3480,1.);
#3480 = DIRECTION('',(-1.,0.,6.982962677686E-15));
#3481 = PCURVE('',#2760,#3482);
#3482 = DEFINITIONAL_REPRESENTATION('',(#3483),#3487);
#3483 = LINE('',#3484,#3485);
#3484 = CARTESIAN_POINT('',(0.246055512755,0.345));
#3485 = VECTOR('',#3486,1.);
#3486 = DIRECTION('',(1.,0.));
#3487 = ( GEOMETRIC_REPRESENTATION_CONTEXT(2) 
PARAMETRIC_REPRESENTATION_CONTEXT() REPRESENTATION_CONTEXT('2D SPACE',''
  ) );
#3488 = PCURVE('',#3489,#3494);
#3489 = PLANE('',#3490);
#3490 = AXIS2_PLACEMENT_3D('',#3491,#3492,#3493);
#3491 = CARTESIAN_POINT('',(0.115,-0.25,-0.355125000056));
#3492 = DIRECTION('',(-0.,1.,0.));
#3493 = DIRECTION('',(1.,0.,0.));
#3494 = DEFINITIONAL_REPRESENTATION('',(#3495),#3499);
#3495 = LINE('',#3496,#3497);
#3496 = CARTESIAN_POINT('',(0.123944487245,-1.250000564805E-04));
#3497 = VECTOR('',#3498,1.);
#3498 = DIRECTION('',(-1.,-6.982962677686E-15));
#3499 = ( GEOMETRIC_REPRESENTATION_CONTEXT(2) 
PARAMETRIC_REPRESENTATION_CONTEXT() REPRESENTATION_CONTEXT('2D SPACE',''
  ) );
#3500 = ORIENTED_EDGE('',*,*,#3501,.T.);
#3501 = EDGE_CURVE('',#3474,#3502,#3504,.T.);
#3502 = VERTEX_POINT('',#3503);
#3503 = CARTESIAN_POINT('',(9.E-02,-0.225,-0.355));
#3504 = SURFACE_CURVE('',#3505,(#3510,#3517),.PCURVE_S1.);
#3505 = CIRCLE('',#3506,2.5E-02);
#3506 = AXIS2_PLACEMENT_3D('',#3507,#3508,#3509);
#3507 = CARTESIAN_POINT('',(0.115,-0.225,-0.355));
#3508 = DIRECTION('',(-6.505213034913E-15,0.,-1.));
#3509 = DIRECTION('',(-1.,0.,6.505213034913E-15));
#3510 = PCURVE('',#2760,#3511);
#3511 = DEFINITIONAL_REPRESENTATION('',(#3512),#3516);
#3512 = CIRCLE('',#3513,2.5E-02);
#3513 = AXIS2_PLACEMENT_2D('',#3514,#3515);
#3514 = CARTESIAN_POINT('',(0.37,0.37));
#3515 = DIRECTION('',(1.,0.));
#3516 = ( GEOMETRIC_REPRESENTATION_CONTEXT(2) 
PARAMETRIC_REPRESENTATION_CONTEXT() REPRESENTATION_CONTEXT('2D SPACE',''
  ) );
#3517 = PCURVE('',#3518,#3523);
#3518 = CYLINDRICAL_SURFACE('',#3519,2.5E-02);
#3519 = AXIS2_PLACEMENT_3D('',#3520,#3521,#3522);
#3520 = CARTESIAN_POINT('',(0.115,-0.225,-0.355125000056));
#3521 = DIRECTION('',(6.505213034913E-15,0.,1.));
#3522 = DIRECTION('',(1.,0.,-6.505213034913E-15));
#3523 = DEFINITIONAL_REPRESENTATION('',(#3524),#3528);
#3524 = LINE('',#3525,#3526);
#3525 = CARTESIAN_POINT('',(9.424777960769,1.250000564804E-04));
#3526 = VECTOR('',#3527,1.);
#3527 = DIRECTION('',(-1.,3.533949646071E-17));
#3528 = ( GEOMETRIC_REPRESENTATION_CONTEXT(2) 
PARAMETRIC_REPRESENTATION_CONTEXT() REPRESENTATION_CONTEXT('2D SPACE',''
  ) );
#3529 = ORIENTED_EDGE('',*,*,#3530,.T.);
#3530 = EDGE_CURVE('',#3502,#3531,#3533,.T.);
#3531 = VERTEX_POINT('',#3532);
#3532 = CARTESIAN_POINT('',(9.E-02,-7.5E-02,-0.355));
#3533 = SURFACE_CURVE('',#3534,(#3538,#3545),.PCURVE_S1.);
#3534 = LINE('',#3535,#3536);
#3535 = CARTESIAN_POINT('',(9.E-02,-0.225,-0.355));
#3536 = VECTOR('',#3537,1.);
#3537 = DIRECTION('',(0.,1.,0.));
#3538 = PCURVE('',#2760,#3539);
#3539 = DEFINITIONAL_REPRESENTATION('',(#3540),#3544);
#3540 = LINE('',#3541,#3542);
#3541 = CARTESIAN_POINT('',(0.395,0.37));
#3542 = VECTOR('',#3543,1.);
#3543 = DIRECTION('',(0.,1.));
#3544 = ( GEOMETRIC_REPRESENTATION_CONTEXT(2) 
PARAMETRIC_REPRESENTATION_CONTEXT() REPRESENTATION_CONTEXT('2D SPACE',''
  ) );
#3545 = PCURVE('',#3546,#3551);
#3546 = PLANE('',#3547);
#3547 = AXIS2_PLACEMENT_3D('',#3548,#3549,#3550);
#3548 = CARTESIAN_POINT('',(9.E-02,-7.5E-02,-0.355125000056));
#3549 = DIRECTION('',(1.,0.,-6.982962677686E-15));
#3550 = DIRECTION('',(-6.982962677686E-15,0.,-1.));
#3551 = DEFINITIONAL_REPRESENTATION('',(#3552),#3556);
#3552 = LINE('',#3553,#3554);
#3553 = CARTESIAN_POINT('',(-1.250000564805E-04,-0.15));
#3554 = VECTOR('',#3555,1.);
#3555 = DIRECTION('',(0.,1.));
#3556 = ( GEOMETRIC_REPRESENTATION_CONTEXT(2) 
PARAMETRIC_REPRESENTATION_CONTEXT() REPRESENTATION_CONTEXT('2D SPACE',''
  ) );
#3557 = ORIENTED_EDGE('',*,*,#3558,.T.);
#3558 = EDGE_CURVE('',#3531,#3559,#3561,.T.);
#3559 = VERTEX_POINT('',#3560);
#3560 = CARTESIAN_POINT('',(0.115,-5.E-02,-0.355));
#3561 = SURFACE_CURVE('',#3562,(#3567,#3574),.PCURVE_S1.);
#3562 = CIRCLE('',#3563,2.5E-02);
#3563 = AXIS2_PLACEMENT_3D('',#3564,#3565,#3566);
#3564 = CARTESIAN_POINT('',(0.115,-7.5E-02,-0.355));
#3565 = DIRECTION('',(-6.505213034913E-15,0.,-1.));
#3566 = DIRECTION('',(1.,0.,-6.505213034913E-15));
#3567 = PCURVE('',#2760,#3568);
#3568 = DEFINITIONAL_REPRESENTATION('',(#3569),#3573);
#3569 = CIRCLE('',#3570,2.5E-02);
#3570 = AXIS2_PLACEMENT_2D('',#3571,#3572);
#3571 = CARTESIAN_POINT('',(0.37,0.52));
#3572 = DIRECTION('',(-1.,0.));
#3573 = ( GEOMETRIC_REPRESENTATION_CONTEXT(2) 
PARAMETRIC_REPRESENTATION_CONTEXT() REPRESENTATION_CONTEXT('2D SPACE',''
  ) );
#3574 = PCURVE('',#3575,#3580);
#3575 = CYLINDRICAL_SURFACE('',#3576,2.5E-02);
#3576 = AXIS2_PLACEMENT_3D('',#3577,#3578,#3579);
#3577 = CARTESIAN_POINT('',(0.115,-7.5E-02,-0.355125000056));
#3578 = DIRECTION('',(6.505213034913E-15,0.,1.));
#3579 = DIRECTION('',(1.,0.,-6.505213034913E-15));
#3580 = DEFINITIONAL_REPRESENTATION('',(#3581),#3585);
#3581 = LINE('',#3582,#3583);
#3582 = CARTESIAN_POINT('',(6.28318530718,1.250000564807E-04));
#3583 = VECTOR('',#3584,1.);
#3584 = DIRECTION('',(-1.,-3.533949646071E-17));
#3585 = ( GEOMETRIC_REPRESENTATION_CONTEXT(2) 
PARAMETRIC_REPRESENTATION_CONTEXT() REPRESENTATION_CONTEXT('2D SPACE',''
  ) );
#3586 = ORIENTED_EDGE('',*,*,#3587,.T.);
#3587 = EDGE_CURVE('',#3559,#2869,#3588,.T.);
#3588 = SURFACE_CURVE('',#3589,(#3593,#3600),.PCURVE_S1.);
#3589 = LINE('',#3590,#3591);
#3590 = CARTESIAN_POINT('',(0.175,-5.E-02,-0.355));
#3591 = VECTOR('',#3592,1.);
#3592 = DIRECTION('',(1.,1.129377263006E-16,-6.982962677686E-15));
#3593 = PCURVE('',#2760,#3594);
#3594 = DEFINITIONAL_REPRESENTATION('',(#3595),#3599);
#3595 = LINE('',#3596,#3597);
#3596 = CARTESIAN_POINT('',(0.31,0.545));
#3597 = VECTOR('',#3598,1.);
#3598 = DIRECTION('',(-1.,1.129377263006E-16));
#3599 = ( GEOMETRIC_REPRESENTATION_CONTEXT(2) 
PARAMETRIC_REPRESENTATION_CONTEXT() REPRESENTATION_CONTEXT('2D SPACE',''
  ) );
#3600 = PCURVE('',#2910,#3601);
#3601 = DEFINITIONAL_REPRESENTATION('',(#3602),#3606);
#3602 = LINE('',#3603,#3604);
#3603 = CARTESIAN_POINT('',(-1.250000564811E-04,4.996003610813E-16));
#3604 = VECTOR('',#3605,1.);
#3605 = DIRECTION('',(6.982962677686E-15,1.));
#3606 = ( GEOMETRIC_REPRESENTATION_CONTEXT(2) 
PARAMETRIC_REPRESENTATION_CONTEXT() REPRESENTATION_CONTEXT('2D SPACE',''
  ) );
#3607 = ORIENTED_EDGE('',*,*,#2868,.T.);
#3608 = ORIENTED_EDGE('',*,*,#3609,.T.);
#3609 = EDGE_CURVE('',#2841,#3610,#3612,.T.);
#3610 = VERTEX_POINT('',#3611);
#3611 = CARTESIAN_POINT('',(0.175,5.E-02,-0.355));
#3612 = SURFACE_CURVE('',#3613,(#3618,#3629),.PCURVE_S1.);
#3613 = CIRCLE('',#3614,5.E-02);
#3614 = AXIS2_PLACEMENT_3D('',#3615,#3616,#3617);
#3615 = CARTESIAN_POINT('',(0.175,1.219727444046E-16,-0.355));
#3616 = DIRECTION('',(6.505213034913E-15,0.,1.));
#3617 = DIRECTION('',(-1.,0.,6.505213034913E-15));
#3618 = PCURVE('',#2760,#3619);
#3619 = DEFINITIONAL_REPRESENTATION('',(#3620),#3628);
#3620 = ( BOUNDED_CURVE() B_SPLINE_CURVE(2,(#3621,#3622,#3623,#3624,
#3625,#3626,#3627),.UNSPECIFIED.,.T.,.F.) B_SPLINE_CURVE_WITH_KNOTS((1,2
    ,2,2,2,1),(-2.094395102393,0.,2.094395102393,4.188790204786,
6.28318530718,8.377580409573),.UNSPECIFIED.) CURVE() 
GEOMETRIC_REPRESENTATION_ITEM() RATIONAL_B_SPLINE_CURVE((1.,0.5,1.,0.5,
1.,0.5,1.)) REPRESENTATION_ITEM('') );
#3621 = CARTESIAN_POINT('',(0.36,0.595));
#3622 = CARTESIAN_POINT('',(0.36,0.508397459622));
#3623 = CARTESIAN_POINT('',(0.285,0.551698729811));
#3624 = CARTESIAN_POINT('',(0.21,0.595));
#3625 = CARTESIAN_POINT('',(0.285,0.638301270189));
#3626 = CARTESIAN_POINT('',(0.36,0.681602540378));
#3627 = CARTESIAN_POINT('',(0.36,0.595));
#3628 = ( GEOMETRIC_REPRESENTATION_CONTEXT(2) 
PARAMETRIC_REPRESENTATION_CONTEXT() REPRESENTATION_CONTEXT('2D SPACE',''
  ) );
#3629 = PCURVE('',#2856,#3630);
#3630 = DEFINITIONAL_REPRESENTATION('',(#3631),#3635);
#3631 = LINE('',#3632,#3633);
#3632 = CARTESIAN_POINT('',(-3.14159265359,1.250000564809E-04));
#3633 = VECTOR('',#3634,1.);
#3634 = DIRECTION('',(1.,3.533949646071E-17));
#3635 = ( GEOMETRIC_REPRESENTATION_CONTEXT(2) 
PARAMETRIC_REPRESENTATION_CONTEXT() REPRESENTATION_CONTEXT('2D SPACE',''
  ) );
#3636 = ORIENTED_EDGE('',*,*,#3637,.T.);
#3637 = EDGE_CURVE('',#3610,#3638,#3640,.T.);
#3638 = VERTEX_POINT('',#3639);
#3639 = CARTESIAN_POINT('',(0.115,5.E-02,-0.355));
#3640 = SURFACE_CURVE('',#3641,(#3645,#3652),.PCURVE_S1.);
#3641 = LINE('',#3642,#3643);
#3642 = CARTESIAN_POINT('',(0.175,5.E-02,-0.355));
#3643 = VECTOR('',#3644,1.);
#3644 = DIRECTION('',(-1.,1.129377263006E-16,6.982962677686E-15));
#3645 = PCURVE('',#2760,#3646);
#3646 = DEFINITIONAL_REPRESENTATION('',(#3647),#3651);
#3647 = LINE('',#3648,#3649);
#3648 = CARTESIAN_POINT('',(0.31,0.645));
#3649 = VECTOR('',#3650,1.);
#3650 = DIRECTION('',(1.,1.129377263006E-16));
#3651 = ( GEOMETRIC_REPRESENTATION_CONTEXT(2) 
PARAMETRIC_REPRESENTATION_CONTEXT() REPRESENTATION_CONTEXT('2D SPACE',''
  ) );
#3652 = PCURVE('',#3653,#3658);
#3653 = PLANE('',#3654);
#3654 = AXIS2_PLACEMENT_3D('',#3655,#3656,#3657);
#3655 = CARTESIAN_POINT('',(0.175,5.E-02,-0.355125000056));
#3656 = DIRECTION('',(-0.,1.,0.));
#3657 = DIRECTION('',(1.,0.,0.));
#3658 = DEFINITIONAL_REPRESENTATION('',(#3659),#3663);
#3659 = LINE('',#3660,#3661);
#3660 = CARTESIAN_POINT('',(4.996003610813E-16,-1.250000564811E-04));
#3661 = VECTOR('',#3662,1.);
#3662 = DIRECTION('',(-1.,-6.982962677686E-15));
#3663 = ( GEOMETRIC_REPRESENTATION_CONTEXT(2) 
PARAMETRIC_REPRESENTATION_CONTEXT() REPRESENTATION_CONTEXT('2D SPACE',''
  ) );
#3664 = ORIENTED_EDGE('',*,*,#3665,.T.);
#3665 = EDGE_CURVE('',#3638,#3666,#3668,.T.);
#3666 = VERTEX_POINT('',#3667);
#3667 = CARTESIAN_POINT('',(9.E-02,7.5E-02,-0.355));
#3668 = SURFACE_CURVE('',#3669,(#3674,#3681),.PCURVE_S1.);
#3669 = CIRCLE('',#3670,2.5E-02);
#3670 = AXIS2_PLACEMENT_3D('',#3671,#3672,#3673);
#3671 = CARTESIAN_POINT('',(0.115,7.5E-02,-0.355));
#3672 = DIRECTION('',(-6.505213034913E-15,0.,-1.));
#3673 = DIRECTION('',(-1.,0.,6.505213034913E-15));
#3674 = PCURVE('',#2760,#3675);
#3675 = DEFINITIONAL_REPRESENTATION('',(#3676),#3680);
#3676 = CIRCLE('',#3677,2.5E-02);
#3677 = AXIS2_PLACEMENT_2D('',#3678,#3679);
#3678 = CARTESIAN_POINT('',(0.37,0.67));
#3679 = DIRECTION('',(1.,0.));
#3680 = ( GEOMETRIC_REPRESENTATION_CONTEXT(2) 
PARAMETRIC_REPRESENTATION_CONTEXT() REPRESENTATION_CONTEXT('2D SPACE',''
  ) );
#3681 = PCURVE('',#3682,#3687);
#3682 = CYLINDRICAL_SURFACE('',#3683,2.5E-02);
#3683 = AXIS2_PLACEMENT_3D('',#3684,#3685,#3686);
#3684 = CARTESIAN_POINT('',(0.115,7.5E-02,-0.355125000056));
#3685 = DIRECTION('',(6.505213034913E-15,0.,1.));
#3686 = DIRECTION('',(1.,0.,-6.505213034913E-15));
#3687 = DEFINITIONAL_REPRESENTATION('',(#3688),#3692);
#3688 = LINE('',#3689,#3690);
#3689 = CARTESIAN_POINT('',(9.424777960769,1.250000564804E-04));
#3690 = VECTOR('',#3691,1.);
#3691 = DIRECTION('',(-1.,3.533949646071E-17));
#3692 = ( GEOMETRIC_REPRESENTATION_CONTEXT(2) 
PARAMETRIC_REPRESENTATION_CONTEXT() REPRESENTATION_CONTEXT('2D SPACE',''
  ) );
#3693 = ORIENTED_EDGE('',*,*,#3694,.T.);
#3694 = EDGE_CURVE('',#3666,#3695,#3697,.T.);
#3695 = VERTEX_POINT('',#3696);
#3696 = CARTESIAN_POINT('',(9.E-02,0.225,-0.355));
#3697 = SURFACE_CURVE('',#3698,(#3702,#3709),.PCURVE_S1.);
#3698 = LINE('',#3699,#3700);
#3699 = CARTESIAN_POINT('',(9.E-02,7.5E-02,-0.355));
#3700 = VECTOR('',#3701,1.);
#3701 = DIRECTION('',(0.,1.,0.));
#3702 = PCURVE('',#2760,#3703);
#3703 = DEFINITIONAL_REPRESENTATION('',(#3704),#3708);
#3704 = LINE('',#3705,#3706);
#3705 = CARTESIAN_POINT('',(0.395,0.67));
#3706 = VECTOR('',#3707,1.);
#3707 = DIRECTION('',(0.,1.));
#3708 = ( GEOMETRIC_REPRESENTATION_CONTEXT(2) 
PARAMETRIC_REPRESENTATION_CONTEXT() REPRESENTATION_CONTEXT('2D SPACE',''
  ) );
#3709 = PCURVE('',#3710,#3715);
#3710 = PLANE('',#3711);
#3711 = AXIS2_PLACEMENT_3D('',#3712,#3713,#3714);
#3712 = CARTESIAN_POINT('',(9.E-02,0.225,-0.355125000056));
#3713 = DIRECTION('',(1.,0.,-6.982962677686E-15));
#3714 = DIRECTION('',(-6.982962677686E-15,0.,-1.));
#3715 = DEFINITIONAL_REPRESENTATION('',(#3716),#3720);
#3716 = LINE('',#3717,#3718);
#3717 = CARTESIAN_POINT('',(-1.250000564805E-04,-0.15));
#3718 = VECTOR('',#3719,1.);
#3719 = DIRECTION('',(0.,1.));
#3720 = ( GEOMETRIC_REPRESENTATION_CONTEXT(2) 
PARAMETRIC_REPRESENTATION_CONTEXT() REPRESENTATION_CONTEXT('2D SPACE',''
  ) );
#3721 = ORIENTED_EDGE('',*,*,#3722,.T.);
#3722 = EDGE_CURVE('',#3695,#3723,#3725,.T.);
#3723 = VERTEX_POINT('',#3724);
#3724 = CARTESIAN_POINT('',(0.115,0.25,-0.355));
#3725 = SURFACE_CURVE('',#3726,(#3731,#3738),.PCURVE_S1.);
#3726 = CIRCLE('',#3727,2.5E-02);
#3727 = AXIS2_PLACEMENT_3D('',#3728,#3729,#3730);
#3728 = CARTESIAN_POINT('',(0.115,0.225,-0.355));
#3729 = DIRECTION('',(-6.505213034913E-15,0.,-1.));
#3730 = DIRECTION('',(1.,0.,-6.505213034913E-15));
#3731 = PCURVE('',#2760,#3732);
#3732 = DEFINITIONAL_REPRESENTATION('',(#3733),#3737);
#3733 = CIRCLE('',#3734,2.5E-02);
#3734 = AXIS2_PLACEMENT_2D('',#3735,#3736);
#3735 = CARTESIAN_POINT('',(0.37,0.82));
#3736 = DIRECTION('',(-1.,0.));
#3737 = ( GEOMETRIC_REPRESENTATION_CONTEXT(2) 
PARAMETRIC_REPRESENTATION_CONTEXT() REPRESENTATION_CONTEXT('2D SPACE',''
  ) );
#3738 = PCURVE('',#3739,#3744);
#3739 = CYLINDRICAL_SURFACE('',#3740,2.5E-02);
#3740 = AXIS2_PLACEMENT_3D('',#3741,#3742,#3743);
#3741 = CARTESIAN_POINT('',(0.115,0.225,-0.355125000056));
#3742 = DIRECTION('',(6.505213034913E-15,0.,1.));
#3743 = DIRECTION('',(1.,0.,-6.505213034913E-15));
#3744 = DEFINITIONAL_REPRESENTATION('',(#3745),#3749);
#3745 = LINE('',#3746,#3747);
#3746 = CARTESIAN_POINT('',(6.28318530718,1.250000564807E-04));
#3747 = VECTOR('',#3748,1.);
#3748 = DIRECTION('',(-1.,-3.533949646071E-17));
#3749 = ( GEOMETRIC_REPRESENTATION_CONTEXT(2) 
PARAMETRIC_REPRESENTATION_CONTEXT() REPRESENTATION_CONTEXT('2D SPACE',''
  ) );
#3750 = ORIENTED_EDGE('',*,*,#3751,.T.);
#3751 = EDGE_CURVE('',#3723,#3752,#3754,.T.);
#3752 = VERTEX_POINT('',#3753);
#3753 = CARTESIAN_POINT('',(0.238944487245,0.25,-0.355));
#3754 = SURFACE_CURVE('',#3755,(#3759,#3766),.PCURVE_S1.);
#3755 = LINE('',#3756,#3757);
#3756 = CARTESIAN_POINT('',(0.238944487245,0.25,-0.355));
#3757 = VECTOR('',#3758,1.);
#3758 = DIRECTION('',(1.,0.,-6.982962677686E-15));
#3759 = PCURVE('',#2760,#3760);
#3760 = DEFINITIONAL_REPRESENTATION('',(#3761),#3765);
#3761 = LINE('',#3762,#3763);
#3762 = CARTESIAN_POINT('',(0.246055512755,0.845));
#3763 = VECTOR('',#3764,1.);
#3764 = DIRECTION('',(-1.,0.));
#3765 = ( GEOMETRIC_REPRESENTATION_CONTEXT(2) 
PARAMETRIC_REPRESENTATION_CONTEXT() REPRESENTATION_CONTEXT('2D SPACE',''
  ) );
#3766 = PCURVE('',#3767,#3772);
#3767 = PLANE('',#3768);
#3768 = AXIS2_PLACEMENT_3D('',#3769,#3770,#3771);
#3769 = CARTESIAN_POINT('',(0.115,0.25,-0.355125000056));
#3770 = DIRECTION('',(0.,-1.,0.));
#3771 = DIRECTION('',(0.,0.,-1.));
#3772 = DEFINITIONAL_REPRESENTATION('',(#3773),#3777);
#3773 = LINE('',#3774,#3775);
#3774 = CARTESIAN_POINT('',(-1.250000564805E-04,0.123944487245));
#3775 = VECTOR('',#3776,1.);
#3776 = DIRECTION('',(6.982962677686E-15,1.));
#3777 = ( GEOMETRIC_REPRESENTATION_CONTEXT(2) 
PARAMETRIC_REPRESENTATION_CONTEXT() REPRESENTATION_CONTEXT('2D SPACE',''
  ) );
#3778 = ORIENTED_EDGE('',*,*,#3779,.T.);
#3779 = EDGE_CURVE('',#3752,#2989,#3780,.T.);
#3780 = SURFACE_CURVE('',#3781,(#3786,#3793),.PCURVE_S1.);
#3781 = CIRCLE('',#3782,2.5E-02);
#3782 = AXIS2_PLACEMENT_3D('',#3783,#3784,#3785);
#3783 = CARTESIAN_POINT('',(0.238944487245,0.225,-0.355));
#3784 = DIRECTION('',(-6.505213034913E-15,0.,-1.));
#3785 = DIRECTION('',(-1.,0.,6.505213034913E-15));
#3786 = PCURVE('',#2760,#3787);
#3787 = DEFINITIONAL_REPRESENTATION('',(#3788),#3792);
#3788 = CIRCLE('',#3789,2.5E-02);
#3789 = AXIS2_PLACEMENT_2D('',#3790,#3791);
#3790 = CARTESIAN_POINT('',(0.246055512755,0.82));
#3791 = DIRECTION('',(1.,0.));
#3792 = ( GEOMETRIC_REPRESENTATION_CONTEXT(2) 
PARAMETRIC_REPRESENTATION_CONTEXT() REPRESENTATION_CONTEXT('2D SPACE',''
  ) );
#3793 = PCURVE('',#3030,#3794);
#3794 = DEFINITIONAL_REPRESENTATION('',(#3795),#3799);
#3795 = LINE('',#3796,#3797);
#3796 = CARTESIAN_POINT('',(3.14159265359,1.250000564816E-04));
#3797 = VECTOR('',#3798,1.);
#3798 = DIRECTION('',(-1.,0.));
#3799 = ( GEOMETRIC_REPRESENTATION_CONTEXT(2) 
PARAMETRIC_REPRESENTATION_CONTEXT() REPRESENTATION_CONTEXT('2D SPACE',''
  ) );
#3800 = ORIENTED_EDGE('',*,*,#2988,.T.);
#3801 = ORIENTED_EDGE('',*,*,#3802,.T.);
#3802 = EDGE_CURVE('',#2961,#3803,#3805,.T.);
#3803 = VERTEX_POINT('',#3804);
#3804 = CARTESIAN_POINT('',(0.251821456086,0.323571428571,-0.355));
#3805 = SURFACE_CURVE('',#3806,(#3811,#3822),.PCURVE_S1.);
#3806 = CIRCLE('',#3807,4.5E-02);
#3807 = AXIS2_PLACEMENT_3D('',#3808,#3809,#3810);
#3808 = CARTESIAN_POINT('',(0.275,0.285,-0.355));
#3809 = DIRECTION('',(7.228014483237E-15,0.,1.));
#3810 = DIRECTION('',(-1.,0.,7.228014483237E-15));
#3811 = PCURVE('',#2760,#3812);
#3812 = DEFINITIONAL_REPRESENTATION('',(#3813),#3821);
#3813 = ( BOUNDED_CURVE() B_SPLINE_CURVE(2,(#3814,#3815,#3816,#3817,
#3818,#3819,#3820),.UNSPECIFIED.,.T.,.F.) B_SPLINE_CURVE_WITH_KNOTS((1,2
    ,2,2,2,1),(-2.094395102393,0.,2.094395102393,4.188790204786,
6.28318530718,8.377580409573),.UNSPECIFIED.) CURVE() 
GEOMETRIC_REPRESENTATION_ITEM() RATIONAL_B_SPLINE_CURVE((1.,0.5,1.,0.5,
1.,0.5,1.)) REPRESENTATION_ITEM('') );
#3814 = CARTESIAN_POINT('',(0.255,0.88));
#3815 = CARTESIAN_POINT('',(0.255,0.802057713659));
#3816 = CARTESIAN_POINT('',(0.1875,0.84102885683));
#3817 = CARTESIAN_POINT('',(0.12,0.88));
#3818 = CARTESIAN_POINT('',(0.1875,0.91897114317));
#3819 = CARTESIAN_POINT('',(0.255,0.957942286341));
#3820 = CARTESIAN_POINT('',(0.255,0.88));
#3821 = ( GEOMETRIC_REPRESENTATION_CONTEXT(2) 
PARAMETRIC_REPRESENTATION_CONTEXT() REPRESENTATION_CONTEXT('2D SPACE',''
  ) );
#3822 = PCURVE('',#2976,#3823);
#3823 = DEFINITIONAL_REPRESENTATION('',(#3824),#3828);
#3824 = LINE('',#3825,#3826);
#3825 = CARTESIAN_POINT('',(-3.14159265359,1.250000564816E-04));
#3826 = VECTOR('',#3827,1.);
#3827 = DIRECTION('',(1.,0.));
#3828 = ( GEOMETRIC_REPRESENTATION_CONTEXT(2) 
PARAMETRIC_REPRESENTATION_CONTEXT() REPRESENTATION_CONTEXT('2D SPACE',''
  ) );
#3829 = ORIENTED_EDGE('',*,*,#3830,.T.);
#3830 = EDGE_CURVE('',#3803,#3831,#3833,.T.);
#3831 = VERTEX_POINT('',#3832);
#3832 = CARTESIAN_POINT('',(0.238944487245,0.32,-0.355));
#3833 = SURFACE_CURVE('',#3834,(#3839,#3846),.PCURVE_S1.);
#3834 = CIRCLE('',#3835,2.5E-02);
#3835 = AXIS2_PLACEMENT_3D('',#3836,#3837,#3838);
#3836 = CARTESIAN_POINT('',(0.238944487245,0.345,-0.355));
#3837 = DIRECTION('',(-6.505213034913E-15,0.,-1.));
#3838 = DIRECTION('',(1.,0.,-6.505213034913E-15));
#3839 = PCURVE('',#2760,#3840);
#3840 = DEFINITIONAL_REPRESENTATION('',(#3841),#3845);
#3841 = CIRCLE('',#3842,2.5E-02);
#3842 = AXIS2_PLACEMENT_2D('',#3843,#3844);
#3843 = CARTESIAN_POINT('',(0.246055512755,0.94));
#3844 = DIRECTION('',(-1.,0.));
#3845 = ( GEOMETRIC_REPRESENTATION_CONTEXT(2) 
PARAMETRIC_REPRESENTATION_CONTEXT() REPRESENTATION_CONTEXT('2D SPACE',''
  ) );
#3846 = PCURVE('',#3847,#3852);
#3847 = CYLINDRICAL_SURFACE('',#3848,2.5E-02);
#3848 = AXIS2_PLACEMENT_3D('',#3849,#3850,#3851);
#3849 = CARTESIAN_POINT('',(0.238944487245,0.345,-0.355125000056));
#3850 = DIRECTION('',(6.505213034913E-15,0.,1.));
#3851 = DIRECTION('',(1.,0.,-6.505213034913E-15));
#3852 = DEFINITIONAL_REPRESENTATION('',(#3853),#3857);
#3853 = LINE('',#3854,#3855);
#3854 = CARTESIAN_POINT('',(6.28318530718,1.250000564816E-04));
#3855 = VECTOR('',#3856,1.);
#3856 = DIRECTION('',(-1.,0.));
#3857 = ( GEOMETRIC_REPRESENTATION_CONTEXT(2) 
PARAMETRIC_REPRESENTATION_CONTEXT() REPRESENTATION_CONTEXT('2D SPACE',''
  ) );
#3858 = ORIENTED_EDGE('',*,*,#3859,.T.);
#3859 = EDGE_CURVE('',#3831,#3860,#3862,.T.);
#3860 = VERTEX_POINT('',#3861);
#3861 = CARTESIAN_POINT('',(0.115,0.32,-0.355));
#3862 = SURFACE_CURVE('',#3863,(#3867,#3874),.PCURVE_S1.);
#3863 = LINE('',#3864,#3865);
#3864 = CARTESIAN_POINT('',(0.238944487245,0.32,-0.355));
#3865 = VECTOR('',#3866,1.);
#3866 = DIRECTION('',(-1.,0.,6.982962677686E-15));
#3867 = PCURVE('',#2760,#3868);
#3868 = DEFINITIONAL_REPRESENTATION('',(#3869),#3873);
#3869 = LINE('',#3870,#3871);
#3870 = CARTESIAN_POINT('',(0.246055512755,0.915));
#3871 = VECTOR('',#3872,1.);
#3872 = DIRECTION('',(1.,0.));
#3873 = ( GEOMETRIC_REPRESENTATION_CONTEXT(2) 
PARAMETRIC_REPRESENTATION_CONTEXT() REPRESENTATION_CONTEXT('2D SPACE',''
  ) );
#3874 = PCURVE('',#3875,#3880);
#3875 = PLANE('',#3876);
#3876 = AXIS2_PLACEMENT_3D('',#3877,#3878,#3879);
#3877 = CARTESIAN_POINT('',(0.115,0.32,-0.355125000056));
#3878 = DIRECTION('',(-4.373741005274E-16,1.,3.05416702017E-30));
#3879 = DIRECTION('',(1.,4.373741005274E-16,0.));
#3880 = DEFINITIONAL_REPRESENTATION('',(#3881),#3885);
#3881 = LINE('',#3882,#3883);
#3882 = CARTESIAN_POINT('',(0.123944487245,-1.250000564805E-04));
#3883 = VECTOR('',#3884,1.);
#3884 = DIRECTION('',(-1.,-6.982962677686E-15));
#3885 = ( GEOMETRIC_REPRESENTATION_CONTEXT(2) 
PARAMETRIC_REPRESENTATION_CONTEXT() REPRESENTATION_CONTEXT('2D SPACE',''
  ) );
#3886 = ORIENTED_EDGE('',*,*,#3887,.T.);
#3887 = EDGE_CURVE('',#3860,#3888,#3890,.T.);
#3888 = VERTEX_POINT('',#3889);
#3889 = CARTESIAN_POINT('',(9.E-02,0.345,-0.355));
#3890 = SURFACE_CURVE('',#3891,(#3896,#3903),.PCURVE_S1.);
#3891 = CIRCLE('',#3892,2.5E-02);
#3892 = AXIS2_PLACEMENT_3D('',#3893,#3894,#3895);
#3893 = CARTESIAN_POINT('',(0.115,0.345,-0.355));
#3894 = DIRECTION('',(-6.505213034913E-15,0.,-1.));
#3895 = DIRECTION('',(-1.,0.,6.505213034913E-15));
#3896 = PCURVE('',#2760,#3897);
#3897 = DEFINITIONAL_REPRESENTATION('',(#3898),#3902);
#3898 = CIRCLE('',#3899,2.5E-02);
#3899 = AXIS2_PLACEMENT_2D('',#3900,#3901);
#3900 = CARTESIAN_POINT('',(0.37,0.94));
#3901 = DIRECTION('',(1.,0.));
#3902 = ( GEOMETRIC_REPRESENTATION_CONTEXT(2) 
PARAMETRIC_REPRESENTATION_CONTEXT() REPRESENTATION_CONTEXT('2D SPACE',''
  ) );
#3903 = PCURVE('',#3904,#3909);
#3904 = CYLINDRICAL_SURFACE('',#3905,2.5E-02);
#3905 = AXIS2_PLACEMENT_3D('',#3906,#3907,#3908);
#3906 = CARTESIAN_POINT('',(0.115,0.345,-0.355125000056));
#3907 = DIRECTION('',(6.505213034913E-15,0.,1.));
#3908 = DIRECTION('',(1.,0.,-6.505213034913E-15));
#3909 = DEFINITIONAL_REPRESENTATION('',(#3910),#3914);
#3910 = LINE('',#3911,#3912);
#3911 = CARTESIAN_POINT('',(9.424777960769,1.250000564804E-04));
#3912 = VECTOR('',#3913,1.);
#3913 = DIRECTION('',(-1.,3.533949646071E-17));
#3914 = ( GEOMETRIC_REPRESENTATION_CONTEXT(2) 
PARAMETRIC_REPRESENTATION_CONTEXT() REPRESENTATION_CONTEXT('2D SPACE',''
  ) );
#3915 = ORIENTED_EDGE('',*,*,#3916,.T.);
#3916 = EDGE_CURVE('',#3888,#3917,#3919,.T.);
#3917 = VERTEX_POINT('',#3918);
#3918 = CARTESIAN_POINT('',(9.E-02,0.595,-0.355));
#3919 = SURFACE_CURVE('',#3920,(#3924,#3931),.PCURVE_S1.);
#3920 = LINE('',#3921,#3922);
#3921 = CARTESIAN_POINT('',(9.E-02,0.345,-0.355));
#3922 = VECTOR('',#3923,1.);
#3923 = DIRECTION('',(5.421010862428E-17,1.,-3.785471652766E-31));
#3924 = PCURVE('',#2760,#3925);
#3925 = DEFINITIONAL_REPRESENTATION('',(#3926),#3930);
#3926 = LINE('',#3927,#3928);
#3927 = CARTESIAN_POINT('',(0.395,0.94));
#3928 = VECTOR('',#3929,1.);
#3929 = DIRECTION('',(-5.421010862428E-17,1.));
#3930 = ( GEOMETRIC_REPRESENTATION_CONTEXT(2) 
PARAMETRIC_REPRESENTATION_CONTEXT() REPRESENTATION_CONTEXT('2D SPACE',''
  ) );
#3931 = PCURVE('',#3932,#3937);
#3932 = PLANE('',#3933);
#3933 = AXIS2_PLACEMENT_3D('',#3934,#3935,#3936);
#3934 = CARTESIAN_POINT('',(9.E-02,0.595,-0.355125000056));
#3935 = DIRECTION('',(1.,0.,-6.982962677686E-15));
#3936 = DIRECTION('',(-6.982962677686E-15,0.,-1.));
#3937 = DEFINITIONAL_REPRESENTATION('',(#3938),#3942);
#3938 = LINE('',#3939,#3940);
#3939 = CARTESIAN_POINT('',(-1.250000564805E-04,-0.25));
#3940 = VECTOR('',#3941,1.);
#3941 = DIRECTION('',(0.,1.));
#3942 = ( GEOMETRIC_REPRESENTATION_CONTEXT(2) 
PARAMETRIC_REPRESENTATION_CONTEXT() REPRESENTATION_CONTEXT('2D SPACE',''
  ) );
#3943 = ORIENTED_EDGE('',*,*,#3944,.T.);
#3944 = EDGE_CURVE('',#3917,#3945,#3947,.T.);
#3945 = VERTEX_POINT('',#3946);
#3946 = CARTESIAN_POINT('',(0.115,0.62,-0.355));
#3947 = SURFACE_CURVE('',#3948,(#3953,#3960),.PCURVE_S1.);
#3948 = CIRCLE('',#3949,2.5E-02);
#3949 = AXIS2_PLACEMENT_3D('',#3950,#3951,#3952);
#3950 = CARTESIAN_POINT('',(0.115,0.595,-0.355));
#3951 = DIRECTION('',(-6.505213034913E-15,0.,-1.));
#3952 = DIRECTION('',(1.,0.,-6.505213034913E-15));
#3953 = PCURVE('',#2760,#3954);
#3954 = DEFINITIONAL_REPRESENTATION('',(#3955),#3959);
#3955 = CIRCLE('',#3956,2.5E-02);
#3956 = AXIS2_PLACEMENT_2D('',#3957,#3958);
#3957 = CARTESIAN_POINT('',(0.37,1.19));
#3958 = DIRECTION('',(-1.,0.));
#3959 = ( GEOMETRIC_REPRESENTATION_CONTEXT(2) 
PARAMETRIC_REPRESENTATION_CONTEXT() REPRESENTATION_CONTEXT('2D SPACE',''
  ) );
#3960 = PCURVE('',#3961,#3966);
#3961 = CYLINDRICAL_SURFACE('',#3962,2.5E-02);
#3962 = AXIS2_PLACEMENT_3D('',#3963,#3964,#3965);
#3963 = CARTESIAN_POINT('',(0.115,0.595,-0.355125000056));
#3964 = DIRECTION('',(6.505213034913E-15,0.,1.));
#3965 = DIRECTION('',(1.,0.,-6.505213034913E-15));
#3966 = DEFINITIONAL_REPRESENTATION('',(#3967),#3971);
#3967 = LINE('',#3968,#3969);
#3968 = CARTESIAN_POINT('',(6.28318530718,1.250000564807E-04));
#3969 = VECTOR('',#3970,1.);
#3970 = DIRECTION('',(-1.,-3.533949646071E-17));
#3971 = ( GEOMETRIC_REPRESENTATION_CONTEXT(2) 
PARAMETRIC_REPRESENTATION_CONTEXT() REPRESENTATION_CONTEXT('2D SPACE',''
  ) );
#3972 = ORIENTED_EDGE('',*,*,#3973,.T.);
#3973 = EDGE_CURVE('',#3945,#3974,#3976,.T.);
#3974 = VERTEX_POINT('',#3975);
#3975 = CARTESIAN_POINT('',(0.185,0.62,-0.355));
#3976 = SURFACE_CURVE('',#3977,(#3981,#3988),.PCURVE_S1.);
#3977 = LINE('',#3978,#3979);
#3978 = CARTESIAN_POINT('',(0.185,0.62,-0.355));
#3979 = VECTOR('',#3980,1.);
#3980 = DIRECTION('',(1.,0.,-6.982962677686E-15));
#3981 = PCURVE('',#2760,#3982);
#3982 = DEFINITIONAL_REPRESENTATION('',(#3983),#3987);
#3983 = LINE('',#3984,#3985);
#3984 = CARTESIAN_POINT('',(0.3,1.215));
#3985 = VECTOR('',#3986,1.);
#3986 = DIRECTION('',(-1.,0.));
#3987 = ( GEOMETRIC_REPRESENTATION_CONTEXT(2) 
PARAMETRIC_REPRESENTATION_CONTEXT() REPRESENTATION_CONTEXT('2D SPACE',''
  ) );
#3988 = PCURVE('',#3989,#3994);
#3989 = PLANE('',#3990);
#3990 = AXIS2_PLACEMENT_3D('',#3991,#3992,#3993);
#3991 = CARTESIAN_POINT('',(0.115,0.62,-0.355125000056));
#3992 = DIRECTION('',(0.,-1.,0.));
#3993 = DIRECTION('',(0.,0.,-1.));
#3994 = DEFINITIONAL_REPRESENTATION('',(#3995),#3999);
#3995 = LINE('',#3996,#3997);
#3996 = CARTESIAN_POINT('',(-1.250000564805E-04,7.E-02));
#3997 = VECTOR('',#3998,1.);
#3998 = DIRECTION('',(6.982962677686E-15,1.));
#3999 = ( GEOMETRIC_REPRESENTATION_CONTEXT(2) 
PARAMETRIC_REPRESENTATION_CONTEXT() REPRESENTATION_CONTEXT('2D SPACE',''
  ) );
#4000 = ORIENTED_EDGE('',*,*,#4001,.T.);
#4001 = EDGE_CURVE('',#3974,#4002,#4004,.T.);
#4002 = VERTEX_POINT('',#4003);
#4003 = CARTESIAN_POINT('',(0.21,0.595,-0.355));
#4004 = SURFACE_CURVE('',#4005,(#4010,#4017),.PCURVE_S1.);
#4005 = CIRCLE('',#4006,2.5E-02);
#4006 = AXIS2_PLACEMENT_3D('',#4007,#4008,#4009);
#4007 = CARTESIAN_POINT('',(0.185,0.595,-0.355));
#4008 = DIRECTION('',(-6.505213034913E-15,0.,-1.));
#4009 = DIRECTION('',(1.,0.,-6.505213034913E-15));
#4010 = PCURVE('',#2760,#4011);
#4011 = DEFINITIONAL_REPRESENTATION('',(#4012),#4016);
#4012 = CIRCLE('',#4013,2.5E-02);
#4013 = AXIS2_PLACEMENT_2D('',#4014,#4015);
#4014 = CARTESIAN_POINT('',(0.3,1.19));
#4015 = DIRECTION('',(-1.,0.));
#4016 = ( GEOMETRIC_REPRESENTATION_CONTEXT(2) 
PARAMETRIC_REPRESENTATION_CONTEXT() REPRESENTATION_CONTEXT('2D SPACE',''
  ) );
#4017 = PCURVE('',#4018,#4023);
#4018 = CYLINDRICAL_SURFACE('',#4019,2.5E-02);
#4019 = AXIS2_PLACEMENT_3D('',#4020,#4021,#4022);
#4020 = CARTESIAN_POINT('',(0.185,0.595,-0.355125000056));
#4021 = DIRECTION('',(6.505213034913E-15,0.,1.));
#4022 = DIRECTION('',(1.,0.,-6.505213034913E-15));
#4023 = DEFINITIONAL_REPRESENTATION('',(#4024),#4028);
#4024 = LINE('',#4025,#4026);
#4025 = CARTESIAN_POINT('',(6.28318530718,1.250000564811E-04));
#4026 = VECTOR('',#4027,1.);
#4027 = DIRECTION('',(-1.,0.));
#4028 = ( GEOMETRIC_REPRESENTATION_CONTEXT(2) 
PARAMETRIC_REPRESENTATION_CONTEXT() REPRESENTATION_CONTEXT('2D SPACE',''
  ) );
#4029 = ORIENTED_EDGE('',*,*,#4030,.T.);
#4030 = EDGE_CURVE('',#4002,#4031,#4033,.T.);
#4031 = VERTEX_POINT('',#4032);
#4032 = CARTESIAN_POINT('',(0.21,0.57,-0.355));
#4033 = SURFACE_CURVE('',#4034,(#4038,#4045),.PCURVE_S1.);
#4034 = LINE('',#4035,#4036);
#4035 = CARTESIAN_POINT('',(0.21,0.595,-0.355));
#4036 = VECTOR('',#4037,1.);
#4037 = DIRECTION('',(1.084202172486E-15,-1.,-7.570943305533E-30));
#4038 = PCURVE('',#2760,#4039);
#4039 = DEFINITIONAL_REPRESENTATION('',(#4040),#4044);
#4040 = LINE('',#4041,#4042);
#4041 = CARTESIAN_POINT('',(0.275,1.19));
#4042 = VECTOR('',#4043,1.);
#4043 = DIRECTION('',(-1.084202172486E-15,-1.));
#4044 = ( GEOMETRIC_REPRESENTATION_CONTEXT(2) 
PARAMETRIC_REPRESENTATION_CONTEXT() REPRESENTATION_CONTEXT('2D SPACE',''
  ) );
#4045 = PCURVE('',#4046,#4051);
#4046 = PLANE('',#4047);
#4047 = AXIS2_PLACEMENT_3D('',#4048,#4049,#4050);
#4048 = CARTESIAN_POINT('',(0.21,0.595,-0.355125000056));
#4049 = DIRECTION('',(-1.,0.,6.982962677686E-15));
#4050 = DIRECTION('',(0.,1.,0.));
#4051 = DEFINITIONAL_REPRESENTATION('',(#4052),#4056);
#4052 = LINE('',#4053,#4054);
#4053 = CARTESIAN_POINT('',(0.,-1.250000564811E-04));
#4054 = VECTOR('',#4055,1.);
#4055 = DIRECTION('',(-1.,2.80259692865E-45));
#4056 = ( GEOMETRIC_REPRESENTATION_CONTEXT(2) 
PARAMETRIC_REPRESENTATION_CONTEXT() REPRESENTATION_CONTEXT('2D SPACE',''
  ) );
#4057 = ORIENTED_EDGE('',*,*,#4058,.T.);
#4058 = EDGE_CURVE('',#4031,#4059,#4061,.T.);
#4059 = VERTEX_POINT('',#4060);
#4060 = CARTESIAN_POINT('',(0.31,0.57,-0.355));
#4061 = SURFACE_CURVE('',#4062,(#4067,#4078),.PCURVE_S1.);
#4062 = CIRCLE('',#4063,5.E-02);
#4063 = AXIS2_PLACEMENT_3D('',#4064,#4065,#4066);
#4064 = CARTESIAN_POINT('',(0.26,0.57,-0.355));
#4065 = DIRECTION('',(6.505213034913E-15,0.,1.));
#4066 = DIRECTION('',(-1.,0.,6.505213034913E-15));
#4067 = PCURVE('',#2760,#4068);
#4068 = DEFINITIONAL_REPRESENTATION('',(#4069),#4077);
#4069 = ( BOUNDED_CURVE() B_SPLINE_CURVE(2,(#4070,#4071,#4072,#4073,
#4074,#4075,#4076),.UNSPECIFIED.,.T.,.F.) B_SPLINE_CURVE_WITH_KNOTS((1,2
    ,2,2,2,1),(-2.094395102393,0.,2.094395102393,4.188790204786,
6.28318530718,8.377580409573),.UNSPECIFIED.) CURVE() 
GEOMETRIC_REPRESENTATION_ITEM() RATIONAL_B_SPLINE_CURVE((1.,0.5,1.,0.5,
1.,0.5,1.)) REPRESENTATION_ITEM('') );
#4070 = CARTESIAN_POINT('',(0.275,1.165));
#4071 = CARTESIAN_POINT('',(0.275,1.078397459622));
#4072 = CARTESIAN_POINT('',(0.2,1.121698729811));
#4073 = CARTESIAN_POINT('',(0.125,1.165));
#4074 = CARTESIAN_POINT('',(0.2,1.208301270189));
#4075 = CARTESIAN_POINT('',(0.275,1.251602540378));
#4076 = CARTESIAN_POINT('',(0.275,1.165));
#4077 = ( GEOMETRIC_REPRESENTATION_CONTEXT(2) 
PARAMETRIC_REPRESENTATION_CONTEXT() REPRESENTATION_CONTEXT('2D SPACE',''
  ) );
#4078 = PCURVE('',#4079,#4084);
#4079 = CYLINDRICAL_SURFACE('',#4080,5.E-02);
#4080 = AXIS2_PLACEMENT_3D('',#4081,#4082,#4083);
#4081 = CARTESIAN_POINT('',(0.26,0.57,-0.355125000056));
#4082 = DIRECTION('',(6.505213034913E-15,0.,1.));
#4083 = DIRECTION('',(1.,0.,-6.505213034913E-15));
#4084 = DEFINITIONAL_REPRESENTATION('',(#4085),#4089);
#4085 = LINE('',#4086,#4087);
#4086 = CARTESIAN_POINT('',(3.14159265359,1.250000564816E-04));
#4087 = VECTOR('',#4088,1.);
#4088 = DIRECTION('',(1.,-1.766974823035E-17));
#4089 = ( GEOMETRIC_REPRESENTATION_CONTEXT(2) 
PARAMETRIC_REPRESENTATION_CONTEXT() REPRESENTATION_CONTEXT('2D SPACE',''
  ) );
#4090 = ORIENTED_EDGE('',*,*,#4091,.T.);
#4091 = EDGE_CURVE('',#4059,#4092,#4094,.T.);
#4092 = VERTEX_POINT('',#4093);
#4093 = CARTESIAN_POINT('',(0.31,0.595,-0.355));
#4094 = SURFACE_CURVE('',#4095,(#4099,#4106),.PCURVE_S1.);
#4095 = LINE('',#4096,#4097);
#4096 = CARTESIAN_POINT('',(0.31,0.595,-0.355));
#4097 = VECTOR('',#4098,1.);
#4098 = DIRECTION('',(0.,1.,0.));
#4099 = PCURVE('',#2760,#4100);
#4100 = DEFINITIONAL_REPRESENTATION('',(#4101),#4105);
#4101 = LINE('',#4102,#4103);
#4102 = CARTESIAN_POINT('',(0.175,1.19));
#4103 = VECTOR('',#4104,1.);
#4104 = DIRECTION('',(0.,1.));
#4105 = ( GEOMETRIC_REPRESENTATION_CONTEXT(2) 
PARAMETRIC_REPRESENTATION_CONTEXT() REPRESENTATION_CONTEXT('2D SPACE',''
  ) );
#4106 = PCURVE('',#4107,#4112);
#4107 = PLANE('',#4108);
#4108 = AXIS2_PLACEMENT_3D('',#4109,#4110,#4111);
#4109 = CARTESIAN_POINT('',(0.31,0.595,-0.355125000056));
#4110 = DIRECTION('',(1.,0.,-6.982962677686E-15));
#4111 = DIRECTION('',(-6.982962677686E-15,0.,-1.));
#4112 = DEFINITIONAL_REPRESENTATION('',(#4113),#4117);
#4113 = LINE('',#4114,#4115);
#4114 = CARTESIAN_POINT('',(-1.25000056482E-04,0.));
#4115 = VECTOR('',#4116,1.);
#4116 = DIRECTION('',(0.,1.));
#4117 = ( GEOMETRIC_REPRESENTATION_CONTEXT(2) 
PARAMETRIC_REPRESENTATION_CONTEXT() REPRESENTATION_CONTEXT('2D SPACE',''
  ) );
#4118 = ORIENTED_EDGE('',*,*,#4119,.T.);
#4119 = EDGE_CURVE('',#4092,#4120,#4122,.T.);
#4120 = VERTEX_POINT('',#4121);
#4121 = CARTESIAN_POINT('',(0.335,0.62,-0.355));
#4122 = SURFACE_CURVE('',#4123,(#4128,#4135),.PCURVE_S1.);
#4123 = CIRCLE('',#4124,2.5E-02);
#4124 = AXIS2_PLACEMENT_3D('',#4125,#4126,#4127);
#4125 = CARTESIAN_POINT('',(0.335,0.595,-0.355));
#4126 = DIRECTION('',(-6.505213034913E-15,0.,-1.));
#4127 = DIRECTION('',(-1.,0.,6.505213034913E-15));
#4128 = PCURVE('',#2760,#4129);
#4129 = DEFINITIONAL_REPRESENTATION('',(#4130),#4134);
#4130 = CIRCLE('',#4131,2.5E-02);
#4131 = AXIS2_PLACEMENT_2D('',#4132,#4133);
#4132 = CARTESIAN_POINT('',(0.15,1.19));
#4133 = DIRECTION('',(1.,0.));
#4134 = ( GEOMETRIC_REPRESENTATION_CONTEXT(2) 
PARAMETRIC_REPRESENTATION_CONTEXT() REPRESENTATION_CONTEXT('2D SPACE',''
  ) );
#4135 = PCURVE('',#4136,#4141);
#4136 = CYLINDRICAL_SURFACE('',#4137,2.5E-02);
#4137 = AXIS2_PLACEMENT_3D('',#4138,#4139,#4140);
#4138 = CARTESIAN_POINT('',(0.335,0.595,-0.355125000056));
#4139 = DIRECTION('',(6.505213034913E-15,0.,1.));
#4140 = DIRECTION('',(1.,0.,-6.505213034913E-15));
#4141 = DEFINITIONAL_REPRESENTATION('',(#4142),#4146);
#4142 = LINE('',#4143,#4144);
#4143 = CARTESIAN_POINT('',(3.14159265359,1.25000056482E-04));
#4144 = VECTOR('',#4145,1.);
#4145 = DIRECTION('',(-1.,0.));
#4146 = ( GEOMETRIC_REPRESENTATION_CONTEXT(2) 
PARAMETRIC_REPRESENTATION_CONTEXT() REPRESENTATION_CONTEXT('2D SPACE',''
  ) );
#4147 = ORIENTED_EDGE('',*,*,#4148,.T.);
#4148 = EDGE_CURVE('',#4120,#4149,#4151,.T.);
#4149 = VERTEX_POINT('',#4150);
#4150 = CARTESIAN_POINT('',(0.485,0.62,-0.355));
#4151 = SURFACE_CURVE('',#4152,(#4156,#4163),.PCURVE_S1.);
#4152 = LINE('',#4153,#4154);
#4153 = CARTESIAN_POINT('',(0.485,0.62,-0.355));
#4154 = VECTOR('',#4155,1.);
#4155 = DIRECTION('',(1.,0.,-6.982962677686E-15));
#4156 = PCURVE('',#2760,#4157);
#4157 = DEFINITIONAL_REPRESENTATION('',(#4158),#4162);
#4158 = LINE('',#4159,#4160);
#4159 = CARTESIAN_POINT('',(0.,1.215));
#4160 = VECTOR('',#4161,1.);
#4161 = DIRECTION('',(-1.,0.));
#4162 = ( GEOMETRIC_REPRESENTATION_CONTEXT(2) 
PARAMETRIC_REPRESENTATION_CONTEXT() REPRESENTATION_CONTEXT('2D SPACE',''
  ) );
#4163 = PCURVE('',#4164,#4169);
#4164 = PLANE('',#4165);
#4165 = AXIS2_PLACEMENT_3D('',#4166,#4167,#4168);
#4166 = CARTESIAN_POINT('',(0.335,0.62,-0.355125000056));
#4167 = DIRECTION('',(0.,-1.,0.));
#4168 = DIRECTION('',(0.,0.,-1.));
#4169 = DEFINITIONAL_REPRESENTATION('',(#4170),#4174);
#4170 = LINE('',#4171,#4172);
#4171 = CARTESIAN_POINT('',(-1.25000056482E-04,0.15));
#4172 = VECTOR('',#4173,1.);
#4173 = DIRECTION('',(6.982962677686E-15,1.));
#4174 = ( GEOMETRIC_REPRESENTATION_CONTEXT(2) 
PARAMETRIC_REPRESENTATION_CONTEXT() REPRESENTATION_CONTEXT('2D SPACE',''
  ) );
#4175 = ORIENTED_EDGE('',*,*,#4176,.T.);
#4176 = EDGE_CURVE('',#4149,#4177,#4179,.T.);
#4177 = VERTEX_POINT('',#4178);
#4178 = CARTESIAN_POINT('',(0.51,0.595,-0.355));
#4179 = SURFACE_CURVE('',#4180,(#4185,#4192),.PCURVE_S1.);
#4180 = CIRCLE('',#4181,2.5E-02);
#4181 = AXIS2_PLACEMENT_3D('',#4182,#4183,#4184);
#4182 = CARTESIAN_POINT('',(0.485,0.595,-0.355));
#4183 = DIRECTION('',(-6.505213034913E-15,0.,-1.));
#4184 = DIRECTION('',(1.,0.,-6.505213034913E-15));
#4185 = PCURVE('',#2760,#4186);
#4186 = DEFINITIONAL_REPRESENTATION('',(#4187),#4191);
#4187 = CIRCLE('',#4188,2.5E-02);
#4188 = AXIS2_PLACEMENT_2D('',#4189,#4190);
#4189 = CARTESIAN_POINT('',(0.,1.19));
#4190 = DIRECTION('',(-1.,0.));
#4191 = ( GEOMETRIC_REPRESENTATION_CONTEXT(2) 
PARAMETRIC_REPRESENTATION_CONTEXT() REPRESENTATION_CONTEXT('2D SPACE',''
  ) );
#4192 = PCURVE('',#4193,#4198);
#4193 = CYLINDRICAL_SURFACE('',#4194,2.5E-02);
#4194 = AXIS2_PLACEMENT_3D('',#4195,#4196,#4197);
#4195 = CARTESIAN_POINT('',(0.485,0.595,-0.355125000056));
#4196 = DIRECTION('',(6.505213034913E-15,0.,1.));
#4197 = DIRECTION('',(1.,0.,-6.505213034913E-15));
#4198 = DEFINITIONAL_REPRESENTATION('',(#4199),#4203);
#4199 = LINE('',#4200,#4201);
#4200 = CARTESIAN_POINT('',(6.28318530718,1.25000056483E-04));
#4201 = VECTOR('',#4202,1.);
#4202 = DIRECTION('',(-1.,0.));
#4203 = ( GEOMETRIC_REPRESENTATION_CONTEXT(2) 
PARAMETRIC_REPRESENTATION_CONTEXT() REPRESENTATION_CONTEXT('2D SPACE',''
  ) );
#4204 = ORIENTED_EDGE('',*,*,#4205,.T.);
#4205 = EDGE_CURVE('',#4177,#4206,#4208,.T.);
#4206 = VERTEX_POINT('',#4207);
#4207 = CARTESIAN_POINT('',(0.51,0.57,-0.355));
#4208 = SURFACE_CURVE('',#4209,(#4213,#4220),.PCURVE_S1.);
#4209 = LINE('',#4210,#4211);
#4210 = CARTESIAN_POINT('',(0.51,0.595,-0.355));
#4211 = VECTOR('',#4212,1.);
#4212 = DIRECTION('',(0.,-1.,0.));
#4213 = PCURVE('',#2760,#4214);
#4214 = DEFINITIONAL_REPRESENTATION('',(#4215),#4219);
#4215 = LINE('',#4216,#4217);
#4216 = CARTESIAN_POINT('',(-2.5E-02,1.19));
#4217 = VECTOR('',#4218,1.);
#4218 = DIRECTION('',(0.,-1.));
#4219 = ( GEOMETRIC_REPRESENTATION_CONTEXT(2) 
PARAMETRIC_REPRESENTATION_CONTEXT() REPRESENTATION_CONTEXT('2D SPACE',''
  ) );
#4220 = PCURVE('',#4221,#4226);
#4221 = PLANE('',#4222);
#4222 = AXIS2_PLACEMENT_3D('',#4223,#4224,#4225);
#4223 = CARTESIAN_POINT('',(0.51,0.595,-0.355125000056));
#4224 = DIRECTION('',(-1.,0.,6.982962677686E-15));
#4225 = DIRECTION('',(0.,1.,0.));
#4226 = DEFINITIONAL_REPRESENTATION('',(#4227),#4231);
#4227 = LINE('',#4228,#4229);
#4228 = CARTESIAN_POINT('',(0.,-1.250000564836E-04));
#4229 = VECTOR('',#4230,1.);
#4230 = DIRECTION('',(-1.,-0.));
#4231 = ( GEOMETRIC_REPRESENTATION_CONTEXT(2) 
PARAMETRIC_REPRESENTATION_CONTEXT() REPRESENTATION_CONTEXT('2D SPACE',''
  ) );
#4232 = ORIENTED_EDGE('',*,*,#4233,.T.);
#4233 = EDGE_CURVE('',#4206,#4234,#4236,.T.);
#4234 = VERTEX_POINT('',#4235);
#4235 = CARTESIAN_POINT('',(0.56,0.52,-0.355));
#4236 = SURFACE_CURVE('',#4237,(#4242,#4253),.PCURVE_S1.);
#4237 = CIRCLE('',#4238,5.E-02);
#4238 = AXIS2_PLACEMENT_3D('',#4239,#4240,#4241);
#4239 = CARTESIAN_POINT('',(0.56,0.57,-0.355));
#4240 = DIRECTION('',(6.505213034913E-15,0.,1.));
#4241 = DIRECTION('',(1.,0.,-6.505213034913E-15));
#4242 = PCURVE('',#2760,#4243);
#4243 = DEFINITIONAL_REPRESENTATION('',(#4244),#4252);
#4244 = ( BOUNDED_CURVE() B_SPLINE_CURVE(2,(#4245,#4246,#4247,#4248,
#4249,#4250,#4251),.UNSPECIFIED.,.T.,.F.) B_SPLINE_CURVE_WITH_KNOTS((1,2
    ,2,2,2,1),(-2.094395102393,0.,2.094395102393,4.188790204786,
6.28318530718,8.377580409573),.UNSPECIFIED.) CURVE() 
GEOMETRIC_REPRESENTATION_ITEM() RATIONAL_B_SPLINE_CURVE((1.,0.5,1.,0.5,
1.,0.5,1.)) REPRESENTATION_ITEM('') );
#4245 = CARTESIAN_POINT('',(-0.125,1.165));
#4246 = CARTESIAN_POINT('',(-0.125,1.251602540378));
#4247 = CARTESIAN_POINT('',(-5.E-02,1.208301270189));
#4248 = CARTESIAN_POINT('',(2.5E-02,1.165));
#4249 = CARTESIAN_POINT('',(-5.E-02,1.121698729811));
#4250 = CARTESIAN_POINT('',(-0.125,1.078397459622));
#4251 = CARTESIAN_POINT('',(-0.125,1.165));
#4252 = ( GEOMETRIC_REPRESENTATION_CONTEXT(2) 
PARAMETRIC_REPRESENTATION_CONTEXT() REPRESENTATION_CONTEXT('2D SPACE',''
  ) );
#4253 = PCURVE('',#4254,#4259);
#4254 = CYLINDRICAL_SURFACE('',#4255,5.E-02);
#4255 = AXIS2_PLACEMENT_3D('',#4256,#4257,#4258);
#4256 = CARTESIAN_POINT('',(0.56,0.57,-0.355125000056));
#4257 = DIRECTION('',(6.505213034913E-15,0.,1.));
#4258 = DIRECTION('',(1.,0.,-6.505213034913E-15));
#4259 = DEFINITIONAL_REPRESENTATION('',(#4260),#4264);
#4260 = LINE('',#4261,#4262);
#4261 = CARTESIAN_POINT('',(0.,1.250000564836E-04));
#4262 = VECTOR('',#4263,1.);
#4263 = DIRECTION('',(1.,0.));
#4264 = ( GEOMETRIC_REPRESENTATION_CONTEXT(2) 
PARAMETRIC_REPRESENTATION_CONTEXT() REPRESENTATION_CONTEXT('2D SPACE',''
  ) );
#4265 = ORIENTED_EDGE('',*,*,#4266,.T.);
#4266 = EDGE_CURVE('',#4234,#4267,#4269,.T.);
#4267 = VERTEX_POINT('',#4268);
#4268 = CARTESIAN_POINT('',(0.635,0.52,-0.355));
#4269 = SURFACE_CURVE('',#4270,(#4274,#4281),.PCURVE_S1.);
#4270 = LINE('',#4271,#4272);
#4271 = CARTESIAN_POINT('',(0.635,0.52,-0.355));
#4272 = VECTOR('',#4273,1.);
#4273 = DIRECTION('',(1.,0.,-6.982962677686E-15));
#4274 = PCURVE('',#2760,#4275);
#4275 = DEFINITIONAL_REPRESENTATION('',(#4276),#4280);
#4276 = LINE('',#4277,#4278);
#4277 = CARTESIAN_POINT('',(-0.15,1.115));
#4278 = VECTOR('',#4279,1.);
#4279 = DIRECTION('',(-1.,0.));
#4280 = ( GEOMETRIC_REPRESENTATION_CONTEXT(2) 
PARAMETRIC_REPRESENTATION_CONTEXT() REPRESENTATION_CONTEXT('2D SPACE',''
  ) );
#4281 = PCURVE('',#4282,#4287);
#4282 = PLANE('',#4283);
#4283 = AXIS2_PLACEMENT_3D('',#4284,#4285,#4286);
#4284 = CARTESIAN_POINT('',(0.56,0.52,-0.355125000056));
#4285 = DIRECTION('',(0.,-1.,0.));
#4286 = DIRECTION('',(0.,0.,-1.));
#4287 = DEFINITIONAL_REPRESENTATION('',(#4288),#4292);
#4288 = LINE('',#4289,#4290);
#4289 = CARTESIAN_POINT('',(-1.25000056479E-04,7.5E-02));
#4290 = VECTOR('',#4291,1.);
#4291 = DIRECTION('',(6.982962677686E-15,1.));
#4292 = ( GEOMETRIC_REPRESENTATION_CONTEXT(2) 
PARAMETRIC_REPRESENTATION_CONTEXT() REPRESENTATION_CONTEXT('2D SPACE',''
  ) );
#4293 = ORIENTED_EDGE('',*,*,#4294,.T.);
#4294 = EDGE_CURVE('',#4267,#4295,#4297,.T.);
#4295 = VERTEX_POINT('',#4296);
#4296 = CARTESIAN_POINT('',(0.66,0.495,-0.355));
#4297 = SURFACE_CURVE('',#4298,(#4303,#4310),.PCURVE_S1.);
#4298 = CIRCLE('',#4299,2.5E-02);
#4299 = AXIS2_PLACEMENT_3D('',#4300,#4301,#4302);
#4300 = CARTESIAN_POINT('',(0.635,0.495,-0.355));
#4301 = DIRECTION('',(-6.505213034913E-15,0.,-1.));
#4302 = DIRECTION('',(-1.,0.,6.505213034913E-15));
#4303 = PCURVE('',#2760,#4304);
#4304 = DEFINITIONAL_REPRESENTATION('',(#4305),#4309);
#4305 = CIRCLE('',#4306,2.5E-02);
#4306 = AXIS2_PLACEMENT_2D('',#4307,#4308);
#4307 = CARTESIAN_POINT('',(-0.15,1.09));
#4308 = DIRECTION('',(1.,0.));
#4309 = ( GEOMETRIC_REPRESENTATION_CONTEXT(2) 
PARAMETRIC_REPRESENTATION_CONTEXT() REPRESENTATION_CONTEXT('2D SPACE',''
  ) );
#4310 = PCURVE('',#4311,#4316);
#4311 = CYLINDRICAL_SURFACE('',#4312,2.5E-02);
#4312 = AXIS2_PLACEMENT_3D('',#4313,#4314,#4315);
#4313 = CARTESIAN_POINT('',(0.635,0.495,-0.355125000056));
#4314 = DIRECTION('',(6.505213034913E-15,0.,1.));
#4315 = DIRECTION('',(1.,0.,-6.505213034913E-15));
#4316 = DEFINITIONAL_REPRESENTATION('',(#4317),#4321);
#4317 = LINE('',#4318,#4319);
#4318 = CARTESIAN_POINT('',(3.14159265359,1.250000564795E-04));
#4319 = VECTOR('',#4320,1.);
#4320 = DIRECTION('',(-1.,0.));
#4321 = ( GEOMETRIC_REPRESENTATION_CONTEXT(2) 
PARAMETRIC_REPRESENTATION_CONTEXT() REPRESENTATION_CONTEXT('2D SPACE',''
  ) );
#4322 = ORIENTED_EDGE('',*,*,#4323,.T.);
#4323 = EDGE_CURVE('',#4295,#4324,#4326,.T.);
#4324 = VERTEX_POINT('',#4325);
#4325 = CARTESIAN_POINT('',(0.66,0.345,-0.355));
#4326 = SURFACE_CURVE('',#4327,(#4331,#4338),.PCURVE_S1.);
#4327 = LINE('',#4328,#4329);
#4328 = CARTESIAN_POINT('',(0.66,0.495,-0.355));
#4329 = VECTOR('',#4330,1.);
#4330 = DIRECTION('',(0.,-1.,0.));
#4331 = PCURVE('',#2760,#4332);
#4332 = DEFINITIONAL_REPRESENTATION('',(#4333),#4337);
#4333 = LINE('',#4334,#4335);
#4334 = CARTESIAN_POINT('',(-0.175,1.09));
#4335 = VECTOR('',#4336,1.);
#4336 = DIRECTION('',(0.,-1.));
#4337 = ( GEOMETRIC_REPRESENTATION_CONTEXT(2) 
PARAMETRIC_REPRESENTATION_CONTEXT() REPRESENTATION_CONTEXT('2D SPACE',''
  ) );
#4338 = PCURVE('',#4339,#4344);
#4339 = PLANE('',#4340);
#4340 = AXIS2_PLACEMENT_3D('',#4341,#4342,#4343);
#4341 = CARTESIAN_POINT('',(0.66,0.495,-0.355125000056));
#4342 = DIRECTION('',(-1.,0.,6.982962677686E-15));
#4343 = DIRECTION('',(0.,1.,0.));
#4344 = DEFINITIONAL_REPRESENTATION('',(#4345),#4349);
#4345 = LINE('',#4346,#4347);
#4346 = CARTESIAN_POINT('',(0.,-1.2500005648E-04));
#4347 = VECTOR('',#4348,1.);
#4348 = DIRECTION('',(-1.,-0.));
#4349 = ( GEOMETRIC_REPRESENTATION_CONTEXT(2) 
PARAMETRIC_REPRESENTATION_CONTEXT() REPRESENTATION_CONTEXT('2D SPACE',''
  ) );
#4350 = ORIENTED_EDGE('',*,*,#4351,.T.);
#4351 = EDGE_CURVE('',#4324,#4352,#4354,.T.);
#4352 = VERTEX_POINT('',#4353);
#4353 = CARTESIAN_POINT('',(0.635,0.32,-0.355));
#4354 = SURFACE_CURVE('',#4355,(#4360,#4367),.PCURVE_S1.);
#4355 = CIRCLE('',#4356,2.5E-02);
#4356 = AXIS2_PLACEMENT_3D('',#4357,#4358,#4359);
#4357 = CARTESIAN_POINT('',(0.635,0.345,-0.355));
#4358 = DIRECTION('',(-6.505213034913E-15,0.,-1.));
#4359 = DIRECTION('',(1.,0.,-6.505213034913E-15));
#4360 = PCURVE('',#2760,#4361);
#4361 = DEFINITIONAL_REPRESENTATION('',(#4362),#4366);
#4362 = CIRCLE('',#4363,2.5E-02);
#4363 = AXIS2_PLACEMENT_2D('',#4364,#4365);
#4364 = CARTESIAN_POINT('',(-0.15,0.94));
#4365 = DIRECTION('',(-1.,0.));
#4366 = ( GEOMETRIC_REPRESENTATION_CONTEXT(2) 
PARAMETRIC_REPRESENTATION_CONTEXT() REPRESENTATION_CONTEXT('2D SPACE',''
  ) );
#4367 = PCURVE('',#4368,#4373);
#4368 = CYLINDRICAL_SURFACE('',#4369,2.5E-02);
#4369 = AXIS2_PLACEMENT_3D('',#4370,#4371,#4372);
#4370 = CARTESIAN_POINT('',(0.635,0.345,-0.355125000056));
#4371 = DIRECTION('',(6.505213034913E-15,0.,1.));
#4372 = DIRECTION('',(1.,0.,-6.505213034913E-15));
#4373 = DEFINITIONAL_REPRESENTATION('',(#4374),#4378);
#4374 = LINE('',#4375,#4376);
#4375 = CARTESIAN_POINT('',(6.28318530718,1.250000564795E-04));
#4376 = VECTOR('',#4377,1.);
#4377 = DIRECTION('',(-1.,0.));
#4378 = ( GEOMETRIC_REPRESENTATION_CONTEXT(2) 
PARAMETRIC_REPRESENTATION_CONTEXT() REPRESENTATION_CONTEXT('2D SPACE',''
  ) );
#4379 = ORIENTED_EDGE('',*,*,#4380,.T.);
#4380 = EDGE_CURVE('',#4352,#4381,#4383,.T.);
#4381 = VERTEX_POINT('',#4382);
#4382 = CARTESIAN_POINT('',(0.581055512755,0.32,-0.355));
#4383 = SURFACE_CURVE('',#4384,(#4388,#4395),.PCURVE_S1.);
#4384 = LINE('',#4385,#4386);
#4385 = CARTESIAN_POINT('',(0.635,0.32,-0.355));
#4386 = VECTOR('',#4387,1.);
#4387 = DIRECTION('',(-1.,0.,6.982962677686E-15));
#4388 = PCURVE('',#2760,#4389);
#4389 = DEFINITIONAL_REPRESENTATION('',(#4390),#4394);
#4390 = LINE('',#4391,#4392);
#4391 = CARTESIAN_POINT('',(-0.15,0.915));
#4392 = VECTOR('',#4393,1.);
#4393 = DIRECTION('',(1.,0.));
#4394 = ( GEOMETRIC_REPRESENTATION_CONTEXT(2) 
PARAMETRIC_REPRESENTATION_CONTEXT() REPRESENTATION_CONTEXT('2D SPACE',''
  ) );
#4395 = PCURVE('',#4396,#4401);
#4396 = PLANE('',#4397);
#4397 = AXIS2_PLACEMENT_3D('',#4398,#4399,#4400);
#4398 = CARTESIAN_POINT('',(0.581055512755,0.32,-0.355125000056));
#4399 = DIRECTION('',(-0.,1.,0.));
#4400 = DIRECTION('',(1.,0.,0.));
#4401 = DEFINITIONAL_REPRESENTATION('',(#4402),#4406);
#4402 = LINE('',#4403,#4404);
#4403 = CARTESIAN_POINT('',(5.394448724536E-02,-1.250000564795E-04));
#4404 = VECTOR('',#4405,1.);
#4405 = DIRECTION('',(-1.,-6.982962677686E-15));
#4406 = ( GEOMETRIC_REPRESENTATION_CONTEXT(2) 
PARAMETRIC_REPRESENTATION_CONTEXT() REPRESENTATION_CONTEXT('2D SPACE',''
  ) );
#4407 = ORIENTED_EDGE('',*,*,#4408,.T.);
#4408 = EDGE_CURVE('',#4381,#4409,#4411,.T.);
#4409 = VERTEX_POINT('',#4410);
#4410 = CARTESIAN_POINT('',(0.568178543914,0.323571428571,-0.355));
#4411 = SURFACE_CURVE('',#4412,(#4417,#4424),.PCURVE_S1.);
#4412 = CIRCLE('',#4413,2.5E-02);
#4413 = AXIS2_PLACEMENT_3D('',#4414,#4415,#4416);
#4414 = CARTESIAN_POINT('',(0.581055512755,0.345,-0.355));
#4415 = DIRECTION('',(-6.505213034913E-15,0.,-1.));
#4416 = DIRECTION('',(-1.,0.,6.505213034913E-15));
#4417 = PCURVE('',#2760,#4418);
#4418 = DEFINITIONAL_REPRESENTATION('',(#4419),#4423);
#4419 = CIRCLE('',#4420,2.5E-02);
#4420 = AXIS2_PLACEMENT_2D('',#4421,#4422);
#4421 = CARTESIAN_POINT('',(-9.605551275464E-02,0.94));
#4422 = DIRECTION('',(1.,0.));
#4423 = ( GEOMETRIC_REPRESENTATION_CONTEXT(2) 
PARAMETRIC_REPRESENTATION_CONTEXT() REPRESENTATION_CONTEXT('2D SPACE',''
  ) );
#4424 = PCURVE('',#4425,#4430);
#4425 = CYLINDRICAL_SURFACE('',#4426,2.5E-02);
#4426 = AXIS2_PLACEMENT_3D('',#4427,#4428,#4429);
#4427 = CARTESIAN_POINT('',(0.581055512755,0.345,-0.355125000056));
#4428 = DIRECTION('',(6.505213034913E-15,0.,1.));
#4429 = DIRECTION('',(1.,0.,-6.505213034913E-15));
#4430 = DEFINITIONAL_REPRESENTATION('',(#4431),#4435);
#4431 = LINE('',#4432,#4433);
#4432 = CARTESIAN_POINT('',(9.424777960769,1.250000564835E-04));
#4433 = VECTOR('',#4434,1.);
#4434 = DIRECTION('',(-1.,1.025895395733E-16));
#4435 = ( GEOMETRIC_REPRESENTATION_CONTEXT(2) 
PARAMETRIC_REPRESENTATION_CONTEXT() REPRESENTATION_CONTEXT('2D SPACE',''
  ) );
#4436 = ORIENTED_EDGE('',*,*,#4437,.T.);
#4437 = EDGE_CURVE('',#4409,#4438,#4440,.T.);
#4438 = VERTEX_POINT('',#4439);
#4439 = CARTESIAN_POINT('',(0.568178543914,0.246428571429,-0.355));
#4440 = SURFACE_CURVE('',#4441,(#4446,#4457),.PCURVE_S1.);
#4441 = CIRCLE('',#4442,4.5E-02);
#4442 = AXIS2_PLACEMENT_3D('',#4443,#4444,#4445);
#4443 = CARTESIAN_POINT('',(0.545,0.285,-0.355));
#4444 = DIRECTION('',(7.228014483237E-15,0.,1.));
#4445 = DIRECTION('',(-1.,0.,7.228014483237E-15));
#4446 = PCURVE('',#2760,#4447);
#4447 = DEFINITIONAL_REPRESENTATION('',(#4448),#4456);
#4448 = ( BOUNDED_CURVE() B_SPLINE_CURVE(2,(#4449,#4450,#4451,#4452,
#4453,#4454,#4455),.UNSPECIFIED.,.T.,.F.) B_SPLINE_CURVE_WITH_KNOTS((1,2
    ,2,2,2,1),(-2.094395102393,0.,2.094395102393,4.188790204786,
6.28318530718,8.377580409573),.UNSPECIFIED.) CURVE() 
GEOMETRIC_REPRESENTATION_ITEM() RATIONAL_B_SPLINE_CURVE((1.,0.5,1.,0.5,
1.,0.5,1.)) REPRESENTATION_ITEM('') );
#4449 = CARTESIAN_POINT('',(-1.5E-02,0.88));
#4450 = CARTESIAN_POINT('',(-1.5E-02,0.802057713659));
#4451 = CARTESIAN_POINT('',(-8.25E-02,0.84102885683));
#4452 = CARTESIAN_POINT('',(-0.15,0.88));
#4453 = CARTESIAN_POINT('',(-8.25E-02,0.91897114317));
#4454 = CARTESIAN_POINT('',(-1.5E-02,0.957942286341));
#4455 = CARTESIAN_POINT('',(-1.5E-02,0.88));
#4456 = ( GEOMETRIC_REPRESENTATION_CONTEXT(2) 
PARAMETRIC_REPRESENTATION_CONTEXT() REPRESENTATION_CONTEXT('2D SPACE',''
  ) );
#4457 = PCURVE('',#4458,#4463);
#4458 = CYLINDRICAL_SURFACE('',#4459,4.5E-02);
#4459 = AXIS2_PLACEMENT_3D('',#4460,#4461,#4462);
#4460 = CARTESIAN_POINT('',(0.545,0.285,-0.355125000056));
#4461 = DIRECTION('',(7.228014483237E-15,0.,1.));
#4462 = DIRECTION('',(1.,0.,-7.228014483237E-15));
#4463 = DEFINITIONAL_REPRESENTATION('',(#4464),#4468);
#4464 = LINE('',#4465,#4466);
#4465 = CARTESIAN_POINT('',(-3.14159265359,1.250000564836E-04));
#4466 = VECTOR('',#4467,1.);
#4467 = DIRECTION('',(1.,0.));
#4468 = ( GEOMETRIC_REPRESENTATION_CONTEXT(2) 
PARAMETRIC_REPRESENTATION_CONTEXT() REPRESENTATION_CONTEXT('2D SPACE',''
  ) );
#4469 = ORIENTED_EDGE('',*,*,#4470,.T.);
#4470 = EDGE_CURVE('',#4438,#4471,#4473,.T.);
#4471 = VERTEX_POINT('',#4472);
#4472 = CARTESIAN_POINT('',(0.581055512755,0.25,-0.355));
#4473 = SURFACE_CURVE('',#4474,(#4479,#4486),.PCURVE_S1.);
#4474 = CIRCLE('',#4475,2.5E-02);
#4475 = AXIS2_PLACEMENT_3D('',#4476,#4477,#4478);
#4476 = CARTESIAN_POINT('',(0.581055512755,0.225,-0.355));
#4477 = DIRECTION('',(-6.505213034913E-15,0.,-1.));
#4478 = DIRECTION('',(1.,0.,-6.505213034913E-15));
#4479 = PCURVE('',#2760,#4480);
#4480 = DEFINITIONAL_REPRESENTATION('',(#4481),#4485);
#4481 = CIRCLE('',#4482,2.5E-02);
#4482 = AXIS2_PLACEMENT_2D('',#4483,#4484);
#4483 = CARTESIAN_POINT('',(-9.605551275464E-02,0.82));
#4484 = DIRECTION('',(-1.,0.));
#4485 = ( GEOMETRIC_REPRESENTATION_CONTEXT(2) 
PARAMETRIC_REPRESENTATION_CONTEXT() REPRESENTATION_CONTEXT('2D SPACE',''
  ) );
#4486 = PCURVE('',#4487,#4492);
#4487 = CYLINDRICAL_SURFACE('',#4488,2.5E-02);
#4488 = AXIS2_PLACEMENT_3D('',#4489,#4490,#4491);
#4489 = CARTESIAN_POINT('',(0.581055512755,0.225,-0.355125000056));
#4490 = DIRECTION('',(6.505213034913E-15,0.,1.));
#4491 = DIRECTION('',(1.,0.,-6.505213034913E-15));
#4492 = DEFINITIONAL_REPRESENTATION('',(#4493),#4497);
#4493 = LINE('',#4494,#4495);
#4494 = CARTESIAN_POINT('',(6.28318530718,1.250000564845E-04));
#4495 = VECTOR('',#4496,1.);
#4496 = DIRECTION('',(-1.,-1.025895395733E-16));
#4497 = ( GEOMETRIC_REPRESENTATION_CONTEXT(2) 
PARAMETRIC_REPRESENTATION_CONTEXT() REPRESENTATION_CONTEXT('2D SPACE',''
  ) );
#4498 = ORIENTED_EDGE('',*,*,#4499,.T.);
#4499 = EDGE_CURVE('',#4471,#4500,#4502,.T.);
#4500 = VERTEX_POINT('',#4501);
#4501 = CARTESIAN_POINT('',(0.635,0.25,-0.355));
#4502 = SURFACE_CURVE('',#4503,(#4507,#4514),.PCURVE_S1.);
#4503 = LINE('',#4504,#4505);
#4504 = CARTESIAN_POINT('',(0.635,0.25,-0.355));
#4505 = VECTOR('',#4506,1.);
#4506 = DIRECTION('',(1.,0.,-6.982962677686E-15));
#4507 = PCURVE('',#2760,#4508);
#4508 = DEFINITIONAL_REPRESENTATION('',(#4509),#4513);
#4509 = LINE('',#4510,#4511);
#4510 = CARTESIAN_POINT('',(-0.15,0.845));
#4511 = VECTOR('',#4512,1.);
#4512 = DIRECTION('',(-1.,0.));
#4513 = ( GEOMETRIC_REPRESENTATION_CONTEXT(2) 
PARAMETRIC_REPRESENTATION_CONTEXT() REPRESENTATION_CONTEXT('2D SPACE',''
  ) );
#4514 = PCURVE('',#4515,#4520);
#4515 = PLANE('',#4516);
#4516 = AXIS2_PLACEMENT_3D('',#4517,#4518,#4519);
#4517 = CARTESIAN_POINT('',(0.581055512755,0.25,-0.355125000056));
#4518 = DIRECTION('',(0.,-1.,0.));
#4519 = DIRECTION('',(0.,0.,-1.));
#4520 = DEFINITIONAL_REPRESENTATION('',(#4521),#4525);
#4521 = LINE('',#4522,#4523);
#4522 = CARTESIAN_POINT('',(-1.250000564795E-04,5.394448724536E-02));
#4523 = VECTOR('',#4524,1.);
#4524 = DIRECTION('',(6.982962677686E-15,1.));
#4525 = ( GEOMETRIC_REPRESENTATION_CONTEXT(2) 
PARAMETRIC_REPRESENTATION_CONTEXT() REPRESENTATION_CONTEXT('2D SPACE',''
  ) );
#4526 = ORIENTED_EDGE('',*,*,#4527,.T.);
#4527 = EDGE_CURVE('',#4500,#4528,#4530,.T.);
#4528 = VERTEX_POINT('',#4529);
#4529 = CARTESIAN_POINT('',(0.66,0.225,-0.355));
#4530 = SURFACE_CURVE('',#4531,(#4536,#4543),.PCURVE_S1.);
#4531 = CIRCLE('',#4532,2.5E-02);
#4532 = AXIS2_PLACEMENT_3D('',#4533,#4534,#4535);
#4533 = CARTESIAN_POINT('',(0.635,0.225,-0.355));
#4534 = DIRECTION('',(-6.505213034913E-15,0.,-1.));
#4535 = DIRECTION('',(-1.,0.,6.505213034913E-15));
#4536 = PCURVE('',#2760,#4537);
#4537 = DEFINITIONAL_REPRESENTATION('',(#4538),#4542);
#4538 = CIRCLE('',#4539,2.5E-02);
#4539 = AXIS2_PLACEMENT_2D('',#4540,#4541);
#4540 = CARTESIAN_POINT('',(-0.15,0.82));
#4541 = DIRECTION('',(1.,0.));
#4542 = ( GEOMETRIC_REPRESENTATION_CONTEXT(2) 
PARAMETRIC_REPRESENTATION_CONTEXT() REPRESENTATION_CONTEXT('2D SPACE',''
  ) );
#4543 = PCURVE('',#4544,#4549);
#4544 = CYLINDRICAL_SURFACE('',#4545,2.5E-02);
#4545 = AXIS2_PLACEMENT_3D('',#4546,#4547,#4548);
#4546 = CARTESIAN_POINT('',(0.635,0.225,-0.355125000056));
#4547 = DIRECTION('',(6.505213034913E-15,0.,1.));
#4548 = DIRECTION('',(1.,0.,-6.505213034913E-15));
#4549 = DEFINITIONAL_REPRESENTATION('',(#4550),#4554);
#4550 = LINE('',#4551,#4552);
#4551 = CARTESIAN_POINT('',(3.14159265359,1.250000564795E-04));
#4552 = VECTOR('',#4553,1.);
#4553 = DIRECTION('',(-1.,0.));
#4554 = ( GEOMETRIC_REPRESENTATION_CONTEXT(2) 
PARAMETRIC_REPRESENTATION_CONTEXT() REPRESENTATION_CONTEXT('2D SPACE',''
  ) );
#4555 = ORIENTED_EDGE('',*,*,#4556,.T.);
#4556 = EDGE_CURVE('',#4528,#4557,#4559,.T.);
#4557 = VERTEX_POINT('',#4558);
#4558 = CARTESIAN_POINT('',(0.66,6.E-02,-0.355));
#4559 = SURFACE_CURVE('',#4560,(#4564,#4571),.PCURVE_S1.);
#4560 = LINE('',#4561,#4562);
#4561 = CARTESIAN_POINT('',(0.66,0.225,-0.355));
#4562 = VECTOR('',#4563,1.);
#4563 = DIRECTION('',(0.,-1.,0.));
#4564 = PCURVE('',#2760,#4565);
#4565 = DEFINITIONAL_REPRESENTATION('',(#4566),#4570);
#4566 = LINE('',#4567,#4568);
#4567 = CARTESIAN_POINT('',(-0.175,0.82));
#4568 = VECTOR('',#4569,1.);
#4569 = DIRECTION('',(0.,-1.));
#4570 = ( GEOMETRIC_REPRESENTATION_CONTEXT(2) 
PARAMETRIC_REPRESENTATION_CONTEXT() REPRESENTATION_CONTEXT('2D SPACE',''
  ) );
#4571 = PCURVE('',#4572,#4577);
#4572 = PLANE('',#4573);
#4573 = AXIS2_PLACEMENT_3D('',#4574,#4575,#4576);
#4574 = CARTESIAN_POINT('',(0.66,0.225,-0.355125000056));
#4575 = DIRECTION('',(-1.,0.,6.982962677686E-15));
#4576 = DIRECTION('',(0.,1.,0.));
#4577 = DEFINITIONAL_REPRESENTATION('',(#4578),#4582);
#4578 = LINE('',#4579,#4580);
#4579 = CARTESIAN_POINT('',(0.,-1.2500005648E-04));
#4580 = VECTOR('',#4581,1.);
#4581 = DIRECTION('',(-1.,-0.));
#4582 = ( GEOMETRIC_REPRESENTATION_CONTEXT(2) 
PARAMETRIC_REPRESENTATION_CONTEXT() REPRESENTATION_CONTEXT('2D SPACE',''
  ) );
#4583 = ORIENTED_EDGE('',*,*,#4584,.T.);
#4584 = EDGE_CURVE('',#4557,#4585,#4587,.T.);
#4585 = VERTEX_POINT('',#4586);
#4586 = CARTESIAN_POINT('',(0.635,3.5E-02,-0.355));
#4587 = SURFACE_CURVE('',#4588,(#4593,#4600),.PCURVE_S1.);
#4588 = CIRCLE('',#4589,2.5E-02);
#4589 = AXIS2_PLACEMENT_3D('',#4590,#4591,#4592);
#4590 = CARTESIAN_POINT('',(0.635,6.E-02,-0.355));
#4591 = DIRECTION('',(-6.505213034913E-15,0.,-1.));
#4592 = DIRECTION('',(1.,0.,-6.505213034913E-15));
#4593 = PCURVE('',#2760,#4594);
#4594 = DEFINITIONAL_REPRESENTATION('',(#4595),#4599);
#4595 = CIRCLE('',#4596,2.5E-02);
#4596 = AXIS2_PLACEMENT_2D('',#4597,#4598);
#4597 = CARTESIAN_POINT('',(-0.15,0.655));
#4598 = DIRECTION('',(-1.,0.));
#4599 = ( GEOMETRIC_REPRESENTATION_CONTEXT(2) 
PARAMETRIC_REPRESENTATION_CONTEXT() REPRESENTATION_CONTEXT('2D SPACE',''
  ) );
#4600 = PCURVE('',#4601,#4606);
#4601 = CYLINDRICAL_SURFACE('',#4602,2.5E-02);
#4602 = AXIS2_PLACEMENT_3D('',#4603,#4604,#4605);
#4603 = CARTESIAN_POINT('',(0.635,6.E-02,-0.355125000056));
#4604 = DIRECTION('',(6.505213034913E-15,0.,1.));
#4605 = DIRECTION('',(1.,0.,-6.505213034913E-15));
#4606 = DEFINITIONAL_REPRESENTATION('',(#4607),#4611);
#4607 = LINE('',#4608,#4609);
#4608 = CARTESIAN_POINT('',(6.28318530718,1.250000564795E-04));
#4609 = VECTOR('',#4610,1.);
#4610 = DIRECTION('',(-1.,0.));
#4611 = ( GEOMETRIC_REPRESENTATION_CONTEXT(2) 
PARAMETRIC_REPRESENTATION_CONTEXT() REPRESENTATION_CONTEXT('2D SPACE',''
  ) );
#4612 = ORIENTED_EDGE('',*,*,#4613,.T.);
#4613 = EDGE_CURVE('',#4585,#4614,#4616,.T.);
#4614 = VERTEX_POINT('',#4615);
#4615 = CARTESIAN_POINT('',(0.481055512755,3.5E-02,-0.355));
#4616 = SURFACE_CURVE('',#4617,(#4621,#4628),.PCURVE_S1.);
#4617 = LINE('',#4618,#4619);
#4618 = CARTESIAN_POINT('',(0.635,3.5E-02,-0.355));
#4619 = VECTOR('',#4620,1.);
#4620 = DIRECTION('',(-1.,-4.401757866934E-17,6.982962677686E-15));
#4621 = PCURVE('',#2760,#4622);
#4622 = DEFINITIONAL_REPRESENTATION('',(#4623),#4627);
#4623 = LINE('',#4624,#4625);
#4624 = CARTESIAN_POINT('',(-0.15,0.63));
#4625 = VECTOR('',#4626,1.);
#4626 = DIRECTION('',(1.,-4.401757866934E-17));
#4627 = ( GEOMETRIC_REPRESENTATION_CONTEXT(2) 
PARAMETRIC_REPRESENTATION_CONTEXT() REPRESENTATION_CONTEXT('2D SPACE',''
  ) );
#4628 = PCURVE('',#4629,#4634);
#4629 = PLANE('',#4630);
#4630 = AXIS2_PLACEMENT_3D('',#4631,#4632,#4633);
#4631 = CARTESIAN_POINT('',(0.481055512755,3.5E-02,-0.355125000056));
#4632 = DIRECTION('',(-4.401757866934E-17,1.,3.073731090101E-31));
#4633 = DIRECTION('',(1.,4.401757866934E-17,0.));
#4634 = DEFINITIONAL_REPRESENTATION('',(#4635),#4639);
#4635 = LINE('',#4636,#4637);
#4636 = CARTESIAN_POINT('',(0.153944487245,-1.250000564785E-04));
#4637 = VECTOR('',#4638,1.);
#4638 = DIRECTION('',(-1.,-6.982962677686E-15));
#4639 = ( GEOMETRIC_REPRESENTATION_CONTEXT(2) 
PARAMETRIC_REPRESENTATION_CONTEXT() REPRESENTATION_CONTEXT('2D SPACE',''
  ) );
#4640 = ORIENTED_EDGE('',*,*,#4641,.T.);
#4641 = EDGE_CURVE('',#4614,#4642,#4644,.T.);
#4642 = VERTEX_POINT('',#4643);
#4643 = CARTESIAN_POINT('',(0.468178543914,3.857142857143E-02,-0.355));
#4644 = SURFACE_CURVE('',#4645,(#4650,#4657),.PCURVE_S1.);
#4645 = CIRCLE('',#4646,2.5E-02);
#4646 = AXIS2_PLACEMENT_3D('',#4647,#4648,#4649);
#4647 = CARTESIAN_POINT('',(0.481055512755,6.E-02,-0.355));
#4648 = DIRECTION('',(-6.505213034913E-15,0.,-1.));
#4649 = DIRECTION('',(-1.,0.,6.505213034913E-15));
#4650 = PCURVE('',#2760,#4651);
#4651 = DEFINITIONAL_REPRESENTATION('',(#4652),#4656);
#4652 = CIRCLE('',#4653,2.5E-02);
#4653 = AXIS2_PLACEMENT_2D('',#4654,#4655);
#4654 = CARTESIAN_POINT('',(3.944487245363E-03,0.655));
#4655 = DIRECTION('',(1.,0.));
#4656 = ( GEOMETRIC_REPRESENTATION_CONTEXT(2) 
PARAMETRIC_REPRESENTATION_CONTEXT() REPRESENTATION_CONTEXT('2D SPACE',''
  ) );
#4657 = PCURVE('',#4658,#4663);
#4658 = CYLINDRICAL_SURFACE('',#4659,2.5E-02);
#4659 = AXIS2_PLACEMENT_3D('',#4660,#4661,#4662);
#4660 = CARTESIAN_POINT('',(0.481055512755,6.E-02,-0.355125000056));
#4661 = DIRECTION('',(6.505213034913E-15,0.,1.));
#4662 = DIRECTION('',(1.,0.,-6.505213034913E-15));
#4663 = DEFINITIONAL_REPRESENTATION('',(#4664),#4668);
#4664 = LINE('',#4665,#4666);
#4665 = CARTESIAN_POINT('',(9.424777960769,1.250000564825E-04));
#4666 = VECTOR('',#4667,1.);
#4667 = DIRECTION('',(-1.,1.025895395733E-16));
#4668 = ( GEOMETRIC_REPRESENTATION_CONTEXT(2) 
PARAMETRIC_REPRESENTATION_CONTEXT() REPRESENTATION_CONTEXT('2D SPACE',''
  ) );
#4669 = ORIENTED_EDGE('',*,*,#4670,.T.);
#4670 = EDGE_CURVE('',#4642,#4671,#4673,.T.);
#4671 = VERTEX_POINT('',#4672);
#4672 = CARTESIAN_POINT('',(0.468178543914,-3.857142857143E-02,-0.355));
#4673 = SURFACE_CURVE('',#4674,(#4679,#4690),.PCURVE_S1.);
#4674 = CIRCLE('',#4675,4.5E-02);
#4675 = AXIS2_PLACEMENT_3D('',#4676,#4677,#4678);
#4676 = CARTESIAN_POINT('',(0.445,1.084202172486E-16,-0.355));
#4677 = DIRECTION('',(7.228014483237E-15,0.,1.));
#4678 = DIRECTION('',(-1.,0.,7.228014483237E-15));
#4679 = PCURVE('',#2760,#4680);
#4680 = DEFINITIONAL_REPRESENTATION('',(#4681),#4689);
#4681 = ( BOUNDED_CURVE() B_SPLINE_CURVE(2,(#4682,#4683,#4684,#4685,
#4686,#4687,#4688),.UNSPECIFIED.,.T.,.F.) B_SPLINE_CURVE_WITH_KNOTS((1,2
    ,2,2,2,1),(-2.094395102393,0.,2.094395102393,4.188790204786,
6.28318530718,8.377580409573),.UNSPECIFIED.) CURVE() 
GEOMETRIC_REPRESENTATION_ITEM() RATIONAL_B_SPLINE_CURVE((1.,0.5,1.,0.5,
1.,0.5,1.)) REPRESENTATION_ITEM('') );
#4682 = CARTESIAN_POINT('',(8.5E-02,0.595));
#4683 = CARTESIAN_POINT('',(8.5E-02,0.517057713659));
#4684 = CARTESIAN_POINT('',(1.75E-02,0.55602885683));
#4685 = CARTESIAN_POINT('',(-5.E-02,0.595));
#4686 = CARTESIAN_POINT('',(1.75E-02,0.63397114317));
#4687 = CARTESIAN_POINT('',(8.5E-02,0.672942286341));
#4688 = CARTESIAN_POINT('',(8.5E-02,0.595));
#4689 = ( GEOMETRIC_REPRESENTATION_CONTEXT(2) 
PARAMETRIC_REPRESENTATION_CONTEXT() REPRESENTATION_CONTEXT('2D SPACE',''
  ) );
#4690 = PCURVE('',#4691,#4696);
#4691 = CYLINDRICAL_SURFACE('',#4692,4.5E-02);
#4692 = AXIS2_PLACEMENT_3D('',#4693,#4694,#4695);
#4693 = CARTESIAN_POINT('',(0.445,1.084202172486E-16,-0.355125000056));
#4694 = DIRECTION('',(7.228014483237E-15,0.,1.));
#4695 = DIRECTION('',(1.,0.,-7.228014483237E-15));
#4696 = DEFINITIONAL_REPRESENTATION('',(#4697),#4701);
#4697 = LINE('',#4698,#4699);
#4698 = CARTESIAN_POINT('',(-3.14159265359,1.25000056483E-04));
#4699 = VECTOR('',#4700,1.);
#4700 = DIRECTION('',(1.,0.));
#4701 = ( GEOMETRIC_REPRESENTATION_CONTEXT(2) 
PARAMETRIC_REPRESENTATION_CONTEXT() REPRESENTATION_CONTEXT('2D SPACE',''
  ) );
#4702 = ORIENTED_EDGE('',*,*,#4703,.T.);
#4703 = EDGE_CURVE('',#4671,#4704,#4706,.T.);
#4704 = VERTEX_POINT('',#4705);
#4705 = CARTESIAN_POINT('',(0.481055512755,-3.5E-02,-0.355));
#4706 = SURFACE_CURVE('',#4707,(#4712,#4719),.PCURVE_S1.);
#4707 = CIRCLE('',#4708,2.5E-02);
#4708 = AXIS2_PLACEMENT_3D('',#4709,#4710,#4711);
#4709 = CARTESIAN_POINT('',(0.481055512755,-6.E-02,-0.355));
#4710 = DIRECTION('',(-6.505213034913E-15,0.,-1.));
#4711 = DIRECTION('',(-1.,0.,6.505213034913E-15));
#4712 = PCURVE('',#2760,#4713);
#4713 = DEFINITIONAL_REPRESENTATION('',(#4714),#4718);
#4714 = CIRCLE('',#4715,2.5E-02);
#4715 = AXIS2_PLACEMENT_2D('',#4716,#4717);
#4716 = CARTESIAN_POINT('',(3.944487245363E-03,0.535));
#4717 = DIRECTION('',(1.,0.));
#4718 = ( GEOMETRIC_REPRESENTATION_CONTEXT(2) 
PARAMETRIC_REPRESENTATION_CONTEXT() REPRESENTATION_CONTEXT('2D SPACE',''
  ) );
#4719 = PCURVE('',#4720,#4725);
#4720 = CYLINDRICAL_SURFACE('',#4721,2.5E-02);
#4721 = AXIS2_PLACEMENT_3D('',#4722,#4723,#4724);
#4722 = CARTESIAN_POINT('',(0.481055512755,-6.E-02,-0.355125000056));
#4723 = DIRECTION('',(6.505213034913E-15,0.,1.));
#4724 = DIRECTION('',(1.,0.,-6.505213034913E-15));
#4725 = DEFINITIONAL_REPRESENTATION('',(#4726),#4730);
#4726 = LINE('',#4727,#4728);
#4727 = CARTESIAN_POINT('',(3.14159265359,1.250000564832E-04));
#4728 = VECTOR('',#4729,1.);
#4729 = DIRECTION('',(-1.,-1.025895395733E-16));
#4730 = ( GEOMETRIC_REPRESENTATION_CONTEXT(2) 
PARAMETRIC_REPRESENTATION_CONTEXT() REPRESENTATION_CONTEXT('2D SPACE',''
  ) );
#4731 = ORIENTED_EDGE('',*,*,#4732,.T.);
#4732 = EDGE_CURVE('',#4704,#4733,#4735,.T.);
#4733 = VERTEX_POINT('',#4734);
#4734 = CARTESIAN_POINT('',(0.635,-3.5E-02,-0.355));
#4735 = SURFACE_CURVE('',#4736,(#4740,#4747),.PCURVE_S1.);
#4736 = LINE('',#4737,#4738);
#4737 = CARTESIAN_POINT('',(0.635,-3.5E-02,-0.355));
#4738 = VECTOR('',#4739,1.);
#4739 = DIRECTION('',(1.,-4.401757866934E-17,-6.982962677686E-15));
#4740 = PCURVE('',#2760,#4741);
#4741 = DEFINITIONAL_REPRESENTATION('',(#4742),#4746);
#4742 = LINE('',#4743,#4744);
#4743 = CARTESIAN_POINT('',(-0.15,0.56));
#4744 = VECTOR('',#4745,1.);
#4745 = DIRECTION('',(-1.,-4.401757866934E-17));
#4746 = ( GEOMETRIC_REPRESENTATION_CONTEXT(2) 
PARAMETRIC_REPRESENTATION_CONTEXT() REPRESENTATION_CONTEXT('2D SPACE',''
  ) );
#4747 = PCURVE('',#4748,#4753);
#4748 = PLANE('',#4749);
#4749 = AXIS2_PLACEMENT_3D('',#4750,#4751,#4752);
#4750 = CARTESIAN_POINT('',(0.481055512755,-3.5E-02,-0.355125000056));
#4751 = DIRECTION('',(-8.803515733869E-17,-1.,6.147462180203E-31));
#4752 = DIRECTION('',(-1.,8.803515733869E-17,0.));
#4753 = DEFINITIONAL_REPRESENTATION('',(#4754),#4758);
#4754 = LINE('',#4755,#4756);
#4755 = CARTESIAN_POINT('',(-0.153944487245,-1.250000564785E-04));
#4756 = VECTOR('',#4757,1.);
#4757 = DIRECTION('',(-1.,6.982962677686E-15));
#4758 = ( GEOMETRIC_REPRESENTATION_CONTEXT(2) 
PARAMETRIC_REPRESENTATION_CONTEXT() REPRESENTATION_CONTEXT('2D SPACE',''
  ) );
#4759 = ORIENTED_EDGE('',*,*,#4760,.T.);
#4760 = EDGE_CURVE('',#4733,#4761,#4763,.T.);
#4761 = VERTEX_POINT('',#4762);
#4762 = CARTESIAN_POINT('',(0.66,-6.E-02,-0.355));
#4763 = SURFACE_CURVE('',#4764,(#4769,#4776),.PCURVE_S1.);
#4764 = CIRCLE('',#4765,2.5E-02);
#4765 = AXIS2_PLACEMENT_3D('',#4766,#4767,#4768);
#4766 = CARTESIAN_POINT('',(0.635,-6.E-02,-0.355));
#4767 = DIRECTION('',(-6.505213034913E-15,0.,-1.));
#4768 = DIRECTION('',(-1.,0.,6.505213034913E-15));
#4769 = PCURVE('',#2760,#4770);
#4770 = DEFINITIONAL_REPRESENTATION('',(#4771),#4775);
#4771 = CIRCLE('',#4772,2.5E-02);
#4772 = AXIS2_PLACEMENT_2D('',#4773,#4774);
#4773 = CARTESIAN_POINT('',(-0.15,0.535));
#4774 = DIRECTION('',(1.,0.));
#4775 = ( GEOMETRIC_REPRESENTATION_CONTEXT(2) 
PARAMETRIC_REPRESENTATION_CONTEXT() REPRESENTATION_CONTEXT('2D SPACE',''
  ) );
#4776 = PCURVE('',#4777,#4782);
#4777 = CYLINDRICAL_SURFACE('',#4778,2.5E-02);
#4778 = AXIS2_PLACEMENT_3D('',#4779,#4780,#4781);
#4779 = CARTESIAN_POINT('',(0.635,-6.E-02,-0.355125000056));
#4780 = DIRECTION('',(6.505213034913E-15,0.,1.));
#4781 = DIRECTION('',(1.,0.,-6.505213034913E-15));
#4782 = DEFINITIONAL_REPRESENTATION('',(#4783),#4787);
#4783 = LINE('',#4784,#4785);
#4784 = CARTESIAN_POINT('',(3.14159265359,1.250000564795E-04));
#4785 = VECTOR('',#4786,1.);
#4786 = DIRECTION('',(-1.,0.));
#4787 = ( GEOMETRIC_REPRESENTATION_CONTEXT(2) 
PARAMETRIC_REPRESENTATION_CONTEXT() REPRESENTATION_CONTEXT('2D SPACE',''
  ) );
#4788 = ORIENTED_EDGE('',*,*,#4789,.T.);
#4789 = EDGE_CURVE('',#4761,#4790,#4792,.T.);
#4790 = VERTEX_POINT('',#4791);
#4791 = CARTESIAN_POINT('',(0.66,-0.225,-0.355));
#4792 = SURFACE_CURVE('',#4793,(#4797,#4804),.PCURVE_S1.);
#4793 = LINE('',#4794,#4795);
#4794 = CARTESIAN_POINT('',(0.66,-6.E-02,-0.355));
#4795 = VECTOR('',#4796,1.);
#4796 = DIRECTION('',(0.,-1.,0.));
#4797 = PCURVE('',#2760,#4798);
#4798 = DEFINITIONAL_REPRESENTATION('',(#4799),#4803);
#4799 = LINE('',#4800,#4801);
#4800 = CARTESIAN_POINT('',(-0.175,0.535));
#4801 = VECTOR('',#4802,1.);
#4802 = DIRECTION('',(0.,-1.));
#4803 = ( GEOMETRIC_REPRESENTATION_CONTEXT(2) 
PARAMETRIC_REPRESENTATION_CONTEXT() REPRESENTATION_CONTEXT('2D SPACE',''
  ) );
#4804 = PCURVE('',#4805,#4810);
#4805 = PLANE('',#4806);
#4806 = AXIS2_PLACEMENT_3D('',#4807,#4808,#4809);
#4807 = CARTESIAN_POINT('',(0.66,-6.E-02,-0.355125000056));
#4808 = DIRECTION('',(-1.,0.,6.982962677686E-15));
#4809 = DIRECTION('',(0.,1.,0.));
#4810 = DEFINITIONAL_REPRESENTATION('',(#4811),#4815);
#4811 = LINE('',#4812,#4813);
#4812 = CARTESIAN_POINT('',(0.,-1.2500005648E-04));
#4813 = VECTOR('',#4814,1.);
#4814 = DIRECTION('',(-1.,-0.));
#4815 = ( GEOMETRIC_REPRESENTATION_CONTEXT(2) 
PARAMETRIC_REPRESENTATION_CONTEXT() REPRESENTATION_CONTEXT('2D SPACE',''
  ) );
#4816 = ORIENTED_EDGE('',*,*,#4817,.T.);
#4817 = EDGE_CURVE('',#4790,#4818,#4820,.T.);
#4818 = VERTEX_POINT('',#4819);
#4819 = CARTESIAN_POINT('',(0.635,-0.25,-0.355));
#4820 = SURFACE_CURVE('',#4821,(#4826,#4833),.PCURVE_S1.);
#4821 = CIRCLE('',#4822,2.5E-02);
#4822 = AXIS2_PLACEMENT_3D('',#4823,#4824,#4825);
#4823 = CARTESIAN_POINT('',(0.635,-0.225,-0.355));
#4824 = DIRECTION('',(-6.505213034913E-15,0.,-1.));
#4825 = DIRECTION('',(1.,0.,-6.505213034913E-15));
#4826 = PCURVE('',#2760,#4827);
#4827 = DEFINITIONAL_REPRESENTATION('',(#4828),#4832);
#4828 = CIRCLE('',#4829,2.5E-02);
#4829 = AXIS2_PLACEMENT_2D('',#4830,#4831);
#4830 = CARTESIAN_POINT('',(-0.15,0.37));
#4831 = DIRECTION('',(-1.,0.));
#4832 = ( GEOMETRIC_REPRESENTATION_CONTEXT(2) 
PARAMETRIC_REPRESENTATION_CONTEXT() REPRESENTATION_CONTEXT('2D SPACE',''
  ) );
#4833 = PCURVE('',#4834,#4839);
#4834 = CYLINDRICAL_SURFACE('',#4835,2.5E-02);
#4835 = AXIS2_PLACEMENT_3D('',#4836,#4837,#4838);
#4836 = CARTESIAN_POINT('',(0.635,-0.225,-0.355125000056));
#4837 = DIRECTION('',(6.505213034913E-15,0.,1.));
#4838 = DIRECTION('',(1.,0.,-6.505213034913E-15));
#4839 = DEFINITIONAL_REPRESENTATION('',(#4840),#4844);
#4840 = LINE('',#4841,#4842);
#4841 = CARTESIAN_POINT('',(6.28318530718,1.250000564795E-04));
#4842 = VECTOR('',#4843,1.);
#4843 = DIRECTION('',(-1.,0.));
#4844 = ( GEOMETRIC_REPRESENTATION_CONTEXT(2) 
PARAMETRIC_REPRESENTATION_CONTEXT() REPRESENTATION_CONTEXT('2D SPACE',''
  ) );
#4845 = ORIENTED_EDGE('',*,*,#4846,.T.);
#4846 = EDGE_CURVE('',#4818,#4847,#4849,.T.);
#4847 = VERTEX_POINT('',#4848);
#4848 = CARTESIAN_POINT('',(0.581055512755,-0.25,-0.355));
#4849 = SURFACE_CURVE('',#4850,(#4854,#4861),.PCURVE_S1.);
#4850 = LINE('',#4851,#4852);
#4851 = CARTESIAN_POINT('',(0.635,-0.25,-0.355));
#4852 = VECTOR('',#4853,1.);
#4853 = DIRECTION('',(-1.,0.,6.982962677686E-15));
#4854 = PCURVE('',#2760,#4855);
#4855 = DEFINITIONAL_REPRESENTATION('',(#4856),#4860);
#4856 = LINE('',#4857,#4858);
#4857 = CARTESIAN_POINT('',(-0.15,0.345));
#4858 = VECTOR('',#4859,1.);
#4859 = DIRECTION('',(1.,0.));
#4860 = ( GEOMETRIC_REPRESENTATION_CONTEXT(2) 
PARAMETRIC_REPRESENTATION_CONTEXT() REPRESENTATION_CONTEXT('2D SPACE',''
  ) );
#4861 = PCURVE('',#4862,#4867);
#4862 = PLANE('',#4863);
#4863 = AXIS2_PLACEMENT_3D('',#4864,#4865,#4866);
#4864 = CARTESIAN_POINT('',(0.581055512755,-0.25,-0.355125000056));
#4865 = DIRECTION('',(-0.,1.,0.));
#4866 = DIRECTION('',(1.,0.,0.));
#4867 = DEFINITIONAL_REPRESENTATION('',(#4868),#4872);
#4868 = LINE('',#4869,#4870);
#4869 = CARTESIAN_POINT('',(5.394448724536E-02,-1.250000564795E-04));
#4870 = VECTOR('',#4871,1.);
#4871 = DIRECTION('',(-1.,-6.982962677686E-15));
#4872 = ( GEOMETRIC_REPRESENTATION_CONTEXT(2) 
PARAMETRIC_REPRESENTATION_CONTEXT() REPRESENTATION_CONTEXT('2D SPACE',''
  ) );
#4873 = ORIENTED_EDGE('',*,*,#4874,.T.);
#4874 = EDGE_CURVE('',#4847,#4875,#4877,.T.);
#4875 = VERTEX_POINT('',#4876);
#4876 = CARTESIAN_POINT('',(0.568178543914,-0.246428571429,-0.355));
#4877 = SURFACE_CURVE('',#4878,(#4883,#4890),.PCURVE_S1.);
#4878 = CIRCLE('',#4879,2.5E-02);
#4879 = AXIS2_PLACEMENT_3D('',#4880,#4881,#4882);
#4880 = CARTESIAN_POINT('',(0.581055512755,-0.225,-0.355));
#4881 = DIRECTION('',(-6.505213034913E-15,0.,-1.));
#4882 = DIRECTION('',(1.,0.,-6.505213034913E-15));
#4883 = PCURVE('',#2760,#4884);
#4884 = DEFINITIONAL_REPRESENTATION('',(#4885),#4889);
#4885 = CIRCLE('',#4886,2.5E-02);
#4886 = AXIS2_PLACEMENT_2D('',#4887,#4888);
#4887 = CARTESIAN_POINT('',(-9.605551275464E-02,0.37));
#4888 = DIRECTION('',(-1.,0.));
#4889 = ( GEOMETRIC_REPRESENTATION_CONTEXT(2) 
PARAMETRIC_REPRESENTATION_CONTEXT() REPRESENTATION_CONTEXT('2D SPACE',''
  ) );
#4890 = PCURVE('',#4891,#4896);
#4891 = CYLINDRICAL_SURFACE('',#4892,2.5E-02);
#4892 = AXIS2_PLACEMENT_3D('',#4893,#4894,#4895);
#4893 = CARTESIAN_POINT('',(0.581055512755,-0.225,-0.355125000056));
#4894 = DIRECTION('',(6.505213034913E-15,0.,1.));
#4895 = DIRECTION('',(1.,0.,-6.505213034913E-15));
#4896 = DEFINITIONAL_REPRESENTATION('',(#4897),#4901);
#4897 = LINE('',#4898,#4899);
#4898 = CARTESIAN_POINT('',(6.28318530718,1.250000564839E-04));
#4899 = VECTOR('',#4900,1.);
#4900 = DIRECTION('',(-1.,1.025895395733E-16));
#4901 = ( GEOMETRIC_REPRESENTATION_CONTEXT(2) 
PARAMETRIC_REPRESENTATION_CONTEXT() REPRESENTATION_CONTEXT('2D SPACE',''
  ) );
#4902 = ORIENTED_EDGE('',*,*,#4903,.T.);
#4903 = EDGE_CURVE('',#4875,#4904,#4906,.T.);
#4904 = VERTEX_POINT('',#4905);
#4905 = CARTESIAN_POINT('',(0.568178543914,-0.323571428571,-0.355));
#4906 = SURFACE_CURVE('',#4907,(#4912,#4923),.PCURVE_S1.);
#4907 = CIRCLE('',#4908,4.5E-02);
#4908 = AXIS2_PLACEMENT_3D('',#4909,#4910,#4911);
#4909 = CARTESIAN_POINT('',(0.545,-0.285,-0.355));
#4910 = DIRECTION('',(7.228014483237E-15,0.,1.));
#4911 = DIRECTION('',(-1.,0.,7.228014483237E-15));
#4912 = PCURVE('',#2760,#4913);
#4913 = DEFINITIONAL_REPRESENTATION('',(#4914),#4922);
#4914 = ( BOUNDED_CURVE() B_SPLINE_CURVE(2,(#4915,#4916,#4917,#4918,
#4919,#4920,#4921),.UNSPECIFIED.,.T.,.F.) B_SPLINE_CURVE_WITH_KNOTS((1,2
    ,2,2,2,1),(-2.094395102393,0.,2.094395102393,4.188790204786,
6.28318530718,8.377580409573),.UNSPECIFIED.) CURVE() 
GEOMETRIC_REPRESENTATION_ITEM() RATIONAL_B_SPLINE_CURVE((1.,0.5,1.,0.5,
1.,0.5,1.)) REPRESENTATION_ITEM('') );
#4915 = CARTESIAN_POINT('',(-1.5E-02,0.31));
#4916 = CARTESIAN_POINT('',(-1.5E-02,0.232057713659));
#4917 = CARTESIAN_POINT('',(-8.25E-02,0.27102885683));
#4918 = CARTESIAN_POINT('',(-0.15,0.31));
#4919 = CARTESIAN_POINT('',(-8.25E-02,0.34897114317));
#4920 = CARTESIAN_POINT('',(-1.5E-02,0.387942286341));
#4921 = CARTESIAN_POINT('',(-1.5E-02,0.31));
#4922 = ( GEOMETRIC_REPRESENTATION_CONTEXT(2) 
PARAMETRIC_REPRESENTATION_CONTEXT() REPRESENTATION_CONTEXT('2D SPACE',''
  ) );
#4923 = PCURVE('',#4924,#4929);
#4924 = CYLINDRICAL_SURFACE('',#4925,4.5E-02);
#4925 = AXIS2_PLACEMENT_3D('',#4926,#4927,#4928);
#4926 = CARTESIAN_POINT('',(0.545,-0.285,-0.355125000056));
#4927 = DIRECTION('',(7.228014483237E-15,0.,1.));
#4928 = DIRECTION('',(1.,0.,-7.228014483237E-15));
#4929 = DEFINITIONAL_REPRESENTATION('',(#4930),#4934);
#4930 = LINE('',#4931,#4932);
#4931 = CARTESIAN_POINT('',(-3.14159265359,1.250000564836E-04));
#4932 = VECTOR('',#4933,1.);
#4933 = DIRECTION('',(1.,0.));
#4934 = ( GEOMETRIC_REPRESENTATION_CONTEXT(2) 
PARAMETRIC_REPRESENTATION_CONTEXT() REPRESENTATION_CONTEXT('2D SPACE',''
  ) );
#4935 = ORIENTED_EDGE('',*,*,#4936,.T.);
#4936 = EDGE_CURVE('',#4904,#4937,#4939,.T.);
#4937 = VERTEX_POINT('',#4938);
#4938 = CARTESIAN_POINT('',(0.581055512755,-0.32,-0.355));
#4939 = SURFACE_CURVE('',#4940,(#4945,#4952),.PCURVE_S1.);
#4940 = CIRCLE('',#4941,2.5E-02);
#4941 = AXIS2_PLACEMENT_3D('',#4942,#4943,#4944);
#4942 = CARTESIAN_POINT('',(0.581055512755,-0.345,-0.355));
#4943 = DIRECTION('',(-6.505213034913E-15,0.,-1.));
#4944 = DIRECTION('',(-1.,0.,6.505213034913E-15));
#4945 = PCURVE('',#2760,#4946);
#4946 = DEFINITIONAL_REPRESENTATION('',(#4947),#4951);
#4947 = CIRCLE('',#4948,2.5E-02);
#4948 = AXIS2_PLACEMENT_2D('',#4949,#4950);
#4949 = CARTESIAN_POINT('',(-9.605551275464E-02,0.25));
#4950 = DIRECTION('',(1.,0.));
#4951 = ( GEOMETRIC_REPRESENTATION_CONTEXT(2) 
PARAMETRIC_REPRESENTATION_CONTEXT() REPRESENTATION_CONTEXT('2D SPACE',''
  ) );
#4952 = PCURVE('',#4953,#4958);
#4953 = CYLINDRICAL_SURFACE('',#4954,2.5E-02);
#4954 = AXIS2_PLACEMENT_3D('',#4955,#4956,#4957);
#4955 = CARTESIAN_POINT('',(0.581055512755,-0.345,-0.355125000056));
#4956 = DIRECTION('',(6.505213034913E-15,0.,1.));
#4957 = DIRECTION('',(1.,0.,-6.505213034913E-15));
#4958 = DEFINITIONAL_REPRESENTATION('',(#4959),#4963);
#4959 = LINE('',#4960,#4961);
#4960 = CARTESIAN_POINT('',(3.14159265359,1.250000564842E-04));
#4961 = VECTOR('',#4962,1.);
#4962 = DIRECTION('',(-1.,-1.025895395733E-16));
#4963 = ( GEOMETRIC_REPRESENTATION_CONTEXT(2) 
PARAMETRIC_REPRESENTATION_CONTEXT() REPRESENTATION_CONTEXT('2D SPACE',''
  ) );
#4964 = ORIENTED_EDGE('',*,*,#4965,.T.);
#4965 = EDGE_CURVE('',#4937,#4966,#4968,.T.);
#4966 = VERTEX_POINT('',#4967);
#4967 = CARTESIAN_POINT('',(0.635,-0.32,-0.355));
#4968 = SURFACE_CURVE('',#4969,(#4973,#4980),.PCURVE_S1.);
#4969 = LINE('',#4970,#4971);
#4970 = CARTESIAN_POINT('',(0.635,-0.32,-0.355));
#4971 = VECTOR('',#4972,1.);
#4972 = DIRECTION('',(1.,0.,-6.982962677686E-15));
#4973 = PCURVE('',#2760,#4974);
#4974 = DEFINITIONAL_REPRESENTATION('',(#4975),#4979);
#4975 = LINE('',#4976,#4977);
#4976 = CARTESIAN_POINT('',(-0.15,0.275));
#4977 = VECTOR('',#4978,1.);
#4978 = DIRECTION('',(-1.,0.));
#4979 = ( GEOMETRIC_REPRESENTATION_CONTEXT(2) 
PARAMETRIC_REPRESENTATION_CONTEXT() REPRESENTATION_CONTEXT('2D SPACE',''
  ) );
#4980 = PCURVE('',#4981,#4986);
#4981 = PLANE('',#4982);
#4982 = AXIS2_PLACEMENT_3D('',#4983,#4984,#4985);
#4983 = CARTESIAN_POINT('',(0.581055512755,-0.32,-0.355125000056));
#4984 = DIRECTION('',(1.004923976341E-15,-1.,-7.0173466207E-30));
#4985 = DIRECTION('',(0.,7.0173466207E-30,-1.));
#4986 = DEFINITIONAL_REPRESENTATION('',(#4987),#4991);
#4987 = LINE('',#4988,#4989);
#4988 = CARTESIAN_POINT('',(-1.250000564795E-04,5.394448724536E-02));
#4989 = VECTOR('',#4990,1.);
#4990 = DIRECTION('',(6.982962677686E-15,1.));
#4991 = ( GEOMETRIC_REPRESENTATION_CONTEXT(2) 
PARAMETRIC_REPRESENTATION_CONTEXT() REPRESENTATION_CONTEXT('2D SPACE',''
  ) );
#4992 = ORIENTED_EDGE('',*,*,#4993,.T.);
#4993 = EDGE_CURVE('',#4966,#4994,#4996,.T.);
#4994 = VERTEX_POINT('',#4995);
#4995 = CARTESIAN_POINT('',(0.66,-0.345,-0.355));
#4996 = SURFACE_CURVE('',#4997,(#5002,#5009),.PCURVE_S1.);
#4997 = CIRCLE('',#4998,2.5E-02);
#4998 = AXIS2_PLACEMENT_3D('',#4999,#5000,#5001);
#4999 = CARTESIAN_POINT('',(0.635,-0.345,-0.355));
#5000 = DIRECTION('',(-6.505213034913E-15,0.,-1.));
#5001 = DIRECTION('',(-1.,0.,6.505213034913E-15));
#5002 = PCURVE('',#2760,#5003);
#5003 = DEFINITIONAL_REPRESENTATION('',(#5004),#5008);
#5004 = CIRCLE('',#5005,2.5E-02);
#5005 = AXIS2_PLACEMENT_2D('',#5006,#5007);
#5006 = CARTESIAN_POINT('',(-0.15,0.25));
#5007 = DIRECTION('',(1.,0.));
#5008 = ( GEOMETRIC_REPRESENTATION_CONTEXT(2) 
PARAMETRIC_REPRESENTATION_CONTEXT() REPRESENTATION_CONTEXT('2D SPACE',''
  ) );
#5009 = PCURVE('',#5010,#5015);
#5010 = CYLINDRICAL_SURFACE('',#5011,2.5E-02);
#5011 = AXIS2_PLACEMENT_3D('',#5012,#5013,#5014);
#5012 = CARTESIAN_POINT('',(0.635,-0.345,-0.355125000056));
#5013 = DIRECTION('',(6.505213034913E-15,0.,1.));
#5014 = DIRECTION('',(1.,0.,-6.505213034913E-15));
#5015 = DEFINITIONAL_REPRESENTATION('',(#5016),#5020);
#5016 = LINE('',#5017,#5018);
#5017 = CARTESIAN_POINT('',(3.14159265359,1.250000564795E-04));
#5018 = VECTOR('',#5019,1.);
#5019 = DIRECTION('',(-1.,0.));
#5020 = ( GEOMETRIC_REPRESENTATION_CONTEXT(2) 
PARAMETRIC_REPRESENTATION_CONTEXT() REPRESENTATION_CONTEXT('2D SPACE',''
  ) );
#5021 = ORIENTED_EDGE('',*,*,#5022,.T.);
#5022 = EDGE_CURVE('',#4994,#5023,#5025,.T.);
#5023 = VERTEX_POINT('',#5024);
#5024 = CARTESIAN_POINT('',(0.66,-0.495,-0.355));
#5025 = SURFACE_CURVE('',#5026,(#5030,#5037),.PCURVE_S1.);
#5026 = LINE('',#5027,#5028);
#5027 = CARTESIAN_POINT('',(0.66,-0.345,-0.355));
#5028 = VECTOR('',#5029,1.);
#5029 = DIRECTION('',(0.,-1.,0.));
#5030 = PCURVE('',#2760,#5031);
#5031 = DEFINITIONAL_REPRESENTATION('',(#5032),#5036);
#5032 = LINE('',#5033,#5034);
#5033 = CARTESIAN_POINT('',(-0.175,0.25));
#5034 = VECTOR('',#5035,1.);
#5035 = DIRECTION('',(0.,-1.));
#5036 = ( GEOMETRIC_REPRESENTATION_CONTEXT(2) 
PARAMETRIC_REPRESENTATION_CONTEXT() REPRESENTATION_CONTEXT('2D SPACE',''
  ) );
#5037 = PCURVE('',#5038,#5043);
#5038 = PLANE('',#5039);
#5039 = AXIS2_PLACEMENT_3D('',#5040,#5041,#5042);
#5040 = CARTESIAN_POINT('',(0.66,-0.345,-0.355125000056));
#5041 = DIRECTION('',(-1.,0.,6.982962677686E-15));
#5042 = DIRECTION('',(0.,1.,0.));
#5043 = DEFINITIONAL_REPRESENTATION('',(#5044),#5048);
#5044 = LINE('',#5045,#5046);
#5045 = CARTESIAN_POINT('',(0.,-1.2500005648E-04));
#5046 = VECTOR('',#5047,1.);
#5047 = DIRECTION('',(-1.,-0.));
#5048 = ( GEOMETRIC_REPRESENTATION_CONTEXT(2) 
PARAMETRIC_REPRESENTATION_CONTEXT() REPRESENTATION_CONTEXT('2D SPACE',''
  ) );
#5049 = ORIENTED_EDGE('',*,*,#5050,.T.);
#5050 = EDGE_CURVE('',#5023,#5051,#5053,.T.);
#5051 = VERTEX_POINT('',#5052);
#5052 = CARTESIAN_POINT('',(0.635,-0.52,-0.355));
#5053 = SURFACE_CURVE('',#5054,(#5059,#5066),.PCURVE_S1.);
#5054 = CIRCLE('',#5055,2.5E-02);
#5055 = AXIS2_PLACEMENT_3D('',#5056,#5057,#5058);
#5056 = CARTESIAN_POINT('',(0.635,-0.495,-0.355));
#5057 = DIRECTION('',(-6.505213034913E-15,0.,-1.));
#5058 = DIRECTION('',(1.,0.,-6.505213034913E-15));
#5059 = PCURVE('',#2760,#5060);
#5060 = DEFINITIONAL_REPRESENTATION('',(#5061),#5065);
#5061 = CIRCLE('',#5062,2.5E-02);
#5062 = AXIS2_PLACEMENT_2D('',#5063,#5064);
#5063 = CARTESIAN_POINT('',(-0.15,0.1));
#5064 = DIRECTION('',(-1.,0.));
#5065 = ( GEOMETRIC_REPRESENTATION_CONTEXT(2) 
PARAMETRIC_REPRESENTATION_CONTEXT() REPRESENTATION_CONTEXT('2D SPACE',''
  ) );
#5066 = PCURVE('',#5067,#5072);
#5067 = CYLINDRICAL_SURFACE('',#5068,2.5E-02);
#5068 = AXIS2_PLACEMENT_3D('',#5069,#5070,#5071);
#5069 = CARTESIAN_POINT('',(0.635,-0.495,-0.355125000056));
#5070 = DIRECTION('',(6.505213034913E-15,0.,1.));
#5071 = DIRECTION('',(1.,0.,-6.505213034913E-15));
#5072 = DEFINITIONAL_REPRESENTATION('',(#5073),#5077);
#5073 = LINE('',#5074,#5075);
#5074 = CARTESIAN_POINT('',(6.28318530718,1.250000564795E-04));
#5075 = VECTOR('',#5076,1.);
#5076 = DIRECTION('',(-1.,0.));
#5077 = ( GEOMETRIC_REPRESENTATION_CONTEXT(2) 
PARAMETRIC_REPRESENTATION_CONTEXT() REPRESENTATION_CONTEXT('2D SPACE',''
  ) );
#5078 = ORIENTED_EDGE('',*,*,#5079,.T.);
#5079 = EDGE_CURVE('',#5051,#5080,#5082,.T.);
#5080 = VERTEX_POINT('',#5081);
#5081 = CARTESIAN_POINT('',(0.56,-0.52,-0.355));
#5082 = SURFACE_CURVE('',#5083,(#5087,#5094),.PCURVE_S1.);
#5083 = LINE('',#5084,#5085);
#5084 = CARTESIAN_POINT('',(0.635,-0.52,-0.355));
#5085 = VECTOR('',#5086,1.);
#5086 = DIRECTION('',(-1.,0.,6.982962677686E-15));
#5087 = PCURVE('',#2760,#5088);
#5088 = DEFINITIONAL_REPRESENTATION('',(#5089),#5093);
#5089 = LINE('',#5090,#5091);
#5090 = CARTESIAN_POINT('',(-0.15,7.5E-02));
#5091 = VECTOR('',#5092,1.);
#5092 = DIRECTION('',(1.,0.));
#5093 = ( GEOMETRIC_REPRESENTATION_CONTEXT(2) 
PARAMETRIC_REPRESENTATION_CONTEXT() REPRESENTATION_CONTEXT('2D SPACE',''
  ) );
#5094 = PCURVE('',#5095,#5100);
#5095 = PLANE('',#5096);
#5096 = AXIS2_PLACEMENT_3D('',#5097,#5098,#5099);
#5097 = CARTESIAN_POINT('',(0.56,-0.52,-0.355125000056));
#5098 = DIRECTION('',(-0.,1.,0.));
#5099 = DIRECTION('',(1.,0.,0.));
#5100 = DEFINITIONAL_REPRESENTATION('',(#5101),#5105);
#5101 = LINE('',#5102,#5103);
#5102 = CARTESIAN_POINT('',(7.5E-02,-1.25000056479E-04));
#5103 = VECTOR('',#5104,1.);
#5104 = DIRECTION('',(-1.,-6.982962677686E-15));
#5105 = ( GEOMETRIC_REPRESENTATION_CONTEXT(2) 
PARAMETRIC_REPRESENTATION_CONTEXT() REPRESENTATION_CONTEXT('2D SPACE',''
  ) );
#5106 = ORIENTED_EDGE('',*,*,#5107,.T.);
#5107 = EDGE_CURVE('',#5080,#5108,#5110,.T.);
#5108 = VERTEX_POINT('',#5109);
#5109 = CARTESIAN_POINT('',(0.51,-0.57,-0.355));
#5110 = SURFACE_CURVE('',#5111,(#5116,#5127),.PCURVE_S1.);
#5111 = CIRCLE('',#5112,5.E-02);
#5112 = AXIS2_PLACEMENT_3D('',#5113,#5114,#5115);
#5113 = CARTESIAN_POINT('',(0.56,-0.57,-0.355));
#5114 = DIRECTION('',(6.505213034913E-15,0.,1.));
#5115 = DIRECTION('',(1.,0.,-6.505213034913E-15));
#5116 = PCURVE('',#2760,#5117);
#5117 = DEFINITIONAL_REPRESENTATION('',(#5118),#5126);
#5118 = ( BOUNDED_CURVE() B_SPLINE_CURVE(2,(#5119,#5120,#5121,#5122,
#5123,#5124,#5125),.UNSPECIFIED.,.T.,.F.) B_SPLINE_CURVE_WITH_KNOTS((1,2
    ,2,2,2,1),(-2.094395102393,0.,2.094395102393,4.188790204786,
6.28318530718,8.377580409573),.UNSPECIFIED.) CURVE() 
GEOMETRIC_REPRESENTATION_ITEM() RATIONAL_B_SPLINE_CURVE((1.,0.5,1.,0.5,
1.,0.5,1.)) REPRESENTATION_ITEM('') );
#5119 = CARTESIAN_POINT('',(-0.125,2.5E-02));
#5120 = CARTESIAN_POINT('',(-0.125,0.111602540378));
#5121 = CARTESIAN_POINT('',(-5.E-02,6.830127018922E-02));
#5122 = CARTESIAN_POINT('',(2.5E-02,2.5E-02));
#5123 = CARTESIAN_POINT('',(-5.E-02,-1.830127018922E-02));
#5124 = CARTESIAN_POINT('',(-0.125,-6.160254037844E-02));
#5125 = CARTESIAN_POINT('',(-0.125,2.5E-02));
#5126 = ( GEOMETRIC_REPRESENTATION_CONTEXT(2) 
PARAMETRIC_REPRESENTATION_CONTEXT() REPRESENTATION_CONTEXT('2D SPACE',''
  ) );
#5127 = PCURVE('',#5128,#5133);
#5128 = CYLINDRICAL_SURFACE('',#5129,5.E-02);
#5129 = AXIS2_PLACEMENT_3D('',#5130,#5131,#5132);
#5130 = CARTESIAN_POINT('',(0.56,-0.57,-0.355125000056));
#5131 = DIRECTION('',(6.505213034913E-15,0.,1.));
#5132 = DIRECTION('',(1.,0.,-6.505213034913E-15));
#5133 = DEFINITIONAL_REPRESENTATION('',(#5134),#5138);
#5134 = LINE('',#5135,#5136);
#5135 = CARTESIAN_POINT('',(0.,1.250000564836E-04));
#5136 = VECTOR('',#5137,1.);
#5137 = DIRECTION('',(1.,0.));
#5138 = ( GEOMETRIC_REPRESENTATION_CONTEXT(2) 
PARAMETRIC_REPRESENTATION_CONTEXT() REPRESENTATION_CONTEXT('2D SPACE',''
  ) );
#5139 = ORIENTED_EDGE('',*,*,#5140,.T.);
#5140 = EDGE_CURVE('',#5108,#3046,#5141,.T.);
#5141 = SURFACE_CURVE('',#5142,(#5146,#5153),.PCURVE_S1.);
#5142 = LINE('',#5143,#5144);
#5143 = CARTESIAN_POINT('',(0.51,-0.57,-0.355));
#5144 = VECTOR('',#5145,1.);
#5145 = DIRECTION('',(0.,-1.,0.));
#5146 = PCURVE('',#2760,#5147);
#5147 = DEFINITIONAL_REPRESENTATION('',(#5148),#5152);
#5148 = LINE('',#5149,#5150);
#5149 = CARTESIAN_POINT('',(-2.5E-02,2.5E-02));
#5150 = VECTOR('',#5151,1.);
#5151 = DIRECTION('',(0.,-1.));
#5152 = ( GEOMETRIC_REPRESENTATION_CONTEXT(2) 
PARAMETRIC_REPRESENTATION_CONTEXT() REPRESENTATION_CONTEXT('2D SPACE',''
  ) );
#5153 = PCURVE('',#5154,#5159);
#5154 = PLANE('',#5155);
#5155 = AXIS2_PLACEMENT_3D('',#5156,#5157,#5158);
#5156 = CARTESIAN_POINT('',(0.51,-0.57,-0.355125000056));
#5157 = DIRECTION('',(-1.,0.,6.982962677686E-15));
#5158 = DIRECTION('',(0.,1.,0.));
#5159 = DEFINITIONAL_REPRESENTATION('',(#5160),#5164);
#5160 = LINE('',#5161,#5162);
#5161 = CARTESIAN_POINT('',(0.,-1.250000564836E-04));
#5162 = VECTOR('',#5163,1.);
#5163 = DIRECTION('',(-1.,-0.));
#5164 = ( GEOMETRIC_REPRESENTATION_CONTEXT(2) 
PARAMETRIC_REPRESENTATION_CONTEXT() REPRESENTATION_CONTEXT('2D SPACE',''
  ) );
#5165 = ADVANCED_FACE('',(#5166),#5180,.F.);
#5166 = FACE_BOUND('',#5167,.T.);
#5167 = EDGE_LOOP('',(#5168,#5203,#5231,#5259));
#5168 = ORIENTED_EDGE('',*,*,#5169,.F.);
#5169 = EDGE_CURVE('',#5170,#5172,#5174,.T.);
#5170 = VERTEX_POINT('',#5171);
#5171 = CARTESIAN_POINT('',(-1.15,-1.15,4.974999943528E-03));
#5172 = VERTEX_POINT('',#5173);
#5173 = CARTESIAN_POINT('',(-1.15,1.15,4.974999943528E-03));
#5174 = SURFACE_CURVE('',#5175,(#5179,#5191),.PCURVE_S1.);
#5175 = LINE('',#5176,#5177);
#5176 = CARTESIAN_POINT('',(-1.15,1.15,4.974999943528E-03));
#5177 = VECTOR('',#5178,1.);
#5178 = DIRECTION('',(1.885568995627E-16,1.,-1.316685792267E-30));
#5179 = PCURVE('',#5180,#5185);
#5180 = PLANE('',#5181);
#5181 = AXIS2_PLACEMENT_3D('',#5182,#5183,#5184);
#5182 = CARTESIAN_POINT('',(1.311137653702E-16,1.563548512938E-16,
    4.97499994352E-03));
#5183 = DIRECTION('',(-6.982962677686E-15,0.,-1.));
#5184 = DIRECTION('',(-1.,0.,6.982962677686E-15));
#5185 = DEFINITIONAL_REPRESENTATION('',(#5186),#5190);
#5186 = LINE('',#5187,#5188);
#5187 = CARTESIAN_POINT('',(1.15,1.15));
#5188 = VECTOR('',#5189,1.);
#5189 = DIRECTION('',(-1.885568995627E-16,1.));
#5190 = ( GEOMETRIC_REPRESENTATION_CONTEXT(2) 
PARAMETRIC_REPRESENTATION_CONTEXT() REPRESENTATION_CONTEXT('2D SPACE',''
  ) );
#5191 = PCURVE('',#5192,#5197);
#5192 = PLANE('',#5193);
#5193 = AXIS2_PLACEMENT_3D('',#5194,#5195,#5196);
#5194 = CARTESIAN_POINT('',(-1.15,1.15,-8.502500005647E-02));
#5195 = DIRECTION('',(1.,-1.885568995627E-16,-6.982962677686E-15));
#5196 = DIRECTION('',(-6.982962677686E-15,0.,-1.));
#5197 = DEFINITIONAL_REPRESENTATION('',(#5198),#5202);
#5198 = LINE('',#5199,#5200);
#5199 = CARTESIAN_POINT('',(-9.E-02,7.102405503874E-33));
#5200 = VECTOR('',#5201,1.);
#5201 = DIRECTION('',(-2.101947696487E-45,1.));
#5202 = ( GEOMETRIC_REPRESENTATION_CONTEXT(2) 
PARAMETRIC_REPRESENTATION_CONTEXT() REPRESENTATION_CONTEXT('2D SPACE',''
  ) );
#5203 = ORIENTED_EDGE('',*,*,#5204,.F.);
#5204 = EDGE_CURVE('',#5205,#5170,#5207,.T.);
#5205 = VERTEX_POINT('',#5206);
#5206 = CARTESIAN_POINT('',(1.15,-1.15,4.974999943512E-03));
#5207 = SURFACE_CURVE('',#5208,(#5212,#5219),.PCURVE_S1.);
#5208 = LINE('',#5209,#5210);
#5209 = CARTESIAN_POINT('',(1.15,-1.15,4.974999943512E-03));
#5210 = VECTOR('',#5211,1.);
#5211 = DIRECTION('',(-1.,0.,6.982962677686E-15));
#5212 = PCURVE('',#5180,#5213);
#5213 = DEFINITIONAL_REPRESENTATION('',(#5214),#5218);
#5214 = LINE('',#5215,#5216);
#5215 = CARTESIAN_POINT('',(-1.15,-1.15));
#5216 = VECTOR('',#5217,1.);
#5217 = DIRECTION('',(1.,0.));
#5218 = ( GEOMETRIC_REPRESENTATION_CONTEXT(2) 
PARAMETRIC_REPRESENTATION_CONTEXT() REPRESENTATION_CONTEXT('2D SPACE',''
  ) );
#5219 = PCURVE('',#5220,#5225);
#5220 = PLANE('',#5221);
#5221 = AXIS2_PLACEMENT_3D('',#5222,#5223,#5224);
#5222 = CARTESIAN_POINT('',(1.15,-1.15,-8.502500005649E-02));
#5223 = DIRECTION('',(-0.,1.,0.));
#5224 = DIRECTION('',(1.,0.,0.));
#5225 = DEFINITIONAL_REPRESENTATION('',(#5226),#5230);
#5226 = LINE('',#5227,#5228);
#5227 = CARTESIAN_POINT('',(0.,-9.E-02));
#5228 = VECTOR('',#5229,1.);
#5229 = DIRECTION('',(-1.,-6.982962677686E-15));
#5230 = ( GEOMETRIC_REPRESENTATION_CONTEXT(2) 
PARAMETRIC_REPRESENTATION_CONTEXT() REPRESENTATION_CONTEXT('2D SPACE',''
  ) );
#5231 = ORIENTED_EDGE('',*,*,#5232,.F.);
#5232 = EDGE_CURVE('',#5233,#5205,#5235,.T.);
#5233 = VERTEX_POINT('',#5234);
#5234 = CARTESIAN_POINT('',(1.15,1.15,4.974999943512E-03));
#5235 = SURFACE_CURVE('',#5236,(#5240,#5247),.PCURVE_S1.);
#5236 = LINE('',#5237,#5238);
#5237 = CARTESIAN_POINT('',(1.15,1.15,4.974999943512E-03));
#5238 = VECTOR('',#5239,1.);
#5239 = DIRECTION('',(0.,-1.,0.));
#5240 = PCURVE('',#5180,#5241);
#5241 = DEFINITIONAL_REPRESENTATION('',(#5242),#5246);
#5242 = LINE('',#5243,#5244);
#5243 = CARTESIAN_POINT('',(-1.15,1.15));
#5244 = VECTOR('',#5245,1.);
#5245 = DIRECTION('',(0.,-1.));
#5246 = ( GEOMETRIC_REPRESENTATION_CONTEXT(2) 
PARAMETRIC_REPRESENTATION_CONTEXT() REPRESENTATION_CONTEXT('2D SPACE',''
  ) );
#5247 = PCURVE('',#5248,#5253);
#5248 = PLANE('',#5249);
#5249 = AXIS2_PLACEMENT_3D('',#5250,#5251,#5252);
#5250 = CARTESIAN_POINT('',(1.15,1.15,-8.502500005649E-02));
#5251 = DIRECTION('',(-1.,0.,6.982962677686E-15));
#5252 = DIRECTION('',(0.,1.,0.));
#5253 = DEFINITIONAL_REPRESENTATION('',(#5254),#5258);
#5254 = LINE('',#5255,#5256);
#5255 = CARTESIAN_POINT('',(0.,-9.E-02));
#5256 = VECTOR('',#5257,1.);
#5257 = DIRECTION('',(-1.,-0.));
#5258 = ( GEOMETRIC_REPRESENTATION_CONTEXT(2) 
PARAMETRIC_REPRESENTATION_CONTEXT() REPRESENTATION_CONTEXT('2D SPACE',''
  ) );
#5259 = ORIENTED_EDGE('',*,*,#5260,.F.);
#5260 = EDGE_CURVE('',#5172,#5233,#5261,.T.);
#5261 = SURFACE_CURVE('',#5262,(#5266,#5273),.PCURVE_S1.);
#5262 = LINE('',#5263,#5264);
#5263 = CARTESIAN_POINT('',(1.15,1.15,4.974999943512E-03));
#5264 = VECTOR('',#5265,1.);
#5265 = DIRECTION('',(1.,0.,-6.982962677686E-15));
#5266 = PCURVE('',#5180,#5267);
#5267 = DEFINITIONAL_REPRESENTATION('',(#5268),#5272);
#5268 = LINE('',#5269,#5270);
#5269 = CARTESIAN_POINT('',(-1.15,1.15));
#5270 = VECTOR('',#5271,1.);
#5271 = DIRECTION('',(-1.,0.));
#5272 = ( GEOMETRIC_REPRESENTATION_CONTEXT(2) 
PARAMETRIC_REPRESENTATION_CONTEXT() REPRESENTATION_CONTEXT('2D SPACE',''
  ) );
#5273 = PCURVE('',#5274,#5279);
#5274 = PLANE('',#5275);
#5275 = AXIS2_PLACEMENT_3D('',#5276,#5277,#5278);
#5276 = CARTESIAN_POINT('',(1.15,1.15,-8.502500005649E-02));
#5277 = DIRECTION('',(0.,-1.,0.));
#5278 = DIRECTION('',(0.,0.,-1.));
#5279 = DEFINITIONAL_REPRESENTATION('',(#5280),#5284);
#5280 = LINE('',#5281,#5282);
#5281 = CARTESIAN_POINT('',(-9.E-02,0.));
#5282 = VECTOR('',#5283,1.);
#5283 = DIRECTION('',(6.982962677686E-15,1.));
#5284 = ( GEOMETRIC_REPRESENTATION_CONTEXT(2) 
PARAMETRIC_REPRESENTATION_CONTEXT() REPRESENTATION_CONTEXT('2D SPACE',''
  ) );
#5285 = ADVANCED_FACE('',(#5286),#5220,.F.);
#5286 = FACE_BOUND('',#5287,.T.);
#5287 = EDGE_LOOP('',(#5288,#5289,#5312,#5340));
#5288 = ORIENTED_EDGE('',*,*,#5204,.T.);
#5289 = ORIENTED_EDGE('',*,*,#5290,.F.);
#5290 = EDGE_CURVE('',#5291,#5170,#5293,.T.);
#5291 = VERTEX_POINT('',#5292);
#5292 = CARTESIAN_POINT('',(-1.15,-1.15,-8.502500005647E-02));
#5293 = SURFACE_CURVE('',#5294,(#5298,#5305),.PCURVE_S1.);
#5294 = LINE('',#5295,#5296);
#5295 = CARTESIAN_POINT('',(-1.15,-1.15,-8.502500005647E-02));
#5296 = VECTOR('',#5297,1.);
#5297 = DIRECTION('',(6.982962677686E-15,0.,1.));
#5298 = PCURVE('',#5220,#5299);
#5299 = DEFINITIONAL_REPRESENTATION('',(#5300),#5304);
#5300 = LINE('',#5301,#5302);
#5301 = CARTESIAN_POINT('',(-2.3,-1.609823385706E-14));
#5302 = VECTOR('',#5303,1.);
#5303 = DIRECTION('',(6.982962677686E-15,-1.));
#5304 = ( GEOMETRIC_REPRESENTATION_CONTEXT(2) 
PARAMETRIC_REPRESENTATION_CONTEXT() REPRESENTATION_CONTEXT('2D SPACE',''
  ) );
#5305 = PCURVE('',#5192,#5306);
#5306 = DEFINITIONAL_REPRESENTATION('',(#5307),#5311);
#5307 = LINE('',#5308,#5309);
#5308 = CARTESIAN_POINT('',(3.101058377946E-30,-2.3));
#5309 = VECTOR('',#5310,1.);
#5310 = DIRECTION('',(-1.,0.));
#5311 = ( GEOMETRIC_REPRESENTATION_CONTEXT(2) 
PARAMETRIC_REPRESENTATION_CONTEXT() REPRESENTATION_CONTEXT('2D SPACE',''
  ) );
#5312 = ORIENTED_EDGE('',*,*,#5313,.F.);
#5313 = EDGE_CURVE('',#5314,#5291,#5316,.T.);
#5314 = VERTEX_POINT('',#5315);
#5315 = CARTESIAN_POINT('',(1.15,-1.15,-8.502500005649E-02));
#5316 = SURFACE_CURVE('',#5317,(#5321,#5328),.PCURVE_S1.);
#5317 = LINE('',#5318,#5319);
#5318 = CARTESIAN_POINT('',(1.15,-1.15,-8.502500005649E-02));
#5319 = VECTOR('',#5320,1.);
#5320 = DIRECTION('',(-1.,0.,6.982962677686E-15));
#5321 = PCURVE('',#5220,#5322);
#5322 = DEFINITIONAL_REPRESENTATION('',(#5323),#5327);
#5323 = LINE('',#5324,#5325);
#5324 = CARTESIAN_POINT('',(0.,0.));
#5325 = VECTOR('',#5326,1.);
#5326 = DIRECTION('',(-1.,-6.982962677686E-15));
#5327 = ( GEOMETRIC_REPRESENTATION_CONTEXT(2) 
PARAMETRIC_REPRESENTATION_CONTEXT() REPRESENTATION_CONTEXT('2D SPACE',''
  ) );
#5328 = PCURVE('',#5329,#5334);
#5329 = PLANE('',#5330);
#5330 = AXIS2_PLACEMENT_3D('',#5331,#5332,#5333);
#5331 = CARTESIAN_POINT('',(1.15,-1.15,-8.502500005649E-02));
#5332 = DIRECTION('',(0.,-1.,0.));
#5333 = DIRECTION('',(0.,0.,-1.));
#5334 = DEFINITIONAL_REPRESENTATION('',(#5335),#5339);
#5335 = LINE('',#5336,#5337);
#5336 = CARTESIAN_POINT('',(0.,0.));
#5337 = VECTOR('',#5338,1.);
#5338 = DIRECTION('',(-6.982962677686E-15,-1.));
#5339 = ( GEOMETRIC_REPRESENTATION_CONTEXT(2) 
PARAMETRIC_REPRESENTATION_CONTEXT() REPRESENTATION_CONTEXT('2D SPACE',''
  ) );
#5340 = ORIENTED_EDGE('',*,*,#5341,.T.);
#5341 = EDGE_CURVE('',#5314,#5205,#5342,.T.);
#5342 = SURFACE_CURVE('',#5343,(#5347,#5354),.PCURVE_S1.);
#5343 = LINE('',#5344,#5345);
#5344 = CARTESIAN_POINT('',(1.15,-1.15,-8.502500005649E-02));
#5345 = VECTOR('',#5346,1.);
#5346 = DIRECTION('',(6.982962677686E-15,0.,1.));
#5347 = PCURVE('',#5220,#5348);
#5348 = DEFINITIONAL_REPRESENTATION('',(#5349),#5353);
#5349 = LINE('',#5350,#5351);
#5350 = CARTESIAN_POINT('',(0.,0.));
#5351 = VECTOR('',#5352,1.);
#5352 = DIRECTION('',(6.982962677686E-15,-1.));
#5353 = ( GEOMETRIC_REPRESENTATION_CONTEXT(2) 
PARAMETRIC_REPRESENTATION_CONTEXT() REPRESENTATION_CONTEXT('2D SPACE',''
  ) );
#5354 = PCURVE('',#5248,#5355);
#5355 = DEFINITIONAL_REPRESENTATION('',(#5356),#5360);
#5356 = LINE('',#5357,#5358);
#5357 = CARTESIAN_POINT('',(-2.3,-0.));
#5358 = VECTOR('',#5359,1.);
#5359 = DIRECTION('',(0.,-1.));
#5360 = ( GEOMETRIC_REPRESENTATION_CONTEXT(2) 
PARAMETRIC_REPRESENTATION_CONTEXT() REPRESENTATION_CONTEXT('2D SPACE',''
  ) );
#5361 = ADVANCED_FACE('',(#5362),#5248,.F.);
#5362 = FACE_BOUND('',#5363,.T.);
#5363 = EDGE_LOOP('',(#5364,#5365,#5366,#5394));
#5364 = ORIENTED_EDGE('',*,*,#5232,.T.);
#5365 = ORIENTED_EDGE('',*,*,#5341,.F.);
#5366 = ORIENTED_EDGE('',*,*,#5367,.F.);
#5367 = EDGE_CURVE('',#5368,#5314,#5370,.T.);
#5368 = VERTEX_POINT('',#5369);
#5369 = CARTESIAN_POINT('',(1.15,1.15,-8.502500005649E-02));
#5370 = SURFACE_CURVE('',#5371,(#5375,#5382),.PCURVE_S1.);
#5371 = LINE('',#5372,#5373);
#5372 = CARTESIAN_POINT('',(1.15,1.15,-8.502500005649E-02));
#5373 = VECTOR('',#5374,1.);
#5374 = DIRECTION('',(-1.885568995627E-16,-1.,1.316685792267E-30));
#5375 = PCURVE('',#5248,#5376);
#5376 = DEFINITIONAL_REPRESENTATION('',(#5377),#5381);
#5377 = LINE('',#5378,#5379);
#5378 = CARTESIAN_POINT('',(0.,0.));
#5379 = VECTOR('',#5380,1.);
#5380 = DIRECTION('',(-1.,2.101947696487E-45));
#5381 = ( GEOMETRIC_REPRESENTATION_CONTEXT(2) 
PARAMETRIC_REPRESENTATION_CONTEXT() REPRESENTATION_CONTEXT('2D SPACE',''
  ) );
#5382 = PCURVE('',#5383,#5388);
#5383 = PLANE('',#5384);
#5384 = AXIS2_PLACEMENT_3D('',#5385,#5386,#5387);
#5385 = CARTESIAN_POINT('',(1.15,1.15,-8.502500005649E-02));
#5386 = DIRECTION('',(1.,-1.885568995627E-16,-6.982962677686E-15));
#5387 = DIRECTION('',(-6.982962677686E-15,0.,-1.));
#5388 = DEFINITIONAL_REPRESENTATION('',(#5389),#5393);
#5389 = LINE('',#5390,#5391);
#5390 = CARTESIAN_POINT('',(0.,0.));
#5391 = VECTOR('',#5392,1.);
#5392 = DIRECTION('',(2.101947696487E-45,-1.));
#5393 = ( GEOMETRIC_REPRESENTATION_CONTEXT(2) 
PARAMETRIC_REPRESENTATION_CONTEXT() REPRESENTATION_CONTEXT('2D SPACE',''
  ) );
#5394 = ORIENTED_EDGE('',*,*,#5395,.T.);
#5395 = EDGE_CURVE('',#5368,#5233,#5396,.T.);
#5396 = SURFACE_CURVE('',#5397,(#5401,#5408),.PCURVE_S1.);
#5397 = LINE('',#5398,#5399);
#5398 = CARTESIAN_POINT('',(1.15,1.15,-8.502500005649E-02));
#5399 = VECTOR('',#5400,1.);
#5400 = DIRECTION('',(6.982962677686E-15,0.,1.));
#5401 = PCURVE('',#5248,#5402);
#5402 = DEFINITIONAL_REPRESENTATION('',(#5403),#5407);
#5403 = LINE('',#5404,#5405);
#5404 = CARTESIAN_POINT('',(0.,0.));
#5405 = VECTOR('',#5406,1.);
#5406 = DIRECTION('',(0.,-1.));
#5407 = ( GEOMETRIC_REPRESENTATION_CONTEXT(2) 
PARAMETRIC_REPRESENTATION_CONTEXT() REPRESENTATION_CONTEXT('2D SPACE',''
  ) );
#5408 = PCURVE('',#5274,#5409);
#5409 = DEFINITIONAL_REPRESENTATION('',(#5410),#5414);
#5410 = LINE('',#5411,#5412);
#5411 = CARTESIAN_POINT('',(0.,0.));
#5412 = VECTOR('',#5413,1.);
#5413 = DIRECTION('',(-1.,6.982962677686E-15));
#5414 = ( GEOMETRIC_REPRESENTATION_CONTEXT(2) 
PARAMETRIC_REPRESENTATION_CONTEXT() REPRESENTATION_CONTEXT('2D SPACE',''
  ) );
#5415 = ADVANCED_FACE('',(#5416),#5274,.F.);
#5416 = FACE_BOUND('',#5417,.T.);
#5417 = EDGE_LOOP('',(#5418,#5419,#5420,#5448));
#5418 = ORIENTED_EDGE('',*,*,#5260,.T.);
#5419 = ORIENTED_EDGE('',*,*,#5395,.F.);
#5420 = ORIENTED_EDGE('',*,*,#5421,.F.);
#5421 = EDGE_CURVE('',#5422,#5368,#5424,.T.);
#5422 = VERTEX_POINT('',#5423);
#5423 = CARTESIAN_POINT('',(-1.15,1.15,-8.502500005647E-02));
#5424 = SURFACE_CURVE('',#5425,(#5429,#5436),.PCURVE_S1.);
#5425 = LINE('',#5426,#5427);
#5426 = CARTESIAN_POINT('',(1.15,1.15,-8.502500005649E-02));
#5427 = VECTOR('',#5428,1.);
#5428 = DIRECTION('',(1.,0.,-6.982962677686E-15));
#5429 = PCURVE('',#5274,#5430);
#5430 = DEFINITIONAL_REPRESENTATION('',(#5431),#5435);
#5431 = LINE('',#5432,#5433);
#5432 = CARTESIAN_POINT('',(0.,0.));
#5433 = VECTOR('',#5434,1.);
#5434 = DIRECTION('',(6.982962677686E-15,1.));
#5435 = ( GEOMETRIC_REPRESENTATION_CONTEXT(2) 
PARAMETRIC_REPRESENTATION_CONTEXT() REPRESENTATION_CONTEXT('2D SPACE',''
  ) );
#5436 = PCURVE('',#5437,#5442);
#5437 = PLANE('',#5438);
#5438 = AXIS2_PLACEMENT_3D('',#5439,#5440,#5441);
#5439 = CARTESIAN_POINT('',(1.15,1.15,-8.502500005649E-02));
#5440 = DIRECTION('',(-0.,1.,0.));
#5441 = DIRECTION('',(1.,0.,0.));
#5442 = DEFINITIONAL_REPRESENTATION('',(#5443),#5447);
#5443 = LINE('',#5444,#5445);
#5444 = CARTESIAN_POINT('',(0.,0.));
#5445 = VECTOR('',#5446,1.);
#5446 = DIRECTION('',(1.,6.982962677686E-15));
#5447 = ( GEOMETRIC_REPRESENTATION_CONTEXT(2) 
PARAMETRIC_REPRESENTATION_CONTEXT() REPRESENTATION_CONTEXT('2D SPACE',''
  ) );
#5448 = ORIENTED_EDGE('',*,*,#5449,.T.);
#5449 = EDGE_CURVE('',#5422,#5172,#5450,.T.);
#5450 = SURFACE_CURVE('',#5451,(#5455,#5462),.PCURVE_S1.);
#5451 = LINE('',#5452,#5453);
#5452 = CARTESIAN_POINT('',(-1.15,1.15,-8.502500005647E-02));
#5453 = VECTOR('',#5454,1.);
#5454 = DIRECTION('',(6.982962677686E-15,0.,1.));
#5455 = PCURVE('',#5274,#5456);
#5456 = DEFINITIONAL_REPRESENTATION('',(#5457),#5461);
#5457 = LINE('',#5458,#5459);
#5458 = CARTESIAN_POINT('',(-1.609823385706E-14,-2.3));
#5459 = VECTOR('',#5460,1.);
#5460 = DIRECTION('',(-1.,6.982962677686E-15));
#5461 = ( GEOMETRIC_REPRESENTATION_CONTEXT(2) 
PARAMETRIC_REPRESENTATION_CONTEXT() REPRESENTATION_CONTEXT('2D SPACE',''
  ) );
#5462 = PCURVE('',#5192,#5463);
#5463 = DEFINITIONAL_REPRESENTATION('',(#5464),#5468);
#5464 = LINE('',#5465,#5466);
#5465 = CARTESIAN_POINT('',(0.,0.));
#5466 = VECTOR('',#5467,1.);
#5467 = DIRECTION('',(-1.,0.));
#5468 = ( GEOMETRIC_REPRESENTATION_CONTEXT(2) 
PARAMETRIC_REPRESENTATION_CONTEXT() REPRESENTATION_CONTEXT('2D SPACE',''
  ) );
#5469 = ADVANCED_FACE('',(#5470),#5192,.F.);
#5470 = FACE_BOUND('',#5471,.T.);
#5471 = EDGE_LOOP('',(#5472,#5473,#5474,#5500));
#5472 = ORIENTED_EDGE('',*,*,#5169,.T.);
#5473 = ORIENTED_EDGE('',*,*,#5449,.F.);
#5474 = ORIENTED_EDGE('',*,*,#5475,.F.);
#5475 = EDGE_CURVE('',#5291,#5422,#5476,.T.);
#5476 = SURFACE_CURVE('',#5477,(#5481,#5488),.PCURVE_S1.);
#5477 = LINE('',#5478,#5479);
#5478 = CARTESIAN_POINT('',(-1.15,1.15,-8.502500005647E-02));
#5479 = VECTOR('',#5480,1.);
#5480 = DIRECTION('',(1.885568995627E-16,1.,-1.316685792267E-30));
#5481 = PCURVE('',#5192,#5482);
#5482 = DEFINITIONAL_REPRESENTATION('',(#5483),#5487);
#5483 = LINE('',#5484,#5485);
#5484 = CARTESIAN_POINT('',(9.71445146547E-17,1.279088022425E-46));
#5485 = VECTOR('',#5486,1.);
#5486 = DIRECTION('',(-2.101947696487E-45,1.));
#5487 = ( GEOMETRIC_REPRESENTATION_CONTEXT(2) 
PARAMETRIC_REPRESENTATION_CONTEXT() REPRESENTATION_CONTEXT('2D SPACE',''
  ) );
#5488 = PCURVE('',#5489,#5494);
#5489 = PLANE('',#5490);
#5490 = AXIS2_PLACEMENT_3D('',#5491,#5492,#5493);
#5491 = CARTESIAN_POINT('',(-1.15,1.15,-8.502500005647E-02));
#5492 = DIRECTION('',(-1.,1.885568995627E-16,6.982962677686E-15));
#5493 = DIRECTION('',(1.885568995627E-16,1.,0.));
#5494 = DEFINITIONAL_REPRESENTATION('',(#5495),#5499);
#5495 = LINE('',#5496,#5497);
#5496 = CARTESIAN_POINT('',(0.,0.));
#5497 = VECTOR('',#5498,1.);
#5498 = DIRECTION('',(1.,1.316685792267E-30));
#5499 = ( GEOMETRIC_REPRESENTATION_CONTEXT(2) 
PARAMETRIC_REPRESENTATION_CONTEXT() REPRESENTATION_CONTEXT('2D SPACE',''
  ) );
#5500 = ORIENTED_EDGE('',*,*,#5290,.T.);
#5501 = ADVANCED_FACE('',(#5502),#4862,.T.);
#5502 = FACE_BOUND('',#5503,.T.);
#5503 = EDGE_LOOP('',(#5504,#5505,#5528,#5551));
#5504 = ORIENTED_EDGE('',*,*,#4846,.F.);
#5505 = ORIENTED_EDGE('',*,*,#5506,.F.);
#5506 = EDGE_CURVE('',#5507,#4818,#5509,.T.);
#5507 = VERTEX_POINT('',#5508);
#5508 = CARTESIAN_POINT('',(0.635,-0.25,-0.355125000056));
#5509 = SURFACE_CURVE('',#5510,(#5514,#5521),.PCURVE_S1.);
#5510 = LINE('',#5511,#5512);
#5511 = CARTESIAN_POINT('',(0.635,-0.25,-0.355125000056));
#5512 = VECTOR('',#5513,1.);
#5513 = DIRECTION('',(6.982962677686E-15,0.,1.));
#5514 = PCURVE('',#4862,#5515);
#5515 = DEFINITIONAL_REPRESENTATION('',(#5516),#5520);
#5516 = LINE('',#5517,#5518);
#5517 = CARTESIAN_POINT('',(5.394448724536E-02,0.));
#5518 = VECTOR('',#5519,1.);
#5519 = DIRECTION('',(6.982962677686E-15,-1.));
#5520 = ( GEOMETRIC_REPRESENTATION_CONTEXT(2) 
PARAMETRIC_REPRESENTATION_CONTEXT() REPRESENTATION_CONTEXT('2D SPACE',''
  ) );
#5521 = PCURVE('',#4834,#5522);
#5522 = DEFINITIONAL_REPRESENTATION('',(#5523),#5527);
#5523 = LINE('',#5524,#5525);
#5524 = CARTESIAN_POINT('',(4.712388980385,0.));
#5525 = VECTOR('',#5526,1.);
#5526 = DIRECTION('',(0.,1.));
#5527 = ( GEOMETRIC_REPRESENTATION_CONTEXT(2) 
PARAMETRIC_REPRESENTATION_CONTEXT() REPRESENTATION_CONTEXT('2D SPACE',''
  ) );
#5528 = ORIENTED_EDGE('',*,*,#5529,.T.);
#5529 = EDGE_CURVE('',#5507,#5530,#5532,.T.);
#5530 = VERTEX_POINT('',#5531);
#5531 = CARTESIAN_POINT('',(0.581055512755,-0.25,-0.355125000056));
#5532 = SURFACE_CURVE('',#5533,(#5537,#5544),.PCURVE_S1.);
#5533 = LINE('',#5534,#5535);
#5534 = CARTESIAN_POINT('',(0.581055512755,-0.25,-0.355125000056));
#5535 = VECTOR('',#5536,1.);
#5536 = DIRECTION('',(-1.,0.,6.982962677686E-15));
#5537 = PCURVE('',#4862,#5538);
#5538 = DEFINITIONAL_REPRESENTATION('',(#5539),#5543);
#5539 = LINE('',#5540,#5541);
#5540 = CARTESIAN_POINT('',(0.,0.));
#5541 = VECTOR('',#5542,1.);
#5542 = DIRECTION('',(-1.,-6.982962677686E-15));
#5543 = ( GEOMETRIC_REPRESENTATION_CONTEXT(2) 
PARAMETRIC_REPRESENTATION_CONTEXT() REPRESENTATION_CONTEXT('2D SPACE',''
  ) );
#5544 = PCURVE('',#2699,#5545);
#5545 = DEFINITIONAL_REPRESENTATION('',(#5546),#5550);
#5546 = LINE('',#5547,#5548);
#5547 = CARTESIAN_POINT('',(-0.581055512755,-0.25));
#5548 = VECTOR('',#5549,1.);
#5549 = DIRECTION('',(1.,0.));
#5550 = ( GEOMETRIC_REPRESENTATION_CONTEXT(2) 
PARAMETRIC_REPRESENTATION_CONTEXT() REPRESENTATION_CONTEXT('2D SPACE',''
  ) );
#5551 = ORIENTED_EDGE('',*,*,#5552,.T.);
#5552 = EDGE_CURVE('',#5530,#4847,#5553,.T.);
#5553 = SURFACE_CURVE('',#5554,(#5558,#5565),.PCURVE_S1.);
#5554 = LINE('',#5555,#5556);
#5555 = CARTESIAN_POINT('',(0.581055512755,-0.25,-0.355125000056));
#5556 = VECTOR('',#5557,1.);
#5557 = DIRECTION('',(6.982962677686E-15,0.,1.));
#5558 = PCURVE('',#4862,#5559);
#5559 = DEFINITIONAL_REPRESENTATION('',(#5560),#5564);
#5560 = LINE('',#5561,#5562);
#5561 = CARTESIAN_POINT('',(0.,0.));
#5562 = VECTOR('',#5563,1.);
#5563 = DIRECTION('',(6.982962677686E-15,-1.));
#5564 = ( GEOMETRIC_REPRESENTATION_CONTEXT(2) 
PARAMETRIC_REPRESENTATION_CONTEXT() REPRESENTATION_CONTEXT('2D SPACE',''
  ) );
#5565 = PCURVE('',#4891,#5566);
#5566 = DEFINITIONAL_REPRESENTATION('',(#5567),#5571);
#5567 = LINE('',#5568,#5569);
#5568 = CARTESIAN_POINT('',(4.712388980385,0.));
#5569 = VECTOR('',#5570,1.);
#5570 = DIRECTION('',(0.,1.));
#5571 = ( GEOMETRIC_REPRESENTATION_CONTEXT(2) 
PARAMETRIC_REPRESENTATION_CONTEXT() REPRESENTATION_CONTEXT('2D SPACE',''
  ) );
#5572 = ADVANCED_FACE('',(#5573),#4834,.F.);
#5573 = FACE_BOUND('',#5574,.F.);
#5574 = EDGE_LOOP('',(#5575,#5576,#5600,#5621));
#5575 = ORIENTED_EDGE('',*,*,#5506,.F.);
#5576 = ORIENTED_EDGE('',*,*,#5577,.F.);
#5577 = EDGE_CURVE('',#5578,#5507,#5580,.T.);
#5578 = VERTEX_POINT('',#5579);
#5579 = CARTESIAN_POINT('',(0.66,-0.225,-0.355125000056));
#5580 = SURFACE_CURVE('',#5581,(#5586,#5593),.PCURVE_S1.);
#5581 = CIRCLE('',#5582,2.5E-02);
#5582 = AXIS2_PLACEMENT_3D('',#5583,#5584,#5585);
#5583 = CARTESIAN_POINT('',(0.635,-0.225,-0.355125000056));
#5584 = DIRECTION('',(-6.505213034913E-15,0.,-1.));
#5585 = DIRECTION('',(1.,0.,-6.505213034913E-15));
#5586 = PCURVE('',#4834,#5587);
#5587 = DEFINITIONAL_REPRESENTATION('',(#5588),#5592);
#5588 = LINE('',#5589,#5590);
#5589 = CARTESIAN_POINT('',(6.28318530718,0.));
#5590 = VECTOR('',#5591,1.);
#5591 = DIRECTION('',(-1.,0.));
#5592 = ( GEOMETRIC_REPRESENTATION_CONTEXT(2) 
PARAMETRIC_REPRESENTATION_CONTEXT() REPRESENTATION_CONTEXT('2D SPACE',''
  ) );
#5593 = PCURVE('',#2699,#5594);
#5594 = DEFINITIONAL_REPRESENTATION('',(#5595),#5599);
#5595 = CIRCLE('',#5596,2.5E-02);
#5596 = AXIS2_PLACEMENT_2D('',#5597,#5598);
#5597 = CARTESIAN_POINT('',(-0.635,-0.225));
#5598 = DIRECTION('',(-1.,0.));
#5599 = ( GEOMETRIC_REPRESENTATION_CONTEXT(2) 
PARAMETRIC_REPRESENTATION_CONTEXT() REPRESENTATION_CONTEXT('2D SPACE',''
  ) );
#5600 = ORIENTED_EDGE('',*,*,#5601,.T.);
#5601 = EDGE_CURVE('',#5578,#4790,#5602,.T.);
#5602 = SURFACE_CURVE('',#5603,(#5607,#5614),.PCURVE_S1.);
#5603 = LINE('',#5604,#5605);
#5604 = CARTESIAN_POINT('',(0.66,-0.225,-0.355125000056));
#5605 = VECTOR('',#5606,1.);
#5606 = DIRECTION('',(6.982962677686E-15,0.,1.));
#5607 = PCURVE('',#4834,#5608);
#5608 = DEFINITIONAL_REPRESENTATION('',(#5609),#5613);
#5609 = LINE('',#5610,#5611);
#5610 = CARTESIAN_POINT('',(6.28318530718,-3.330669073875E-16));
#5611 = VECTOR('',#5612,1.);
#5612 = DIRECTION('',(0.,1.));
#5613 = ( GEOMETRIC_REPRESENTATION_CONTEXT(2) 
PARAMETRIC_REPRESENTATION_CONTEXT() REPRESENTATION_CONTEXT('2D SPACE',''
  ) );
#5614 = PCURVE('',#4805,#5615);
#5615 = DEFINITIONAL_REPRESENTATION('',(#5616),#5620);
#5616 = LINE('',#5617,#5618);
#5617 = CARTESIAN_POINT('',(-0.165,-0.));
#5618 = VECTOR('',#5619,1.);
#5619 = DIRECTION('',(0.,-1.));
#5620 = ( GEOMETRIC_REPRESENTATION_CONTEXT(2) 
PARAMETRIC_REPRESENTATION_CONTEXT() REPRESENTATION_CONTEXT('2D SPACE',''
  ) );
#5621 = ORIENTED_EDGE('',*,*,#4817,.T.);
#5622 = ADVANCED_FACE('',(#5623),#4805,.T.);
#5623 = FACE_BOUND('',#5624,.T.);
#5624 = EDGE_LOOP('',(#5625,#5626,#5649,#5670));
#5625 = ORIENTED_EDGE('',*,*,#4789,.F.);
#5626 = ORIENTED_EDGE('',*,*,#5627,.F.);
#5627 = EDGE_CURVE('',#5628,#4761,#5630,.T.);
#5628 = VERTEX_POINT('',#5629);
#5629 = CARTESIAN_POINT('',(0.66,-6.E-02,-0.355125000056));
#5630 = SURFACE_CURVE('',#5631,(#5635,#5642),.PCURVE_S1.);
#5631 = LINE('',#5632,#5633);
#5632 = CARTESIAN_POINT('',(0.66,-6.E-02,-0.355125000056));
#5633 = VECTOR('',#5634,1.);
#5634 = DIRECTION('',(6.982962677686E-15,0.,1.));
#5635 = PCURVE('',#4805,#5636);
#5636 = DEFINITIONAL_REPRESENTATION('',(#5637),#5641);
#5637 = LINE('',#5638,#5639);
#5638 = CARTESIAN_POINT('',(0.,0.));
#5639 = VECTOR('',#5640,1.);
#5640 = DIRECTION('',(0.,-1.));
#5641 = ( GEOMETRIC_REPRESENTATION_CONTEXT(2) 
PARAMETRIC_REPRESENTATION_CONTEXT() REPRESENTATION_CONTEXT('2D SPACE',''
  ) );
#5642 = PCURVE('',#4777,#5643);
#5643 = DEFINITIONAL_REPRESENTATION('',(#5644),#5648);
#5644 = LINE('',#5645,#5646);
#5645 = CARTESIAN_POINT('',(0.,-3.330669073875E-16));
#5646 = VECTOR('',#5647,1.);
#5647 = DIRECTION('',(0.,1.));
#5648 = ( GEOMETRIC_REPRESENTATION_CONTEXT(2) 
PARAMETRIC_REPRESENTATION_CONTEXT() REPRESENTATION_CONTEXT('2D SPACE',''
  ) );
#5649 = ORIENTED_EDGE('',*,*,#5650,.T.);
#5650 = EDGE_CURVE('',#5628,#5578,#5651,.T.);
#5651 = SURFACE_CURVE('',#5652,(#5656,#5663),.PCURVE_S1.);
#5652 = LINE('',#5653,#5654);
#5653 = CARTESIAN_POINT('',(0.66,-6.E-02,-0.355125000056));
#5654 = VECTOR('',#5655,1.);
#5655 = DIRECTION('',(0.,-1.,0.));
#5656 = PCURVE('',#4805,#5657);
#5657 = DEFINITIONAL_REPRESENTATION('',(#5658),#5662);
#5658 = LINE('',#5659,#5660);
#5659 = CARTESIAN_POINT('',(0.,0.));
#5660 = VECTOR('',#5661,1.);
#5661 = DIRECTION('',(-1.,-0.));
#5662 = ( GEOMETRIC_REPRESENTATION_CONTEXT(2) 
PARAMETRIC_REPRESENTATION_CONTEXT() REPRESENTATION_CONTEXT('2D SPACE',''
  ) );
#5663 = PCURVE('',#2699,#5664);
#5664 = DEFINITIONAL_REPRESENTATION('',(#5665),#5669);
#5665 = LINE('',#5666,#5667);
#5666 = CARTESIAN_POINT('',(-0.66,-6.E-02));
#5667 = VECTOR('',#5668,1.);
#5668 = DIRECTION('',(0.,-1.));
#5669 = ( GEOMETRIC_REPRESENTATION_CONTEXT(2) 
PARAMETRIC_REPRESENTATION_CONTEXT() REPRESENTATION_CONTEXT('2D SPACE',''
  ) );
#5670 = ORIENTED_EDGE('',*,*,#5601,.T.);
#5671 = ADVANCED_FACE('',(#5672),#4777,.F.);
#5672 = FACE_BOUND('',#5673,.F.);
#5673 = EDGE_LOOP('',(#5674,#5675,#5699,#5720));
#5674 = ORIENTED_EDGE('',*,*,#5627,.F.);
#5675 = ORIENTED_EDGE('',*,*,#5676,.F.);
#5676 = EDGE_CURVE('',#5677,#5628,#5679,.T.);
#5677 = VERTEX_POINT('',#5678);
#5678 = CARTESIAN_POINT('',(0.635,-3.5E-02,-0.355125000056));
#5679 = SURFACE_CURVE('',#5680,(#5685,#5692),.PCURVE_S1.);
#5680 = CIRCLE('',#5681,2.5E-02);
#5681 = AXIS2_PLACEMENT_3D('',#5682,#5683,#5684);
#5682 = CARTESIAN_POINT('',(0.635,-6.E-02,-0.355125000056));
#5683 = DIRECTION('',(-6.505213034913E-15,0.,-1.));
#5684 = DIRECTION('',(-1.,0.,6.505213034913E-15));
#5685 = PCURVE('',#4777,#5686);
#5686 = DEFINITIONAL_REPRESENTATION('',(#5687),#5691);
#5687 = LINE('',#5688,#5689);
#5688 = CARTESIAN_POINT('',(3.14159265359,0.));
#5689 = VECTOR('',#5690,1.);
#5690 = DIRECTION('',(-1.,0.));
#5691 = ( GEOMETRIC_REPRESENTATION_CONTEXT(2) 
PARAMETRIC_REPRESENTATION_CONTEXT() REPRESENTATION_CONTEXT('2D SPACE',''
  ) );
#5692 = PCURVE('',#2699,#5693);
#5693 = DEFINITIONAL_REPRESENTATION('',(#5694),#5698);
#5694 = CIRCLE('',#5695,2.5E-02);
#5695 = AXIS2_PLACEMENT_2D('',#5696,#5697);
#5696 = CARTESIAN_POINT('',(-0.635,-6.E-02));
#5697 = DIRECTION('',(1.,0.));
#5698 = ( GEOMETRIC_REPRESENTATION_CONTEXT(2) 
PARAMETRIC_REPRESENTATION_CONTEXT() REPRESENTATION_CONTEXT('2D SPACE',''
  ) );
#5699 = ORIENTED_EDGE('',*,*,#5700,.T.);
#5700 = EDGE_CURVE('',#5677,#4733,#5701,.T.);
#5701 = SURFACE_CURVE('',#5702,(#5706,#5713),.PCURVE_S1.);
#5702 = LINE('',#5703,#5704);
#5703 = CARTESIAN_POINT('',(0.635,-3.5E-02,-0.355125000056));
#5704 = VECTOR('',#5705,1.);
#5705 = DIRECTION('',(6.982962677686E-15,0.,1.));
#5706 = PCURVE('',#4777,#5707);
#5707 = DEFINITIONAL_REPRESENTATION('',(#5708),#5712);
#5708 = LINE('',#5709,#5710);
#5709 = CARTESIAN_POINT('',(1.570796326795,0.));
#5710 = VECTOR('',#5711,1.);
#5711 = DIRECTION('',(0.,1.));
#5712 = ( GEOMETRIC_REPRESENTATION_CONTEXT(2) 
PARAMETRIC_REPRESENTATION_CONTEXT() REPRESENTATION_CONTEXT('2D SPACE',''
  ) );
#5713 = PCURVE('',#4748,#5714);
#5714 = DEFINITIONAL_REPRESENTATION('',(#5715),#5719);
#5715 = LINE('',#5716,#5717);
#5716 = CARTESIAN_POINT('',(-0.153944487245,9.992007221626E-16));
#5717 = VECTOR('',#5718,1.);
#5718 = DIRECTION('',(-6.982962677686E-15,-1.));
#5719 = ( GEOMETRIC_REPRESENTATION_CONTEXT(2) 
PARAMETRIC_REPRESENTATION_CONTEXT() REPRESENTATION_CONTEXT('2D SPACE',''
  ) );
#5720 = ORIENTED_EDGE('',*,*,#4760,.T.);
#5721 = ADVANCED_FACE('',(#5722),#4748,.T.);
#5722 = FACE_BOUND('',#5723,.T.);
#5723 = EDGE_LOOP('',(#5724,#5725,#5748,#5769));
#5724 = ORIENTED_EDGE('',*,*,#4732,.F.);
#5725 = ORIENTED_EDGE('',*,*,#5726,.F.);
#5726 = EDGE_CURVE('',#5727,#4704,#5729,.T.);
#5727 = VERTEX_POINT('',#5728);
#5728 = CARTESIAN_POINT('',(0.481055512755,-3.5E-02,-0.355125000056));
#5729 = SURFACE_CURVE('',#5730,(#5734,#5741),.PCURVE_S1.);
#5730 = LINE('',#5731,#5732);
#5731 = CARTESIAN_POINT('',(0.481055512755,-3.5E-02,-0.355125000056));
#5732 = VECTOR('',#5733,1.);
#5733 = DIRECTION('',(6.982962677686E-15,0.,1.));
#5734 = PCURVE('',#4748,#5735);
#5735 = DEFINITIONAL_REPRESENTATION('',(#5736),#5740);
#5736 = LINE('',#5737,#5738);
#5737 = CARTESIAN_POINT('',(0.,-0.));
#5738 = VECTOR('',#5739,1.);
#5739 = DIRECTION('',(-6.982962677686E-15,-1.));
#5740 = ( GEOMETRIC_REPRESENTATION_CONTEXT(2) 
PARAMETRIC_REPRESENTATION_CONTEXT() REPRESENTATION_CONTEXT('2D SPACE',''
  ) );
#5741 = PCURVE('',#4720,#5742);
#5742 = DEFINITIONAL_REPRESENTATION('',(#5743),#5747);
#5743 = LINE('',#5744,#5745);
#5744 = CARTESIAN_POINT('',(1.570796326795,0.));
#5745 = VECTOR('',#5746,1.);
#5746 = DIRECTION('',(0.,1.));
#5747 = ( GEOMETRIC_REPRESENTATION_CONTEXT(2) 
PARAMETRIC_REPRESENTATION_CONTEXT() REPRESENTATION_CONTEXT('2D SPACE',''
  ) );
#5748 = ORIENTED_EDGE('',*,*,#5749,.T.);
#5749 = EDGE_CURVE('',#5727,#5677,#5750,.T.);
#5750 = SURFACE_CURVE('',#5751,(#5755,#5762),.PCURVE_S1.);
#5751 = LINE('',#5752,#5753);
#5752 = CARTESIAN_POINT('',(0.481055512755,-3.5E-02,-0.355125000056));
#5753 = VECTOR('',#5754,1.);
#5754 = DIRECTION('',(1.,-8.803515733869E-17,-6.982962677686E-15));
#5755 = PCURVE('',#4748,#5756);
#5756 = DEFINITIONAL_REPRESENTATION('',(#5757),#5761);
#5757 = LINE('',#5758,#5759);
#5758 = CARTESIAN_POINT('',(0.,-0.));
#5759 = VECTOR('',#5760,1.);
#5760 = DIRECTION('',(-1.,6.982962677686E-15));
#5761 = ( GEOMETRIC_REPRESENTATION_CONTEXT(2) 
PARAMETRIC_REPRESENTATION_CONTEXT() REPRESENTATION_CONTEXT('2D SPACE',''
  ) );
#5762 = PCURVE('',#2699,#5763);
#5763 = DEFINITIONAL_REPRESENTATION('',(#5764),#5768);
#5764 = LINE('',#5765,#5766);
#5765 = CARTESIAN_POINT('',(-0.481055512755,-3.5E-02));
#5766 = VECTOR('',#5767,1.);
#5767 = DIRECTION('',(-1.,-8.803515733869E-17));
#5768 = ( GEOMETRIC_REPRESENTATION_CONTEXT(2) 
PARAMETRIC_REPRESENTATION_CONTEXT() REPRESENTATION_CONTEXT('2D SPACE',''
  ) );
#5769 = ORIENTED_EDGE('',*,*,#5700,.T.);
#5770 = ADVANCED_FACE('',(#5771),#4720,.F.);
#5771 = FACE_BOUND('',#5772,.F.);
#5772 = EDGE_LOOP('',(#5773,#5774,#5798,#5819));
#5773 = ORIENTED_EDGE('',*,*,#5726,.F.);
#5774 = ORIENTED_EDGE('',*,*,#5775,.F.);
#5775 = EDGE_CURVE('',#5776,#5727,#5778,.T.);
#5776 = VERTEX_POINT('',#5777);
#5777 = CARTESIAN_POINT('',(0.468178543914,-3.857142857143E-02,
    -0.355125000056));
#5778 = SURFACE_CURVE('',#5779,(#5784,#5791),.PCURVE_S1.);
#5779 = CIRCLE('',#5780,2.5E-02);
#5780 = AXIS2_PLACEMENT_3D('',#5781,#5782,#5783);
#5781 = CARTESIAN_POINT('',(0.481055512755,-6.E-02,-0.355125000056));
#5782 = DIRECTION('',(-6.505213034913E-15,0.,-1.));
#5783 = DIRECTION('',(-1.,0.,6.505213034913E-15));
#5784 = PCURVE('',#4720,#5785);
#5785 = DEFINITIONAL_REPRESENTATION('',(#5786),#5790);
#5786 = LINE('',#5787,#5788);
#5787 = CARTESIAN_POINT('',(3.14159265359,1.611472719293E-16));
#5788 = VECTOR('',#5789,1.);
#5789 = DIRECTION('',(-1.,-1.025895395733E-16));
#5790 = ( GEOMETRIC_REPRESENTATION_CONTEXT(2) 
PARAMETRIC_REPRESENTATION_CONTEXT() REPRESENTATION_CONTEXT('2D SPACE',''
  ) );
#5791 = PCURVE('',#2699,#5792);
#5792 = DEFINITIONAL_REPRESENTATION('',(#5793),#5797);
#5793 = CIRCLE('',#5794,2.5E-02);
#5794 = AXIS2_PLACEMENT_2D('',#5795,#5796);
#5795 = CARTESIAN_POINT('',(-0.481055512755,-6.E-02));
#5796 = DIRECTION('',(1.,0.));
#5797 = ( GEOMETRIC_REPRESENTATION_CONTEXT(2) 
PARAMETRIC_REPRESENTATION_CONTEXT() REPRESENTATION_CONTEXT('2D SPACE',''
  ) );
#5798 = ORIENTED_EDGE('',*,*,#5799,.T.);
#5799 = EDGE_CURVE('',#5776,#4671,#5800,.T.);
#5800 = SURFACE_CURVE('',#5801,(#5805,#5812),.PCURVE_S1.);
#5801 = LINE('',#5802,#5803);
#5802 = CARTESIAN_POINT('',(0.468178543914,-3.857142857143E-02,
    -0.355125000056));
#5803 = VECTOR('',#5804,1.);
#5804 = DIRECTION('',(6.982962677686E-15,0.,1.));
#5805 = PCURVE('',#4720,#5806);
#5806 = DEFINITIONAL_REPRESENTATION('',(#5807),#5811);
#5807 = LINE('',#5808,#5809);
#5808 = CARTESIAN_POINT('',(2.111895852752,-5.551115123126E-17));
#5809 = VECTOR('',#5810,1.);
#5810 = DIRECTION('',(0.,1.));
#5811 = ( GEOMETRIC_REPRESENTATION_CONTEXT(2) 
PARAMETRIC_REPRESENTATION_CONTEXT() REPRESENTATION_CONTEXT('2D SPACE',''
  ) );
#5812 = PCURVE('',#4691,#5813);
#5813 = DEFINITIONAL_REPRESENTATION('',(#5814),#5818);
#5814 = LINE('',#5815,#5816);
#5815 = CARTESIAN_POINT('',(5.253488506342,1.665334536938E-16));
#5816 = VECTOR('',#5817,1.);
#5817 = DIRECTION('',(0.,1.));
#5818 = ( GEOMETRIC_REPRESENTATION_CONTEXT(2) 
PARAMETRIC_REPRESENTATION_CONTEXT() REPRESENTATION_CONTEXT('2D SPACE',''
  ) );
#5819 = ORIENTED_EDGE('',*,*,#4703,.T.);
#5820 = ADVANCED_FACE('',(#5821),#4691,.T.);
#5821 = FACE_BOUND('',#5822,.T.);
#5822 = EDGE_LOOP('',(#5823,#5824,#5847,#5873));
#5823 = ORIENTED_EDGE('',*,*,#4670,.F.);
#5824 = ORIENTED_EDGE('',*,*,#5825,.F.);
#5825 = EDGE_CURVE('',#5826,#4642,#5828,.T.);
#5826 = VERTEX_POINT('',#5827);
#5827 = CARTESIAN_POINT('',(0.468178543914,3.857142857143E-02,
    -0.355125000056));
#5828 = SURFACE_CURVE('',#5829,(#5833,#5840),.PCURVE_S1.);
#5829 = LINE('',#5830,#5831);
#5830 = CARTESIAN_POINT('',(0.468178543914,3.857142857143E-02,
    -0.355125000056));
#5831 = VECTOR('',#5832,1.);
#5832 = DIRECTION('',(6.982962677686E-15,0.,1.));
#5833 = PCURVE('',#4691,#5834);
#5834 = DEFINITIONAL_REPRESENTATION('',(#5835),#5839);
#5835 = LINE('',#5836,#5837);
#5836 = CARTESIAN_POINT('',(1.029696800838,1.665334536938E-16));
#5837 = VECTOR('',#5838,1.);
#5838 = DIRECTION('',(0.,1.));
#5839 = ( GEOMETRIC_REPRESENTATION_CONTEXT(2) 
PARAMETRIC_REPRESENTATION_CONTEXT() REPRESENTATION_CONTEXT('2D SPACE',''
  ) );
#5840 = PCURVE('',#4658,#5841);
#5841 = DEFINITIONAL_REPRESENTATION('',(#5842),#5846);
#5842 = LINE('',#5843,#5844);
#5843 = CARTESIAN_POINT('',(4.171289454428,-5.551115123126E-17));
#5844 = VECTOR('',#5845,1.);
#5845 = DIRECTION('',(0.,1.));
#5846 = ( GEOMETRIC_REPRESENTATION_CONTEXT(2) 
PARAMETRIC_REPRESENTATION_CONTEXT() REPRESENTATION_CONTEXT('2D SPACE',''
  ) );
#5847 = ORIENTED_EDGE('',*,*,#5848,.T.);
#5848 = EDGE_CURVE('',#5826,#5776,#5849,.T.);
#5849 = SURFACE_CURVE('',#5850,(#5855,#5862),.PCURVE_S1.);
#5850 = CIRCLE('',#5851,4.5E-02);
#5851 = AXIS2_PLACEMENT_3D('',#5852,#5853,#5854);
#5852 = CARTESIAN_POINT('',(0.445,1.084202172486E-16,-0.355125000056));
#5853 = DIRECTION('',(7.228014483237E-15,0.,1.));
#5854 = DIRECTION('',(-1.,0.,7.228014483237E-15));
#5855 = PCURVE('',#4691,#5856);
#5856 = DEFINITIONAL_REPRESENTATION('',(#5857),#5861);
#5857 = LINE('',#5858,#5859);
#5858 = CARTESIAN_POINT('',(-3.14159265359,0.));
#5859 = VECTOR('',#5860,1.);
#5860 = DIRECTION('',(1.,0.));
#5861 = ( GEOMETRIC_REPRESENTATION_CONTEXT(2) 
PARAMETRIC_REPRESENTATION_CONTEXT() REPRESENTATION_CONTEXT('2D SPACE',''
  ) );
#5862 = PCURVE('',#2699,#5863);
#5863 = DEFINITIONAL_REPRESENTATION('',(#5864),#5872);
#5864 = ( BOUNDED_CURVE() B_SPLINE_CURVE(2,(#5865,#5866,#5867,#5868,
#5869,#5870,#5871),.UNSPECIFIED.,.T.,.F.) B_SPLINE_CURVE_WITH_KNOTS((1,2
    ,2,2,2,1),(-2.094395102393,0.,2.094395102393,4.188790204786,
6.28318530718,8.377580409573),.UNSPECIFIED.) CURVE() 
GEOMETRIC_REPRESENTATION_ITEM() RATIONAL_B_SPLINE_CURVE((1.,0.5,1.,0.5,
1.,0.5,1.)) REPRESENTATION_ITEM('') );
#5865 = CARTESIAN_POINT('',(-0.4,1.084202172486E-16));
#5866 = CARTESIAN_POINT('',(-0.4,-7.79422863406E-02));
#5867 = CARTESIAN_POINT('',(-0.4675,-3.89711431703E-02));
#5868 = CARTESIAN_POINT('',(-0.535,9.739839605622E-17));
#5869 = CARTESIAN_POINT('',(-0.4675,3.89711431703E-02));
#5870 = CARTESIAN_POINT('',(-0.4,7.79422863406E-02));
#5871 = CARTESIAN_POINT('',(-0.4,1.084202172486E-16));
#5872 = ( GEOMETRIC_REPRESENTATION_CONTEXT(2) 
PARAMETRIC_REPRESENTATION_CONTEXT() REPRESENTATION_CONTEXT('2D SPACE',''
  ) );
#5873 = ORIENTED_EDGE('',*,*,#5799,.T.);
#5874 = ADVANCED_FACE('',(#5875),#4658,.F.);
#5875 = FACE_BOUND('',#5876,.F.);
#5876 = EDGE_LOOP('',(#5877,#5878,#5902,#5923));
#5877 = ORIENTED_EDGE('',*,*,#5825,.F.);
#5878 = ORIENTED_EDGE('',*,*,#5879,.F.);
#5879 = EDGE_CURVE('',#5880,#5826,#5882,.T.);
#5880 = VERTEX_POINT('',#5881);
#5881 = CARTESIAN_POINT('',(0.481055512755,3.5E-02,-0.355125000056));
#5882 = SURFACE_CURVE('',#5883,(#5888,#5895),.PCURVE_S1.);
#5883 = CIRCLE('',#5884,2.5E-02);
#5884 = AXIS2_PLACEMENT_3D('',#5885,#5886,#5887);
#5885 = CARTESIAN_POINT('',(0.481055512755,6.E-02,-0.355125000056));
#5886 = DIRECTION('',(-6.505213034913E-15,0.,-1.));
#5887 = DIRECTION('',(1.,0.,-6.505213034913E-15));
#5888 = PCURVE('',#4658,#5889);
#5889 = DEFINITIONAL_REPRESENTATION('',(#5890),#5894);
#5890 = LINE('',#5891,#5892);
#5891 = CARTESIAN_POINT('',(6.28318530718,-1.611472719293E-16));
#5892 = VECTOR('',#5893,1.);
#5893 = DIRECTION('',(-1.,1.025895395733E-16));
#5894 = ( GEOMETRIC_REPRESENTATION_CONTEXT(2) 
PARAMETRIC_REPRESENTATION_CONTEXT() REPRESENTATION_CONTEXT('2D SPACE',''
  ) );
#5895 = PCURVE('',#2699,#5896);
#5896 = DEFINITIONAL_REPRESENTATION('',(#5897),#5901);
#5897 = CIRCLE('',#5898,2.5E-02);
#5898 = AXIS2_PLACEMENT_2D('',#5899,#5900);
#5899 = CARTESIAN_POINT('',(-0.481055512755,6.E-02));
#5900 = DIRECTION('',(-1.,0.));
#5901 = ( GEOMETRIC_REPRESENTATION_CONTEXT(2) 
PARAMETRIC_REPRESENTATION_CONTEXT() REPRESENTATION_CONTEXT('2D SPACE',''
  ) );
#5902 = ORIENTED_EDGE('',*,*,#5903,.T.);
#5903 = EDGE_CURVE('',#5880,#4614,#5904,.T.);
#5904 = SURFACE_CURVE('',#5905,(#5909,#5916),.PCURVE_S1.);
#5905 = LINE('',#5906,#5907);
#5906 = CARTESIAN_POINT('',(0.481055512755,3.5E-02,-0.355125000056));
#5907 = VECTOR('',#5908,1.);
#5908 = DIRECTION('',(6.982962677686E-15,0.,1.));
#5909 = PCURVE('',#4658,#5910);
#5910 = DEFINITIONAL_REPRESENTATION('',(#5911),#5915);
#5911 = LINE('',#5912,#5913);
#5912 = CARTESIAN_POINT('',(4.712388980385,0.));
#5913 = VECTOR('',#5914,1.);
#5914 = DIRECTION('',(0.,1.));
#5915 = ( GEOMETRIC_REPRESENTATION_CONTEXT(2) 
PARAMETRIC_REPRESENTATION_CONTEXT() REPRESENTATION_CONTEXT('2D SPACE',''
  ) );
#5916 = PCURVE('',#4629,#5917);
#5917 = DEFINITIONAL_REPRESENTATION('',(#5918),#5922);
#5918 = LINE('',#5919,#5920);
#5919 = CARTESIAN_POINT('',(0.,0.));
#5920 = VECTOR('',#5921,1.);
#5921 = DIRECTION('',(6.982962677686E-15,-1.));
#5922 = ( GEOMETRIC_REPRESENTATION_CONTEXT(2) 
PARAMETRIC_REPRESENTATION_CONTEXT() REPRESENTATION_CONTEXT('2D SPACE',''
  ) );
#5923 = ORIENTED_EDGE('',*,*,#4641,.T.);
#5924 = ADVANCED_FACE('',(#5925),#4629,.T.);
#5925 = FACE_BOUND('',#5926,.T.);
#5926 = EDGE_LOOP('',(#5927,#5928,#5951,#5972));
#5927 = ORIENTED_EDGE('',*,*,#4613,.F.);
#5928 = ORIENTED_EDGE('',*,*,#5929,.F.);
#5929 = EDGE_CURVE('',#5930,#4585,#5932,.T.);
#5930 = VERTEX_POINT('',#5931);
#5931 = CARTESIAN_POINT('',(0.635,3.5E-02,-0.355125000056));
#5932 = SURFACE_CURVE('',#5933,(#5937,#5944),.PCURVE_S1.);
#5933 = LINE('',#5934,#5935);
#5934 = CARTESIAN_POINT('',(0.635,3.5E-02,-0.355125000056));
#5935 = VECTOR('',#5936,1.);
#5936 = DIRECTION('',(6.982962677686E-15,0.,1.));
#5937 = PCURVE('',#4629,#5938);
#5938 = DEFINITIONAL_REPRESENTATION('',(#5939),#5943);
#5939 = LINE('',#5940,#5941);
#5940 = CARTESIAN_POINT('',(0.153944487245,9.992007221626E-16));
#5941 = VECTOR('',#5942,1.);
#5942 = DIRECTION('',(6.982962677686E-15,-1.));
#5943 = ( GEOMETRIC_REPRESENTATION_CONTEXT(2) 
PARAMETRIC_REPRESENTATION_CONTEXT() REPRESENTATION_CONTEXT('2D SPACE',''
  ) );
#5944 = PCURVE('',#4601,#5945);
#5945 = DEFINITIONAL_REPRESENTATION('',(#5946),#5950);
#5946 = LINE('',#5947,#5948);
#5947 = CARTESIAN_POINT('',(4.712388980385,0.));
#5948 = VECTOR('',#5949,1.);
#5949 = DIRECTION('',(0.,1.));
#5950 = ( GEOMETRIC_REPRESENTATION_CONTEXT(2) 
PARAMETRIC_REPRESENTATION_CONTEXT() REPRESENTATION_CONTEXT('2D SPACE',''
  ) );
#5951 = ORIENTED_EDGE('',*,*,#5952,.T.);
#5952 = EDGE_CURVE('',#5930,#5880,#5953,.T.);
#5953 = SURFACE_CURVE('',#5954,(#5958,#5965),.PCURVE_S1.);
#5954 = LINE('',#5955,#5956);
#5955 = CARTESIAN_POINT('',(0.481055512755,3.5E-02,-0.355125000056));
#5956 = VECTOR('',#5957,1.);
#5957 = DIRECTION('',(-1.,-4.401757866934E-17,6.982962677686E-15));
#5958 = PCURVE('',#4629,#5959);
#5959 = DEFINITIONAL_REPRESENTATION('',(#5960),#5964);
#5960 = LINE('',#5961,#5962);
#5961 = CARTESIAN_POINT('',(0.,0.));
#5962 = VECTOR('',#5963,1.);
#5963 = DIRECTION('',(-1.,-6.982962677686E-15));
#5964 = ( GEOMETRIC_REPRESENTATION_CONTEXT(2) 
PARAMETRIC_REPRESENTATION_CONTEXT() REPRESENTATION_CONTEXT('2D SPACE',''
  ) );
#5965 = PCURVE('',#2699,#5966);
#5966 = DEFINITIONAL_REPRESENTATION('',(#5967),#5971);
#5967 = LINE('',#5968,#5969);
#5968 = CARTESIAN_POINT('',(-0.481055512755,3.5E-02));
#5969 = VECTOR('',#5970,1.);
#5970 = DIRECTION('',(1.,-4.401757866934E-17));
#5971 = ( GEOMETRIC_REPRESENTATION_CONTEXT(2) 
PARAMETRIC_REPRESENTATION_CONTEXT() REPRESENTATION_CONTEXT('2D SPACE',''
  ) );
#5972 = ORIENTED_EDGE('',*,*,#5903,.T.);
#5973 = ADVANCED_FACE('',(#5974),#4601,.F.);
#5974 = FACE_BOUND('',#5975,.F.);
#5975 = EDGE_LOOP('',(#5976,#5977,#6001,#6022));
#5976 = ORIENTED_EDGE('',*,*,#5929,.F.);
#5977 = ORIENTED_EDGE('',*,*,#5978,.F.);
#5978 = EDGE_CURVE('',#5979,#5930,#5981,.T.);
#5979 = VERTEX_POINT('',#5980);
#5980 = CARTESIAN_POINT('',(0.66,6.E-02,-0.355125000056));
#5981 = SURFACE_CURVE('',#5982,(#5987,#5994),.PCURVE_S1.);
#5982 = CIRCLE('',#5983,2.5E-02);
#5983 = AXIS2_PLACEMENT_3D('',#5984,#5985,#5986);
#5984 = CARTESIAN_POINT('',(0.635,6.E-02,-0.355125000056));
#5985 = DIRECTION('',(-6.505213034913E-15,0.,-1.));
#5986 = DIRECTION('',(1.,0.,-6.505213034913E-15));
#5987 = PCURVE('',#4601,#5988);
#5988 = DEFINITIONAL_REPRESENTATION('',(#5989),#5993);
#5989 = LINE('',#5990,#5991);
#5990 = CARTESIAN_POINT('',(6.28318530718,0.));
#5991 = VECTOR('',#5992,1.);
#5992 = DIRECTION('',(-1.,0.));
#5993 = ( GEOMETRIC_REPRESENTATION_CONTEXT(2) 
PARAMETRIC_REPRESENTATION_CONTEXT() REPRESENTATION_CONTEXT('2D SPACE',''
  ) );
#5994 = PCURVE('',#2699,#5995);
#5995 = DEFINITIONAL_REPRESENTATION('',(#5996),#6000);
#5996 = CIRCLE('',#5997,2.5E-02);
#5997 = AXIS2_PLACEMENT_2D('',#5998,#5999);
#5998 = CARTESIAN_POINT('',(-0.635,6.E-02));
#5999 = DIRECTION('',(-1.,0.));
#6000 = ( GEOMETRIC_REPRESENTATION_CONTEXT(2) 
PARAMETRIC_REPRESENTATION_CONTEXT() REPRESENTATION_CONTEXT('2D SPACE',''
  ) );
#6001 = ORIENTED_EDGE('',*,*,#6002,.T.);
#6002 = EDGE_CURVE('',#5979,#4557,#6003,.T.);
#6003 = SURFACE_CURVE('',#6004,(#6008,#6015),.PCURVE_S1.);
#6004 = LINE('',#6005,#6006);
#6005 = CARTESIAN_POINT('',(0.66,6.E-02,-0.355125000056));
#6006 = VECTOR('',#6007,1.);
#6007 = DIRECTION('',(6.982962677686E-15,0.,1.));
#6008 = PCURVE('',#4601,#6009);
#6009 = DEFINITIONAL_REPRESENTATION('',(#6010),#6014);
#6010 = LINE('',#6011,#6012);
#6011 = CARTESIAN_POINT('',(6.28318530718,-3.330669073875E-16));
#6012 = VECTOR('',#6013,1.);
#6013 = DIRECTION('',(0.,1.));
#6014 = ( GEOMETRIC_REPRESENTATION_CONTEXT(2) 
PARAMETRIC_REPRESENTATION_CONTEXT() REPRESENTATION_CONTEXT('2D SPACE',''
  ) );
#6015 = PCURVE('',#4572,#6016);
#6016 = DEFINITIONAL_REPRESENTATION('',(#6017),#6021);
#6017 = LINE('',#6018,#6019);
#6018 = CARTESIAN_POINT('',(-0.165,-0.));
#6019 = VECTOR('',#6020,1.);
#6020 = DIRECTION('',(0.,-1.));
#6021 = ( GEOMETRIC_REPRESENTATION_CONTEXT(2) 
PARAMETRIC_REPRESENTATION_CONTEXT() REPRESENTATION_CONTEXT('2D SPACE',''
  ) );
#6022 = ORIENTED_EDGE('',*,*,#4584,.T.);
#6023 = ADVANCED_FACE('',(#6024),#4572,.T.);
#6024 = FACE_BOUND('',#6025,.T.);
#6025 = EDGE_LOOP('',(#6026,#6027,#6050,#6071));
#6026 = ORIENTED_EDGE('',*,*,#4556,.F.);
#6027 = ORIENTED_EDGE('',*,*,#6028,.F.);
#6028 = EDGE_CURVE('',#6029,#4528,#6031,.T.);
#6029 = VERTEX_POINT('',#6030);
#6030 = CARTESIAN_POINT('',(0.66,0.225,-0.355125000056));
#6031 = SURFACE_CURVE('',#6032,(#6036,#6043),.PCURVE_S1.);
#6032 = LINE('',#6033,#6034);
#6033 = CARTESIAN_POINT('',(0.66,0.225,-0.355125000056));
#6034 = VECTOR('',#6035,1.);
#6035 = DIRECTION('',(6.982962677686E-15,0.,1.));
#6036 = PCURVE('',#4572,#6037);
#6037 = DEFINITIONAL_REPRESENTATION('',(#6038),#6042);
#6038 = LINE('',#6039,#6040);
#6039 = CARTESIAN_POINT('',(0.,0.));
#6040 = VECTOR('',#6041,1.);
#6041 = DIRECTION('',(0.,-1.));
#6042 = ( GEOMETRIC_REPRESENTATION_CONTEXT(2) 
PARAMETRIC_REPRESENTATION_CONTEXT() REPRESENTATION_CONTEXT('2D SPACE',''
  ) );
#6043 = PCURVE('',#4544,#6044);
#6044 = DEFINITIONAL_REPRESENTATION('',(#6045),#6049);
#6045 = LINE('',#6046,#6047);
#6046 = CARTESIAN_POINT('',(0.,-3.330669073875E-16));
#6047 = VECTOR('',#6048,1.);
#6048 = DIRECTION('',(0.,1.));
#6049 = ( GEOMETRIC_REPRESENTATION_CONTEXT(2) 
PARAMETRIC_REPRESENTATION_CONTEXT() REPRESENTATION_CONTEXT('2D SPACE',''
  ) );
#6050 = ORIENTED_EDGE('',*,*,#6051,.T.);
#6051 = EDGE_CURVE('',#6029,#5979,#6052,.T.);
#6052 = SURFACE_CURVE('',#6053,(#6057,#6064),.PCURVE_S1.);
#6053 = LINE('',#6054,#6055);
#6054 = CARTESIAN_POINT('',(0.66,0.225,-0.355125000056));
#6055 = VECTOR('',#6056,1.);
#6056 = DIRECTION('',(0.,-1.,0.));
#6057 = PCURVE('',#4572,#6058);
#6058 = DEFINITIONAL_REPRESENTATION('',(#6059),#6063);
#6059 = LINE('',#6060,#6061);
#6060 = CARTESIAN_POINT('',(0.,0.));
#6061 = VECTOR('',#6062,1.);
#6062 = DIRECTION('',(-1.,-0.));
#6063 = ( GEOMETRIC_REPRESENTATION_CONTEXT(2) 
PARAMETRIC_REPRESENTATION_CONTEXT() REPRESENTATION_CONTEXT('2D SPACE',''
  ) );
#6064 = PCURVE('',#2699,#6065);
#6065 = DEFINITIONAL_REPRESENTATION('',(#6066),#6070);
#6066 = LINE('',#6067,#6068);
#6067 = CARTESIAN_POINT('',(-0.66,0.225));
#6068 = VECTOR('',#6069,1.);
#6069 = DIRECTION('',(0.,-1.));
#6070 = ( GEOMETRIC_REPRESENTATION_CONTEXT(2) 
PARAMETRIC_REPRESENTATION_CONTEXT() REPRESENTATION_CONTEXT('2D SPACE',''
  ) );
#6071 = ORIENTED_EDGE('',*,*,#6002,.T.);
#6072 = ADVANCED_FACE('',(#6073),#4544,.F.);
#6073 = FACE_BOUND('',#6074,.F.);
#6074 = EDGE_LOOP('',(#6075,#6076,#6100,#6121));
#6075 = ORIENTED_EDGE('',*,*,#6028,.F.);
#6076 = ORIENTED_EDGE('',*,*,#6077,.F.);
#6077 = EDGE_CURVE('',#6078,#6029,#6080,.T.);
#6078 = VERTEX_POINT('',#6079);
#6079 = CARTESIAN_POINT('',(0.635,0.25,-0.355125000056));
#6080 = SURFACE_CURVE('',#6081,(#6086,#6093),.PCURVE_S1.);
#6081 = CIRCLE('',#6082,2.5E-02);
#6082 = AXIS2_PLACEMENT_3D('',#6083,#6084,#6085);
#6083 = CARTESIAN_POINT('',(0.635,0.225,-0.355125000056));
#6084 = DIRECTION('',(-6.505213034913E-15,0.,-1.));
#6085 = DIRECTION('',(-1.,0.,6.505213034913E-15));
#6086 = PCURVE('',#4544,#6087);
#6087 = DEFINITIONAL_REPRESENTATION('',(#6088),#6092);
#6088 = LINE('',#6089,#6090);
#6089 = CARTESIAN_POINT('',(3.14159265359,0.));
#6090 = VECTOR('',#6091,1.);
#6091 = DIRECTION('',(-1.,0.));
#6092 = ( GEOMETRIC_REPRESENTATION_CONTEXT(2) 
PARAMETRIC_REPRESENTATION_CONTEXT() REPRESENTATION_CONTEXT('2D SPACE',''
  ) );
#6093 = PCURVE('',#2699,#6094);
#6094 = DEFINITIONAL_REPRESENTATION('',(#6095),#6099);
#6095 = CIRCLE('',#6096,2.5E-02);
#6096 = AXIS2_PLACEMENT_2D('',#6097,#6098);
#6097 = CARTESIAN_POINT('',(-0.635,0.225));
#6098 = DIRECTION('',(1.,0.));
#6099 = ( GEOMETRIC_REPRESENTATION_CONTEXT(2) 
PARAMETRIC_REPRESENTATION_CONTEXT() REPRESENTATION_CONTEXT('2D SPACE',''
  ) );
#6100 = ORIENTED_EDGE('',*,*,#6101,.T.);
#6101 = EDGE_CURVE('',#6078,#4500,#6102,.T.);
#6102 = SURFACE_CURVE('',#6103,(#6107,#6114),.PCURVE_S1.);
#6103 = LINE('',#6104,#6105);
#6104 = CARTESIAN_POINT('',(0.635,0.25,-0.355125000056));
#6105 = VECTOR('',#6106,1.);
#6106 = DIRECTION('',(6.982962677686E-15,0.,1.));
#6107 = PCURVE('',#4544,#6108);
#6108 = DEFINITIONAL_REPRESENTATION('',(#6109),#6113);
#6109 = LINE('',#6110,#6111);
#6110 = CARTESIAN_POINT('',(1.570796326795,0.));
#6111 = VECTOR('',#6112,1.);
#6112 = DIRECTION('',(0.,1.));
#6113 = ( GEOMETRIC_REPRESENTATION_CONTEXT(2) 
PARAMETRIC_REPRESENTATION_CONTEXT() REPRESENTATION_CONTEXT('2D SPACE',''
  ) );
#6114 = PCURVE('',#4515,#6115);
#6115 = DEFINITIONAL_REPRESENTATION('',(#6116),#6120);
#6116 = LINE('',#6117,#6118);
#6117 = CARTESIAN_POINT('',(0.,5.394448724536E-02));
#6118 = VECTOR('',#6119,1.);
#6119 = DIRECTION('',(-1.,6.982962677686E-15));
#6120 = ( GEOMETRIC_REPRESENTATION_CONTEXT(2) 
PARAMETRIC_REPRESENTATION_CONTEXT() REPRESENTATION_CONTEXT('2D SPACE',''
  ) );
#6121 = ORIENTED_EDGE('',*,*,#4527,.T.);
#6122 = ADVANCED_FACE('',(#6123),#4515,.T.);
#6123 = FACE_BOUND('',#6124,.T.);
#6124 = EDGE_LOOP('',(#6125,#6126,#6149,#6170));
#6125 = ORIENTED_EDGE('',*,*,#4499,.F.);
#6126 = ORIENTED_EDGE('',*,*,#6127,.F.);
#6127 = EDGE_CURVE('',#6128,#4471,#6130,.T.);
#6128 = VERTEX_POINT('',#6129);
#6129 = CARTESIAN_POINT('',(0.581055512755,0.25,-0.355125000056));
#6130 = SURFACE_CURVE('',#6131,(#6135,#6142),.PCURVE_S1.);
#6131 = LINE('',#6132,#6133);
#6132 = CARTESIAN_POINT('',(0.581055512755,0.25,-0.355125000056));
#6133 = VECTOR('',#6134,1.);
#6134 = DIRECTION('',(6.982962677686E-15,0.,1.));
#6135 = PCURVE('',#4515,#6136);
#6136 = DEFINITIONAL_REPRESENTATION('',(#6137),#6141);
#6137 = LINE('',#6138,#6139);
#6138 = CARTESIAN_POINT('',(0.,0.));
#6139 = VECTOR('',#6140,1.);
#6140 = DIRECTION('',(-1.,6.982962677686E-15));
#6141 = ( GEOMETRIC_REPRESENTATION_CONTEXT(2) 
PARAMETRIC_REPRESENTATION_CONTEXT() REPRESENTATION_CONTEXT('2D SPACE',''
  ) );
#6142 = PCURVE('',#4487,#6143);
#6143 = DEFINITIONAL_REPRESENTATION('',(#6144),#6148);
#6144 = LINE('',#6145,#6146);
#6145 = CARTESIAN_POINT('',(1.570796326795,0.));
#6146 = VECTOR('',#6147,1.);
#6147 = DIRECTION('',(0.,1.));
#6148 = ( GEOMETRIC_REPRESENTATION_CONTEXT(2) 
PARAMETRIC_REPRESENTATION_CONTEXT() REPRESENTATION_CONTEXT('2D SPACE',''
  ) );
#6149 = ORIENTED_EDGE('',*,*,#6150,.T.);
#6150 = EDGE_CURVE('',#6128,#6078,#6151,.T.);
#6151 = SURFACE_CURVE('',#6152,(#6156,#6163),.PCURVE_S1.);
#6152 = LINE('',#6153,#6154);
#6153 = CARTESIAN_POINT('',(0.581055512755,0.25,-0.355125000056));
#6154 = VECTOR('',#6155,1.);
#6155 = DIRECTION('',(1.,0.,-6.982962677686E-15));
#6156 = PCURVE('',#4515,#6157);
#6157 = DEFINITIONAL_REPRESENTATION('',(#6158),#6162);
#6158 = LINE('',#6159,#6160);
#6159 = CARTESIAN_POINT('',(0.,0.));
#6160 = VECTOR('',#6161,1.);
#6161 = DIRECTION('',(6.982962677686E-15,1.));
#6162 = ( GEOMETRIC_REPRESENTATION_CONTEXT(2) 
PARAMETRIC_REPRESENTATION_CONTEXT() REPRESENTATION_CONTEXT('2D SPACE',''
  ) );
#6163 = PCURVE('',#2699,#6164);
#6164 = DEFINITIONAL_REPRESENTATION('',(#6165),#6169);
#6165 = LINE('',#6166,#6167);
#6166 = CARTESIAN_POINT('',(-0.581055512755,0.25));
#6167 = VECTOR('',#6168,1.);
#6168 = DIRECTION('',(-1.,0.));
#6169 = ( GEOMETRIC_REPRESENTATION_CONTEXT(2) 
PARAMETRIC_REPRESENTATION_CONTEXT() REPRESENTATION_CONTEXT('2D SPACE',''
  ) );
#6170 = ORIENTED_EDGE('',*,*,#6101,.T.);
#6171 = ADVANCED_FACE('',(#6172),#4487,.F.);
#6172 = FACE_BOUND('',#6173,.F.);
#6173 = EDGE_LOOP('',(#6174,#6175,#6199,#6220));
#6174 = ORIENTED_EDGE('',*,*,#6127,.F.);
#6175 = ORIENTED_EDGE('',*,*,#6176,.F.);
#6176 = EDGE_CURVE('',#6177,#6128,#6179,.T.);
#6177 = VERTEX_POINT('',#6178);
#6178 = CARTESIAN_POINT('',(0.568178543914,0.246428571429,
    -0.355125000056));
#6179 = SURFACE_CURVE('',#6180,(#6185,#6192),.PCURVE_S1.);
#6180 = CIRCLE('',#6181,2.5E-02);
#6181 = AXIS2_PLACEMENT_3D('',#6182,#6183,#6184);
#6182 = CARTESIAN_POINT('',(0.581055512755,0.225,-0.355125000056));
#6183 = DIRECTION('',(-6.505213034913E-15,0.,-1.));
#6184 = DIRECTION('',(-1.,0.,6.505213034913E-15));
#6185 = PCURVE('',#4487,#6186);
#6186 = DEFINITIONAL_REPRESENTATION('',(#6187),#6191);
#6187 = LINE('',#6188,#6189);
#6188 = CARTESIAN_POINT('',(3.14159265359,1.611472719293E-16));
#6189 = VECTOR('',#6190,1.);
#6190 = DIRECTION('',(-1.,-1.025895395733E-16));
#6191 = ( GEOMETRIC_REPRESENTATION_CONTEXT(2) 
PARAMETRIC_REPRESENTATION_CONTEXT() REPRESENTATION_CONTEXT('2D SPACE',''
  ) );
#6192 = PCURVE('',#2699,#6193);
#6193 = DEFINITIONAL_REPRESENTATION('',(#6194),#6198);
#6194 = CIRCLE('',#6195,2.5E-02);
#6195 = AXIS2_PLACEMENT_2D('',#6196,#6197);
#6196 = CARTESIAN_POINT('',(-0.581055512755,0.225));
#6197 = DIRECTION('',(1.,0.));
#6198 = ( GEOMETRIC_REPRESENTATION_CONTEXT(2) 
PARAMETRIC_REPRESENTATION_CONTEXT() REPRESENTATION_CONTEXT('2D SPACE',''
  ) );
#6199 = ORIENTED_EDGE('',*,*,#6200,.T.);
#6200 = EDGE_CURVE('',#6177,#4438,#6201,.T.);
#6201 = SURFACE_CURVE('',#6202,(#6206,#6213),.PCURVE_S1.);
#6202 = LINE('',#6203,#6204);
#6203 = CARTESIAN_POINT('',(0.568178543914,0.246428571429,
    -0.355125000056));
#6204 = VECTOR('',#6205,1.);
#6205 = DIRECTION('',(6.982962677686E-15,0.,1.));
#6206 = PCURVE('',#4487,#6207);
#6207 = DEFINITIONAL_REPRESENTATION('',(#6208),#6212);
#6208 = LINE('',#6209,#6210);
#6209 = CARTESIAN_POINT('',(2.111895852752,3.885780586188E-16));
#6210 = VECTOR('',#6211,1.);
#6211 = DIRECTION('',(0.,1.));
#6212 = ( GEOMETRIC_REPRESENTATION_CONTEXT(2) 
PARAMETRIC_REPRESENTATION_CONTEXT() REPRESENTATION_CONTEXT('2D SPACE',''
  ) );
#6213 = PCURVE('',#4458,#6214);
#6214 = DEFINITIONAL_REPRESENTATION('',(#6215),#6219);
#6215 = LINE('',#6216,#6217);
#6216 = CARTESIAN_POINT('',(5.253488506342,1.665334536938E-16));
#6217 = VECTOR('',#6218,1.);
#6218 = DIRECTION('',(0.,1.));
#6219 = ( GEOMETRIC_REPRESENTATION_CONTEXT(2) 
PARAMETRIC_REPRESENTATION_CONTEXT() REPRESENTATION_CONTEXT('2D SPACE',''
  ) );
#6220 = ORIENTED_EDGE('',*,*,#4470,.T.);
#6221 = ADVANCED_FACE('',(#6222),#4458,.T.);
#6222 = FACE_BOUND('',#6223,.T.);
#6223 = EDGE_LOOP('',(#6224,#6225,#6248,#6274));
#6224 = ORIENTED_EDGE('',*,*,#4437,.F.);
#6225 = ORIENTED_EDGE('',*,*,#6226,.F.);
#6226 = EDGE_CURVE('',#6227,#4409,#6229,.T.);
#6227 = VERTEX_POINT('',#6228);
#6228 = CARTESIAN_POINT('',(0.568178543914,0.323571428571,
    -0.355125000056));
#6229 = SURFACE_CURVE('',#6230,(#6234,#6241),.PCURVE_S1.);
#6230 = LINE('',#6231,#6232);
#6231 = CARTESIAN_POINT('',(0.568178543914,0.323571428571,
    -0.355125000056));
#6232 = VECTOR('',#6233,1.);
#6233 = DIRECTION('',(6.982962677686E-15,0.,1.));
#6234 = PCURVE('',#4458,#6235);
#6235 = DEFINITIONAL_REPRESENTATION('',(#6236),#6240);
#6236 = LINE('',#6237,#6238);
#6237 = CARTESIAN_POINT('',(1.029696800838,1.665334536938E-16));
#6238 = VECTOR('',#6239,1.);
#6239 = DIRECTION('',(0.,1.));
#6240 = ( GEOMETRIC_REPRESENTATION_CONTEXT(2) 
PARAMETRIC_REPRESENTATION_CONTEXT() REPRESENTATION_CONTEXT('2D SPACE',''
  ) );
#6241 = PCURVE('',#4425,#6242);
#6242 = DEFINITIONAL_REPRESENTATION('',(#6243),#6247);
#6243 = LINE('',#6244,#6245);
#6244 = CARTESIAN_POINT('',(4.171289454428,3.885780586188E-16));
#6245 = VECTOR('',#6246,1.);
#6246 = DIRECTION('',(0.,1.));
#6247 = ( GEOMETRIC_REPRESENTATION_CONTEXT(2) 
PARAMETRIC_REPRESENTATION_CONTEXT() REPRESENTATION_CONTEXT('2D SPACE',''
  ) );
#6248 = ORIENTED_EDGE('',*,*,#6249,.T.);
#6249 = EDGE_CURVE('',#6227,#6177,#6250,.T.);
#6250 = SURFACE_CURVE('',#6251,(#6256,#6263),.PCURVE_S1.);
#6251 = CIRCLE('',#6252,4.5E-02);
#6252 = AXIS2_PLACEMENT_3D('',#6253,#6254,#6255);
#6253 = CARTESIAN_POINT('',(0.545,0.285,-0.355125000056));
#6254 = DIRECTION('',(7.228014483237E-15,0.,1.));
#6255 = DIRECTION('',(-1.,0.,7.228014483237E-15));
#6256 = PCURVE('',#4458,#6257);
#6257 = DEFINITIONAL_REPRESENTATION('',(#6258),#6262);
#6258 = LINE('',#6259,#6260);
#6259 = CARTESIAN_POINT('',(-3.14159265359,0.));
#6260 = VECTOR('',#6261,1.);
#6261 = DIRECTION('',(1.,0.));
#6262 = ( GEOMETRIC_REPRESENTATION_CONTEXT(2) 
PARAMETRIC_REPRESENTATION_CONTEXT() REPRESENTATION_CONTEXT('2D SPACE',''
  ) );
#6263 = PCURVE('',#2699,#6264);
#6264 = DEFINITIONAL_REPRESENTATION('',(#6265),#6273);
#6265 = ( BOUNDED_CURVE() B_SPLINE_CURVE(2,(#6266,#6267,#6268,#6269,
#6270,#6271,#6272),.UNSPECIFIED.,.T.,.F.) B_SPLINE_CURVE_WITH_KNOTS((1,2
    ,2,2,2,1),(-2.094395102393,0.,2.094395102393,4.188790204786,
6.28318530718,8.377580409573),.UNSPECIFIED.) CURVE() 
GEOMETRIC_REPRESENTATION_ITEM() RATIONAL_B_SPLINE_CURVE((1.,0.5,1.,0.5,
1.,0.5,1.)) REPRESENTATION_ITEM('') );
#6266 = CARTESIAN_POINT('',(-0.5,0.285));
#6267 = CARTESIAN_POINT('',(-0.5,0.207057713659));
#6268 = CARTESIAN_POINT('',(-0.5675,0.24602885683));
#6269 = CARTESIAN_POINT('',(-0.635,0.285));
#6270 = CARTESIAN_POINT('',(-0.5675,0.32397114317));
#6271 = CARTESIAN_POINT('',(-0.5,0.362942286341));
#6272 = CARTESIAN_POINT('',(-0.5,0.285));
#6273 = ( GEOMETRIC_REPRESENTATION_CONTEXT(2) 
PARAMETRIC_REPRESENTATION_CONTEXT() REPRESENTATION_CONTEXT('2D SPACE',''
  ) );
#6274 = ORIENTED_EDGE('',*,*,#6200,.T.);
#6275 = ADVANCED_FACE('',(#6276),#4425,.F.);
#6276 = FACE_BOUND('',#6277,.F.);
#6277 = EDGE_LOOP('',(#6278,#6279,#6303,#6324));
#6278 = ORIENTED_EDGE('',*,*,#6226,.F.);
#6279 = ORIENTED_EDGE('',*,*,#6280,.F.);
#6280 = EDGE_CURVE('',#6281,#6227,#6283,.T.);
#6281 = VERTEX_POINT('',#6282);
#6282 = CARTESIAN_POINT('',(0.581055512755,0.32,-0.355125000056));
#6283 = SURFACE_CURVE('',#6284,(#6289,#6296),.PCURVE_S1.);
#6284 = CIRCLE('',#6285,2.5E-02);
#6285 = AXIS2_PLACEMENT_3D('',#6286,#6287,#6288);
#6286 = CARTESIAN_POINT('',(0.581055512755,0.345,-0.355125000056));
#6287 = DIRECTION('',(-6.505213034913E-15,0.,-1.));
#6288 = DIRECTION('',(1.,0.,-6.505213034913E-15));
#6289 = PCURVE('',#4425,#6290);
#6290 = DEFINITIONAL_REPRESENTATION('',(#6291),#6295);
#6291 = LINE('',#6292,#6293);
#6292 = CARTESIAN_POINT('',(6.28318530718,-1.611472719293E-16));
#6293 = VECTOR('',#6294,1.);
#6294 = DIRECTION('',(-1.,1.025895395733E-16));
#6295 = ( GEOMETRIC_REPRESENTATION_CONTEXT(2) 
PARAMETRIC_REPRESENTATION_CONTEXT() REPRESENTATION_CONTEXT('2D SPACE',''
  ) );
#6296 = PCURVE('',#2699,#6297);
#6297 = DEFINITIONAL_REPRESENTATION('',(#6298),#6302);
#6298 = CIRCLE('',#6299,2.5E-02);
#6299 = AXIS2_PLACEMENT_2D('',#6300,#6301);
#6300 = CARTESIAN_POINT('',(-0.581055512755,0.345));
#6301 = DIRECTION('',(-1.,0.));
#6302 = ( GEOMETRIC_REPRESENTATION_CONTEXT(2) 
PARAMETRIC_REPRESENTATION_CONTEXT() REPRESENTATION_CONTEXT('2D SPACE',''
  ) );
#6303 = ORIENTED_EDGE('',*,*,#6304,.T.);
#6304 = EDGE_CURVE('',#6281,#4381,#6305,.T.);
#6305 = SURFACE_CURVE('',#6306,(#6310,#6317),.PCURVE_S1.);
#6306 = LINE('',#6307,#6308);
#6307 = CARTESIAN_POINT('',(0.581055512755,0.32,-0.355125000056));
#6308 = VECTOR('',#6309,1.);
#6309 = DIRECTION('',(6.982962677686E-15,0.,1.));
#6310 = PCURVE('',#4425,#6311);
#6311 = DEFINITIONAL_REPRESENTATION('',(#6312),#6316);
#6312 = LINE('',#6313,#6314);
#6313 = CARTESIAN_POINT('',(4.712388980385,0.));
#6314 = VECTOR('',#6315,1.);
#6315 = DIRECTION('',(0.,1.));
#6316 = ( GEOMETRIC_REPRESENTATION_CONTEXT(2) 
PARAMETRIC_REPRESENTATION_CONTEXT() REPRESENTATION_CONTEXT('2D SPACE',''
  ) );
#6317 = PCURVE('',#4396,#6318);
#6318 = DEFINITIONAL_REPRESENTATION('',(#6319),#6323);
#6319 = LINE('',#6320,#6321);
#6320 = CARTESIAN_POINT('',(0.,0.));
#6321 = VECTOR('',#6322,1.);
#6322 = DIRECTION('',(6.982962677686E-15,-1.));
#6323 = ( GEOMETRIC_REPRESENTATION_CONTEXT(2) 
PARAMETRIC_REPRESENTATION_CONTEXT() REPRESENTATION_CONTEXT('2D SPACE',''
  ) );
#6324 = ORIENTED_EDGE('',*,*,#4408,.T.);
#6325 = ADVANCED_FACE('',(#6326),#4396,.T.);
#6326 = FACE_BOUND('',#6327,.T.);
#6327 = EDGE_LOOP('',(#6328,#6329,#6352,#6373));
#6328 = ORIENTED_EDGE('',*,*,#4380,.F.);
#6329 = ORIENTED_EDGE('',*,*,#6330,.F.);
#6330 = EDGE_CURVE('',#6331,#4352,#6333,.T.);
#6331 = VERTEX_POINT('',#6332);
#6332 = CARTESIAN_POINT('',(0.635,0.32,-0.355125000056));
#6333 = SURFACE_CURVE('',#6334,(#6338,#6345),.PCURVE_S1.);
#6334 = LINE('',#6335,#6336);
#6335 = CARTESIAN_POINT('',(0.635,0.32,-0.355125000056));
#6336 = VECTOR('',#6337,1.);
#6337 = DIRECTION('',(6.982962677686E-15,0.,1.));
#6338 = PCURVE('',#4396,#6339);
#6339 = DEFINITIONAL_REPRESENTATION('',(#6340),#6344);
#6340 = LINE('',#6341,#6342);
#6341 = CARTESIAN_POINT('',(5.394448724536E-02,0.));
#6342 = VECTOR('',#6343,1.);
#6343 = DIRECTION('',(6.982962677686E-15,-1.));
#6344 = ( GEOMETRIC_REPRESENTATION_CONTEXT(2) 
PARAMETRIC_REPRESENTATION_CONTEXT() REPRESENTATION_CONTEXT('2D SPACE',''
  ) );
#6345 = PCURVE('',#4368,#6346);
#6346 = DEFINITIONAL_REPRESENTATION('',(#6347),#6351);
#6347 = LINE('',#6348,#6349);
#6348 = CARTESIAN_POINT('',(4.712388980385,0.));
#6349 = VECTOR('',#6350,1.);
#6350 = DIRECTION('',(0.,1.));
#6351 = ( GEOMETRIC_REPRESENTATION_CONTEXT(2) 
PARAMETRIC_REPRESENTATION_CONTEXT() REPRESENTATION_CONTEXT('2D SPACE',''
  ) );
#6352 = ORIENTED_EDGE('',*,*,#6353,.T.);
#6353 = EDGE_CURVE('',#6331,#6281,#6354,.T.);
#6354 = SURFACE_CURVE('',#6355,(#6359,#6366),.PCURVE_S1.);
#6355 = LINE('',#6356,#6357);
#6356 = CARTESIAN_POINT('',(0.581055512755,0.32,-0.355125000056));
#6357 = VECTOR('',#6358,1.);
#6358 = DIRECTION('',(-1.,0.,6.982962677686E-15));
#6359 = PCURVE('',#4396,#6360);
#6360 = DEFINITIONAL_REPRESENTATION('',(#6361),#6365);
#6361 = LINE('',#6362,#6363);
#6362 = CARTESIAN_POINT('',(0.,0.));
#6363 = VECTOR('',#6364,1.);
#6364 = DIRECTION('',(-1.,-6.982962677686E-15));
#6365 = ( GEOMETRIC_REPRESENTATION_CONTEXT(2) 
PARAMETRIC_REPRESENTATION_CONTEXT() REPRESENTATION_CONTEXT('2D SPACE',''
  ) );
#6366 = PCURVE('',#2699,#6367);
#6367 = DEFINITIONAL_REPRESENTATION('',(#6368),#6372);
#6368 = LINE('',#6369,#6370);
#6369 = CARTESIAN_POINT('',(-0.581055512755,0.32));
#6370 = VECTOR('',#6371,1.);
#6371 = DIRECTION('',(1.,0.));
#6372 = ( GEOMETRIC_REPRESENTATION_CONTEXT(2) 
PARAMETRIC_REPRESENTATION_CONTEXT() REPRESENTATION_CONTEXT('2D SPACE',''
  ) );
#6373 = ORIENTED_EDGE('',*,*,#6304,.T.);
#6374 = ADVANCED_FACE('',(#6375),#4368,.F.);
#6375 = FACE_BOUND('',#6376,.F.);
#6376 = EDGE_LOOP('',(#6377,#6378,#6402,#6423));
#6377 = ORIENTED_EDGE('',*,*,#6330,.F.);
#6378 = ORIENTED_EDGE('',*,*,#6379,.F.);
#6379 = EDGE_CURVE('',#6380,#6331,#6382,.T.);
#6380 = VERTEX_POINT('',#6381);
#6381 = CARTESIAN_POINT('',(0.66,0.345,-0.355125000056));
#6382 = SURFACE_CURVE('',#6383,(#6388,#6395),.PCURVE_S1.);
#6383 = CIRCLE('',#6384,2.5E-02);
#6384 = AXIS2_PLACEMENT_3D('',#6385,#6386,#6387);
#6385 = CARTESIAN_POINT('',(0.635,0.345,-0.355125000056));
#6386 = DIRECTION('',(-6.505213034913E-15,0.,-1.));
#6387 = DIRECTION('',(1.,0.,-6.505213034913E-15));
#6388 = PCURVE('',#4368,#6389);
#6389 = DEFINITIONAL_REPRESENTATION('',(#6390),#6394);
#6390 = LINE('',#6391,#6392);
#6391 = CARTESIAN_POINT('',(6.28318530718,0.));
#6392 = VECTOR('',#6393,1.);
#6393 = DIRECTION('',(-1.,0.));
#6394 = ( GEOMETRIC_REPRESENTATION_CONTEXT(2) 
PARAMETRIC_REPRESENTATION_CONTEXT() REPRESENTATION_CONTEXT('2D SPACE',''
  ) );
#6395 = PCURVE('',#2699,#6396);
#6396 = DEFINITIONAL_REPRESENTATION('',(#6397),#6401);
#6397 = CIRCLE('',#6398,2.5E-02);
#6398 = AXIS2_PLACEMENT_2D('',#6399,#6400);
#6399 = CARTESIAN_POINT('',(-0.635,0.345));
#6400 = DIRECTION('',(-1.,0.));
#6401 = ( GEOMETRIC_REPRESENTATION_CONTEXT(2) 
PARAMETRIC_REPRESENTATION_CONTEXT() REPRESENTATION_CONTEXT('2D SPACE',''
  ) );
#6402 = ORIENTED_EDGE('',*,*,#6403,.T.);
#6403 = EDGE_CURVE('',#6380,#4324,#6404,.T.);
#6404 = SURFACE_CURVE('',#6405,(#6409,#6416),.PCURVE_S1.);
#6405 = LINE('',#6406,#6407);
#6406 = CARTESIAN_POINT('',(0.66,0.345,-0.355125000056));
#6407 = VECTOR('',#6408,1.);
#6408 = DIRECTION('',(6.982962677686E-15,0.,1.));
#6409 = PCURVE('',#4368,#6410);
#6410 = DEFINITIONAL_REPRESENTATION('',(#6411),#6415);
#6411 = LINE('',#6412,#6413);
#6412 = CARTESIAN_POINT('',(6.28318530718,-3.330669073875E-16));
#6413 = VECTOR('',#6414,1.);
#6414 = DIRECTION('',(0.,1.));
#6415 = ( GEOMETRIC_REPRESENTATION_CONTEXT(2) 
PARAMETRIC_REPRESENTATION_CONTEXT() REPRESENTATION_CONTEXT('2D SPACE',''
  ) );
#6416 = PCURVE('',#4339,#6417);
#6417 = DEFINITIONAL_REPRESENTATION('',(#6418),#6422);
#6418 = LINE('',#6419,#6420);
#6419 = CARTESIAN_POINT('',(-0.15,-0.));
#6420 = VECTOR('',#6421,1.);
#6421 = DIRECTION('',(0.,-1.));
#6422 = ( GEOMETRIC_REPRESENTATION_CONTEXT(2) 
PARAMETRIC_REPRESENTATION_CONTEXT() REPRESENTATION_CONTEXT('2D SPACE',''
  ) );
#6423 = ORIENTED_EDGE('',*,*,#4351,.T.);
#6424 = ADVANCED_FACE('',(#6425),#4339,.T.);
#6425 = FACE_BOUND('',#6426,.T.);
#6426 = EDGE_LOOP('',(#6427,#6428,#6451,#6472));
#6427 = ORIENTED_EDGE('',*,*,#4323,.F.);
#6428 = ORIENTED_EDGE('',*,*,#6429,.F.);
#6429 = EDGE_CURVE('',#6430,#4295,#6432,.T.);
#6430 = VERTEX_POINT('',#6431);
#6431 = CARTESIAN_POINT('',(0.66,0.495,-0.355125000056));
#6432 = SURFACE_CURVE('',#6433,(#6437,#6444),.PCURVE_S1.);
#6433 = LINE('',#6434,#6435);
#6434 = CARTESIAN_POINT('',(0.66,0.495,-0.355125000056));
#6435 = VECTOR('',#6436,1.);
#6436 = DIRECTION('',(6.982962677686E-15,0.,1.));
#6437 = PCURVE('',#4339,#6438);
#6438 = DEFINITIONAL_REPRESENTATION('',(#6439),#6443);
#6439 = LINE('',#6440,#6441);
#6440 = CARTESIAN_POINT('',(0.,0.));
#6441 = VECTOR('',#6442,1.);
#6442 = DIRECTION('',(0.,-1.));
#6443 = ( GEOMETRIC_REPRESENTATION_CONTEXT(2) 
PARAMETRIC_REPRESENTATION_CONTEXT() REPRESENTATION_CONTEXT('2D SPACE',''
  ) );
#6444 = PCURVE('',#4311,#6445);
#6445 = DEFINITIONAL_REPRESENTATION('',(#6446),#6450);
#6446 = LINE('',#6447,#6448);
#6447 = CARTESIAN_POINT('',(0.,-3.330669073875E-16));
#6448 = VECTOR('',#6449,1.);
#6449 = DIRECTION('',(0.,1.));
#6450 = ( GEOMETRIC_REPRESENTATION_CONTEXT(2) 
PARAMETRIC_REPRESENTATION_CONTEXT() REPRESENTATION_CONTEXT('2D SPACE',''
  ) );
#6451 = ORIENTED_EDGE('',*,*,#6452,.T.);
#6452 = EDGE_CURVE('',#6430,#6380,#6453,.T.);
#6453 = SURFACE_CURVE('',#6454,(#6458,#6465),.PCURVE_S1.);
#6454 = LINE('',#6455,#6456);
#6455 = CARTESIAN_POINT('',(0.66,0.495,-0.355125000056));
#6456 = VECTOR('',#6457,1.);
#6457 = DIRECTION('',(0.,-1.,0.));
#6458 = PCURVE('',#4339,#6459);
#6459 = DEFINITIONAL_REPRESENTATION('',(#6460),#6464);
#6460 = LINE('',#6461,#6462);
#6461 = CARTESIAN_POINT('',(0.,0.));
#6462 = VECTOR('',#6463,1.);
#6463 = DIRECTION('',(-1.,-0.));
#6464 = ( GEOMETRIC_REPRESENTATION_CONTEXT(2) 
PARAMETRIC_REPRESENTATION_CONTEXT() REPRESENTATION_CONTEXT('2D SPACE',''
  ) );
#6465 = PCURVE('',#2699,#6466);
#6466 = DEFINITIONAL_REPRESENTATION('',(#6467),#6471);
#6467 = LINE('',#6468,#6469);
#6468 = CARTESIAN_POINT('',(-0.66,0.495));
#6469 = VECTOR('',#6470,1.);
#6470 = DIRECTION('',(0.,-1.));
#6471 = ( GEOMETRIC_REPRESENTATION_CONTEXT(2) 
PARAMETRIC_REPRESENTATION_CONTEXT() REPRESENTATION_CONTEXT('2D SPACE',''
  ) );
#6472 = ORIENTED_EDGE('',*,*,#6403,.T.);
#6473 = ADVANCED_FACE('',(#6474),#4311,.F.);
#6474 = FACE_BOUND('',#6475,.F.);
#6475 = EDGE_LOOP('',(#6476,#6477,#6501,#6522));
#6476 = ORIENTED_EDGE('',*,*,#6429,.F.);
#6477 = ORIENTED_EDGE('',*,*,#6478,.F.);
#6478 = EDGE_CURVE('',#6479,#6430,#6481,.T.);
#6479 = VERTEX_POINT('',#6480);
#6480 = CARTESIAN_POINT('',(0.635,0.52,-0.355125000056));
#6481 = SURFACE_CURVE('',#6482,(#6487,#6494),.PCURVE_S1.);
#6482 = CIRCLE('',#6483,2.5E-02);
#6483 = AXIS2_PLACEMENT_3D('',#6484,#6485,#6486);
#6484 = CARTESIAN_POINT('',(0.635,0.495,-0.355125000056));
#6485 = DIRECTION('',(-6.505213034913E-15,0.,-1.));
#6486 = DIRECTION('',(-1.,0.,6.505213034913E-15));
#6487 = PCURVE('',#4311,#6488);
#6488 = DEFINITIONAL_REPRESENTATION('',(#6489),#6493);
#6489 = LINE('',#6490,#6491);
#6490 = CARTESIAN_POINT('',(3.14159265359,0.));
#6491 = VECTOR('',#6492,1.);
#6492 = DIRECTION('',(-1.,0.));
#6493 = ( GEOMETRIC_REPRESENTATION_CONTEXT(2) 
PARAMETRIC_REPRESENTATION_CONTEXT() REPRESENTATION_CONTEXT('2D SPACE',''
  ) );
#6494 = PCURVE('',#2699,#6495);
#6495 = DEFINITIONAL_REPRESENTATION('',(#6496),#6500);
#6496 = CIRCLE('',#6497,2.5E-02);
#6497 = AXIS2_PLACEMENT_2D('',#6498,#6499);
#6498 = CARTESIAN_POINT('',(-0.635,0.495));
#6499 = DIRECTION('',(1.,0.));
#6500 = ( GEOMETRIC_REPRESENTATION_CONTEXT(2) 
PARAMETRIC_REPRESENTATION_CONTEXT() REPRESENTATION_CONTEXT('2D SPACE',''
  ) );
#6501 = ORIENTED_EDGE('',*,*,#6502,.T.);
#6502 = EDGE_CURVE('',#6479,#4267,#6503,.T.);
#6503 = SURFACE_CURVE('',#6504,(#6508,#6515),.PCURVE_S1.);
#6504 = LINE('',#6505,#6506);
#6505 = CARTESIAN_POINT('',(0.635,0.52,-0.355125000056));
#6506 = VECTOR('',#6507,1.);
#6507 = DIRECTION('',(6.982962677686E-15,0.,1.));
#6508 = PCURVE('',#4311,#6509);
#6509 = DEFINITIONAL_REPRESENTATION('',(#6510),#6514);
#6510 = LINE('',#6511,#6512);
#6511 = CARTESIAN_POINT('',(1.570796326795,0.));
#6512 = VECTOR('',#6513,1.);
#6513 = DIRECTION('',(0.,1.));
#6514 = ( GEOMETRIC_REPRESENTATION_CONTEXT(2) 
PARAMETRIC_REPRESENTATION_CONTEXT() REPRESENTATION_CONTEXT('2D SPACE',''
  ) );
#6515 = PCURVE('',#4282,#6516);
#6516 = DEFINITIONAL_REPRESENTATION('',(#6517),#6521);
#6517 = LINE('',#6518,#6519);
#6518 = CARTESIAN_POINT('',(4.440892098501E-16,7.5E-02));
#6519 = VECTOR('',#6520,1.);
#6520 = DIRECTION('',(-1.,6.982962677686E-15));
#6521 = ( GEOMETRIC_REPRESENTATION_CONTEXT(2) 
PARAMETRIC_REPRESENTATION_CONTEXT() REPRESENTATION_CONTEXT('2D SPACE',''
  ) );
#6522 = ORIENTED_EDGE('',*,*,#4294,.T.);
#6523 = ADVANCED_FACE('',(#6524),#4282,.T.);
#6524 = FACE_BOUND('',#6525,.T.);
#6525 = EDGE_LOOP('',(#6526,#6527,#6550,#6571));
#6526 = ORIENTED_EDGE('',*,*,#4266,.F.);
#6527 = ORIENTED_EDGE('',*,*,#6528,.F.);
#6528 = EDGE_CURVE('',#6529,#4234,#6531,.T.);
#6529 = VERTEX_POINT('',#6530);
#6530 = CARTESIAN_POINT('',(0.56,0.52,-0.355125000056));
#6531 = SURFACE_CURVE('',#6532,(#6536,#6543),.PCURVE_S1.);
#6532 = LINE('',#6533,#6534);
#6533 = CARTESIAN_POINT('',(0.56,0.52,-0.355125000056));
#6534 = VECTOR('',#6535,1.);
#6535 = DIRECTION('',(6.982962677686E-15,0.,1.));
#6536 = PCURVE('',#4282,#6537);
#6537 = DEFINITIONAL_REPRESENTATION('',(#6538),#6542);
#6538 = LINE('',#6539,#6540);
#6539 = CARTESIAN_POINT('',(0.,0.));
#6540 = VECTOR('',#6541,1.);
#6541 = DIRECTION('',(-1.,6.982962677686E-15));
#6542 = ( GEOMETRIC_REPRESENTATION_CONTEXT(2) 
PARAMETRIC_REPRESENTATION_CONTEXT() REPRESENTATION_CONTEXT('2D SPACE',''
  ) );
#6543 = PCURVE('',#4254,#6544);
#6544 = DEFINITIONAL_REPRESENTATION('',(#6545),#6549);
#6545 = LINE('',#6546,#6547);
#6546 = CARTESIAN_POINT('',(4.712388980385,0.));
#6547 = VECTOR('',#6548,1.);
#6548 = DIRECTION('',(0.,1.));
#6549 = ( GEOMETRIC_REPRESENTATION_CONTEXT(2) 
PARAMETRIC_REPRESENTATION_CONTEXT() REPRESENTATION_CONTEXT('2D SPACE',''
  ) );
#6550 = ORIENTED_EDGE('',*,*,#6551,.T.);
#6551 = EDGE_CURVE('',#6529,#6479,#6552,.T.);
#6552 = SURFACE_CURVE('',#6553,(#6557,#6564),.PCURVE_S1.);
#6553 = LINE('',#6554,#6555);
#6554 = CARTESIAN_POINT('',(0.56,0.52,-0.355125000056));
#6555 = VECTOR('',#6556,1.);
#6556 = DIRECTION('',(1.,0.,-6.982962677686E-15));
#6557 = PCURVE('',#4282,#6558);
#6558 = DEFINITIONAL_REPRESENTATION('',(#6559),#6563);
#6559 = LINE('',#6560,#6561);
#6560 = CARTESIAN_POINT('',(0.,0.));
#6561 = VECTOR('',#6562,1.);
#6562 = DIRECTION('',(6.982962677686E-15,1.));
#6563 = ( GEOMETRIC_REPRESENTATION_CONTEXT(2) 
PARAMETRIC_REPRESENTATION_CONTEXT() REPRESENTATION_CONTEXT('2D SPACE',''
  ) );
#6564 = PCURVE('',#2699,#6565);
#6565 = DEFINITIONAL_REPRESENTATION('',(#6566),#6570);
#6566 = LINE('',#6567,#6568);
#6567 = CARTESIAN_POINT('',(-0.56,0.52));
#6568 = VECTOR('',#6569,1.);
#6569 = DIRECTION('',(-1.,0.));
#6570 = ( GEOMETRIC_REPRESENTATION_CONTEXT(2) 
PARAMETRIC_REPRESENTATION_CONTEXT() REPRESENTATION_CONTEXT('2D SPACE',''
  ) );
#6571 = ORIENTED_EDGE('',*,*,#6502,.T.);
#6572 = ADVANCED_FACE('',(#6573),#4254,.T.);
#6573 = FACE_BOUND('',#6574,.T.);
#6574 = EDGE_LOOP('',(#6575,#6576,#6599,#6625));
#6575 = ORIENTED_EDGE('',*,*,#4233,.F.);
#6576 = ORIENTED_EDGE('',*,*,#6577,.F.);
#6577 = EDGE_CURVE('',#6578,#4206,#6580,.T.);
#6578 = VERTEX_POINT('',#6579);
#6579 = CARTESIAN_POINT('',(0.51,0.57,-0.355125000056));
#6580 = SURFACE_CURVE('',#6581,(#6585,#6592),.PCURVE_S1.);
#6581 = LINE('',#6582,#6583);
#6582 = CARTESIAN_POINT('',(0.51,0.57,-0.355125000056));
#6583 = VECTOR('',#6584,1.);
#6584 = DIRECTION('',(6.982962677686E-15,0.,1.));
#6585 = PCURVE('',#4254,#6586);
#6586 = DEFINITIONAL_REPRESENTATION('',(#6587),#6591);
#6587 = LINE('',#6588,#6589);
#6588 = CARTESIAN_POINT('',(3.14159265359,-3.330669073875E-16));
#6589 = VECTOR('',#6590,1.);
#6590 = DIRECTION('',(0.,1.));
#6591 = ( GEOMETRIC_REPRESENTATION_CONTEXT(2) 
PARAMETRIC_REPRESENTATION_CONTEXT() REPRESENTATION_CONTEXT('2D SPACE',''
  ) );
#6592 = PCURVE('',#4221,#6593);
#6593 = DEFINITIONAL_REPRESENTATION('',(#6594),#6598);
#6594 = LINE('',#6595,#6596);
#6595 = CARTESIAN_POINT('',(-2.5E-02,-0.));
#6596 = VECTOR('',#6597,1.);
#6597 = DIRECTION('',(0.,-1.));
#6598 = ( GEOMETRIC_REPRESENTATION_CONTEXT(2) 
PARAMETRIC_REPRESENTATION_CONTEXT() REPRESENTATION_CONTEXT('2D SPACE',''
  ) );
#6599 = ORIENTED_EDGE('',*,*,#6600,.T.);
#6600 = EDGE_CURVE('',#6578,#6529,#6601,.T.);
#6601 = SURFACE_CURVE('',#6602,(#6607,#6614),.PCURVE_S1.);
#6602 = CIRCLE('',#6603,5.E-02);
#6603 = AXIS2_PLACEMENT_3D('',#6604,#6605,#6606);
#6604 = CARTESIAN_POINT('',(0.56,0.57,-0.355125000056));
#6605 = DIRECTION('',(6.505213034913E-15,0.,1.));
#6606 = DIRECTION('',(1.,0.,-6.505213034913E-15));
#6607 = PCURVE('',#4254,#6608);
#6608 = DEFINITIONAL_REPRESENTATION('',(#6609),#6613);
#6609 = LINE('',#6610,#6611);
#6610 = CARTESIAN_POINT('',(0.,0.));
#6611 = VECTOR('',#6612,1.);
#6612 = DIRECTION('',(1.,0.));
#6613 = ( GEOMETRIC_REPRESENTATION_CONTEXT(2) 
PARAMETRIC_REPRESENTATION_CONTEXT() REPRESENTATION_CONTEXT('2D SPACE',''
  ) );
#6614 = PCURVE('',#2699,#6615);
#6615 = DEFINITIONAL_REPRESENTATION('',(#6616),#6624);
#6616 = ( BOUNDED_CURVE() B_SPLINE_CURVE(2,(#6617,#6618,#6619,#6620,
#6621,#6622,#6623),.UNSPECIFIED.,.T.,.F.) B_SPLINE_CURVE_WITH_KNOTS((1,2
    ,2,2,2,1),(-2.094395102393,0.,2.094395102393,4.188790204786,
6.28318530718,8.377580409573),.UNSPECIFIED.) CURVE() 
GEOMETRIC_REPRESENTATION_ITEM() RATIONAL_B_SPLINE_CURVE((1.,0.5,1.,0.5,
1.,0.5,1.)) REPRESENTATION_ITEM('') );
#6617 = CARTESIAN_POINT('',(-0.61,0.57));
#6618 = CARTESIAN_POINT('',(-0.61,0.656602540378));
#6619 = CARTESIAN_POINT('',(-0.535,0.613301270189));
#6620 = CARTESIAN_POINT('',(-0.46,0.57));
#6621 = CARTESIAN_POINT('',(-0.535,0.526698729811));
#6622 = CARTESIAN_POINT('',(-0.61,0.483397459622));
#6623 = CARTESIAN_POINT('',(-0.61,0.57));
#6624 = ( GEOMETRIC_REPRESENTATION_CONTEXT(2) 
PARAMETRIC_REPRESENTATION_CONTEXT() REPRESENTATION_CONTEXT('2D SPACE',''
  ) );
#6625 = ORIENTED_EDGE('',*,*,#6528,.T.);
#6626 = ADVANCED_FACE('',(#6627),#4221,.T.);
#6627 = FACE_BOUND('',#6628,.T.);
#6628 = EDGE_LOOP('',(#6629,#6630,#6653,#6674));
#6629 = ORIENTED_EDGE('',*,*,#4205,.F.);
#6630 = ORIENTED_EDGE('',*,*,#6631,.F.);
#6631 = EDGE_CURVE('',#6632,#4177,#6634,.T.);
#6632 = VERTEX_POINT('',#6633);
#6633 = CARTESIAN_POINT('',(0.51,0.595,-0.355125000056));
#6634 = SURFACE_CURVE('',#6635,(#6639,#6646),.PCURVE_S1.);
#6635 = LINE('',#6636,#6637);
#6636 = CARTESIAN_POINT('',(0.51,0.595,-0.355125000056));
#6637 = VECTOR('',#6638,1.);
#6638 = DIRECTION('',(6.982962677686E-15,0.,1.));
#6639 = PCURVE('',#4221,#6640);
#6640 = DEFINITIONAL_REPRESENTATION('',(#6641),#6645);
#6641 = LINE('',#6642,#6643);
#6642 = CARTESIAN_POINT('',(0.,0.));
#6643 = VECTOR('',#6644,1.);
#6644 = DIRECTION('',(0.,-1.));
#6645 = ( GEOMETRIC_REPRESENTATION_CONTEXT(2) 
PARAMETRIC_REPRESENTATION_CONTEXT() REPRESENTATION_CONTEXT('2D SPACE',''
  ) );
#6646 = PCURVE('',#4193,#6647);
#6647 = DEFINITIONAL_REPRESENTATION('',(#6648),#6652);
#6648 = LINE('',#6649,#6650);
#6649 = CARTESIAN_POINT('',(0.,-3.885780586188E-16));
#6650 = VECTOR('',#6651,1.);
#6651 = DIRECTION('',(0.,1.));
#6652 = ( GEOMETRIC_REPRESENTATION_CONTEXT(2) 
PARAMETRIC_REPRESENTATION_CONTEXT() REPRESENTATION_CONTEXT('2D SPACE',''
  ) );
#6653 = ORIENTED_EDGE('',*,*,#6654,.T.);
#6654 = EDGE_CURVE('',#6632,#6578,#6655,.T.);
#6655 = SURFACE_CURVE('',#6656,(#6660,#6667),.PCURVE_S1.);
#6656 = LINE('',#6657,#6658);
#6657 = CARTESIAN_POINT('',(0.51,0.595,-0.355125000056));
#6658 = VECTOR('',#6659,1.);
#6659 = DIRECTION('',(0.,-1.,0.));
#6660 = PCURVE('',#4221,#6661);
#6661 = DEFINITIONAL_REPRESENTATION('',(#6662),#6666);
#6662 = LINE('',#6663,#6664);
#6663 = CARTESIAN_POINT('',(0.,0.));
#6664 = VECTOR('',#6665,1.);
#6665 = DIRECTION('',(-1.,-0.));
#6666 = ( GEOMETRIC_REPRESENTATION_CONTEXT(2) 
PARAMETRIC_REPRESENTATION_CONTEXT() REPRESENTATION_CONTEXT('2D SPACE',''
  ) );
#6667 = PCURVE('',#2699,#6668);
#6668 = DEFINITIONAL_REPRESENTATION('',(#6669),#6673);
#6669 = LINE('',#6670,#6671);
#6670 = CARTESIAN_POINT('',(-0.51,0.595));
#6671 = VECTOR('',#6672,1.);
#6672 = DIRECTION('',(0.,-1.));
#6673 = ( GEOMETRIC_REPRESENTATION_CONTEXT(2) 
PARAMETRIC_REPRESENTATION_CONTEXT() REPRESENTATION_CONTEXT('2D SPACE',''
  ) );
#6674 = ORIENTED_EDGE('',*,*,#6577,.T.);
#6675 = ADVANCED_FACE('',(#6676),#4193,.F.);
#6676 = FACE_BOUND('',#6677,.F.);
#6677 = EDGE_LOOP('',(#6678,#6679,#6703,#6724));
#6678 = ORIENTED_EDGE('',*,*,#6631,.F.);
#6679 = ORIENTED_EDGE('',*,*,#6680,.F.);
#6680 = EDGE_CURVE('',#6681,#6632,#6683,.T.);
#6681 = VERTEX_POINT('',#6682);
#6682 = CARTESIAN_POINT('',(0.485,0.62,-0.355125000056));
#6683 = SURFACE_CURVE('',#6684,(#6689,#6696),.PCURVE_S1.);
#6684 = CIRCLE('',#6685,2.5E-02);
#6685 = AXIS2_PLACEMENT_3D('',#6686,#6687,#6688);
#6686 = CARTESIAN_POINT('',(0.485,0.595,-0.355125000056));
#6687 = DIRECTION('',(-6.505213034913E-15,0.,-1.));
#6688 = DIRECTION('',(1.,0.,-6.505213034913E-15));
#6689 = PCURVE('',#4193,#6690);
#6690 = DEFINITIONAL_REPRESENTATION('',(#6691),#6695);
#6691 = LINE('',#6692,#6693);
#6692 = CARTESIAN_POINT('',(6.28318530718,0.));
#6693 = VECTOR('',#6694,1.);
#6694 = DIRECTION('',(-1.,0.));
#6695 = ( GEOMETRIC_REPRESENTATION_CONTEXT(2) 
PARAMETRIC_REPRESENTATION_CONTEXT() REPRESENTATION_CONTEXT('2D SPACE',''
  ) );
#6696 = PCURVE('',#2699,#6697);
#6697 = DEFINITIONAL_REPRESENTATION('',(#6698),#6702);
#6698 = CIRCLE('',#6699,2.5E-02);
#6699 = AXIS2_PLACEMENT_2D('',#6700,#6701);
#6700 = CARTESIAN_POINT('',(-0.485,0.595));
#6701 = DIRECTION('',(-1.,0.));
#6702 = ( GEOMETRIC_REPRESENTATION_CONTEXT(2) 
PARAMETRIC_REPRESENTATION_CONTEXT() REPRESENTATION_CONTEXT('2D SPACE',''
  ) );
#6703 = ORIENTED_EDGE('',*,*,#6704,.T.);
#6704 = EDGE_CURVE('',#6681,#4149,#6705,.T.);
#6705 = SURFACE_CURVE('',#6706,(#6710,#6717),.PCURVE_S1.);
#6706 = LINE('',#6707,#6708);
#6707 = CARTESIAN_POINT('',(0.485,0.62,-0.355125000056));
#6708 = VECTOR('',#6709,1.);
#6709 = DIRECTION('',(6.982962677686E-15,0.,1.));
#6710 = PCURVE('',#4193,#6711);
#6711 = DEFINITIONAL_REPRESENTATION('',(#6712),#6716);
#6712 = LINE('',#6713,#6714);
#6713 = CARTESIAN_POINT('',(1.570796326795,0.));
#6714 = VECTOR('',#6715,1.);
#6715 = DIRECTION('',(0.,1.));
#6716 = ( GEOMETRIC_REPRESENTATION_CONTEXT(2) 
PARAMETRIC_REPRESENTATION_CONTEXT() REPRESENTATION_CONTEXT('2D SPACE',''
  ) );
#6717 = PCURVE('',#4164,#6718);
#6718 = DEFINITIONAL_REPRESENTATION('',(#6719),#6723);
#6719 = LINE('',#6720,#6721);
#6720 = CARTESIAN_POINT('',(9.992007221626E-16,0.15));
#6721 = VECTOR('',#6722,1.);
#6722 = DIRECTION('',(-1.,6.982962677686E-15));
#6723 = ( GEOMETRIC_REPRESENTATION_CONTEXT(2) 
PARAMETRIC_REPRESENTATION_CONTEXT() REPRESENTATION_CONTEXT('2D SPACE',''
  ) );
#6724 = ORIENTED_EDGE('',*,*,#4176,.T.);
#6725 = ADVANCED_FACE('',(#6726),#4164,.T.);
#6726 = FACE_BOUND('',#6727,.T.);
#6727 = EDGE_LOOP('',(#6728,#6729,#6752,#6773));
#6728 = ORIENTED_EDGE('',*,*,#4148,.F.);
#6729 = ORIENTED_EDGE('',*,*,#6730,.F.);
#6730 = EDGE_CURVE('',#6731,#4120,#6733,.T.);
#6731 = VERTEX_POINT('',#6732);
#6732 = CARTESIAN_POINT('',(0.335,0.62,-0.355125000056));
#6733 = SURFACE_CURVE('',#6734,(#6738,#6745),.PCURVE_S1.);
#6734 = LINE('',#6735,#6736);
#6735 = CARTESIAN_POINT('',(0.335,0.62,-0.355125000056));
#6736 = VECTOR('',#6737,1.);
#6737 = DIRECTION('',(6.982962677686E-15,0.,1.));
#6738 = PCURVE('',#4164,#6739);
#6739 = DEFINITIONAL_REPRESENTATION('',(#6740),#6744);
#6740 = LINE('',#6741,#6742);
#6741 = CARTESIAN_POINT('',(0.,0.));
#6742 = VECTOR('',#6743,1.);
#6743 = DIRECTION('',(-1.,6.982962677686E-15));
#6744 = ( GEOMETRIC_REPRESENTATION_CONTEXT(2) 
PARAMETRIC_REPRESENTATION_CONTEXT() REPRESENTATION_CONTEXT('2D SPACE',''
  ) );
#6745 = PCURVE('',#4136,#6746);
#6746 = DEFINITIONAL_REPRESENTATION('',(#6747),#6751);
#6747 = LINE('',#6748,#6749);
#6748 = CARTESIAN_POINT('',(1.570796326795,0.));
#6749 = VECTOR('',#6750,1.);
#6750 = DIRECTION('',(0.,1.));
#6751 = ( GEOMETRIC_REPRESENTATION_CONTEXT(2) 
PARAMETRIC_REPRESENTATION_CONTEXT() REPRESENTATION_CONTEXT('2D SPACE',''
  ) );
#6752 = ORIENTED_EDGE('',*,*,#6753,.T.);
#6753 = EDGE_CURVE('',#6731,#6681,#6754,.T.);
#6754 = SURFACE_CURVE('',#6755,(#6759,#6766),.PCURVE_S1.);
#6755 = LINE('',#6756,#6757);
#6756 = CARTESIAN_POINT('',(0.335,0.62,-0.355125000056));
#6757 = VECTOR('',#6758,1.);
#6758 = DIRECTION('',(1.,0.,-6.982962677686E-15));
#6759 = PCURVE('',#4164,#6760);
#6760 = DEFINITIONAL_REPRESENTATION('',(#6761),#6765);
#6761 = LINE('',#6762,#6763);
#6762 = CARTESIAN_POINT('',(0.,0.));
#6763 = VECTOR('',#6764,1.);
#6764 = DIRECTION('',(6.982962677686E-15,1.));
#6765 = ( GEOMETRIC_REPRESENTATION_CONTEXT(2) 
PARAMETRIC_REPRESENTATION_CONTEXT() REPRESENTATION_CONTEXT('2D SPACE',''
  ) );
#6766 = PCURVE('',#2699,#6767);
#6767 = DEFINITIONAL_REPRESENTATION('',(#6768),#6772);
#6768 = LINE('',#6769,#6770);
#6769 = CARTESIAN_POINT('',(-0.335,0.62));
#6770 = VECTOR('',#6771,1.);
#6771 = DIRECTION('',(-1.,0.));
#6772 = ( GEOMETRIC_REPRESENTATION_CONTEXT(2) 
PARAMETRIC_REPRESENTATION_CONTEXT() REPRESENTATION_CONTEXT('2D SPACE',''
  ) );
#6773 = ORIENTED_EDGE('',*,*,#6704,.T.);
#6774 = ADVANCED_FACE('',(#6775),#4136,.F.);
#6775 = FACE_BOUND('',#6776,.F.);
#6776 = EDGE_LOOP('',(#6777,#6778,#6802,#6823));
#6777 = ORIENTED_EDGE('',*,*,#6730,.F.);
#6778 = ORIENTED_EDGE('',*,*,#6779,.F.);
#6779 = EDGE_CURVE('',#6780,#6731,#6782,.T.);
#6780 = VERTEX_POINT('',#6781);
#6781 = CARTESIAN_POINT('',(0.31,0.595,-0.355125000056));
#6782 = SURFACE_CURVE('',#6783,(#6788,#6795),.PCURVE_S1.);
#6783 = CIRCLE('',#6784,2.5E-02);
#6784 = AXIS2_PLACEMENT_3D('',#6785,#6786,#6787);
#6785 = CARTESIAN_POINT('',(0.335,0.595,-0.355125000056));
#6786 = DIRECTION('',(-6.505213034913E-15,0.,-1.));
#6787 = DIRECTION('',(-1.,0.,6.505213034913E-15));
#6788 = PCURVE('',#4136,#6789);
#6789 = DEFINITIONAL_REPRESENTATION('',(#6790),#6794);
#6790 = LINE('',#6791,#6792);
#6791 = CARTESIAN_POINT('',(3.14159265359,0.));
#6792 = VECTOR('',#6793,1.);
#6793 = DIRECTION('',(-1.,0.));
#6794 = ( GEOMETRIC_REPRESENTATION_CONTEXT(2) 
PARAMETRIC_REPRESENTATION_CONTEXT() REPRESENTATION_CONTEXT('2D SPACE',''
  ) );
#6795 = PCURVE('',#2699,#6796);
#6796 = DEFINITIONAL_REPRESENTATION('',(#6797),#6801);
#6797 = CIRCLE('',#6798,2.5E-02);
#6798 = AXIS2_PLACEMENT_2D('',#6799,#6800);
#6799 = CARTESIAN_POINT('',(-0.335,0.595));
#6800 = DIRECTION('',(1.,0.));
#6801 = ( GEOMETRIC_REPRESENTATION_CONTEXT(2) 
PARAMETRIC_REPRESENTATION_CONTEXT() REPRESENTATION_CONTEXT('2D SPACE',''
  ) );
#6802 = ORIENTED_EDGE('',*,*,#6803,.T.);
#6803 = EDGE_CURVE('',#6780,#4092,#6804,.T.);
#6804 = SURFACE_CURVE('',#6805,(#6809,#6816),.PCURVE_S1.);
#6805 = LINE('',#6806,#6807);
#6806 = CARTESIAN_POINT('',(0.31,0.595,-0.355125000056));
#6807 = VECTOR('',#6808,1.);
#6808 = DIRECTION('',(6.982962677686E-15,0.,1.));
#6809 = PCURVE('',#4136,#6810);
#6810 = DEFINITIONAL_REPRESENTATION('',(#6811),#6815);
#6811 = LINE('',#6812,#6813);
#6812 = CARTESIAN_POINT('',(3.14159265359,-1.665334536938E-16));
#6813 = VECTOR('',#6814,1.);
#6814 = DIRECTION('',(0.,1.));
#6815 = ( GEOMETRIC_REPRESENTATION_CONTEXT(2) 
PARAMETRIC_REPRESENTATION_CONTEXT() REPRESENTATION_CONTEXT('2D SPACE',''
  ) );
#6816 = PCURVE('',#4107,#6817);
#6817 = DEFINITIONAL_REPRESENTATION('',(#6818),#6822);
#6818 = LINE('',#6819,#6820);
#6819 = CARTESIAN_POINT('',(0.,0.));
#6820 = VECTOR('',#6821,1.);
#6821 = DIRECTION('',(-1.,0.));
#6822 = ( GEOMETRIC_REPRESENTATION_CONTEXT(2) 
PARAMETRIC_REPRESENTATION_CONTEXT() REPRESENTATION_CONTEXT('2D SPACE',''
  ) );
#6823 = ORIENTED_EDGE('',*,*,#4119,.T.);
#6824 = ADVANCED_FACE('',(#6825),#4107,.T.);
#6825 = FACE_BOUND('',#6826,.T.);
#6826 = EDGE_LOOP('',(#6827,#6828,#6851,#6872));
#6827 = ORIENTED_EDGE('',*,*,#4091,.F.);
#6828 = ORIENTED_EDGE('',*,*,#6829,.F.);
#6829 = EDGE_CURVE('',#6830,#4059,#6832,.T.);
#6830 = VERTEX_POINT('',#6831);
#6831 = CARTESIAN_POINT('',(0.31,0.57,-0.355125000056));
#6832 = SURFACE_CURVE('',#6833,(#6837,#6844),.PCURVE_S1.);
#6833 = LINE('',#6834,#6835);
#6834 = CARTESIAN_POINT('',(0.31,0.57,-0.355125000056));
#6835 = VECTOR('',#6836,1.);
#6836 = DIRECTION('',(6.982962677686E-15,0.,1.));
#6837 = PCURVE('',#4107,#6838);
#6838 = DEFINITIONAL_REPRESENTATION('',(#6839),#6843);
#6839 = LINE('',#6840,#6841);
#6840 = CARTESIAN_POINT('',(-0.,-2.5E-02));
#6841 = VECTOR('',#6842,1.);
#6842 = DIRECTION('',(-1.,0.));
#6843 = ( GEOMETRIC_REPRESENTATION_CONTEXT(2) 
PARAMETRIC_REPRESENTATION_CONTEXT() REPRESENTATION_CONTEXT('2D SPACE',''
  ) );
#6844 = PCURVE('',#4079,#6845);
#6845 = DEFINITIONAL_REPRESENTATION('',(#6846),#6850);
#6846 = LINE('',#6847,#6848);
#6847 = CARTESIAN_POINT('',(6.28318530718,-1.110223024625E-16));
#6848 = VECTOR('',#6849,1.);
#6849 = DIRECTION('',(0.,1.));
#6850 = ( GEOMETRIC_REPRESENTATION_CONTEXT(2) 
PARAMETRIC_REPRESENTATION_CONTEXT() REPRESENTATION_CONTEXT('2D SPACE',''
  ) );
#6851 = ORIENTED_EDGE('',*,*,#6852,.T.);
#6852 = EDGE_CURVE('',#6830,#6780,#6853,.T.);
#6853 = SURFACE_CURVE('',#6854,(#6858,#6865),.PCURVE_S1.);
#6854 = LINE('',#6855,#6856);
#6855 = CARTESIAN_POINT('',(0.31,0.595,-0.355125000056));
#6856 = VECTOR('',#6857,1.);
#6857 = DIRECTION('',(0.,1.,0.));
#6858 = PCURVE('',#4107,#6859);
#6859 = DEFINITIONAL_REPRESENTATION('',(#6860),#6864);
#6860 = LINE('',#6861,#6862);
#6861 = CARTESIAN_POINT('',(0.,0.));
#6862 = VECTOR('',#6863,1.);
#6863 = DIRECTION('',(0.,1.));
#6864 = ( GEOMETRIC_REPRESENTATION_CONTEXT(2) 
PARAMETRIC_REPRESENTATION_CONTEXT() REPRESENTATION_CONTEXT('2D SPACE',''
  ) );
#6865 = PCURVE('',#2699,#6866);
#6866 = DEFINITIONAL_REPRESENTATION('',(#6867),#6871);
#6867 = LINE('',#6868,#6869);
#6868 = CARTESIAN_POINT('',(-0.31,0.595));
#6869 = VECTOR('',#6870,1.);
#6870 = DIRECTION('',(0.,1.));
#6871 = ( GEOMETRIC_REPRESENTATION_CONTEXT(2) 
PARAMETRIC_REPRESENTATION_CONTEXT() REPRESENTATION_CONTEXT('2D SPACE',''
  ) );
#6872 = ORIENTED_EDGE('',*,*,#6803,.T.);
#6873 = ADVANCED_FACE('',(#6874),#4079,.T.);
#6874 = FACE_BOUND('',#6875,.T.);
#6875 = EDGE_LOOP('',(#6876,#6877,#6900,#6926));
#6876 = ORIENTED_EDGE('',*,*,#4058,.F.);
#6877 = ORIENTED_EDGE('',*,*,#6878,.F.);
#6878 = EDGE_CURVE('',#6879,#4031,#6881,.T.);
#6879 = VERTEX_POINT('',#6880);
#6880 = CARTESIAN_POINT('',(0.21,0.57,-0.355125000056));
#6881 = SURFACE_CURVE('',#6882,(#6886,#6893),.PCURVE_S1.);
#6882 = LINE('',#6883,#6884);
#6883 = CARTESIAN_POINT('',(0.21,0.57,-0.355125000056));
#6884 = VECTOR('',#6885,1.);
#6885 = DIRECTION('',(6.982962677686E-15,0.,1.));
#6886 = PCURVE('',#4079,#6887);
#6887 = DEFINITIONAL_REPRESENTATION('',(#6888),#6892);
#6888 = LINE('',#6889,#6890);
#6889 = CARTESIAN_POINT('',(3.14159265359,2.22044604925E-16));
#6890 = VECTOR('',#6891,1.);
#6891 = DIRECTION('',(0.,1.));
#6892 = ( GEOMETRIC_REPRESENTATION_CONTEXT(2) 
PARAMETRIC_REPRESENTATION_CONTEXT() REPRESENTATION_CONTEXT('2D SPACE',''
  ) );
#6893 = PCURVE('',#4046,#6894);
#6894 = DEFINITIONAL_REPRESENTATION('',(#6895),#6899);
#6895 = LINE('',#6896,#6897);
#6896 = CARTESIAN_POINT('',(-2.5E-02,-0.));
#6897 = VECTOR('',#6898,1.);
#6898 = DIRECTION('',(0.,-1.));
#6899 = ( GEOMETRIC_REPRESENTATION_CONTEXT(2) 
PARAMETRIC_REPRESENTATION_CONTEXT() REPRESENTATION_CONTEXT('2D SPACE',''
  ) );
#6900 = ORIENTED_EDGE('',*,*,#6901,.T.);
#6901 = EDGE_CURVE('',#6879,#6830,#6902,.T.);
#6902 = SURFACE_CURVE('',#6903,(#6908,#6915),.PCURVE_S1.);
#6903 = CIRCLE('',#6904,5.E-02);
#6904 = AXIS2_PLACEMENT_3D('',#6905,#6906,#6907);
#6905 = CARTESIAN_POINT('',(0.26,0.57,-0.355125000056));
#6906 = DIRECTION('',(6.505213034913E-15,0.,1.));
#6907 = DIRECTION('',(-1.,0.,6.505213034913E-15));
#6908 = PCURVE('',#4079,#6909);
#6909 = DEFINITIONAL_REPRESENTATION('',(#6910),#6914);
#6910 = LINE('',#6911,#6912);
#6911 = CARTESIAN_POINT('',(3.14159265359,5.551115123126E-17));
#6912 = VECTOR('',#6913,1.);
#6913 = DIRECTION('',(1.,-1.766974823035E-17));
#6914 = ( GEOMETRIC_REPRESENTATION_CONTEXT(2) 
PARAMETRIC_REPRESENTATION_CONTEXT() REPRESENTATION_CONTEXT('2D SPACE',''
  ) );
#6915 = PCURVE('',#2699,#6916);
#6916 = DEFINITIONAL_REPRESENTATION('',(#6917),#6925);
#6917 = ( BOUNDED_CURVE() B_SPLINE_CURVE(2,(#6918,#6919,#6920,#6921,
#6922,#6923,#6924),.UNSPECIFIED.,.T.,.F.) B_SPLINE_CURVE_WITH_KNOTS((1,2
    ,2,2,2,1),(-2.094395102393,0.,2.094395102393,4.188790204786,
6.28318530718,8.377580409573),.UNSPECIFIED.) CURVE() 
GEOMETRIC_REPRESENTATION_ITEM() RATIONAL_B_SPLINE_CURVE((1.,0.5,1.,0.5,
1.,0.5,1.)) REPRESENTATION_ITEM('') );
#6918 = CARTESIAN_POINT('',(-0.21,0.57));
#6919 = CARTESIAN_POINT('',(-0.21,0.483397459622));
#6920 = CARTESIAN_POINT('',(-0.285,0.526698729811));
#6921 = CARTESIAN_POINT('',(-0.36,0.57));
#6922 = CARTESIAN_POINT('',(-0.285,0.613301270189));
#6923 = CARTESIAN_POINT('',(-0.21,0.656602540378));
#6924 = CARTESIAN_POINT('',(-0.21,0.57));
#6925 = ( GEOMETRIC_REPRESENTATION_CONTEXT(2) 
PARAMETRIC_REPRESENTATION_CONTEXT() REPRESENTATION_CONTEXT('2D SPACE',''
  ) );
#6926 = ORIENTED_EDGE('',*,*,#6829,.T.);
#6927 = ADVANCED_FACE('',(#6928),#4046,.T.);
#6928 = FACE_BOUND('',#6929,.T.);
#6929 = EDGE_LOOP('',(#6930,#6931,#6954,#6975));
#6930 = ORIENTED_EDGE('',*,*,#4030,.F.);
#6931 = ORIENTED_EDGE('',*,*,#6932,.F.);
#6932 = EDGE_CURVE('',#6933,#4002,#6935,.T.);
#6933 = VERTEX_POINT('',#6934);
#6934 = CARTESIAN_POINT('',(0.21,0.595,-0.355125000056));
#6935 = SURFACE_CURVE('',#6936,(#6940,#6947),.PCURVE_S1.);
#6936 = LINE('',#6937,#6938);
#6937 = CARTESIAN_POINT('',(0.21,0.595,-0.355125000056));
#6938 = VECTOR('',#6939,1.);
#6939 = DIRECTION('',(6.982962677686E-15,0.,1.));
#6940 = PCURVE('',#4046,#6941);
#6941 = DEFINITIONAL_REPRESENTATION('',(#6942),#6946);
#6942 = LINE('',#6943,#6944);
#6943 = CARTESIAN_POINT('',(0.,0.));
#6944 = VECTOR('',#6945,1.);
#6945 = DIRECTION('',(0.,-1.));
#6946 = ( GEOMETRIC_REPRESENTATION_CONTEXT(2) 
PARAMETRIC_REPRESENTATION_CONTEXT() REPRESENTATION_CONTEXT('2D SPACE',''
  ) );
#6947 = PCURVE('',#4018,#6948);
#6948 = DEFINITIONAL_REPRESENTATION('',(#6949),#6953);
#6949 = LINE('',#6950,#6951);
#6950 = CARTESIAN_POINT('',(0.,1.665334536938E-16));
#6951 = VECTOR('',#6952,1.);
#6952 = DIRECTION('',(0.,1.));
#6953 = ( GEOMETRIC_REPRESENTATION_CONTEXT(2) 
PARAMETRIC_REPRESENTATION_CONTEXT() REPRESENTATION_CONTEXT('2D SPACE',''
  ) );
#6954 = ORIENTED_EDGE('',*,*,#6955,.T.);
#6955 = EDGE_CURVE('',#6933,#6879,#6956,.T.);
#6956 = SURFACE_CURVE('',#6957,(#6961,#6968),.PCURVE_S1.);
#6957 = LINE('',#6958,#6959);
#6958 = CARTESIAN_POINT('',(0.21,0.595,-0.355125000056));
#6959 = VECTOR('',#6960,1.);
#6960 = DIRECTION('',(0.,-1.,0.));
#6961 = PCURVE('',#4046,#6962);
#6962 = DEFINITIONAL_REPRESENTATION('',(#6963),#6967);
#6963 = LINE('',#6964,#6965);
#6964 = CARTESIAN_POINT('',(0.,0.));
#6965 = VECTOR('',#6966,1.);
#6966 = DIRECTION('',(-1.,-0.));
#6967 = ( GEOMETRIC_REPRESENTATION_CONTEXT(2) 
PARAMETRIC_REPRESENTATION_CONTEXT() REPRESENTATION_CONTEXT('2D SPACE',''
  ) );
#6968 = PCURVE('',#2699,#6969);
#6969 = DEFINITIONAL_REPRESENTATION('',(#6970),#6974);
#6970 = LINE('',#6971,#6972);
#6971 = CARTESIAN_POINT('',(-0.21,0.595));
#6972 = VECTOR('',#6973,1.);
#6973 = DIRECTION('',(0.,-1.));
#6974 = ( GEOMETRIC_REPRESENTATION_CONTEXT(2) 
PARAMETRIC_REPRESENTATION_CONTEXT() REPRESENTATION_CONTEXT('2D SPACE',''
  ) );
#6975 = ORIENTED_EDGE('',*,*,#6878,.T.);
#6976 = ADVANCED_FACE('',(#6977),#4018,.F.);
#6977 = FACE_BOUND('',#6978,.F.);
#6978 = EDGE_LOOP('',(#6979,#6980,#7004,#7025));
#6979 = ORIENTED_EDGE('',*,*,#6932,.F.);
#6980 = ORIENTED_EDGE('',*,*,#6981,.F.);
#6981 = EDGE_CURVE('',#6982,#6933,#6984,.T.);
#6982 = VERTEX_POINT('',#6983);
#6983 = CARTESIAN_POINT('',(0.185,0.62,-0.355125000056));
#6984 = SURFACE_CURVE('',#6985,(#6990,#6997),.PCURVE_S1.);
#6985 = CIRCLE('',#6986,2.5E-02);
#6986 = AXIS2_PLACEMENT_3D('',#6987,#6988,#6989);
#6987 = CARTESIAN_POINT('',(0.185,0.595,-0.355125000056));
#6988 = DIRECTION('',(-6.505213034913E-15,0.,-1.));
#6989 = DIRECTION('',(1.,0.,-6.505213034913E-15));
#6990 = PCURVE('',#4018,#6991);
#6991 = DEFINITIONAL_REPRESENTATION('',(#6992),#6996);
#6992 = LINE('',#6993,#6994);
#6993 = CARTESIAN_POINT('',(6.28318530718,0.));
#6994 = VECTOR('',#6995,1.);
#6995 = DIRECTION('',(-1.,0.));
#6996 = ( GEOMETRIC_REPRESENTATION_CONTEXT(2) 
PARAMETRIC_REPRESENTATION_CONTEXT() REPRESENTATION_CONTEXT('2D SPACE',''
  ) );
#6997 = PCURVE('',#2699,#6998);
#6998 = DEFINITIONAL_REPRESENTATION('',(#6999),#7003);
#6999 = CIRCLE('',#7000,2.5E-02);
#7000 = AXIS2_PLACEMENT_2D('',#7001,#7002);
#7001 = CARTESIAN_POINT('',(-0.185,0.595));
#7002 = DIRECTION('',(-1.,0.));
#7003 = ( GEOMETRIC_REPRESENTATION_CONTEXT(2) 
PARAMETRIC_REPRESENTATION_CONTEXT() REPRESENTATION_CONTEXT('2D SPACE',''
  ) );
#7004 = ORIENTED_EDGE('',*,*,#7005,.T.);
#7005 = EDGE_CURVE('',#6982,#3974,#7006,.T.);
#7006 = SURFACE_CURVE('',#7007,(#7011,#7018),.PCURVE_S1.);
#7007 = LINE('',#7008,#7009);
#7008 = CARTESIAN_POINT('',(0.185,0.62,-0.355125000056));
#7009 = VECTOR('',#7010,1.);
#7010 = DIRECTION('',(6.982962677686E-15,0.,1.));
#7011 = PCURVE('',#4018,#7012);
#7012 = DEFINITIONAL_REPRESENTATION('',(#7013),#7017);
#7013 = LINE('',#7014,#7015);
#7014 = CARTESIAN_POINT('',(1.570796326795,0.));
#7015 = VECTOR('',#7016,1.);
#7016 = DIRECTION('',(0.,1.));
#7017 = ( GEOMETRIC_REPRESENTATION_CONTEXT(2) 
PARAMETRIC_REPRESENTATION_CONTEXT() REPRESENTATION_CONTEXT('2D SPACE',''
  ) );
#7018 = PCURVE('',#3989,#7019);
#7019 = DEFINITIONAL_REPRESENTATION('',(#7020),#7024);
#7020 = LINE('',#7021,#7022);
#7021 = CARTESIAN_POINT('',(5.551115123126E-16,7.E-02));
#7022 = VECTOR('',#7023,1.);
#7023 = DIRECTION('',(-1.,6.982962677686E-15));
#7024 = ( GEOMETRIC_REPRESENTATION_CONTEXT(2) 
PARAMETRIC_REPRESENTATION_CONTEXT() REPRESENTATION_CONTEXT('2D SPACE',''
  ) );
#7025 = ORIENTED_EDGE('',*,*,#4001,.T.);
#7026 = ADVANCED_FACE('',(#7027),#3989,.T.);
#7027 = FACE_BOUND('',#7028,.T.);
#7028 = EDGE_LOOP('',(#7029,#7030,#7053,#7074));
#7029 = ORIENTED_EDGE('',*,*,#3973,.F.);
#7030 = ORIENTED_EDGE('',*,*,#7031,.F.);
#7031 = EDGE_CURVE('',#7032,#3945,#7034,.T.);
#7032 = VERTEX_POINT('',#7033);
#7033 = CARTESIAN_POINT('',(0.115,0.62,-0.355125000056));
#7034 = SURFACE_CURVE('',#7035,(#7039,#7046),.PCURVE_S1.);
#7035 = LINE('',#7036,#7037);
#7036 = CARTESIAN_POINT('',(0.115,0.62,-0.355125000056));
#7037 = VECTOR('',#7038,1.);
#7038 = DIRECTION('',(6.982962677686E-15,0.,1.));
#7039 = PCURVE('',#3989,#7040);
#7040 = DEFINITIONAL_REPRESENTATION('',(#7041),#7045);
#7041 = LINE('',#7042,#7043);
#7042 = CARTESIAN_POINT('',(0.,0.));
#7043 = VECTOR('',#7044,1.);
#7044 = DIRECTION('',(-1.,6.982962677686E-15));
#7045 = ( GEOMETRIC_REPRESENTATION_CONTEXT(2) 
PARAMETRIC_REPRESENTATION_CONTEXT() REPRESENTATION_CONTEXT('2D SPACE',''
  ) );
#7046 = PCURVE('',#3961,#7047);
#7047 = DEFINITIONAL_REPRESENTATION('',(#7048),#7052);
#7048 = LINE('',#7049,#7050);
#7049 = CARTESIAN_POINT('',(1.570796326795,0.));
#7050 = VECTOR('',#7051,1.);
#7051 = DIRECTION('',(0.,1.));
#7052 = ( GEOMETRIC_REPRESENTATION_CONTEXT(2) 
PARAMETRIC_REPRESENTATION_CONTEXT() REPRESENTATION_CONTEXT('2D SPACE',''
  ) );
#7053 = ORIENTED_EDGE('',*,*,#7054,.T.);
#7054 = EDGE_CURVE('',#7032,#6982,#7055,.T.);
#7055 = SURFACE_CURVE('',#7056,(#7060,#7067),.PCURVE_S1.);
#7056 = LINE('',#7057,#7058);
#7057 = CARTESIAN_POINT('',(0.115,0.62,-0.355125000056));
#7058 = VECTOR('',#7059,1.);
#7059 = DIRECTION('',(1.,0.,-6.982962677686E-15));
#7060 = PCURVE('',#3989,#7061);
#7061 = DEFINITIONAL_REPRESENTATION('',(#7062),#7066);
#7062 = LINE('',#7063,#7064);
#7063 = CARTESIAN_POINT('',(0.,0.));
#7064 = VECTOR('',#7065,1.);
#7065 = DIRECTION('',(6.982962677686E-15,1.));
#7066 = ( GEOMETRIC_REPRESENTATION_CONTEXT(2) 
PARAMETRIC_REPRESENTATION_CONTEXT() REPRESENTATION_CONTEXT('2D SPACE',''
  ) );
#7067 = PCURVE('',#2699,#7068);
#7068 = DEFINITIONAL_REPRESENTATION('',(#7069),#7073);
#7069 = LINE('',#7070,#7071);
#7070 = CARTESIAN_POINT('',(-0.115,0.62));
#7071 = VECTOR('',#7072,1.);
#7072 = DIRECTION('',(-1.,0.));
#7073 = ( GEOMETRIC_REPRESENTATION_CONTEXT(2) 
PARAMETRIC_REPRESENTATION_CONTEXT() REPRESENTATION_CONTEXT('2D SPACE',''
  ) );
#7074 = ORIENTED_EDGE('',*,*,#7005,.T.);
#7075 = ADVANCED_FACE('',(#7076),#3961,.F.);
#7076 = FACE_BOUND('',#7077,.F.);
#7077 = EDGE_LOOP('',(#7078,#7079,#7103,#7124));
#7078 = ORIENTED_EDGE('',*,*,#7031,.F.);
#7079 = ORIENTED_EDGE('',*,*,#7080,.F.);
#7080 = EDGE_CURVE('',#7081,#7032,#7083,.T.);
#7081 = VERTEX_POINT('',#7082);
#7082 = CARTESIAN_POINT('',(9.E-02,0.595,-0.355125000056));
#7083 = SURFACE_CURVE('',#7084,(#7089,#7096),.PCURVE_S1.);
#7084 = CIRCLE('',#7085,2.5E-02);
#7085 = AXIS2_PLACEMENT_3D('',#7086,#7087,#7088);
#7086 = CARTESIAN_POINT('',(0.115,0.595,-0.355125000056));
#7087 = DIRECTION('',(-6.505213034913E-15,0.,-1.));
#7088 = DIRECTION('',(-1.,0.,6.505213034913E-15));
#7089 = PCURVE('',#3961,#7090);
#7090 = DEFINITIONAL_REPRESENTATION('',(#7091),#7095);
#7091 = LINE('',#7092,#7093);
#7092 = CARTESIAN_POINT('',(3.14159265359,5.551115123126E-17));
#7093 = VECTOR('',#7094,1.);
#7094 = DIRECTION('',(-1.,-3.533949646071E-17));
#7095 = ( GEOMETRIC_REPRESENTATION_CONTEXT(2) 
PARAMETRIC_REPRESENTATION_CONTEXT() REPRESENTATION_CONTEXT('2D SPACE',''
  ) );
#7096 = PCURVE('',#2699,#7097);
#7097 = DEFINITIONAL_REPRESENTATION('',(#7098),#7102);
#7098 = CIRCLE('',#7099,2.5E-02);
#7099 = AXIS2_PLACEMENT_2D('',#7100,#7101);
#7100 = CARTESIAN_POINT('',(-0.115,0.595));
#7101 = DIRECTION('',(1.,0.));
#7102 = ( GEOMETRIC_REPRESENTATION_CONTEXT(2) 
PARAMETRIC_REPRESENTATION_CONTEXT() REPRESENTATION_CONTEXT('2D SPACE',''
  ) );
#7103 = ORIENTED_EDGE('',*,*,#7104,.T.);
#7104 = EDGE_CURVE('',#7081,#3917,#7105,.T.);
#7105 = SURFACE_CURVE('',#7106,(#7110,#7117),.PCURVE_S1.);
#7106 = LINE('',#7107,#7108);
#7107 = CARTESIAN_POINT('',(9.E-02,0.595,-0.355125000056));
#7108 = VECTOR('',#7109,1.);
#7109 = DIRECTION('',(6.982962677686E-15,0.,1.));
#7110 = PCURVE('',#3961,#7111);
#7111 = DEFINITIONAL_REPRESENTATION('',(#7112),#7116);
#7112 = LINE('',#7113,#7114);
#7113 = CARTESIAN_POINT('',(3.14159265359,-1.110223024625E-16));
#7114 = VECTOR('',#7115,1.);
#7115 = DIRECTION('',(0.,1.));
#7116 = ( GEOMETRIC_REPRESENTATION_CONTEXT(2) 
PARAMETRIC_REPRESENTATION_CONTEXT() REPRESENTATION_CONTEXT('2D SPACE',''
  ) );
#7117 = PCURVE('',#3932,#7118);
#7118 = DEFINITIONAL_REPRESENTATION('',(#7119),#7123);
#7119 = LINE('',#7120,#7121);
#7120 = CARTESIAN_POINT('',(0.,0.));
#7121 = VECTOR('',#7122,1.);
#7122 = DIRECTION('',(-1.,0.));
#7123 = ( GEOMETRIC_REPRESENTATION_CONTEXT(2) 
PARAMETRIC_REPRESENTATION_CONTEXT() REPRESENTATION_CONTEXT('2D SPACE',''
  ) );
#7124 = ORIENTED_EDGE('',*,*,#3944,.T.);
#7125 = ADVANCED_FACE('',(#7126),#3932,.T.);
#7126 = FACE_BOUND('',#7127,.T.);
#7127 = EDGE_LOOP('',(#7128,#7129,#7152,#7173));
#7128 = ORIENTED_EDGE('',*,*,#3916,.F.);
#7129 = ORIENTED_EDGE('',*,*,#7130,.F.);
#7130 = EDGE_CURVE('',#7131,#3888,#7133,.T.);
#7131 = VERTEX_POINT('',#7132);
#7132 = CARTESIAN_POINT('',(9.E-02,0.345,-0.355125000056));
#7133 = SURFACE_CURVE('',#7134,(#7138,#7145),.PCURVE_S1.);
#7134 = LINE('',#7135,#7136);
#7135 = CARTESIAN_POINT('',(9.E-02,0.345,-0.355125000056));
#7136 = VECTOR('',#7137,1.);
#7137 = DIRECTION('',(6.982962677686E-15,0.,1.));
#7138 = PCURVE('',#3932,#7139);
#7139 = DEFINITIONAL_REPRESENTATION('',(#7140),#7144);
#7140 = LINE('',#7141,#7142);
#7141 = CARTESIAN_POINT('',(-0.,-0.25));
#7142 = VECTOR('',#7143,1.);
#7143 = DIRECTION('',(-1.,0.));
#7144 = ( GEOMETRIC_REPRESENTATION_CONTEXT(2) 
PARAMETRIC_REPRESENTATION_CONTEXT() REPRESENTATION_CONTEXT('2D SPACE',''
  ) );
#7145 = PCURVE('',#3904,#7146);
#7146 = DEFINITIONAL_REPRESENTATION('',(#7147),#7151);
#7147 = LINE('',#7148,#7149);
#7148 = CARTESIAN_POINT('',(3.14159265359,-1.110223024625E-16));
#7149 = VECTOR('',#7150,1.);
#7150 = DIRECTION('',(0.,1.));
#7151 = ( GEOMETRIC_REPRESENTATION_CONTEXT(2) 
PARAMETRIC_REPRESENTATION_CONTEXT() REPRESENTATION_CONTEXT('2D SPACE',''
  ) );
#7152 = ORIENTED_EDGE('',*,*,#7153,.T.);
#7153 = EDGE_CURVE('',#7131,#7081,#7154,.T.);
#7154 = SURFACE_CURVE('',#7155,(#7159,#7166),.PCURVE_S1.);
#7155 = LINE('',#7156,#7157);
#7156 = CARTESIAN_POINT('',(9.E-02,0.595,-0.355125000056));
#7157 = VECTOR('',#7158,1.);
#7158 = DIRECTION('',(0.,1.,0.));
#7159 = PCURVE('',#3932,#7160);
#7160 = DEFINITIONAL_REPRESENTATION('',(#7161),#7165);
#7161 = LINE('',#7162,#7163);
#7162 = CARTESIAN_POINT('',(0.,0.));
#7163 = VECTOR('',#7164,1.);
#7164 = DIRECTION('',(0.,1.));
#7165 = ( GEOMETRIC_REPRESENTATION_CONTEXT(2) 
PARAMETRIC_REPRESENTATION_CONTEXT() REPRESENTATION_CONTEXT('2D SPACE',''
  ) );
#7166 = PCURVE('',#2699,#7167);
#7167 = DEFINITIONAL_REPRESENTATION('',(#7168),#7172);
#7168 = LINE('',#7169,#7170);
#7169 = CARTESIAN_POINT('',(-9.E-02,0.595));
#7170 = VECTOR('',#7171,1.);
#7171 = DIRECTION('',(0.,1.));
#7172 = ( GEOMETRIC_REPRESENTATION_CONTEXT(2) 
PARAMETRIC_REPRESENTATION_CONTEXT() REPRESENTATION_CONTEXT('2D SPACE',''
  ) );
#7173 = ORIENTED_EDGE('',*,*,#7104,.T.);
#7174 = ADVANCED_FACE('',(#7175),#3904,.F.);
#7175 = FACE_BOUND('',#7176,.F.);
#7176 = EDGE_LOOP('',(#7177,#7178,#7202,#7223));
#7177 = ORIENTED_EDGE('',*,*,#7130,.F.);
#7178 = ORIENTED_EDGE('',*,*,#7179,.F.);
#7179 = EDGE_CURVE('',#7180,#7131,#7182,.T.);
#7180 = VERTEX_POINT('',#7181);
#7181 = CARTESIAN_POINT('',(0.115,0.32,-0.355125000056));
#7182 = SURFACE_CURVE('',#7183,(#7188,#7195),.PCURVE_S1.);
#7183 = CIRCLE('',#7184,2.5E-02);
#7184 = AXIS2_PLACEMENT_3D('',#7185,#7186,#7187);
#7185 = CARTESIAN_POINT('',(0.115,0.345,-0.355125000056));
#7186 = DIRECTION('',(-6.505213034913E-15,0.,-1.));
#7187 = DIRECTION('',(-1.,0.,6.505213034913E-15));
#7188 = PCURVE('',#3904,#7189);
#7189 = DEFINITIONAL_REPRESENTATION('',(#7190),#7194);
#7190 = LINE('',#7191,#7192);
#7191 = CARTESIAN_POINT('',(9.424777960769,-1.665334536938E-16));
#7192 = VECTOR('',#7193,1.);
#7193 = DIRECTION('',(-1.,3.533949646071E-17));
#7194 = ( GEOMETRIC_REPRESENTATION_CONTEXT(2) 
PARAMETRIC_REPRESENTATION_CONTEXT() REPRESENTATION_CONTEXT('2D SPACE',''
  ) );
#7195 = PCURVE('',#2699,#7196);
#7196 = DEFINITIONAL_REPRESENTATION('',(#7197),#7201);
#7197 = CIRCLE('',#7198,2.5E-02);
#7198 = AXIS2_PLACEMENT_2D('',#7199,#7200);
#7199 = CARTESIAN_POINT('',(-0.115,0.345));
#7200 = DIRECTION('',(1.,0.));
#7201 = ( GEOMETRIC_REPRESENTATION_CONTEXT(2) 
PARAMETRIC_REPRESENTATION_CONTEXT() REPRESENTATION_CONTEXT('2D SPACE',''
  ) );
#7202 = ORIENTED_EDGE('',*,*,#7203,.T.);
#7203 = EDGE_CURVE('',#7180,#3860,#7204,.T.);
#7204 = SURFACE_CURVE('',#7205,(#7209,#7216),.PCURVE_S1.);
#7205 = LINE('',#7206,#7207);
#7206 = CARTESIAN_POINT('',(0.115,0.32,-0.355125000056));
#7207 = VECTOR('',#7208,1.);
#7208 = DIRECTION('',(6.982962677686E-15,0.,1.));
#7209 = PCURVE('',#3904,#7210);
#7210 = DEFINITIONAL_REPRESENTATION('',(#7211),#7215);
#7211 = LINE('',#7212,#7213);
#7212 = CARTESIAN_POINT('',(4.712388980385,0.));
#7213 = VECTOR('',#7214,1.);
#7214 = DIRECTION('',(0.,1.));
#7215 = ( GEOMETRIC_REPRESENTATION_CONTEXT(2) 
PARAMETRIC_REPRESENTATION_CONTEXT() REPRESENTATION_CONTEXT('2D SPACE',''
  ) );
#7216 = PCURVE('',#3875,#7217);
#7217 = DEFINITIONAL_REPRESENTATION('',(#7218),#7222);
#7218 = LINE('',#7219,#7220);
#7219 = CARTESIAN_POINT('',(0.,0.));
#7220 = VECTOR('',#7221,1.);
#7221 = DIRECTION('',(6.982962677686E-15,-1.));
#7222 = ( GEOMETRIC_REPRESENTATION_CONTEXT(2) 
PARAMETRIC_REPRESENTATION_CONTEXT() REPRESENTATION_CONTEXT('2D SPACE',''
  ) );
#7223 = ORIENTED_EDGE('',*,*,#3887,.T.);
#7224 = ADVANCED_FACE('',(#7225),#3875,.T.);
#7225 = FACE_BOUND('',#7226,.T.);
#7226 = EDGE_LOOP('',(#7227,#7228,#7251,#7272));
#7227 = ORIENTED_EDGE('',*,*,#3859,.F.);
#7228 = ORIENTED_EDGE('',*,*,#7229,.F.);
#7229 = EDGE_CURVE('',#7230,#3831,#7232,.T.);
#7230 = VERTEX_POINT('',#7231);
#7231 = CARTESIAN_POINT('',(0.238944487245,0.32,-0.355125000056));
#7232 = SURFACE_CURVE('',#7233,(#7237,#7244),.PCURVE_S1.);
#7233 = LINE('',#7234,#7235);
#7234 = CARTESIAN_POINT('',(0.238944487245,0.32,-0.355125000056));
#7235 = VECTOR('',#7236,1.);
#7236 = DIRECTION('',(6.982962677686E-15,0.,1.));
#7237 = PCURVE('',#3875,#7238);
#7238 = DEFINITIONAL_REPRESENTATION('',(#7239),#7243);
#7239 = LINE('',#7240,#7241);
#7240 = CARTESIAN_POINT('',(0.123944487245,1.054711873394E-15));
#7241 = VECTOR('',#7242,1.);
#7242 = DIRECTION('',(6.982962677686E-15,-1.));
#7243 = ( GEOMETRIC_REPRESENTATION_CONTEXT(2) 
PARAMETRIC_REPRESENTATION_CONTEXT() REPRESENTATION_CONTEXT('2D SPACE',''
  ) );
#7244 = PCURVE('',#3847,#7245);
#7245 = DEFINITIONAL_REPRESENTATION('',(#7246),#7250);
#7246 = LINE('',#7247,#7248);
#7247 = CARTESIAN_POINT('',(4.712388980385,0.));
#7248 = VECTOR('',#7249,1.);
#7249 = DIRECTION('',(0.,1.));
#7250 = ( GEOMETRIC_REPRESENTATION_CONTEXT(2) 
PARAMETRIC_REPRESENTATION_CONTEXT() REPRESENTATION_CONTEXT('2D SPACE',''
  ) );
#7251 = ORIENTED_EDGE('',*,*,#7252,.T.);
#7252 = EDGE_CURVE('',#7230,#7180,#7253,.T.);
#7253 = SURFACE_CURVE('',#7254,(#7258,#7265),.PCURVE_S1.);
#7254 = LINE('',#7255,#7256);
#7255 = CARTESIAN_POINT('',(0.115,0.32,-0.355125000056));
#7256 = VECTOR('',#7257,1.);
#7257 = DIRECTION('',(-1.,-4.373741005274E-16,6.982962677686E-15));
#7258 = PCURVE('',#3875,#7259);
#7259 = DEFINITIONAL_REPRESENTATION('',(#7260),#7264);
#7260 = LINE('',#7261,#7262);
#7261 = CARTESIAN_POINT('',(0.,0.));
#7262 = VECTOR('',#7263,1.);
#7263 = DIRECTION('',(-1.,-6.982962677686E-15));
#7264 = ( GEOMETRIC_REPRESENTATION_CONTEXT(2) 
PARAMETRIC_REPRESENTATION_CONTEXT() REPRESENTATION_CONTEXT('2D SPACE',''
  ) );
#7265 = PCURVE('',#2699,#7266);
#7266 = DEFINITIONAL_REPRESENTATION('',(#7267),#7271);
#7267 = LINE('',#7268,#7269);
#7268 = CARTESIAN_POINT('',(-0.115,0.32));
#7269 = VECTOR('',#7270,1.);
#7270 = DIRECTION('',(1.,-4.373741005274E-16));
#7271 = ( GEOMETRIC_REPRESENTATION_CONTEXT(2) 
PARAMETRIC_REPRESENTATION_CONTEXT() REPRESENTATION_CONTEXT('2D SPACE',''
  ) );
#7272 = ORIENTED_EDGE('',*,*,#7203,.T.);
#7273 = ADVANCED_FACE('',(#7274),#3847,.F.);
#7274 = FACE_BOUND('',#7275,.F.);
#7275 = EDGE_LOOP('',(#7276,#7277,#7301,#7322));
#7276 = ORIENTED_EDGE('',*,*,#7229,.F.);
#7277 = ORIENTED_EDGE('',*,*,#7278,.F.);
#7278 = EDGE_CURVE('',#7279,#7230,#7281,.T.);
#7279 = VERTEX_POINT('',#7280);
#7280 = CARTESIAN_POINT('',(0.251821456086,0.323571428571,
    -0.355125000056));
#7281 = SURFACE_CURVE('',#7282,(#7287,#7294),.PCURVE_S1.);
#7282 = CIRCLE('',#7283,2.5E-02);
#7283 = AXIS2_PLACEMENT_3D('',#7284,#7285,#7286);
#7284 = CARTESIAN_POINT('',(0.238944487245,0.345,-0.355125000056));
#7285 = DIRECTION('',(-6.505213034913E-15,0.,-1.));
#7286 = DIRECTION('',(-1.,0.,6.505213034913E-15));
#7287 = PCURVE('',#3847,#7288);
#7288 = DEFINITIONAL_REPRESENTATION('',(#7289),#7293);
#7289 = LINE('',#7290,#7291);
#7290 = CARTESIAN_POINT('',(9.424777960769,0.));
#7291 = VECTOR('',#7292,1.);
#7292 = DIRECTION('',(-1.,0.));
#7293 = ( GEOMETRIC_REPRESENTATION_CONTEXT(2) 
PARAMETRIC_REPRESENTATION_CONTEXT() REPRESENTATION_CONTEXT('2D SPACE',''
  ) );
#7294 = PCURVE('',#2699,#7295);
#7295 = DEFINITIONAL_REPRESENTATION('',(#7296),#7300);
#7296 = CIRCLE('',#7297,2.5E-02);
#7297 = AXIS2_PLACEMENT_2D('',#7298,#7299);
#7298 = CARTESIAN_POINT('',(-0.238944487245,0.345));
#7299 = DIRECTION('',(1.,0.));
#7300 = ( GEOMETRIC_REPRESENTATION_CONTEXT(2) 
PARAMETRIC_REPRESENTATION_CONTEXT() REPRESENTATION_CONTEXT('2D SPACE',''
  ) );
#7301 = ORIENTED_EDGE('',*,*,#7302,.T.);
#7302 = EDGE_CURVE('',#7279,#3803,#7303,.T.);
#7303 = SURFACE_CURVE('',#7304,(#7308,#7315),.PCURVE_S1.);
#7304 = LINE('',#7305,#7306);
#7305 = CARTESIAN_POINT('',(0.251821456086,0.323571428571,
    -0.355125000056));
#7306 = VECTOR('',#7307,1.);
#7307 = DIRECTION('',(6.982962677686E-15,0.,1.));
#7308 = PCURVE('',#3847,#7309);
#7309 = DEFINITIONAL_REPRESENTATION('',(#7310),#7314);
#7310 = LINE('',#7311,#7312);
#7311 = CARTESIAN_POINT('',(5.253488506342,1.110223024625E-16));
#7312 = VECTOR('',#7313,1.);
#7313 = DIRECTION('',(0.,1.));
#7314 = ( GEOMETRIC_REPRESENTATION_CONTEXT(2) 
PARAMETRIC_REPRESENTATION_CONTEXT() REPRESENTATION_CONTEXT('2D SPACE',''
  ) );
#7315 = PCURVE('',#2976,#7316);
#7316 = DEFINITIONAL_REPRESENTATION('',(#7317),#7321);
#7317 = LINE('',#7318,#7319);
#7318 = CARTESIAN_POINT('',(2.111895852752,-1.665334536938E-16));
#7319 = VECTOR('',#7320,1.);
#7320 = DIRECTION('',(0.,1.));
#7321 = ( GEOMETRIC_REPRESENTATION_CONTEXT(2) 
PARAMETRIC_REPRESENTATION_CONTEXT() REPRESENTATION_CONTEXT('2D SPACE',''
  ) );
#7322 = ORIENTED_EDGE('',*,*,#3830,.T.);
#7323 = ADVANCED_FACE('',(#7324),#2976,.T.);
#7324 = FACE_BOUND('',#7325,.T.);
#7325 = EDGE_LOOP('',(#7326,#7327,#7353,#7354));
#7326 = ORIENTED_EDGE('',*,*,#2960,.F.);
#7327 = ORIENTED_EDGE('',*,*,#7328,.T.);
#7328 = EDGE_CURVE('',#2928,#7279,#7329,.T.);
#7329 = SURFACE_CURVE('',#7330,(#7335,#7342),.PCURVE_S1.);
#7330 = CIRCLE('',#7331,4.5E-02);
#7331 = AXIS2_PLACEMENT_3D('',#7332,#7333,#7334);
#7332 = CARTESIAN_POINT('',(0.275,0.285,-0.355125000056));
#7333 = DIRECTION('',(7.228014483237E-15,0.,1.));
#7334 = DIRECTION('',(-1.,0.,7.228014483237E-15));
#7335 = PCURVE('',#2976,#7336);
#7336 = DEFINITIONAL_REPRESENTATION('',(#7337),#7341);
#7337 = LINE('',#7338,#7339);
#7338 = CARTESIAN_POINT('',(-3.14159265359,0.));
#7339 = VECTOR('',#7340,1.);
#7340 = DIRECTION('',(1.,0.));
#7341 = ( GEOMETRIC_REPRESENTATION_CONTEXT(2) 
PARAMETRIC_REPRESENTATION_CONTEXT() REPRESENTATION_CONTEXT('2D SPACE',''
  ) );
#7342 = PCURVE('',#2699,#7343);
#7343 = DEFINITIONAL_REPRESENTATION('',(#7344),#7352);
#7344 = ( BOUNDED_CURVE() B_SPLINE_CURVE(2,(#7345,#7346,#7347,#7348,
#7349,#7350,#7351),.UNSPECIFIED.,.T.,.F.) B_SPLINE_CURVE_WITH_KNOTS((1,2
    ,2,2,2,1),(-2.094395102393,0.,2.094395102393,4.188790204786,
6.28318530718,8.377580409573),.UNSPECIFIED.) CURVE() 
GEOMETRIC_REPRESENTATION_ITEM() RATIONAL_B_SPLINE_CURVE((1.,0.5,1.,0.5,
1.,0.5,1.)) REPRESENTATION_ITEM('') );
#7345 = CARTESIAN_POINT('',(-0.23,0.285));
#7346 = CARTESIAN_POINT('',(-0.23,0.207057713659));
#7347 = CARTESIAN_POINT('',(-0.2975,0.24602885683));
#7348 = CARTESIAN_POINT('',(-0.365,0.285));
#7349 = CARTESIAN_POINT('',(-0.2975,0.32397114317));
#7350 = CARTESIAN_POINT('',(-0.23,0.362942286341));
#7351 = CARTESIAN_POINT('',(-0.23,0.285));
#7352 = ( GEOMETRIC_REPRESENTATION_CONTEXT(2) 
PARAMETRIC_REPRESENTATION_CONTEXT() REPRESENTATION_CONTEXT('2D SPACE',''
  ) );
#7353 = ORIENTED_EDGE('',*,*,#7302,.T.);
#7354 = ORIENTED_EDGE('',*,*,#3802,.F.);
#7355 = ADVANCED_FACE('',(#7356),#3030,.F.);
#7356 = FACE_BOUND('',#7357,.F.);
#7357 = EDGE_LOOP('',(#7358,#7359,#7383,#7404));
#7358 = ORIENTED_EDGE('',*,*,#3016,.F.);
#7359 = ORIENTED_EDGE('',*,*,#7360,.F.);
#7360 = EDGE_CURVE('',#7361,#2926,#7363,.T.);
#7361 = VERTEX_POINT('',#7362);
#7362 = CARTESIAN_POINT('',(0.238944487245,0.25,-0.355125000056));
#7363 = SURFACE_CURVE('',#7364,(#7369,#7376),.PCURVE_S1.);
#7364 = CIRCLE('',#7365,2.5E-02);
#7365 = AXIS2_PLACEMENT_3D('',#7366,#7367,#7368);
#7366 = CARTESIAN_POINT('',(0.238944487245,0.225,-0.355125000056));
#7367 = DIRECTION('',(-6.505213034913E-15,0.,-1.));
#7368 = DIRECTION('',(1.,0.,-6.505213034913E-15));
#7369 = PCURVE('',#3030,#7370);
#7370 = DEFINITIONAL_REPRESENTATION('',(#7371),#7375);
#7371 = LINE('',#7372,#7373);
#7372 = CARTESIAN_POINT('',(6.28318530718,0.));
#7373 = VECTOR('',#7374,1.);
#7374 = DIRECTION('',(-1.,0.));
#7375 = ( GEOMETRIC_REPRESENTATION_CONTEXT(2) 
PARAMETRIC_REPRESENTATION_CONTEXT() REPRESENTATION_CONTEXT('2D SPACE',''
  ) );
#7376 = PCURVE('',#2699,#7377);
#7377 = DEFINITIONAL_REPRESENTATION('',(#7378),#7382);
#7378 = CIRCLE('',#7379,2.5E-02);
#7379 = AXIS2_PLACEMENT_2D('',#7380,#7381);
#7380 = CARTESIAN_POINT('',(-0.238944487245,0.225));
#7381 = DIRECTION('',(-1.,0.));
#7382 = ( GEOMETRIC_REPRESENTATION_CONTEXT(2) 
PARAMETRIC_REPRESENTATION_CONTEXT() REPRESENTATION_CONTEXT('2D SPACE',''
  ) );
#7383 = ORIENTED_EDGE('',*,*,#7384,.T.);
#7384 = EDGE_CURVE('',#7361,#3752,#7385,.T.);
#7385 = SURFACE_CURVE('',#7386,(#7390,#7397),.PCURVE_S1.);
#7386 = LINE('',#7387,#7388);
#7387 = CARTESIAN_POINT('',(0.238944487245,0.25,-0.355125000056));
#7388 = VECTOR('',#7389,1.);
#7389 = DIRECTION('',(6.982962677686E-15,0.,1.));
#7390 = PCURVE('',#3030,#7391);
#7391 = DEFINITIONAL_REPRESENTATION('',(#7392),#7396);
#7392 = LINE('',#7393,#7394);
#7393 = CARTESIAN_POINT('',(1.570796326795,0.));
#7394 = VECTOR('',#7395,1.);
#7395 = DIRECTION('',(0.,1.));
#7396 = ( GEOMETRIC_REPRESENTATION_CONTEXT(2) 
PARAMETRIC_REPRESENTATION_CONTEXT() REPRESENTATION_CONTEXT('2D SPACE',''
  ) );
#7397 = PCURVE('',#3767,#7398);
#7398 = DEFINITIONAL_REPRESENTATION('',(#7399),#7403);
#7399 = LINE('',#7400,#7401);
#7400 = CARTESIAN_POINT('',(1.054711873394E-15,0.123944487245));
#7401 = VECTOR('',#7402,1.);
#7402 = DIRECTION('',(-1.,6.982962677686E-15));
#7403 = ( GEOMETRIC_REPRESENTATION_CONTEXT(2) 
PARAMETRIC_REPRESENTATION_CONTEXT() REPRESENTATION_CONTEXT('2D SPACE',''
  ) );
#7404 = ORIENTED_EDGE('',*,*,#3779,.T.);
#7405 = ADVANCED_FACE('',(#7406),#3767,.T.);
#7406 = FACE_BOUND('',#7407,.T.);
#7407 = EDGE_LOOP('',(#7408,#7409,#7432,#7453));
#7408 = ORIENTED_EDGE('',*,*,#3751,.F.);
#7409 = ORIENTED_EDGE('',*,*,#7410,.F.);
#7410 = EDGE_CURVE('',#7411,#3723,#7413,.T.);
#7411 = VERTEX_POINT('',#7412);
#7412 = CARTESIAN_POINT('',(0.115,0.25,-0.355125000056));
#7413 = SURFACE_CURVE('',#7414,(#7418,#7425),.PCURVE_S1.);
#7414 = LINE('',#7415,#7416);
#7415 = CARTESIAN_POINT('',(0.115,0.25,-0.355125000056));
#7416 = VECTOR('',#7417,1.);
#7417 = DIRECTION('',(6.982962677686E-15,0.,1.));
#7418 = PCURVE('',#3767,#7419);
#7419 = DEFINITIONAL_REPRESENTATION('',(#7420),#7424);
#7420 = LINE('',#7421,#7422);
#7421 = CARTESIAN_POINT('',(0.,0.));
#7422 = VECTOR('',#7423,1.);
#7423 = DIRECTION('',(-1.,6.982962677686E-15));
#7424 = ( GEOMETRIC_REPRESENTATION_CONTEXT(2) 
PARAMETRIC_REPRESENTATION_CONTEXT() REPRESENTATION_CONTEXT('2D SPACE',''
  ) );
#7425 = PCURVE('',#3739,#7426);
#7426 = DEFINITIONAL_REPRESENTATION('',(#7427),#7431);
#7427 = LINE('',#7428,#7429);
#7428 = CARTESIAN_POINT('',(1.570796326795,0.));
#7429 = VECTOR('',#7430,1.);
#7430 = DIRECTION('',(0.,1.));
#7431 = ( GEOMETRIC_REPRESENTATION_CONTEXT(2) 
PARAMETRIC_REPRESENTATION_CONTEXT() REPRESENTATION_CONTEXT('2D SPACE',''
  ) );
#7432 = ORIENTED_EDGE('',*,*,#7433,.T.);
#7433 = EDGE_CURVE('',#7411,#7361,#7434,.T.);
#7434 = SURFACE_CURVE('',#7435,(#7439,#7446),.PCURVE_S1.);
#7435 = LINE('',#7436,#7437);
#7436 = CARTESIAN_POINT('',(0.115,0.25,-0.355125000056));
#7437 = VECTOR('',#7438,1.);
#7438 = DIRECTION('',(1.,0.,-6.982962677686E-15));
#7439 = PCURVE('',#3767,#7440);
#7440 = DEFINITIONAL_REPRESENTATION('',(#7441),#7445);
#7441 = LINE('',#7442,#7443);
#7442 = CARTESIAN_POINT('',(0.,0.));
#7443 = VECTOR('',#7444,1.);
#7444 = DIRECTION('',(6.982962677686E-15,1.));
#7445 = ( GEOMETRIC_REPRESENTATION_CONTEXT(2) 
PARAMETRIC_REPRESENTATION_CONTEXT() REPRESENTATION_CONTEXT('2D SPACE',''
  ) );
#7446 = PCURVE('',#2699,#7447);
#7447 = DEFINITIONAL_REPRESENTATION('',(#7448),#7452);
#7448 = LINE('',#7449,#7450);
#7449 = CARTESIAN_POINT('',(-0.115,0.25));
#7450 = VECTOR('',#7451,1.);
#7451 = DIRECTION('',(-1.,0.));
#7452 = ( GEOMETRIC_REPRESENTATION_CONTEXT(2) 
PARAMETRIC_REPRESENTATION_CONTEXT() REPRESENTATION_CONTEXT('2D SPACE',''
  ) );
#7453 = ORIENTED_EDGE('',*,*,#7384,.T.);
#7454 = ADVANCED_FACE('',(#7455),#3739,.F.);
#7455 = FACE_BOUND('',#7456,.F.);
#7456 = EDGE_LOOP('',(#7457,#7458,#7482,#7503));
#7457 = ORIENTED_EDGE('',*,*,#7410,.F.);
#7458 = ORIENTED_EDGE('',*,*,#7459,.F.);
#7459 = EDGE_CURVE('',#7460,#7411,#7462,.T.);
#7460 = VERTEX_POINT('',#7461);
#7461 = CARTESIAN_POINT('',(9.E-02,0.225,-0.355125000056));
#7462 = SURFACE_CURVE('',#7463,(#7468,#7475),.PCURVE_S1.);
#7463 = CIRCLE('',#7464,2.5E-02);
#7464 = AXIS2_PLACEMENT_3D('',#7465,#7466,#7467);
#7465 = CARTESIAN_POINT('',(0.115,0.225,-0.355125000056));
#7466 = DIRECTION('',(-6.505213034913E-15,0.,-1.));
#7467 = DIRECTION('',(1.,0.,-6.505213034913E-15));
#7468 = PCURVE('',#3739,#7469);
#7469 = DEFINITIONAL_REPRESENTATION('',(#7470),#7474);
#7470 = LINE('',#7471,#7472);
#7471 = CARTESIAN_POINT('',(6.28318530718,1.665334536938E-16));
#7472 = VECTOR('',#7473,1.);
#7473 = DIRECTION('',(-1.,-3.533949646071E-17));
#7474 = ( GEOMETRIC_REPRESENTATION_CONTEXT(2) 
PARAMETRIC_REPRESENTATION_CONTEXT() REPRESENTATION_CONTEXT('2D SPACE',''
  ) );
#7475 = PCURVE('',#2699,#7476);
#7476 = DEFINITIONAL_REPRESENTATION('',(#7477),#7481);
#7477 = CIRCLE('',#7478,2.5E-02);
#7478 = AXIS2_PLACEMENT_2D('',#7479,#7480);
#7479 = CARTESIAN_POINT('',(-0.115,0.225));
#7480 = DIRECTION('',(-1.,0.));
#7481 = ( GEOMETRIC_REPRESENTATION_CONTEXT(2) 
PARAMETRIC_REPRESENTATION_CONTEXT() REPRESENTATION_CONTEXT('2D SPACE',''
  ) );
#7482 = ORIENTED_EDGE('',*,*,#7483,.T.);
#7483 = EDGE_CURVE('',#7460,#3695,#7484,.T.);
#7484 = SURFACE_CURVE('',#7485,(#7489,#7496),.PCURVE_S1.);
#7485 = LINE('',#7486,#7487);
#7486 = CARTESIAN_POINT('',(9.E-02,0.225,-0.355125000056));
#7487 = VECTOR('',#7488,1.);
#7488 = DIRECTION('',(6.982962677686E-15,0.,1.));
#7489 = PCURVE('',#3739,#7490);
#7490 = DEFINITIONAL_REPRESENTATION('',(#7491),#7495);
#7491 = LINE('',#7492,#7493);
#7492 = CARTESIAN_POINT('',(3.14159265359,-1.110223024625E-16));
#7493 = VECTOR('',#7494,1.);
#7494 = DIRECTION('',(0.,1.));
#7495 = ( GEOMETRIC_REPRESENTATION_CONTEXT(2) 
PARAMETRIC_REPRESENTATION_CONTEXT() REPRESENTATION_CONTEXT('2D SPACE',''
  ) );
#7496 = PCURVE('',#3710,#7497);
#7497 = DEFINITIONAL_REPRESENTATION('',(#7498),#7502);
#7498 = LINE('',#7499,#7500);
#7499 = CARTESIAN_POINT('',(0.,0.));
#7500 = VECTOR('',#7501,1.);
#7501 = DIRECTION('',(-1.,0.));
#7502 = ( GEOMETRIC_REPRESENTATION_CONTEXT(2) 
PARAMETRIC_REPRESENTATION_CONTEXT() REPRESENTATION_CONTEXT('2D SPACE',''
  ) );
#7503 = ORIENTED_EDGE('',*,*,#3722,.T.);
#7504 = ADVANCED_FACE('',(#7505),#3710,.T.);
#7505 = FACE_BOUND('',#7506,.T.);
#7506 = EDGE_LOOP('',(#7507,#7508,#7531,#7552));
#7507 = ORIENTED_EDGE('',*,*,#3694,.F.);
#7508 = ORIENTED_EDGE('',*,*,#7509,.F.);
#7509 = EDGE_CURVE('',#7510,#3666,#7512,.T.);
#7510 = VERTEX_POINT('',#7511);
#7511 = CARTESIAN_POINT('',(9.E-02,7.5E-02,-0.355125000056));
#7512 = SURFACE_CURVE('',#7513,(#7517,#7524),.PCURVE_S1.);
#7513 = LINE('',#7514,#7515);
#7514 = CARTESIAN_POINT('',(9.E-02,7.5E-02,-0.355125000056));
#7515 = VECTOR('',#7516,1.);
#7516 = DIRECTION('',(6.982962677686E-15,0.,1.));
#7517 = PCURVE('',#3710,#7518);
#7518 = DEFINITIONAL_REPRESENTATION('',(#7519),#7523);
#7519 = LINE('',#7520,#7521);
#7520 = CARTESIAN_POINT('',(-0.,-0.15));
#7521 = VECTOR('',#7522,1.);
#7522 = DIRECTION('',(-1.,0.));
#7523 = ( GEOMETRIC_REPRESENTATION_CONTEXT(2) 
PARAMETRIC_REPRESENTATION_CONTEXT() REPRESENTATION_CONTEXT('2D SPACE',''
  ) );
#7524 = PCURVE('',#3682,#7525);
#7525 = DEFINITIONAL_REPRESENTATION('',(#7526),#7530);
#7526 = LINE('',#7527,#7528);
#7527 = CARTESIAN_POINT('',(3.14159265359,-1.110223024625E-16));
#7528 = VECTOR('',#7529,1.);
#7529 = DIRECTION('',(0.,1.));
#7530 = ( GEOMETRIC_REPRESENTATION_CONTEXT(2) 
PARAMETRIC_REPRESENTATION_CONTEXT() REPRESENTATION_CONTEXT('2D SPACE',''
  ) );
#7531 = ORIENTED_EDGE('',*,*,#7532,.T.);
#7532 = EDGE_CURVE('',#7510,#7460,#7533,.T.);
#7533 = SURFACE_CURVE('',#7534,(#7538,#7545),.PCURVE_S1.);
#7534 = LINE('',#7535,#7536);
#7535 = CARTESIAN_POINT('',(9.E-02,0.225,-0.355125000056));
#7536 = VECTOR('',#7537,1.);
#7537 = DIRECTION('',(0.,1.,0.));
#7538 = PCURVE('',#3710,#7539);
#7539 = DEFINITIONAL_REPRESENTATION('',(#7540),#7544);
#7540 = LINE('',#7541,#7542);
#7541 = CARTESIAN_POINT('',(0.,0.));
#7542 = VECTOR('',#7543,1.);
#7543 = DIRECTION('',(0.,1.));
#7544 = ( GEOMETRIC_REPRESENTATION_CONTEXT(2) 
PARAMETRIC_REPRESENTATION_CONTEXT() REPRESENTATION_CONTEXT('2D SPACE',''
  ) );
#7545 = PCURVE('',#2699,#7546);
#7546 = DEFINITIONAL_REPRESENTATION('',(#7547),#7551);
#7547 = LINE('',#7548,#7549);
#7548 = CARTESIAN_POINT('',(-9.E-02,0.225));
#7549 = VECTOR('',#7550,1.);
#7550 = DIRECTION('',(0.,1.));
#7551 = ( GEOMETRIC_REPRESENTATION_CONTEXT(2) 
PARAMETRIC_REPRESENTATION_CONTEXT() REPRESENTATION_CONTEXT('2D SPACE',''
  ) );
#7552 = ORIENTED_EDGE('',*,*,#7483,.T.);
#7553 = ADVANCED_FACE('',(#7554),#3682,.F.);
#7554 = FACE_BOUND('',#7555,.F.);
#7555 = EDGE_LOOP('',(#7556,#7557,#7581,#7602));
#7556 = ORIENTED_EDGE('',*,*,#7509,.F.);
#7557 = ORIENTED_EDGE('',*,*,#7558,.F.);
#7558 = EDGE_CURVE('',#7559,#7510,#7561,.T.);
#7559 = VERTEX_POINT('',#7560);
#7560 = CARTESIAN_POINT('',(0.115,5.E-02,-0.355125000056));
#7561 = SURFACE_CURVE('',#7562,(#7567,#7574),.PCURVE_S1.);
#7562 = CIRCLE('',#7563,2.5E-02);
#7563 = AXIS2_PLACEMENT_3D('',#7564,#7565,#7566);
#7564 = CARTESIAN_POINT('',(0.115,7.5E-02,-0.355125000056));
#7565 = DIRECTION('',(-6.505213034913E-15,0.,-1.));
#7566 = DIRECTION('',(-1.,0.,6.505213034913E-15));
#7567 = PCURVE('',#3682,#7568);
#7568 = DEFINITIONAL_REPRESENTATION('',(#7569),#7573);
#7569 = LINE('',#7570,#7571);
#7570 = CARTESIAN_POINT('',(9.424777960769,-1.665334536938E-16));
#7571 = VECTOR('',#7572,1.);
#7572 = DIRECTION('',(-1.,3.533949646071E-17));
#7573 = ( GEOMETRIC_REPRESENTATION_CONTEXT(2) 
PARAMETRIC_REPRESENTATION_CONTEXT() REPRESENTATION_CONTEXT('2D SPACE',''
  ) );
#7574 = PCURVE('',#2699,#7575);
#7575 = DEFINITIONAL_REPRESENTATION('',(#7576),#7580);
#7576 = CIRCLE('',#7577,2.5E-02);
#7577 = AXIS2_PLACEMENT_2D('',#7578,#7579);
#7578 = CARTESIAN_POINT('',(-0.115,7.5E-02));
#7579 = DIRECTION('',(1.,0.));
#7580 = ( GEOMETRIC_REPRESENTATION_CONTEXT(2) 
PARAMETRIC_REPRESENTATION_CONTEXT() REPRESENTATION_CONTEXT('2D SPACE',''
  ) );
#7581 = ORIENTED_EDGE('',*,*,#7582,.T.);
#7582 = EDGE_CURVE('',#7559,#3638,#7583,.T.);
#7583 = SURFACE_CURVE('',#7584,(#7588,#7595),.PCURVE_S1.);
#7584 = LINE('',#7585,#7586);
#7585 = CARTESIAN_POINT('',(0.115,5.E-02,-0.355125000056));
#7586 = VECTOR('',#7587,1.);
#7587 = DIRECTION('',(6.982962677686E-15,0.,1.));
#7588 = PCURVE('',#3682,#7589);
#7589 = DEFINITIONAL_REPRESENTATION('',(#7590),#7594);
#7590 = LINE('',#7591,#7592);
#7591 = CARTESIAN_POINT('',(4.712388980385,0.));
#7592 = VECTOR('',#7593,1.);
#7593 = DIRECTION('',(0.,1.));
#7594 = ( GEOMETRIC_REPRESENTATION_CONTEXT(2) 
PARAMETRIC_REPRESENTATION_CONTEXT() REPRESENTATION_CONTEXT('2D SPACE',''
  ) );
#7595 = PCURVE('',#3653,#7596);
#7596 = DEFINITIONAL_REPRESENTATION('',(#7597),#7601);
#7597 = LINE('',#7598,#7599);
#7598 = CARTESIAN_POINT('',(-6.E-02,-5.551115123126E-16));
#7599 = VECTOR('',#7600,1.);
#7600 = DIRECTION('',(6.982962677686E-15,-1.));
#7601 = ( GEOMETRIC_REPRESENTATION_CONTEXT(2) 
PARAMETRIC_REPRESENTATION_CONTEXT() REPRESENTATION_CONTEXT('2D SPACE',''
  ) );
#7602 = ORIENTED_EDGE('',*,*,#3665,.T.);
#7603 = ADVANCED_FACE('',(#7604),#3653,.T.);
#7604 = FACE_BOUND('',#7605,.T.);
#7605 = EDGE_LOOP('',(#7606,#7607,#7630,#7651));
#7606 = ORIENTED_EDGE('',*,*,#3637,.F.);
#7607 = ORIENTED_EDGE('',*,*,#7608,.F.);
#7608 = EDGE_CURVE('',#7609,#3610,#7611,.T.);
#7609 = VERTEX_POINT('',#7610);
#7610 = CARTESIAN_POINT('',(0.175,5.E-02,-0.355125000056));
#7611 = SURFACE_CURVE('',#7612,(#7616,#7623),.PCURVE_S1.);
#7612 = LINE('',#7613,#7614);
#7613 = CARTESIAN_POINT('',(0.175,5.E-02,-0.355125000056));
#7614 = VECTOR('',#7615,1.);
#7615 = DIRECTION('',(6.982962677686E-15,0.,1.));
#7616 = PCURVE('',#3653,#7617);
#7617 = DEFINITIONAL_REPRESENTATION('',(#7618),#7622);
#7618 = LINE('',#7619,#7620);
#7619 = CARTESIAN_POINT('',(0.,0.));
#7620 = VECTOR('',#7621,1.);
#7621 = DIRECTION('',(6.982962677686E-15,-1.));
#7622 = ( GEOMETRIC_REPRESENTATION_CONTEXT(2) 
PARAMETRIC_REPRESENTATION_CONTEXT() REPRESENTATION_CONTEXT('2D SPACE',''
  ) );
#7623 = PCURVE('',#2856,#7624);
#7624 = DEFINITIONAL_REPRESENTATION('',(#7625),#7629);
#7625 = LINE('',#7626,#7627);
#7626 = CARTESIAN_POINT('',(1.570796326795,0.));
#7627 = VECTOR('',#7628,1.);
#7628 = DIRECTION('',(0.,1.));
#7629 = ( GEOMETRIC_REPRESENTATION_CONTEXT(2) 
PARAMETRIC_REPRESENTATION_CONTEXT() REPRESENTATION_CONTEXT('2D SPACE',''
  ) );
#7630 = ORIENTED_EDGE('',*,*,#7631,.T.);
#7631 = EDGE_CURVE('',#7609,#7559,#7632,.T.);
#7632 = SURFACE_CURVE('',#7633,(#7637,#7644),.PCURVE_S1.);
#7633 = LINE('',#7634,#7635);
#7634 = CARTESIAN_POINT('',(0.175,5.E-02,-0.355125000056));
#7635 = VECTOR('',#7636,1.);
#7636 = DIRECTION('',(-1.,0.,6.982962677686E-15));
#7637 = PCURVE('',#3653,#7638);
#7638 = DEFINITIONAL_REPRESENTATION('',(#7639),#7643);
#7639 = LINE('',#7640,#7641);
#7640 = CARTESIAN_POINT('',(0.,0.));
#7641 = VECTOR('',#7642,1.);
#7642 = DIRECTION('',(-1.,-6.982962677686E-15));
#7643 = ( GEOMETRIC_REPRESENTATION_CONTEXT(2) 
PARAMETRIC_REPRESENTATION_CONTEXT() REPRESENTATION_CONTEXT('2D SPACE',''
  ) );
#7644 = PCURVE('',#2699,#7645);
#7645 = DEFINITIONAL_REPRESENTATION('',(#7646),#7650);
#7646 = LINE('',#7647,#7648);
#7647 = CARTESIAN_POINT('',(-0.175,5.E-02));
#7648 = VECTOR('',#7649,1.);
#7649 = DIRECTION('',(1.,0.));
#7650 = ( GEOMETRIC_REPRESENTATION_CONTEXT(2) 
PARAMETRIC_REPRESENTATION_CONTEXT() REPRESENTATION_CONTEXT('2D SPACE',''
  ) );
#7651 = ORIENTED_EDGE('',*,*,#7582,.T.);
#7652 = ADVANCED_FACE('',(#7653),#2856,.T.);
#7653 = FACE_BOUND('',#7654,.T.);
#7654 = EDGE_LOOP('',(#7655,#7656,#7682,#7683));
#7655 = ORIENTED_EDGE('',*,*,#2840,.F.);
#7656 = ORIENTED_EDGE('',*,*,#7657,.T.);
#7657 = EDGE_CURVE('',#2808,#7609,#7658,.T.);
#7658 = SURFACE_CURVE('',#7659,(#7664,#7671),.PCURVE_S1.);
#7659 = CIRCLE('',#7660,5.E-02);
#7660 = AXIS2_PLACEMENT_3D('',#7661,#7662,#7663);
#7661 = CARTESIAN_POINT('',(0.175,1.219727444046E-16,-0.355125000056));
#7662 = DIRECTION('',(6.505213034913E-15,0.,1.));
#7663 = DIRECTION('',(-1.,0.,6.505213034913E-15));
#7664 = PCURVE('',#2856,#7665);
#7665 = DEFINITIONAL_REPRESENTATION('',(#7666),#7670);
#7666 = LINE('',#7667,#7668);
#7667 = CARTESIAN_POINT('',(-3.14159265359,-1.665334536938E-16));
#7668 = VECTOR('',#7669,1.);
#7669 = DIRECTION('',(1.,3.533949646071E-17));
#7670 = ( GEOMETRIC_REPRESENTATION_CONTEXT(2) 
PARAMETRIC_REPRESENTATION_CONTEXT() REPRESENTATION_CONTEXT('2D SPACE',''
  ) );
#7671 = PCURVE('',#2699,#7672);
#7672 = DEFINITIONAL_REPRESENTATION('',(#7673),#7681);
#7673 = ( BOUNDED_CURVE() B_SPLINE_CURVE(2,(#7674,#7675,#7676,#7677,
#7678,#7679,#7680),.UNSPECIFIED.,.T.,.F.) B_SPLINE_CURVE_WITH_KNOTS((1,2
    ,2,2,2,1),(-2.094395102393,0.,2.094395102393,4.188790204786,
6.28318530718,8.377580409573),.UNSPECIFIED.) CURVE() 
GEOMETRIC_REPRESENTATION_ITEM() RATIONAL_B_SPLINE_CURVE((1.,0.5,1.,0.5,
1.,0.5,1.)) REPRESENTATION_ITEM('') );
#7674 = CARTESIAN_POINT('',(-0.125,1.219727444046E-16));
#7675 = CARTESIAN_POINT('',(-0.125,-8.660254037844E-02));
#7676 = CARTESIAN_POINT('',(-0.2,-4.330127018922E-02));
#7677 = CARTESIAN_POINT('',(-0.275,1.097262764131E-16));
#7678 = CARTESIAN_POINT('',(-0.2,4.330127018922E-02));
#7679 = CARTESIAN_POINT('',(-0.125,8.660254037844E-02));
#7680 = CARTESIAN_POINT('',(-0.125,1.219727444046E-16));
#7681 = ( GEOMETRIC_REPRESENTATION_CONTEXT(2) 
PARAMETRIC_REPRESENTATION_CONTEXT() REPRESENTATION_CONTEXT('2D SPACE',''
  ) );
#7682 = ORIENTED_EDGE('',*,*,#7608,.T.);
#7683 = ORIENTED_EDGE('',*,*,#3609,.F.);
#7684 = ADVANCED_FACE('',(#7685),#2910,.T.);
#7685 = FACE_BOUND('',#7686,.T.);
#7686 = EDGE_LOOP('',(#7687,#7688,#7711,#7732));
#7687 = ORIENTED_EDGE('',*,*,#3587,.F.);
#7688 = ORIENTED_EDGE('',*,*,#7689,.F.);
#7689 = EDGE_CURVE('',#7690,#3559,#7692,.T.);
#7690 = VERTEX_POINT('',#7691);
#7691 = CARTESIAN_POINT('',(0.115,-5.E-02,-0.355125000056));
#7692 = SURFACE_CURVE('',#7693,(#7697,#7704),.PCURVE_S1.);
#7693 = LINE('',#7694,#7695);
#7694 = CARTESIAN_POINT('',(0.115,-5.E-02,-0.355125000056));
#7695 = VECTOR('',#7696,1.);
#7696 = DIRECTION('',(6.982962677686E-15,0.,1.));
#7697 = PCURVE('',#2910,#7698);
#7698 = DEFINITIONAL_REPRESENTATION('',(#7699),#7703);
#7699 = LINE('',#7700,#7701);
#7700 = CARTESIAN_POINT('',(-5.551115123126E-16,-6.E-02));
#7701 = VECTOR('',#7702,1.);
#7702 = DIRECTION('',(-1.,6.982962677686E-15));
#7703 = ( GEOMETRIC_REPRESENTATION_CONTEXT(2) 
PARAMETRIC_REPRESENTATION_CONTEXT() REPRESENTATION_CONTEXT('2D SPACE',''
  ) );
#7704 = PCURVE('',#3575,#7705);
#7705 = DEFINITIONAL_REPRESENTATION('',(#7706),#7710);
#7706 = LINE('',#7707,#7708);
#7707 = CARTESIAN_POINT('',(1.570796326795,0.));
#7708 = VECTOR('',#7709,1.);
#7709 = DIRECTION('',(0.,1.));
#7710 = ( GEOMETRIC_REPRESENTATION_CONTEXT(2) 
PARAMETRIC_REPRESENTATION_CONTEXT() REPRESENTATION_CONTEXT('2D SPACE',''
  ) );
#7711 = ORIENTED_EDGE('',*,*,#7712,.T.);
#7712 = EDGE_CURVE('',#7690,#2806,#7713,.T.);
#7713 = SURFACE_CURVE('',#7714,(#7718,#7725),.PCURVE_S1.);
#7714 = LINE('',#7715,#7716);
#7715 = CARTESIAN_POINT('',(0.175,-5.E-02,-0.355125000056));
#7716 = VECTOR('',#7717,1.);
#7717 = DIRECTION('',(1.,0.,-6.982962677686E-15));
#7718 = PCURVE('',#2910,#7719);
#7719 = DEFINITIONAL_REPRESENTATION('',(#7720),#7724);
#7720 = LINE('',#7721,#7722);
#7721 = CARTESIAN_POINT('',(0.,0.));
#7722 = VECTOR('',#7723,1.);
#7723 = DIRECTION('',(6.982962677686E-15,1.));
#7724 = ( GEOMETRIC_REPRESENTATION_CONTEXT(2) 
PARAMETRIC_REPRESENTATION_CONTEXT() REPRESENTATION_CONTEXT('2D SPACE',''
  ) );
#7725 = PCURVE('',#2699,#7726);
#7726 = DEFINITIONAL_REPRESENTATION('',(#7727),#7731);
#7727 = LINE('',#7728,#7729);
#7728 = CARTESIAN_POINT('',(-0.175,-5.E-02));
#7729 = VECTOR('',#7730,1.);
#7730 = DIRECTION('',(-1.,0.));
#7731 = ( GEOMETRIC_REPRESENTATION_CONTEXT(2) 
PARAMETRIC_REPRESENTATION_CONTEXT() REPRESENTATION_CONTEXT('2D SPACE',''
  ) );
#7732 = ORIENTED_EDGE('',*,*,#2896,.T.);
#7733 = ADVANCED_FACE('',(#7734),#3575,.F.);
#7734 = FACE_BOUND('',#7735,.F.);
#7735 = EDGE_LOOP('',(#7736,#7737,#7761,#7782));
#7736 = ORIENTED_EDGE('',*,*,#7689,.F.);
#7737 = ORIENTED_EDGE('',*,*,#7738,.F.);
#7738 = EDGE_CURVE('',#7739,#7690,#7741,.T.);
#7739 = VERTEX_POINT('',#7740);
#7740 = CARTESIAN_POINT('',(9.E-02,-7.5E-02,-0.355125000056));
#7741 = SURFACE_CURVE('',#7742,(#7747,#7754),.PCURVE_S1.);
#7742 = CIRCLE('',#7743,2.5E-02);
#7743 = AXIS2_PLACEMENT_3D('',#7744,#7745,#7746);
#7744 = CARTESIAN_POINT('',(0.115,-7.5E-02,-0.355125000056));
#7745 = DIRECTION('',(-6.505213034913E-15,0.,-1.));
#7746 = DIRECTION('',(1.,0.,-6.505213034913E-15));
#7747 = PCURVE('',#3575,#7748);
#7748 = DEFINITIONAL_REPRESENTATION('',(#7749),#7753);
#7749 = LINE('',#7750,#7751);
#7750 = CARTESIAN_POINT('',(6.28318530718,1.665334536938E-16));
#7751 = VECTOR('',#7752,1.);
#7752 = DIRECTION('',(-1.,-3.533949646071E-17));
#7753 = ( GEOMETRIC_REPRESENTATION_CONTEXT(2) 
PARAMETRIC_REPRESENTATION_CONTEXT() REPRESENTATION_CONTEXT('2D SPACE',''
  ) );
#7754 = PCURVE('',#2699,#7755);
#7755 = DEFINITIONAL_REPRESENTATION('',(#7756),#7760);
#7756 = CIRCLE('',#7757,2.5E-02);
#7757 = AXIS2_PLACEMENT_2D('',#7758,#7759);
#7758 = CARTESIAN_POINT('',(-0.115,-7.5E-02));
#7759 = DIRECTION('',(-1.,0.));
#7760 = ( GEOMETRIC_REPRESENTATION_CONTEXT(2) 
PARAMETRIC_REPRESENTATION_CONTEXT() REPRESENTATION_CONTEXT('2D SPACE',''
  ) );
#7761 = ORIENTED_EDGE('',*,*,#7762,.T.);
#7762 = EDGE_CURVE('',#7739,#3531,#7763,.T.);
#7763 = SURFACE_CURVE('',#7764,(#7768,#7775),.PCURVE_S1.);
#7764 = LINE('',#7765,#7766);
#7765 = CARTESIAN_POINT('',(9.E-02,-7.5E-02,-0.355125000056));
#7766 = VECTOR('',#7767,1.);
#7767 = DIRECTION('',(6.982962677686E-15,0.,1.));
#7768 = PCURVE('',#3575,#7769);
#7769 = DEFINITIONAL_REPRESENTATION('',(#7770),#7774);
#7770 = LINE('',#7771,#7772);
#7771 = CARTESIAN_POINT('',(3.14159265359,-1.110223024625E-16));
#7772 = VECTOR('',#7773,1.);
#7773 = DIRECTION('',(0.,1.));
#7774 = ( GEOMETRIC_REPRESENTATION_CONTEXT(2) 
PARAMETRIC_REPRESENTATION_CONTEXT() REPRESENTATION_CONTEXT('2D SPACE',''
  ) );
#7775 = PCURVE('',#3546,#7776);
#7776 = DEFINITIONAL_REPRESENTATION('',(#7777),#7781);
#7777 = LINE('',#7778,#7779);
#7778 = CARTESIAN_POINT('',(0.,0.));
#7779 = VECTOR('',#7780,1.);
#7780 = DIRECTION('',(-1.,0.));
#7781 = ( GEOMETRIC_REPRESENTATION_CONTEXT(2) 
PARAMETRIC_REPRESENTATION_CONTEXT() REPRESENTATION_CONTEXT('2D SPACE',''
  ) );
#7782 = ORIENTED_EDGE('',*,*,#3558,.T.);
#7783 = ADVANCED_FACE('',(#7784),#3546,.T.);
#7784 = FACE_BOUND('',#7785,.T.);
#7785 = EDGE_LOOP('',(#7786,#7787,#7810,#7831));
#7786 = ORIENTED_EDGE('',*,*,#3530,.F.);
#7787 = ORIENTED_EDGE('',*,*,#7788,.F.);
#7788 = EDGE_CURVE('',#7789,#3502,#7791,.T.);
#7789 = VERTEX_POINT('',#7790);
#7790 = CARTESIAN_POINT('',(9.E-02,-0.225,-0.355125000056));
#7791 = SURFACE_CURVE('',#7792,(#7796,#7803),.PCURVE_S1.);
#7792 = LINE('',#7793,#7794);
#7793 = CARTESIAN_POINT('',(9.E-02,-0.225,-0.355125000056));
#7794 = VECTOR('',#7795,1.);
#7795 = DIRECTION('',(6.982962677686E-15,0.,1.));
#7796 = PCURVE('',#3546,#7797);
#7797 = DEFINITIONAL_REPRESENTATION('',(#7798),#7802);
#7798 = LINE('',#7799,#7800);
#7799 = CARTESIAN_POINT('',(-0.,-0.15));
#7800 = VECTOR('',#7801,1.);
#7801 = DIRECTION('',(-1.,0.));
#7802 = ( GEOMETRIC_REPRESENTATION_CONTEXT(2) 
PARAMETRIC_REPRESENTATION_CONTEXT() REPRESENTATION_CONTEXT('2D SPACE',''
  ) );
#7803 = PCURVE('',#3518,#7804);
#7804 = DEFINITIONAL_REPRESENTATION('',(#7805),#7809);
#7805 = LINE('',#7806,#7807);
#7806 = CARTESIAN_POINT('',(3.14159265359,-1.110223024625E-16));
#7807 = VECTOR('',#7808,1.);
#7808 = DIRECTION('',(0.,1.));
#7809 = ( GEOMETRIC_REPRESENTATION_CONTEXT(2) 
PARAMETRIC_REPRESENTATION_CONTEXT() REPRESENTATION_CONTEXT('2D SPACE',''
  ) );
#7810 = ORIENTED_EDGE('',*,*,#7811,.T.);
#7811 = EDGE_CURVE('',#7789,#7739,#7812,.T.);
#7812 = SURFACE_CURVE('',#7813,(#7817,#7824),.PCURVE_S1.);
#7813 = LINE('',#7814,#7815);
#7814 = CARTESIAN_POINT('',(9.E-02,-7.5E-02,-0.355125000056));
#7815 = VECTOR('',#7816,1.);
#7816 = DIRECTION('',(0.,1.,0.));
#7817 = PCURVE('',#3546,#7818);
#7818 = DEFINITIONAL_REPRESENTATION('',(#7819),#7823);
#7819 = LINE('',#7820,#7821);
#7820 = CARTESIAN_POINT('',(0.,0.));
#7821 = VECTOR('',#7822,1.);
#7822 = DIRECTION('',(0.,1.));
#7823 = ( GEOMETRIC_REPRESENTATION_CONTEXT(2) 
PARAMETRIC_REPRESENTATION_CONTEXT() REPRESENTATION_CONTEXT('2D SPACE',''
  ) );
#7824 = PCURVE('',#2699,#7825);
#7825 = DEFINITIONAL_REPRESENTATION('',(#7826),#7830);
#7826 = LINE('',#7827,#7828);
#7827 = CARTESIAN_POINT('',(-9.E-02,-7.5E-02));
#7828 = VECTOR('',#7829,1.);
#7829 = DIRECTION('',(0.,1.));
#7830 = ( GEOMETRIC_REPRESENTATION_CONTEXT(2) 
PARAMETRIC_REPRESENTATION_CONTEXT() REPRESENTATION_CONTEXT('2D SPACE',''
  ) );
#7831 = ORIENTED_EDGE('',*,*,#7762,.T.);
#7832 = ADVANCED_FACE('',(#7833),#3518,.F.);
#7833 = FACE_BOUND('',#7834,.F.);
#7834 = EDGE_LOOP('',(#7835,#7836,#7860,#7881));
#7835 = ORIENTED_EDGE('',*,*,#7788,.F.);
#7836 = ORIENTED_EDGE('',*,*,#7837,.F.);
#7837 = EDGE_CURVE('',#7838,#7789,#7840,.T.);
#7838 = VERTEX_POINT('',#7839);
#7839 = CARTESIAN_POINT('',(0.115,-0.25,-0.355125000056));
#7840 = SURFACE_CURVE('',#7841,(#7846,#7853),.PCURVE_S1.);
#7841 = CIRCLE('',#7842,2.5E-02);
#7842 = AXIS2_PLACEMENT_3D('',#7843,#7844,#7845);
#7843 = CARTESIAN_POINT('',(0.115,-0.225,-0.355125000056));
#7844 = DIRECTION('',(-6.505213034913E-15,0.,-1.));
#7845 = DIRECTION('',(-1.,0.,6.505213034913E-15));
#7846 = PCURVE('',#3518,#7847);
#7847 = DEFINITIONAL_REPRESENTATION('',(#7848),#7852);
#7848 = LINE('',#7849,#7850);
#7849 = CARTESIAN_POINT('',(9.424777960769,-1.665334536938E-16));
#7850 = VECTOR('',#7851,1.);
#7851 = DIRECTION('',(-1.,3.533949646071E-17));
#7852 = ( GEOMETRIC_REPRESENTATION_CONTEXT(2) 
PARAMETRIC_REPRESENTATION_CONTEXT() REPRESENTATION_CONTEXT('2D SPACE',''
  ) );
#7853 = PCURVE('',#2699,#7854);
#7854 = DEFINITIONAL_REPRESENTATION('',(#7855),#7859);
#7855 = CIRCLE('',#7856,2.5E-02);
#7856 = AXIS2_PLACEMENT_2D('',#7857,#7858);
#7857 = CARTESIAN_POINT('',(-0.115,-0.225));
#7858 = DIRECTION('',(1.,0.));
#7859 = ( GEOMETRIC_REPRESENTATION_CONTEXT(2) 
PARAMETRIC_REPRESENTATION_CONTEXT() REPRESENTATION_CONTEXT('2D SPACE',''
  ) );
#7860 = ORIENTED_EDGE('',*,*,#7861,.T.);
#7861 = EDGE_CURVE('',#7838,#3474,#7862,.T.);
#7862 = SURFACE_CURVE('',#7863,(#7867,#7874),.PCURVE_S1.);
#7863 = LINE('',#7864,#7865);
#7864 = CARTESIAN_POINT('',(0.115,-0.25,-0.355125000056));
#7865 = VECTOR('',#7866,1.);
#7866 = DIRECTION('',(6.982962677686E-15,0.,1.));
#7867 = PCURVE('',#3518,#7868);
#7868 = DEFINITIONAL_REPRESENTATION('',(#7869),#7873);
#7869 = LINE('',#7870,#7871);
#7870 = CARTESIAN_POINT('',(4.712388980385,0.));
#7871 = VECTOR('',#7872,1.);
#7872 = DIRECTION('',(0.,1.));
#7873 = ( GEOMETRIC_REPRESENTATION_CONTEXT(2) 
PARAMETRIC_REPRESENTATION_CONTEXT() REPRESENTATION_CONTEXT('2D SPACE',''
  ) );
#7874 = PCURVE('',#3489,#7875);
#7875 = DEFINITIONAL_REPRESENTATION('',(#7876),#7880);
#7876 = LINE('',#7877,#7878);
#7877 = CARTESIAN_POINT('',(0.,0.));
#7878 = VECTOR('',#7879,1.);
#7879 = DIRECTION('',(6.982962677686E-15,-1.));
#7880 = ( GEOMETRIC_REPRESENTATION_CONTEXT(2) 
PARAMETRIC_REPRESENTATION_CONTEXT() REPRESENTATION_CONTEXT('2D SPACE',''
  ) );
#7881 = ORIENTED_EDGE('',*,*,#3501,.T.);
#7882 = ADVANCED_FACE('',(#7883),#3489,.T.);
#7883 = FACE_BOUND('',#7884,.T.);
#7884 = EDGE_LOOP('',(#7885,#7886,#7909,#7930));
#7885 = ORIENTED_EDGE('',*,*,#3473,.F.);
#7886 = ORIENTED_EDGE('',*,*,#7887,.F.);
#7887 = EDGE_CURVE('',#7888,#3445,#7890,.T.);
#7888 = VERTEX_POINT('',#7889);
#7889 = CARTESIAN_POINT('',(0.238944487245,-0.25,-0.355125000056));
#7890 = SURFACE_CURVE('',#7891,(#7895,#7902),.PCURVE_S1.);
#7891 = LINE('',#7892,#7893);
#7892 = CARTESIAN_POINT('',(0.238944487245,-0.25,-0.355125000056));
#7893 = VECTOR('',#7894,1.);
#7894 = DIRECTION('',(6.982962677686E-15,0.,1.));
#7895 = PCURVE('',#3489,#7896);
#7896 = DEFINITIONAL_REPRESENTATION('',(#7897),#7901);
#7897 = LINE('',#7898,#7899);
#7898 = CARTESIAN_POINT('',(0.123944487245,1.054711873394E-15));
#7899 = VECTOR('',#7900,1.);
#7900 = DIRECTION('',(6.982962677686E-15,-1.));
#7901 = ( GEOMETRIC_REPRESENTATION_CONTEXT(2) 
PARAMETRIC_REPRESENTATION_CONTEXT() REPRESENTATION_CONTEXT('2D SPACE',''
  ) );
#7902 = PCURVE('',#3461,#7903);
#7903 = DEFINITIONAL_REPRESENTATION('',(#7904),#7908);
#7904 = LINE('',#7905,#7906);
#7905 = CARTESIAN_POINT('',(4.712388980385,0.));
#7906 = VECTOR('',#7907,1.);
#7907 = DIRECTION('',(0.,1.));
#7908 = ( GEOMETRIC_REPRESENTATION_CONTEXT(2) 
PARAMETRIC_REPRESENTATION_CONTEXT() REPRESENTATION_CONTEXT('2D SPACE',''
  ) );
#7909 = ORIENTED_EDGE('',*,*,#7910,.T.);
#7910 = EDGE_CURVE('',#7888,#7838,#7911,.T.);
#7911 = SURFACE_CURVE('',#7912,(#7916,#7923),.PCURVE_S1.);
#7912 = LINE('',#7913,#7914);
#7913 = CARTESIAN_POINT('',(0.115,-0.25,-0.355125000056));
#7914 = VECTOR('',#7915,1.);
#7915 = DIRECTION('',(-1.,0.,6.982962677686E-15));
#7916 = PCURVE('',#3489,#7917);
#7917 = DEFINITIONAL_REPRESENTATION('',(#7918),#7922);
#7918 = LINE('',#7919,#7920);
#7919 = CARTESIAN_POINT('',(0.,0.));
#7920 = VECTOR('',#7921,1.);
#7921 = DIRECTION('',(-1.,-6.982962677686E-15));
#7922 = ( GEOMETRIC_REPRESENTATION_CONTEXT(2) 
PARAMETRIC_REPRESENTATION_CONTEXT() REPRESENTATION_CONTEXT('2D SPACE',''
  ) );
#7923 = PCURVE('',#2699,#7924);
#7924 = DEFINITIONAL_REPRESENTATION('',(#7925),#7929);
#7925 = LINE('',#7926,#7927);
#7926 = CARTESIAN_POINT('',(-0.115,-0.25));
#7927 = VECTOR('',#7928,1.);
#7928 = DIRECTION('',(1.,0.));
#7929 = ( GEOMETRIC_REPRESENTATION_CONTEXT(2) 
PARAMETRIC_REPRESENTATION_CONTEXT() REPRESENTATION_CONTEXT('2D SPACE',''
  ) );
#7930 = ORIENTED_EDGE('',*,*,#7861,.T.);
#7931 = ADVANCED_FACE('',(#7932),#3461,.F.);
#7932 = FACE_BOUND('',#7933,.F.);
#7933 = EDGE_LOOP('',(#7934,#7935,#7959,#7980));
#7934 = ORIENTED_EDGE('',*,*,#7887,.F.);
#7935 = ORIENTED_EDGE('',*,*,#7936,.F.);
#7936 = EDGE_CURVE('',#7937,#7888,#7939,.T.);
#7937 = VERTEX_POINT('',#7938);
#7938 = CARTESIAN_POINT('',(0.251821456086,-0.246428571429,
    -0.355125000056));
#7939 = SURFACE_CURVE('',#7940,(#7945,#7952),.PCURVE_S1.);
#7940 = CIRCLE('',#7941,2.5E-02);
#7941 = AXIS2_PLACEMENT_3D('',#7942,#7943,#7944);
#7942 = CARTESIAN_POINT('',(0.238944487245,-0.225,-0.355125000056));
#7943 = DIRECTION('',(-6.505213034913E-15,0.,-1.));
#7944 = DIRECTION('',(-1.,0.,6.505213034913E-15));
#7945 = PCURVE('',#3461,#7946);
#7946 = DEFINITIONAL_REPRESENTATION('',(#7947),#7951);
#7947 = LINE('',#7948,#7949);
#7948 = CARTESIAN_POINT('',(9.424777960769,0.));
#7949 = VECTOR('',#7950,1.);
#7950 = DIRECTION('',(-1.,0.));
#7951 = ( GEOMETRIC_REPRESENTATION_CONTEXT(2) 
PARAMETRIC_REPRESENTATION_CONTEXT() REPRESENTATION_CONTEXT('2D SPACE',''
  ) );
#7952 = PCURVE('',#2699,#7953);
#7953 = DEFINITIONAL_REPRESENTATION('',(#7954),#7958);
#7954 = CIRCLE('',#7955,2.5E-02);
#7955 = AXIS2_PLACEMENT_2D('',#7956,#7957);
#7956 = CARTESIAN_POINT('',(-0.238944487245,-0.225));
#7957 = DIRECTION('',(1.,0.));
#7958 = ( GEOMETRIC_REPRESENTATION_CONTEXT(2) 
PARAMETRIC_REPRESENTATION_CONTEXT() REPRESENTATION_CONTEXT('2D SPACE',''
  ) );
#7959 = ORIENTED_EDGE('',*,*,#7960,.T.);
#7960 = EDGE_CURVE('',#7937,#3417,#7961,.T.);
#7961 = SURFACE_CURVE('',#7962,(#7966,#7973),.PCURVE_S1.);
#7962 = LINE('',#7963,#7964);
#7963 = CARTESIAN_POINT('',(0.251821456086,-0.246428571429,
    -0.355125000056));
#7964 = VECTOR('',#7965,1.);
#7965 = DIRECTION('',(6.982962677686E-15,0.,1.));
#7966 = PCURVE('',#3461,#7967);
#7967 = DEFINITIONAL_REPRESENTATION('',(#7968),#7972);
#7968 = LINE('',#7969,#7970);
#7969 = CARTESIAN_POINT('',(5.253488506342,1.110223024625E-16));
#7970 = VECTOR('',#7971,1.);
#7971 = DIRECTION('',(0.,1.));
#7972 = ( GEOMETRIC_REPRESENTATION_CONTEXT(2) 
PARAMETRIC_REPRESENTATION_CONTEXT() REPRESENTATION_CONTEXT('2D SPACE',''
  ) );
#7973 = PCURVE('',#2731,#7974);
#7974 = DEFINITIONAL_REPRESENTATION('',(#7975),#7979);
#7975 = LINE('',#7976,#7977);
#7976 = CARTESIAN_POINT('',(2.111895852752,-1.665334536938E-16));
#7977 = VECTOR('',#7978,1.);
#7978 = DIRECTION('',(0.,1.));
#7979 = ( GEOMETRIC_REPRESENTATION_CONTEXT(2) 
PARAMETRIC_REPRESENTATION_CONTEXT() REPRESENTATION_CONTEXT('2D SPACE',''
  ) );
#7980 = ORIENTED_EDGE('',*,*,#3444,.T.);
#7981 = ADVANCED_FACE('',(#7982),#2731,.T.);
#7982 = FACE_BOUND('',#7983,.T.);
#7983 = EDGE_LOOP('',(#7984,#7985,#8011,#8012));
#7984 = ORIENTED_EDGE('',*,*,#2715,.F.);
#7985 = ORIENTED_EDGE('',*,*,#7986,.T.);
#7986 = EDGE_CURVE('',#2678,#7937,#7987,.T.);
#7987 = SURFACE_CURVE('',#7988,(#7993,#8000),.PCURVE_S1.);
#7988 = CIRCLE('',#7989,4.5E-02);
#7989 = AXIS2_PLACEMENT_3D('',#7990,#7991,#7992);
#7990 = CARTESIAN_POINT('',(0.275,-0.285,-0.355125000056));
#7991 = DIRECTION('',(7.228014483237E-15,0.,1.));
#7992 = DIRECTION('',(-1.,0.,7.228014483237E-15));
#7993 = PCURVE('',#2731,#7994);
#7994 = DEFINITIONAL_REPRESENTATION('',(#7995),#7999);
#7995 = LINE('',#7996,#7997);
#7996 = CARTESIAN_POINT('',(-3.14159265359,0.));
#7997 = VECTOR('',#7998,1.);
#7998 = DIRECTION('',(1.,0.));
#7999 = ( GEOMETRIC_REPRESENTATION_CONTEXT(2) 
PARAMETRIC_REPRESENTATION_CONTEXT() REPRESENTATION_CONTEXT('2D SPACE',''
  ) );
#8000 = PCURVE('',#2699,#8001);
#8001 = DEFINITIONAL_REPRESENTATION('',(#8002),#8010);
#8002 = ( BOUNDED_CURVE() B_SPLINE_CURVE(2,(#8003,#8004,#8005,#8006,
#8007,#8008,#8009),.UNSPECIFIED.,.T.,.F.) B_SPLINE_CURVE_WITH_KNOTS((1,2
    ,2,2,2,1),(-2.094395102393,0.,2.094395102393,4.188790204786,
6.28318530718,8.377580409573),.UNSPECIFIED.) CURVE() 
GEOMETRIC_REPRESENTATION_ITEM() RATIONAL_B_SPLINE_CURVE((1.,0.5,1.,0.5,
1.,0.5,1.)) REPRESENTATION_ITEM('') );
#8003 = CARTESIAN_POINT('',(-0.23,-0.285));
#8004 = CARTESIAN_POINT('',(-0.23,-0.362942286341));
#8005 = CARTESIAN_POINT('',(-0.2975,-0.32397114317));
#8006 = CARTESIAN_POINT('',(-0.365,-0.285));
#8007 = CARTESIAN_POINT('',(-0.2975,-0.24602885683));
#8008 = CARTESIAN_POINT('',(-0.23,-0.207057713659));
#8009 = CARTESIAN_POINT('',(-0.23,-0.285));
#8010 = ( GEOMETRIC_REPRESENTATION_CONTEXT(2) 
PARAMETRIC_REPRESENTATION_CONTEXT() REPRESENTATION_CONTEXT('2D SPACE',''
  ) );
#8011 = ORIENTED_EDGE('',*,*,#7960,.T.);
#8012 = ORIENTED_EDGE('',*,*,#3416,.F.);
#8013 = ADVANCED_FACE('',(#8014),#2790,.F.);
#8014 = FACE_BOUND('',#8015,.F.);
#8015 = EDGE_LOOP('',(#8016,#8017,#8041,#8062));
#8016 = ORIENTED_EDGE('',*,*,#2776,.F.);
#8017 = ORIENTED_EDGE('',*,*,#8018,.F.);
#8018 = EDGE_CURVE('',#8019,#2676,#8021,.T.);
#8019 = VERTEX_POINT('',#8020);
#8020 = CARTESIAN_POINT('',(0.238944487245,-0.32,-0.355125000056));
#8021 = SURFACE_CURVE('',#8022,(#8027,#8034),.PCURVE_S1.);
#8022 = CIRCLE('',#8023,2.5E-02);
#8023 = AXIS2_PLACEMENT_3D('',#8024,#8025,#8026);
#8024 = CARTESIAN_POINT('',(0.238944487245,-0.345,-0.355125000056));
#8025 = DIRECTION('',(-6.505213034913E-15,0.,-1.));
#8026 = DIRECTION('',(1.,0.,-6.505213034913E-15));
#8027 = PCURVE('',#2790,#8028);
#8028 = DEFINITIONAL_REPRESENTATION('',(#8029),#8033);
#8029 = LINE('',#8030,#8031);
#8030 = CARTESIAN_POINT('',(6.28318530718,0.));
#8031 = VECTOR('',#8032,1.);
#8032 = DIRECTION('',(-1.,0.));
#8033 = ( GEOMETRIC_REPRESENTATION_CONTEXT(2) 
PARAMETRIC_REPRESENTATION_CONTEXT() REPRESENTATION_CONTEXT('2D SPACE',''
  ) );
#8034 = PCURVE('',#2699,#8035);
#8035 = DEFINITIONAL_REPRESENTATION('',(#8036),#8040);
#8036 = CIRCLE('',#8037,2.5E-02);
#8037 = AXIS2_PLACEMENT_2D('',#8038,#8039);
#8038 = CARTESIAN_POINT('',(-0.238944487245,-0.345));
#8039 = DIRECTION('',(-1.,0.));
#8040 = ( GEOMETRIC_REPRESENTATION_CONTEXT(2) 
PARAMETRIC_REPRESENTATION_CONTEXT() REPRESENTATION_CONTEXT('2D SPACE',''
  ) );
#8041 = ORIENTED_EDGE('',*,*,#8042,.T.);
#8042 = EDGE_CURVE('',#8019,#3366,#8043,.T.);
#8043 = SURFACE_CURVE('',#8044,(#8048,#8055),.PCURVE_S1.);
#8044 = LINE('',#8045,#8046);
#8045 = CARTESIAN_POINT('',(0.238944487245,-0.32,-0.355125000056));
#8046 = VECTOR('',#8047,1.);
#8047 = DIRECTION('',(6.982962677686E-15,0.,1.));
#8048 = PCURVE('',#2790,#8049);
#8049 = DEFINITIONAL_REPRESENTATION('',(#8050),#8054);
#8050 = LINE('',#8051,#8052);
#8051 = CARTESIAN_POINT('',(1.570796326795,0.));
#8052 = VECTOR('',#8053,1.);
#8053 = DIRECTION('',(0.,1.));
#8054 = ( GEOMETRIC_REPRESENTATION_CONTEXT(2) 
PARAMETRIC_REPRESENTATION_CONTEXT() REPRESENTATION_CONTEXT('2D SPACE',''
  ) );
#8055 = PCURVE('',#3381,#8056);
#8056 = DEFINITIONAL_REPRESENTATION('',(#8057),#8061);
#8057 = LINE('',#8058,#8059);
#8058 = CARTESIAN_POINT('',(-0.123944487245,1.054711873394E-15));
#8059 = VECTOR('',#8060,1.);
#8060 = DIRECTION('',(-6.982962677686E-15,-1.));
#8061 = ( GEOMETRIC_REPRESENTATION_CONTEXT(2) 
PARAMETRIC_REPRESENTATION_CONTEXT() REPRESENTATION_CONTEXT('2D SPACE',''
  ) );
#8062 = ORIENTED_EDGE('',*,*,#3393,.T.);
#8063 = ADVANCED_FACE('',(#8064),#3381,.T.);
#8064 = FACE_BOUND('',#8065,.T.);
#8065 = EDGE_LOOP('',(#8066,#8067,#8090,#8111));
#8066 = ORIENTED_EDGE('',*,*,#3365,.F.);
#8067 = ORIENTED_EDGE('',*,*,#8068,.F.);
#8068 = EDGE_CURVE('',#8069,#3337,#8071,.T.);
#8069 = VERTEX_POINT('',#8070);
#8070 = CARTESIAN_POINT('',(0.115,-0.32,-0.355125000056));
#8071 = SURFACE_CURVE('',#8072,(#8076,#8083),.PCURVE_S1.);
#8072 = LINE('',#8073,#8074);
#8073 = CARTESIAN_POINT('',(0.115,-0.32,-0.355125000056));
#8074 = VECTOR('',#8075,1.);
#8075 = DIRECTION('',(6.982962677686E-15,0.,1.));
#8076 = PCURVE('',#3381,#8077);
#8077 = DEFINITIONAL_REPRESENTATION('',(#8078),#8082);
#8078 = LINE('',#8079,#8080);
#8079 = CARTESIAN_POINT('',(0.,-0.));
#8080 = VECTOR('',#8081,1.);
#8081 = DIRECTION('',(-6.982962677686E-15,-1.));
#8082 = ( GEOMETRIC_REPRESENTATION_CONTEXT(2) 
PARAMETRIC_REPRESENTATION_CONTEXT() REPRESENTATION_CONTEXT('2D SPACE',''
  ) );
#8083 = PCURVE('',#3353,#8084);
#8084 = DEFINITIONAL_REPRESENTATION('',(#8085),#8089);
#8085 = LINE('',#8086,#8087);
#8086 = CARTESIAN_POINT('',(1.570796326795,0.));
#8087 = VECTOR('',#8088,1.);
#8088 = DIRECTION('',(0.,1.));
#8089 = ( GEOMETRIC_REPRESENTATION_CONTEXT(2) 
PARAMETRIC_REPRESENTATION_CONTEXT() REPRESENTATION_CONTEXT('2D SPACE',''
  ) );
#8090 = ORIENTED_EDGE('',*,*,#8091,.T.);
#8091 = EDGE_CURVE('',#8069,#8019,#8092,.T.);
#8092 = SURFACE_CURVE('',#8093,(#8097,#8104),.PCURVE_S1.);
#8093 = LINE('',#8094,#8095);
#8094 = CARTESIAN_POINT('',(0.115,-0.32,-0.355125000056));
#8095 = VECTOR('',#8096,1.);
#8096 = DIRECTION('',(1.,-4.373741005274E-16,-6.982962677686E-15));
#8097 = PCURVE('',#3381,#8098);
#8098 = DEFINITIONAL_REPRESENTATION('',(#8099),#8103);
#8099 = LINE('',#8100,#8101);
#8100 = CARTESIAN_POINT('',(0.,-0.));
#8101 = VECTOR('',#8102,1.);
#8102 = DIRECTION('',(-1.,6.982962677686E-15));
#8103 = ( GEOMETRIC_REPRESENTATION_CONTEXT(2) 
PARAMETRIC_REPRESENTATION_CONTEXT() REPRESENTATION_CONTEXT('2D SPACE',''
  ) );
#8104 = PCURVE('',#2699,#8105);
#8105 = DEFINITIONAL_REPRESENTATION('',(#8106),#8110);
#8106 = LINE('',#8107,#8108);
#8107 = CARTESIAN_POINT('',(-0.115,-0.32));
#8108 = VECTOR('',#8109,1.);
#8109 = DIRECTION('',(-1.,-4.373741005274E-16));
#8110 = ( GEOMETRIC_REPRESENTATION_CONTEXT(2) 
PARAMETRIC_REPRESENTATION_CONTEXT() REPRESENTATION_CONTEXT('2D SPACE',''
  ) );
#8111 = ORIENTED_EDGE('',*,*,#8042,.T.);
#8112 = ADVANCED_FACE('',(#8113),#3353,.F.);
#8113 = FACE_BOUND('',#8114,.F.);
#8114 = EDGE_LOOP('',(#8115,#8116,#8140,#8161));
#8115 = ORIENTED_EDGE('',*,*,#8068,.F.);
#8116 = ORIENTED_EDGE('',*,*,#8117,.F.);
#8117 = EDGE_CURVE('',#8118,#8069,#8120,.T.);
#8118 = VERTEX_POINT('',#8119);
#8119 = CARTESIAN_POINT('',(9.E-02,-0.345,-0.355125000056));
#8120 = SURFACE_CURVE('',#8121,(#8126,#8133),.PCURVE_S1.);
#8121 = CIRCLE('',#8122,2.5E-02);
#8122 = AXIS2_PLACEMENT_3D('',#8123,#8124,#8125);
#8123 = CARTESIAN_POINT('',(0.115,-0.345,-0.355125000056));
#8124 = DIRECTION('',(-6.505213034913E-15,0.,-1.));
#8125 = DIRECTION('',(1.,0.,-6.505213034913E-15));
#8126 = PCURVE('',#3353,#8127);
#8127 = DEFINITIONAL_REPRESENTATION('',(#8128),#8132);
#8128 = LINE('',#8129,#8130);
#8129 = CARTESIAN_POINT('',(6.28318530718,1.665334536938E-16));
#8130 = VECTOR('',#8131,1.);
#8131 = DIRECTION('',(-1.,-3.533949646071E-17));
#8132 = ( GEOMETRIC_REPRESENTATION_CONTEXT(2) 
PARAMETRIC_REPRESENTATION_CONTEXT() REPRESENTATION_CONTEXT('2D SPACE',''
  ) );
#8133 = PCURVE('',#2699,#8134);
#8134 = DEFINITIONAL_REPRESENTATION('',(#8135),#8139);
#8135 = CIRCLE('',#8136,2.5E-02);
#8136 = AXIS2_PLACEMENT_2D('',#8137,#8138);
#8137 = CARTESIAN_POINT('',(-0.115,-0.345));
#8138 = DIRECTION('',(-1.,0.));
#8139 = ( GEOMETRIC_REPRESENTATION_CONTEXT(2) 
PARAMETRIC_REPRESENTATION_CONTEXT() REPRESENTATION_CONTEXT('2D SPACE',''
  ) );
#8140 = ORIENTED_EDGE('',*,*,#8141,.T.);
#8141 = EDGE_CURVE('',#8118,#3309,#8142,.T.);
#8142 = SURFACE_CURVE('',#8143,(#8147,#8154),.PCURVE_S1.);
#8143 = LINE('',#8144,#8145);
#8144 = CARTESIAN_POINT('',(9.E-02,-0.345,-0.355125000056));
#8145 = VECTOR('',#8146,1.);
#8146 = DIRECTION('',(6.982962677686E-15,0.,1.));
#8147 = PCURVE('',#3353,#8148);
#8148 = DEFINITIONAL_REPRESENTATION('',(#8149),#8153);
#8149 = LINE('',#8150,#8151);
#8150 = CARTESIAN_POINT('',(3.14159265359,-1.110223024625E-16));
#8151 = VECTOR('',#8152,1.);
#8152 = DIRECTION('',(0.,1.));
#8153 = ( GEOMETRIC_REPRESENTATION_CONTEXT(2) 
PARAMETRIC_REPRESENTATION_CONTEXT() REPRESENTATION_CONTEXT('2D SPACE',''
  ) );
#8154 = PCURVE('',#3324,#8155);
#8155 = DEFINITIONAL_REPRESENTATION('',(#8156),#8160);
#8156 = LINE('',#8157,#8158);
#8157 = CARTESIAN_POINT('',(0.,0.));
#8158 = VECTOR('',#8159,1.);
#8159 = DIRECTION('',(-1.,0.));
#8160 = ( GEOMETRIC_REPRESENTATION_CONTEXT(2) 
PARAMETRIC_REPRESENTATION_CONTEXT() REPRESENTATION_CONTEXT('2D SPACE',''
  ) );
#8161 = ORIENTED_EDGE('',*,*,#3336,.T.);
#8162 = ADVANCED_FACE('',(#8163),#3324,.T.);
#8163 = FACE_BOUND('',#8164,.T.);
#8164 = EDGE_LOOP('',(#8165,#8166,#8189,#8210));
#8165 = ORIENTED_EDGE('',*,*,#3308,.F.);
#8166 = ORIENTED_EDGE('',*,*,#8167,.F.);
#8167 = EDGE_CURVE('',#8168,#3280,#8170,.T.);
#8168 = VERTEX_POINT('',#8169);
#8169 = CARTESIAN_POINT('',(9.E-02,-0.595,-0.355125000056));
#8170 = SURFACE_CURVE('',#8171,(#8175,#8182),.PCURVE_S1.);
#8171 = LINE('',#8172,#8173);
#8172 = CARTESIAN_POINT('',(9.E-02,-0.595,-0.355125000056));
#8173 = VECTOR('',#8174,1.);
#8174 = DIRECTION('',(6.982962677686E-15,0.,1.));
#8175 = PCURVE('',#3324,#8176);
#8176 = DEFINITIONAL_REPRESENTATION('',(#8177),#8181);
#8177 = LINE('',#8178,#8179);
#8178 = CARTESIAN_POINT('',(-0.,-0.25));
#8179 = VECTOR('',#8180,1.);
#8180 = DIRECTION('',(-1.,0.));
#8181 = ( GEOMETRIC_REPRESENTATION_CONTEXT(2) 
PARAMETRIC_REPRESENTATION_CONTEXT() REPRESENTATION_CONTEXT('2D SPACE',''
  ) );
#8182 = PCURVE('',#3296,#8183);
#8183 = DEFINITIONAL_REPRESENTATION('',(#8184),#8188);
#8184 = LINE('',#8185,#8186);
#8185 = CARTESIAN_POINT('',(3.14159265359,-1.110223024625E-16));
#8186 = VECTOR('',#8187,1.);
#8187 = DIRECTION('',(0.,1.));
#8188 = ( GEOMETRIC_REPRESENTATION_CONTEXT(2) 
PARAMETRIC_REPRESENTATION_CONTEXT() REPRESENTATION_CONTEXT('2D SPACE',''
  ) );
#8189 = ORIENTED_EDGE('',*,*,#8190,.T.);
#8190 = EDGE_CURVE('',#8168,#8118,#8191,.T.);
#8191 = SURFACE_CURVE('',#8192,(#8196,#8203),.PCURVE_S1.);
#8192 = LINE('',#8193,#8194);
#8193 = CARTESIAN_POINT('',(9.E-02,-0.345,-0.355125000056));
#8194 = VECTOR('',#8195,1.);
#8195 = DIRECTION('',(0.,1.,0.));
#8196 = PCURVE('',#3324,#8197);
#8197 = DEFINITIONAL_REPRESENTATION('',(#8198),#8202);
#8198 = LINE('',#8199,#8200);
#8199 = CARTESIAN_POINT('',(0.,0.));
#8200 = VECTOR('',#8201,1.);
#8201 = DIRECTION('',(0.,1.));
#8202 = ( GEOMETRIC_REPRESENTATION_CONTEXT(2) 
PARAMETRIC_REPRESENTATION_CONTEXT() REPRESENTATION_CONTEXT('2D SPACE',''
  ) );
#8203 = PCURVE('',#2699,#8204);
#8204 = DEFINITIONAL_REPRESENTATION('',(#8205),#8209);
#8205 = LINE('',#8206,#8207);
#8206 = CARTESIAN_POINT('',(-9.E-02,-0.345));
#8207 = VECTOR('',#8208,1.);
#8208 = DIRECTION('',(0.,1.));
#8209 = ( GEOMETRIC_REPRESENTATION_CONTEXT(2) 
PARAMETRIC_REPRESENTATION_CONTEXT() REPRESENTATION_CONTEXT('2D SPACE',''
  ) );
#8210 = ORIENTED_EDGE('',*,*,#8141,.T.);
#8211 = ADVANCED_FACE('',(#8212),#3296,.F.);
#8212 = FACE_BOUND('',#8213,.F.);
#8213 = EDGE_LOOP('',(#8214,#8215,#8239,#8260));
#8214 = ORIENTED_EDGE('',*,*,#8167,.F.);
#8215 = ORIENTED_EDGE('',*,*,#8216,.F.);
#8216 = EDGE_CURVE('',#8217,#8168,#8219,.T.);
#8217 = VERTEX_POINT('',#8218);
#8218 = CARTESIAN_POINT('',(0.115,-0.62,-0.355125000056));
#8219 = SURFACE_CURVE('',#8220,(#8225,#8232),.PCURVE_S1.);
#8220 = CIRCLE('',#8221,2.5E-02);
#8221 = AXIS2_PLACEMENT_3D('',#8222,#8223,#8224);
#8222 = CARTESIAN_POINT('',(0.115,-0.595,-0.355125000056));
#8223 = DIRECTION('',(-6.505213034913E-15,0.,-1.));
#8224 = DIRECTION('',(1.,0.,-6.505213034913E-15));
#8225 = PCURVE('',#3296,#8226);
#8226 = DEFINITIONAL_REPRESENTATION('',(#8227),#8231);
#8227 = LINE('',#8228,#8229);
#8228 = CARTESIAN_POINT('',(6.28318530718,-5.551115123126E-17));
#8229 = VECTOR('',#8230,1.);
#8230 = DIRECTION('',(-1.,3.533949646071E-17));
#8231 = ( GEOMETRIC_REPRESENTATION_CONTEXT(2) 
PARAMETRIC_REPRESENTATION_CONTEXT() REPRESENTATION_CONTEXT('2D SPACE',''
  ) );
#8232 = PCURVE('',#2699,#8233);
#8233 = DEFINITIONAL_REPRESENTATION('',(#8234),#8238);
#8234 = CIRCLE('',#8235,2.5E-02);
#8235 = AXIS2_PLACEMENT_2D('',#8236,#8237);
#8236 = CARTESIAN_POINT('',(-0.115,-0.595));
#8237 = DIRECTION('',(-1.,0.));
#8238 = ( GEOMETRIC_REPRESENTATION_CONTEXT(2) 
PARAMETRIC_REPRESENTATION_CONTEXT() REPRESENTATION_CONTEXT('2D SPACE',''
  ) );
#8239 = ORIENTED_EDGE('',*,*,#8240,.T.);
#8240 = EDGE_CURVE('',#8217,#3252,#8241,.T.);
#8241 = SURFACE_CURVE('',#8242,(#8246,#8253),.PCURVE_S1.);
#8242 = LINE('',#8243,#8244);
#8243 = CARTESIAN_POINT('',(0.115,-0.62,-0.355125000056));
#8244 = VECTOR('',#8245,1.);
#8245 = DIRECTION('',(6.982962677686E-15,0.,1.));
#8246 = PCURVE('',#3296,#8247);
#8247 = DEFINITIONAL_REPRESENTATION('',(#8248),#8252);
#8248 = LINE('',#8249,#8250);
#8249 = CARTESIAN_POINT('',(4.712388980385,0.));
#8250 = VECTOR('',#8251,1.);
#8251 = DIRECTION('',(0.,1.));
#8252 = ( GEOMETRIC_REPRESENTATION_CONTEXT(2) 
PARAMETRIC_REPRESENTATION_CONTEXT() REPRESENTATION_CONTEXT('2D SPACE',''
  ) );
#8253 = PCURVE('',#3267,#8254);
#8254 = DEFINITIONAL_REPRESENTATION('',(#8255),#8259);
#8255 = LINE('',#8256,#8257);
#8256 = CARTESIAN_POINT('',(0.,0.));
#8257 = VECTOR('',#8258,1.);
#8258 = DIRECTION('',(6.982962677686E-15,-1.));
#8259 = ( GEOMETRIC_REPRESENTATION_CONTEXT(2) 
PARAMETRIC_REPRESENTATION_CONTEXT() REPRESENTATION_CONTEXT('2D SPACE',''
  ) );
#8260 = ORIENTED_EDGE('',*,*,#3279,.T.);
#8261 = ADVANCED_FACE('',(#8262),#3267,.T.);
#8262 = FACE_BOUND('',#8263,.T.);
#8263 = EDGE_LOOP('',(#8264,#8265,#8288,#8309));
#8264 = ORIENTED_EDGE('',*,*,#3251,.F.);
#8265 = ORIENTED_EDGE('',*,*,#8266,.F.);
#8266 = EDGE_CURVE('',#8267,#3223,#8269,.T.);
#8267 = VERTEX_POINT('',#8268);
#8268 = CARTESIAN_POINT('',(0.185,-0.62,-0.355125000056));
#8269 = SURFACE_CURVE('',#8270,(#8274,#8281),.PCURVE_S1.);
#8270 = LINE('',#8271,#8272);
#8271 = CARTESIAN_POINT('',(0.185,-0.62,-0.355125000056));
#8272 = VECTOR('',#8273,1.);
#8273 = DIRECTION('',(6.982962677686E-15,0.,1.));
#8274 = PCURVE('',#3267,#8275);
#8275 = DEFINITIONAL_REPRESENTATION('',(#8276),#8280);
#8276 = LINE('',#8277,#8278);
#8277 = CARTESIAN_POINT('',(7.E-02,5.551115123126E-16));
#8278 = VECTOR('',#8279,1.);
#8279 = DIRECTION('',(6.982962677686E-15,-1.));
#8280 = ( GEOMETRIC_REPRESENTATION_CONTEXT(2) 
PARAMETRIC_REPRESENTATION_CONTEXT() REPRESENTATION_CONTEXT('2D SPACE',''
  ) );
#8281 = PCURVE('',#3239,#8282);
#8282 = DEFINITIONAL_REPRESENTATION('',(#8283),#8287);
#8283 = LINE('',#8284,#8285);
#8284 = CARTESIAN_POINT('',(4.712388980385,0.));
#8285 = VECTOR('',#8286,1.);
#8286 = DIRECTION('',(0.,1.));
#8287 = ( GEOMETRIC_REPRESENTATION_CONTEXT(2) 
PARAMETRIC_REPRESENTATION_CONTEXT() REPRESENTATION_CONTEXT('2D SPACE',''
  ) );
#8288 = ORIENTED_EDGE('',*,*,#8289,.T.);
#8289 = EDGE_CURVE('',#8267,#8217,#8290,.T.);
#8290 = SURFACE_CURVE('',#8291,(#8295,#8302),.PCURVE_S1.);
#8291 = LINE('',#8292,#8293);
#8292 = CARTESIAN_POINT('',(0.115,-0.62,-0.355125000056));
#8293 = VECTOR('',#8294,1.);
#8294 = DIRECTION('',(-1.,0.,6.982962677686E-15));
#8295 = PCURVE('',#3267,#8296);
#8296 = DEFINITIONAL_REPRESENTATION('',(#8297),#8301);
#8297 = LINE('',#8298,#8299);
#8298 = CARTESIAN_POINT('',(0.,0.));
#8299 = VECTOR('',#8300,1.);
#8300 = DIRECTION('',(-1.,-6.982962677686E-15));
#8301 = ( GEOMETRIC_REPRESENTATION_CONTEXT(2) 
PARAMETRIC_REPRESENTATION_CONTEXT() REPRESENTATION_CONTEXT('2D SPACE',''
  ) );
#8302 = PCURVE('',#2699,#8303);
#8303 = DEFINITIONAL_REPRESENTATION('',(#8304),#8308);
#8304 = LINE('',#8305,#8306);
#8305 = CARTESIAN_POINT('',(-0.115,-0.62));
#8306 = VECTOR('',#8307,1.);
#8307 = DIRECTION('',(1.,0.));
#8308 = ( GEOMETRIC_REPRESENTATION_CONTEXT(2) 
PARAMETRIC_REPRESENTATION_CONTEXT() REPRESENTATION_CONTEXT('2D SPACE',''
  ) );
#8309 = ORIENTED_EDGE('',*,*,#8240,.T.);
#8310 = ADVANCED_FACE('',(#8311),#3239,.F.);
#8311 = FACE_BOUND('',#8312,.F.);
#8312 = EDGE_LOOP('',(#8313,#8314,#8338,#8359));
#8313 = ORIENTED_EDGE('',*,*,#8266,.F.);
#8314 = ORIENTED_EDGE('',*,*,#8315,.F.);
#8315 = EDGE_CURVE('',#8316,#8267,#8318,.T.);
#8316 = VERTEX_POINT('',#8317);
#8317 = CARTESIAN_POINT('',(0.21,-0.595,-0.355125000056));
#8318 = SURFACE_CURVE('',#8319,(#8324,#8331),.PCURVE_S1.);
#8319 = CIRCLE('',#8320,2.5E-02);
#8320 = AXIS2_PLACEMENT_3D('',#8321,#8322,#8323);
#8321 = CARTESIAN_POINT('',(0.185,-0.595,-0.355125000056));
#8322 = DIRECTION('',(-6.505213034913E-15,0.,-1.));
#8323 = DIRECTION('',(1.,0.,-6.505213034913E-15));
#8324 = PCURVE('',#3239,#8325);
#8325 = DEFINITIONAL_REPRESENTATION('',(#8326),#8330);
#8326 = LINE('',#8327,#8328);
#8327 = CARTESIAN_POINT('',(6.28318530718,0.));
#8328 = VECTOR('',#8329,1.);
#8329 = DIRECTION('',(-1.,0.));
#8330 = ( GEOMETRIC_REPRESENTATION_CONTEXT(2) 
PARAMETRIC_REPRESENTATION_CONTEXT() REPRESENTATION_CONTEXT('2D SPACE',''
  ) );
#8331 = PCURVE('',#2699,#8332);
#8332 = DEFINITIONAL_REPRESENTATION('',(#8333),#8337);
#8333 = CIRCLE('',#8334,2.5E-02);
#8334 = AXIS2_PLACEMENT_2D('',#8335,#8336);
#8335 = CARTESIAN_POINT('',(-0.185,-0.595));
#8336 = DIRECTION('',(-1.,0.));
#8337 = ( GEOMETRIC_REPRESENTATION_CONTEXT(2) 
PARAMETRIC_REPRESENTATION_CONTEXT() REPRESENTATION_CONTEXT('2D SPACE',''
  ) );
#8338 = ORIENTED_EDGE('',*,*,#8339,.T.);
#8339 = EDGE_CURVE('',#8316,#3195,#8340,.T.);
#8340 = SURFACE_CURVE('',#8341,(#8345,#8352),.PCURVE_S1.);
#8341 = LINE('',#8342,#8343);
#8342 = CARTESIAN_POINT('',(0.21,-0.595,-0.355125000056));
#8343 = VECTOR('',#8344,1.);
#8344 = DIRECTION('',(6.982962677686E-15,0.,1.));
#8345 = PCURVE('',#3239,#8346);
#8346 = DEFINITIONAL_REPRESENTATION('',(#8347),#8351);
#8347 = LINE('',#8348,#8349);
#8348 = CARTESIAN_POINT('',(6.28318530718,1.665334536938E-16));
#8349 = VECTOR('',#8350,1.);
#8350 = DIRECTION('',(0.,1.));
#8351 = ( GEOMETRIC_REPRESENTATION_CONTEXT(2) 
PARAMETRIC_REPRESENTATION_CONTEXT() REPRESENTATION_CONTEXT('2D SPACE',''
  ) );
#8352 = PCURVE('',#3210,#8353);
#8353 = DEFINITIONAL_REPRESENTATION('',(#8354),#8358);
#8354 = LINE('',#8355,#8356);
#8355 = CARTESIAN_POINT('',(-2.5E-02,-0.));
#8356 = VECTOR('',#8357,1.);
#8357 = DIRECTION('',(0.,-1.));
#8358 = ( GEOMETRIC_REPRESENTATION_CONTEXT(2) 
PARAMETRIC_REPRESENTATION_CONTEXT() REPRESENTATION_CONTEXT('2D SPACE',''
  ) );
#8359 = ORIENTED_EDGE('',*,*,#3222,.T.);
#8360 = ADVANCED_FACE('',(#8361),#3210,.T.);
#8361 = FACE_BOUND('',#8362,.T.);
#8362 = EDGE_LOOP('',(#8363,#8364,#8387,#8408));
#8363 = ORIENTED_EDGE('',*,*,#3194,.F.);
#8364 = ORIENTED_EDGE('',*,*,#8365,.F.);
#8365 = EDGE_CURVE('',#8366,#3162,#8368,.T.);
#8366 = VERTEX_POINT('',#8367);
#8367 = CARTESIAN_POINT('',(0.21,-0.57,-0.355125000056));
#8368 = SURFACE_CURVE('',#8369,(#8373,#8380),.PCURVE_S1.);
#8369 = LINE('',#8370,#8371);
#8370 = CARTESIAN_POINT('',(0.21,-0.57,-0.355125000056));
#8371 = VECTOR('',#8372,1.);
#8372 = DIRECTION('',(6.982962677686E-15,0.,1.));
#8373 = PCURVE('',#3210,#8374);
#8374 = DEFINITIONAL_REPRESENTATION('',(#8375),#8379);
#8375 = LINE('',#8376,#8377);
#8376 = CARTESIAN_POINT('',(0.,0.));
#8377 = VECTOR('',#8378,1.);
#8378 = DIRECTION('',(0.,-1.));
#8379 = ( GEOMETRIC_REPRESENTATION_CONTEXT(2) 
PARAMETRIC_REPRESENTATION_CONTEXT() REPRESENTATION_CONTEXT('2D SPACE',''
  ) );
#8380 = PCURVE('',#3182,#8381);
#8381 = DEFINITIONAL_REPRESENTATION('',(#8382),#8386);
#8382 = LINE('',#8383,#8384);
#8383 = CARTESIAN_POINT('',(3.14159265359,2.22044604925E-16));
#8384 = VECTOR('',#8385,1.);
#8385 = DIRECTION('',(0.,1.));
#8386 = ( GEOMETRIC_REPRESENTATION_CONTEXT(2) 
PARAMETRIC_REPRESENTATION_CONTEXT() REPRESENTATION_CONTEXT('2D SPACE',''
  ) );
#8387 = ORIENTED_EDGE('',*,*,#8388,.T.);
#8388 = EDGE_CURVE('',#8366,#8316,#8389,.T.);
#8389 = SURFACE_CURVE('',#8390,(#8394,#8401),.PCURVE_S1.);
#8390 = LINE('',#8391,#8392);
#8391 = CARTESIAN_POINT('',(0.21,-0.57,-0.355125000056));
#8392 = VECTOR('',#8393,1.);
#8393 = DIRECTION('',(0.,-1.,0.));
#8394 = PCURVE('',#3210,#8395);
#8395 = DEFINITIONAL_REPRESENTATION('',(#8396),#8400);
#8396 = LINE('',#8397,#8398);
#8397 = CARTESIAN_POINT('',(0.,0.));
#8398 = VECTOR('',#8399,1.);
#8399 = DIRECTION('',(-1.,-0.));
#8400 = ( GEOMETRIC_REPRESENTATION_CONTEXT(2) 
PARAMETRIC_REPRESENTATION_CONTEXT() REPRESENTATION_CONTEXT('2D SPACE',''
  ) );
#8401 = PCURVE('',#2699,#8402);
#8402 = DEFINITIONAL_REPRESENTATION('',(#8403),#8407);
#8403 = LINE('',#8404,#8405);
#8404 = CARTESIAN_POINT('',(-0.21,-0.57));
#8405 = VECTOR('',#8406,1.);
#8406 = DIRECTION('',(0.,-1.));
#8407 = ( GEOMETRIC_REPRESENTATION_CONTEXT(2) 
PARAMETRIC_REPRESENTATION_CONTEXT() REPRESENTATION_CONTEXT('2D SPACE',''
  ) );
#8408 = ORIENTED_EDGE('',*,*,#8339,.T.);
#8409 = ADVANCED_FACE('',(#8410),#3182,.T.);
#8410 = FACE_BOUND('',#8411,.T.);
#8411 = EDGE_LOOP('',(#8412,#8413,#8436,#8462));
#8412 = ORIENTED_EDGE('',*,*,#3161,.F.);
#8413 = ORIENTED_EDGE('',*,*,#8414,.F.);
#8414 = EDGE_CURVE('',#8415,#3134,#8417,.T.);
#8415 = VERTEX_POINT('',#8416);
#8416 = CARTESIAN_POINT('',(0.31,-0.57,-0.355125000056));
#8417 = SURFACE_CURVE('',#8418,(#8422,#8429),.PCURVE_S1.);
#8418 = LINE('',#8419,#8420);
#8419 = CARTESIAN_POINT('',(0.31,-0.57,-0.355125000056));
#8420 = VECTOR('',#8421,1.);
#8421 = DIRECTION('',(6.982962677686E-15,0.,1.));
#8422 = PCURVE('',#3182,#8423);
#8423 = DEFINITIONAL_REPRESENTATION('',(#8424),#8428);
#8424 = LINE('',#8425,#8426);
#8425 = CARTESIAN_POINT('',(0.,-1.110223024625E-16));
#8426 = VECTOR('',#8427,1.);
#8427 = DIRECTION('',(0.,1.));
#8428 = ( GEOMETRIC_REPRESENTATION_CONTEXT(2) 
PARAMETRIC_REPRESENTATION_CONTEXT() REPRESENTATION_CONTEXT('2D SPACE',''
  ) );
#8429 = PCURVE('',#3149,#8430);
#8430 = DEFINITIONAL_REPRESENTATION('',(#8431),#8435);
#8431 = LINE('',#8432,#8433);
#8432 = CARTESIAN_POINT('',(0.,0.));
#8433 = VECTOR('',#8434,1.);
#8434 = DIRECTION('',(-1.,0.));
#8435 = ( GEOMETRIC_REPRESENTATION_CONTEXT(2) 
PARAMETRIC_REPRESENTATION_CONTEXT() REPRESENTATION_CONTEXT('2D SPACE',''
  ) );
#8436 = ORIENTED_EDGE('',*,*,#8437,.T.);
#8437 = EDGE_CURVE('',#8415,#8366,#8438,.T.);
#8438 = SURFACE_CURVE('',#8439,(#8444,#8451),.PCURVE_S1.);
#8439 = CIRCLE('',#8440,5.E-02);
#8440 = AXIS2_PLACEMENT_3D('',#8441,#8442,#8443);
#8441 = CARTESIAN_POINT('',(0.26,-0.57,-0.355125000056));
#8442 = DIRECTION('',(6.505213034913E-15,0.,1.));
#8443 = DIRECTION('',(-1.,0.,6.505213034913E-15));
#8444 = PCURVE('',#3182,#8445);
#8445 = DEFINITIONAL_REPRESENTATION('',(#8446),#8450);
#8446 = LINE('',#8447,#8448);
#8447 = CARTESIAN_POINT('',(-3.14159265359,-5.551115123126E-17));
#8448 = VECTOR('',#8449,1.);
#8449 = DIRECTION('',(1.,1.766974823035E-17));
#8450 = ( GEOMETRIC_REPRESENTATION_CONTEXT(2) 
PARAMETRIC_REPRESENTATION_CONTEXT() REPRESENTATION_CONTEXT('2D SPACE',''
  ) );
#8451 = PCURVE('',#2699,#8452);
#8452 = DEFINITIONAL_REPRESENTATION('',(#8453),#8461);
#8453 = ( BOUNDED_CURVE() B_SPLINE_CURVE(2,(#8454,#8455,#8456,#8457,
#8458,#8459,#8460),.UNSPECIFIED.,.T.,.F.) B_SPLINE_CURVE_WITH_KNOTS((1,2
    ,2,2,2,1),(-2.094395102393,0.,2.094395102393,4.188790204786,
6.28318530718,8.377580409573),.UNSPECIFIED.) CURVE() 
GEOMETRIC_REPRESENTATION_ITEM() RATIONAL_B_SPLINE_CURVE((1.,0.5,1.,0.5,
1.,0.5,1.)) REPRESENTATION_ITEM('') );
#8454 = CARTESIAN_POINT('',(-0.21,-0.57));
#8455 = CARTESIAN_POINT('',(-0.21,-0.656602540378));
#8456 = CARTESIAN_POINT('',(-0.285,-0.613301270189));
#8457 = CARTESIAN_POINT('',(-0.36,-0.57));
#8458 = CARTESIAN_POINT('',(-0.285,-0.526698729811));
#8459 = CARTESIAN_POINT('',(-0.21,-0.483397459622));
#8460 = CARTESIAN_POINT('',(-0.21,-0.57));
#8461 = ( GEOMETRIC_REPRESENTATION_CONTEXT(2) 
PARAMETRIC_REPRESENTATION_CONTEXT() REPRESENTATION_CONTEXT('2D SPACE',''
  ) );
#8462 = ORIENTED_EDGE('',*,*,#8365,.T.);
#8463 = ADVANCED_FACE('',(#8464),#3149,.T.);
#8464 = FACE_BOUND('',#8465,.T.);
#8465 = EDGE_LOOP('',(#8466,#8467,#8490,#8511));
#8466 = ORIENTED_EDGE('',*,*,#3133,.F.);
#8467 = ORIENTED_EDGE('',*,*,#8468,.F.);
#8468 = EDGE_CURVE('',#8469,#3105,#8471,.T.);
#8469 = VERTEX_POINT('',#8470);
#8470 = CARTESIAN_POINT('',(0.31,-0.595,-0.355125000056));
#8471 = SURFACE_CURVE('',#8472,(#8476,#8483),.PCURVE_S1.);
#8472 = LINE('',#8473,#8474);
#8473 = CARTESIAN_POINT('',(0.31,-0.595,-0.355125000056));
#8474 = VECTOR('',#8475,1.);
#8475 = DIRECTION('',(6.982962677686E-15,0.,1.));
#8476 = PCURVE('',#3149,#8477);
#8477 = DEFINITIONAL_REPRESENTATION('',(#8478),#8482);
#8478 = LINE('',#8479,#8480);
#8479 = CARTESIAN_POINT('',(-0.,-2.5E-02));
#8480 = VECTOR('',#8481,1.);
#8481 = DIRECTION('',(-1.,0.));
#8482 = ( GEOMETRIC_REPRESENTATION_CONTEXT(2) 
PARAMETRIC_REPRESENTATION_CONTEXT() REPRESENTATION_CONTEXT('2D SPACE',''
  ) );
#8483 = PCURVE('',#3121,#8484);
#8484 = DEFINITIONAL_REPRESENTATION('',(#8485),#8489);
#8485 = LINE('',#8486,#8487);
#8486 = CARTESIAN_POINT('',(3.14159265359,-1.665334536938E-16));
#8487 = VECTOR('',#8488,1.);
#8488 = DIRECTION('',(0.,1.));
#8489 = ( GEOMETRIC_REPRESENTATION_CONTEXT(2) 
PARAMETRIC_REPRESENTATION_CONTEXT() REPRESENTATION_CONTEXT('2D SPACE',''
  ) );
#8490 = ORIENTED_EDGE('',*,*,#8491,.T.);
#8491 = EDGE_CURVE('',#8469,#8415,#8492,.T.);
#8492 = SURFACE_CURVE('',#8493,(#8497,#8504),.PCURVE_S1.);
#8493 = LINE('',#8494,#8495);
#8494 = CARTESIAN_POINT('',(0.31,-0.57,-0.355125000056));
#8495 = VECTOR('',#8496,1.);
#8496 = DIRECTION('',(0.,1.,0.));
#8497 = PCURVE('',#3149,#8498);
#8498 = DEFINITIONAL_REPRESENTATION('',(#8499),#8503);
#8499 = LINE('',#8500,#8501);
#8500 = CARTESIAN_POINT('',(0.,0.));
#8501 = VECTOR('',#8502,1.);
#8502 = DIRECTION('',(0.,1.));
#8503 = ( GEOMETRIC_REPRESENTATION_CONTEXT(2) 
PARAMETRIC_REPRESENTATION_CONTEXT() REPRESENTATION_CONTEXT('2D SPACE',''
  ) );
#8504 = PCURVE('',#2699,#8505);
#8505 = DEFINITIONAL_REPRESENTATION('',(#8506),#8510);
#8506 = LINE('',#8507,#8508);
#8507 = CARTESIAN_POINT('',(-0.31,-0.57));
#8508 = VECTOR('',#8509,1.);
#8509 = DIRECTION('',(0.,1.));
#8510 = ( GEOMETRIC_REPRESENTATION_CONTEXT(2) 
PARAMETRIC_REPRESENTATION_CONTEXT() REPRESENTATION_CONTEXT('2D SPACE',''
  ) );
#8511 = ORIENTED_EDGE('',*,*,#8414,.T.);
#8512 = ADVANCED_FACE('',(#8513),#3121,.F.);
#8513 = FACE_BOUND('',#8514,.F.);
#8514 = EDGE_LOOP('',(#8515,#8516,#8540,#8561));
#8515 = ORIENTED_EDGE('',*,*,#8468,.F.);
#8516 = ORIENTED_EDGE('',*,*,#8517,.F.);
#8517 = EDGE_CURVE('',#8518,#8469,#8520,.T.);
#8518 = VERTEX_POINT('',#8519);
#8519 = CARTESIAN_POINT('',(0.335,-0.62,-0.355125000056));
#8520 = SURFACE_CURVE('',#8521,(#8526,#8533),.PCURVE_S1.);
#8521 = CIRCLE('',#8522,2.5E-02);
#8522 = AXIS2_PLACEMENT_3D('',#8523,#8524,#8525);
#8523 = CARTESIAN_POINT('',(0.335,-0.595,-0.355125000056));
#8524 = DIRECTION('',(-6.505213034913E-15,0.,-1.));
#8525 = DIRECTION('',(1.,0.,-6.505213034913E-15));
#8526 = PCURVE('',#3121,#8527);
#8527 = DEFINITIONAL_REPRESENTATION('',(#8528),#8532);
#8528 = LINE('',#8529,#8530);
#8529 = CARTESIAN_POINT('',(6.28318530718,0.));
#8530 = VECTOR('',#8531,1.);
#8531 = DIRECTION('',(-1.,0.));
#8532 = ( GEOMETRIC_REPRESENTATION_CONTEXT(2) 
PARAMETRIC_REPRESENTATION_CONTEXT() REPRESENTATION_CONTEXT('2D SPACE',''
  ) );
#8533 = PCURVE('',#2699,#8534);
#8534 = DEFINITIONAL_REPRESENTATION('',(#8535),#8539);
#8535 = CIRCLE('',#8536,2.5E-02);
#8536 = AXIS2_PLACEMENT_2D('',#8537,#8538);
#8537 = CARTESIAN_POINT('',(-0.335,-0.595));
#8538 = DIRECTION('',(-1.,0.));
#8539 = ( GEOMETRIC_REPRESENTATION_CONTEXT(2) 
PARAMETRIC_REPRESENTATION_CONTEXT() REPRESENTATION_CONTEXT('2D SPACE',''
  ) );
#8540 = ORIENTED_EDGE('',*,*,#8541,.T.);
#8541 = EDGE_CURVE('',#8518,#3077,#8542,.T.);
#8542 = SURFACE_CURVE('',#8543,(#8547,#8554),.PCURVE_S1.);
#8543 = LINE('',#8544,#8545);
#8544 = CARTESIAN_POINT('',(0.335,-0.62,-0.355125000056));
#8545 = VECTOR('',#8546,1.);
#8546 = DIRECTION('',(6.982962677686E-15,0.,1.));
#8547 = PCURVE('',#3121,#8548);
#8548 = DEFINITIONAL_REPRESENTATION('',(#8549),#8553);
#8549 = LINE('',#8550,#8551);
#8550 = CARTESIAN_POINT('',(4.712388980385,0.));
#8551 = VECTOR('',#8552,1.);
#8552 = DIRECTION('',(0.,1.));
#8553 = ( GEOMETRIC_REPRESENTATION_CONTEXT(2) 
PARAMETRIC_REPRESENTATION_CONTEXT() REPRESENTATION_CONTEXT('2D SPACE',''
  ) );
#8554 = PCURVE('',#3092,#8555);
#8555 = DEFINITIONAL_REPRESENTATION('',(#8556),#8560);
#8556 = LINE('',#8557,#8558);
#8557 = CARTESIAN_POINT('',(0.,0.));
#8558 = VECTOR('',#8559,1.);
#8559 = DIRECTION('',(6.982962677686E-15,-1.));
#8560 = ( GEOMETRIC_REPRESENTATION_CONTEXT(2) 
PARAMETRIC_REPRESENTATION_CONTEXT() REPRESENTATION_CONTEXT('2D SPACE',''
  ) );
#8561 = ORIENTED_EDGE('',*,*,#3104,.T.);
#8562 = ADVANCED_FACE('',(#8563),#3092,.T.);
#8563 = FACE_BOUND('',#8564,.T.);
#8564 = EDGE_LOOP('',(#8565,#8566,#8589,#8610));
#8565 = ORIENTED_EDGE('',*,*,#3076,.F.);
#8566 = ORIENTED_EDGE('',*,*,#8567,.F.);
#8567 = EDGE_CURVE('',#8568,#3048,#8570,.T.);
#8568 = VERTEX_POINT('',#8569);
#8569 = CARTESIAN_POINT('',(0.485,-0.62,-0.355125000056));
#8570 = SURFACE_CURVE('',#8571,(#8575,#8582),.PCURVE_S1.);
#8571 = LINE('',#8572,#8573);
#8572 = CARTESIAN_POINT('',(0.485,-0.62,-0.355125000056));
#8573 = VECTOR('',#8574,1.);
#8574 = DIRECTION('',(6.982962677686E-15,0.,1.));
#8575 = PCURVE('',#3092,#8576);
#8576 = DEFINITIONAL_REPRESENTATION('',(#8577),#8581);
#8577 = LINE('',#8578,#8579);
#8578 = CARTESIAN_POINT('',(0.15,9.992007221626E-16));
#8579 = VECTOR('',#8580,1.);
#8580 = DIRECTION('',(6.982962677686E-15,-1.));
#8581 = ( GEOMETRIC_REPRESENTATION_CONTEXT(2) 
PARAMETRIC_REPRESENTATION_CONTEXT() REPRESENTATION_CONTEXT('2D SPACE',''
  ) );
#8582 = PCURVE('',#3064,#8583);
#8583 = DEFINITIONAL_REPRESENTATION('',(#8584),#8588);
#8584 = LINE('',#8585,#8586);
#8585 = CARTESIAN_POINT('',(4.712388980385,0.));
#8586 = VECTOR('',#8587,1.);
#8587 = DIRECTION('',(0.,1.));
#8588 = ( GEOMETRIC_REPRESENTATION_CONTEXT(2) 
PARAMETRIC_REPRESENTATION_CONTEXT() REPRESENTATION_CONTEXT('2D SPACE',''
  ) );
#8589 = ORIENTED_EDGE('',*,*,#8590,.T.);
#8590 = EDGE_CURVE('',#8568,#8518,#8591,.T.);
#8591 = SURFACE_CURVE('',#8592,(#8596,#8603),.PCURVE_S1.);
#8592 = LINE('',#8593,#8594);
#8593 = CARTESIAN_POINT('',(0.335,-0.62,-0.355125000056));
#8594 = VECTOR('',#8595,1.);
#8595 = DIRECTION('',(-1.,0.,6.982962677686E-15));
#8596 = PCURVE('',#3092,#8597);
#8597 = DEFINITIONAL_REPRESENTATION('',(#8598),#8602);
#8598 = LINE('',#8599,#8600);
#8599 = CARTESIAN_POINT('',(0.,0.));
#8600 = VECTOR('',#8601,1.);
#8601 = DIRECTION('',(-1.,-6.982962677686E-15));
#8602 = ( GEOMETRIC_REPRESENTATION_CONTEXT(2) 
PARAMETRIC_REPRESENTATION_CONTEXT() REPRESENTATION_CONTEXT('2D SPACE',''
  ) );
#8603 = PCURVE('',#2699,#8604);
#8604 = DEFINITIONAL_REPRESENTATION('',(#8605),#8609);
#8605 = LINE('',#8606,#8607);
#8606 = CARTESIAN_POINT('',(-0.335,-0.62));
#8607 = VECTOR('',#8608,1.);
#8608 = DIRECTION('',(1.,0.));
#8609 = ( GEOMETRIC_REPRESENTATION_CONTEXT(2) 
PARAMETRIC_REPRESENTATION_CONTEXT() REPRESENTATION_CONTEXT('2D SPACE',''
  ) );
#8610 = ORIENTED_EDGE('',*,*,#8541,.T.);
#8611 = ADVANCED_FACE('',(#8612),#3064,.F.);
#8612 = FACE_BOUND('',#8613,.F.);
#8613 = EDGE_LOOP('',(#8614,#8615,#8639,#8660));
#8614 = ORIENTED_EDGE('',*,*,#8567,.F.);
#8615 = ORIENTED_EDGE('',*,*,#8616,.F.);
#8616 = EDGE_CURVE('',#8617,#8568,#8619,.T.);
#8617 = VERTEX_POINT('',#8618);
#8618 = CARTESIAN_POINT('',(0.51,-0.595,-0.355125000056));
#8619 = SURFACE_CURVE('',#8620,(#8625,#8632),.PCURVE_S1.);
#8620 = CIRCLE('',#8621,2.5E-02);
#8621 = AXIS2_PLACEMENT_3D('',#8622,#8623,#8624);
#8622 = CARTESIAN_POINT('',(0.485,-0.595,-0.355125000056));
#8623 = DIRECTION('',(-6.505213034913E-15,0.,-1.));
#8624 = DIRECTION('',(-1.,0.,6.505213034913E-15));
#8625 = PCURVE('',#3064,#8626);
#8626 = DEFINITIONAL_REPRESENTATION('',(#8627),#8631);
#8627 = LINE('',#8628,#8629);
#8628 = CARTESIAN_POINT('',(9.424777960769,0.));
#8629 = VECTOR('',#8630,1.);
#8630 = DIRECTION('',(-1.,0.));
#8631 = ( GEOMETRIC_REPRESENTATION_CONTEXT(2) 
PARAMETRIC_REPRESENTATION_CONTEXT() REPRESENTATION_CONTEXT('2D SPACE',''
  ) );
#8632 = PCURVE('',#2699,#8633);
#8633 = DEFINITIONAL_REPRESENTATION('',(#8634),#8638);
#8634 = CIRCLE('',#8635,2.5E-02);
#8635 = AXIS2_PLACEMENT_2D('',#8636,#8637);
#8636 = CARTESIAN_POINT('',(-0.485,-0.595));
#8637 = DIRECTION('',(1.,0.));
#8638 = ( GEOMETRIC_REPRESENTATION_CONTEXT(2) 
PARAMETRIC_REPRESENTATION_CONTEXT() REPRESENTATION_CONTEXT('2D SPACE',''
  ) );
#8639 = ORIENTED_EDGE('',*,*,#8640,.T.);
#8640 = EDGE_CURVE('',#8617,#3046,#8641,.T.);
#8641 = SURFACE_CURVE('',#8642,(#8646,#8653),.PCURVE_S1.);
#8642 = LINE('',#8643,#8644);
#8643 = CARTESIAN_POINT('',(0.51,-0.595,-0.355125000056));
#8644 = VECTOR('',#8645,1.);
#8645 = DIRECTION('',(6.982962677686E-15,0.,1.));
#8646 = PCURVE('',#3064,#8647);
#8647 = DEFINITIONAL_REPRESENTATION('',(#8648),#8652);
#8648 = LINE('',#8649,#8650);
#8649 = CARTESIAN_POINT('',(6.28318530718,-3.885780586188E-16));
#8650 = VECTOR('',#8651,1.);
#8651 = DIRECTION('',(0.,1.));
#8652 = ( GEOMETRIC_REPRESENTATION_CONTEXT(2) 
PARAMETRIC_REPRESENTATION_CONTEXT() REPRESENTATION_CONTEXT('2D SPACE',''
  ) );
#8653 = PCURVE('',#5154,#8654);
#8654 = DEFINITIONAL_REPRESENTATION('',(#8655),#8659);
#8655 = LINE('',#8656,#8657);
#8656 = CARTESIAN_POINT('',(-2.5E-02,-0.));
#8657 = VECTOR('',#8658,1.);
#8658 = DIRECTION('',(0.,-1.));
#8659 = ( GEOMETRIC_REPRESENTATION_CONTEXT(2) 
PARAMETRIC_REPRESENTATION_CONTEXT() REPRESENTATION_CONTEXT('2D SPACE',''
  ) );
#8660 = ORIENTED_EDGE('',*,*,#3045,.T.);
#8661 = ADVANCED_FACE('',(#8662),#5154,.T.);
#8662 = FACE_BOUND('',#8663,.T.);
#8663 = EDGE_LOOP('',(#8664,#8665,#8688,#8709));
#8664 = ORIENTED_EDGE('',*,*,#5140,.F.);
#8665 = ORIENTED_EDGE('',*,*,#8666,.F.);
#8666 = EDGE_CURVE('',#8667,#5108,#8669,.T.);
#8667 = VERTEX_POINT('',#8668);
#8668 = CARTESIAN_POINT('',(0.51,-0.57,-0.355125000056));
#8669 = SURFACE_CURVE('',#8670,(#8674,#8681),.PCURVE_S1.);
#8670 = LINE('',#8671,#8672);
#8671 = CARTESIAN_POINT('',(0.51,-0.57,-0.355125000056));
#8672 = VECTOR('',#8673,1.);
#8673 = DIRECTION('',(6.982962677686E-15,0.,1.));
#8674 = PCURVE('',#5154,#8675);
#8675 = DEFINITIONAL_REPRESENTATION('',(#8676),#8680);
#8676 = LINE('',#8677,#8678);
#8677 = CARTESIAN_POINT('',(0.,0.));
#8678 = VECTOR('',#8679,1.);
#8679 = DIRECTION('',(0.,-1.));
#8680 = ( GEOMETRIC_REPRESENTATION_CONTEXT(2) 
PARAMETRIC_REPRESENTATION_CONTEXT() REPRESENTATION_CONTEXT('2D SPACE',''
  ) );
#8681 = PCURVE('',#5128,#8682);
#8682 = DEFINITIONAL_REPRESENTATION('',(#8683),#8687);
#8683 = LINE('',#8684,#8685);
#8684 = CARTESIAN_POINT('',(3.14159265359,-3.330669073875E-16));
#8685 = VECTOR('',#8686,1.);
#8686 = DIRECTION('',(0.,1.));
#8687 = ( GEOMETRIC_REPRESENTATION_CONTEXT(2) 
PARAMETRIC_REPRESENTATION_CONTEXT() REPRESENTATION_CONTEXT('2D SPACE',''
  ) );
#8688 = ORIENTED_EDGE('',*,*,#8689,.T.);
#8689 = EDGE_CURVE('',#8667,#8617,#8690,.T.);
#8690 = SURFACE_CURVE('',#8691,(#8695,#8702),.PCURVE_S1.);
#8691 = LINE('',#8692,#8693);
#8692 = CARTESIAN_POINT('',(0.51,-0.57,-0.355125000056));
#8693 = VECTOR('',#8694,1.);
#8694 = DIRECTION('',(0.,-1.,0.));
#8695 = PCURVE('',#5154,#8696);
#8696 = DEFINITIONAL_REPRESENTATION('',(#8697),#8701);
#8697 = LINE('',#8698,#8699);
#8698 = CARTESIAN_POINT('',(0.,0.));
#8699 = VECTOR('',#8700,1.);
#8700 = DIRECTION('',(-1.,-0.));
#8701 = ( GEOMETRIC_REPRESENTATION_CONTEXT(2) 
PARAMETRIC_REPRESENTATION_CONTEXT() REPRESENTATION_CONTEXT('2D SPACE',''
  ) );
#8702 = PCURVE('',#2699,#8703);
#8703 = DEFINITIONAL_REPRESENTATION('',(#8704),#8708);
#8704 = LINE('',#8705,#8706);
#8705 = CARTESIAN_POINT('',(-0.51,-0.57));
#8706 = VECTOR('',#8707,1.);
#8707 = DIRECTION('',(0.,-1.));
#8708 = ( GEOMETRIC_REPRESENTATION_CONTEXT(2) 
PARAMETRIC_REPRESENTATION_CONTEXT() REPRESENTATION_CONTEXT('2D SPACE',''
  ) );
#8709 = ORIENTED_EDGE('',*,*,#8640,.T.);
#8710 = ADVANCED_FACE('',(#8711),#5128,.T.);
#8711 = FACE_BOUND('',#8712,.T.);
#8712 = EDGE_LOOP('',(#8713,#8714,#8737,#8763));
#8713 = ORIENTED_EDGE('',*,*,#5107,.F.);
#8714 = ORIENTED_EDGE('',*,*,#8715,.F.);
#8715 = EDGE_CURVE('',#8716,#5080,#8718,.T.);
#8716 = VERTEX_POINT('',#8717);
#8717 = CARTESIAN_POINT('',(0.56,-0.52,-0.355125000056));
#8718 = SURFACE_CURVE('',#8719,(#8723,#8730),.PCURVE_S1.);
#8719 = LINE('',#8720,#8721);
#8720 = CARTESIAN_POINT('',(0.56,-0.52,-0.355125000056));
#8721 = VECTOR('',#8722,1.);
#8722 = DIRECTION('',(6.982962677686E-15,0.,1.));
#8723 = PCURVE('',#5128,#8724);
#8724 = DEFINITIONAL_REPRESENTATION('',(#8725),#8729);
#8725 = LINE('',#8726,#8727);
#8726 = CARTESIAN_POINT('',(1.570796326795,0.));
#8727 = VECTOR('',#8728,1.);
#8728 = DIRECTION('',(0.,1.));
#8729 = ( GEOMETRIC_REPRESENTATION_CONTEXT(2) 
PARAMETRIC_REPRESENTATION_CONTEXT() REPRESENTATION_CONTEXT('2D SPACE',''
  ) );
#8730 = PCURVE('',#5095,#8731);
#8731 = DEFINITIONAL_REPRESENTATION('',(#8732),#8736);
#8732 = LINE('',#8733,#8734);
#8733 = CARTESIAN_POINT('',(0.,0.));
#8734 = VECTOR('',#8735,1.);
#8735 = DIRECTION('',(6.982962677686E-15,-1.));
#8736 = ( GEOMETRIC_REPRESENTATION_CONTEXT(2) 
PARAMETRIC_REPRESENTATION_CONTEXT() REPRESENTATION_CONTEXT('2D SPACE',''
  ) );
#8737 = ORIENTED_EDGE('',*,*,#8738,.T.);
#8738 = EDGE_CURVE('',#8716,#8667,#8739,.T.);
#8739 = SURFACE_CURVE('',#8740,(#8745,#8752),.PCURVE_S1.);
#8740 = CIRCLE('',#8741,5.E-02);
#8741 = AXIS2_PLACEMENT_3D('',#8742,#8743,#8744);
#8742 = CARTESIAN_POINT('',(0.56,-0.57,-0.355125000056));
#8743 = DIRECTION('',(6.505213034913E-15,0.,1.));
#8744 = DIRECTION('',(-1.,0.,6.505213034913E-15));
#8745 = PCURVE('',#5128,#8746);
#8746 = DEFINITIONAL_REPRESENTATION('',(#8747),#8751);
#8747 = LINE('',#8748,#8749);
#8748 = CARTESIAN_POINT('',(-3.14159265359,0.));
#8749 = VECTOR('',#8750,1.);
#8750 = DIRECTION('',(1.,0.));
#8751 = ( GEOMETRIC_REPRESENTATION_CONTEXT(2) 
PARAMETRIC_REPRESENTATION_CONTEXT() REPRESENTATION_CONTEXT('2D SPACE',''
  ) );
#8752 = PCURVE('',#2699,#8753);
#8753 = DEFINITIONAL_REPRESENTATION('',(#8754),#8762);
#8754 = ( BOUNDED_CURVE() B_SPLINE_CURVE(2,(#8755,#8756,#8757,#8758,
#8759,#8760,#8761),.UNSPECIFIED.,.T.,.F.) B_SPLINE_CURVE_WITH_KNOTS((1,2
    ,2,2,2,1),(-2.094395102393,0.,2.094395102393,4.188790204786,
6.28318530718,8.377580409573),.UNSPECIFIED.) CURVE() 
GEOMETRIC_REPRESENTATION_ITEM() RATIONAL_B_SPLINE_CURVE((1.,0.5,1.,0.5,
1.,0.5,1.)) REPRESENTATION_ITEM('') );
#8755 = CARTESIAN_POINT('',(-0.51,-0.57));
#8756 = CARTESIAN_POINT('',(-0.51,-0.656602540378));
#8757 = CARTESIAN_POINT('',(-0.585,-0.613301270189));
#8758 = CARTESIAN_POINT('',(-0.66,-0.57));
#8759 = CARTESIAN_POINT('',(-0.585,-0.526698729811));
#8760 = CARTESIAN_POINT('',(-0.51,-0.483397459622));
#8761 = CARTESIAN_POINT('',(-0.51,-0.57));
#8762 = ( GEOMETRIC_REPRESENTATION_CONTEXT(2) 
PARAMETRIC_REPRESENTATION_CONTEXT() REPRESENTATION_CONTEXT('2D SPACE',''
  ) );
#8763 = ORIENTED_EDGE('',*,*,#8666,.T.);
#8764 = ADVANCED_FACE('',(#8765),#5095,.T.);
#8765 = FACE_BOUND('',#8766,.T.);
#8766 = EDGE_LOOP('',(#8767,#8768,#8791,#8812));
#8767 = ORIENTED_EDGE('',*,*,#5079,.F.);
#8768 = ORIENTED_EDGE('',*,*,#8769,.F.);
#8769 = EDGE_CURVE('',#8770,#5051,#8772,.T.);
#8770 = VERTEX_POINT('',#8771);
#8771 = CARTESIAN_POINT('',(0.635,-0.52,-0.355125000056));
#8772 = SURFACE_CURVE('',#8773,(#8777,#8784),.PCURVE_S1.);
#8773 = LINE('',#8774,#8775);
#8774 = CARTESIAN_POINT('',(0.635,-0.52,-0.355125000056));
#8775 = VECTOR('',#8776,1.);
#8776 = DIRECTION('',(6.982962677686E-15,0.,1.));
#8777 = PCURVE('',#5095,#8778);
#8778 = DEFINITIONAL_REPRESENTATION('',(#8779),#8783);
#8779 = LINE('',#8780,#8781);
#8780 = CARTESIAN_POINT('',(7.5E-02,4.440892098501E-16));
#8781 = VECTOR('',#8782,1.);
#8782 = DIRECTION('',(6.982962677686E-15,-1.));
#8783 = ( GEOMETRIC_REPRESENTATION_CONTEXT(2) 
PARAMETRIC_REPRESENTATION_CONTEXT() REPRESENTATION_CONTEXT('2D SPACE',''
  ) );
#8784 = PCURVE('',#5067,#8785);
#8785 = DEFINITIONAL_REPRESENTATION('',(#8786),#8790);
#8786 = LINE('',#8787,#8788);
#8787 = CARTESIAN_POINT('',(4.712388980385,0.));
#8788 = VECTOR('',#8789,1.);
#8789 = DIRECTION('',(0.,1.));
#8790 = ( GEOMETRIC_REPRESENTATION_CONTEXT(2) 
PARAMETRIC_REPRESENTATION_CONTEXT() REPRESENTATION_CONTEXT('2D SPACE',''
  ) );
#8791 = ORIENTED_EDGE('',*,*,#8792,.T.);
#8792 = EDGE_CURVE('',#8770,#8716,#8793,.T.);
#8793 = SURFACE_CURVE('',#8794,(#8798,#8805),.PCURVE_S1.);
#8794 = LINE('',#8795,#8796);
#8795 = CARTESIAN_POINT('',(0.56,-0.52,-0.355125000056));
#8796 = VECTOR('',#8797,1.);
#8797 = DIRECTION('',(-1.,0.,6.982962677686E-15));
#8798 = PCURVE('',#5095,#8799);
#8799 = DEFINITIONAL_REPRESENTATION('',(#8800),#8804);
#8800 = LINE('',#8801,#8802);
#8801 = CARTESIAN_POINT('',(0.,0.));
#8802 = VECTOR('',#8803,1.);
#8803 = DIRECTION('',(-1.,-6.982962677686E-15));
#8804 = ( GEOMETRIC_REPRESENTATION_CONTEXT(2) 
PARAMETRIC_REPRESENTATION_CONTEXT() REPRESENTATION_CONTEXT('2D SPACE',''
  ) );
#8805 = PCURVE('',#2699,#8806);
#8806 = DEFINITIONAL_REPRESENTATION('',(#8807),#8811);
#8807 = LINE('',#8808,#8809);
#8808 = CARTESIAN_POINT('',(-0.56,-0.52));
#8809 = VECTOR('',#8810,1.);
#8810 = DIRECTION('',(1.,0.));
#8811 = ( GEOMETRIC_REPRESENTATION_CONTEXT(2) 
PARAMETRIC_REPRESENTATION_CONTEXT() REPRESENTATION_CONTEXT('2D SPACE',''
  ) );
#8812 = ORIENTED_EDGE('',*,*,#8715,.T.);
#8813 = ADVANCED_FACE('',(#8814),#5067,.F.);
#8814 = FACE_BOUND('',#8815,.F.);
#8815 = EDGE_LOOP('',(#8816,#8817,#8841,#8862));
#8816 = ORIENTED_EDGE('',*,*,#8769,.F.);
#8817 = ORIENTED_EDGE('',*,*,#8818,.F.);
#8818 = EDGE_CURVE('',#8819,#8770,#8821,.T.);
#8819 = VERTEX_POINT('',#8820);
#8820 = CARTESIAN_POINT('',(0.66,-0.495,-0.355125000056));
#8821 = SURFACE_CURVE('',#8822,(#8827,#8834),.PCURVE_S1.);
#8822 = CIRCLE('',#8823,2.5E-02);
#8823 = AXIS2_PLACEMENT_3D('',#8824,#8825,#8826);
#8824 = CARTESIAN_POINT('',(0.635,-0.495,-0.355125000056));
#8825 = DIRECTION('',(-6.505213034913E-15,0.,-1.));
#8826 = DIRECTION('',(1.,0.,-6.505213034913E-15));
#8827 = PCURVE('',#5067,#8828);
#8828 = DEFINITIONAL_REPRESENTATION('',(#8829),#8833);
#8829 = LINE('',#8830,#8831);
#8830 = CARTESIAN_POINT('',(6.28318530718,0.));
#8831 = VECTOR('',#8832,1.);
#8832 = DIRECTION('',(-1.,0.));
#8833 = ( GEOMETRIC_REPRESENTATION_CONTEXT(2) 
PARAMETRIC_REPRESENTATION_CONTEXT() REPRESENTATION_CONTEXT('2D SPACE',''
  ) );
#8834 = PCURVE('',#2699,#8835);
#8835 = DEFINITIONAL_REPRESENTATION('',(#8836),#8840);
#8836 = CIRCLE('',#8837,2.5E-02);
#8837 = AXIS2_PLACEMENT_2D('',#8838,#8839);
#8838 = CARTESIAN_POINT('',(-0.635,-0.495));
#8839 = DIRECTION('',(-1.,0.));
#8840 = ( GEOMETRIC_REPRESENTATION_CONTEXT(2) 
PARAMETRIC_REPRESENTATION_CONTEXT() REPRESENTATION_CONTEXT('2D SPACE',''
  ) );
#8841 = ORIENTED_EDGE('',*,*,#8842,.T.);
#8842 = EDGE_CURVE('',#8819,#5023,#8843,.T.);
#8843 = SURFACE_CURVE('',#8844,(#8848,#8855),.PCURVE_S1.);
#8844 = LINE('',#8845,#8846);
#8845 = CARTESIAN_POINT('',(0.66,-0.495,-0.355125000056));
#8846 = VECTOR('',#8847,1.);
#8847 = DIRECTION('',(6.982962677686E-15,0.,1.));
#8848 = PCURVE('',#5067,#8849);
#8849 = DEFINITIONAL_REPRESENTATION('',(#8850),#8854);
#8850 = LINE('',#8851,#8852);
#8851 = CARTESIAN_POINT('',(6.28318530718,-3.330669073875E-16));
#8852 = VECTOR('',#8853,1.);
#8853 = DIRECTION('',(0.,1.));
#8854 = ( GEOMETRIC_REPRESENTATION_CONTEXT(2) 
PARAMETRIC_REPRESENTATION_CONTEXT() REPRESENTATION_CONTEXT('2D SPACE',''
  ) );
#8855 = PCURVE('',#5038,#8856);
#8856 = DEFINITIONAL_REPRESENTATION('',(#8857),#8861);
#8857 = LINE('',#8858,#8859);
#8858 = CARTESIAN_POINT('',(-0.15,-0.));
#8859 = VECTOR('',#8860,1.);
#8860 = DIRECTION('',(0.,-1.));
#8861 = ( GEOMETRIC_REPRESENTATION_CONTEXT(2) 
PARAMETRIC_REPRESENTATION_CONTEXT() REPRESENTATION_CONTEXT('2D SPACE',''
  ) );
#8862 = ORIENTED_EDGE('',*,*,#5050,.T.);
#8863 = ADVANCED_FACE('',(#8864),#5038,.T.);
#8864 = FACE_BOUND('',#8865,.T.);
#8865 = EDGE_LOOP('',(#8866,#8867,#8890,#8911));
#8866 = ORIENTED_EDGE('',*,*,#5022,.F.);
#8867 = ORIENTED_EDGE('',*,*,#8868,.F.);
#8868 = EDGE_CURVE('',#8869,#4994,#8871,.T.);
#8869 = VERTEX_POINT('',#8870);
#8870 = CARTESIAN_POINT('',(0.66,-0.345,-0.355125000056));
#8871 = SURFACE_CURVE('',#8872,(#8876,#8883),.PCURVE_S1.);
#8872 = LINE('',#8873,#8874);
#8873 = CARTESIAN_POINT('',(0.66,-0.345,-0.355125000056));
#8874 = VECTOR('',#8875,1.);
#8875 = DIRECTION('',(6.982962677686E-15,0.,1.));
#8876 = PCURVE('',#5038,#8877);
#8877 = DEFINITIONAL_REPRESENTATION('',(#8878),#8882);
#8878 = LINE('',#8879,#8880);
#8879 = CARTESIAN_POINT('',(0.,0.));
#8880 = VECTOR('',#8881,1.);
#8881 = DIRECTION('',(0.,-1.));
#8882 = ( GEOMETRIC_REPRESENTATION_CONTEXT(2) 
PARAMETRIC_REPRESENTATION_CONTEXT() REPRESENTATION_CONTEXT('2D SPACE',''
  ) );
#8883 = PCURVE('',#5010,#8884);
#8884 = DEFINITIONAL_REPRESENTATION('',(#8885),#8889);
#8885 = LINE('',#8886,#8887);
#8886 = CARTESIAN_POINT('',(0.,-3.330669073875E-16));
#8887 = VECTOR('',#8888,1.);
#8888 = DIRECTION('',(0.,1.));
#8889 = ( GEOMETRIC_REPRESENTATION_CONTEXT(2) 
PARAMETRIC_REPRESENTATION_CONTEXT() REPRESENTATION_CONTEXT('2D SPACE',''
  ) );
#8890 = ORIENTED_EDGE('',*,*,#8891,.T.);
#8891 = EDGE_CURVE('',#8869,#8819,#8892,.T.);
#8892 = SURFACE_CURVE('',#8893,(#8897,#8904),.PCURVE_S1.);
#8893 = LINE('',#8894,#8895);
#8894 = CARTESIAN_POINT('',(0.66,-0.345,-0.355125000056));
#8895 = VECTOR('',#8896,1.);
#8896 = DIRECTION('',(0.,-1.,0.));
#8897 = PCURVE('',#5038,#8898);
#8898 = DEFINITIONAL_REPRESENTATION('',(#8899),#8903);
#8899 = LINE('',#8900,#8901);
#8900 = CARTESIAN_POINT('',(0.,0.));
#8901 = VECTOR('',#8902,1.);
#8902 = DIRECTION('',(-1.,-0.));
#8903 = ( GEOMETRIC_REPRESENTATION_CONTEXT(2) 
PARAMETRIC_REPRESENTATION_CONTEXT() REPRESENTATION_CONTEXT('2D SPACE',''
  ) );
#8904 = PCURVE('',#2699,#8905);
#8905 = DEFINITIONAL_REPRESENTATION('',(#8906),#8910);
#8906 = LINE('',#8907,#8908);
#8907 = CARTESIAN_POINT('',(-0.66,-0.345));
#8908 = VECTOR('',#8909,1.);
#8909 = DIRECTION('',(0.,-1.));
#8910 = ( GEOMETRIC_REPRESENTATION_CONTEXT(2) 
PARAMETRIC_REPRESENTATION_CONTEXT() REPRESENTATION_CONTEXT('2D SPACE',''
  ) );
#8911 = ORIENTED_EDGE('',*,*,#8842,.T.);
#8912 = ADVANCED_FACE('',(#8913),#5010,.F.);
#8913 = FACE_BOUND('',#8914,.F.);
#8914 = EDGE_LOOP('',(#8915,#8916,#8940,#8961));
#8915 = ORIENTED_EDGE('',*,*,#8868,.F.);
#8916 = ORIENTED_EDGE('',*,*,#8917,.F.);
#8917 = EDGE_CURVE('',#8918,#8869,#8920,.T.);
#8918 = VERTEX_POINT('',#8919);
#8919 = CARTESIAN_POINT('',(0.635,-0.32,-0.355125000056));
#8920 = SURFACE_CURVE('',#8921,(#8926,#8933),.PCURVE_S1.);
#8921 = CIRCLE('',#8922,2.5E-02);
#8922 = AXIS2_PLACEMENT_3D('',#8923,#8924,#8925);
#8923 = CARTESIAN_POINT('',(0.635,-0.345,-0.355125000056));
#8924 = DIRECTION('',(-6.505213034913E-15,0.,-1.));
#8925 = DIRECTION('',(-1.,0.,6.505213034913E-15));
#8926 = PCURVE('',#5010,#8927);
#8927 = DEFINITIONAL_REPRESENTATION('',(#8928),#8932);
#8928 = LINE('',#8929,#8930);
#8929 = CARTESIAN_POINT('',(3.14159265359,0.));
#8930 = VECTOR('',#8931,1.);
#8931 = DIRECTION('',(-1.,0.));
#8932 = ( GEOMETRIC_REPRESENTATION_CONTEXT(2) 
PARAMETRIC_REPRESENTATION_CONTEXT() REPRESENTATION_CONTEXT('2D SPACE',''
  ) );
#8933 = PCURVE('',#2699,#8934);
#8934 = DEFINITIONAL_REPRESENTATION('',(#8935),#8939);
#8935 = CIRCLE('',#8936,2.5E-02);
#8936 = AXIS2_PLACEMENT_2D('',#8937,#8938);
#8937 = CARTESIAN_POINT('',(-0.635,-0.345));
#8938 = DIRECTION('',(1.,0.));
#8939 = ( GEOMETRIC_REPRESENTATION_CONTEXT(2) 
PARAMETRIC_REPRESENTATION_CONTEXT() REPRESENTATION_CONTEXT('2D SPACE',''
  ) );
#8940 = ORIENTED_EDGE('',*,*,#8941,.T.);
#8941 = EDGE_CURVE('',#8918,#4966,#8942,.T.);
#8942 = SURFACE_CURVE('',#8943,(#8947,#8954),.PCURVE_S1.);
#8943 = LINE('',#8944,#8945);
#8944 = CARTESIAN_POINT('',(0.635,-0.32,-0.355125000056));
#8945 = VECTOR('',#8946,1.);
#8946 = DIRECTION('',(6.982962677686E-15,0.,1.));
#8947 = PCURVE('',#5010,#8948);
#8948 = DEFINITIONAL_REPRESENTATION('',(#8949),#8953);
#8949 = LINE('',#8950,#8951);
#8950 = CARTESIAN_POINT('',(1.570796326795,0.));
#8951 = VECTOR('',#8952,1.);
#8952 = DIRECTION('',(0.,1.));
#8953 = ( GEOMETRIC_REPRESENTATION_CONTEXT(2) 
PARAMETRIC_REPRESENTATION_CONTEXT() REPRESENTATION_CONTEXT('2D SPACE',''
  ) );
#8954 = PCURVE('',#4981,#8955);
#8955 = DEFINITIONAL_REPRESENTATION('',(#8956),#8960);
#8956 = LINE('',#8957,#8958);
#8957 = CARTESIAN_POINT('',(3.895409895038E-46,5.394448724536E-02));
#8958 = VECTOR('',#8959,1.);
#8959 = DIRECTION('',(-1.,6.982962677686E-15));
#8960 = ( GEOMETRIC_REPRESENTATION_CONTEXT(2) 
PARAMETRIC_REPRESENTATION_CONTEXT() REPRESENTATION_CONTEXT('2D SPACE',''
  ) );
#8961 = ORIENTED_EDGE('',*,*,#4993,.T.);
#8962 = ADVANCED_FACE('',(#8963),#4981,.T.);
#8963 = FACE_BOUND('',#8964,.T.);
#8964 = EDGE_LOOP('',(#8965,#8966,#8989,#9010));
#8965 = ORIENTED_EDGE('',*,*,#4965,.F.);
#8966 = ORIENTED_EDGE('',*,*,#8967,.F.);
#8967 = EDGE_CURVE('',#8968,#4937,#8970,.T.);
#8968 = VERTEX_POINT('',#8969);
#8969 = CARTESIAN_POINT('',(0.581055512755,-0.32,-0.355125000056));
#8970 = SURFACE_CURVE('',#8971,(#8975,#8982),.PCURVE_S1.);
#8971 = LINE('',#8972,#8973);
#8972 = CARTESIAN_POINT('',(0.581055512755,-0.32,-0.355125000056));
#8973 = VECTOR('',#8974,1.);
#8974 = DIRECTION('',(6.982962677686E-15,0.,1.));
#8975 = PCURVE('',#4981,#8976);
#8976 = DEFINITIONAL_REPRESENTATION('',(#8977),#8981);
#8977 = LINE('',#8978,#8979);
#8978 = CARTESIAN_POINT('',(0.,0.));
#8979 = VECTOR('',#8980,1.);
#8980 = DIRECTION('',(-1.,6.982962677686E-15));
#8981 = ( GEOMETRIC_REPRESENTATION_CONTEXT(2) 
PARAMETRIC_REPRESENTATION_CONTEXT() REPRESENTATION_CONTEXT('2D SPACE',''
  ) );
#8982 = PCURVE('',#4953,#8983);
#8983 = DEFINITIONAL_REPRESENTATION('',(#8984),#8988);
#8984 = LINE('',#8985,#8986);
#8985 = CARTESIAN_POINT('',(1.570796326795,0.));
#8986 = VECTOR('',#8987,1.);
#8987 = DIRECTION('',(0.,1.));
#8988 = ( GEOMETRIC_REPRESENTATION_CONTEXT(2) 
PARAMETRIC_REPRESENTATION_CONTEXT() REPRESENTATION_CONTEXT('2D SPACE',''
  ) );
#8989 = ORIENTED_EDGE('',*,*,#8990,.T.);
#8990 = EDGE_CURVE('',#8968,#8918,#8991,.T.);
#8991 = SURFACE_CURVE('',#8992,(#8996,#9003),.PCURVE_S1.);
#8992 = LINE('',#8993,#8994);
#8993 = CARTESIAN_POINT('',(0.581055512755,-0.32,-0.355125000056));
#8994 = VECTOR('',#8995,1.);
#8995 = DIRECTION('',(1.,1.004923976341E-15,-6.982962677686E-15));
#8996 = PCURVE('',#4981,#8997);
#8997 = DEFINITIONAL_REPRESENTATION('',(#8998),#9002);
#8998 = LINE('',#8999,#9000);
#8999 = CARTESIAN_POINT('',(0.,0.));
#9000 = VECTOR('',#9001,1.);
#9001 = DIRECTION('',(6.982962677686E-15,1.));
#9002 = ( GEOMETRIC_REPRESENTATION_CONTEXT(2) 
PARAMETRIC_REPRESENTATION_CONTEXT() REPRESENTATION_CONTEXT('2D SPACE',''
  ) );
#9003 = PCURVE('',#2699,#9004);
#9004 = DEFINITIONAL_REPRESENTATION('',(#9005),#9009);
#9005 = LINE('',#9006,#9007);
#9006 = CARTESIAN_POINT('',(-0.581055512755,-0.32));
#9007 = VECTOR('',#9008,1.);
#9008 = DIRECTION('',(-1.,1.004923976341E-15));
#9009 = ( GEOMETRIC_REPRESENTATION_CONTEXT(2) 
PARAMETRIC_REPRESENTATION_CONTEXT() REPRESENTATION_CONTEXT('2D SPACE',''
  ) );
#9010 = ORIENTED_EDGE('',*,*,#8941,.T.);
#9011 = ADVANCED_FACE('',(#9012),#4953,.F.);
#9012 = FACE_BOUND('',#9013,.F.);
#9013 = EDGE_LOOP('',(#9014,#9015,#9039,#9060));
#9014 = ORIENTED_EDGE('',*,*,#8967,.F.);
#9015 = ORIENTED_EDGE('',*,*,#9016,.F.);
#9016 = EDGE_CURVE('',#9017,#8968,#9019,.T.);
#9017 = VERTEX_POINT('',#9018);
#9018 = CARTESIAN_POINT('',(0.568178543914,-0.323571428571,
    -0.355125000056));
#9019 = SURFACE_CURVE('',#9020,(#9025,#9032),.PCURVE_S1.);
#9020 = CIRCLE('',#9021,2.5E-02);
#9021 = AXIS2_PLACEMENT_3D('',#9022,#9023,#9024);
#9022 = CARTESIAN_POINT('',(0.581055512755,-0.345,-0.355125000056));
#9023 = DIRECTION('',(-6.505213034913E-15,0.,-1.));
#9024 = DIRECTION('',(-1.,0.,6.505213034913E-15));
#9025 = PCURVE('',#4953,#9026);
#9026 = DEFINITIONAL_REPRESENTATION('',(#9027),#9031);
#9027 = LINE('',#9028,#9029);
#9028 = CARTESIAN_POINT('',(3.14159265359,1.611472719293E-16));
#9029 = VECTOR('',#9030,1.);
#9030 = DIRECTION('',(-1.,-1.025895395733E-16));
#9031 = ( GEOMETRIC_REPRESENTATION_CONTEXT(2) 
PARAMETRIC_REPRESENTATION_CONTEXT() REPRESENTATION_CONTEXT('2D SPACE',''
  ) );
#9032 = PCURVE('',#2699,#9033);
#9033 = DEFINITIONAL_REPRESENTATION('',(#9034),#9038);
#9034 = CIRCLE('',#9035,2.5E-02);
#9035 = AXIS2_PLACEMENT_2D('',#9036,#9037);
#9036 = CARTESIAN_POINT('',(-0.581055512755,-0.345));
#9037 = DIRECTION('',(1.,0.));
#9038 = ( GEOMETRIC_REPRESENTATION_CONTEXT(2) 
PARAMETRIC_REPRESENTATION_CONTEXT() REPRESENTATION_CONTEXT('2D SPACE',''
  ) );
#9039 = ORIENTED_EDGE('',*,*,#9040,.T.);
#9040 = EDGE_CURVE('',#9017,#4904,#9041,.T.);
#9041 = SURFACE_CURVE('',#9042,(#9046,#9053),.PCURVE_S1.);
#9042 = LINE('',#9043,#9044);
#9043 = CARTESIAN_POINT('',(0.568178543914,-0.323571428571,
    -0.355125000056));
#9044 = VECTOR('',#9045,1.);
#9045 = DIRECTION('',(6.982962677686E-15,0.,1.));
#9046 = PCURVE('',#4953,#9047);
#9047 = DEFINITIONAL_REPRESENTATION('',(#9048),#9052);
#9048 = LINE('',#9049,#9050);
#9049 = CARTESIAN_POINT('',(2.111895852752,3.885780586188E-16));
#9050 = VECTOR('',#9051,1.);
#9051 = DIRECTION('',(0.,1.));
#9052 = ( GEOMETRIC_REPRESENTATION_CONTEXT(2) 
PARAMETRIC_REPRESENTATION_CONTEXT() REPRESENTATION_CONTEXT('2D SPACE',''
  ) );
#9053 = PCURVE('',#4924,#9054);
#9054 = DEFINITIONAL_REPRESENTATION('',(#9055),#9059);
#9055 = LINE('',#9056,#9057);
#9056 = CARTESIAN_POINT('',(5.253488506342,1.665334536938E-16));
#9057 = VECTOR('',#9058,1.);
#9058 = DIRECTION('',(0.,1.));
#9059 = ( GEOMETRIC_REPRESENTATION_CONTEXT(2) 
PARAMETRIC_REPRESENTATION_CONTEXT() REPRESENTATION_CONTEXT('2D SPACE',''
  ) );
#9060 = ORIENTED_EDGE('',*,*,#4936,.T.);
#9061 = ADVANCED_FACE('',(#9062),#4924,.T.);
#9062 = FACE_BOUND('',#9063,.T.);
#9063 = EDGE_LOOP('',(#9064,#9065,#9088,#9114));
#9064 = ORIENTED_EDGE('',*,*,#4903,.F.);
#9065 = ORIENTED_EDGE('',*,*,#9066,.F.);
#9066 = EDGE_CURVE('',#9067,#4875,#9069,.T.);
#9067 = VERTEX_POINT('',#9068);
#9068 = CARTESIAN_POINT('',(0.568178543914,-0.246428571429,
    -0.355125000056));
#9069 = SURFACE_CURVE('',#9070,(#9074,#9081),.PCURVE_S1.);
#9070 = LINE('',#9071,#9072);
#9071 = CARTESIAN_POINT('',(0.568178543914,-0.246428571429,
    -0.355125000056));
#9072 = VECTOR('',#9073,1.);
#9073 = DIRECTION('',(6.982962677686E-15,0.,1.));
#9074 = PCURVE('',#4924,#9075);
#9075 = DEFINITIONAL_REPRESENTATION('',(#9076),#9080);
#9076 = LINE('',#9077,#9078);
#9077 = CARTESIAN_POINT('',(1.029696800838,1.665334536938E-16));
#9078 = VECTOR('',#9079,1.);
#9079 = DIRECTION('',(0.,1.));
#9080 = ( GEOMETRIC_REPRESENTATION_CONTEXT(2) 
PARAMETRIC_REPRESENTATION_CONTEXT() REPRESENTATION_CONTEXT('2D SPACE',''
  ) );
#9081 = PCURVE('',#4891,#9082);
#9082 = DEFINITIONAL_REPRESENTATION('',(#9083),#9087);
#9083 = LINE('',#9084,#9085);
#9084 = CARTESIAN_POINT('',(4.171289454428,3.885780586188E-16));
#9085 = VECTOR('',#9086,1.);
#9086 = DIRECTION('',(0.,1.));
#9087 = ( GEOMETRIC_REPRESENTATION_CONTEXT(2) 
PARAMETRIC_REPRESENTATION_CONTEXT() REPRESENTATION_CONTEXT('2D SPACE',''
  ) );
#9088 = ORIENTED_EDGE('',*,*,#9089,.T.);
#9089 = EDGE_CURVE('',#9067,#9017,#9090,.T.);
#9090 = SURFACE_CURVE('',#9091,(#9096,#9103),.PCURVE_S1.);
#9091 = CIRCLE('',#9092,4.5E-02);
#9092 = AXIS2_PLACEMENT_3D('',#9093,#9094,#9095);
#9093 = CARTESIAN_POINT('',(0.545,-0.285,-0.355125000056));
#9094 = DIRECTION('',(7.228014483237E-15,0.,1.));
#9095 = DIRECTION('',(-1.,0.,7.228014483237E-15));
#9096 = PCURVE('',#4924,#9097);
#9097 = DEFINITIONAL_REPRESENTATION('',(#9098),#9102);
#9098 = LINE('',#9099,#9100);
#9099 = CARTESIAN_POINT('',(-3.14159265359,0.));
#9100 = VECTOR('',#9101,1.);
#9101 = DIRECTION('',(1.,0.));
#9102 = ( GEOMETRIC_REPRESENTATION_CONTEXT(2) 
PARAMETRIC_REPRESENTATION_CONTEXT() REPRESENTATION_CONTEXT('2D SPACE',''
  ) );
#9103 = PCURVE('',#2699,#9104);
#9104 = DEFINITIONAL_REPRESENTATION('',(#9105),#9113);
#9105 = ( BOUNDED_CURVE() B_SPLINE_CURVE(2,(#9106,#9107,#9108,#9109,
#9110,#9111,#9112),.UNSPECIFIED.,.T.,.F.) B_SPLINE_CURVE_WITH_KNOTS((1,2
    ,2,2,2,1),(-2.094395102393,0.,2.094395102393,4.188790204786,
6.28318530718,8.377580409573),.UNSPECIFIED.) CURVE() 
GEOMETRIC_REPRESENTATION_ITEM() RATIONAL_B_SPLINE_CURVE((1.,0.5,1.,0.5,
1.,0.5,1.)) REPRESENTATION_ITEM('') );
#9106 = CARTESIAN_POINT('',(-0.5,-0.285));
#9107 = CARTESIAN_POINT('',(-0.5,-0.362942286341));
#9108 = CARTESIAN_POINT('',(-0.5675,-0.32397114317));
#9109 = CARTESIAN_POINT('',(-0.635,-0.285));
#9110 = CARTESIAN_POINT('',(-0.5675,-0.24602885683));
#9111 = CARTESIAN_POINT('',(-0.5,-0.207057713659));
#9112 = CARTESIAN_POINT('',(-0.5,-0.285));
#9113 = ( GEOMETRIC_REPRESENTATION_CONTEXT(2) 
PARAMETRIC_REPRESENTATION_CONTEXT() REPRESENTATION_CONTEXT('2D SPACE',''
  ) );
#9114 = ORIENTED_EDGE('',*,*,#9040,.T.);
#9115 = ADVANCED_FACE('',(#9116),#4891,.F.);
#9116 = FACE_BOUND('',#9117,.F.);
#9117 = EDGE_LOOP('',(#9118,#9119,#9141,#9142));
#9118 = ORIENTED_EDGE('',*,*,#9066,.F.);
#9119 = ORIENTED_EDGE('',*,*,#9120,.F.);
#9120 = EDGE_CURVE('',#5530,#9067,#9121,.T.);
#9121 = SURFACE_CURVE('',#9122,(#9127,#9134),.PCURVE_S1.);
#9122 = CIRCLE('',#9123,2.5E-02);
#9123 = AXIS2_PLACEMENT_3D('',#9124,#9125,#9126);
#9124 = CARTESIAN_POINT('',(0.581055512755,-0.225,-0.355125000056));
#9125 = DIRECTION('',(-6.505213034913E-15,0.,-1.));
#9126 = DIRECTION('',(-1.,0.,6.505213034913E-15));
#9127 = PCURVE('',#4891,#9128);
#9128 = DEFINITIONAL_REPRESENTATION('',(#9129),#9133);
#9129 = LINE('',#9130,#9131);
#9130 = CARTESIAN_POINT('',(9.424777960769,-4.834418157878E-16));
#9131 = VECTOR('',#9132,1.);
#9132 = DIRECTION('',(-1.,1.025895395733E-16));
#9133 = ( GEOMETRIC_REPRESENTATION_CONTEXT(2) 
PARAMETRIC_REPRESENTATION_CONTEXT() REPRESENTATION_CONTEXT('2D SPACE',''
  ) );
#9134 = PCURVE('',#2699,#9135);
#9135 = DEFINITIONAL_REPRESENTATION('',(#9136),#9140);
#9136 = CIRCLE('',#9137,2.5E-02);
#9137 = AXIS2_PLACEMENT_2D('',#9138,#9139);
#9138 = CARTESIAN_POINT('',(-0.581055512755,-0.225));
#9139 = DIRECTION('',(1.,0.));
#9140 = ( GEOMETRIC_REPRESENTATION_CONTEXT(2) 
PARAMETRIC_REPRESENTATION_CONTEXT() REPRESENTATION_CONTEXT('2D SPACE',''
  ) );
#9141 = ORIENTED_EDGE('',*,*,#5552,.T.);
#9142 = ORIENTED_EDGE('',*,*,#4874,.T.);
#9143 = ADVANCED_FACE('',(#9144),#9159,.T.);
#9144 = FACE_BOUND('',#9145,.T.);
#9145 = EDGE_LOOP('',(#9146,#9185,#9208,#9240,#9263,#9295,#9318,#9350));
#9146 = ORIENTED_EDGE('',*,*,#9147,.F.);
#9147 = EDGE_CURVE('',#9148,#9150,#9152,.T.);
#9148 = VERTEX_POINT('',#9149);
#9149 = CARTESIAN_POINT('',(-0.115,-0.62,-0.355125000056));
#9150 = VERTEX_POINT('',#9151);
#9151 = CARTESIAN_POINT('',(-9.E-02,-0.595,-0.355125000056));
#9152 = SURFACE_CURVE('',#9153,(#9158,#9174),.PCURVE_S1.);
#9153 = CIRCLE('',#9154,2.5E-02);
#9154 = AXIS2_PLACEMENT_3D('',#9155,#9156,#9157);
#9155 = CARTESIAN_POINT('',(-0.115,-0.595,-0.355125000056));
#9156 = DIRECTION('',(6.505213034913E-15,0.,1.));
#9157 = DIRECTION('',(-1.,0.,6.505213034913E-15));
#9158 = PCURVE('',#9159,#9164);
#9159 = PLANE('',#9160);
#9160 = AXIS2_PLACEMENT_3D('',#9161,#9162,#9163);
#9161 = CARTESIAN_POINT('',(-2.913505490302E-15,0.,-0.355125000056));
#9162 = DIRECTION('',(-6.982962677686E-15,0.,-1.));
#9163 = DIRECTION('',(-1.,0.,6.982962677686E-15));
#9164 = DEFINITIONAL_REPRESENTATION('',(#9165),#9173);
#9165 = ( BOUNDED_CURVE() B_SPLINE_CURVE(2,(#9166,#9167,#9168,#9169,
#9170,#9171,#9172),.UNSPECIFIED.,.T.,.F.) B_SPLINE_CURVE_WITH_KNOTS((1,2
    ,2,2,2,1),(-2.094395102393,0.,2.094395102393,4.188790204786,
6.28318530718,8.377580409573),.UNSPECIFIED.) CURVE() 
GEOMETRIC_REPRESENTATION_ITEM() RATIONAL_B_SPLINE_CURVE((1.,0.5,1.,0.5,
1.,0.5,1.)) REPRESENTATION_ITEM('') );
#9166 = CARTESIAN_POINT('',(0.14,-0.595));
#9167 = CARTESIAN_POINT('',(0.14,-0.638301270189));
#9168 = CARTESIAN_POINT('',(0.1025,-0.616650635095));
#9169 = CARTESIAN_POINT('',(6.5E-02,-0.595));
#9170 = CARTESIAN_POINT('',(0.1025,-0.573349364905));
#9171 = CARTESIAN_POINT('',(0.14,-0.551698729811));
#9172 = CARTESIAN_POINT('',(0.14,-0.595));
#9173 = ( GEOMETRIC_REPRESENTATION_CONTEXT(2) 
PARAMETRIC_REPRESENTATION_CONTEXT() REPRESENTATION_CONTEXT('2D SPACE',''
  ) );
#9174 = PCURVE('',#2699,#9175);
#9175 = DEFINITIONAL_REPRESENTATION('',(#9176),#9184);
#9176 = ( BOUNDED_CURVE() B_SPLINE_CURVE(2,(#9177,#9178,#9179,#9180,
#9181,#9182,#9183),.UNSPECIFIED.,.T.,.F.) B_SPLINE_CURVE_WITH_KNOTS((1,2
    ,2,2,2,1),(-2.094395102393,0.,2.094395102393,4.188790204786,
6.28318530718,8.377580409573),.UNSPECIFIED.) CURVE() 
GEOMETRIC_REPRESENTATION_ITEM() RATIONAL_B_SPLINE_CURVE((1.,0.5,1.,0.5,
1.,0.5,1.)) REPRESENTATION_ITEM('') );
#9177 = CARTESIAN_POINT('',(0.14,-0.595));
#9178 = CARTESIAN_POINT('',(0.14,-0.638301270189));
#9179 = CARTESIAN_POINT('',(0.1025,-0.616650635095));
#9180 = CARTESIAN_POINT('',(6.5E-02,-0.595));
#9181 = CARTESIAN_POINT('',(0.1025,-0.573349364905));
#9182 = CARTESIAN_POINT('',(0.14,-0.551698729811));
#9183 = CARTESIAN_POINT('',(0.14,-0.595));
#9184 = ( GEOMETRIC_REPRESENTATION_CONTEXT(2) 
PARAMETRIC_REPRESENTATION_CONTEXT() REPRESENTATION_CONTEXT('2D SPACE',''
  ) );
#9185 = ORIENTED_EDGE('',*,*,#9186,.F.);
#9186 = EDGE_CURVE('',#9187,#9148,#9189,.T.);
#9187 = VERTEX_POINT('',#9188);
#9188 = CARTESIAN_POINT('',(-0.635,-0.62,-0.355125000056));
#9189 = SURFACE_CURVE('',#9190,(#9194,#9201),.PCURVE_S1.);
#9190 = LINE('',#9191,#9192);
#9191 = CARTESIAN_POINT('',(-3.042775749329E-15,-0.62,-0.355125000056));
#9192 = VECTOR('',#9193,1.);
#9193 = DIRECTION('',(1.,-2.085004177857E-16,-6.982962677686E-15));
#9194 = PCURVE('',#9159,#9195);
#9195 = DEFINITIONAL_REPRESENTATION('',(#9196),#9200);
#9196 = LINE('',#9197,#9198);
#9197 = CARTESIAN_POINT('',(1.292702590271E-16,-0.62));
#9198 = VECTOR('',#9199,1.);
#9199 = DIRECTION('',(-1.,-2.085004177857E-16));
#9200 = ( GEOMETRIC_REPRESENTATION_CONTEXT(2) 
PARAMETRIC_REPRESENTATION_CONTEXT() REPRESENTATION_CONTEXT('2D SPACE',''
  ) );
#9201 = PCURVE('',#2699,#9202);
#9202 = DEFINITIONAL_REPRESENTATION('',(#9203),#9207);
#9203 = LINE('',#9204,#9205);
#9204 = CARTESIAN_POINT('',(1.292702590271E-16,-0.62));
#9205 = VECTOR('',#9206,1.);
#9206 = DIRECTION('',(-1.,-2.085004177857E-16));
#9207 = ( GEOMETRIC_REPRESENTATION_CONTEXT(2) 
PARAMETRIC_REPRESENTATION_CONTEXT() REPRESENTATION_CONTEXT('2D SPACE',''
  ) );
#9208 = ORIENTED_EDGE('',*,*,#9209,.F.);
#9209 = EDGE_CURVE('',#9210,#9187,#9212,.T.);
#9210 = VERTEX_POINT('',#9211);
#9211 = CARTESIAN_POINT('',(-0.66,-0.595,-0.355125000056));
#9212 = SURFACE_CURVE('',#9213,(#9218,#9229),.PCURVE_S1.);
#9213 = CIRCLE('',#9214,2.5E-02);
#9214 = AXIS2_PLACEMENT_3D('',#9215,#9216,#9217);
#9215 = CARTESIAN_POINT('',(-0.635,-0.595,-0.355125000056));
#9216 = DIRECTION('',(6.505213034913E-15,0.,1.));
#9217 = DIRECTION('',(-1.,0.,6.505213034913E-15));
#9218 = PCURVE('',#9159,#9219);
#9219 = DEFINITIONAL_REPRESENTATION('',(#9220),#9228);
#9220 = ( BOUNDED_CURVE() B_SPLINE_CURVE(2,(#9221,#9222,#9223,#9224,
#9225,#9226,#9227),.UNSPECIFIED.,.T.,.F.) B_SPLINE_CURVE_WITH_KNOTS((1,2
    ,2,2,2,1),(-2.094395102393,0.,2.094395102393,4.188790204786,
6.28318530718,8.377580409573),.UNSPECIFIED.) CURVE() 
GEOMETRIC_REPRESENTATION_ITEM() RATIONAL_B_SPLINE_CURVE((1.,0.5,1.,0.5,
1.,0.5,1.)) REPRESENTATION_ITEM('') );
#9221 = CARTESIAN_POINT('',(0.66,-0.595));
#9222 = CARTESIAN_POINT('',(0.66,-0.638301270189));
#9223 = CARTESIAN_POINT('',(0.6225,-0.616650635095));
#9224 = CARTESIAN_POINT('',(0.585,-0.595));
#9225 = CARTESIAN_POINT('',(0.6225,-0.573349364905));
#9226 = CARTESIAN_POINT('',(0.66,-0.551698729811));
#9227 = CARTESIAN_POINT('',(0.66,-0.595));
#9228 = ( GEOMETRIC_REPRESENTATION_CONTEXT(2) 
PARAMETRIC_REPRESENTATION_CONTEXT() REPRESENTATION_CONTEXT('2D SPACE',''
  ) );
#9229 = PCURVE('',#2699,#9230);
#9230 = DEFINITIONAL_REPRESENTATION('',(#9231),#9239);
#9231 = ( BOUNDED_CURVE() B_SPLINE_CURVE(2,(#9232,#9233,#9234,#9235,
#9236,#9237,#9238),.UNSPECIFIED.,.T.,.F.) B_SPLINE_CURVE_WITH_KNOTS((1,2
    ,2,2,2,1),(-2.094395102393,0.,2.094395102393,4.188790204786,
6.28318530718,8.377580409573),.UNSPECIFIED.) CURVE() 
GEOMETRIC_REPRESENTATION_ITEM() RATIONAL_B_SPLINE_CURVE((1.,0.5,1.,0.5,
1.,0.5,1.)) REPRESENTATION_ITEM('') );
#9232 = CARTESIAN_POINT('',(0.66,-0.595));
#9233 = CARTESIAN_POINT('',(0.66,-0.638301270189));
#9234 = CARTESIAN_POINT('',(0.6225,-0.616650635095));
#9235 = CARTESIAN_POINT('',(0.585,-0.595));
#9236 = CARTESIAN_POINT('',(0.6225,-0.573349364905));
#9237 = CARTESIAN_POINT('',(0.66,-0.551698729811));
#9238 = CARTESIAN_POINT('',(0.66,-0.595));
#9239 = ( GEOMETRIC_REPRESENTATION_CONTEXT(2) 
PARAMETRIC_REPRESENTATION_CONTEXT() REPRESENTATION_CONTEXT('2D SPACE',''
  ) );
#9240 = ORIENTED_EDGE('',*,*,#9241,.F.);
#9241 = EDGE_CURVE('',#9242,#9210,#9244,.T.);
#9242 = VERTEX_POINT('',#9243);
#9243 = CARTESIAN_POINT('',(-0.66,-0.425,-0.355125000056));
#9244 = SURFACE_CURVE('',#9245,(#9249,#9256),.PCURVE_S1.);
#9245 = LINE('',#9246,#9247);
#9246 = CARTESIAN_POINT('',(-0.66,8.418510986358E-16,-0.355125000056));
#9247 = VECTOR('',#9248,1.);
#9248 = DIRECTION('',(-1.27553196763E-15,-1.,8.906992124156E-30));
#9249 = PCURVE('',#9159,#9250);
#9250 = DEFINITIONAL_REPRESENTATION('',(#9251),#9255);
#9251 = LINE('',#9252,#9253);
#9252 = CARTESIAN_POINT('',(0.66,8.418510986358E-16));
#9253 = VECTOR('',#9254,1.);
#9254 = DIRECTION('',(1.27553196763E-15,-1.));
#9255 = ( GEOMETRIC_REPRESENTATION_CONTEXT(2) 
PARAMETRIC_REPRESENTATION_CONTEXT() REPRESENTATION_CONTEXT('2D SPACE',''
  ) );
#9256 = PCURVE('',#2699,#9257);
#9257 = DEFINITIONAL_REPRESENTATION('',(#9258),#9262);
#9258 = LINE('',#9259,#9260);
#9259 = CARTESIAN_POINT('',(0.66,8.418510986358E-16));
#9260 = VECTOR('',#9261,1.);
#9261 = DIRECTION('',(1.27553196763E-15,-1.));
#9262 = ( GEOMETRIC_REPRESENTATION_CONTEXT(2) 
PARAMETRIC_REPRESENTATION_CONTEXT() REPRESENTATION_CONTEXT('2D SPACE',''
  ) );
#9263 = ORIENTED_EDGE('',*,*,#9264,.F.);
#9264 = EDGE_CURVE('',#9265,#9242,#9267,.T.);
#9265 = VERTEX_POINT('',#9266);
#9266 = CARTESIAN_POINT('',(-0.635,-0.4,-0.355125000056));
#9267 = SURFACE_CURVE('',#9268,(#9273,#9284),.PCURVE_S1.);
#9268 = CIRCLE('',#9269,2.5E-02);
#9269 = AXIS2_PLACEMENT_3D('',#9270,#9271,#9272);
#9270 = CARTESIAN_POINT('',(-0.635,-0.425,-0.355125000056));
#9271 = DIRECTION('',(6.505213034913E-15,0.,1.));
#9272 = DIRECTION('',(-1.,0.,6.505213034913E-15));
#9273 = PCURVE('',#9159,#9274);
#9274 = DEFINITIONAL_REPRESENTATION('',(#9275),#9283);
#9275 = ( BOUNDED_CURVE() B_SPLINE_CURVE(2,(#9276,#9277,#9278,#9279,
#9280,#9281,#9282),.UNSPECIFIED.,.T.,.F.) B_SPLINE_CURVE_WITH_KNOTS((1,2
    ,2,2,2,1),(-2.094395102393,0.,2.094395102393,4.188790204786,
6.28318530718,8.377580409573),.UNSPECIFIED.) CURVE() 
GEOMETRIC_REPRESENTATION_ITEM() RATIONAL_B_SPLINE_CURVE((1.,0.5,1.,0.5,
1.,0.5,1.)) REPRESENTATION_ITEM('') );
#9276 = CARTESIAN_POINT('',(0.66,-0.425));
#9277 = CARTESIAN_POINT('',(0.66,-0.468301270189));
#9278 = CARTESIAN_POINT('',(0.6225,-0.446650635095));
#9279 = CARTESIAN_POINT('',(0.585,-0.425));
#9280 = CARTESIAN_POINT('',(0.6225,-0.403349364905));
#9281 = CARTESIAN_POINT('',(0.66,-0.381698729811));
#9282 = CARTESIAN_POINT('',(0.66,-0.425));
#9283 = ( GEOMETRIC_REPRESENTATION_CONTEXT(2) 
PARAMETRIC_REPRESENTATION_CONTEXT() REPRESENTATION_CONTEXT('2D SPACE',''
  ) );
#9284 = PCURVE('',#2699,#9285);
#9285 = DEFINITIONAL_REPRESENTATION('',(#9286),#9294);
#9286 = ( BOUNDED_CURVE() B_SPLINE_CURVE(2,(#9287,#9288,#9289,#9290,
#9291,#9292,#9293),.UNSPECIFIED.,.T.,.F.) B_SPLINE_CURVE_WITH_KNOTS((1,2
    ,2,2,2,1),(-2.094395102393,0.,2.094395102393,4.188790204786,
6.28318530718,8.377580409573),.UNSPECIFIED.) CURVE() 
GEOMETRIC_REPRESENTATION_ITEM() RATIONAL_B_SPLINE_CURVE((1.,0.5,1.,0.5,
1.,0.5,1.)) REPRESENTATION_ITEM('') );
#9287 = CARTESIAN_POINT('',(0.66,-0.425));
#9288 = CARTESIAN_POINT('',(0.66,-0.468301270189));
#9289 = CARTESIAN_POINT('',(0.6225,-0.446650635095));
#9290 = CARTESIAN_POINT('',(0.585,-0.425));
#9291 = CARTESIAN_POINT('',(0.6225,-0.403349364905));
#9292 = CARTESIAN_POINT('',(0.66,-0.381698729811));
#9293 = CARTESIAN_POINT('',(0.66,-0.425));
#9294 = ( GEOMETRIC_REPRESENTATION_CONTEXT(2) 
PARAMETRIC_REPRESENTATION_CONTEXT() REPRESENTATION_CONTEXT('2D SPACE',''
  ) );
#9295 = ORIENTED_EDGE('',*,*,#9296,.F.);
#9296 = EDGE_CURVE('',#9297,#9265,#9299,.T.);
#9297 = VERTEX_POINT('',#9298);
#9298 = CARTESIAN_POINT('',(-0.115,-0.4,-0.355125000056));
#9299 = SURFACE_CURVE('',#9300,(#9304,#9311),.PCURVE_S1.);
#9300 = LINE('',#9301,#9302);
#9301 = CARTESIAN_POINT('',(-2.913505490302E-15,-0.4,-0.355125000056));
#9302 = VECTOR('',#9303,1.);
#9303 = DIRECTION('',(-1.,0.,6.982962677686E-15));
#9304 = PCURVE('',#9159,#9305);
#9305 = DEFINITIONAL_REPRESENTATION('',(#9306),#9310);
#9306 = LINE('',#9307,#9308);
#9307 = CARTESIAN_POINT('',(0.,-0.4));
#9308 = VECTOR('',#9309,1.);
#9309 = DIRECTION('',(1.,0.));
#9310 = ( GEOMETRIC_REPRESENTATION_CONTEXT(2) 
PARAMETRIC_REPRESENTATION_CONTEXT() REPRESENTATION_CONTEXT('2D SPACE',''
  ) );
#9311 = PCURVE('',#2699,#9312);
#9312 = DEFINITIONAL_REPRESENTATION('',(#9313),#9317);
#9313 = LINE('',#9314,#9315);
#9314 = CARTESIAN_POINT('',(0.,-0.4));
#9315 = VECTOR('',#9316,1.);
#9316 = DIRECTION('',(1.,0.));
#9317 = ( GEOMETRIC_REPRESENTATION_CONTEXT(2) 
PARAMETRIC_REPRESENTATION_CONTEXT() REPRESENTATION_CONTEXT('2D SPACE',''
  ) );
#9318 = ORIENTED_EDGE('',*,*,#9319,.F.);
#9319 = EDGE_CURVE('',#9320,#9297,#9322,.T.);
#9320 = VERTEX_POINT('',#9321);
#9321 = CARTESIAN_POINT('',(-9.E-02,-0.425,-0.355125000056));
#9322 = SURFACE_CURVE('',#9323,(#9328,#9339),.PCURVE_S1.);
#9323 = CIRCLE('',#9324,2.5E-02);
#9324 = AXIS2_PLACEMENT_3D('',#9325,#9326,#9327);
#9325 = CARTESIAN_POINT('',(-0.115,-0.425,-0.355125000056));
#9326 = DIRECTION('',(6.505213034913E-15,0.,1.));
#9327 = DIRECTION('',(-1.,0.,6.505213034913E-15));
#9328 = PCURVE('',#9159,#9329);
#9329 = DEFINITIONAL_REPRESENTATION('',(#9330),#9338);
#9330 = ( BOUNDED_CURVE() B_SPLINE_CURVE(2,(#9331,#9332,#9333,#9334,
#9335,#9336,#9337),.UNSPECIFIED.,.T.,.F.) B_SPLINE_CURVE_WITH_KNOTS((1,2
    ,2,2,2,1),(-2.094395102393,0.,2.094395102393,4.188790204786,
6.28318530718,8.377580409573),.UNSPECIFIED.) CURVE() 
GEOMETRIC_REPRESENTATION_ITEM() RATIONAL_B_SPLINE_CURVE((1.,0.5,1.,0.5,
1.,0.5,1.)) REPRESENTATION_ITEM('') );
#9331 = CARTESIAN_POINT('',(0.14,-0.425));
#9332 = CARTESIAN_POINT('',(0.14,-0.468301270189));
#9333 = CARTESIAN_POINT('',(0.1025,-0.446650635095));
#9334 = CARTESIAN_POINT('',(6.5E-02,-0.425));
#9335 = CARTESIAN_POINT('',(0.1025,-0.403349364905));
#9336 = CARTESIAN_POINT('',(0.14,-0.381698729811));
#9337 = CARTESIAN_POINT('',(0.14,-0.425));
#9338 = ( GEOMETRIC_REPRESENTATION_CONTEXT(2) 
PARAMETRIC_REPRESENTATION_CONTEXT() REPRESENTATION_CONTEXT('2D SPACE',''
  ) );
#9339 = PCURVE('',#2699,#9340);
#9340 = DEFINITIONAL_REPRESENTATION('',(#9341),#9349);
#9341 = ( BOUNDED_CURVE() B_SPLINE_CURVE(2,(#9342,#9343,#9344,#9345,
#9346,#9347,#9348),.UNSPECIFIED.,.T.,.F.) B_SPLINE_CURVE_WITH_KNOTS((1,2
    ,2,2,2,1),(-2.094395102393,0.,2.094395102393,4.188790204786,
6.28318530718,8.377580409573),.UNSPECIFIED.) CURVE() 
GEOMETRIC_REPRESENTATION_ITEM() RATIONAL_B_SPLINE_CURVE((1.,0.5,1.,0.5,
1.,0.5,1.)) REPRESENTATION_ITEM('') );
#9342 = CARTESIAN_POINT('',(0.14,-0.425));
#9343 = CARTESIAN_POINT('',(0.14,-0.468301270189));
#9344 = CARTESIAN_POINT('',(0.1025,-0.446650635095));
#9345 = CARTESIAN_POINT('',(6.5E-02,-0.425));
#9346 = CARTESIAN_POINT('',(0.1025,-0.403349364905));
#9347 = CARTESIAN_POINT('',(0.14,-0.381698729811));
#9348 = CARTESIAN_POINT('',(0.14,-0.425));
#9349 = ( GEOMETRIC_REPRESENTATION_CONTEXT(2) 
PARAMETRIC_REPRESENTATION_CONTEXT() REPRESENTATION_CONTEXT('2D SPACE',''
  ) );
#9350 = ORIENTED_EDGE('',*,*,#9351,.F.);
#9351 = EDGE_CURVE('',#9150,#9320,#9352,.T.);
#9352 = SURFACE_CURVE('',#9353,(#9357,#9364),.PCURVE_S1.);
#9353 = LINE('',#9354,#9355);
#9354 = CARTESIAN_POINT('',(-9.E-02,0.,-0.355125000056));
#9355 = VECTOR('',#9356,1.);
#9356 = DIRECTION('',(0.,1.,0.));
#9357 = PCURVE('',#9159,#9358);
#9358 = DEFINITIONAL_REPRESENTATION('',(#9359),#9363);
#9359 = LINE('',#9360,#9361);
#9360 = CARTESIAN_POINT('',(9.E-02,0.));
#9361 = VECTOR('',#9362,1.);
#9362 = DIRECTION('',(0.,1.));
#9363 = ( GEOMETRIC_REPRESENTATION_CONTEXT(2) 
PARAMETRIC_REPRESENTATION_CONTEXT() REPRESENTATION_CONTEXT('2D SPACE',''
  ) );
#9364 = PCURVE('',#2699,#9365);
#9365 = DEFINITIONAL_REPRESENTATION('',(#9366),#9370);
#9366 = LINE('',#9367,#9368);
#9367 = CARTESIAN_POINT('',(9.E-02,0.));
#9368 = VECTOR('',#9369,1.);
#9369 = DIRECTION('',(0.,1.));
#9370 = ( GEOMETRIC_REPRESENTATION_CONTEXT(2) 
PARAMETRIC_REPRESENTATION_CONTEXT() REPRESENTATION_CONTEXT('2D SPACE',''
  ) );
#9371 = ADVANCED_FACE('',(#9372),#5437,.T.);
#9372 = FACE_BOUND('',#9373,.T.);
#9373 = EDGE_LOOP('',(#9374,#9397,#9420,#9441));
#9374 = ORIENTED_EDGE('',*,*,#9375,.T.);
#9375 = EDGE_CURVE('',#5368,#9376,#9378,.T.);
#9376 = VERTEX_POINT('',#9377);
#9377 = CARTESIAN_POINT('',(1.15,1.15,-0.355125000056));
#9378 = SURFACE_CURVE('',#9379,(#9383,#9390),.PCURVE_S1.);
#9379 = LINE('',#9380,#9381);
#9380 = CARTESIAN_POINT('',(1.15,1.15,-8.502500005649E-02));
#9381 = VECTOR('',#9382,1.);
#9382 = DIRECTION('',(-6.982962677686E-15,0.,-1.));
#9383 = PCURVE('',#5437,#9384);
#9384 = DEFINITIONAL_REPRESENTATION('',(#9385),#9389);
#9385 = LINE('',#9386,#9387);
#9386 = CARTESIAN_POINT('',(0.,0.));
#9387 = VECTOR('',#9388,1.);
#9388 = DIRECTION('',(-6.982962677686E-15,1.));
#9389 = ( GEOMETRIC_REPRESENTATION_CONTEXT(2) 
PARAMETRIC_REPRESENTATION_CONTEXT() REPRESENTATION_CONTEXT('2D SPACE',''
  ) );
#9390 = PCURVE('',#5383,#9391);
#9391 = DEFINITIONAL_REPRESENTATION('',(#9392),#9396);
#9392 = LINE('',#9393,#9394);
#9393 = CARTESIAN_POINT('',(0.,0.));
#9394 = VECTOR('',#9395,1.);
#9395 = DIRECTION('',(1.,0.));
#9396 = ( GEOMETRIC_REPRESENTATION_CONTEXT(2) 
PARAMETRIC_REPRESENTATION_CONTEXT() REPRESENTATION_CONTEXT('2D SPACE',''
  ) );
#9397 = ORIENTED_EDGE('',*,*,#9398,.F.);
#9398 = EDGE_CURVE('',#9399,#9376,#9401,.T.);
#9399 = VERTEX_POINT('',#9400);
#9400 = CARTESIAN_POINT('',(-1.15,1.15,-0.355125000056));
#9401 = SURFACE_CURVE('',#9402,(#9406,#9413),.PCURVE_S1.);
#9402 = LINE('',#9403,#9404);
#9403 = CARTESIAN_POINT('',(1.15,1.15,-0.355125000056));
#9404 = VECTOR('',#9405,1.);
#9405 = DIRECTION('',(1.,0.,-6.982962677686E-15));
#9406 = PCURVE('',#5437,#9407);
#9407 = DEFINITIONAL_REPRESENTATION('',(#9408),#9412);
#9408 = LINE('',#9409,#9410);
#9409 = CARTESIAN_POINT('',(0.,0.2701));
#9410 = VECTOR('',#9411,1.);
#9411 = DIRECTION('',(1.,6.982962677686E-15));
#9412 = ( GEOMETRIC_REPRESENTATION_CONTEXT(2) 
PARAMETRIC_REPRESENTATION_CONTEXT() REPRESENTATION_CONTEXT('2D SPACE',''
  ) );
#9413 = PCURVE('',#2699,#9414);
#9414 = DEFINITIONAL_REPRESENTATION('',(#9415),#9419);
#9415 = LINE('',#9416,#9417);
#9416 = CARTESIAN_POINT('',(-1.15,1.15));
#9417 = VECTOR('',#9418,1.);
#9418 = DIRECTION('',(-1.,0.));
#9419 = ( GEOMETRIC_REPRESENTATION_CONTEXT(2) 
PARAMETRIC_REPRESENTATION_CONTEXT() REPRESENTATION_CONTEXT('2D SPACE',''
  ) );
#9420 = ORIENTED_EDGE('',*,*,#9421,.F.);
#9421 = EDGE_CURVE('',#5422,#9399,#9422,.T.);
#9422 = SURFACE_CURVE('',#9423,(#9427,#9434),.PCURVE_S1.);
#9423 = LINE('',#9424,#9425);
#9424 = CARTESIAN_POINT('',(-1.15,1.15,-8.502500005647E-02));
#9425 = VECTOR('',#9426,1.);
#9426 = DIRECTION('',(-6.982962677686E-15,0.,-1.));
#9427 = PCURVE('',#5437,#9428);
#9428 = DEFINITIONAL_REPRESENTATION('',(#9429),#9433);
#9429 = LINE('',#9430,#9431);
#9430 = CARTESIAN_POINT('',(-2.3,-1.600108934241E-14));
#9431 = VECTOR('',#9432,1.);
#9432 = DIRECTION('',(-6.982962677686E-15,1.));
#9433 = ( GEOMETRIC_REPRESENTATION_CONTEXT(2) 
PARAMETRIC_REPRESENTATION_CONTEXT() REPRESENTATION_CONTEXT('2D SPACE',''
  ) );
#9434 = PCURVE('',#5489,#9435);
#9435 = DEFINITIONAL_REPRESENTATION('',(#9436),#9440);
#9436 = LINE('',#9437,#9438);
#9437 = CARTESIAN_POINT('',(0.,0.));
#9438 = VECTOR('',#9439,1.);
#9439 = DIRECTION('',(-1.316685792267E-30,1.));
#9440 = ( GEOMETRIC_REPRESENTATION_CONTEXT(2) 
PARAMETRIC_REPRESENTATION_CONTEXT() REPRESENTATION_CONTEXT('2D SPACE',''
  ) );
#9441 = ORIENTED_EDGE('',*,*,#5421,.T.);
#9442 = ADVANCED_FACE('',(#9443),#5383,.T.);
#9443 = FACE_BOUND('',#9444,.T.);
#9444 = EDGE_LOOP('',(#9445,#9468,#9489,#9490));
#9445 = ORIENTED_EDGE('',*,*,#9446,.T.);
#9446 = EDGE_CURVE('',#5314,#9447,#9449,.T.);
#9447 = VERTEX_POINT('',#9448);
#9448 = CARTESIAN_POINT('',(1.15,-1.15,-0.355125000056));
#9449 = SURFACE_CURVE('',#9450,(#9454,#9461),.PCURVE_S1.);
#9450 = LINE('',#9451,#9452);
#9451 = CARTESIAN_POINT('',(1.15,-1.15,-8.502500005649E-02));
#9452 = VECTOR('',#9453,1.);
#9453 = DIRECTION('',(-6.982962677686E-15,0.,-1.));
#9454 = PCURVE('',#5383,#9455);
#9455 = DEFINITIONAL_REPRESENTATION('',(#9456),#9460);
#9456 = LINE('',#9457,#9458);
#9457 = CARTESIAN_POINT('',(3.101058377946E-30,-2.3));
#9458 = VECTOR('',#9459,1.);
#9459 = DIRECTION('',(1.,0.));
#9460 = ( GEOMETRIC_REPRESENTATION_CONTEXT(2) 
PARAMETRIC_REPRESENTATION_CONTEXT() REPRESENTATION_CONTEXT('2D SPACE',''
  ) );
#9461 = PCURVE('',#5329,#9462);
#9462 = DEFINITIONAL_REPRESENTATION('',(#9463),#9467);
#9463 = LINE('',#9464,#9465);
#9464 = CARTESIAN_POINT('',(0.,0.));
#9465 = VECTOR('',#9466,1.);
#9466 = DIRECTION('',(1.,-6.982962677686E-15));
#9467 = ( GEOMETRIC_REPRESENTATION_CONTEXT(2) 
PARAMETRIC_REPRESENTATION_CONTEXT() REPRESENTATION_CONTEXT('2D SPACE',''
  ) );
#9468 = ORIENTED_EDGE('',*,*,#9469,.F.);
#9469 = EDGE_CURVE('',#9376,#9447,#9470,.T.);
#9470 = SURFACE_CURVE('',#9471,(#9475,#9482),.PCURVE_S1.);
#9471 = LINE('',#9472,#9473);
#9472 = CARTESIAN_POINT('',(1.15,1.15,-0.355125000056));
#9473 = VECTOR('',#9474,1.);
#9474 = DIRECTION('',(0.,-1.,0.));
#9475 = PCURVE('',#5383,#9476);
#9476 = DEFINITIONAL_REPRESENTATION('',(#9477),#9481);
#9477 = LINE('',#9478,#9479);
#9478 = CARTESIAN_POINT('',(0.2701,2.069249433689E-32));
#9479 = VECTOR('',#9480,1.);
#9480 = DIRECTION('',(0.,-1.));
#9481 = ( GEOMETRIC_REPRESENTATION_CONTEXT(2) 
PARAMETRIC_REPRESENTATION_CONTEXT() REPRESENTATION_CONTEXT('2D SPACE',''
  ) );
#9482 = PCURVE('',#2699,#9483);
#9483 = DEFINITIONAL_REPRESENTATION('',(#9484),#9488);
#9484 = LINE('',#9485,#9486);
#9485 = CARTESIAN_POINT('',(-1.15,1.15));
#9486 = VECTOR('',#9487,1.);
#9487 = DIRECTION('',(0.,-1.));
#9488 = ( GEOMETRIC_REPRESENTATION_CONTEXT(2) 
PARAMETRIC_REPRESENTATION_CONTEXT() REPRESENTATION_CONTEXT('2D SPACE',''
  ) );
#9489 = ORIENTED_EDGE('',*,*,#9375,.F.);
#9490 = ORIENTED_EDGE('',*,*,#5367,.T.);
#9491 = ADVANCED_FACE('',(#9492),#5329,.T.);
#9492 = FACE_BOUND('',#9493,.T.);
#9493 = EDGE_LOOP('',(#9494,#9517,#9538,#9539));
#9494 = ORIENTED_EDGE('',*,*,#9495,.T.);
#9495 = EDGE_CURVE('',#5291,#9496,#9498,.T.);
#9496 = VERTEX_POINT('',#9497);
#9497 = CARTESIAN_POINT('',(-1.15,-1.15,-0.355125000056));
#9498 = SURFACE_CURVE('',#9499,(#9503,#9510),.PCURVE_S1.);
#9499 = LINE('',#9500,#9501);
#9500 = CARTESIAN_POINT('',(-1.15,-1.15,-8.502500005647E-02));
#9501 = VECTOR('',#9502,1.);
#9502 = DIRECTION('',(-6.982962677686E-15,0.,-1.));
#9503 = PCURVE('',#5329,#9504);
#9504 = DEFINITIONAL_REPRESENTATION('',(#9505),#9509);
#9505 = LINE('',#9506,#9507);
#9506 = CARTESIAN_POINT('',(-1.600108934241E-14,-2.3));
#9507 = VECTOR('',#9508,1.);
#9508 = DIRECTION('',(1.,-6.982962677686E-15));
#9509 = ( GEOMETRIC_REPRESENTATION_CONTEXT(2) 
PARAMETRIC_REPRESENTATION_CONTEXT() REPRESENTATION_CONTEXT('2D SPACE',''
  ) );
#9510 = PCURVE('',#5489,#9511);
#9511 = DEFINITIONAL_REPRESENTATION('',(#9512),#9516);
#9512 = LINE('',#9513,#9514);
#9513 = CARTESIAN_POINT('',(-2.3,7.268105573311E-32));
#9514 = VECTOR('',#9515,1.);
#9515 = DIRECTION('',(-1.316685792267E-30,1.));
#9516 = ( GEOMETRIC_REPRESENTATION_CONTEXT(2) 
PARAMETRIC_REPRESENTATION_CONTEXT() REPRESENTATION_CONTEXT('2D SPACE',''
  ) );
#9517 = ORIENTED_EDGE('',*,*,#9518,.F.);
#9518 = EDGE_CURVE('',#9447,#9496,#9519,.T.);
#9519 = SURFACE_CURVE('',#9520,(#9524,#9531),.PCURVE_S1.);
#9520 = LINE('',#9521,#9522);
#9521 = CARTESIAN_POINT('',(1.15,-1.15,-0.355125000056));
#9522 = VECTOR('',#9523,1.);
#9523 = DIRECTION('',(-1.,0.,6.982962677686E-15));
#9524 = PCURVE('',#5329,#9525);
#9525 = DEFINITIONAL_REPRESENTATION('',(#9526),#9530);
#9526 = LINE('',#9527,#9528);
#9527 = CARTESIAN_POINT('',(0.2701,0.));
#9528 = VECTOR('',#9529,1.);
#9529 = DIRECTION('',(-6.982962677686E-15,-1.));
#9530 = ( GEOMETRIC_REPRESENTATION_CONTEXT(2) 
PARAMETRIC_REPRESENTATION_CONTEXT() REPRESENTATION_CONTEXT('2D SPACE',''
  ) );
#9531 = PCURVE('',#2699,#9532);
#9532 = DEFINITIONAL_REPRESENTATION('',(#9533),#9537);
#9533 = LINE('',#9534,#9535);
#9534 = CARTESIAN_POINT('',(-1.15,-1.15));
#9535 = VECTOR('',#9536,1.);
#9536 = DIRECTION('',(1.,0.));
#9537 = ( GEOMETRIC_REPRESENTATION_CONTEXT(2) 
PARAMETRIC_REPRESENTATION_CONTEXT() REPRESENTATION_CONTEXT('2D SPACE',''
  ) );
#9538 = ORIENTED_EDGE('',*,*,#9446,.F.);
#9539 = ORIENTED_EDGE('',*,*,#5313,.T.);
#9540 = ADVANCED_FACE('',(#9541),#5489,.T.);
#9541 = FACE_BOUND('',#9542,.T.);
#9542 = EDGE_LOOP('',(#9543,#9544,#9565,#9566));
#9543 = ORIENTED_EDGE('',*,*,#9421,.T.);
#9544 = ORIENTED_EDGE('',*,*,#9545,.F.);
#9545 = EDGE_CURVE('',#9496,#9399,#9546,.T.);
#9546 = SURFACE_CURVE('',#9547,(#9551,#9558),.PCURVE_S1.);
#9547 = LINE('',#9548,#9549);
#9548 = CARTESIAN_POINT('',(-1.15,1.15,-0.355125000056));
#9549 = VECTOR('',#9550,1.);
#9550 = DIRECTION('',(0.,1.,0.));
#9551 = PCURVE('',#5489,#9552);
#9552 = DEFINITIONAL_REPRESENTATION('',(#9553),#9557);
#9553 = LINE('',#9554,#9555);
#9554 = CARTESIAN_POINT('',(-3.349443381543E-31,0.2701));
#9555 = VECTOR('',#9556,1.);
#9556 = DIRECTION('',(1.,1.316685792267E-30));
#9557 = ( GEOMETRIC_REPRESENTATION_CONTEXT(2) 
PARAMETRIC_REPRESENTATION_CONTEXT() REPRESENTATION_CONTEXT('2D SPACE',''
  ) );
#9558 = PCURVE('',#2699,#9559);
#9559 = DEFINITIONAL_REPRESENTATION('',(#9560),#9564);
#9560 = LINE('',#9561,#9562);
#9561 = CARTESIAN_POINT('',(1.15,1.15));
#9562 = VECTOR('',#9563,1.);
#9563 = DIRECTION('',(0.,1.));
#9564 = ( GEOMETRIC_REPRESENTATION_CONTEXT(2) 
PARAMETRIC_REPRESENTATION_CONTEXT() REPRESENTATION_CONTEXT('2D SPACE',''
  ) );
#9565 = ORIENTED_EDGE('',*,*,#9495,.F.);
#9566 = ORIENTED_EDGE('',*,*,#5475,.T.);
#9567 = ADVANCED_FACE('',(#9568),#9583,.T.);
#9568 = FACE_BOUND('',#9569,.T.);
#9569 = EDGE_LOOP('',(#9570,#9609,#9632,#9664,#9687,#9719,#9742,#9774));
#9570 = ORIENTED_EDGE('',*,*,#9571,.F.);
#9571 = EDGE_CURVE('',#9572,#9574,#9576,.T.);
#9572 = VERTEX_POINT('',#9573);
#9573 = CARTESIAN_POINT('',(-0.115,-0.28,-0.355125000056));
#9574 = VERTEX_POINT('',#9575);
#9575 = CARTESIAN_POINT('',(-9.E-02,-0.255,-0.355125000056));
#9576 = SURFACE_CURVE('',#9577,(#9582,#9598),.PCURVE_S1.);
#9577 = CIRCLE('',#9578,2.5E-02);
#9578 = AXIS2_PLACEMENT_3D('',#9579,#9580,#9581);
#9579 = CARTESIAN_POINT('',(-0.115,-0.255,-0.355125000056));
#9580 = DIRECTION('',(6.505213034913E-15,0.,1.));
#9581 = DIRECTION('',(-1.,0.,6.505213034913E-15));
#9582 = PCURVE('',#9583,#9588);
#9583 = PLANE('',#9584);
#9584 = AXIS2_PLACEMENT_3D('',#9585,#9586,#9587);
#9585 = CARTESIAN_POINT('',(-2.913505490302E-15,0.,-0.355125000056));
#9586 = DIRECTION('',(-6.982962677686E-15,0.,-1.));
#9587 = DIRECTION('',(-1.,0.,6.982962677686E-15));
#9588 = DEFINITIONAL_REPRESENTATION('',(#9589),#9597);
#9589 = ( BOUNDED_CURVE() B_SPLINE_CURVE(2,(#9590,#9591,#9592,#9593,
#9594,#9595,#9596),.UNSPECIFIED.,.T.,.F.) B_SPLINE_CURVE_WITH_KNOTS((1,2
    ,2,2,2,1),(-2.094395102393,0.,2.094395102393,4.188790204786,
6.28318530718,8.377580409573),.UNSPECIFIED.) CURVE() 
GEOMETRIC_REPRESENTATION_ITEM() RATIONAL_B_SPLINE_CURVE((1.,0.5,1.,0.5,
1.,0.5,1.)) REPRESENTATION_ITEM('') );
#9590 = CARTESIAN_POINT('',(0.14,-0.255));
#9591 = CARTESIAN_POINT('',(0.14,-0.298301270189));
#9592 = CARTESIAN_POINT('',(0.1025,-0.276650635095));
#9593 = CARTESIAN_POINT('',(6.5E-02,-0.255));
#9594 = CARTESIAN_POINT('',(0.1025,-0.233349364905));
#9595 = CARTESIAN_POINT('',(0.14,-0.211698729811));
#9596 = CARTESIAN_POINT('',(0.14,-0.255));
#9597 = ( GEOMETRIC_REPRESENTATION_CONTEXT(2) 
PARAMETRIC_REPRESENTATION_CONTEXT() REPRESENTATION_CONTEXT('2D SPACE',''
  ) );
#9598 = PCURVE('',#2699,#9599);
#9599 = DEFINITIONAL_REPRESENTATION('',(#9600),#9608);
#9600 = ( BOUNDED_CURVE() B_SPLINE_CURVE(2,(#9601,#9602,#9603,#9604,
#9605,#9606,#9607),.UNSPECIFIED.,.T.,.F.) B_SPLINE_CURVE_WITH_KNOTS((1,2
    ,2,2,2,1),(-2.094395102393,0.,2.094395102393,4.188790204786,
6.28318530718,8.377580409573),.UNSPECIFIED.) CURVE() 
GEOMETRIC_REPRESENTATION_ITEM() RATIONAL_B_SPLINE_CURVE((1.,0.5,1.,0.5,
1.,0.5,1.)) REPRESENTATION_ITEM('') );
#9601 = CARTESIAN_POINT('',(0.14,-0.255));
#9602 = CARTESIAN_POINT('',(0.14,-0.298301270189));
#9603 = CARTESIAN_POINT('',(0.1025,-0.276650635095));
#9604 = CARTESIAN_POINT('',(6.5E-02,-0.255));
#9605 = CARTESIAN_POINT('',(0.1025,-0.233349364905));
#9606 = CARTESIAN_POINT('',(0.14,-0.211698729811));
#9607 = CARTESIAN_POINT('',(0.14,-0.255));
#9608 = ( GEOMETRIC_REPRESENTATION_CONTEXT(2) 
PARAMETRIC_REPRESENTATION_CONTEXT() REPRESENTATION_CONTEXT('2D SPACE',''
  ) );
#9609 = ORIENTED_EDGE('',*,*,#9610,.F.);
#9610 = EDGE_CURVE('',#9611,#9572,#9613,.T.);
#9611 = VERTEX_POINT('',#9612);
#9612 = CARTESIAN_POINT('',(-0.635,-0.28,-0.355125000056));
#9613 = SURFACE_CURVE('',#9614,(#9618,#9625),.PCURVE_S1.);
#9614 = LINE('',#9615,#9616);
#9615 = CARTESIAN_POINT('',(-2.913505490302E-15,-0.28,-0.355125000056));
#9616 = VECTOR('',#9617,1.);
#9617 = DIRECTION('',(1.,0.,-6.982962677686E-15));
#9618 = PCURVE('',#9583,#9619);
#9619 = DEFINITIONAL_REPRESENTATION('',(#9620),#9624);
#9620 = LINE('',#9621,#9622);
#9621 = CARTESIAN_POINT('',(0.,-0.28));
#9622 = VECTOR('',#9623,1.);
#9623 = DIRECTION('',(-1.,0.));
#9624 = ( GEOMETRIC_REPRESENTATION_CONTEXT(2) 
PARAMETRIC_REPRESENTATION_CONTEXT() REPRESENTATION_CONTEXT('2D SPACE',''
  ) );
#9625 = PCURVE('',#2699,#9626);
#9626 = DEFINITIONAL_REPRESENTATION('',(#9627),#9631);
#9627 = LINE('',#9628,#9629);
#9628 = CARTESIAN_POINT('',(0.,-0.28));
#9629 = VECTOR('',#9630,1.);
#9630 = DIRECTION('',(-1.,0.));
#9631 = ( GEOMETRIC_REPRESENTATION_CONTEXT(2) 
PARAMETRIC_REPRESENTATION_CONTEXT() REPRESENTATION_CONTEXT('2D SPACE',''
  ) );
#9632 = ORIENTED_EDGE('',*,*,#9633,.F.);
#9633 = EDGE_CURVE('',#9634,#9611,#9636,.T.);
#9634 = VERTEX_POINT('',#9635);
#9635 = CARTESIAN_POINT('',(-0.66,-0.255,-0.355125000056));
#9636 = SURFACE_CURVE('',#9637,(#9642,#9653),.PCURVE_S1.);
#9637 = CIRCLE('',#9638,2.5E-02);
#9638 = AXIS2_PLACEMENT_3D('',#9639,#9640,#9641);
#9639 = CARTESIAN_POINT('',(-0.635,-0.255,-0.355125000056));
#9640 = DIRECTION('',(6.505213034913E-15,0.,1.));
#9641 = DIRECTION('',(-1.,0.,6.505213034913E-15));
#9642 = PCURVE('',#9583,#9643);
#9643 = DEFINITIONAL_REPRESENTATION('',(#9644),#9652);
#9644 = ( BOUNDED_CURVE() B_SPLINE_CURVE(2,(#9645,#9646,#9647,#9648,
#9649,#9650,#9651),.UNSPECIFIED.,.T.,.F.) B_SPLINE_CURVE_WITH_KNOTS((1,2
    ,2,2,2,1),(-2.094395102393,0.,2.094395102393,4.188790204786,
6.28318530718,8.377580409573),.UNSPECIFIED.) CURVE() 
GEOMETRIC_REPRESENTATION_ITEM() RATIONAL_B_SPLINE_CURVE((1.,0.5,1.,0.5,
1.,0.5,1.)) REPRESENTATION_ITEM('') );
#9645 = CARTESIAN_POINT('',(0.66,-0.255));
#9646 = CARTESIAN_POINT('',(0.66,-0.298301270189));
#9647 = CARTESIAN_POINT('',(0.6225,-0.276650635095));
#9648 = CARTESIAN_POINT('',(0.585,-0.255));
#9649 = CARTESIAN_POINT('',(0.6225,-0.233349364905));
#9650 = CARTESIAN_POINT('',(0.66,-0.211698729811));
#9651 = CARTESIAN_POINT('',(0.66,-0.255));
#9652 = ( GEOMETRIC_REPRESENTATION_CONTEXT(2) 
PARAMETRIC_REPRESENTATION_CONTEXT() REPRESENTATION_CONTEXT('2D SPACE',''
  ) );
#9653 = PCURVE('',#2699,#9654);
#9654 = DEFINITIONAL_REPRESENTATION('',(#9655),#9663);
#9655 = ( BOUNDED_CURVE() B_SPLINE_CURVE(2,(#9656,#9657,#9658,#9659,
#9660,#9661,#9662),.UNSPECIFIED.,.T.,.F.) B_SPLINE_CURVE_WITH_KNOTS((1,2
    ,2,2,2,1),(-2.094395102393,0.,2.094395102393,4.188790204786,
6.28318530718,8.377580409573),.UNSPECIFIED.) CURVE() 
GEOMETRIC_REPRESENTATION_ITEM() RATIONAL_B_SPLINE_CURVE((1.,0.5,1.,0.5,
1.,0.5,1.)) REPRESENTATION_ITEM('') );
#9656 = CARTESIAN_POINT('',(0.66,-0.255));
#9657 = CARTESIAN_POINT('',(0.66,-0.298301270189));
#9658 = CARTESIAN_POINT('',(0.6225,-0.276650635095));
#9659 = CARTESIAN_POINT('',(0.585,-0.255));
#9660 = CARTESIAN_POINT('',(0.6225,-0.233349364905));
#9661 = CARTESIAN_POINT('',(0.66,-0.211698729811));
#9662 = CARTESIAN_POINT('',(0.66,-0.255));
#9663 = ( GEOMETRIC_REPRESENTATION_CONTEXT(2) 
PARAMETRIC_REPRESENTATION_CONTEXT() REPRESENTATION_CONTEXT('2D SPACE',''
  ) );
#9664 = ORIENTED_EDGE('',*,*,#9665,.F.);
#9665 = EDGE_CURVE('',#9666,#9634,#9668,.T.);
#9666 = VERTEX_POINT('',#9667);
#9667 = CARTESIAN_POINT('',(-0.66,-8.5E-02,-0.355125000056));
#9668 = SURFACE_CURVE('',#9669,(#9673,#9680),.PCURVE_S1.);
#9669 = LINE('',#9670,#9671);
#9670 = CARTESIAN_POINT('',(-0.66,0.,-0.355125000056));
#9671 = VECTOR('',#9672,1.);
#9672 = DIRECTION('',(0.,-1.,0.));
#9673 = PCURVE('',#9583,#9674);
#9674 = DEFINITIONAL_REPRESENTATION('',(#9675),#9679);
#9675 = LINE('',#9676,#9677);
#9676 = CARTESIAN_POINT('',(0.66,0.));
#9677 = VECTOR('',#9678,1.);
#9678 = DIRECTION('',(0.,-1.));
#9679 = ( GEOMETRIC_REPRESENTATION_CONTEXT(2) 
PARAMETRIC_REPRESENTATION_CONTEXT() REPRESENTATION_CONTEXT('2D SPACE',''
  ) );
#9680 = PCURVE('',#2699,#9681);
#9681 = DEFINITIONAL_REPRESENTATION('',(#9682),#9686);
#9682 = LINE('',#9683,#9684);
#9683 = CARTESIAN_POINT('',(0.66,0.));
#9684 = VECTOR('',#9685,1.);
#9685 = DIRECTION('',(0.,-1.));
#9686 = ( GEOMETRIC_REPRESENTATION_CONTEXT(2) 
PARAMETRIC_REPRESENTATION_CONTEXT() REPRESENTATION_CONTEXT('2D SPACE',''
  ) );
#9687 = ORIENTED_EDGE('',*,*,#9688,.F.);
#9688 = EDGE_CURVE('',#9689,#9666,#9691,.T.);
#9689 = VERTEX_POINT('',#9690);
#9690 = CARTESIAN_POINT('',(-0.635,-6.E-02,-0.355125000056));
#9691 = SURFACE_CURVE('',#9692,(#9697,#9708),.PCURVE_S1.);
#9692 = CIRCLE('',#9693,2.5E-02);
#9693 = AXIS2_PLACEMENT_3D('',#9694,#9695,#9696);
#9694 = CARTESIAN_POINT('',(-0.635,-8.5E-02,-0.355125000056));
#9695 = DIRECTION('',(6.505213034913E-15,0.,1.));
#9696 = DIRECTION('',(-1.,0.,6.505213034913E-15));
#9697 = PCURVE('',#9583,#9698);
#9698 = DEFINITIONAL_REPRESENTATION('',(#9699),#9707);
#9699 = ( BOUNDED_CURVE() B_SPLINE_CURVE(2,(#9700,#9701,#9702,#9703,
#9704,#9705,#9706),.UNSPECIFIED.,.T.,.F.) B_SPLINE_CURVE_WITH_KNOTS((1,2
    ,2,2,2,1),(-2.094395102393,0.,2.094395102393,4.188790204786,
6.28318530718,8.377580409573),.UNSPECIFIED.) CURVE() 
GEOMETRIC_REPRESENTATION_ITEM() RATIONAL_B_SPLINE_CURVE((1.,0.5,1.,0.5,
1.,0.5,1.)) REPRESENTATION_ITEM('') );
#9700 = CARTESIAN_POINT('',(0.66,-8.5E-02));
#9701 = CARTESIAN_POINT('',(0.66,-0.128301270189));
#9702 = CARTESIAN_POINT('',(0.6225,-0.106650635095));
#9703 = CARTESIAN_POINT('',(0.585,-8.5E-02));
#9704 = CARTESIAN_POINT('',(0.6225,-6.334936490539E-02));
#9705 = CARTESIAN_POINT('',(0.66,-4.169872981078E-02));
#9706 = CARTESIAN_POINT('',(0.66,-8.5E-02));
#9707 = ( GEOMETRIC_REPRESENTATION_CONTEXT(2) 
PARAMETRIC_REPRESENTATION_CONTEXT() REPRESENTATION_CONTEXT('2D SPACE',''
  ) );
#9708 = PCURVE('',#2699,#9709);
#9709 = DEFINITIONAL_REPRESENTATION('',(#9710),#9718);
#9710 = ( BOUNDED_CURVE() B_SPLINE_CURVE(2,(#9711,#9712,#9713,#9714,
#9715,#9716,#9717),.UNSPECIFIED.,.T.,.F.) B_SPLINE_CURVE_WITH_KNOTS((1,2
    ,2,2,2,1),(-2.094395102393,0.,2.094395102393,4.188790204786,
6.28318530718,8.377580409573),.UNSPECIFIED.) CURVE() 
GEOMETRIC_REPRESENTATION_ITEM() RATIONAL_B_SPLINE_CURVE((1.,0.5,1.,0.5,
1.,0.5,1.)) REPRESENTATION_ITEM('') );
#9711 = CARTESIAN_POINT('',(0.66,-8.5E-02));
#9712 = CARTESIAN_POINT('',(0.66,-0.128301270189));
#9713 = CARTESIAN_POINT('',(0.6225,-0.106650635095));
#9714 = CARTESIAN_POINT('',(0.585,-8.5E-02));
#9715 = CARTESIAN_POINT('',(0.6225,-6.334936490539E-02));
#9716 = CARTESIAN_POINT('',(0.66,-4.169872981078E-02));
#9717 = CARTESIAN_POINT('',(0.66,-8.5E-02));
#9718 = ( GEOMETRIC_REPRESENTATION_CONTEXT(2) 
PARAMETRIC_REPRESENTATION_CONTEXT() REPRESENTATION_CONTEXT('2D SPACE',''
  ) );
#9719 = ORIENTED_EDGE('',*,*,#9720,.F.);
#9720 = EDGE_CURVE('',#9721,#9689,#9723,.T.);
#9721 = VERTEX_POINT('',#9722);
#9722 = CARTESIAN_POINT('',(-0.115,-6.E-02,-0.355125000056));
#9723 = SURFACE_CURVE('',#9724,(#9728,#9735),.PCURVE_S1.);
#9724 = LINE('',#9725,#9726);
#9725 = CARTESIAN_POINT('',(-2.913505490302E-15,-6.E-02,-0.355125000056)
  );
#9726 = VECTOR('',#9727,1.);
#9727 = DIRECTION('',(-1.,0.,6.982962677686E-15));
#9728 = PCURVE('',#9583,#9729);
#9729 = DEFINITIONAL_REPRESENTATION('',(#9730),#9734);
#9730 = LINE('',#9731,#9732);
#9731 = CARTESIAN_POINT('',(0.,-6.E-02));
#9732 = VECTOR('',#9733,1.);
#9733 = DIRECTION('',(1.,0.));
#9734 = ( GEOMETRIC_REPRESENTATION_CONTEXT(2) 
PARAMETRIC_REPRESENTATION_CONTEXT() REPRESENTATION_CONTEXT('2D SPACE',''
  ) );
#9735 = PCURVE('',#2699,#9736);
#9736 = DEFINITIONAL_REPRESENTATION('',(#9737),#9741);
#9737 = LINE('',#9738,#9739);
#9738 = CARTESIAN_POINT('',(0.,-6.E-02));
#9739 = VECTOR('',#9740,1.);
#9740 = DIRECTION('',(1.,0.));
#9741 = ( GEOMETRIC_REPRESENTATION_CONTEXT(2) 
PARAMETRIC_REPRESENTATION_CONTEXT() REPRESENTATION_CONTEXT('2D SPACE',''
  ) );
#9742 = ORIENTED_EDGE('',*,*,#9743,.F.);
#9743 = EDGE_CURVE('',#9744,#9721,#9746,.T.);
#9744 = VERTEX_POINT('',#9745);
#9745 = CARTESIAN_POINT('',(-9.E-02,-8.5E-02,-0.355125000056));
#9746 = SURFACE_CURVE('',#9747,(#9752,#9763),.PCURVE_S1.);
#9747 = CIRCLE('',#9748,2.5E-02);
#9748 = AXIS2_PLACEMENT_3D('',#9749,#9750,#9751);
#9749 = CARTESIAN_POINT('',(-0.115,-8.5E-02,-0.355125000056));
#9750 = DIRECTION('',(6.505213034913E-15,0.,1.));
#9751 = DIRECTION('',(-1.,0.,6.505213034913E-15));
#9752 = PCURVE('',#9583,#9753);
#9753 = DEFINITIONAL_REPRESENTATION('',(#9754),#9762);
#9754 = ( BOUNDED_CURVE() B_SPLINE_CURVE(2,(#9755,#9756,#9757,#9758,
#9759,#9760,#9761),.UNSPECIFIED.,.T.,.F.) B_SPLINE_CURVE_WITH_KNOTS((1,2
    ,2,2,2,1),(-2.094395102393,0.,2.094395102393,4.188790204786,
6.28318530718,8.377580409573),.UNSPECIFIED.) CURVE() 
GEOMETRIC_REPRESENTATION_ITEM() RATIONAL_B_SPLINE_CURVE((1.,0.5,1.,0.5,
1.,0.5,1.)) REPRESENTATION_ITEM('') );
#9755 = CARTESIAN_POINT('',(0.14,-8.5E-02));
#9756 = CARTESIAN_POINT('',(0.14,-0.128301270189));
#9757 = CARTESIAN_POINT('',(0.1025,-0.106650635095));
#9758 = CARTESIAN_POINT('',(6.5E-02,-8.5E-02));
#9759 = CARTESIAN_POINT('',(0.1025,-6.334936490539E-02));
#9760 = CARTESIAN_POINT('',(0.14,-4.169872981078E-02));
#9761 = CARTESIAN_POINT('',(0.14,-8.5E-02));
#9762 = ( GEOMETRIC_REPRESENTATION_CONTEXT(2) 
PARAMETRIC_REPRESENTATION_CONTEXT() REPRESENTATION_CONTEXT('2D SPACE',''
  ) );
#9763 = PCURVE('',#2699,#9764);
#9764 = DEFINITIONAL_REPRESENTATION('',(#9765),#9773);
#9765 = ( BOUNDED_CURVE() B_SPLINE_CURVE(2,(#9766,#9767,#9768,#9769,
#9770,#9771,#9772),.UNSPECIFIED.,.T.,.F.) B_SPLINE_CURVE_WITH_KNOTS((1,2
    ,2,2,2,1),(-2.094395102393,0.,2.094395102393,4.188790204786,
6.28318530718,8.377580409573),.UNSPECIFIED.) CURVE() 
GEOMETRIC_REPRESENTATION_ITEM() RATIONAL_B_SPLINE_CURVE((1.,0.5,1.,0.5,
1.,0.5,1.)) REPRESENTATION_ITEM('') );
#9766 = CARTESIAN_POINT('',(0.14,-8.5E-02));
#9767 = CARTESIAN_POINT('',(0.14,-0.128301270189));
#9768 = CARTESIAN_POINT('',(0.1025,-0.106650635095));
#9769 = CARTESIAN_POINT('',(6.5E-02,-8.5E-02));
#9770 = CARTESIAN_POINT('',(0.1025,-6.334936490539E-02));
#9771 = CARTESIAN_POINT('',(0.14,-4.169872981078E-02));
#9772 = CARTESIAN_POINT('',(0.14,-8.5E-02));
#9773 = ( GEOMETRIC_REPRESENTATION_CONTEXT(2) 
PARAMETRIC_REPRESENTATION_CONTEXT() REPRESENTATION_CONTEXT('2D SPACE',''
  ) );
#9774 = ORIENTED_EDGE('',*,*,#9775,.F.);
#9775 = EDGE_CURVE('',#9574,#9744,#9776,.T.);
#9776 = SURFACE_CURVE('',#9777,(#9781,#9788),.PCURVE_S1.);
#9777 = LINE('',#9778,#9779);
#9778 = CARTESIAN_POINT('',(-9.E-02,0.,-0.355125000056));
#9779 = VECTOR('',#9780,1.);
#9780 = DIRECTION('',(0.,1.,0.));
#9781 = PCURVE('',#9583,#9782);
#9782 = DEFINITIONAL_REPRESENTATION('',(#9783),#9787);
#9783 = LINE('',#9784,#9785);
#9784 = CARTESIAN_POINT('',(9.E-02,0.));
#9785 = VECTOR('',#9786,1.);
#9786 = DIRECTION('',(0.,1.));
#9787 = ( GEOMETRIC_REPRESENTATION_CONTEXT(2) 
PARAMETRIC_REPRESENTATION_CONTEXT() REPRESENTATION_CONTEXT('2D SPACE',''
  ) );
#9788 = PCURVE('',#2699,#9789);
#9789 = DEFINITIONAL_REPRESENTATION('',(#9790),#9794);
#9790 = LINE('',#9791,#9792);
#9791 = CARTESIAN_POINT('',(9.E-02,0.));
#9792 = VECTOR('',#9793,1.);
#9793 = DIRECTION('',(0.,1.));
#9794 = ( GEOMETRIC_REPRESENTATION_CONTEXT(2) 
PARAMETRIC_REPRESENTATION_CONTEXT() REPRESENTATION_CONTEXT('2D SPACE',''
  ) );
#9795 = ADVANCED_FACE('',(#9796),#9811,.T.);
#9796 = FACE_BOUND('',#9797,.T.);
#9797 = EDGE_LOOP('',(#9798,#9837,#9860,#9892,#9915,#9947,#9970,#10002)
  );
#9798 = ORIENTED_EDGE('',*,*,#9799,.F.);
#9799 = EDGE_CURVE('',#9800,#9802,#9804,.T.);
#9800 = VERTEX_POINT('',#9801);
#9801 = CARTESIAN_POINT('',(-0.115,6.E-02,-0.355125000056));
#9802 = VERTEX_POINT('',#9803);
#9803 = CARTESIAN_POINT('',(-9.E-02,8.5E-02,-0.355125000056));
#9804 = SURFACE_CURVE('',#9805,(#9810,#9826),.PCURVE_S1.);
#9805 = CIRCLE('',#9806,2.5E-02);
#9806 = AXIS2_PLACEMENT_3D('',#9807,#9808,#9809);
#9807 = CARTESIAN_POINT('',(-0.115,8.5E-02,-0.355125000056));
#9808 = DIRECTION('',(6.505213034913E-15,0.,1.));
#9809 = DIRECTION('',(-1.,0.,6.505213034913E-15));
#9810 = PCURVE('',#9811,#9816);
#9811 = PLANE('',#9812);
#9812 = AXIS2_PLACEMENT_3D('',#9813,#9814,#9815);
#9813 = CARTESIAN_POINT('',(-2.913505490302E-15,0.,-0.355125000056));
#9814 = DIRECTION('',(-6.982962677686E-15,0.,-1.));
#9815 = DIRECTION('',(-1.,0.,6.982962677686E-15));
#9816 = DEFINITIONAL_REPRESENTATION('',(#9817),#9825);
#9817 = ( BOUNDED_CURVE() B_SPLINE_CURVE(2,(#9818,#9819,#9820,#9821,
#9822,#9823,#9824),.UNSPECIFIED.,.T.,.F.) B_SPLINE_CURVE_WITH_KNOTS((1,2
    ,2,2,2,1),(-2.094395102393,0.,2.094395102393,4.188790204786,
6.28318530718,8.377580409573),.UNSPECIFIED.) CURVE() 
GEOMETRIC_REPRESENTATION_ITEM() RATIONAL_B_SPLINE_CURVE((1.,0.5,1.,0.5,
1.,0.5,1.)) REPRESENTATION_ITEM('') );
#9818 = CARTESIAN_POINT('',(0.14,8.5E-02));
#9819 = CARTESIAN_POINT('',(0.14,4.169872981078E-02));
#9820 = CARTESIAN_POINT('',(0.1025,6.334936490539E-02));
#9821 = CARTESIAN_POINT('',(6.5E-02,8.5E-02));
#9822 = CARTESIAN_POINT('',(0.1025,0.106650635095));
#9823 = CARTESIAN_POINT('',(0.14,0.128301270189));
#9824 = CARTESIAN_POINT('',(0.14,8.5E-02));
#9825 = ( GEOMETRIC_REPRESENTATION_CONTEXT(2) 
PARAMETRIC_REPRESENTATION_CONTEXT() REPRESENTATION_CONTEXT('2D SPACE',''
  ) );
#9826 = PCURVE('',#2699,#9827);
#9827 = DEFINITIONAL_REPRESENTATION('',(#9828),#9836);
#9828 = ( BOUNDED_CURVE() B_SPLINE_CURVE(2,(#9829,#9830,#9831,#9832,
#9833,#9834,#9835),.UNSPECIFIED.,.T.,.F.) B_SPLINE_CURVE_WITH_KNOTS((1,2
    ,2,2,2,1),(-2.094395102393,0.,2.094395102393,4.188790204786,
6.28318530718,8.377580409573),.UNSPECIFIED.) CURVE() 
GEOMETRIC_REPRESENTATION_ITEM() RATIONAL_B_SPLINE_CURVE((1.,0.5,1.,0.5,
1.,0.5,1.)) REPRESENTATION_ITEM('') );
#9829 = CARTESIAN_POINT('',(0.14,8.5E-02));
#9830 = CARTESIAN_POINT('',(0.14,4.169872981078E-02));
#9831 = CARTESIAN_POINT('',(0.1025,6.334936490539E-02));
#9832 = CARTESIAN_POINT('',(6.5E-02,8.5E-02));
#9833 = CARTESIAN_POINT('',(0.1025,0.106650635095));
#9834 = CARTESIAN_POINT('',(0.14,0.128301270189));
#9835 = CARTESIAN_POINT('',(0.14,8.5E-02));
#9836 = ( GEOMETRIC_REPRESENTATION_CONTEXT(2) 
PARAMETRIC_REPRESENTATION_CONTEXT() REPRESENTATION_CONTEXT('2D SPACE',''
  ) );
#9837 = ORIENTED_EDGE('',*,*,#9838,.F.);
#9838 = EDGE_CURVE('',#9839,#9800,#9841,.T.);
#9839 = VERTEX_POINT('',#9840);
#9840 = CARTESIAN_POINT('',(-0.635,6.E-02,-0.355125000056));
#9841 = SURFACE_CURVE('',#9842,(#9846,#9853),.PCURVE_S1.);
#9842 = LINE('',#9843,#9844);
#9843 = CARTESIAN_POINT('',(-2.913505490302E-15,6.E-02,-0.355125000056)
  );
#9844 = VECTOR('',#9845,1.);
#9845 = DIRECTION('',(1.,0.,-6.982962677686E-15));
#9846 = PCURVE('',#9811,#9847);
#9847 = DEFINITIONAL_REPRESENTATION('',(#9848),#9852);
#9848 = LINE('',#9849,#9850);
#9849 = CARTESIAN_POINT('',(0.,6.E-02));
#9850 = VECTOR('',#9851,1.);
#9851 = DIRECTION('',(-1.,0.));
#9852 = ( GEOMETRIC_REPRESENTATION_CONTEXT(2) 
PARAMETRIC_REPRESENTATION_CONTEXT() REPRESENTATION_CONTEXT('2D SPACE',''
  ) );
#9853 = PCURVE('',#2699,#9854);
#9854 = DEFINITIONAL_REPRESENTATION('',(#9855),#9859);
#9855 = LINE('',#9856,#9857);
#9856 = CARTESIAN_POINT('',(0.,6.E-02));
#9857 = VECTOR('',#9858,1.);
#9858 = DIRECTION('',(-1.,0.));
#9859 = ( GEOMETRIC_REPRESENTATION_CONTEXT(2) 
PARAMETRIC_REPRESENTATION_CONTEXT() REPRESENTATION_CONTEXT('2D SPACE',''
  ) );
#9860 = ORIENTED_EDGE('',*,*,#9861,.F.);
#9861 = EDGE_CURVE('',#9862,#9839,#9864,.T.);
#9862 = VERTEX_POINT('',#9863);
#9863 = CARTESIAN_POINT('',(-0.66,8.5E-02,-0.355125000056));
#9864 = SURFACE_CURVE('',#9865,(#9870,#9881),.PCURVE_S1.);
#9865 = CIRCLE('',#9866,2.5E-02);
#9866 = AXIS2_PLACEMENT_3D('',#9867,#9868,#9869);
#9867 = CARTESIAN_POINT('',(-0.635,8.5E-02,-0.355125000056));
#9868 = DIRECTION('',(6.505213034913E-15,0.,1.));
#9869 = DIRECTION('',(-1.,0.,6.505213034913E-15));
#9870 = PCURVE('',#9811,#9871);
#9871 = DEFINITIONAL_REPRESENTATION('',(#9872),#9880);
#9872 = ( BOUNDED_CURVE() B_SPLINE_CURVE(2,(#9873,#9874,#9875,#9876,
#9877,#9878,#9879),.UNSPECIFIED.,.T.,.F.) B_SPLINE_CURVE_WITH_KNOTS((1,2
    ,2,2,2,1),(-2.094395102393,0.,2.094395102393,4.188790204786,
6.28318530718,8.377580409573),.UNSPECIFIED.) CURVE() 
GEOMETRIC_REPRESENTATION_ITEM() RATIONAL_B_SPLINE_CURVE((1.,0.5,1.,0.5,
1.,0.5,1.)) REPRESENTATION_ITEM('') );
#9873 = CARTESIAN_POINT('',(0.66,8.5E-02));
#9874 = CARTESIAN_POINT('',(0.66,4.169872981078E-02));
#9875 = CARTESIAN_POINT('',(0.6225,6.334936490539E-02));
#9876 = CARTESIAN_POINT('',(0.585,8.5E-02));
#9877 = CARTESIAN_POINT('',(0.6225,0.106650635095));
#9878 = CARTESIAN_POINT('',(0.66,0.128301270189));
#9879 = CARTESIAN_POINT('',(0.66,8.5E-02));
#9880 = ( GEOMETRIC_REPRESENTATION_CONTEXT(2) 
PARAMETRIC_REPRESENTATION_CONTEXT() REPRESENTATION_CONTEXT('2D SPACE',''
  ) );
#9881 = PCURVE('',#2699,#9882);
#9882 = DEFINITIONAL_REPRESENTATION('',(#9883),#9891);
#9883 = ( BOUNDED_CURVE() B_SPLINE_CURVE(2,(#9884,#9885,#9886,#9887,
#9888,#9889,#9890),.UNSPECIFIED.,.T.,.F.) B_SPLINE_CURVE_WITH_KNOTS((1,2
    ,2,2,2,1),(-2.094395102393,0.,2.094395102393,4.188790204786,
6.28318530718,8.377580409573),.UNSPECIFIED.) CURVE() 
GEOMETRIC_REPRESENTATION_ITEM() RATIONAL_B_SPLINE_CURVE((1.,0.5,1.,0.5,
1.,0.5,1.)) REPRESENTATION_ITEM('') );
#9884 = CARTESIAN_POINT('',(0.66,8.5E-02));
#9885 = CARTESIAN_POINT('',(0.66,4.169872981078E-02));
#9886 = CARTESIAN_POINT('',(0.6225,6.334936490539E-02));
#9887 = CARTESIAN_POINT('',(0.585,8.5E-02));
#9888 = CARTESIAN_POINT('',(0.6225,0.106650635095));
#9889 = CARTESIAN_POINT('',(0.66,0.128301270189));
#9890 = CARTESIAN_POINT('',(0.66,8.5E-02));
#9891 = ( GEOMETRIC_REPRESENTATION_CONTEXT(2) 
PARAMETRIC_REPRESENTATION_CONTEXT() REPRESENTATION_CONTEXT('2D SPACE',''
  ) );
#9892 = ORIENTED_EDGE('',*,*,#9893,.F.);
#9893 = EDGE_CURVE('',#9894,#9862,#9896,.T.);
#9894 = VERTEX_POINT('',#9895);
#9895 = CARTESIAN_POINT('',(-0.66,0.255,-0.355125000056));
#9896 = SURFACE_CURVE('',#9897,(#9901,#9908),.PCURVE_S1.);
#9897 = LINE('',#9898,#9899);
#9898 = CARTESIAN_POINT('',(-0.66,0.,-0.355125000056));
#9899 = VECTOR('',#9900,1.);
#9900 = DIRECTION('',(0.,-1.,0.));
#9901 = PCURVE('',#9811,#9902);
#9902 = DEFINITIONAL_REPRESENTATION('',(#9903),#9907);
#9903 = LINE('',#9904,#9905);
#9904 = CARTESIAN_POINT('',(0.66,0.));
#9905 = VECTOR('',#9906,1.);
#9906 = DIRECTION('',(0.,-1.));
#9907 = ( GEOMETRIC_REPRESENTATION_CONTEXT(2) 
PARAMETRIC_REPRESENTATION_CONTEXT() REPRESENTATION_CONTEXT('2D SPACE',''
  ) );
#9908 = PCURVE('',#2699,#9909);
#9909 = DEFINITIONAL_REPRESENTATION('',(#9910),#9914);
#9910 = LINE('',#9911,#9912);
#9911 = CARTESIAN_POINT('',(0.66,0.));
#9912 = VECTOR('',#9913,1.);
#9913 = DIRECTION('',(0.,-1.));
#9914 = ( GEOMETRIC_REPRESENTATION_CONTEXT(2) 
PARAMETRIC_REPRESENTATION_CONTEXT() REPRESENTATION_CONTEXT('2D SPACE',''
  ) );
#9915 = ORIENTED_EDGE('',*,*,#9916,.F.);
#9916 = EDGE_CURVE('',#9917,#9894,#9919,.T.);
#9917 = VERTEX_POINT('',#9918);
#9918 = CARTESIAN_POINT('',(-0.635,0.28,-0.355125000056));
#9919 = SURFACE_CURVE('',#9920,(#9925,#9936),.PCURVE_S1.);
#9920 = CIRCLE('',#9921,2.5E-02);
#9921 = AXIS2_PLACEMENT_3D('',#9922,#9923,#9924);
#9922 = CARTESIAN_POINT('',(-0.635,0.255,-0.355125000056));
#9923 = DIRECTION('',(6.505213034913E-15,0.,1.));
#9924 = DIRECTION('',(-1.,0.,6.505213034913E-15));
#9925 = PCURVE('',#9811,#9926);
#9926 = DEFINITIONAL_REPRESENTATION('',(#9927),#9935);
#9927 = ( BOUNDED_CURVE() B_SPLINE_CURVE(2,(#9928,#9929,#9930,#9931,
#9932,#9933,#9934),.UNSPECIFIED.,.T.,.F.) B_SPLINE_CURVE_WITH_KNOTS((1,2
    ,2,2,2,1),(-2.094395102393,0.,2.094395102393,4.188790204786,
6.28318530718,8.377580409573),.UNSPECIFIED.) CURVE() 
GEOMETRIC_REPRESENTATION_ITEM() RATIONAL_B_SPLINE_CURVE((1.,0.5,1.,0.5,
1.,0.5,1.)) REPRESENTATION_ITEM('') );
#9928 = CARTESIAN_POINT('',(0.66,0.255));
#9929 = CARTESIAN_POINT('',(0.66,0.211698729811));
#9930 = CARTESIAN_POINT('',(0.6225,0.233349364905));
#9931 = CARTESIAN_POINT('',(0.585,0.255));
#9932 = CARTESIAN_POINT('',(0.6225,0.276650635095));
#9933 = CARTESIAN_POINT('',(0.66,0.298301270189));
#9934 = CARTESIAN_POINT('',(0.66,0.255));
#9935 = ( GEOMETRIC_REPRESENTATION_CONTEXT(2) 
PARAMETRIC_REPRESENTATION_CONTEXT() REPRESENTATION_CONTEXT('2D SPACE',''
  ) );
#9936 = PCURVE('',#2699,#9937);
#9937 = DEFINITIONAL_REPRESENTATION('',(#9938),#9946);
#9938 = ( BOUNDED_CURVE() B_SPLINE_CURVE(2,(#9939,#9940,#9941,#9942,
#9943,#9944,#9945),.UNSPECIFIED.,.T.,.F.) B_SPLINE_CURVE_WITH_KNOTS((1,2
    ,2,2,2,1),(-2.094395102393,0.,2.094395102393,4.188790204786,
6.28318530718,8.377580409573),.UNSPECIFIED.) CURVE() 
GEOMETRIC_REPRESENTATION_ITEM() RATIONAL_B_SPLINE_CURVE((1.,0.5,1.,0.5,
1.,0.5,1.)) REPRESENTATION_ITEM('') );
#9939 = CARTESIAN_POINT('',(0.66,0.255));
#9940 = CARTESIAN_POINT('',(0.66,0.211698729811));
#9941 = CARTESIAN_POINT('',(0.6225,0.233349364905));
#9942 = CARTESIAN_POINT('',(0.585,0.255));
#9943 = CARTESIAN_POINT('',(0.6225,0.276650635095));
#9944 = CARTESIAN_POINT('',(0.66,0.298301270189));
#9945 = CARTESIAN_POINT('',(0.66,0.255));
#9946 = ( GEOMETRIC_REPRESENTATION_CONTEXT(2) 
PARAMETRIC_REPRESENTATION_CONTEXT() REPRESENTATION_CONTEXT('2D SPACE',''
  ) );
#9947 = ORIENTED_EDGE('',*,*,#9948,.F.);
#9948 = EDGE_CURVE('',#9949,#9917,#9951,.T.);
#9949 = VERTEX_POINT('',#9950);
#9950 = CARTESIAN_POINT('',(-0.115,0.28,-0.355125000056));
#9951 = SURFACE_CURVE('',#9952,(#9956,#9963),.PCURVE_S1.);
#9952 = LINE('',#9953,#9954);
#9953 = CARTESIAN_POINT('',(-2.913505490302E-15,0.28,-0.355125000056));
#9954 = VECTOR('',#9955,1.);
#9955 = DIRECTION('',(-1.,0.,6.982962677686E-15));
#9956 = PCURVE('',#9811,#9957);
#9957 = DEFINITIONAL_REPRESENTATION('',(#9958),#9962);
#9958 = LINE('',#9959,#9960);
#9959 = CARTESIAN_POINT('',(0.,0.28));
#9960 = VECTOR('',#9961,1.);
#9961 = DIRECTION('',(1.,0.));
#9962 = ( GEOMETRIC_REPRESENTATION_CONTEXT(2) 
PARAMETRIC_REPRESENTATION_CONTEXT() REPRESENTATION_CONTEXT('2D SPACE',''
  ) );
#9963 = PCURVE('',#2699,#9964);
#9964 = DEFINITIONAL_REPRESENTATION('',(#9965),#9969);
#9965 = LINE('',#9966,#9967);
#9966 = CARTESIAN_POINT('',(0.,0.28));
#9967 = VECTOR('',#9968,1.);
#9968 = DIRECTION('',(1.,0.));
#9969 = ( GEOMETRIC_REPRESENTATION_CONTEXT(2) 
PARAMETRIC_REPRESENTATION_CONTEXT() REPRESENTATION_CONTEXT('2D SPACE',''
  ) );
#9970 = ORIENTED_EDGE('',*,*,#9971,.F.);
#9971 = EDGE_CURVE('',#9972,#9949,#9974,.T.);
#9972 = VERTEX_POINT('',#9973);
#9973 = CARTESIAN_POINT('',(-9.E-02,0.255,-0.355125000056));
#9974 = SURFACE_CURVE('',#9975,(#9980,#9991),.PCURVE_S1.);
#9975 = CIRCLE('',#9976,2.5E-02);
#9976 = AXIS2_PLACEMENT_3D('',#9977,#9978,#9979);
#9977 = CARTESIAN_POINT('',(-0.115,0.255,-0.355125000056));
#9978 = DIRECTION('',(6.505213034913E-15,0.,1.));
#9979 = DIRECTION('',(-1.,0.,6.505213034913E-15));
#9980 = PCURVE('',#9811,#9981);
#9981 = DEFINITIONAL_REPRESENTATION('',(#9982),#9990);
#9982 = ( BOUNDED_CURVE() B_SPLINE_CURVE(2,(#9983,#9984,#9985,#9986,
#9987,#9988,#9989),.UNSPECIFIED.,.T.,.F.) B_SPLINE_CURVE_WITH_KNOTS((1,2
    ,2,2,2,1),(-2.094395102393,0.,2.094395102393,4.188790204786,
6.28318530718,8.377580409573),.UNSPECIFIED.) CURVE() 
GEOMETRIC_REPRESENTATION_ITEM() RATIONAL_B_SPLINE_CURVE((1.,0.5,1.,0.5,
1.,0.5,1.)) REPRESENTATION_ITEM('') );
#9983 = CARTESIAN_POINT('',(0.14,0.255));
#9984 = CARTESIAN_POINT('',(0.14,0.211698729811));
#9985 = CARTESIAN_POINT('',(0.1025,0.233349364905));
#9986 = CARTESIAN_POINT('',(6.5E-02,0.255));
#9987 = CARTESIAN_POINT('',(0.1025,0.276650635095));
#9988 = CARTESIAN_POINT('',(0.14,0.298301270189));
#9989 = CARTESIAN_POINT('',(0.14,0.255));
#9990 = ( GEOMETRIC_REPRESENTATION_CONTEXT(2) 
PARAMETRIC_REPRESENTATION_CONTEXT() REPRESENTATION_CONTEXT('2D SPACE',''
  ) );
#9991 = PCURVE('',#2699,#9992);
#9992 = DEFINITIONAL_REPRESENTATION('',(#9993),#10001);
#9993 = ( BOUNDED_CURVE() B_SPLINE_CURVE(2,(#9994,#9995,#9996,#9997,
#9998,#9999,#10000),.UNSPECIFIED.,.T.,.F.) B_SPLINE_CURVE_WITH_KNOTS((1,
    2,2,2,2,1),(-2.094395102393,0.,2.094395102393,4.188790204786,
6.28318530718,8.377580409573),.UNSPECIFIED.) CURVE() 
GEOMETRIC_REPRESENTATION_ITEM() RATIONAL_B_SPLINE_CURVE((1.,0.5,1.,0.5,
1.,0.5,1.)) REPRESENTATION_ITEM('') );
#9994 = CARTESIAN_POINT('',(0.14,0.255));
#9995 = CARTESIAN_POINT('',(0.14,0.211698729811));
#9996 = CARTESIAN_POINT('',(0.1025,0.233349364905));
#9997 = CARTESIAN_POINT('',(6.5E-02,0.255));
#9998 = CARTESIAN_POINT('',(0.1025,0.276650635095));
#9999 = CARTESIAN_POINT('',(0.14,0.298301270189));
#10000 = CARTESIAN_POINT('',(0.14,0.255));
#10001 = ( GEOMETRIC_REPRESENTATION_CONTEXT(2) 
PARAMETRIC_REPRESENTATION_CONTEXT() REPRESENTATION_CONTEXT('2D SPACE',''
  ) );
#10002 = ORIENTED_EDGE('',*,*,#10003,.F.);
#10003 = EDGE_CURVE('',#9802,#9972,#10004,.T.);
#10004 = SURFACE_CURVE('',#10005,(#10009,#10016),.PCURVE_S1.);
#10005 = LINE('',#10006,#10007);
#10006 = CARTESIAN_POINT('',(-9.E-02,0.,-0.355125000056));
#10007 = VECTOR('',#10008,1.);
#10008 = DIRECTION('',(0.,1.,0.));
#10009 = PCURVE('',#9811,#10010);
#10010 = DEFINITIONAL_REPRESENTATION('',(#10011),#10015);
#10011 = LINE('',#10012,#10013);
#10012 = CARTESIAN_POINT('',(9.E-02,0.));
#10013 = VECTOR('',#10014,1.);
#10014 = DIRECTION('',(0.,1.));
#10015 = ( GEOMETRIC_REPRESENTATION_CONTEXT(2) 
PARAMETRIC_REPRESENTATION_CONTEXT() REPRESENTATION_CONTEXT('2D SPACE',''
  ) );
#10016 = PCURVE('',#2699,#10017);
#10017 = DEFINITIONAL_REPRESENTATION('',(#10018),#10022);
#10018 = LINE('',#10019,#10020);
#10019 = CARTESIAN_POINT('',(9.E-02,0.));
#10020 = VECTOR('',#10021,1.);
#10021 = DIRECTION('',(0.,1.));
#10022 = ( GEOMETRIC_REPRESENTATION_CONTEXT(2) 
PARAMETRIC_REPRESENTATION_CONTEXT() REPRESENTATION_CONTEXT('2D SPACE',''
  ) );
#10023 = ADVANCED_FACE('',(#10024),#10039,.T.);
#10024 = FACE_BOUND('',#10025,.T.);
#10025 = EDGE_LOOP('',(#10026,#10065,#10088,#10120,#10143,#10175,#10198,
    #10230));
#10026 = ORIENTED_EDGE('',*,*,#10027,.F.);
#10027 = EDGE_CURVE('',#10028,#10030,#10032,.T.);
#10028 = VERTEX_POINT('',#10029);
#10029 = CARTESIAN_POINT('',(-0.115,0.4,-0.355125000056));
#10030 = VERTEX_POINT('',#10031);
#10031 = CARTESIAN_POINT('',(-9.E-02,0.425,-0.355125000056));
#10032 = SURFACE_CURVE('',#10033,(#10038,#10054),.PCURVE_S1.);
#10033 = CIRCLE('',#10034,2.5E-02);
#10034 = AXIS2_PLACEMENT_3D('',#10035,#10036,#10037);
#10035 = CARTESIAN_POINT('',(-0.115,0.425,-0.355125000056));
#10036 = DIRECTION('',(6.505213034913E-15,0.,1.));
#10037 = DIRECTION('',(-1.,0.,6.505213034913E-15));
#10038 = PCURVE('',#10039,#10044);
#10039 = PLANE('',#10040);
#10040 = AXIS2_PLACEMENT_3D('',#10041,#10042,#10043);
#10041 = CARTESIAN_POINT('',(-2.913505490302E-15,0.,-0.355125000056));
#10042 = DIRECTION('',(-6.982962677686E-15,0.,-1.));
#10043 = DIRECTION('',(-1.,0.,6.982962677686E-15));
#10044 = DEFINITIONAL_REPRESENTATION('',(#10045),#10053);
#10045 = ( BOUNDED_CURVE() B_SPLINE_CURVE(2,(#10046,#10047,#10048,#10049
    ,#10050,#10051,#10052),.UNSPECIFIED.,.T.,.F.) 
B_SPLINE_CURVE_WITH_KNOTS((1,2,2,2,2,1),(-2.094395102393,0.,
    2.094395102393,4.188790204786,6.28318530718,8.377580409573),
.UNSPECIFIED.) CURVE() GEOMETRIC_REPRESENTATION_ITEM() 
RATIONAL_B_SPLINE_CURVE((1.,0.5,1.,0.5,1.,0.5,1.)) REPRESENTATION_ITEM(
  '') );
#10046 = CARTESIAN_POINT('',(0.14,0.425));
#10047 = CARTESIAN_POINT('',(0.14,0.381698729811));
#10048 = CARTESIAN_POINT('',(0.1025,0.403349364905));
#10049 = CARTESIAN_POINT('',(6.5E-02,0.425));
#10050 = CARTESIAN_POINT('',(0.1025,0.446650635095));
#10051 = CARTESIAN_POINT('',(0.14,0.468301270189));
#10052 = CARTESIAN_POINT('',(0.14,0.425));
#10053 = ( GEOMETRIC_REPRESENTATION_CONTEXT(2) 
PARAMETRIC_REPRESENTATION_CONTEXT() REPRESENTATION_CONTEXT('2D SPACE',''
  ) );
#10054 = PCURVE('',#2699,#10055);
#10055 = DEFINITIONAL_REPRESENTATION('',(#10056),#10064);
#10056 = ( BOUNDED_CURVE() B_SPLINE_CURVE(2,(#10057,#10058,#10059,#10060
    ,#10061,#10062,#10063),.UNSPECIFIED.,.T.,.F.) 
B_SPLINE_CURVE_WITH_KNOTS((1,2,2,2,2,1),(-2.094395102393,0.,
    2.094395102393,4.188790204786,6.28318530718,8.377580409573),
.UNSPECIFIED.) CURVE() GEOMETRIC_REPRESENTATION_ITEM() 
RATIONAL_B_SPLINE_CURVE((1.,0.5,1.,0.5,1.,0.5,1.)) REPRESENTATION_ITEM(
  '') );
#10057 = CARTESIAN_POINT('',(0.14,0.425));
#10058 = CARTESIAN_POINT('',(0.14,0.381698729811));
#10059 = CARTESIAN_POINT('',(0.1025,0.403349364905));
#10060 = CARTESIAN_POINT('',(6.5E-02,0.425));
#10061 = CARTESIAN_POINT('',(0.1025,0.446650635095));
#10062 = CARTESIAN_POINT('',(0.14,0.468301270189));
#10063 = CARTESIAN_POINT('',(0.14,0.425));
#10064 = ( GEOMETRIC_REPRESENTATION_CONTEXT(2) 
PARAMETRIC_REPRESENTATION_CONTEXT() REPRESENTATION_CONTEXT('2D SPACE',''
  ) );
#10065 = ORIENTED_EDGE('',*,*,#10066,.F.);
#10066 = EDGE_CURVE('',#10067,#10028,#10069,.T.);
#10067 = VERTEX_POINT('',#10068);
#10068 = CARTESIAN_POINT('',(-0.635,0.4,-0.355125000056));
#10069 = SURFACE_CURVE('',#10070,(#10074,#10081),.PCURVE_S1.);
#10070 = LINE('',#10071,#10072);
#10071 = CARTESIAN_POINT('',(-2.913505490302E-15,0.4,-0.355125000056));
#10072 = VECTOR('',#10073,1.);
#10073 = DIRECTION('',(1.,0.,-6.982962677686E-15));
#10074 = PCURVE('',#10039,#10075);
#10075 = DEFINITIONAL_REPRESENTATION('',(#10076),#10080);
#10076 = LINE('',#10077,#10078);
#10077 = CARTESIAN_POINT('',(0.,0.4));
#10078 = VECTOR('',#10079,1.);
#10079 = DIRECTION('',(-1.,0.));
#10080 = ( GEOMETRIC_REPRESENTATION_CONTEXT(2) 
PARAMETRIC_REPRESENTATION_CONTEXT() REPRESENTATION_CONTEXT('2D SPACE',''
  ) );
#10081 = PCURVE('',#2699,#10082);
#10082 = DEFINITIONAL_REPRESENTATION('',(#10083),#10087);
#10083 = LINE('',#10084,#10085);
#10084 = CARTESIAN_POINT('',(0.,0.4));
#10085 = VECTOR('',#10086,1.);
#10086 = DIRECTION('',(-1.,0.));
#10087 = ( GEOMETRIC_REPRESENTATION_CONTEXT(2) 
PARAMETRIC_REPRESENTATION_CONTEXT() REPRESENTATION_CONTEXT('2D SPACE',''
  ) );
#10088 = ORIENTED_EDGE('',*,*,#10089,.F.);
#10089 = EDGE_CURVE('',#10090,#10067,#10092,.T.);
#10090 = VERTEX_POINT('',#10091);
#10091 = CARTESIAN_POINT('',(-0.66,0.425,-0.355125000056));
#10092 = SURFACE_CURVE('',#10093,(#10098,#10109),.PCURVE_S1.);
#10093 = CIRCLE('',#10094,2.5E-02);
#10094 = AXIS2_PLACEMENT_3D('',#10095,#10096,#10097);
#10095 = CARTESIAN_POINT('',(-0.635,0.425,-0.355125000056));
#10096 = DIRECTION('',(6.505213034913E-15,0.,1.));
#10097 = DIRECTION('',(-1.,0.,6.505213034913E-15));
#10098 = PCURVE('',#10039,#10099);
#10099 = DEFINITIONAL_REPRESENTATION('',(#10100),#10108);
#10100 = ( BOUNDED_CURVE() B_SPLINE_CURVE(2,(#10101,#10102,#10103,#10104
    ,#10105,#10106,#10107),.UNSPECIFIED.,.T.,.F.) 
B_SPLINE_CURVE_WITH_KNOTS((1,2,2,2,2,1),(-2.094395102393,0.,
    2.094395102393,4.188790204786,6.28318530718,8.377580409573),
.UNSPECIFIED.) CURVE() GEOMETRIC_REPRESENTATION_ITEM() 
RATIONAL_B_SPLINE_CURVE((1.,0.5,1.,0.5,1.,0.5,1.)) REPRESENTATION_ITEM(
  '') );
#10101 = CARTESIAN_POINT('',(0.66,0.425));
#10102 = CARTESIAN_POINT('',(0.66,0.381698729811));
#10103 = CARTESIAN_POINT('',(0.6225,0.403349364905));
#10104 = CARTESIAN_POINT('',(0.585,0.425));
#10105 = CARTESIAN_POINT('',(0.6225,0.446650635095));
#10106 = CARTESIAN_POINT('',(0.66,0.468301270189));
#10107 = CARTESIAN_POINT('',(0.66,0.425));
#10108 = ( GEOMETRIC_REPRESENTATION_CONTEXT(2) 
PARAMETRIC_REPRESENTATION_CONTEXT() REPRESENTATION_CONTEXT('2D SPACE',''
  ) );
#10109 = PCURVE('',#2699,#10110);
#10110 = DEFINITIONAL_REPRESENTATION('',(#10111),#10119);
#10111 = ( BOUNDED_CURVE() B_SPLINE_CURVE(2,(#10112,#10113,#10114,#10115
    ,#10116,#10117,#10118),.UNSPECIFIED.,.T.,.F.) 
B_SPLINE_CURVE_WITH_KNOTS((1,2,2,2,2,1),(-2.094395102393,0.,
    2.094395102393,4.188790204786,6.28318530718,8.377580409573),
.UNSPECIFIED.) CURVE() GEOMETRIC_REPRESENTATION_ITEM() 
RATIONAL_B_SPLINE_CURVE((1.,0.5,1.,0.5,1.,0.5,1.)) REPRESENTATION_ITEM(
  '') );
#10112 = CARTESIAN_POINT('',(0.66,0.425));
#10113 = CARTESIAN_POINT('',(0.66,0.381698729811));
#10114 = CARTESIAN_POINT('',(0.6225,0.403349364905));
#10115 = CARTESIAN_POINT('',(0.585,0.425));
#10116 = CARTESIAN_POINT('',(0.6225,0.446650635095));
#10117 = CARTESIAN_POINT('',(0.66,0.468301270189));
#10118 = CARTESIAN_POINT('',(0.66,0.425));
#10119 = ( GEOMETRIC_REPRESENTATION_CONTEXT(2) 
PARAMETRIC_REPRESENTATION_CONTEXT() REPRESENTATION_CONTEXT('2D SPACE',''
  ) );
#10120 = ORIENTED_EDGE('',*,*,#10121,.F.);
#10121 = EDGE_CURVE('',#10122,#10090,#10124,.T.);
#10122 = VERTEX_POINT('',#10123);
#10123 = CARTESIAN_POINT('',(-0.66,0.595,-0.355125000056));
#10124 = SURFACE_CURVE('',#10125,(#10129,#10136),.PCURVE_S1.);
#10125 = LINE('',#10126,#10127);
#10126 = CARTESIAN_POINT('',(-0.66,0.,-0.355125000056));
#10127 = VECTOR('',#10128,1.);
#10128 = DIRECTION('',(0.,-1.,0.));
#10129 = PCURVE('',#10039,#10130);
#10130 = DEFINITIONAL_REPRESENTATION('',(#10131),#10135);
#10131 = LINE('',#10132,#10133);
#10132 = CARTESIAN_POINT('',(0.66,0.));
#10133 = VECTOR('',#10134,1.);
#10134 = DIRECTION('',(0.,-1.));
#10135 = ( GEOMETRIC_REPRESENTATION_CONTEXT(2) 
PARAMETRIC_REPRESENTATION_CONTEXT() REPRESENTATION_CONTEXT('2D SPACE',''
  ) );
#10136 = PCURVE('',#2699,#10137);
#10137 = DEFINITIONAL_REPRESENTATION('',(#10138),#10142);
#10138 = LINE('',#10139,#10140);
#10139 = CARTESIAN_POINT('',(0.66,0.));
#10140 = VECTOR('',#10141,1.);
#10141 = DIRECTION('',(0.,-1.));
#10142 = ( GEOMETRIC_REPRESENTATION_CONTEXT(2) 
PARAMETRIC_REPRESENTATION_CONTEXT() REPRESENTATION_CONTEXT('2D SPACE',''
  ) );
#10143 = ORIENTED_EDGE('',*,*,#10144,.F.);
#10144 = EDGE_CURVE('',#10145,#10122,#10147,.T.);
#10145 = VERTEX_POINT('',#10146);
#10146 = CARTESIAN_POINT('',(-0.635,0.62,-0.355125000056));
#10147 = SURFACE_CURVE('',#10148,(#10153,#10164),.PCURVE_S1.);
#10148 = CIRCLE('',#10149,2.5E-02);
#10149 = AXIS2_PLACEMENT_3D('',#10150,#10151,#10152);
#10150 = CARTESIAN_POINT('',(-0.635,0.595,-0.355125000056));
#10151 = DIRECTION('',(6.505213034913E-15,0.,1.));
#10152 = DIRECTION('',(-1.,0.,6.505213034913E-15));
#10153 = PCURVE('',#10039,#10154);
#10154 = DEFINITIONAL_REPRESENTATION('',(#10155),#10163);
#10155 = ( BOUNDED_CURVE() B_SPLINE_CURVE(2,(#10156,#10157,#10158,#10159
    ,#10160,#10161,#10162),.UNSPECIFIED.,.T.,.F.) 
B_SPLINE_CURVE_WITH_KNOTS((1,2,2,2,2,1),(-2.094395102393,0.,
    2.094395102393,4.188790204786,6.28318530718,8.377580409573),
.UNSPECIFIED.) CURVE() GEOMETRIC_REPRESENTATION_ITEM() 
RATIONAL_B_SPLINE_CURVE((1.,0.5,1.,0.5,1.,0.5,1.)) REPRESENTATION_ITEM(
  '') );
#10156 = CARTESIAN_POINT('',(0.66,0.595));
#10157 = CARTESIAN_POINT('',(0.66,0.551698729811));
#10158 = CARTESIAN_POINT('',(0.6225,0.573349364905));
#10159 = CARTESIAN_POINT('',(0.585,0.595));
#10160 = CARTESIAN_POINT('',(0.6225,0.616650635095));
#10161 = CARTESIAN_POINT('',(0.66,0.638301270189));
#10162 = CARTESIAN_POINT('',(0.66,0.595));
#10163 = ( GEOMETRIC_REPRESENTATION_CONTEXT(2) 
PARAMETRIC_REPRESENTATION_CONTEXT() REPRESENTATION_CONTEXT('2D SPACE',''
  ) );
#10164 = PCURVE('',#2699,#10165);
#10165 = DEFINITIONAL_REPRESENTATION('',(#10166),#10174);
#10166 = ( BOUNDED_CURVE() B_SPLINE_CURVE(2,(#10167,#10168,#10169,#10170
    ,#10171,#10172,#10173),.UNSPECIFIED.,.T.,.F.) 
B_SPLINE_CURVE_WITH_KNOTS((1,2,2,2,2,1),(-2.094395102393,0.,
    2.094395102393,4.188790204786,6.28318530718,8.377580409573),
.UNSPECIFIED.) CURVE() GEOMETRIC_REPRESENTATION_ITEM() 
RATIONAL_B_SPLINE_CURVE((1.,0.5,1.,0.5,1.,0.5,1.)) REPRESENTATION_ITEM(
  '') );
#10167 = CARTESIAN_POINT('',(0.66,0.595));
#10168 = CARTESIAN_POINT('',(0.66,0.551698729811));
#10169 = CARTESIAN_POINT('',(0.6225,0.573349364905));
#10170 = CARTESIAN_POINT('',(0.585,0.595));
#10171 = CARTESIAN_POINT('',(0.6225,0.616650635095));
#10172 = CARTESIAN_POINT('',(0.66,0.638301270189));
#10173 = CARTESIAN_POINT('',(0.66,0.595));
#10174 = ( GEOMETRIC_REPRESENTATION_CONTEXT(2) 
PARAMETRIC_REPRESENTATION_CONTEXT() REPRESENTATION_CONTEXT('2D SPACE',''
  ) );
#10175 = ORIENTED_EDGE('',*,*,#10176,.F.);
#10176 = EDGE_CURVE('',#10177,#10145,#10179,.T.);
#10177 = VERTEX_POINT('',#10178);
#10178 = CARTESIAN_POINT('',(-0.115,0.62,-0.355125000056));
#10179 = SURFACE_CURVE('',#10180,(#10184,#10191),.PCURVE_S1.);
#10180 = LINE('',#10181,#10182);
#10181 = CARTESIAN_POINT('',(-2.784235231275E-15,0.62,-0.355125000056));
#10182 = VECTOR('',#10183,1.);
#10183 = DIRECTION('',(-1.,2.085004177857E-16,6.982962677686E-15));
#10184 = PCURVE('',#10039,#10185);
#10185 = DEFINITIONAL_REPRESENTATION('',(#10186),#10190);
#10186 = LINE('',#10187,#10188);
#10187 = CARTESIAN_POINT('',(-1.292702590271E-16,0.62));
#10188 = VECTOR('',#10189,1.);
#10189 = DIRECTION('',(1.,2.085004177857E-16));
#10190 = ( GEOMETRIC_REPRESENTATION_CONTEXT(2) 
PARAMETRIC_REPRESENTATION_CONTEXT() REPRESENTATION_CONTEXT('2D SPACE',''
  ) );
#10191 = PCURVE('',#2699,#10192);
#10192 = DEFINITIONAL_REPRESENTATION('',(#10193),#10197);
#10193 = LINE('',#10194,#10195);
#10194 = CARTESIAN_POINT('',(-1.292702590271E-16,0.62));
#10195 = VECTOR('',#10196,1.);
#10196 = DIRECTION('',(1.,2.085004177857E-16));
#10197 = ( GEOMETRIC_REPRESENTATION_CONTEXT(2) 
PARAMETRIC_REPRESENTATION_CONTEXT() REPRESENTATION_CONTEXT('2D SPACE',''
  ) );
#10198 = ORIENTED_EDGE('',*,*,#10199,.F.);
#10199 = EDGE_CURVE('',#10200,#10177,#10202,.T.);
#10200 = VERTEX_POINT('',#10201);
#10201 = CARTESIAN_POINT('',(-9.E-02,0.595,-0.355125000056));
#10202 = SURFACE_CURVE('',#10203,(#10208,#10219),.PCURVE_S1.);
#10203 = CIRCLE('',#10204,2.5E-02);
#10204 = AXIS2_PLACEMENT_3D('',#10205,#10206,#10207);
#10205 = CARTESIAN_POINT('',(-0.115,0.595,-0.355125000056));
#10206 = DIRECTION('',(6.505213034913E-15,0.,1.));
#10207 = DIRECTION('',(-1.,0.,6.505213034913E-15));
#10208 = PCURVE('',#10039,#10209);
#10209 = DEFINITIONAL_REPRESENTATION('',(#10210),#10218);
#10210 = ( BOUNDED_CURVE() B_SPLINE_CURVE(2,(#10211,#10212,#10213,#10214
    ,#10215,#10216,#10217),.UNSPECIFIED.,.T.,.F.) 
B_SPLINE_CURVE_WITH_KNOTS((1,2,2,2,2,1),(-2.094395102393,0.,
    2.094395102393,4.188790204786,6.28318530718,8.377580409573),
.UNSPECIFIED.) CURVE() GEOMETRIC_REPRESENTATION_ITEM() 
RATIONAL_B_SPLINE_CURVE((1.,0.5,1.,0.5,1.,0.5,1.)) REPRESENTATION_ITEM(
  '') );
#10211 = CARTESIAN_POINT('',(0.14,0.595));
#10212 = CARTESIAN_POINT('',(0.14,0.551698729811));
#10213 = CARTESIAN_POINT('',(0.1025,0.573349364905));
#10214 = CARTESIAN_POINT('',(6.5E-02,0.595));
#10215 = CARTESIAN_POINT('',(0.1025,0.616650635095));
#10216 = CARTESIAN_POINT('',(0.14,0.638301270189));
#10217 = CARTESIAN_POINT('',(0.14,0.595));
#10218 = ( GEOMETRIC_REPRESENTATION_CONTEXT(2) 
PARAMETRIC_REPRESENTATION_CONTEXT() REPRESENTATION_CONTEXT('2D SPACE',''
  ) );
#10219 = PCURVE('',#2699,#10220);
#10220 = DEFINITIONAL_REPRESENTATION('',(#10221),#10229);
#10221 = ( BOUNDED_CURVE() B_SPLINE_CURVE(2,(#10222,#10223,#10224,#10225
    ,#10226,#10227,#10228),.UNSPECIFIED.,.T.,.F.) 
B_SPLINE_CURVE_WITH_KNOTS((1,2,2,2,2,1),(-2.094395102393,0.,
    2.094395102393,4.188790204786,6.28318530718,8.377580409573),
.UNSPECIFIED.) CURVE() GEOMETRIC_REPRESENTATION_ITEM() 
RATIONAL_B_SPLINE_CURVE((1.,0.5,1.,0.5,1.,0.5,1.)) REPRESENTATION_ITEM(
  '') );
#10222 = CARTESIAN_POINT('',(0.14,0.595));
#10223 = CARTESIAN_POINT('',(0.14,0.551698729811));
#10224 = CARTESIAN_POINT('',(0.1025,0.573349364905));
#10225 = CARTESIAN_POINT('',(6.5E-02,0.595));
#10226 = CARTESIAN_POINT('',(0.1025,0.616650635095));
#10227 = CARTESIAN_POINT('',(0.14,0.638301270189));
#10228 = CARTESIAN_POINT('',(0.14,0.595));
#10229 = ( GEOMETRIC_REPRESENTATION_CONTEXT(2) 
PARAMETRIC_REPRESENTATION_CONTEXT() REPRESENTATION_CONTEXT('2D SPACE',''
  ) );
#10230 = ORIENTED_EDGE('',*,*,#10231,.F.);
#10231 = EDGE_CURVE('',#10030,#10200,#10232,.T.);
#10232 = SURFACE_CURVE('',#10233,(#10237,#10244),.PCURVE_S1.);
#10233 = LINE('',#10234,#10235);
#10234 = CARTESIAN_POINT('',(-9.E-02,0.,-0.355125000056));
#10235 = VECTOR('',#10236,1.);
#10236 = DIRECTION('',(0.,1.,0.));
#10237 = PCURVE('',#10039,#10238);
#10238 = DEFINITIONAL_REPRESENTATION('',(#10239),#10243);
#10239 = LINE('',#10240,#10241);
#10240 = CARTESIAN_POINT('',(9.E-02,0.));
#10241 = VECTOR('',#10242,1.);
#10242 = DIRECTION('',(0.,1.));
#10243 = ( GEOMETRIC_REPRESENTATION_CONTEXT(2) 
PARAMETRIC_REPRESENTATION_CONTEXT() REPRESENTATION_CONTEXT('2D SPACE',''
  ) );
#10244 = PCURVE('',#2699,#10245);
#10245 = DEFINITIONAL_REPRESENTATION('',(#10246),#10250);
#10246 = LINE('',#10247,#10248);
#10247 = CARTESIAN_POINT('',(9.E-02,0.));
#10248 = VECTOR('',#10249,1.);
#10249 = DIRECTION('',(0.,1.));
#10250 = ( GEOMETRIC_REPRESENTATION_CONTEXT(2) 
PARAMETRIC_REPRESENTATION_CONTEXT() REPRESENTATION_CONTEXT('2D SPACE',''
  ) );
#10251 = ADVANCED_FACE('',(#10252,#10262,#10272,#10282,#10292,#10371),
  #2699,.T.);
#10252 = FACE_BOUND('',#10253,.T.);
#10253 = EDGE_LOOP('',(#10254,#10255,#10256,#10257,#10258,#10259,#10260,
    #10261));
#10254 = ORIENTED_EDGE('',*,*,#10066,.T.);
#10255 = ORIENTED_EDGE('',*,*,#10027,.T.);
#10256 = ORIENTED_EDGE('',*,*,#10231,.T.);
#10257 = ORIENTED_EDGE('',*,*,#10199,.T.);
#10258 = ORIENTED_EDGE('',*,*,#10176,.T.);
#10259 = ORIENTED_EDGE('',*,*,#10144,.T.);
#10260 = ORIENTED_EDGE('',*,*,#10121,.T.);
#10261 = ORIENTED_EDGE('',*,*,#10089,.T.);
#10262 = FACE_BOUND('',#10263,.T.);
#10263 = EDGE_LOOP('',(#10264,#10265,#10266,#10267,#10268,#10269,#10270,
    #10271));
#10264 = ORIENTED_EDGE('',*,*,#9838,.T.);
#10265 = ORIENTED_EDGE('',*,*,#9799,.T.);
#10266 = ORIENTED_EDGE('',*,*,#10003,.T.);
#10267 = ORIENTED_EDGE('',*,*,#9971,.T.);
#10268 = ORIENTED_EDGE('',*,*,#9948,.T.);
#10269 = ORIENTED_EDGE('',*,*,#9916,.T.);
#10270 = ORIENTED_EDGE('',*,*,#9893,.T.);
#10271 = ORIENTED_EDGE('',*,*,#9861,.T.);
#10272 = FACE_BOUND('',#10273,.T.);
#10273 = EDGE_LOOP('',(#10274,#10275,#10276,#10277,#10278,#10279,#10280,
    #10281));
#10274 = ORIENTED_EDGE('',*,*,#9610,.T.);
#10275 = ORIENTED_EDGE('',*,*,#9571,.T.);
#10276 = ORIENTED_EDGE('',*,*,#9775,.T.);
#10277 = ORIENTED_EDGE('',*,*,#9743,.T.);
#10278 = ORIENTED_EDGE('',*,*,#9720,.T.);
#10279 = ORIENTED_EDGE('',*,*,#9688,.T.);
#10280 = ORIENTED_EDGE('',*,*,#9665,.T.);
#10281 = ORIENTED_EDGE('',*,*,#9633,.T.);
#10282 = FACE_BOUND('',#10283,.T.);
#10283 = EDGE_LOOP('',(#10284,#10285,#10286,#10287,#10288,#10289,#10290,
    #10291));
#10284 = ORIENTED_EDGE('',*,*,#9186,.T.);
#10285 = ORIENTED_EDGE('',*,*,#9147,.T.);
#10286 = ORIENTED_EDGE('',*,*,#9351,.T.);
#10287 = ORIENTED_EDGE('',*,*,#9319,.T.);
#10288 = ORIENTED_EDGE('',*,*,#9296,.T.);
#10289 = ORIENTED_EDGE('',*,*,#9264,.T.);
#10290 = ORIENTED_EDGE('',*,*,#9241,.T.);
#10291 = ORIENTED_EDGE('',*,*,#9209,.T.);
#10292 = FACE_BOUND('',#10293,.T.);
#10293 = EDGE_LOOP('',(#10294,#10295,#10296,#10297,#10298,#10299,#10300,
    #10301,#10302,#10303,#10304,#10305,#10306,#10307,#10308,#10309,
    #10310,#10311,#10312,#10313,#10314,#10315,#10316,#10317,#10318,
    #10319,#10320,#10321,#10322,#10323,#10324,#10325,#10326,#10327,
    #10328,#10329,#10330,#10331,#10332,#10333,#10334,#10335,#10336,
    #10337,#10338,#10339,#10340,#10341,#10342,#10343,#10344,#10345,
    #10346,#10347,#10348,#10349,#10350,#10351,#10352,#10353,#10354,
    #10355,#10356,#10357,#10358,#10359,#10360,#10361,#10362,#10363,
    #10364,#10365,#10366,#10367,#10368,#10369,#10370));
#10294 = ORIENTED_EDGE('',*,*,#9089,.F.);
#10295 = ORIENTED_EDGE('',*,*,#9120,.F.);
#10296 = ORIENTED_EDGE('',*,*,#5529,.F.);
#10297 = ORIENTED_EDGE('',*,*,#5577,.F.);
#10298 = ORIENTED_EDGE('',*,*,#5650,.F.);
#10299 = ORIENTED_EDGE('',*,*,#5676,.F.);
#10300 = ORIENTED_EDGE('',*,*,#5749,.F.);
#10301 = ORIENTED_EDGE('',*,*,#5775,.F.);
#10302 = ORIENTED_EDGE('',*,*,#5848,.F.);
#10303 = ORIENTED_EDGE('',*,*,#5879,.F.);
#10304 = ORIENTED_EDGE('',*,*,#5952,.F.);
#10305 = ORIENTED_EDGE('',*,*,#5978,.F.);
#10306 = ORIENTED_EDGE('',*,*,#6051,.F.);
#10307 = ORIENTED_EDGE('',*,*,#6077,.F.);
#10308 = ORIENTED_EDGE('',*,*,#6150,.F.);
#10309 = ORIENTED_EDGE('',*,*,#6176,.F.);
#10310 = ORIENTED_EDGE('',*,*,#6249,.F.);
#10311 = ORIENTED_EDGE('',*,*,#6280,.F.);
#10312 = ORIENTED_EDGE('',*,*,#6353,.F.);
#10313 = ORIENTED_EDGE('',*,*,#6379,.F.);
#10314 = ORIENTED_EDGE('',*,*,#6452,.F.);
#10315 = ORIENTED_EDGE('',*,*,#6478,.F.);
#10316 = ORIENTED_EDGE('',*,*,#6551,.F.);
#10317 = ORIENTED_EDGE('',*,*,#6600,.F.);
#10318 = ORIENTED_EDGE('',*,*,#6654,.F.);
#10319 = ORIENTED_EDGE('',*,*,#6680,.F.);
#10320 = ORIENTED_EDGE('',*,*,#6753,.F.);
#10321 = ORIENTED_EDGE('',*,*,#6779,.F.);
#10322 = ORIENTED_EDGE('',*,*,#6852,.F.);
#10323 = ORIENTED_EDGE('',*,*,#6901,.F.);
#10324 = ORIENTED_EDGE('',*,*,#6955,.F.);
#10325 = ORIENTED_EDGE('',*,*,#6981,.F.);
#10326 = ORIENTED_EDGE('',*,*,#7054,.F.);
#10327 = ORIENTED_EDGE('',*,*,#7080,.F.);
#10328 = ORIENTED_EDGE('',*,*,#7153,.F.);
#10329 = ORIENTED_EDGE('',*,*,#7179,.F.);
#10330 = ORIENTED_EDGE('',*,*,#7252,.F.);
#10331 = ORIENTED_EDGE('',*,*,#7278,.F.);
#10332 = ORIENTED_EDGE('',*,*,#7328,.F.);
#10333 = ORIENTED_EDGE('',*,*,#2925,.F.);
#10334 = ORIENTED_EDGE('',*,*,#7360,.F.);
#10335 = ORIENTED_EDGE('',*,*,#7433,.F.);
#10336 = ORIENTED_EDGE('',*,*,#7459,.F.);
#10337 = ORIENTED_EDGE('',*,*,#7532,.F.);
#10338 = ORIENTED_EDGE('',*,*,#7558,.F.);
#10339 = ORIENTED_EDGE('',*,*,#7631,.F.);
#10340 = ORIENTED_EDGE('',*,*,#7657,.F.);
#10341 = ORIENTED_EDGE('',*,*,#2805,.F.);
#10342 = ORIENTED_EDGE('',*,*,#7712,.F.);
#10343 = ORIENTED_EDGE('',*,*,#7738,.F.);
#10344 = ORIENTED_EDGE('',*,*,#7811,.F.);
#10345 = ORIENTED_EDGE('',*,*,#7837,.F.);
#10346 = ORIENTED_EDGE('',*,*,#7910,.F.);
#10347 = ORIENTED_EDGE('',*,*,#7936,.F.);
#10348 = ORIENTED_EDGE('',*,*,#7986,.F.);
#10349 = ORIENTED_EDGE('',*,*,#2675,.F.);
#10350 = ORIENTED_EDGE('',*,*,#8018,.F.);
#10351 = ORIENTED_EDGE('',*,*,#8091,.F.);
#10352 = ORIENTED_EDGE('',*,*,#8117,.F.);
#10353 = ORIENTED_EDGE('',*,*,#8190,.F.);
#10354 = ORIENTED_EDGE('',*,*,#8216,.F.);
#10355 = ORIENTED_EDGE('',*,*,#8289,.F.);
#10356 = ORIENTED_EDGE('',*,*,#8315,.F.);
#10357 = ORIENTED_EDGE('',*,*,#8388,.F.);
#10358 = ORIENTED_EDGE('',*,*,#8437,.F.);
#10359 = ORIENTED_EDGE('',*,*,#8491,.F.);
#10360 = ORIENTED_EDGE('',*,*,#8517,.F.);
#10361 = ORIENTED_EDGE('',*,*,#8590,.F.);
#10362 = ORIENTED_EDGE('',*,*,#8616,.F.);
#10363 = ORIENTED_EDGE('',*,*,#8689,.F.);
#10364 = ORIENTED_EDGE('',*,*,#8738,.F.);
#10365 = ORIENTED_EDGE('',*,*,#8792,.F.);
#10366 = ORIENTED_EDGE('',*,*,#8818,.F.);
#10367 = ORIENTED_EDGE('',*,*,#8891,.F.);
#10368 = ORIENTED_EDGE('',*,*,#8917,.F.);
#10369 = ORIENTED_EDGE('',*,*,#8990,.F.);
#10370 = ORIENTED_EDGE('',*,*,#9016,.F.);
#10371 = FACE_BOUND('',#10372,.T.);
#10372 = EDGE_LOOP('',(#10373,#10374,#10375,#10376));
#10373 = ORIENTED_EDGE('',*,*,#9545,.T.);
#10374 = ORIENTED_EDGE('',*,*,#9398,.T.);
#10375 = ORIENTED_EDGE('',*,*,#9469,.T.);
#10376 = ORIENTED_EDGE('',*,*,#9518,.T.);
#10377 = ( GEOMETRIC_REPRESENTATION_CONTEXT(3) 
GLOBAL_UNCERTAINTY_ASSIGNED_CONTEXT((#10381)) 
GLOBAL_UNIT_ASSIGNED_CONTEXT((#10378,#10379,#10380)) 
REPRESENTATION_CONTEXT('Context #1',
  '3D Context with UNIT and UNCERTAINTY') );
#10378 = ( LENGTH_UNIT() NAMED_UNIT(*) SI_UNIT(.MILLI.,.METRE.) );
#10379 = ( NAMED_UNIT(*) PLANE_ANGLE_UNIT() SI_UNIT($,.RADIAN.) );
#10380 = ( NAMED_UNIT(*) SI_UNIT($,.STERADIAN.) SOLID_ANGLE_UNIT() );
#10381 = UNCERTAINTY_MEASURE_WITH_UNIT(LENGTH_MEASURE(1.E-07),#10378,
  'distance_accuracy_value','confusion accuracy');
#10382 = CONTEXT_DEPENDENT_SHAPE_REPRESENTATION(#10383,#10385);
#10383 = ( REPRESENTATION_RELATIONSHIP('','',#2668,#10) 
REPRESENTATION_RELATIONSHIP_WITH_TRANSFORMATION(#10384) 
SHAPE_REPRESENTATION_RELATIONSHIP() );
#10384 = ITEM_DEFINED_TRANSFORMATION('','',#11,#19);
#10385 = PRODUCT_DEFINITION_SHAPE('Placement','Placement of an item',
  #10386);
#10386 = NEXT_ASSEMBLY_USAGE_OCCURRENCE('6','','',#5,#2663,$);
#10387 = PRODUCT_RELATED_PRODUCT_CATEGORY('part',$,(#2665));
#10388 = CONTEXT_DEPENDENT_SHAPE_REPRESENTATION(#10389,#10391);
#10389 = ( REPRESENTATION_RELATIONSHIP('','',#2668,#10) 
REPRESENTATION_RELATIONSHIP_WITH_TRANSFORMATION(#10390) 
SHAPE_REPRESENTATION_RELATIONSHIP() );
#10390 = ITEM_DEFINED_TRANSFORMATION('','',#11,#23);
#10391 = PRODUCT_DEFINITION_SHAPE('Placement','Placement of an item',
  #10392);
#10392 = NEXT_ASSEMBLY_USAGE_OCCURRENCE('7','','',#5,#2663,$);
#10393 = CONTEXT_DEPENDENT_SHAPE_REPRESENTATION(#10394,#10396);
#10394 = ( REPRESENTATION_RELATIONSHIP('','',#2668,#10) 
REPRESENTATION_RELATIONSHIP_WITH_TRANSFORMATION(#10395) 
SHAPE_REPRESENTATION_RELATIONSHIP() );
#10395 = ITEM_DEFINED_TRANSFORMATION('','',#11,#27);
#10396 = PRODUCT_DEFINITION_SHAPE('Placement','Placement of an item',
  #10397);
#10397 = NEXT_ASSEMBLY_USAGE_OCCURRENCE('8','','',#5,#2663,$);
ENDSEC;
END-ISO-10303-21;
