ISO-10303-21;
HEADER;
FILE_DESCRIPTION(('Open CASCADE Model'),'2;1');
FILE_NAME('Open CASCADE Shape Model','2026-08-27T00:56:29',('Author'),(
    'Open CASCADE'),'Open CASCADE STEP processor 7.9','Open CASCADE 7.9'
  ,'Unknown');
FILE_SCHEMA(('AUTOMOTIVE_DESIGN { 1 0 10303 214 1 1 1 1 }'));
ENDSEC;
DATA;
#1 = APPLICATION_PROTOCOL_DEFINITION('international standard',
  'automotive_design',2000,#2);
#2 = APPLICATION_CONTEXT(
  'core data for automotive mechanical design processes');
#3 = SHAPE_DEFINITION_REPRESENTATION(#4,#10);
#4 = PRODUCT_DEFINITION_SHAPE('','',#5);
#5 = PRODUCT_DEFINITION('design','',#6,#9);
#6 = PRODUCT_DEFINITION_FORMATION('','',#7);
#7 = PRODUCT('Open CASCADE STEP translator 7.9 2',
  'Open CASCADE STEP translator 7.9 2','',(#8));
#8 = PRODUCT_CONTEXT('',#2,'mechanical');
#9 = PRODUCT_DEFINITION_CONTEXT('part definition',#2,'design');
#10 = SHAPE_REPRESENTATION('',(#11,#15,#19,#23,#27),#31);
#11 = AXIS2_PLACEMENT_3D('',#12,#13,#14);
#12 = CARTESIAN_POINT('',(0.,0.,0.));
#13 = DIRECTION('',(0.,0.,1.));
#14 = DIRECTION('',(1.,0.,-0.));
#15 = AXIS2_PLACEMENT_3D('',#16,#17,#18);
#16 = CARTESIAN_POINT('',(0.,0.,0.));
#17 = DIRECTION('',(0.,0.,1.));
#18 = DIRECTION('',(1.,0.,-0.));
#19 = AXIS2_PLACEMENT_3D('',#20,#21,#22);
#20 = CARTESIAN_POINT('',(0.,0.,0.));
#21 = DIRECTION('',(0.,0.,1.));
#22 = DIRECTION('',(1.,0.,0.));
#23 = AXIS2_PLACEMENT_3D('',#24,#25,#26);
#24 = CARTESIAN_POINT('',(2.5,-2.299649392755E-16,-1.745740669422E-14));
#25 = DIRECTION('',(0.,0.,1.));
#26 = DIRECTION('',(1.,0.,0.));
#27 = AXIS2_PLACEMENT_3D('',#28,#29,#30);
#28 = CARTESIAN_POINT('',(-2.5,2.299649392755E-16,1.745740669422E-14));
#29 = DIRECTION('',(0.,0.,1.));
#30 = DIRECTION('',(1.,0.,0.));
#31 = ( GEOMETRIC_REPRESENTATION_CONTEXT(3) 
GLOBAL_UNCERTAINTY_ASSIGNED_CONTEXT((#35)) GLOBAL_UNIT_ASSIGNED_CONTEXT(
(#32,#33,#34)) REPRESENTATION_CONTEXT('Context #1',
  '3D Context with UNIT and UNCERTAINTY') );
#32 = ( LENGTH_UNIT() NAMED_UNIT(*) SI_UNIT(.MILLI.,.METRE.) );
#33 = ( NAMED_UNIT(*) PLANE_ANGLE_UNIT() SI_UNIT($,.RADIAN.) );
#34 = ( NAMED_UNIT(*) SI_UNIT($,.STERADIAN.) SOLID_ANGLE_UNIT() );
#35 = UNCERTAINTY_MEASURE_WITH_UNIT(LENGTH_MEASURE(5.E-05),#32,
  'distance_accuracy_value','confusion accuracy');
#36 = PRODUCT_RELATED_PRODUCT_CATEGORY('part',$,(#7));
#37 = SHAPE_DEFINITION_REPRESENTATION(#38,#44);
#38 = PRODUCT_DEFINITION_SHAPE('','',#39);
#39 = PRODUCT_DEFINITION('design','',#40,#43);
#40 = PRODUCT_DEFINITION_FORMATION('','',#41);
#41 = PRODUCT('Open CASCADE STEP translator 7.9 2.1',
  'Open CASCADE STEP translator 7.9 2.1','',(#42));
#42 = PRODUCT_CONTEXT('',#2,'mechanical');
#43 = PRODUCT_DEFINITION_CONTEXT('part definition',#2,'design');
#44 = ADVANCED_BREP_SHAPE_REPRESENTATION('',(#11,#45),#1138);
#45 = MANIFOLD_SOLID_BREP('',#46);
#46 = CLOSED_SHELL('',(#47,#158,#259,#426,#514,#581,#651,#794,#909,#971,
    #1012,#1067,#1108,#1123));
#47 = ADVANCED_FACE('',(#48),#61,.F.);
#48 = FACE_BOUND('',#49,.T.);
#49 = EDGE_LOOP('',(#50,#82,#110,#135));
#50 = ORIENTED_EDGE('',*,*,#51,.F.);
#51 = EDGE_CURVE('',#52,#54,#56,.T.);
#52 = VERTEX_POINT('',#53);
#53 = CARTESIAN_POINT('',(-5.912494801853,3.001549528634,-0.355125000057
    ));
#54 = VERTEX_POINT('',#55);
#55 = CARTESIAN_POINT('',(-5.803347156826,2.037380911796,-0.355125000056
    ));
#56 = SURFACE_CURVE('',#57,(#60,#71),.PCURVE_S1.);
#57 = B_SPLINE_CURVE_WITH_KNOTS('',1,(#58,#59),.UNSPECIFIED.,.F.,.F.,(2,
    2),(9.667964602077,10.63829152127),.PIECEWISE_BEZIER_KNOTS.);
#58 = CARTESIAN_POINT('',(-5.912494801853,3.001549528635,-0.355125000057
    ));
#59 = CARTESIAN_POINT('',(-5.803347156826,2.037380911796,-0.355125000057
    ));
#60 = PCURVE('',#61,#66);
#61 = B_SPLINE_SURFACE_WITH_KNOTS('',1,1,(
    (#62,#63)
    ,(#64,#65)),.UNSPECIFIED.,.F.,.F.,.F.,(2,2),(2,2),(-3.001549528635,
    -2.037380911796),(-12.91249480185,-1.359381497684),
  .PIECEWISE_BEZIER_KNOTS.);
#62 = CARTESIAN_POINT('',(-5.912494801853,3.001549528635,-0.355125000057
    ));
#63 = CARTESIAN_POINT('',(5.640618502316,3.001549528635,-0.355125000057)
  );
#64 = CARTESIAN_POINT('',(-5.912494801853,2.037380911796,-0.355125000056
    ));
#65 = CARTESIAN_POINT('',(5.640618502316,2.037380911796,-0.355125000056)
  );
#66 = DEFINITIONAL_REPRESENTATION('',(#67),#70);
#67 = B_SPLINE_CURVE_WITH_KNOTS('',1,(#68,#69),.UNSPECIFIED.,.F.,.F.,(2,
    2),(9.667964602077,10.63829152127),.PIECEWISE_BEZIER_KNOTS.);
#68 = CARTESIAN_POINT('',(-3.001549528635,-12.91249480185));
#69 = CARTESIAN_POINT('',(-2.037380911796,-12.80334715682));
#70 = ( GEOMETRIC_REPRESENTATION_CONTEXT(2) 
PARAMETRIC_REPRESENTATION_CONTEXT() REPRESENTATION_CONTEXT('2D SPACE',''
  ) );
#71 = PCURVE('',#72,#77);
#72 = B_SPLINE_SURFACE_WITH_KNOTS('',1,1,(
    (#73,#74)
    ,(#75,#76
    )),.UNSPECIFIED.,.F.,.F.,.F.,(2,2),(2,2),(-5.551115123126E-17,
    17.780079798331),(-3.552713678801E-15,23.39104614566),
  .PIECEWISE_BEZIER_KNOTS.);
#73 = CARTESIAN_POINT('',(-7.,12.608155172201,23.035921145604));
#74 = CARTESIAN_POINT('',(-7.,12.608155172201,-0.355125000057));
#75 = CARTESIAN_POINT('',(-5.,-5.059081103884,23.035921145604));
#76 = CARTESIAN_POINT('',(-5.,-5.059081103884,-0.355125000057));
#77 = DEFINITIONAL_REPRESENTATION('',(#78),#81);
#78 = B_SPLINE_CURVE_WITH_KNOTS('',1,(#79,#80),.UNSPECIFIED.,.F.,.F.,(2,
    2),(9.667964602077,10.63829152127),.PIECEWISE_BEZIER_KNOTS.);
#79 = CARTESIAN_POINT('',(9.667964602077,23.39104614566));
#80 = CARTESIAN_POINT('',(10.63829152127,23.39104614566));
#81 = ( GEOMETRIC_REPRESENTATION_CONTEXT(2) 
PARAMETRIC_REPRESENTATION_CONTEXT() REPRESENTATION_CONTEXT('2D SPACE',''
  ) );
#82 = ORIENTED_EDGE('',*,*,#83,.F.);
#83 = EDGE_CURVE('',#84,#52,#86,.T.);
#84 = VERTEX_POINT('',#85);
#85 = CARTESIAN_POINT('',(5.640618502316,3.001549528634,-0.355125000057)
  );
#86 = SURFACE_CURVE('',#87,(#90,#96),.PCURVE_S1.);
#87 = B_SPLINE_CURVE_WITH_KNOTS('',1,(#88,#89),.UNSPECIFIED.,.F.,.F.,(2,
    2),(1.359381497684,12.912494801853),.PIECEWISE_BEZIER_KNOTS.);
#88 = CARTESIAN_POINT('',(5.640618502316,3.001549528634,-0.355125000057)
  );
#89 = CARTESIAN_POINT('',(-5.912494801853,3.001549528634,-0.355125000057
    ));
#90 = PCURVE('',#61,#91);
#91 = DEFINITIONAL_REPRESENTATION('',(#92),#95);
#92 = B_SPLINE_CURVE_WITH_KNOTS('',1,(#93,#94),.UNSPECIFIED.,.F.,.F.,(2,
    2),(1.359381497684,12.912494801853),.PIECEWISE_BEZIER_KNOTS.);
#93 = CARTESIAN_POINT('',(-3.001549528635,-1.359381497684));
#94 = CARTESIAN_POINT('',(-3.001549528635,-12.91249480185));
#95 = ( GEOMETRIC_REPRESENTATION_CONTEXT(2) 
PARAMETRIC_REPRESENTATION_CONTEXT() REPRESENTATION_CONTEXT('2D SPACE',''
  ) );
#96 = PCURVE('',#97,#104);
#97 = B_SPLINE_SURFACE_WITH_KNOTS('',2,1,(
    (#98,#99)
    ,(#100,#101)
    ,(#102,#103
    )),.UNSPECIFIED.,.F.,.F.,.F.,(3,3),(2,2),(0.500820705123,
    0.502013311782),(0.,1.),.PIECEWISE_BEZIER_KNOTS.);
#98 = CARTESIAN_POINT('',(6.779229999436,3.001549528634,-0.355125000057)
  );
#99 = CARTESIAN_POINT('',(-6.839532730058,3.001549528634,-0.355125000057
    ));
#100 = CARTESIAN_POINT('',(6.779229999436,6.058427314147,1.448726270044)
  );
#101 = CARTESIAN_POINT('',(-6.839532730058,6.058427314147,1.448726270044
    ));
#102 = CARTESIAN_POINT('',(6.779229999436,10.477389992214,6.994875025829
    ));
#103 = CARTESIAN_POINT('',(-6.839532730058,10.477389992214,
    6.994875025829));
#104 = DEFINITIONAL_REPRESENTATION('',(#105),#109);
#105 = B_SPLINE_CURVE_WITH_KNOTS('',2,(#106,#107,#108),.UNSPECIFIED.,.F.
  ,.F.,(3,3),(1.359381497684,12.912494801853),.PIECEWISE_BEZIER_KNOTS.);
#106 = CARTESIAN_POINT('',(0.500820705123,8.360608960855E-02));
#107 = CARTESIAN_POINT('',(0.500820705123,0.507767723585));
#108 = CARTESIAN_POINT('',(0.500820705123,0.931929357562));
#109 = ( GEOMETRIC_REPRESENTATION_CONTEXT(2) 
PARAMETRIC_REPRESENTATION_CONTEXT() REPRESENTATION_CONTEXT('2D SPACE',''
  ) );
#110 = ORIENTED_EDGE('',*,*,#111,.F.);
#111 = EDGE_CURVE('',#112,#84,#114,.T.);
#112 = VERTEX_POINT('',#113);
#113 = CARTESIAN_POINT('',(5.504183946032,2.037380911796,-0.355125000057
    ));
#114 = SURFACE_CURVE('',#115,(#118,#124),.PCURVE_S1.);
#115 = B_SPLINE_CURVE_WITH_KNOTS('',1,(#116,#117),.UNSPECIFIED.,.F.,.F.,
  (2,2),(-10.67608234006,-9.702308490625),.PIECEWISE_BEZIER_KNOTS.);
#116 = CARTESIAN_POINT('',(5.504183946032,2.037380911796,-0.355125000057
    ));
#117 = CARTESIAN_POINT('',(5.640618502316,3.001549528635,-0.355125000057
    ));
#118 = PCURVE('',#61,#119);
#119 = DEFINITIONAL_REPRESENTATION('',(#120),#123);
#120 = B_SPLINE_CURVE_WITH_KNOTS('',1,(#121,#122),.UNSPECIFIED.,.F.,.F.,
  (2,2),(-10.67608234006,-9.702308490625),.PIECEWISE_BEZIER_KNOTS.);
#121 = CARTESIAN_POINT('',(-2.037380911796,-1.495816053968));
#122 = CARTESIAN_POINT('',(-3.001549528635,-1.359381497684));
#123 = ( GEOMETRIC_REPRESENTATION_CONTEXT(2) 
PARAMETRIC_REPRESENTATION_CONTEXT() REPRESENTATION_CONTEXT('2D SPACE',''
  ) );
#124 = PCURVE('',#125,#130);
#125 = B_SPLINE_SURFACE_WITH_KNOTS('',1,1,(
    (#126,#127)
    ,(#128,#129
    )),.UNSPECIFIED.,.F.,.F.,.F.,(2,2),(2,2),(-17.84324067077,
    7.425171588693E-13),(-3.552713678801E-15,23.39104614566),
  .PIECEWISE_BEZIER_KNOTS.);
#126 = CARTESIAN_POINT('',(4.5,-5.059081103884,23.035921145604));
#127 = CARTESIAN_POINT('',(4.5,-5.059081103884,-0.355125000057));
#128 = CARTESIAN_POINT('',(7.,12.608155172202,23.035921145604));
#129 = CARTESIAN_POINT('',(7.,12.608155172202,-0.355125000057));
#130 = DEFINITIONAL_REPRESENTATION('',(#131),#134);
#131 = B_SPLINE_CURVE_WITH_KNOTS('',1,(#132,#133),.UNSPECIFIED.,.F.,.F.,
  (2,2),(-10.67608234006,-9.702308490625),.PIECEWISE_BEZIER_KNOTS.);
#132 = CARTESIAN_POINT('',(-10.67608234006,23.39104614566));
#133 = CARTESIAN_POINT('',(-9.702308490625,23.39104614566));
#134 = ( GEOMETRIC_REPRESENTATION_CONTEXT(2) 
PARAMETRIC_REPRESENTATION_CONTEXT() REPRESENTATION_CONTEXT('2D SPACE',''
  ) );
#135 = ORIENTED_EDGE('',*,*,#136,.T.);
#136 = EDGE_CURVE('',#112,#54,#137,.T.);
#137 = SURFACE_CURVE('',#138,(#141,#147),.PCURVE_S1.);
#138 = B_SPLINE_CURVE_WITH_KNOTS('',1,(#139,#140),.UNSPECIFIED.,.F.,.F.,
  (2,2),(1.495816053968,12.803347156826),.PIECEWISE_BEZIER_KNOTS.);
#139 = CARTESIAN_POINT('',(5.504183946032,2.037380911796,-0.355125000056
    ));
#140 = CARTESIAN_POINT('',(-5.803347156826,2.037380911796,
    -0.355125000056));
#141 = PCURVE('',#61,#142);
#142 = DEFINITIONAL_REPRESENTATION('',(#143),#146);
#143 = B_SPLINE_CURVE_WITH_KNOTS('',1,(#144,#145),.UNSPECIFIED.,.F.,.F.,
  (2,2),(1.495816053968,12.803347156826),.PIECEWISE_BEZIER_KNOTS.);
#144 = CARTESIAN_POINT('',(-2.037380911796,-1.495816053968));
#145 = CARTESIAN_POINT('',(-2.037380911796,-12.80334715682));
#146 = ( GEOMETRIC_REPRESENTATION_CONTEXT(2) 
PARAMETRIC_REPRESENTATION_CONTEXT() REPRESENTATION_CONTEXT('2D SPACE',''
  ) );
#147 = PCURVE('',#148,#153);
#148 = B_SPLINE_SURFACE_WITH_KNOTS('',1,1,(
    (#149,#150)
    ,(#151,#152
    )),.UNSPECIFIED.,.F.,.F.,.F.,(2,2),(2,2),(-1.751066702523,
    6.938893903907E-18),(-12.80334715682,-1.495816053968),
  .PIECEWISE_BEZIER_KNOTS.);
#149 = CARTESIAN_POINT('',(-5.803347156826,2.037380911796,
    -0.355125000057));
#150 = CARTESIAN_POINT('',(5.504183946032,2.037380911796,-0.355125000057
    ));
#151 = CARTESIAN_POINT('',(-5.803347156826,1.976269565185,1.394874999944
    ));
#152 = CARTESIAN_POINT('',(5.504183946032,1.976269565185,1.394874999944)
  );
#153 = DEFINITIONAL_REPRESENTATION('',(#154),#157);
#154 = B_SPLINE_CURVE_WITH_KNOTS('',1,(#155,#156),.UNSPECIFIED.,.F.,.F.,
  (2,2),(1.495816053968,12.803347156826),.PIECEWISE_BEZIER_KNOTS.);
#155 = CARTESIAN_POINT('',(-1.751066702523,-1.495816053968));
#156 = CARTESIAN_POINT('',(-1.751066702523,-12.80334715682));
#157 = ( GEOMETRIC_REPRESENTATION_CONTEXT(2) 
PARAMETRIC_REPRESENTATION_CONTEXT() REPRESENTATION_CONTEXT('2D SPACE',''
  ) );
#158 = ADVANCED_FACE('',(#159),#172,.T.);
#159 = FACE_BOUND('',#160,.T.);
#160 = EDGE_LOOP('',(#161,#193,#213,#241));
#161 = ORIENTED_EDGE('',*,*,#162,.T.);
#162 = EDGE_CURVE('',#163,#165,#167,.T.);
#163 = VERTEX_POINT('',#164);
#164 = CARTESIAN_POINT('',(6.895775593766,11.871612287934,
    23.035921145604));
#165 = VERTEX_POINT('',#166);
#166 = CARTESIAN_POINT('',(-6.916620475013,11.871612287934,
    23.035921145604));
#167 = SURFACE_CURVE('',#168,(#171,#182),.PCURVE_S1.);
#168 = B_SPLINE_CURVE_WITH_KNOTS('',1,(#169,#170),.UNSPECIFIED.,.F.,.F.,
  (2,2),(0.104224406234,13.916620475013),.PIECEWISE_BEZIER_KNOTS.);
#169 = CARTESIAN_POINT('',(6.895775593766,11.871612287934,
    23.035921145604));
#170 = CARTESIAN_POINT('',(-6.916620475013,11.871612287934,
    23.035921145604));
#171 = PCURVE('',#172,#177);
#172 = B_SPLINE_SURFACE_WITH_KNOTS('',1,1,(
    (#173,#174)
    ,(#175,#176
    )),.UNSPECIFIED.,.F.,.F.,.F.,(2,2),(2,2),(-13.91662047501,
    -0.104224406234),(11.540137820098,11.871612287934),
  .PIECEWISE_BEZIER_KNOTS.);
#173 = CARTESIAN_POINT('',(-6.916620475013,11.540137820098,
    23.035921145604));
#174 = CARTESIAN_POINT('',(-6.916620475013,11.871612287934,
    23.035921145604));
#175 = CARTESIAN_POINT('',(6.895775593766,11.540137820098,
    23.035921145604));
#176 = CARTESIAN_POINT('',(6.895775593766,11.871612287934,
    23.035921145604));
#177 = DEFINITIONAL_REPRESENTATION('',(#178),#181);
#178 = B_SPLINE_CURVE_WITH_KNOTS('',1,(#179,#180),.UNSPECIFIED.,.F.,.F.,
  (2,2),(0.104224406234,13.916620475013),.PIECEWISE_BEZIER_KNOTS.);
#179 = CARTESIAN_POINT('',(-0.104224406234,11.871612287934));
#180 = CARTESIAN_POINT('',(-13.91662047501,11.871612287934));
#181 = ( GEOMETRIC_REPRESENTATION_CONTEXT(2) 
PARAMETRIC_REPRESENTATION_CONTEXT() REPRESENTATION_CONTEXT('2D SPACE',''
  ) );
#182 = PCURVE('',#183,#188);
#183 = B_SPLINE_SURFACE_WITH_KNOTS('',1,1,(
    (#184,#185)
    ,(#186,#187
    )),.UNSPECIFIED.,.F.,.F.,.F.,(2,2),(2,2),(-22.38303903504,
    -8.309676529769),(-14.,-6.217248937901E-15),
  .PIECEWISE_BEZIER_KNOTS.);
#184 = CARTESIAN_POINT('',(-7.,11.871612287934,23.035921145604));
#185 = CARTESIAN_POINT('',(7.,11.871612287934,23.035921145604));
#186 = CARTESIAN_POINT('',(-7.,12.608155172201,8.981845694529));
#187 = CARTESIAN_POINT('',(7.,12.608155172201,8.981845694529));
#188 = DEFINITIONAL_REPRESENTATION('',(#189),#192);
#189 = B_SPLINE_CURVE_WITH_KNOTS('',1,(#190,#191),.UNSPECIFIED.,.F.,.F.,
  (2,2),(0.104224406234,13.916620475013),.PIECEWISE_BEZIER_KNOTS.);
#190 = CARTESIAN_POINT('',(-22.38303903504,-0.104224406234));
#191 = CARTESIAN_POINT('',(-22.38303903504,-13.91662047501));
#192 = ( GEOMETRIC_REPRESENTATION_CONTEXT(2) 
PARAMETRIC_REPRESENTATION_CONTEXT() REPRESENTATION_CONTEXT('2D SPACE',''
  ) );
#193 = ORIENTED_EDGE('',*,*,#194,.T.);
#194 = EDGE_CURVE('',#165,#195,#197,.T.);
#195 = VERTEX_POINT('',#196);
#196 = CARTESIAN_POINT('',(-6.879096273417,11.540137820098,
    23.035921145604));
#197 = SURFACE_CURVE('',#198,(#201,#207),.PCURVE_S1.);
#198 = B_SPLINE_CURVE_WITH_KNOTS('',1,(#199,#200),.UNSPECIFIED.,.F.,.F.,
  (2,2),(0.741247303908,1.074838953283),.PIECEWISE_BEZIER_KNOTS.);
#199 = CARTESIAN_POINT('',(-6.916620475013,11.871612287934,
    23.035921145604));
#200 = CARTESIAN_POINT('',(-6.879096273417,11.540137820098,
    23.035921145604));
#201 = PCURVE('',#172,#202);
#202 = DEFINITIONAL_REPRESENTATION('',(#203),#206);
#203 = B_SPLINE_CURVE_WITH_KNOTS('',1,(#204,#205),.UNSPECIFIED.,.F.,.F.,
  (2,2),(0.741247303908,1.074838953283),.PIECEWISE_BEZIER_KNOTS.);
#204 = CARTESIAN_POINT('',(-13.91662047501,11.871612287934));
#205 = CARTESIAN_POINT('',(-13.87909627341,11.540137820098));
#206 = ( GEOMETRIC_REPRESENTATION_CONTEXT(2) 
PARAMETRIC_REPRESENTATION_CONTEXT() REPRESENTATION_CONTEXT('2D SPACE',''
  ) );
#207 = PCURVE('',#72,#208);
#208 = DEFINITIONAL_REPRESENTATION('',(#209),#212);
#209 = B_SPLINE_CURVE_WITH_KNOTS('',1,(#210,#211),.UNSPECIFIED.,.F.,.F.,
  (2,2),(0.741247303908,1.074838953283),.PIECEWISE_BEZIER_KNOTS.);
#210 = CARTESIAN_POINT('',(0.741247303908,0.));
#211 = CARTESIAN_POINT('',(1.074838953283,0.));
#212 = ( GEOMETRIC_REPRESENTATION_CONTEXT(2) 
PARAMETRIC_REPRESENTATION_CONTEXT() REPRESENTATION_CONTEXT('2D SPACE',''
  ) );
#213 = ORIENTED_EDGE('',*,*,#214,.F.);
#214 = EDGE_CURVE('',#215,#195,#217,.T.);
#215 = VERTEX_POINT('',#216);
#216 = CARTESIAN_POINT('',(6.848870341771,11.540137820098,
    23.035921145604));
#217 = SURFACE_CURVE('',#218,(#221,#227),.PCURVE_S1.);
#218 = B_SPLINE_CURVE_WITH_KNOTS('',1,(#219,#220),.UNSPECIFIED.,.F.,.F.,
  (2,2),(0.151129658229,13.879096273417),.PIECEWISE_BEZIER_KNOTS.);
#219 = CARTESIAN_POINT('',(6.848870341771,11.540137820098,
    23.035921145604));
#220 = CARTESIAN_POINT('',(-6.879096273417,11.540137820098,
    23.035921145604));
#221 = PCURVE('',#172,#222);
#222 = DEFINITIONAL_REPRESENTATION('',(#223),#226);
#223 = B_SPLINE_CURVE_WITH_KNOTS('',1,(#224,#225),.UNSPECIFIED.,.F.,.F.,
  (2,2),(0.151129658229,13.879096273417),.PIECEWISE_BEZIER_KNOTS.);
#224 = CARTESIAN_POINT('',(-0.151129658229,11.540137820098));
#225 = CARTESIAN_POINT('',(-13.87909627341,11.540137820098));
#226 = ( GEOMETRIC_REPRESENTATION_CONTEXT(2) 
PARAMETRIC_REPRESENTATION_CONTEXT() REPRESENTATION_CONTEXT('2D SPACE',''
  ) );
#227 = PCURVE('',#228,#235);
#228 = ( BOUNDED_SURFACE() B_SPLINE_SURFACE(2,1,(
    (#229,#230)
    ,(#231,#232)
,(#233,#234
    )),.UNSPECIFIED.,.F.,.F.,.F.) B_SPLINE_SURFACE_WITH_KNOTS((3,3),(2,2
    ),(2.304008988645,2.38575779306),(0.151129658229,13.879096273417),
.PIECEWISE_BEZIER_KNOTS.) GEOMETRIC_REPRESENTATION_ITEM() 
RATIONAL_B_SPLINE_SURFACE((
    (1.,1.)
    ,(0.99916475792,0.99916475792)
,(1.,1.))) REPRESENTATION_ITEM('') SURFACE() );
#229 = CARTESIAN_POINT('',(6.848870341771,11.540137820098,
    23.035921145604));
#230 = CARTESIAN_POINT('',(-6.879096273417,11.540137820098,
    23.035921145604));
#231 = CARTESIAN_POINT('',(6.848870341771,9.624177999952,20.908778240271
    ));
#232 = CARTESIAN_POINT('',(-6.879096273417,9.624177999952,
    20.908778240271));
#233 = CARTESIAN_POINT('',(6.848870341771,7.540918895747,18.945192113598
    ));
#234 = CARTESIAN_POINT('',(-6.879096273417,7.540918895747,
    18.945192113598));
#235 = DEFINITIONAL_REPRESENTATION('',(#236),#240);
#236 = B_SPLINE_CURVE_WITH_KNOTS('',2,(#237,#238,#239),.UNSPECIFIED.,.F.
  ,.F.,(3,3),(0.151129658229,13.879096273417),.PIECEWISE_BEZIER_KNOTS.);
#237 = CARTESIAN_POINT('',(2.304008988645,0.151129658229));
#238 = CARTESIAN_POINT('',(2.304008988645,7.015112965823));
#239 = CARTESIAN_POINT('',(2.304008988645,13.879096273417));
#240 = ( GEOMETRIC_REPRESENTATION_CONTEXT(2) 
PARAMETRIC_REPRESENTATION_CONTEXT() REPRESENTATION_CONTEXT('2D SPACE',''
  ) );
#241 = ORIENTED_EDGE('',*,*,#242,.T.);
#242 = EDGE_CURVE('',#215,#163,#243,.T.);
#243 = SURFACE_CURVE('',#244,(#247,#253),.PCURVE_S1.);
#244 = B_SPLINE_CURVE_WITH_KNOTS('',1,(#245,#246),.UNSPECIFIED.,.F.,.F.,
  (2,2),(-1.078657145709,-0.743880465679),.PIECEWISE_BEZIER_KNOTS.);
#245 = CARTESIAN_POINT('',(6.848870341771,11.540137820098,
    23.035921145604));
#246 = CARTESIAN_POINT('',(6.895775593766,11.871612287934,
    23.035921145604));
#247 = PCURVE('',#172,#248);
#248 = DEFINITIONAL_REPRESENTATION('',(#249),#252);
#249 = B_SPLINE_CURVE_WITH_KNOTS('',1,(#250,#251),.UNSPECIFIED.,.F.,.F.,
  (2,2),(-1.078657145709,-0.743880465679),.PIECEWISE_BEZIER_KNOTS.);
#250 = CARTESIAN_POINT('',(-0.151129658229,11.540137820098));
#251 = CARTESIAN_POINT('',(-0.104224406234,11.871612287934));
#252 = ( GEOMETRIC_REPRESENTATION_CONTEXT(2) 
PARAMETRIC_REPRESENTATION_CONTEXT() REPRESENTATION_CONTEXT('2D SPACE',''
  ) );
#253 = PCURVE('',#125,#254);
#254 = DEFINITIONAL_REPRESENTATION('',(#255),#258);
#255 = B_SPLINE_CURVE_WITH_KNOTS('',1,(#256,#257),.UNSPECIFIED.,.F.,.F.,
  (2,2),(-1.078657145709,-0.743880465679),.PIECEWISE_BEZIER_KNOTS.);
#256 = CARTESIAN_POINT('',(-1.078657145709,0.));
#257 = CARTESIAN_POINT('',(-0.743880465679,0.));
#258 = ( GEOMETRIC_REPRESENTATION_CONTEXT(2) 
PARAMETRIC_REPRESENTATION_CONTEXT() REPRESENTATION_CONTEXT('2D SPACE',''
  ) );
#259 = ADVANCED_FACE('',(#260),#287,.F.);
#260 = FACE_BOUND('',#261,.F.);
#261 = EDGE_LOOP('',(#262,#325,#354,#406));
#262 = ORIENTED_EDGE('',*,*,#263,.F.);
#263 = EDGE_CURVE('',#264,#266,#268,.T.);
#264 = VERTEX_POINT('',#265);
#265 = CARTESIAN_POINT('',(4.5,-5.059081103884,2.846604824987));
#266 = VERTEX_POINT('',#267);
#267 = CARTESIAN_POINT('',(6.282961381556,7.540918895747,18.945192113598
    ));
#268 = SURFACE_CURVE('',#269,(#286,#305),.PCURVE_S1.);
#269 = B_SPLINE_CURVE_WITH_KNOTS('',3,(#270,#271,#272,#273,#274,#275,
    #276,#277,#278,#279,#280,#281,#282,#283,#284,#285),.UNSPECIFIED.,.F.
  ,.F.,(4,2,2,2,2,2,2,4),(0.,2.604577309097E-03,5.209154618194E-03,
    6.511443272742E-03,7.81373192729E-03,1.041830923639E-02,
    1.562746385458E-02,2.083661847277E-02),.UNSPECIFIED.);
#270 = CARTESIAN_POINT('',(4.5,-5.059081103884,2.846604824987));
#271 = CARTESIAN_POINT('',(4.522778825379,-4.898105547861,3.717840775964
    ));
#272 = CARTESIAN_POINT('',(4.558651053902,-4.644600293031,4.551008080337
    ));
#273 = CARTESIAN_POINT('',(4.649248739372,-4.00435600693,6.162527536576)
  );
#274 = CARTESIAN_POINT('',(4.704039584953,-3.617154881069,6.940689573099
    ));
#275 = CARTESIAN_POINT('',(4.79710511881,-2.959470570748,8.076301514988)
  );
#276 = CARTESIAN_POINT('',(4.82997495494,-2.727182906239,8.449541799657)
  );
#277 = CARTESIAN_POINT('',(4.898058370764,-2.246044588698,9.177571171393
    ));
#278 = CARTESIAN_POINT('',(4.933376788653,-1.996453055205,9.5336825301)
  );
#279 = CARTESIAN_POINT('',(5.042601975568,-1.22457018139,10.581774458239
    ));
#280 = CARTESIAN_POINT('',(5.119752328651,-0.67935677471,11.253675991365
    ));
#281 = CARTESIAN_POINT('',(5.361081285856,1.026089508167,13.20823259264)
  );
#282 = CARTESIAN_POINT('',(5.535106548062,2.25590767833,14.431522653312)
  );
#283 = CARTESIAN_POINT('',(5.89943958271,4.830610800854,16.770696883643)
  );
#284 = CARTESIAN_POINT('',(6.088744783749,6.168410686869,17.879019433462
    ));
#285 = CARTESIAN_POINT('',(6.282961381556,7.540918895747,18.945192113598
    ));
#286 = PCURVE('',#287,#294);
#287 = B_SPLINE_SURFACE_WITH_KNOTS('',2,1,(
    (#288,#289)
    ,(#290,#291)
    ,(#292,#293
    )),.UNSPECIFIED.,.F.,.F.,.F.,(3,3),(2,2),(0.497667241109,
    0.499554279588),(0.,1.),.PIECEWISE_BEZIER_KNOTS.);
#288 = CARTESIAN_POINT('',(6.359217364476,7.540918895747,18.945192113598
    ));
#289 = CARTESIAN_POINT('',(-6.502625088165,7.540918895747,
    18.945192113598));
#290 = CARTESIAN_POINT('',(6.359217364476,-3.697644103228,
    10.215008384279));
#291 = CARTESIAN_POINT('',(-6.502625088165,-3.697644103228,
    10.215008384279));
#292 = CARTESIAN_POINT('',(6.359217364476,-5.059081103884,2.846604824987
    ));
#293 = CARTESIAN_POINT('',(-6.502625088165,-5.059081103884,
    2.846604824987));
#294 = DEFINITIONAL_REPRESENTATION('',(#295),#304);
#295 = B_SPLINE_CURVE_WITH_KNOTS('',7,(#296,#297,#298,#299,#300,#301,
    #302,#303),.UNSPECIFIED.,.F.,.F.,(8,8),(0.,2.083661847277E-02),
  .PIECEWISE_BEZIER_KNOTS.);
#296 = CARTESIAN_POINT('',(0.499554279588,0.144552957426));
#297 = CARTESIAN_POINT('',(0.499171307985,0.138406706724));
#298 = CARTESIAN_POINT('',(0.498857110038,0.1236601903));
#299 = CARTESIAN_POINT('',(0.498531494461,0.101196652486));
#300 = CARTESIAN_POINT('',(0.498328735361,8.193318515112E-02));
#301 = CARTESIAN_POINT('',(0.498068998163,5.642417548023E-02));
#302 = CARTESIAN_POINT('',(0.497865907672,3.186746213051E-02));
#303 = CARTESIAN_POINT('',(0.497667241109,5.928853754941E-03));
#304 = ( GEOMETRIC_REPRESENTATION_CONTEXT(2) 
PARAMETRIC_REPRESENTATION_CONTEXT() REPRESENTATION_CONTEXT('2D SPACE',''
  ) );
#305 = PCURVE('',#125,#306);
#306 = DEFINITIONAL_REPRESENTATION('',(#307),#324);
#307 = B_SPLINE_CURVE_WITH_KNOTS('',3,(#308,#309,#310,#311,#312,#313,
    #314,#315,#316,#317,#318,#319,#320,#321,#322,#323),.UNSPECIFIED.,.F.
  ,.F.,(4,2,2,2,2,2,2,4),(0.,2.604577309097E-03,5.209154618194E-03,
    6.511443272742E-03,7.81373192729E-03,1.041830923639E-02,
    1.562746385458E-02,2.083661847277E-02),.UNSPECIFIED.);
#308 = CARTESIAN_POINT('',(-17.84324067077,20.189316320616));
#309 = CARTESIAN_POINT('',(-17.68066144539,19.318080369639));
#310 = CARTESIAN_POINT('',(-17.42463072262,18.484913065267));
#311 = CARTESIAN_POINT('',(-16.7780082002,16.873393609027));
#312 = CARTESIAN_POINT('',(-16.38694970249,16.095231572505));
#313 = CARTESIAN_POINT('',(-15.72271341499,14.959619630616));
#314 = CARTESIAN_POINT('',(-15.48811165624,14.586379345947));
#315 = CARTESIAN_POINT('',(-15.00218014654,13.858349974211));
#316 = CARTESIAN_POINT('',(-14.75010213434,13.502238615504));
#317 = CARTESIAN_POINT('',(-13.97052961537,12.454146687364));
#318 = CARTESIAN_POINT('',(-13.41988468821,11.782245154239));
#319 = CARTESIAN_POINT('',(-11.69744842252,9.827688552963));
#320 = CARTESIAN_POINT('',(-10.45537856798,8.604398492292));
#321 = CARTESIAN_POINT('',(-7.85502575937,6.265224261961));
#322 = CARTESIAN_POINT('',(-6.503898454428,5.156901712141));
#323 = CARTESIAN_POINT('',(-5.117717055657,4.090729032005));
#324 = ( GEOMETRIC_REPRESENTATION_CONTEXT(2) 
PARAMETRIC_REPRESENTATION_CONTEXT() REPRESENTATION_CONTEXT('2D SPACE',''
  ) );
#325 = ORIENTED_EDGE('',*,*,#326,.T.);
#326 = EDGE_CURVE('',#264,#327,#329,.T.);
#327 = VERTEX_POINT('',#328);
#328 = CARTESIAN_POINT('',(-5.,-5.059081103884,2.846604824987));
#329 = SURFACE_CURVE('',#330,(#333,#340),.PCURVE_S1.);
#330 = B_SPLINE_CURVE_WITH_KNOTS('',1,(#331,#332),.UNSPECIFIED.,.F.,.F.,
  (2,2),(2.5,12.),.PIECEWISE_BEZIER_KNOTS.);
#331 = CARTESIAN_POINT('',(4.5,-5.059081103884,2.846604824987));
#332 = CARTESIAN_POINT('',(-5.,-5.059081103884,2.846604824987));
#333 = PCURVE('',#287,#334);
#334 = DEFINITIONAL_REPRESENTATION('',(#335),#339);
#335 = B_SPLINE_CURVE_WITH_KNOTS('',2,(#336,#337,#338),.UNSPECIFIED.,.F.
  ,.F.,(3,3),(2.5,12.),.PIECEWISE_BEZIER_KNOTS.);
#336 = CARTESIAN_POINT('',(0.499554279588,0.144552957426));
#337 = CARTESIAN_POINT('',(0.499554279588,0.513862410367));
#338 = CARTESIAN_POINT('',(0.499554279588,0.883171863308));
#339 = ( GEOMETRIC_REPRESENTATION_CONTEXT(2) 
PARAMETRIC_REPRESENTATION_CONTEXT() REPRESENTATION_CONTEXT('2D SPACE',''
  ) );
#340 = PCURVE('',#341,#348);
#341 = B_SPLINE_SURFACE_WITH_KNOTS('',2,1,(
    (#342,#343)
    ,(#344,#345)
    ,(#346,#347
    )),.UNSPECIFIED.,.F.,.F.,.F.,(3,3),(2,2),(0.498812074629,
    0.499412845464),(0.,1.),.PIECEWISE_BEZIER_KNOTS.);
#342 = CARTESIAN_POINT('',(4.891100758752,-5.059081103884,2.846604824987
    ));
#343 = CARTESIAN_POINT('',(-5.324994554013,-5.059081103884,
    2.846604824987));
#344 = CARTESIAN_POINT('',(4.891100758752,-3.935206599587,0.742366881974
    ));
#345 = CARTESIAN_POINT('',(-5.324994554013,-3.935206599587,
    0.742366881974));
#346 = CARTESIAN_POINT('',(4.891100758752,-2.723253226997,
    -0.355124999965));
#347 = CARTESIAN_POINT('',(-5.324994554013,-2.723253226997,
    -0.355124999965));
#348 = DEFINITIONAL_REPRESENTATION('',(#349),#353);
#349 = B_SPLINE_CURVE_WITH_KNOTS('',2,(#350,#351,#352),.UNSPECIFIED.,.F.
  ,.F.,(3,3),(2.5,12.),.PIECEWISE_BEZIER_KNOTS.);
#350 = CARTESIAN_POINT('',(0.498812074629,3.828280245815E-02));
#351 = CARTESIAN_POINT('',(0.498812074629,0.50323539487));
#352 = CARTESIAN_POINT('',(0.498812074629,0.968187987282));
#353 = ( GEOMETRIC_REPRESENTATION_CONTEXT(2) 
PARAMETRIC_REPRESENTATION_CONTEXT() REPRESENTATION_CONTEXT('2D SPACE',''
  ) );
#354 = ORIENTED_EDGE('',*,*,#355,.F.);
#355 = EDGE_CURVE('',#356,#327,#358,.T.);
#356 = VERTEX_POINT('',#357);
#357 = CARTESIAN_POINT('',(-6.426369105244,7.540918895747,
    18.945192113598));
#358 = SURFACE_CURVE('',#359,(#376,#386),.PCURVE_S1.);
#359 = B_SPLINE_CURVE_WITH_KNOTS('',3,(#360,#361,#362,#363,#364,#365,
    #366,#367,#368,#369,#370,#371,#372,#373,#374,#375),.UNSPECIFIED.,.F.
  ,.F.,(4,2,2,2,2,2,2,4),(0.,5.225300082522E-03,1.045060016504E-02,
    1.306325020631E-02,1.567590024757E-02,1.828855028883E-02,
    1.959487530946E-02,2.090120033009E-02),.UNSPECIFIED.);
#360 = CARTESIAN_POINT('',(-6.426369105244,7.540918895747,
    18.945192113598));
#361 = CARTESIAN_POINT('',(-6.271066628709,6.16903612214,17.879505275364
    ));
#362 = CARTESIAN_POINT('',(-6.119774880104,4.832582587526,
    16.772255104065));
#363 = CARTESIAN_POINT('',(-5.828797974882,2.262203719806,
    14.437475187051));
#364 = CARTESIAN_POINT('',(-5.68892843367,1.026649603601,13.209288447688
    ));
#365 = CARTESIAN_POINT('',(-5.49514196342,-0.685186074907,11.24678723791
    ));
#366 = CARTESIAN_POINT('',(-5.433065905537,-1.233542265767,
    10.570492311907));
#367 = CARTESIAN_POINT('',(-5.316299670339,-2.265010598924,
    9.168106562485));
#368 = CARTESIAN_POINT('',(-5.261942602536,-2.745180178999,
    8.446328555618));
#369 = CARTESIAN_POINT('',(-5.163769448045,-3.612404337174,
    6.948876663721));
#370 = CARTESIAN_POINT('',(-5.119916926067,-3.999780770718,
    6.173389071783));
#371 = CARTESIAN_POINT('',(-5.065047762521,-4.484474009039,
    4.954376963591));
#372 = CARTESIAN_POINT('',(-5.048690052924,-4.628971769233,
    4.540415514161));
#373 = CARTESIAN_POINT('',(-5.020703325895,-4.876195828739,
    3.702783848952));
#374 = CARTESIAN_POINT('',(-5.009024739494,-4.979360001397,
    3.278073379931));
#375 = CARTESIAN_POINT('',(-5.,-5.059081103884,2.846604824987));
#376 = PCURVE('',#287,#377);
#377 = DEFINITIONAL_REPRESENTATION('',(#378),#385);
#378 = B_SPLINE_CURVE_WITH_KNOTS('',5,(#379,#380,#381,#382,#383,#384),
  .UNSPECIFIED.,.F.,.F.,(6,6),(0.,2.090120033009E-02),
  .PIECEWISE_BEZIER_KNOTS.);
#379 = CARTESIAN_POINT('',(0.497667241109,0.994071146245));
#380 = CARTESIAN_POINT('',(0.49794292022,0.965127681768));
#381 = CARTESIAN_POINT('',(0.498252625477,0.937478381564));
#382 = CARTESIAN_POINT('',(0.49859618547,0.912665964864));
#383 = CARTESIAN_POINT('',(0.499021453561,0.889955278182));
#384 = CARTESIAN_POINT('',(0.499554279588,0.883171863308));
#385 = ( GEOMETRIC_REPRESENTATION_CONTEXT(2) 
PARAMETRIC_REPRESENTATION_CONTEXT() REPRESENTATION_CONTEXT('2D SPACE',''
  ) );
#386 = PCURVE('',#72,#387);
#387 = DEFINITIONAL_REPRESENTATION('',(#388),#405);
#388 = B_SPLINE_CURVE_WITH_KNOTS('',3,(#389,#390,#391,#392,#393,#394,
    #395,#396,#397,#398,#399,#400,#401,#402,#403,#404),.UNSPECIFIED.,.F.
  ,.F.,(4,2,2,2,2,2,2,4),(0.,5.225300082522E-03,1.045060016504E-02,
    1.306325020631E-02,1.567590024757E-02,1.828855028883E-02,
    1.959487530946E-02,2.090120033009E-02),.UNSPECIFIED.);
#389 = CARTESIAN_POINT('',(5.099601541771,4.090729032005));
#390 = CARTESIAN_POINT('',(6.48024675461,5.156415870239));
#391 = CARTESIAN_POINT('',(7.825236436124,6.263666041538));
#392 = CARTESIAN_POINT('',(10.412032733283,8.598445958553));
#393 = CARTESIAN_POINT('',(11.655478535331,9.826632697915));
#394 = CARTESIAN_POINT('',(13.378247987772,11.789133907693));
#395 = CARTESIAN_POINT('',(13.930106619142,12.465428833696));
#396 = CARTESIAN_POINT('',(14.968163108928,13.867814583119));
#397 = CARTESIAN_POINT('',(15.451399610498,14.589592589985));
#398 = CARTESIAN_POINT('',(16.324162870945,16.087044481882));
#399 = CARTESIAN_POINT('',(16.714013541008,16.86253207382));
#400 = CARTESIAN_POINT('',(17.201802594168,18.081544182012));
#401 = CARTESIAN_POINT('',(17.347223285145,18.495505631443));
#402 = CARTESIAN_POINT('',(17.596026405078,19.333137296651));
#403 = CARTESIAN_POINT('',(17.699849504148,19.757847765673));
#404 = CARTESIAN_POINT('',(17.780079798331,20.189316320616));
#405 = ( GEOMETRIC_REPRESENTATION_CONTEXT(2) 
PARAMETRIC_REPRESENTATION_CONTEXT() REPRESENTATION_CONTEXT('2D SPACE',''
  ) );
#406 = ORIENTED_EDGE('',*,*,#407,.F.);
#407 = EDGE_CURVE('',#266,#356,#408,.T.);
#408 = SURFACE_CURVE('',#409,(#412,#419),.PCURVE_S1.);
#409 = B_SPLINE_CURVE_WITH_KNOTS('',1,(#410,#411),.UNSPECIFIED.,.F.,.F.,
  (2,2),(0.717038618444,13.426369105244),.PIECEWISE_BEZIER_KNOTS.);
#410 = CARTESIAN_POINT('',(6.282961381556,7.540918895747,18.945192113598
    ));
#411 = CARTESIAN_POINT('',(-6.426369105244,7.540918895747,
    18.945192113598));
#412 = PCURVE('',#287,#413);
#413 = DEFINITIONAL_REPRESENTATION('',(#414),#418);
#414 = B_SPLINE_CURVE_WITH_KNOTS('',2,(#415,#416,#417),.UNSPECIFIED.,.F.
  ,.F.,(3,3),(0.717038618444,13.426369105244),.PIECEWISE_BEZIER_KNOTS.);
#415 = CARTESIAN_POINT('',(0.497667241109,5.928853754941E-03));
#416 = CARTESIAN_POINT('',(0.497667241109,0.5));
#417 = CARTESIAN_POINT('',(0.497667241109,0.994071146245));
#418 = ( GEOMETRIC_REPRESENTATION_CONTEXT(2) 
PARAMETRIC_REPRESENTATION_CONTEXT() REPRESENTATION_CONTEXT('2D SPACE',''
  ) );
#419 = PCURVE('',#228,#420);
#420 = DEFINITIONAL_REPRESENTATION('',(#421),#425);
#421 = B_SPLINE_CURVE_WITH_KNOTS('',2,(#422,#423,#424),.UNSPECIFIED.,.F.
  ,.F.,(3,3),(0.717038618444,13.426369105244),.PIECEWISE_BEZIER_KNOTS.);
#422 = CARTESIAN_POINT('',(2.38575779306,0.717038618444));
#423 = CARTESIAN_POINT('',(2.38575779306,7.071703861844));
#424 = CARTESIAN_POINT('',(2.38575779306,13.426369105244));
#425 = ( GEOMETRIC_REPRESENTATION_CONTEXT(2) 
PARAMETRIC_REPRESENTATION_CONTEXT() REPRESENTATION_CONTEXT('2D SPACE',''
  ) );
#426 = ADVANCED_FACE('',(#427),#341,.F.);
#427 = FACE_BOUND('',#428,.F.);
#428 = EDGE_LOOP('',(#429,#459,#485,#513));
#429 = ORIENTED_EDGE('',*,*,#430,.F.);
#430 = EDGE_CURVE('',#431,#264,#433,.T.);
#431 = VERTEX_POINT('',#432);
#432 = CARTESIAN_POINT('',(4.830531023696,-2.723253226997,
    -0.355125000011));
#433 = SURFACE_CURVE('',#434,(#441,#449),.PCURVE_S1.);
#434 = B_SPLINE_CURVE_WITH_KNOTS('',3,(#435,#436,#437,#438,#439,#440),
  .UNSPECIFIED.,.F.,.F.,(4,2,4),(3.312899098342E-14,1.995706335363E-03,
    3.991412670692E-03),.UNSPECIFIED.);
#435 = CARTESIAN_POINT('',(4.830531023696,-2.723253226997,
    -0.355125000011));
#436 = CARTESIAN_POINT('',(4.760919297009,-3.215191956187,
    9.035316273297E-02));
#437 = CARTESIAN_POINT('',(4.700881455429,-3.639473049264,0.60397606948)
  );
#438 = CARTESIAN_POINT('',(4.592520035593,-4.405251772244,1.688369080501
    ));
#439 = CARTESIAN_POINT('',(4.544329755512,-4.745807398007,2.26006031674)
  );
#440 = CARTESIAN_POINT('',(4.5,-5.059081103884,2.846604824987));
#441 = PCURVE('',#341,#442);
#442 = DEFINITIONAL_REPRESENTATION('',(#443),#448);
#443 = B_SPLINE_CURVE_WITH_KNOTS('',3,(#444,#445,#446,#447),
  .UNSPECIFIED.,.F.,.F.,(4,4),(3.312899098342E-14,3.991412670692E-03),
  .PIECEWISE_BEZIER_KNOTS.);
#444 = CARTESIAN_POINT('',(0.499412845464,5.928853754941E-03));
#445 = CARTESIAN_POINT('',(0.499169707181,1.951382321781E-02));
#446 = CARTESIAN_POINT('',(0.4989800158,2.956802094562E-02));
#447 = CARTESIAN_POINT('',(0.498812074629,3.828280245815E-02));
#448 = ( GEOMETRIC_REPRESENTATION_CONTEXT(2) 
PARAMETRIC_REPRESENTATION_CONTEXT() REPRESENTATION_CONTEXT('2D SPACE',''
  ) );
#449 = PCURVE('',#125,#450);
#450 = DEFINITIONAL_REPRESENTATION('',(#451),#458);
#451 = B_SPLINE_CURVE_WITH_KNOTS('',3,(#452,#453,#454,#455,#456,#457),
  .UNSPECIFIED.,.F.,.F.,(4,2,4),(3.312899098342E-14,1.995706335363E-03,
    3.991412670692E-03),.UNSPECIFIED.);
#452 = CARTESIAN_POINT('',(-15.48414282878,23.391046145614));
#453 = CARTESIAN_POINT('',(-15.9809823459,22.945567982871));
#454 = CARTESIAN_POINT('',(-16.40949020856,22.431945076124));
#455 = CARTESIAN_POINT('',(-17.18289776598,21.347552065103));
#456 = CARTESIAN_POINT('',(-17.52684607217,20.775860828864));
#457 = CARTESIAN_POINT('',(-17.84324067077,20.189316320616));
#458 = ( GEOMETRIC_REPRESENTATION_CONTEXT(2) 
PARAMETRIC_REPRESENTATION_CONTEXT() REPRESENTATION_CONTEXT('2D SPACE',''
  ) );
#459 = ORIENTED_EDGE('',*,*,#460,.T.);
#460 = EDGE_CURVE('',#431,#461,#463,.T.);
#461 = VERTEX_POINT('',#462);
#462 = CARTESIAN_POINT('',(-5.264424818957,-2.723253226997,
    -0.355125000011));
#463 = SURFACE_CURVE('',#464,(#467,#474),.PCURVE_S1.);
#464 = B_SPLINE_CURVE_WITH_KNOTS('',1,(#465,#466),.UNSPECIFIED.,.F.,.F.,
  (2,2),(2.169468976304,12.264424818957),.PIECEWISE_BEZIER_KNOTS.);
#465 = CARTESIAN_POINT('',(4.830531023696,-2.723253226997,
    -0.355124999965));
#466 = CARTESIAN_POINT('',(-5.264424818957,-2.723253226997,
    -0.355124999965));
#467 = PCURVE('',#341,#468);
#468 = DEFINITIONAL_REPRESENTATION('',(#469),#473);
#469 = B_SPLINE_CURVE_WITH_KNOTS('',2,(#470,#471,#472),.UNSPECIFIED.,.F.
  ,.F.,(3,3),(2.169468976304,12.264424818957),.PIECEWISE_BEZIER_KNOTS.);
#470 = CARTESIAN_POINT('',(0.499412845464,5.928853754941E-03));
#471 = CARTESIAN_POINT('',(0.499412845464,0.5));
#472 = CARTESIAN_POINT('',(0.499412845464,0.994071146245));
#473 = ( GEOMETRIC_REPRESENTATION_CONTEXT(2) 
PARAMETRIC_REPRESENTATION_CONTEXT() REPRESENTATION_CONTEXT('2D SPACE',''
  ) );
#474 = PCURVE('',#475,#480);
#475 = B_SPLINE_SURFACE_WITH_KNOTS('',1,1,(
    (#476,#477)
    ,(#478,#479
    )),.UNSPECIFIED.,.F.,.F.,.F.,(2,2),(2,2),(-2.723253226923,
    -2.284841781352),(-12.31405470319,-2.107431621009),
  .PIECEWISE_BEZIER_KNOTS.);
#476 = CARTESIAN_POINT('',(-5.314054703192,-2.723253226997,
    -0.355124999965));
#477 = CARTESIAN_POINT('',(4.892568378991,-2.723253226997,
    -0.355124999965));
#478 = CARTESIAN_POINT('',(-5.314054703192,-2.284841781425,
    -0.355125000056));
#479 = CARTESIAN_POINT('',(4.892568378991,-2.284841781425,
    -0.355125000056));
#480 = DEFINITIONAL_REPRESENTATION('',(#481),#484);
#481 = B_SPLINE_CURVE_WITH_KNOTS('',1,(#482,#483),.UNSPECIFIED.,.F.,.F.,
  (2,2),(2.169468976304,12.264424818957),.PIECEWISE_BEZIER_KNOTS.);
#482 = CARTESIAN_POINT('',(-2.723253226923,-2.169468976304));
#483 = CARTESIAN_POINT('',(-2.723253226923,-12.26442481895));
#484 = ( GEOMETRIC_REPRESENTATION_CONTEXT(2) 
PARAMETRIC_REPRESENTATION_CONTEXT() REPRESENTATION_CONTEXT('2D SPACE',''
  ) );
#485 = ORIENTED_EDGE('',*,*,#486,.F.);
#486 = EDGE_CURVE('',#327,#461,#487,.T.);
#487 = SURFACE_CURVE('',#488,(#495,#503),.PCURVE_S1.);
#488 = B_SPLINE_CURVE_WITH_KNOTS('',3,(#489,#490,#491,#492,#493,#494),
  .UNSPECIFIED.,.F.,.F.,(4,2,4),(0.,1.996494119118E-03,
    3.992988238236E-03),.UNSPECIFIED.);
#489 = CARTESIAN_POINT('',(-5.,-5.059081103884,2.846604824987));
#490 = CARTESIAN_POINT('',(-5.035459997331,-4.745841028287,
    2.260123282944));
#491 = CARTESIAN_POINT('',(-5.074027158249,-4.405153456069,
    1.688194259797));
#492 = CARTESIAN_POINT('',(-5.160744428212,-3.639126207245,
    0.603520537611));
#493 = CARTESIAN_POINT('',(-5.208646944541,-3.215973670137,
    9.106104864206E-02));
#494 = CARTESIAN_POINT('',(-5.264424818957,-2.723253226997,
    -0.355125000011));
#495 = PCURVE('',#341,#496);
#496 = DEFINITIONAL_REPRESENTATION('',(#497),#502);
#497 = B_SPLINE_CURVE_WITH_KNOTS('',3,(#498,#499,#500,#501),
  .UNSPECIFIED.,.F.,.F.,(4,4),(0.,3.992988238236E-03),
  .PIECEWISE_BEZIER_KNOTS.);
#498 = CARTESIAN_POINT('',(0.498812074629,0.968187987282));
#499 = CARTESIAN_POINT('',(0.498980124029,0.975165052629));
#500 = CARTESIAN_POINT('',(0.499169631604,0.983198723667));
#501 = CARTESIAN_POINT('',(0.499412845464,0.994071146245));
#502 = ( GEOMETRIC_REPRESENTATION_CONTEXT(2) 
PARAMETRIC_REPRESENTATION_CONTEXT() REPRESENTATION_CONTEXT('2D SPACE',''
  ) );
#503 = PCURVE('',#72,#504);
#504 = DEFINITIONAL_REPRESENTATION('',(#505),#512);
#505 = B_SPLINE_CURVE_WITH_KNOTS('',3,(#506,#507,#508,#509,#510,#511),
  .UNSPECIFIED.,.F.,.F.,(4,2,4),(0.,1.996494119118E-03,
    3.992988238236E-03),.UNSPECIFIED.);
#506 = CARTESIAN_POINT('',(17.780079798331,20.189316320616));
#507 = CARTESIAN_POINT('',(17.464839007236,20.775797862659));
#508 = CARTESIAN_POINT('',(17.121975407877,21.347726885806));
#509 = CARTESIAN_POINT('',(16.351055417961,22.432400607993));
#510 = CARTESIAN_POINT('',(15.92520013652,22.944860096961));
#511 = CARTESIAN_POINT('',(15.429332607474,23.391046145614));
#512 = ( GEOMETRIC_REPRESENTATION_CONTEXT(2) 
PARAMETRIC_REPRESENTATION_CONTEXT() REPRESENTATION_CONTEXT('2D SPACE',''
  ) );
#513 = ORIENTED_EDGE('',*,*,#326,.F.);
#514 = ADVANCED_FACE('',(#515),#475,.T.);
#515 = FACE_BOUND('',#516,.T.);
#516 = EDGE_LOOP('',(#517,#537,#562,#580));
#517 = ORIENTED_EDGE('',*,*,#518,.F.);
#518 = EDGE_CURVE('',#519,#461,#521,.T.);
#519 = VERTEX_POINT('',#520);
#520 = CARTESIAN_POINT('',(-5.314054703192,-2.284841781425,
    -0.355125000057));
#521 = SURFACE_CURVE('',#522,(#525,#531),.PCURVE_S1.);
#522 = B_SPLINE_CURVE_WITH_KNOTS('',1,(#523,#524),.UNSPECIFIED.,.F.,.F.,
  (2,2),(14.988120956429,15.429332607474),.PIECEWISE_BEZIER_KNOTS.);
#523 = CARTESIAN_POINT('',(-5.314054703192,-2.284841781425,
    -0.355125000057));
#524 = CARTESIAN_POINT('',(-5.264424818957,-2.723253226997,
    -0.355125000057));
#525 = PCURVE('',#475,#526);
#526 = DEFINITIONAL_REPRESENTATION('',(#527),#530);
#527 = B_SPLINE_CURVE_WITH_KNOTS('',1,(#528,#529),.UNSPECIFIED.,.F.,.F.,
  (2,2),(14.988120956429,15.429332607474),.PIECEWISE_BEZIER_KNOTS.);
#528 = CARTESIAN_POINT('',(-2.284841781352,-12.31405470319));
#529 = CARTESIAN_POINT('',(-2.723253226923,-12.26442481895));
#530 = ( GEOMETRIC_REPRESENTATION_CONTEXT(2) 
PARAMETRIC_REPRESENTATION_CONTEXT() REPRESENTATION_CONTEXT('2D SPACE',''
  ) );
#531 = PCURVE('',#72,#532);
#532 = DEFINITIONAL_REPRESENTATION('',(#533),#536);
#533 = B_SPLINE_CURVE_WITH_KNOTS('',1,(#534,#535),.UNSPECIFIED.,.F.,.F.,
  (2,2),(14.988120956429,15.429332607474),.PIECEWISE_BEZIER_KNOTS.);
#534 = CARTESIAN_POINT('',(14.988120956429,23.39104614566));
#535 = CARTESIAN_POINT('',(15.429332607474,23.39104614566));
#536 = ( GEOMETRIC_REPRESENTATION_CONTEXT(2) 
PARAMETRIC_REPRESENTATION_CONTEXT() REPRESENTATION_CONTEXT('2D SPACE',''
  ) );
#537 = ORIENTED_EDGE('',*,*,#538,.F.);
#538 = EDGE_CURVE('',#539,#519,#541,.T.);
#539 = VERTEX_POINT('',#540);
#540 = CARTESIAN_POINT('',(4.892568378991,-2.284841781425,
    -0.355125000057));
#541 = SURFACE_CURVE('',#542,(#545,#551),.PCURVE_S1.);
#542 = B_SPLINE_CURVE_WITH_KNOTS('',1,(#543,#544),.UNSPECIFIED.,.F.,.F.,
  (2,2),(2.107431621009,12.314054703192),.PIECEWISE_BEZIER_KNOTS.);
#543 = CARTESIAN_POINT('',(4.892568378991,-2.284841781425,
    -0.355125000056));
#544 = CARTESIAN_POINT('',(-5.314054703192,-2.284841781425,
    -0.355125000056));
#545 = PCURVE('',#475,#546);
#546 = DEFINITIONAL_REPRESENTATION('',(#547),#550);
#547 = B_SPLINE_CURVE_WITH_KNOTS('',1,(#548,#549),.UNSPECIFIED.,.F.,.F.,
  (2,2),(2.107431621009,12.314054703192),.PIECEWISE_BEZIER_KNOTS.);
#548 = CARTESIAN_POINT('',(-2.284841781352,-2.107431621009));
#549 = CARTESIAN_POINT('',(-2.284841781352,-12.31405470319));
#550 = ( GEOMETRIC_REPRESENTATION_CONTEXT(2) 
PARAMETRIC_REPRESENTATION_CONTEXT() REPRESENTATION_CONTEXT('2D SPACE',''
  ) );
#551 = PCURVE('',#552,#557);
#552 = B_SPLINE_SURFACE_WITH_KNOTS('',1,1,(
    (#553,#554)
    ,(#555,#556
    )),.UNSPECIFIED.,.F.,.F.,.F.,(2,2),(2,2),(-1.316418206805,
    0.434648495718),(-12.32097274579,-2.098784067757),
  .PIECEWISE_BEZIER_KNOTS.);
#553 = CARTESIAN_POINT('',(-5.320972745795,-2.223730434815,
    1.394874999944));
#554 = CARTESIAN_POINT('',(4.901215932243,-2.223730434815,1.394874999944
    ));
#555 = CARTESIAN_POINT('',(-5.320972745795,-2.284841781425,
    -0.355125000057));
#556 = CARTESIAN_POINT('',(4.901215932243,-2.284841781425,
    -0.355125000057));
#557 = DEFINITIONAL_REPRESENTATION('',(#558),#561);
#558 = B_SPLINE_CURVE_WITH_KNOTS('',1,(#559,#560),.UNSPECIFIED.,.F.,.F.,
  (2,2),(2.107431621009,12.314054703192),.PIECEWISE_BEZIER_KNOTS.);
#559 = CARTESIAN_POINT('',(0.434648495718,-2.107431621009));
#560 = CARTESIAN_POINT('',(0.434648495718,-12.31405470319));
#561 = ( GEOMETRIC_REPRESENTATION_CONTEXT(2) 
PARAMETRIC_REPRESENTATION_CONTEXT() REPRESENTATION_CONTEXT('2D SPACE',''
  ) );
#562 = ORIENTED_EDGE('',*,*,#563,.F.);
#563 = EDGE_CURVE('',#431,#539,#564,.T.);
#564 = SURFACE_CURVE('',#565,(#568,#574),.PCURVE_S1.);
#565 = B_SPLINE_CURVE_WITH_KNOTS('',1,(#566,#567),.UNSPECIFIED.,.F.,.F.,
  (2,2),(-15.48414282878,-15.04136384434),.PIECEWISE_BEZIER_KNOTS.);
#566 = CARTESIAN_POINT('',(4.830531023696,-2.723253226997,
    -0.355125000057));
#567 = CARTESIAN_POINT('',(4.892568378991,-2.284841781425,
    -0.355125000057));
#568 = PCURVE('',#475,#569);
#569 = DEFINITIONAL_REPRESENTATION('',(#570),#573);
#570 = B_SPLINE_CURVE_WITH_KNOTS('',1,(#571,#572),.UNSPECIFIED.,.F.,.F.,
  (2,2),(-15.48414282878,-15.04136384434),.PIECEWISE_BEZIER_KNOTS.);
#571 = CARTESIAN_POINT('',(-2.723253226923,-2.169468976304));
#572 = CARTESIAN_POINT('',(-2.284841781352,-2.107431621009));
#573 = ( GEOMETRIC_REPRESENTATION_CONTEXT(2) 
PARAMETRIC_REPRESENTATION_CONTEXT() REPRESENTATION_CONTEXT('2D SPACE',''
  ) );
#574 = PCURVE('',#125,#575);
#575 = DEFINITIONAL_REPRESENTATION('',(#576),#579);
#576 = B_SPLINE_CURVE_WITH_KNOTS('',1,(#577,#578),.UNSPECIFIED.,.F.,.F.,
  (2,2),(-15.48414282878,-15.04136384434),.PIECEWISE_BEZIER_KNOTS.);
#577 = CARTESIAN_POINT('',(-15.48414282878,23.39104614566));
#578 = CARTESIAN_POINT('',(-15.04136384434,23.39104614566));
#579 = ( GEOMETRIC_REPRESENTATION_CONTEXT(2) 
PARAMETRIC_REPRESENTATION_CONTEXT() REPRESENTATION_CONTEXT('2D SPACE',''
  ) );
#580 = ORIENTED_EDGE('',*,*,#460,.T.);
#581 = ADVANCED_FACE('',(#582),#552,.F.);
#582 = FACE_BOUND('',#583,.T.);
#583 = EDGE_LOOP('',(#584,#585,#605,#633));
#584 = ORIENTED_EDGE('',*,*,#538,.T.);
#585 = ORIENTED_EDGE('',*,*,#586,.T.);
#586 = EDGE_CURVE('',#519,#587,#589,.T.);
#587 = VERTEX_POINT('',#588);
#588 = CARTESIAN_POINT('',(-5.320972745795,-2.223730434815,
    1.394874999944));
#589 = SURFACE_CURVE('',#590,(#593,#599),.PCURVE_S1.);
#590 = B_SPLINE_CURVE_WITH_KNOTS('',1,(#591,#592),.UNSPECIFIED.,.F.,.F.,
  (2,2),(-0.385995620404,1.365084747826),.PIECEWISE_BEZIER_KNOTS.);
#591 = CARTESIAN_POINT('',(-5.314054703192,-2.284841781425,
    -0.355125000057));
#592 = CARTESIAN_POINT('',(-5.320972745795,-2.223730434815,
    1.394874999944));
#593 = PCURVE('',#552,#594);
#594 = DEFINITIONAL_REPRESENTATION('',(#595),#598);
#595 = B_SPLINE_CURVE_WITH_KNOTS('',1,(#596,#597),.UNSPECIFIED.,.F.,.F.,
  (2,2),(-0.385995620404,1.365084747826),.PIECEWISE_BEZIER_KNOTS.);
#596 = CARTESIAN_POINT('',(0.434648495718,-12.31405470319));
#597 = CARTESIAN_POINT('',(-1.316418206805,-12.32097274579));
#598 = ( GEOMETRIC_REPRESENTATION_CONTEXT(2) 
PARAMETRIC_REPRESENTATION_CONTEXT() REPRESENTATION_CONTEXT('2D SPACE',''
  ) );
#599 = PCURVE('',#72,#600);
#600 = DEFINITIONAL_REPRESENTATION('',(#601),#604);
#601 = B_SPLINE_CURVE_WITH_KNOTS('',1,(#602,#603),.UNSPECIFIED.,.F.,.F.,
  (2,2),(-0.385995620404,1.365084747826),.PIECEWISE_BEZIER_KNOTS.);
#602 = CARTESIAN_POINT('',(14.988120956429,23.39104614566));
#603 = CARTESIAN_POINT('',(14.926619281672,21.64104614566));
#604 = ( GEOMETRIC_REPRESENTATION_CONTEXT(2) 
PARAMETRIC_REPRESENTATION_CONTEXT() REPRESENTATION_CONTEXT('2D SPACE',''
  ) );
#605 = ORIENTED_EDGE('',*,*,#606,.F.);
#606 = EDGE_CURVE('',#607,#587,#609,.T.);
#607 = VERTEX_POINT('',#608);
#608 = CARTESIAN_POINT('',(4.901215932243,-2.223730434815,1.394874999944
    ));
#609 = SURFACE_CURVE('',#610,(#613,#619),.PCURVE_S1.);
#610 = B_SPLINE_CURVE_WITH_KNOTS('',1,(#611,#612),.UNSPECIFIED.,.F.,.F.,
  (2,2),(2.098784067757,12.320972745795),.PIECEWISE_BEZIER_KNOTS.);
#611 = CARTESIAN_POINT('',(4.901215932243,-2.223730434815,1.394874999944
    ));
#612 = CARTESIAN_POINT('',(-5.320972745795,-2.223730434815,
    1.394874999944));
#613 = PCURVE('',#552,#614);
#614 = DEFINITIONAL_REPRESENTATION('',(#615),#618);
#615 = B_SPLINE_CURVE_WITH_KNOTS('',1,(#616,#617),.UNSPECIFIED.,.F.,.F.,
  (2,2),(2.098784067757,12.320972745795),.PIECEWISE_BEZIER_KNOTS.);
#616 = CARTESIAN_POINT('',(-1.316418206805,-2.098784067757));
#617 = CARTESIAN_POINT('',(-1.316418206805,-12.32097274579));
#618 = ( GEOMETRIC_REPRESENTATION_CONTEXT(2) 
PARAMETRIC_REPRESENTATION_CONTEXT() REPRESENTATION_CONTEXT('2D SPACE',''
  ) );
#619 = PCURVE('',#620,#627);
#620 = ( BOUNDED_SURFACE() B_SPLINE_SURFACE(2,1,(
    (#621,#622)
    ,(#623,#624)
,(#625,#626
    )),.UNSPECIFIED.,.F.,.F.,.F.) B_SPLINE_SURFACE_WITH_KNOTS((3,3),(2,2
    ),(0.,1.),(0.,1.),.PIECEWISE_BEZIER_KNOTS.) 
GEOMETRIC_REPRESENTATION_ITEM() RATIONAL_B_SPLINE_SURFACE((
    (1.,1.)
    ,(3.231801218514,3.231801218514)
,(1.,1.))) REPRESENTATION_ITEM('') SURFACE() );
#621 = CARTESIAN_POINT('',(5.563288185821,-2.223730434815,1.394874999944
    ));
#622 = CARTESIAN_POINT('',(-5.864180907265,-2.223730434815,
    1.394874999944));
#623 = CARTESIAN_POINT('',(5.563288185821,-0.123730434815,0.907530669798
    ));
#624 = CARTESIAN_POINT('',(-5.864180907265,-0.123730434815,
    0.907530669798));
#625 = CARTESIAN_POINT('',(5.563288185821,1.976269565185,1.394874999944)
  );
#626 = CARTESIAN_POINT('',(-5.864180907265,1.976269565185,1.394874999944
    ));
#627 = DEFINITIONAL_REPRESENTATION('',(#628),#632);
#628 = B_SPLINE_CURVE_WITH_KNOTS('',2,(#629,#630,#631),.UNSPECIFIED.,.F.
  ,.F.,(3,3),(2.098784067757,12.320972745795),.PIECEWISE_BEZIER_KNOTS.);
#629 = CARTESIAN_POINT('',(1.833815021696E-17,5.793691045539E-02));
#630 = CARTESIAN_POINT('',(3.450682669408E-17,0.50520080567));
#631 = CARTESIAN_POINT('',(3.104524283655E-17,0.952464700885));
#632 = ( GEOMETRIC_REPRESENTATION_CONTEXT(2) 
PARAMETRIC_REPRESENTATION_CONTEXT() REPRESENTATION_CONTEXT('2D SPACE',''
  ) );
#633 = ORIENTED_EDGE('',*,*,#634,.T.);
#634 = EDGE_CURVE('',#607,#539,#635,.T.);
#635 = SURFACE_CURVE('',#636,(#639,#645),.PCURVE_S1.);
#636 = B_SPLINE_CURVE_WITH_KNOTS('',1,(#637,#638),.UNSPECIFIED.,.F.,.F.,
  (2,2),(-1.306037543242,0.4450505119),.PIECEWISE_BEZIER_KNOTS.);
#637 = CARTESIAN_POINT('',(4.901215932243,-2.223730434815,1.394874999944
    ));
#638 = CARTESIAN_POINT('',(4.892568378991,-2.284841781425,
    -0.355125000057));
#639 = PCURVE('',#552,#640);
#640 = DEFINITIONAL_REPRESENTATION('',(#641),#644);
#641 = B_SPLINE_CURVE_WITH_KNOTS('',1,(#642,#643),.UNSPECIFIED.,.F.,.F.,
  (2,2),(-1.306037543242,0.4450505119),.PIECEWISE_BEZIER_KNOTS.);
#642 = CARTESIAN_POINT('',(-1.316418206805,-2.098784067757));
#643 = CARTESIAN_POINT('',(0.434648495718,-2.107431621009));
#644 = ( GEOMETRIC_REPRESENTATION_CONTEXT(2) 
PARAMETRIC_REPRESENTATION_CONTEXT() REPRESENTATION_CONTEXT('2D SPACE',''
  ) );
#645 = PCURVE('',#125,#646);
#646 = DEFINITIONAL_REPRESENTATION('',(#647),#650);
#647 = B_SPLINE_CURVE_WITH_KNOTS('',1,(#648,#649),.UNSPECIFIED.,.F.,.F.,
  (2,2),(-1.306037543242,0.4450505119),.PIECEWISE_BEZIER_KNOTS.);
#648 = CARTESIAN_POINT('',(-14.97964369478,21.64104614566));
#649 = CARTESIAN_POINT('',(-15.04136384434,23.39104614566));
#650 = ( GEOMETRIC_REPRESENTATION_CONTEXT(2) 
PARAMETRIC_REPRESENTATION_CONTEXT() REPRESENTATION_CONTEXT('2D SPACE',''
  ) );
#651 = ADVANCED_FACE('',(#652),#620,.F.);
#652 = FACE_BOUND('',#653,.F.);
#653 = EDGE_LOOP('',(#654,#721,#742,#793));
#654 = ORIENTED_EDGE('',*,*,#655,.F.);
#655 = EDGE_CURVE('',#656,#607,#658,.T.);
#656 = VERTEX_POINT('',#657);
#657 = CARTESIAN_POINT('',(5.495536392779,1.976269565185,1.394874999944)
  );
#658 = SURFACE_CURVE('',#659,(#674,#703),.PCURVE_S1.);
#659 = B_SPLINE_CURVE_WITH_KNOTS('',3,(#660,#661,#662,#663,#664,#665,
    #666,#667,#668,#669,#670,#671,#672,#673),.UNSPECIFIED.,.F.,.F.,(4,2,
    2,2,2,2,4),(4.336808689942E-19,1.079160554514E-03,1.618740831771E-03
    ,2.158321109028E-03,2.697901386285E-03,3.237481663542E-03,
    4.316642218056E-03),.UNSPECIFIED.);
#660 = CARTESIAN_POINT('',(5.495536392779,1.976269565185,1.394874999944)
  );
#661 = CARTESIAN_POINT('',(5.446412462619,1.629115932802,1.314311497834)
  );
#662 = CARTESIAN_POINT('',(5.39726525344,1.281797790054,1.234515387713)
  );
#663 = CARTESIAN_POINT('',(5.323168482345,0.758163725162,1.127214642155)
  );
#664 = CARTESIAN_POINT('',(5.298397995092,0.583113304771,1.093449224077)
  );
#665 = CARTESIAN_POINT('',(5.248569650447,0.230981649536,1.040732795035)
  );
#666 = CARTESIAN_POINT('',(5.223367880477,5.288339968534E-02,
    1.022645928974));
#667 = CARTESIAN_POINT('',(5.173173437126,-0.30183543649,1.022740383398)
  );
#668 = CARTESIAN_POINT('',(5.148092824367,-0.479077481114,1.040807353294
    ));
#669 = CARTESIAN_POINT('',(5.098256408783,-0.831266172825,1.093573397931
    ));
#670 = CARTESIAN_POINT('',(5.073517341905,-1.006094548736,1.127306906061
    ));
#671 = CARTESIAN_POINT('',(4.999448134324,-1.529533825184,1.234579861368
    ));
#672 = CARTESIAN_POINT('',(4.950319231331,-1.876722600045,1.3143453329)
  );
#673 = CARTESIAN_POINT('',(4.901215932243,-2.223730434815,1.394874999944
    ));
#674 = PCURVE('',#620,#675);
#675 = DEFINITIONAL_REPRESENTATION('',(#676),#702);
#676 = B_SPLINE_CURVE_WITH_KNOTS('',8,(#677,#678,#679,#680,#681,#682,
    #683,#684,#685,#686,#687,#688,#689,#690,#691,#692,#693,#694,#695,
    #696,#697,#698,#699,#700,#701),.UNSPECIFIED.,.F.,.F.,(9,8,8,9),(
    4.336808689942E-19,1.079160554514E-03,2.697901386285E-03,
    4.316642218056E-03),.UNSPECIFIED.);
#677 = CARTESIAN_POINT('',(1.,5.928853754941E-03));
#678 = CARTESIAN_POINT('',(0.99044197188,7.540888201076E-03));
#679 = CARTESIAN_POINT('',(0.979708679014,9.15314090906E-03));
#680 = CARTESIAN_POINT('',(0.96771365719,1.076596716191E-02));
#681 = CARTESIAN_POINT('',(0.95421117839,1.237972224264E-02));
#682 = CARTESIAN_POINT('',(0.938796250787,1.399476143428E-02));
#683 = CARTESIAN_POINT('',(0.920904618746,1.561144001984E-02));
#684 = CARTESIAN_POINT('',(0.899812762824,1.723011328233E-02));
#685 = CARTESIAN_POINT('',(0.87463789977,1.885113650479E-02));
#686 = CARTESIAN_POINT('',(0.836605447492,2.128101191877E-02));
#687 = CARTESIAN_POINT('',(0.791407180935,2.373068445365E-02));
#688 = CARTESIAN_POINT('',(0.721961056635,2.614411832951E-02));
#689 = CARTESIAN_POINT('',(0.668420666338,2.863296328246E-02));
#690 = CARTESIAN_POINT('',(0.524480794022,3.114011320622E-02));
#691 = CARTESIAN_POINT('',(0.421030288593,3.358444242758E-02));
#692 = CARTESIAN_POINT('',(0.333275621924,3.606200437918E-02));
#693 = CARTESIAN_POINT('',(0.263782284367,3.851365211854E-02));
#694 = CARTESIAN_POINT('',(0.194118178297,4.096690285243E-02));
#695 = CARTESIAN_POINT('',(0.143176875835,4.340395291358E-02));
#696 = CARTESIAN_POINT('',(0.104967063889,4.58337516777E-02));
#697 = CARTESIAN_POINT('',(7.525953112131E-02,4.825999313239E-02));
#698 = CARTESIAN_POINT('',(5.125606926082E-02,5.068321558123E-02));
#699 = CARTESIAN_POINT('',(3.125837441725E-02,5.310290134794E-02));
#700 = CARTESIAN_POINT('',(1.433694839368E-02,5.551957648052E-02));
#701 = CARTESIAN_POINT('',(-7.217080598761E-48,5.793691045539E-02));
#702 = ( GEOMETRIC_REPRESENTATION_CONTEXT(2) 
PARAMETRIC_REPRESENTATION_CONTEXT() REPRESENTATION_CONTEXT('2D SPACE',''
  ) );
#703 = PCURVE('',#125,#704);
#704 = DEFINITIONAL_REPRESENTATION('',(#705),#720);
#705 = B_SPLINE_CURVE_WITH_KNOTS('',3,(#706,#707,#708,#709,#710,#711,
    #712,#713,#714,#715,#716,#717,#718,#719),.UNSPECIFIED.,.F.,.F.,(4,2,
    2,2,2,2,4),(4.336808689942E-19,1.079160554514E-03,1.618740831771E-03
    ,2.158321109028E-03,2.697901386285E-03,3.237481663542E-03,
    4.316642218056E-03),.UNSPECIFIED.);
#706 = CARTESIAN_POINT('',(-10.73780248962,21.64104614566));
#707 = CARTESIAN_POINT('',(-11.08841453304,21.72160964777));
#708 = CARTESIAN_POINT('',(-11.43919272571,21.80140575789));
#709 = CARTESIAN_POINT('',(-11.96804333354,21.908706503449));
#710 = CARTESIAN_POINT('',(-12.14483763977,21.942471921526));
#711 = CARTESIAN_POINT('',(-12.50047729806,21.995188350568));
#712 = CARTESIAN_POINT('',(-12.68034979682,22.013275216629));
#713 = CARTESIAN_POINT('',(-13.03860241004,22.013180762206));
#714 = CARTESIAN_POINT('',(-13.2176101739,21.995113792309));
#715 = CARTESIAN_POINT('',(-13.57330743687,21.942347747672));
#716 = CARTESIAN_POINT('',(-13.74987748658,21.908614239543));
#717 = CARTESIAN_POINT('',(-14.27853136544,21.801341284235));
#718 = CARTESIAN_POINT('',(-14.62917890144,21.721575812703));
#719 = CARTESIAN_POINT('',(-14.97964369478,21.64104614566));
#720 = ( GEOMETRIC_REPRESENTATION_CONTEXT(2) 
PARAMETRIC_REPRESENTATION_CONTEXT() REPRESENTATION_CONTEXT('2D SPACE',''
  ) );
#721 = ORIENTED_EDGE('',*,*,#722,.T.);
#722 = EDGE_CURVE('',#656,#723,#725,.T.);
#723 = VERTEX_POINT('',#724);
#724 = CARTESIAN_POINT('',(-5.796429114223,1.976269565185,1.394874999944
    ));
#725 = SURFACE_CURVE('',#726,(#729,#736),.PCURVE_S1.);
#726 = B_SPLINE_CURVE_WITH_KNOTS('',1,(#727,#728),.UNSPECIFIED.,.F.,.F.,
  (2,2),(1.504463607221,12.796429114223),.PIECEWISE_BEZIER_KNOTS.);
#727 = CARTESIAN_POINT('',(5.495536392779,1.976269565185,1.394874999944)
  );
#728 = CARTESIAN_POINT('',(-5.796429114223,1.976269565185,1.394874999944
    ));
#729 = PCURVE('',#620,#730);
#730 = DEFINITIONAL_REPRESENTATION('',(#731),#735);
#731 = B_SPLINE_CURVE_WITH_KNOTS('',2,(#732,#733,#734),.UNSPECIFIED.,.F.
  ,.F.,(3,3),(1.504463607221,12.796429114223),.PIECEWISE_BEZIER_KNOTS.);
#732 = CARTESIAN_POINT('',(1.,5.928853754941E-03));
#733 = CARTESIAN_POINT('',(1.,0.5));
#734 = CARTESIAN_POINT('',(1.,0.994071146245));
#735 = ( GEOMETRIC_REPRESENTATION_CONTEXT(2) 
PARAMETRIC_REPRESENTATION_CONTEXT() REPRESENTATION_CONTEXT('2D SPACE',''
  ) );
#736 = PCURVE('',#148,#737);
#737 = DEFINITIONAL_REPRESENTATION('',(#738),#741);
#738 = B_SPLINE_CURVE_WITH_KNOTS('',1,(#739,#740),.UNSPECIFIED.,.F.,.F.,
  (2,2),(1.504463607221,12.796429114223),.PIECEWISE_BEZIER_KNOTS.);
#739 = CARTESIAN_POINT('',(0.,-1.504463607221));
#740 = CARTESIAN_POINT('',(0.,-12.79642911422));
#741 = ( GEOMETRIC_REPRESENTATION_CONTEXT(2) 
PARAMETRIC_REPRESENTATION_CONTEXT() REPRESENTATION_CONTEXT('2D SPACE',''
  ) );
#742 = ORIENTED_EDGE('',*,*,#743,.F.);
#743 = EDGE_CURVE('',#587,#723,#744,.T.);
#744 = SURFACE_CURVE('',#745,(#758,#777),.PCURVE_S1.);
#745 = B_SPLINE_CURVE_WITH_KNOTS('',3,(#746,#747,#748,#749,#750,#751,
    #752,#753,#754,#755,#756,#757),.UNSPECIFIED.,.F.,.F.,(4,2,2,2,2,4),(
    0.,1.075217163369E-03,2.150434326737E-03,2.688042908422E-03,
    3.225651490106E-03,4.300868653475E-03),.UNSPECIFIED.);
#746 = CARTESIAN_POINT('',(-5.320972745795,-2.223730434815,
    1.394874999944));
#747 = CARTESIAN_POINT('',(-5.360258696775,-1.876693345665,
    1.314338543873));
#748 = CARTESIAN_POINT('',(-5.399566580327,-1.529462512549,
    1.234563142446));
#749 = CARTESIAN_POINT('',(-5.478581468896,-0.83147515971,1.091522743501
    ));
#750 = CARTESIAN_POINT('',(-5.518438103482,-0.479396869513,
    1.023021868509));
#751 = CARTESIAN_POINT('',(-5.578391172055,5.02056444657E-02,
    1.022530459175));
#752 = CARTESIAN_POINT('',(-5.598472924355,0.227600175829,1.040318291896
    ));
#753 = CARTESIAN_POINT('',(-5.638439967865,0.580653776301,1.092990794241
    ));
#754 = CARTESIAN_POINT('',(-5.658279927873,0.75591240688,1.126772622086)
  );
#755 = CARTESIAN_POINT('',(-5.717671321728,1.280553300889,1.234222067971
    ));
#756 = CARTESIAN_POINT('',(-5.757059660812,1.628494847444,1.314167363344
    ));
#757 = CARTESIAN_POINT('',(-5.796429114223,1.976269565185,1.394874999944
    ));
#758 = PCURVE('',#620,#759);
#759 = DEFINITIONAL_REPRESENTATION('',(#760),#776);
#760 = B_SPLINE_CURVE_WITH_KNOTS('',7,(#761,#762,#763,#764,#765,#766,
    #767,#768,#769,#770,#771,#772,#773,#774,#775),.UNSPECIFIED.,.F.,.F.,
  (8,7,8),(0.,2.150434326737E-03,4.300868653475E-03),
  .PIECEWISE_BEZIER_KNOTS.);
#761 = CARTESIAN_POINT('',(0.,0.952464700885));
#762 = CARTESIAN_POINT('',(2.18034994916E-02,0.955411611658));
#763 = CARTESIAN_POINT('',(5.053861862018E-02,0.958357348522));
#764 = CARTESIAN_POINT('',(8.227326108067E-02,0.961319604037));
#765 = CARTESIAN_POINT('',(0.143796093965,0.964256630496));
#766 = CARTESIAN_POINT('',(0.189983528157,0.967256620556));
#767 = CARTESIAN_POINT('',(0.346618919945,0.970243560612));
#768 = CARTESIAN_POINT('',(0.498691122696,0.973242186095));
#769 = CARTESIAN_POINT('',(0.650573894858,0.976238274082));
#770 = CARTESIAN_POINT('',(0.810948288291,0.979266746845));
#771 = CARTESIAN_POINT('',(0.855022736097,0.982254989656));
#772 = CARTESIAN_POINT('',(0.917476745506,0.985186729382));
#773 = CARTESIAN_POINT('',(0.94948425946,0.988172671206));
#774 = CARTESIAN_POINT('',(0.978113771401,0.991116683206));
#775 = CARTESIAN_POINT('',(1.,0.994071146245));
#776 = ( GEOMETRIC_REPRESENTATION_CONTEXT(2) 
PARAMETRIC_REPRESENTATION_CONTEXT() REPRESENTATION_CONTEXT('2D SPACE',''
  ) );
#777 = PCURVE('',#72,#778);
#778 = DEFINITIONAL_REPRESENTATION('',(#779),#792);
#779 = B_SPLINE_CURVE_WITH_KNOTS('',3,(#780,#781,#782,#783,#784,#785,
    #786,#787,#788,#789,#790,#791),.UNSPECIFIED.,.F.,.F.,(4,2,2,2,2,4),(
    0.,1.075217163369E-03,2.150434326737E-03,2.688042908422E-03,
    3.225651490106E-03,4.300868653475E-03),.UNSPECIFIED.);
#780 = CARTESIAN_POINT('',(14.926619281672,21.64104614566));
#781 = CARTESIAN_POINT('',(14.577365609981,21.72158260173));
#782 = CARTESIAN_POINT('',(14.227916956848,21.801358003157));
#783 = CARTESIAN_POINT('',(13.525471444841,21.944398402102));
#784 = CARTESIAN_POINT('',(13.171144373128,22.012899277095));
#785 = CARTESIAN_POINT('',(12.638159201436,22.013390686428));
#786 = CARTESIAN_POINT('',(12.459631622242,21.995602853707));
#787 = CARTESIAN_POINT('',(12.104323010788,21.942930351362));
#788 = CARTESIAN_POINT('',(11.927944974724,21.909148523517));
#789 = CARTESIAN_POINT('',(11.399953113678,21.801699077633));
#790 = CARTESIAN_POINT('',(11.049789207665,21.72175378226));
#791 = CARTESIAN_POINT('',(10.699793196028,21.64104614566));
#792 = ( GEOMETRIC_REPRESENTATION_CONTEXT(2) 
PARAMETRIC_REPRESENTATION_CONTEXT() REPRESENTATION_CONTEXT('2D SPACE',''
  ) );
#793 = ORIENTED_EDGE('',*,*,#606,.F.);
#794 = ADVANCED_FACE('',(#795),#97,.F.);
#795 = FACE_BOUND('',#796,.F.);
#796 = EDGE_LOOP('',(#797,#841,#867,#908));
#797 = ORIENTED_EDGE('',*,*,#798,.F.);
#798 = EDGE_CURVE('',#799,#84,#801,.T.);
#799 = VERTEX_POINT('',#800);
#800 = CARTESIAN_POINT('',(6.69848634689,10.477389992214,6.994875025829)
  );
#801 = SURFACE_CURVE('',#802,(#815,#825),.PCURVE_S1.);
#802 = B_SPLINE_CURVE_WITH_KNOTS('',3,(#803,#804,#805,#806,#807,#808,
    #809,#810,#811,#812,#813,#814),.UNSPECIFIED.,.F.,.F.,(4,2,2,2,2,4),(
    8.673617379884E-19,2.647880179189E-03,5.295760358378E-03,
    7.943640537567E-03,9.267580627161E-03,1.059152071676E-02),
  .UNSPECIFIED.);
#803 = CARTESIAN_POINT('',(6.69848634689,10.477389992214,6.994875025829)
  );
#804 = CARTESIAN_POINT('',(6.620932392205,9.929324375593,6.307009194149)
  );
#805 = CARTESIAN_POINT('',(6.541832336824,9.370332628446,5.62850289438)
  );
#806 = CARTESIAN_POINT('',(6.379333763882,8.221972355368,4.297511623228)
  );
#807 = CARTESIAN_POINT('',(6.295944932912,7.632672283556,3.644783062915)
  );
#808 = CARTESIAN_POINT('',(6.123240785779,6.41219029425,2.382244805675)
  );
#809 = CARTESIAN_POINT('',(6.03371124781,5.779494493854,1.769956129936)
  );
#810 = CARTESIAN_POINT('',(5.892810340983,4.783762648881,0.912391586454)
  );
#811 = CARTESIAN_POINT('',(5.844736919117,4.444032847803,0.636848272295)
  );
#812 = CARTESIAN_POINT('',(5.745446751516,3.742359707439,0.115055696402)
  );
#813 = CARTESIAN_POINT('',(5.694256962742,3.380606870163,-0.131444789419
    ));
#814 = CARTESIAN_POINT('',(5.640618502316,3.001549528634,-0.355125000057
    ));
#815 = PCURVE('',#97,#816);
#816 = DEFINITIONAL_REPRESENTATION('',(#817),#824);
#817 = B_SPLINE_CURVE_WITH_KNOTS('',5,(#818,#819,#820,#821,#822,#823),
  .UNSPECIFIED.,.F.,.F.,(6,6),(8.673617379884E-19,1.059152071676E-02),
  .PIECEWISE_BEZIER_KNOTS.);
#818 = CARTESIAN_POINT('',(0.502013311782,5.928853754941E-03));
#819 = CARTESIAN_POINT('',(0.501835049301,1.96218897098E-02));
#820 = CARTESIAN_POINT('',(0.501644368017,3.370258376072E-02));
#821 = CARTESIAN_POINT('',(0.501415142665,4.902343658255E-02));
#822 = CARTESIAN_POINT('',(0.501174088369,6.475291859495E-02));
#823 = CARTESIAN_POINT('',(0.500820705123,8.360608960855E-02));
#824 = ( GEOMETRIC_REPRESENTATION_CONTEXT(2) 
PARAMETRIC_REPRESENTATION_CONTEXT() REPRESENTATION_CONTEXT('2D SPACE',''
  ) );
#825 = PCURVE('',#125,#826);
#826 = DEFINITIONAL_REPRESENTATION('',(#827),#840);
#827 = B_SPLINE_CURVE_WITH_KNOTS('',3,(#828,#829,#830,#831,#832,#833,
    #834,#835,#836,#837,#838,#839),.UNSPECIFIED.,.F.,.F.,(4,2,2,2,2,4),(
    8.673617379884E-19,2.647880179189E-03,5.295760358378E-03,
    7.943640537567E-03,9.267580627161E-03,1.059152071676E-02),
  .UNSPECIFIED.);
#828 = CARTESIAN_POINT('',(-2.151992271189,16.041046119775));
#829 = CARTESIAN_POINT('',(-2.70551782255,16.728911951455));
#830 = CARTESIAN_POINT('',(-3.270078352644,17.407418251223));
#831 = CARTESIAN_POINT('',(-4.429878810909,18.738409522375));
#832 = CARTESIAN_POINT('',(-5.025049603008,19.391138082688));
#833 = CARTESIAN_POINT('',(-6.257690267865,20.653676339929));
#834 = CARTESIAN_POINT('',(-6.896689105116,21.265965015667));
#835 = CARTESIAN_POINT('',(-7.902340621615,22.12352955915));
#836 = CARTESIAN_POINT('',(-8.245454876099,22.399072873309));
#837 = CARTESIAN_POINT('',(-8.954118218802,22.920865449201));
#838 = CARTESIAN_POINT('',(-9.319474907193,23.167365935023));
#839 = CARTESIAN_POINT('',(-9.702308490625,23.39104614566));
#840 = ( GEOMETRIC_REPRESENTATION_CONTEXT(2) 
PARAMETRIC_REPRESENTATION_CONTEXT() REPRESENTATION_CONTEXT('2D SPACE',''
  ) );
#841 = ORIENTED_EDGE('',*,*,#842,.T.);
#842 = EDGE_CURVE('',#799,#843,#845,.T.);
#843 = VERTEX_POINT('',#844);
#844 = CARTESIAN_POINT('',(-6.758789077512,10.477389992214,
    6.994875025829));
#845 = SURFACE_CURVE('',#846,(#849,#856),.PCURVE_S1.);
#846 = B_SPLINE_CURVE_WITH_KNOTS('',1,(#847,#848),.UNSPECIFIED.,.F.,.F.,
  (2,2),(0.30151365311,13.758789077512),.PIECEWISE_BEZIER_KNOTS.);
#847 = CARTESIAN_POINT('',(6.69848634689,10.477389992214,6.994875025829)
  );
#848 = CARTESIAN_POINT('',(-6.758789077512,10.477389992214,
    6.994875025829));
#849 = PCURVE('',#97,#850);
#850 = DEFINITIONAL_REPRESENTATION('',(#851),#855);
#851 = B_SPLINE_CURVE_WITH_KNOTS('',2,(#852,#853,#854),.UNSPECIFIED.,.F.
  ,.F.,(3,3),(0.30151365311,13.758789077512),.PIECEWISE_BEZIER_KNOTS.);
#852 = CARTESIAN_POINT('',(0.502013311782,5.928853754941E-03));
#853 = CARTESIAN_POINT('',(0.502013311782,0.5));
#854 = CARTESIAN_POINT('',(0.502013311782,0.994071146245));
#855 = ( GEOMETRIC_REPRESENTATION_CONTEXT(2) 
PARAMETRIC_REPRESENTATION_CONTEXT() REPRESENTATION_CONTEXT('2D SPACE',''
  ) );
#856 = PCURVE('',#857,#862);
#857 = B_SPLINE_SURFACE_WITH_KNOTS('',1,1,(
    (#858,#859)
    ,(#860,#861
    )),.UNSPECIFIED.,.F.,.F.,.F.,(2,2),(2,2),(12.433171253962,
    15.346624993173),(-14.,1.039168751049E-13),
  .PIECEWISE_BEZIER_KNOTS.);
#858 = CARTESIAN_POINT('',(-7.,10.477389992214,6.994875025829));
#859 = CARTESIAN_POINT('',(7.,10.477389992214,6.994875025829));
#860 = CARTESIAN_POINT('',(-7.,12.608155172202,8.98184569453));
#861 = CARTESIAN_POINT('',(7.,12.608155172202,8.98184569453));
#862 = DEFINITIONAL_REPRESENTATION('',(#863),#866);
#863 = B_SPLINE_CURVE_WITH_KNOTS('',1,(#864,#865),.UNSPECIFIED.,.F.,.F.,
  (2,2),(0.30151365311,13.758789077512),.PIECEWISE_BEZIER_KNOTS.);
#864 = CARTESIAN_POINT('',(12.433171253962,-0.30151365311));
#865 = CARTESIAN_POINT('',(12.433171253962,-13.75878907751));
#866 = ( GEOMETRIC_REPRESENTATION_CONTEXT(2) 
PARAMETRIC_REPRESENTATION_CONTEXT() REPRESENTATION_CONTEXT('2D SPACE',''
  ) );
#867 = ORIENTED_EDGE('',*,*,#868,.F.);
#868 = EDGE_CURVE('',#52,#843,#869,.T.);
#869 = SURFACE_CURVE('',#870,(#883,#892),.PCURVE_S1.);
#870 = B_SPLINE_CURVE_WITH_KNOTS('',3,(#871,#872,#873,#874,#875,#876,
    #877,#878,#879,#880,#881,#882),.UNSPECIFIED.,.F.,.F.,(4,2,2,2,2,4),(
    5.421010862428E-20,1.317373638866E-03,2.634747277731E-03,
    5.269494555462E-03,7.904241833193E-03,1.053898911092E-02),
  .UNSPECIFIED.);
#871 = CARTESIAN_POINT('',(-5.912494801853,3.001549528634,
    -0.355125000057));
#872 = CARTESIAN_POINT('',(-5.955445191435,3.380956869083,
    -0.131238256466));
#873 = CARTESIAN_POINT('',(-5.996421069694,3.742922130493,0.115442695384
    ));
#874 = CARTESIAN_POINT('',(-6.075885990614,4.444884897271,0.637513195406
    ));
#875 = CARTESIAN_POINT('',(-6.114353111656,4.784688755422,0.913155811748
    ));
#876 = CARTESIAN_POINT('',(-6.227084745946,5.780516964818,1.770903618263
    ));
#877 = CARTESIAN_POINT('',(-6.298709992288,6.413227040045,2.383270697099
    ));
#878 = CARTESIAN_POINT('',(-6.436858345565,7.6335768393,3.645765441986)
  );
#879 = CARTESIAN_POINT('',(-6.503551907243,8.222722295426,4.298359642104
    ));
#880 = CARTESIAN_POINT('',(-6.633514213117,9.370759677855,5.629019070787
    ));
#881 = CARTESIAN_POINT('',(-6.696771493983,9.92955034148,6.307292799265)
  );
#882 = CARTESIAN_POINT('',(-6.758789077512,10.477389992214,
    6.994875025829));
#883 = PCURVE('',#97,#884);
#884 = DEFINITIONAL_REPRESENTATION('',(#885),#891);
#885 = B_SPLINE_CURVE_WITH_KNOTS('',4,(#886,#887,#888,#889,#890),
  .UNSPECIFIED.,.F.,.F.,(5,5),(5.421010862428E-20,1.053898911092E-02),
  .PIECEWISE_BEZIER_KNOTS.);
#886 = CARTESIAN_POINT('',(0.500820705123,0.931929357562));
#887 = CARTESIAN_POINT('',(0.501259511317,0.950722860712));
#888 = CARTESIAN_POINT('',(0.501531997516,0.965824126248));
#889 = CARTESIAN_POINT('',(0.501793913625,0.980462014585));
#890 = CARTESIAN_POINT('',(0.502013311782,0.994071146245));
#891 = ( GEOMETRIC_REPRESENTATION_CONTEXT(2) 
PARAMETRIC_REPRESENTATION_CONTEXT() REPRESENTATION_CONTEXT('2D SPACE',''
  ) );
#892 = PCURVE('',#72,#893);
#893 = DEFINITIONAL_REPRESENTATION('',(#894),#907);
#894 = B_SPLINE_CURVE_WITH_KNOTS('',3,(#895,#896,#897,#898,#899,#900,
    #901,#902,#903,#904,#905,#906),.UNSPECIFIED.,.F.,.F.,(4,2,2,2,2,4),(
    5.421010862428E-20,1.317373638866E-03,2.634747277731E-03,
    5.269494555462E-03,7.904241833193E-03,1.053898911092E-02),
  .UNSPECIFIED.);
#895 = CARTESIAN_POINT('',(9.667964602077,23.39104614566));
#896 = CARTESIAN_POINT('',(9.286133925006,23.167159402069));
#897 = CARTESIAN_POINT('',(8.921856732382,22.92047845022));
#898 = CARTESIAN_POINT('',(8.215410414818,22.398407950197));
#899 = CARTESIAN_POINT('',(7.873436173953,22.122765333855));
#900 = CARTESIAN_POINT('',(6.871247447216,21.26501752734));
#901 = CARTESIAN_POINT('',(6.234496149449,20.652650448504));
#902 = CARTESIAN_POINT('',(5.006351776806,19.390155703617));
#903 = CARTESIAN_POINT('',(4.413443352474,18.737561503499));
#904 = CARTESIAN_POINT('',(3.258073267868,17.406902074817));
#905 = CARTESIAN_POINT('',(2.695713517053,16.728628346339));
#906 = CARTESIAN_POINT('',(2.144374725036,16.041046119775));
#907 = ( GEOMETRIC_REPRESENTATION_CONTEXT(2) 
PARAMETRIC_REPRESENTATION_CONTEXT() REPRESENTATION_CONTEXT('2D SPACE',''
  ) );
#908 = ORIENTED_EDGE('',*,*,#83,.F.);
#909 = ADVANCED_FACE('',(#910),#857,.T.);
#910 = FACE_BOUND('',#911,.T.);
#911 = EDGE_LOOP('',(#912,#932,#952,#970));
#912 = ORIENTED_EDGE('',*,*,#913,.F.);
#913 = EDGE_CURVE('',#914,#843,#916,.T.);
#914 = VERTEX_POINT('',#915);
#915 = CARTESIAN_POINT('',(-7.,12.608155172201,8.981845694529));
#916 = SURFACE_CURVE('',#917,(#920,#926),.PCURVE_S1.);
#917 = B_SPLINE_CURVE_WITH_KNOTS('',1,(#918,#919),.UNSPECIFIED.,.F.,.F.,
  (2,2),(-16.4494339542,-13.52601208939),.PIECEWISE_BEZIER_KNOTS.);
#918 = CARTESIAN_POINT('',(-7.,12.608155172201,8.981845694529));
#919 = CARTESIAN_POINT('',(-6.758789077512,10.477389992214,
    6.994875025829));
#920 = PCURVE('',#857,#921);
#921 = DEFINITIONAL_REPRESENTATION('',(#922),#925);
#922 = B_SPLINE_CURVE_WITH_KNOTS('',1,(#923,#924),.UNSPECIFIED.,.F.,.F.,
  (2,2),(-16.4494339542,-13.52601208939),.PIECEWISE_BEZIER_KNOTS.);
#923 = CARTESIAN_POINT('',(15.346624993172,-14.));
#924 = CARTESIAN_POINT('',(12.433171253962,-13.75878907751));
#925 = ( GEOMETRIC_REPRESENTATION_CONTEXT(2) 
PARAMETRIC_REPRESENTATION_CONTEXT() REPRESENTATION_CONTEXT('2D SPACE',''
  ) );
#926 = PCURVE('',#72,#927);
#927 = DEFINITIONAL_REPRESENTATION('',(#928),#931);
#928 = B_SPLINE_CURVE_WITH_KNOTS('',1,(#929,#930),.UNSPECIFIED.,.F.,.F.,
  (2,2),(-16.4494339542,-13.52601208939),.PIECEWISE_BEZIER_KNOTS.);
#929 = CARTESIAN_POINT('',(1.7763568394E-15,14.054075451074));
#930 = CARTESIAN_POINT('',(2.144374725036,16.041046119775));
#931 = ( GEOMETRIC_REPRESENTATION_CONTEXT(2) 
PARAMETRIC_REPRESENTATION_CONTEXT() REPRESENTATION_CONTEXT('2D SPACE',''
  ) );
#932 = ORIENTED_EDGE('',*,*,#933,.F.);
#933 = EDGE_CURVE('',#934,#914,#936,.T.);
#934 = VERTEX_POINT('',#935);
#935 = CARTESIAN_POINT('',(7.,12.608155172201,8.981845694531));
#936 = SURFACE_CURVE('',#937,(#940,#946),.PCURVE_S1.);
#937 = B_SPLINE_CURVE_WITH_KNOTS('',1,(#938,#939),.UNSPECIFIED.,.F.,.F.,
  (2,2),(6.217248937901E-15,14.),.PIECEWISE_BEZIER_KNOTS.);
#938 = CARTESIAN_POINT('',(7.,12.608155172201,8.981845694529));
#939 = CARTESIAN_POINT('',(-7.,12.608155172201,8.981845694529));
#940 = PCURVE('',#857,#941);
#941 = DEFINITIONAL_REPRESENTATION('',(#942),#945);
#942 = B_SPLINE_CURVE_WITH_KNOTS('',1,(#943,#944),.UNSPECIFIED.,.F.,.F.,
  (2,2),(6.217248937901E-15,14.),.PIECEWISE_BEZIER_KNOTS.);
#943 = CARTESIAN_POINT('',(15.346624993172,-6.217248937901E-15));
#944 = CARTESIAN_POINT('',(15.346624993172,-14.));
#945 = ( GEOMETRIC_REPRESENTATION_CONTEXT(2) 
PARAMETRIC_REPRESENTATION_CONTEXT() REPRESENTATION_CONTEXT('2D SPACE',''
  ) );
#946 = PCURVE('',#183,#947);
#947 = DEFINITIONAL_REPRESENTATION('',(#948),#951);
#948 = B_SPLINE_CURVE_WITH_KNOTS('',1,(#949,#950),.UNSPECIFIED.,.F.,.F.,
  (2,2),(6.217248937901E-15,14.),.PIECEWISE_BEZIER_KNOTS.);
#949 = CARTESIAN_POINT('',(-8.309676529769,-6.217248937901E-15));
#950 = CARTESIAN_POINT('',(-8.309676529769,-14.));
#951 = ( GEOMETRIC_REPRESENTATION_CONTEXT(2) 
PARAMETRIC_REPRESENTATION_CONTEXT() REPRESENTATION_CONTEXT('2D SPACE',''
  ) );
#952 = ORIENTED_EDGE('',*,*,#953,.F.);
#953 = EDGE_CURVE('',#799,#934,#954,.T.);
#954 = SURFACE_CURVE('',#955,(#958,#964),.PCURVE_S1.);
#955 = B_SPLINE_CURVE_WITH_KNOTS('',1,(#956,#957),.UNSPECIFIED.,.F.,.F.,
  (2,2),(12.336082537448,15.26509656499),.PIECEWISE_BEZIER_KNOTS.);
#956 = CARTESIAN_POINT('',(6.69848634689,10.477389992214,6.994875025829)
  );
#957 = CARTESIAN_POINT('',(7.,12.608155172202,8.98184569453));
#958 = PCURVE('',#857,#959);
#959 = DEFINITIONAL_REPRESENTATION('',(#960),#963);
#960 = B_SPLINE_CURVE_WITH_KNOTS('',1,(#961,#962),.UNSPECIFIED.,.F.,.F.,
  (2,2),(12.336082537448,15.26509656499),.PIECEWISE_BEZIER_KNOTS.);
#961 = CARTESIAN_POINT('',(12.433171253962,-0.30151365311));
#962 = CARTESIAN_POINT('',(15.346624993173,1.039168751049E-13));
#963 = ( GEOMETRIC_REPRESENTATION_CONTEXT(2) 
PARAMETRIC_REPRESENTATION_CONTEXT() REPRESENTATION_CONTEXT('2D SPACE',''
  ) );
#964 = PCURVE('',#125,#965);
#965 = DEFINITIONAL_REPRESENTATION('',(#966),#969);
#966 = B_SPLINE_CURVE_WITH_KNOTS('',1,(#967,#968),.UNSPECIFIED.,.F.,.F.,
  (2,2),(12.336082537448,15.26509656499),.PIECEWISE_BEZIER_KNOTS.);
#967 = CARTESIAN_POINT('',(-2.151992271189,16.041046119775));
#968 = CARTESIAN_POINT('',(7.407408020299E-13,14.054075451073));
#969 = ( GEOMETRIC_REPRESENTATION_CONTEXT(2) 
PARAMETRIC_REPRESENTATION_CONTEXT() REPRESENTATION_CONTEXT('2D SPACE',''
  ) );
#970 = ORIENTED_EDGE('',*,*,#842,.T.);
#971 = ADVANCED_FACE('',(#972),#183,.F.);
#972 = FACE_BOUND('',#973,.T.);
#973 = EDGE_LOOP('',(#974,#975,#993,#994));
#974 = ORIENTED_EDGE('',*,*,#933,.T.);
#975 = ORIENTED_EDGE('',*,*,#976,.T.);
#976 = EDGE_CURVE('',#914,#165,#977,.T.);
#977 = SURFACE_CURVE('',#978,(#981,#987),.PCURVE_S1.);
#978 = B_SPLINE_CURVE_WITH_KNOTS('',1,(#979,#980),.UNSPECIFIED.,.F.,.F.,
  (2,2),(8.226587270142,22.300196769842),.PIECEWISE_BEZIER_KNOTS.);
#979 = CARTESIAN_POINT('',(-7.,12.608155172201,8.981845694529));
#980 = CARTESIAN_POINT('',(-6.916620475013,11.871612287934,
    23.035921145604));
#981 = PCURVE('',#183,#982);
#982 = DEFINITIONAL_REPRESENTATION('',(#983),#986);
#983 = B_SPLINE_CURVE_WITH_KNOTS('',1,(#984,#985),.UNSPECIFIED.,.F.,.F.,
  (2,2),(8.226587270142,22.300196769842),.PIECEWISE_BEZIER_KNOTS.);
#984 = CARTESIAN_POINT('',(-8.309676529769,-14.));
#985 = CARTESIAN_POINT('',(-22.38303903504,-13.91662047501));
#986 = ( GEOMETRIC_REPRESENTATION_CONTEXT(2) 
PARAMETRIC_REPRESENTATION_CONTEXT() REPRESENTATION_CONTEXT('2D SPACE',''
  ) );
#987 = PCURVE('',#72,#988);
#988 = DEFINITIONAL_REPRESENTATION('',(#989),#992);
#989 = B_SPLINE_CURVE_WITH_KNOTS('',1,(#990,#991),.UNSPECIFIED.,.F.,.F.,
  (2,2),(8.226587270142,22.300196769842),.PIECEWISE_BEZIER_KNOTS.);
#990 = CARTESIAN_POINT('',(0.,14.054075451074));
#991 = CARTESIAN_POINT('',(0.741247303908,0.));
#992 = ( GEOMETRIC_REPRESENTATION_CONTEXT(2) 
PARAMETRIC_REPRESENTATION_CONTEXT() REPRESENTATION_CONTEXT('2D SPACE',''
  ) );
#993 = ORIENTED_EDGE('',*,*,#162,.F.);
#994 = ORIENTED_EDGE('',*,*,#995,.T.);
#995 = EDGE_CURVE('',#163,#934,#996,.T.);
#996 = SURFACE_CURVE('',#997,(#1000,#1006),.PCURVE_S1.);
#997 = B_SPLINE_CURVE_WITH_KNOTS('',1,(#998,#999),.UNSPECIFIED.,.F.,.F.,
  (2,2),(-22.38319709601,-8.309448663854),.PIECEWISE_BEZIER_KNOTS.);
#998 = CARTESIAN_POINT('',(6.895775593766,11.871612287934,
    23.035921145604));
#999 = CARTESIAN_POINT('',(7.,12.608155172201,8.981845694531));
#1000 = PCURVE('',#183,#1001);
#1001 = DEFINITIONAL_REPRESENTATION('',(#1002),#1005);
#1002 = B_SPLINE_CURVE_WITH_KNOTS('',1,(#1003,#1004),.UNSPECIFIED.,.F.,
  .F.,(2,2),(-22.38319709601,-8.309448663854),.PIECEWISE_BEZIER_KNOTS.);
#1003 = CARTESIAN_POINT('',(-22.38303903504,-0.104224406234));
#1004 = CARTESIAN_POINT('',(-8.30967652977,-1.15463194561E-14));
#1005 = ( GEOMETRIC_REPRESENTATION_CONTEXT(2) 
PARAMETRIC_REPRESENTATION_CONTEXT() REPRESENTATION_CONTEXT('2D SPACE',''
  ) );
#1006 = PCURVE('',#125,#1007);
#1007 = DEFINITIONAL_REPRESENTATION('',(#1008),#1011);
#1008 = B_SPLINE_CURVE_WITH_KNOTS('',1,(#1009,#1010),.UNSPECIFIED.,.F.,
  .F.,(2,2),(-22.38319709601,-8.309448663854),.PIECEWISE_BEZIER_KNOTS.);
#1009 = CARTESIAN_POINT('',(-0.743880465679,0.));
#1010 = CARTESIAN_POINT('',(-8.171241461241E-14,14.054075451073));
#1011 = ( GEOMETRIC_REPRESENTATION_CONTEXT(2) 
PARAMETRIC_REPRESENTATION_CONTEXT() REPRESENTATION_CONTEXT('2D SPACE',''
  ) );
#1012 = ADVANCED_FACE('',(#1013),#228,.F.);
#1013 = FACE_BOUND('',#1014,.F.);
#1014 = EDGE_LOOP('',(#1015,#1016,#1041,#1042));
#1015 = ORIENTED_EDGE('',*,*,#214,.F.);
#1016 = ORIENTED_EDGE('',*,*,#1017,.T.);
#1017 = EDGE_CURVE('',#215,#266,#1018,.T.);
#1018 = SURFACE_CURVE('',#1019,(#1024,#1033),.PCURVE_S1.);
#1019 = ( BOUNDED_CURVE() B_SPLINE_CURVE(3,(#1020,#1021,#1022,#1023),
.UNSPECIFIED.,.F.,.F.) B_SPLINE_CURVE_WITH_KNOTS((4,4),(3.87480531544,
3.956554119854),.PIECEWISE_BEZIER_KNOTS.) CURVE() 
GEOMETRIC_REPRESENTATION_ITEM() RATIONAL_B_SPLINE_CURVE((1.,
0.999443171946,0.999443171946,1.)) REPRESENTATION_ITEM('') );
#1020 = CARTESIAN_POINT('',(6.848870341771,11.540137820098,
    23.035921145604));
#1021 = CARTESIAN_POINT('',(6.66817559294,10.263187091523,
    21.618220912965));
#1022 = CARTESIAN_POINT('',(6.479434176353,8.92937141075,20.253884868379
    ));
#1023 = CARTESIAN_POINT('',(6.282961381556,7.540918895747,
    18.945192113598));
#1024 = PCURVE('',#228,#1025);
#1025 = DEFINITIONAL_REPRESENTATION('',(#1026),#1032);
#1026 = B_SPLINE_CURVE_WITH_KNOTS('',4,(#1027,#1028,#1029,#1030,#1031),
  .UNSPECIFIED.,.F.,.F.,(5,5),(3.87480531544,3.956554119854),
  .PIECEWISE_BEZIER_KNOTS.);
#1027 = CARTESIAN_POINT('',(2.304008988645,0.151129658229));
#1028 = CARTESIAN_POINT('',(2.324446189749,0.286575229425));
#1029 = CARTESIAN_POINT('',(2.344883390852,0.426192919455));
#1030 = CARTESIAN_POINT('',(2.365320591956,0.569766102812));
#1031 = CARTESIAN_POINT('',(2.38575779306,0.717038618444));
#1032 = ( GEOMETRIC_REPRESENTATION_CONTEXT(2) 
PARAMETRIC_REPRESENTATION_CONTEXT() REPRESENTATION_CONTEXT('2D SPACE',''
  ) );
#1033 = PCURVE('',#125,#1034);
#1034 = DEFINITIONAL_REPRESENTATION('',(#1035),#1040);
#1035 = ( BOUNDED_CURVE() B_SPLINE_CURVE(3,(#1036,#1037,#1038,#1039),
.UNSPECIFIED.,.F.,.F.) B_SPLINE_CURVE_WITH_KNOTS((4,4),(3.87480531544,
3.956554119854),.PIECEWISE_BEZIER_KNOTS.) CURVE() 
GEOMETRIC_REPRESENTATION_ITEM() RATIONAL_B_SPLINE_CURVE((1.,
0.999443171946,0.999443171946,1.)) REPRESENTATION_ITEM('') );
#1036 = CARTESIAN_POINT('',(-1.078657145709,0.));
#1037 = CARTESIAN_POINT('',(-2.368329102241,1.417700232639));
#1038 = CARTESIAN_POINT('',(-3.715432510525,2.782036277225));
#1039 = CARTESIAN_POINT('',(-5.117717055657,4.090729032005));
#1040 = ( GEOMETRIC_REPRESENTATION_CONTEXT(2) 
PARAMETRIC_REPRESENTATION_CONTEXT() REPRESENTATION_CONTEXT('2D SPACE',''
  ) );
#1041 = ORIENTED_EDGE('',*,*,#407,.T.);
#1042 = ORIENTED_EDGE('',*,*,#1043,.T.);
#1043 = EDGE_CURVE('',#356,#195,#1044,.T.);
#1044 = SURFACE_CURVE('',#1045,(#1050,#1059),.PCURVE_S1.);
#1045 = ( BOUNDED_CURVE() B_SPLINE_CURVE(3,(#1046,#1047,#1048,#1049),
.UNSPECIFIED.,.F.,.F.) B_SPLINE_CURVE_WITH_KNOTS((4,4),(5.468223840915,
5.549972645329),.PIECEWISE_BEZIER_KNOTS.) CURVE() 
GEOMETRIC_REPRESENTATION_ITEM() RATIONAL_B_SPLINE_CURVE((1.,
0.999443171946,0.999443171946,1.)) REPRESENTATION_ITEM('') );
#1046 = CARTESIAN_POINT('',(-6.426369105244,7.540918895747,
    18.945192113598));
#1047 = CARTESIAN_POINT('',(-6.583547341082,8.92937141075,
    20.253884868379));
#1048 = CARTESIAN_POINT('',(-6.734540474352,10.263187091523,
    21.618220912965));
#1049 = CARTESIAN_POINT('',(-6.879096273417,11.540137820098,
    23.035921145604));
#1050 = PCURVE('',#228,#1051);
#1051 = DEFINITIONAL_REPRESENTATION('',(#1052),#1058);
#1052 = B_SPLINE_CURVE_WITH_KNOTS('',4,(#1053,#1054,#1055,#1056,#1057),
  .UNSPECIFIED.,.F.,.F.,(5,5),(5.468223840915,5.549972645329),
  .PIECEWISE_BEZIER_KNOTS.);
#1053 = CARTESIAN_POINT('',(2.38575779306,13.426369105244));
#1054 = CARTESIAN_POINT('',(2.365320591956,13.54418711775));
#1055 = CARTESIAN_POINT('',(2.344883390852,13.659045664436));
#1056 = CARTESIAN_POINT('',(2.324446189749,13.77073981646));
#1057 = CARTESIAN_POINT('',(2.304008988645,13.879096273417));
#1058 = ( GEOMETRIC_REPRESENTATION_CONTEXT(2) 
PARAMETRIC_REPRESENTATION_CONTEXT() REPRESENTATION_CONTEXT('2D SPACE',''
  ) );
#1059 = PCURVE('',#72,#1060);
#1060 = DEFINITIONAL_REPRESENTATION('',(#1061),#1066);
#1061 = ( BOUNDED_CURVE() B_SPLINE_CURVE(3,(#1062,#1063,#1064,#1065),
.UNSPECIFIED.,.F.,.F.) B_SPLINE_CURVE_WITH_KNOTS((4,4),(5.468223840915,
5.549972645329),.PIECEWISE_BEZIER_KNOTS.) CURVE() 
GEOMETRIC_REPRESENTATION_ITEM() RATIONAL_B_SPLINE_CURVE((1.,
0.999443171946,0.999443171946,1.)) REPRESENTATION_ITEM('') );
#1062 = CARTESIAN_POINT('',(5.099601541771,4.090729032005));
#1063 = CARTESIAN_POINT('',(3.702280753892,2.782036277225));
#1064 = CARTESIAN_POINT('',(2.359945774622,1.417700232639));
#1065 = CARTESIAN_POINT('',(1.074838953283,0.));
#1066 = ( GEOMETRIC_REPRESENTATION_CONTEXT(2) 
PARAMETRIC_REPRESENTATION_CONTEXT() REPRESENTATION_CONTEXT('2D SPACE',''
  ) );
#1067 = ADVANCED_FACE('',(#1068),#148,.F.);
#1068 = FACE_BOUND('',#1069,.T.);
#1069 = EDGE_LOOP('',(#1070,#1071,#1089,#1090));
#1070 = ORIENTED_EDGE('',*,*,#722,.T.);
#1071 = ORIENTED_EDGE('',*,*,#1072,.T.);
#1072 = EDGE_CURVE('',#723,#54,#1073,.T.);
#1073 = SURFACE_CURVE('',#1074,(#1077,#1083),.PCURVE_S1.);
#1074 = B_SPLINE_CURVE_WITH_KNOTS('',1,(#1075,#1076),.UNSPECIFIED.,.F.,
  .F.,(2,2),(5.055521344103E-02,1.80163558167),
  .PIECEWISE_BEZIER_KNOTS.);
#1075 = CARTESIAN_POINT('',(-5.796429114223,1.976269565185,
    1.394874999944));
#1076 = CARTESIAN_POINT('',(-5.803347156826,2.037380911796,
    -0.355125000056));
#1077 = PCURVE('',#148,#1078);
#1078 = DEFINITIONAL_REPRESENTATION('',(#1079),#1082);
#1079 = B_SPLINE_CURVE_WITH_KNOTS('',1,(#1080,#1081),.UNSPECIFIED.,.F.,
  .F.,(2,2),(5.055521344103E-02,1.80163558167),
  .PIECEWISE_BEZIER_KNOTS.);
#1080 = CARTESIAN_POINT('',(0.,-12.79642911422));
#1081 = CARTESIAN_POINT('',(-1.751066702523,-12.80334715682));
#1082 = ( GEOMETRIC_REPRESENTATION_CONTEXT(2) 
PARAMETRIC_REPRESENTATION_CONTEXT() REPRESENTATION_CONTEXT('2D SPACE',''
  ) );
#1083 = PCURVE('',#72,#1084);
#1084 = DEFINITIONAL_REPRESENTATION('',(#1085),#1088);
#1085 = B_SPLINE_CURVE_WITH_KNOTS('',1,(#1086,#1087),.UNSPECIFIED.,.F.,
  .F.,(2,2),(5.055521344103E-02,1.80163558167),
  .PIECEWISE_BEZIER_KNOTS.);
#1086 = CARTESIAN_POINT('',(10.699793196028,21.64104614566));
#1087 = CARTESIAN_POINT('',(10.63829152127,23.39104614566));
#1088 = ( GEOMETRIC_REPRESENTATION_CONTEXT(2) 
PARAMETRIC_REPRESENTATION_CONTEXT() REPRESENTATION_CONTEXT('2D SPACE',''
  ) );
#1089 = ORIENTED_EDGE('',*,*,#136,.F.);
#1090 = ORIENTED_EDGE('',*,*,#1091,.T.);
#1091 = EDGE_CURVE('',#112,#656,#1092,.T.);
#1092 = SURFACE_CURVE('',#1093,(#1096,#1102),.PCURVE_S1.);
#1093 = B_SPLINE_CURVE_WITH_KNOTS('',1,(#1094,#1095),.UNSPECIFIED.,.F.,
  .F.,(2,2),(-1.743658429247,7.429625895774E-03),
  .PIECEWISE_BEZIER_KNOTS.);
#1094 = CARTESIAN_POINT('',(5.504183946032,2.037380911796,
    -0.355125000057));
#1095 = CARTESIAN_POINT('',(5.495536392779,1.976269565185,1.394874999944
    ));
#1096 = PCURVE('',#148,#1097);
#1097 = DEFINITIONAL_REPRESENTATION('',(#1098),#1101);
#1098 = B_SPLINE_CURVE_WITH_KNOTS('',1,(#1099,#1100),.UNSPECIFIED.,.F.,
  .F.,(2,2),(-1.743658429247,7.429625895774E-03),
  .PIECEWISE_BEZIER_KNOTS.);
#1099 = CARTESIAN_POINT('',(-1.751066702523,-1.495816053968));
#1100 = CARTESIAN_POINT('',(0.,-1.504463607221));
#1101 = ( GEOMETRIC_REPRESENTATION_CONTEXT(2) 
PARAMETRIC_REPRESENTATION_CONTEXT() REPRESENTATION_CONTEXT('2D SPACE',''
  ) );
#1102 = PCURVE('',#125,#1103);
#1103 = DEFINITIONAL_REPRESENTATION('',(#1104),#1107);
#1104 = B_SPLINE_CURVE_WITH_KNOTS('',1,(#1105,#1106),.UNSPECIFIED.,.F.,
  .F.,(2,2),(-1.743658429247,7.429625895774E-03),
  .PIECEWISE_BEZIER_KNOTS.);
#1105 = CARTESIAN_POINT('',(-10.67608234006,23.39104614566));
#1106 = CARTESIAN_POINT('',(-10.73780248962,21.64104614566));
#1107 = ( GEOMETRIC_REPRESENTATION_CONTEXT(2) 
PARAMETRIC_REPRESENTATION_CONTEXT() REPRESENTATION_CONTEXT('2D SPACE',''
  ) );
#1108 = ADVANCED_FACE('',(#1109),#125,.F.);
#1109 = FACE_BOUND('',#1110,.T.);
#1110 = EDGE_LOOP('',(#1111,#1112,#1113,#1114,#1115,#1116,#1117,#1118,
    #1119,#1120,#1121,#1122));
#1111 = ORIENTED_EDGE('',*,*,#953,.T.);
#1112 = ORIENTED_EDGE('',*,*,#995,.F.);
#1113 = ORIENTED_EDGE('',*,*,#242,.F.);
#1114 = ORIENTED_EDGE('',*,*,#1017,.T.);
#1115 = ORIENTED_EDGE('',*,*,#263,.F.);
#1116 = ORIENTED_EDGE('',*,*,#430,.F.);
#1117 = ORIENTED_EDGE('',*,*,#563,.T.);
#1118 = ORIENTED_EDGE('',*,*,#634,.F.);
#1119 = ORIENTED_EDGE('',*,*,#655,.F.);
#1120 = ORIENTED_EDGE('',*,*,#1091,.F.);
#1121 = ORIENTED_EDGE('',*,*,#111,.T.);
#1122 = ORIENTED_EDGE('',*,*,#798,.F.);
#1123 = ADVANCED_FACE('',(#1124),#72,.F.);
#1124 = FACE_BOUND('',#1125,.T.);
#1125 = EDGE_LOOP('',(#1126,#1127,#1128,#1129,#1130,#1131,#1132,#1133,
    #1134,#1135,#1136,#1137));
#1126 = ORIENTED_EDGE('',*,*,#51,.T.);
#1127 = ORIENTED_EDGE('',*,*,#1072,.F.);
#1128 = ORIENTED_EDGE('',*,*,#743,.F.);
#1129 = ORIENTED_EDGE('',*,*,#586,.F.);
#1130 = ORIENTED_EDGE('',*,*,#518,.T.);
#1131 = ORIENTED_EDGE('',*,*,#486,.F.);
#1132 = ORIENTED_EDGE('',*,*,#355,.F.);
#1133 = ORIENTED_EDGE('',*,*,#1043,.T.);
#1134 = ORIENTED_EDGE('',*,*,#194,.F.);
#1135 = ORIENTED_EDGE('',*,*,#976,.F.);
#1136 = ORIENTED_EDGE('',*,*,#913,.T.);
#1137 = ORIENTED_EDGE('',*,*,#868,.F.);
#1138 = ( GEOMETRIC_REPRESENTATION_CONTEXT(3) 
GLOBAL_UNCERTAINTY_ASSIGNED_CONTEXT((#1142)) 
GLOBAL_UNIT_ASSIGNED_CONTEXT((#1139,#1140,#1141)) REPRESENTATION_CONTEXT
('Context #1','3D Context with UNIT and UNCERTAINTY') );
#1139 = ( LENGTH_UNIT() NAMED_UNIT(*) SI_UNIT(.MILLI.,.METRE.) );
#1140 = ( NAMED_UNIT(*) PLANE_ANGLE_UNIT() SI_UNIT($,.RADIAN.) );
#1141 = ( NAMED_UNIT(*) SI_UNIT($,.STERADIAN.) SOLID_ANGLE_UNIT() );
#1142 = UNCERTAINTY_MEASURE_WITH_UNIT(LENGTH_MEASURE(1.E-03),#1139,
  'distance_accuracy_value','confusion accuracy');
#1143 = CONTEXT_DEPENDENT_SHAPE_REPRESENTATION(#1144,#1146);
#1144 = ( REPRESENTATION_RELATIONSHIP('','',#44,#10) 
REPRESENTATION_RELATIONSHIP_WITH_TRANSFORMATION(#1145) 
SHAPE_REPRESENTATION_RELATIONSHIP() );
#1145 = ITEM_DEFINED_TRANSFORMATION('','',#11,#15);
#1146 = PRODUCT_DEFINITION_SHAPE('Placement','Placement of an item',
  #1147);
#1147 = NEXT_ASSEMBLY_USAGE_OCCURRENCE('5','','',#5,#39,$);
#1148 = PRODUCT_RELATED_PRODUCT_CATEGORY('part',$,(#41));
#1149 = SHAPE_DEFINITION_REPRESENTATION(#1150,#1156);
#1150 = PRODUCT_DEFINITION_SHAPE('','',#1151);
#1151 = PRODUCT_DEFINITION('design','',#1152,#1155);
#1152 = PRODUCT_DEFINITION_FORMATION('','',#1153);
#1153 = PRODUCT('Open CASCADE STEP translator 7.9 2.2',
  'Open CASCADE STEP translator 7.9 2.2','',(#1154));
#1154 = PRODUCT_CONTEXT('',#2,'mechanical');
#1155 = PRODUCT_DEFINITION_CONTEXT('part definition',#2,'design');
#1156 = ADVANCED_BREP_SHAPE_REPRESENTATION('',(#11,#1157),#8865);
#1157 = MANIFOLD_SOLID_BREP('',#1158);
#1158 = CLOSED_SHELL('',(#1159,#1289,#1409,#1529,#3653,#3773,#3849,#3903
    ,#3957,#3989,#4060,#4110,#4159,#4209,#4258,#4308,#4362,#4412,#4461,
    #4511,#4560,#4610,#4659,#4709,#4763,#4813,#4862,#4912,#4961,#5011,
    #5060,#5114,#5163,#5213,#5262,#5312,#5361,#5415,#5464,#5514,#5563,
    #5613,#5662,#5712,#5761,#5811,#5843,#5893,#5942,#5992,#6041,#6091,
    #6140,#6172,#6221,#6271,#6320,#6370,#6419,#6469,#6501,#6551,#6600,
    #6650,#6699,#6749,#6798,#6848,#6897,#6951,#7000,#7050,#7099,#7149,
    #7198,#7252,#7301,#7351,#7400,#7450,#7499,#7549,#7603,#7631,#7859,
    #7930,#7979,#8028,#8055,#8283,#8511,#8739));
#1159 = ADVANCED_FACE('',(#1160),#1175,.T.);
#1160 = FACE_BOUND('',#1161,.T.);
#1161 = EDGE_LOOP('',(#1162,#1202,#1230,#1263));
#1162 = ORIENTED_EDGE('',*,*,#1163,.T.);
#1163 = EDGE_CURVE('',#1164,#1166,#1168,.T.);
#1164 = VERTEX_POINT('',#1165);
#1165 = CARTESIAN_POINT('',(0.251821456086,-0.323571428571,
    -0.355125000056));
#1166 = VERTEX_POINT('',#1167);
#1167 = CARTESIAN_POINT('',(0.32,-0.285,-0.355125000056));
#1168 = SURFACE_CURVE('',#1169,(#1174,#1186),.PCURVE_S1.);
#1169 = CIRCLE('',#1170,4.5E-02);
#1170 = AXIS2_PLACEMENT_3D('',#1171,#1172,#1173);
#1171 = CARTESIAN_POINT('',(0.275,-0.285,-0.355125000056));
#1172 = DIRECTION('',(7.228014483237E-15,0.,1.));
#1173 = DIRECTION('',(-1.,0.,7.228014483237E-15));
#1174 = PCURVE('',#1175,#1180);
#1175 = CYLINDRICAL_SURFACE('',#1176,4.5E-02);
#1176 = AXIS2_PLACEMENT_3D('',#1177,#1178,#1179);
#1177 = CARTESIAN_POINT('',(0.275,-0.285,-0.355125000056));
#1178 = DIRECTION('',(7.228014483237E-15,0.,1.));
#1179 = DIRECTION('',(1.,0.,-7.228014483237E-15));
#1180 = DEFINITIONAL_REPRESENTATION('',(#1181),#1185);
#1181 = LINE('',#1182,#1183);
#1182 = CARTESIAN_POINT('',(3.14159265359,0.));
#1183 = VECTOR('',#1184,1.);
#1184 = DIRECTION('',(1.,0.));
#1185 = ( GEOMETRIC_REPRESENTATION_CONTEXT(2) 
PARAMETRIC_REPRESENTATION_CONTEXT() REPRESENTATION_CONTEXT('2D SPACE',''
  ) );
#1186 = PCURVE('',#1187,#1192);
#1187 = PLANE('',#1188);
#1188 = AXIS2_PLACEMENT_3D('',#1189,#1190,#1191);
#1189 = CARTESIAN_POINT('',(-2.913505490302E-15,0.,-0.355125000056));
#1190 = DIRECTION('',(-6.982962677686E-15,0.,-1.));
#1191 = DIRECTION('',(-1.,0.,6.982962677686E-15));
#1192 = DEFINITIONAL_REPRESENTATION('',(#1193),#1201);
#1193 = ( BOUNDED_CURVE() B_SPLINE_CURVE(2,(#1194,#1195,#1196,#1197,
#1198,#1199,#1200),.UNSPECIFIED.,.T.,.F.) B_SPLINE_CURVE_WITH_KNOTS((1,2
    ,2,2,2,1),(-2.094395102393,0.,2.094395102393,4.188790204786,
6.28318530718,8.377580409573),.UNSPECIFIED.) CURVE() 
GEOMETRIC_REPRESENTATION_ITEM() RATIONAL_B_SPLINE_CURVE((1.,0.5,1.,0.5,
1.,0.5,1.)) REPRESENTATION_ITEM('') );
#1194 = CARTESIAN_POINT('',(-0.23,-0.285));
#1195 = CARTESIAN_POINT('',(-0.23,-0.362942286341));
#1196 = CARTESIAN_POINT('',(-0.2975,-0.32397114317));
#1197 = CARTESIAN_POINT('',(-0.365,-0.285));
#1198 = CARTESIAN_POINT('',(-0.2975,-0.24602885683));
#1199 = CARTESIAN_POINT('',(-0.23,-0.207057713659));
#1200 = CARTESIAN_POINT('',(-0.23,-0.285));
#1201 = ( GEOMETRIC_REPRESENTATION_CONTEXT(2) 
PARAMETRIC_REPRESENTATION_CONTEXT() REPRESENTATION_CONTEXT('2D SPACE',''
  ) );
#1202 = ORIENTED_EDGE('',*,*,#1203,.T.);
#1203 = EDGE_CURVE('',#1166,#1204,#1206,.T.);
#1204 = VERTEX_POINT('',#1205);
#1205 = CARTESIAN_POINT('',(0.32,-0.285,-0.355));
#1206 = SURFACE_CURVE('',#1207,(#1211,#1218),.PCURVE_S1.);
#1207 = LINE('',#1208,#1209);
#1208 = CARTESIAN_POINT('',(0.32,-0.285,-0.355125000056));
#1209 = VECTOR('',#1210,1.);
#1210 = DIRECTION('',(7.228014483237E-15,0.,1.));
#1211 = PCURVE('',#1175,#1212);
#1212 = DEFINITIONAL_REPRESENTATION('',(#1213),#1217);
#1213 = LINE('',#1214,#1215);
#1214 = CARTESIAN_POINT('',(6.28318530718,5.551115123126E-17));
#1215 = VECTOR('',#1216,1.);
#1216 = DIRECTION('',(0.,1.));
#1217 = ( GEOMETRIC_REPRESENTATION_CONTEXT(2) 
PARAMETRIC_REPRESENTATION_CONTEXT() REPRESENTATION_CONTEXT('2D SPACE',''
  ) );
#1218 = PCURVE('',#1219,#1224);
#1219 = CYLINDRICAL_SURFACE('',#1220,4.5E-02);
#1220 = AXIS2_PLACEMENT_3D('',#1221,#1222,#1223);
#1221 = CARTESIAN_POINT('',(0.275,-0.285,-0.355125000056));
#1222 = DIRECTION('',(7.228014483237E-15,0.,1.));
#1223 = DIRECTION('',(1.,0.,-7.228014483237E-15));
#1224 = DEFINITIONAL_REPRESENTATION('',(#1225),#1229);
#1225 = LINE('',#1226,#1227);
#1226 = CARTESIAN_POINT('',(0.,5.551115123126E-17));
#1227 = VECTOR('',#1228,1.);
#1228 = DIRECTION('',(0.,1.));
#1229 = ( GEOMETRIC_REPRESENTATION_CONTEXT(2) 
PARAMETRIC_REPRESENTATION_CONTEXT() REPRESENTATION_CONTEXT('2D SPACE',''
  ) );
#1230 = ORIENTED_EDGE('',*,*,#1231,.F.);
#1231 = EDGE_CURVE('',#1232,#1204,#1234,.T.);
#1232 = VERTEX_POINT('',#1233);
#1233 = CARTESIAN_POINT('',(0.251821456086,-0.323571428571,-0.355));
#1234 = SURFACE_CURVE('',#1235,(#1240,#1247),.PCURVE_S1.);
#1235 = CIRCLE('',#1236,4.5E-02);
#1236 = AXIS2_PLACEMENT_3D('',#1237,#1238,#1239);
#1237 = CARTESIAN_POINT('',(0.275,-0.285,-0.355));
#1238 = DIRECTION('',(7.228014483237E-15,0.,1.));
#1239 = DIRECTION('',(-1.,0.,7.228014483237E-15));
#1240 = PCURVE('',#1175,#1241);
#1241 = DEFINITIONAL_REPRESENTATION('',(#1242),#1246);
#1242 = LINE('',#1243,#1244);
#1243 = CARTESIAN_POINT('',(3.14159265359,1.250000564816E-04));
#1244 = VECTOR('',#1245,1.);
#1245 = DIRECTION('',(1.,0.));
#1246 = ( GEOMETRIC_REPRESENTATION_CONTEXT(2) 
PARAMETRIC_REPRESENTATION_CONTEXT() REPRESENTATION_CONTEXT('2D SPACE',''
  ) );
#1247 = PCURVE('',#1248,#1253);
#1248 = PLANE('',#1249);
#1249 = AXIS2_PLACEMENT_3D('',#1250,#1251,#1252);
#1250 = CARTESIAN_POINT('',(0.485,-0.595,-0.355));
#1251 = DIRECTION('',(-6.982962677686E-15,0.,-1.));
#1252 = DIRECTION('',(-1.,0.,6.982962677686E-15));
#1253 = DEFINITIONAL_REPRESENTATION('',(#1254),#1262);
#1254 = ( BOUNDED_CURVE() B_SPLINE_CURVE(2,(#1255,#1256,#1257,#1258,
#1259,#1260,#1261),.UNSPECIFIED.,.T.,.F.) B_SPLINE_CURVE_WITH_KNOTS((1,2
    ,2,2,2,1),(-2.094395102393,0.,2.094395102393,4.188790204786,
6.28318530718,8.377580409573),.UNSPECIFIED.) CURVE() 
GEOMETRIC_REPRESENTATION_ITEM() RATIONAL_B_SPLINE_CURVE((1.,0.5,1.,0.5,
1.,0.5,1.)) REPRESENTATION_ITEM('') );
#1255 = CARTESIAN_POINT('',(0.255,0.31));
#1256 = CARTESIAN_POINT('',(0.255,0.232057713659));
#1257 = CARTESIAN_POINT('',(0.1875,0.27102885683));
#1258 = CARTESIAN_POINT('',(0.12,0.31));
#1259 = CARTESIAN_POINT('',(0.1875,0.34897114317));
#1260 = CARTESIAN_POINT('',(0.255,0.387942286341));
#1261 = CARTESIAN_POINT('',(0.255,0.31));
#1262 = ( GEOMETRIC_REPRESENTATION_CONTEXT(2) 
PARAMETRIC_REPRESENTATION_CONTEXT() REPRESENTATION_CONTEXT('2D SPACE',''
  ) );
#1263 = ORIENTED_EDGE('',*,*,#1264,.F.);
#1264 = EDGE_CURVE('',#1164,#1232,#1265,.T.);
#1265 = SURFACE_CURVE('',#1266,(#1270,#1277),.PCURVE_S1.);
#1266 = LINE('',#1267,#1268);
#1267 = CARTESIAN_POINT('',(0.251821456086,-0.323571428571,
    -0.355125000056));
#1268 = VECTOR('',#1269,1.);
#1269 = DIRECTION('',(6.982962677686E-15,0.,1.));
#1270 = PCURVE('',#1175,#1271);
#1271 = DEFINITIONAL_REPRESENTATION('',(#1272),#1276);
#1272 = LINE('',#1273,#1274);
#1273 = CARTESIAN_POINT('',(4.171289454427,-1.665334536938E-16));
#1274 = VECTOR('',#1275,1.);
#1275 = DIRECTION('',(0.,1.));
#1276 = ( GEOMETRIC_REPRESENTATION_CONTEXT(2) 
PARAMETRIC_REPRESENTATION_CONTEXT() REPRESENTATION_CONTEXT('2D SPACE',''
  ) );
#1277 = PCURVE('',#1278,#1283);
#1278 = CYLINDRICAL_SURFACE('',#1279,2.5E-02);
#1279 = AXIS2_PLACEMENT_3D('',#1280,#1281,#1282);
#1280 = CARTESIAN_POINT('',(0.238944487245,-0.345,-0.355125000056));
#1281 = DIRECTION('',(6.505213034913E-15,0.,1.));
#1282 = DIRECTION('',(1.,0.,-6.505213034913E-15));
#1283 = DEFINITIONAL_REPRESENTATION('',(#1284),#1288);
#1284 = LINE('',#1285,#1286);
#1285 = CARTESIAN_POINT('',(1.029696800838,1.110223024625E-16));
#1286 = VECTOR('',#1287,1.);
#1287 = DIRECTION('',(0.,1.));
#1288 = ( GEOMETRIC_REPRESENTATION_CONTEXT(2) 
PARAMETRIC_REPRESENTATION_CONTEXT() REPRESENTATION_CONTEXT('2D SPACE',''
  ) );
#1289 = ADVANCED_FACE('',(#1290),#1305,.T.);
#1290 = FACE_BOUND('',#1291,.T.);
#1291 = EDGE_LOOP('',(#1292,#1327,#1355,#1383));
#1292 = ORIENTED_EDGE('',*,*,#1293,.T.);
#1293 = EDGE_CURVE('',#1294,#1296,#1298,.T.);
#1294 = VERTEX_POINT('',#1295);
#1295 = CARTESIAN_POINT('',(0.175,-5.E-02,-0.355125000056));
#1296 = VERTEX_POINT('',#1297);
#1297 = CARTESIAN_POINT('',(0.225,1.219727444046E-16,-0.355125000056));
#1298 = SURFACE_CURVE('',#1299,(#1304,#1316),.PCURVE_S1.);
#1299 = CIRCLE('',#1300,5.E-02);
#1300 = AXIS2_PLACEMENT_3D('',#1301,#1302,#1303);
#1301 = CARTESIAN_POINT('',(0.175,1.219727444046E-16,-0.355125000056));
#1302 = DIRECTION('',(6.505213034913E-15,0.,1.));
#1303 = DIRECTION('',(-1.,0.,6.505213034913E-15));
#1304 = PCURVE('',#1305,#1310);
#1305 = CYLINDRICAL_SURFACE('',#1306,5.E-02);
#1306 = AXIS2_PLACEMENT_3D('',#1307,#1308,#1309);
#1307 = CARTESIAN_POINT('',(0.175,1.219727444046E-16,-0.355125000056));
#1308 = DIRECTION('',(6.505213034913E-15,0.,1.));
#1309 = DIRECTION('',(1.,0.,-6.505213034913E-15));
#1310 = DEFINITIONAL_REPRESENTATION('',(#1311),#1315);
#1311 = LINE('',#1312,#1313);
#1312 = CARTESIAN_POINT('',(3.14159265359,5.551115123126E-17));
#1313 = VECTOR('',#1314,1.);
#1314 = DIRECTION('',(1.,-3.533949646071E-17));
#1315 = ( GEOMETRIC_REPRESENTATION_CONTEXT(2) 
PARAMETRIC_REPRESENTATION_CONTEXT() REPRESENTATION_CONTEXT('2D SPACE',''
  ) );
#1316 = PCURVE('',#1187,#1317);
#1317 = DEFINITIONAL_REPRESENTATION('',(#1318),#1326);
#1318 = ( BOUNDED_CURVE() B_SPLINE_CURVE(2,(#1319,#1320,#1321,#1322,
#1323,#1324,#1325),.UNSPECIFIED.,.T.,.F.) B_SPLINE_CURVE_WITH_KNOTS((1,2
    ,2,2,2,1),(-2.094395102393,0.,2.094395102393,4.188790204786,
6.28318530718,8.377580409573),.UNSPECIFIED.) CURVE() 
GEOMETRIC_REPRESENTATION_ITEM() RATIONAL_B_SPLINE_CURVE((1.,0.5,1.,0.5,
1.,0.5,1.)) REPRESENTATION_ITEM('') );
#1319 = CARTESIAN_POINT('',(-0.125,1.219727444046E-16));
#1320 = CARTESIAN_POINT('',(-0.125,-8.660254037844E-02));
#1321 = CARTESIAN_POINT('',(-0.2,-4.330127018922E-02));
#1322 = CARTESIAN_POINT('',(-0.275,1.097262764131E-16));
#1323 = CARTESIAN_POINT('',(-0.2,4.330127018922E-02));
#1324 = CARTESIAN_POINT('',(-0.125,8.660254037844E-02));
#1325 = CARTESIAN_POINT('',(-0.125,1.219727444046E-16));
#1326 = ( GEOMETRIC_REPRESENTATION_CONTEXT(2) 
PARAMETRIC_REPRESENTATION_CONTEXT() REPRESENTATION_CONTEXT('2D SPACE',''
  ) );
#1327 = ORIENTED_EDGE('',*,*,#1328,.T.);
#1328 = EDGE_CURVE('',#1296,#1329,#1331,.T.);
#1329 = VERTEX_POINT('',#1330);
#1330 = CARTESIAN_POINT('',(0.225,1.219727444046E-16,-0.355));
#1331 = SURFACE_CURVE('',#1332,(#1336,#1343),.PCURVE_S1.);
#1332 = LINE('',#1333,#1334);
#1333 = CARTESIAN_POINT('',(0.225,1.219727444046E-16,-0.355125000056));
#1334 = VECTOR('',#1335,1.);
#1335 = DIRECTION('',(6.505213034913E-15,0.,1.));
#1336 = PCURVE('',#1305,#1337);
#1337 = DEFINITIONAL_REPRESENTATION('',(#1338),#1342);
#1338 = LINE('',#1339,#1340);
#1339 = CARTESIAN_POINT('',(6.28318530718,-5.551115123126E-17));
#1340 = VECTOR('',#1341,1.);
#1341 = DIRECTION('',(0.,1.));
#1342 = ( GEOMETRIC_REPRESENTATION_CONTEXT(2) 
PARAMETRIC_REPRESENTATION_CONTEXT() REPRESENTATION_CONTEXT('2D SPACE',''
  ) );
#1343 = PCURVE('',#1344,#1349);
#1344 = CYLINDRICAL_SURFACE('',#1345,5.E-02);
#1345 = AXIS2_PLACEMENT_3D('',#1346,#1347,#1348);
#1346 = CARTESIAN_POINT('',(0.175,1.219727444046E-16,-0.355125000056));
#1347 = DIRECTION('',(6.505213034913E-15,0.,1.));
#1348 = DIRECTION('',(1.,0.,-6.505213034913E-15));
#1349 = DEFINITIONAL_REPRESENTATION('',(#1350),#1354);
#1350 = LINE('',#1351,#1352);
#1351 = CARTESIAN_POINT('',(0.,-5.551115123126E-17));
#1352 = VECTOR('',#1353,1.);
#1353 = DIRECTION('',(0.,1.));
#1354 = ( GEOMETRIC_REPRESENTATION_CONTEXT(2) 
PARAMETRIC_REPRESENTATION_CONTEXT() REPRESENTATION_CONTEXT('2D SPACE',''
  ) );
#1355 = ORIENTED_EDGE('',*,*,#1356,.F.);
#1356 = EDGE_CURVE('',#1357,#1329,#1359,.T.);
#1357 = VERTEX_POINT('',#1358);
#1358 = CARTESIAN_POINT('',(0.175,-5.E-02,-0.355));
#1359 = SURFACE_CURVE('',#1360,(#1365,#1372),.PCURVE_S1.);
#1360 = CIRCLE('',#1361,5.E-02);
#1361 = AXIS2_PLACEMENT_3D('',#1362,#1363,#1364);
#1362 = CARTESIAN_POINT('',(0.175,1.219727444046E-16,-0.355));
#1363 = DIRECTION('',(6.505213034913E-15,0.,1.));
#1364 = DIRECTION('',(-1.,0.,6.505213034913E-15));
#1365 = PCURVE('',#1305,#1366);
#1366 = DEFINITIONAL_REPRESENTATION('',(#1367),#1371);
#1367 = LINE('',#1368,#1369);
#1368 = CARTESIAN_POINT('',(3.14159265359,1.250000564811E-04));
#1369 = VECTOR('',#1370,1.);
#1370 = DIRECTION('',(1.,-3.533949646071E-17));
#1371 = ( GEOMETRIC_REPRESENTATION_CONTEXT(2) 
PARAMETRIC_REPRESENTATION_CONTEXT() REPRESENTATION_CONTEXT('2D SPACE',''
  ) );
#1372 = PCURVE('',#1248,#1373);
#1373 = DEFINITIONAL_REPRESENTATION('',(#1374),#1382);
#1374 = ( BOUNDED_CURVE() B_SPLINE_CURVE(2,(#1375,#1376,#1377,#1378,
#1379,#1380,#1381),.UNSPECIFIED.,.T.,.F.) B_SPLINE_CURVE_WITH_KNOTS((1,2
    ,2,2,2,1),(-2.094395102393,0.,2.094395102393,4.188790204786,
6.28318530718,8.377580409573),.UNSPECIFIED.) CURVE() 
GEOMETRIC_REPRESENTATION_ITEM() RATIONAL_B_SPLINE_CURVE((1.,0.5,1.,0.5,
1.,0.5,1.)) REPRESENTATION_ITEM('') );
#1375 = CARTESIAN_POINT('',(0.36,0.595));
#1376 = CARTESIAN_POINT('',(0.36,0.508397459622));
#1377 = CARTESIAN_POINT('',(0.285,0.551698729811));
#1378 = CARTESIAN_POINT('',(0.21,0.595));
#1379 = CARTESIAN_POINT('',(0.285,0.638301270189));
#1380 = CARTESIAN_POINT('',(0.36,0.681602540378));
#1381 = CARTESIAN_POINT('',(0.36,0.595));
#1382 = ( GEOMETRIC_REPRESENTATION_CONTEXT(2) 
PARAMETRIC_REPRESENTATION_CONTEXT() REPRESENTATION_CONTEXT('2D SPACE',''
  ) );
#1383 = ORIENTED_EDGE('',*,*,#1384,.F.);
#1384 = EDGE_CURVE('',#1294,#1357,#1385,.T.);
#1385 = SURFACE_CURVE('',#1386,(#1390,#1397),.PCURVE_S1.);
#1386 = LINE('',#1387,#1388);
#1387 = CARTESIAN_POINT('',(0.175,-5.E-02,-0.355125000056));
#1388 = VECTOR('',#1389,1.);
#1389 = DIRECTION('',(6.982962677686E-15,0.,1.));
#1390 = PCURVE('',#1305,#1391);
#1391 = DEFINITIONAL_REPRESENTATION('',(#1392),#1396);
#1392 = LINE('',#1393,#1394);
#1393 = CARTESIAN_POINT('',(4.712388980385,0.));
#1394 = VECTOR('',#1395,1.);
#1395 = DIRECTION('',(0.,1.));
#1396 = ( GEOMETRIC_REPRESENTATION_CONTEXT(2) 
PARAMETRIC_REPRESENTATION_CONTEXT() REPRESENTATION_CONTEXT('2D SPACE',''
  ) );
#1397 = PCURVE('',#1398,#1403);
#1398 = PLANE('',#1399);
#1399 = AXIS2_PLACEMENT_3D('',#1400,#1401,#1402);
#1400 = CARTESIAN_POINT('',(0.175,-5.E-02,-0.355125000056));
#1401 = DIRECTION('',(0.,-1.,0.));
#1402 = DIRECTION('',(0.,0.,-1.));
#1403 = DEFINITIONAL_REPRESENTATION('',(#1404),#1408);
#1404 = LINE('',#1405,#1406);
#1405 = CARTESIAN_POINT('',(0.,0.));
#1406 = VECTOR('',#1407,1.);
#1407 = DIRECTION('',(-1.,6.982962677686E-15));
#1408 = ( GEOMETRIC_REPRESENTATION_CONTEXT(2) 
PARAMETRIC_REPRESENTATION_CONTEXT() REPRESENTATION_CONTEXT('2D SPACE',''
  ) );
#1409 = ADVANCED_FACE('',(#1410),#1425,.T.);
#1410 = FACE_BOUND('',#1411,.T.);
#1411 = EDGE_LOOP('',(#1412,#1447,#1475,#1503));
#1412 = ORIENTED_EDGE('',*,*,#1413,.T.);
#1413 = EDGE_CURVE('',#1414,#1416,#1418,.T.);
#1414 = VERTEX_POINT('',#1415);
#1415 = CARTESIAN_POINT('',(0.251821456086,0.246428571429,
    -0.355125000056));
#1416 = VERTEX_POINT('',#1417);
#1417 = CARTESIAN_POINT('',(0.32,0.285,-0.355125000056));
#1418 = SURFACE_CURVE('',#1419,(#1424,#1436),.PCURVE_S1.);
#1419 = CIRCLE('',#1420,4.5E-02);
#1420 = AXIS2_PLACEMENT_3D('',#1421,#1422,#1423);
#1421 = CARTESIAN_POINT('',(0.275,0.285,-0.355125000056));
#1422 = DIRECTION('',(7.228014483237E-15,0.,1.));
#1423 = DIRECTION('',(-1.,0.,7.228014483237E-15));
#1424 = PCURVE('',#1425,#1430);
#1425 = CYLINDRICAL_SURFACE('',#1426,4.5E-02);
#1426 = AXIS2_PLACEMENT_3D('',#1427,#1428,#1429);
#1427 = CARTESIAN_POINT('',(0.275,0.285,-0.355125000056));
#1428 = DIRECTION('',(7.228014483237E-15,0.,1.));
#1429 = DIRECTION('',(1.,0.,-7.228014483237E-15));
#1430 = DEFINITIONAL_REPRESENTATION('',(#1431),#1435);
#1431 = LINE('',#1432,#1433);
#1432 = CARTESIAN_POINT('',(3.14159265359,0.));
#1433 = VECTOR('',#1434,1.);
#1434 = DIRECTION('',(1.,0.));
#1435 = ( GEOMETRIC_REPRESENTATION_CONTEXT(2) 
PARAMETRIC_REPRESENTATION_CONTEXT() REPRESENTATION_CONTEXT('2D SPACE',''
  ) );
#1436 = PCURVE('',#1187,#1437);
#1437 = DEFINITIONAL_REPRESENTATION('',(#1438),#1446);
#1438 = ( BOUNDED_CURVE() B_SPLINE_CURVE(2,(#1439,#1440,#1441,#1442,
#1443,#1444,#1445),.UNSPECIFIED.,.T.,.F.) B_SPLINE_CURVE_WITH_KNOTS((1,2
    ,2,2,2,1),(-2.094395102393,0.,2.094395102393,4.188790204786,
6.28318530718,8.377580409573),.UNSPECIFIED.) CURVE() 
GEOMETRIC_REPRESENTATION_ITEM() RATIONAL_B_SPLINE_CURVE((1.,0.5,1.,0.5,
1.,0.5,1.)) REPRESENTATION_ITEM('') );
#1439 = CARTESIAN_POINT('',(-0.23,0.285));
#1440 = CARTESIAN_POINT('',(-0.23,0.207057713659));
#1441 = CARTESIAN_POINT('',(-0.2975,0.24602885683));
#1442 = CARTESIAN_POINT('',(-0.365,0.285));
#1443 = CARTESIAN_POINT('',(-0.2975,0.32397114317));
#1444 = CARTESIAN_POINT('',(-0.23,0.362942286341));
#1445 = CARTESIAN_POINT('',(-0.23,0.285));
#1446 = ( GEOMETRIC_REPRESENTATION_CONTEXT(2) 
PARAMETRIC_REPRESENTATION_CONTEXT() REPRESENTATION_CONTEXT('2D SPACE',''
  ) );
#1447 = ORIENTED_EDGE('',*,*,#1448,.T.);
#1448 = EDGE_CURVE('',#1416,#1449,#1451,.T.);
#1449 = VERTEX_POINT('',#1450);
#1450 = CARTESIAN_POINT('',(0.32,0.285,-0.355));
#1451 = SURFACE_CURVE('',#1452,(#1456,#1463),.PCURVE_S1.);
#1452 = LINE('',#1453,#1454);
#1453 = CARTESIAN_POINT('',(0.32,0.285,-0.355125000056));
#1454 = VECTOR('',#1455,1.);
#1455 = DIRECTION('',(7.228014483237E-15,0.,1.));
#1456 = PCURVE('',#1425,#1457);
#1457 = DEFINITIONAL_REPRESENTATION('',(#1458),#1462);
#1458 = LINE('',#1459,#1460);
#1459 = CARTESIAN_POINT('',(6.28318530718,5.551115123126E-17));
#1460 = VECTOR('',#1461,1.);
#1461 = DIRECTION('',(0.,1.));
#1462 = ( GEOMETRIC_REPRESENTATION_CONTEXT(2) 
PARAMETRIC_REPRESENTATION_CONTEXT() REPRESENTATION_CONTEXT('2D SPACE',''
  ) );
#1463 = PCURVE('',#1464,#1469);
#1464 = CYLINDRICAL_SURFACE('',#1465,4.5E-02);
#1465 = AXIS2_PLACEMENT_3D('',#1466,#1467,#1468);
#1466 = CARTESIAN_POINT('',(0.275,0.285,-0.355125000056));
#1467 = DIRECTION('',(7.228014483237E-15,0.,1.));
#1468 = DIRECTION('',(1.,0.,-7.228014483237E-15));
#1469 = DEFINITIONAL_REPRESENTATION('',(#1470),#1474);
#1470 = LINE('',#1471,#1472);
#1471 = CARTESIAN_POINT('',(0.,5.551115123126E-17));
#1472 = VECTOR('',#1473,1.);
#1473 = DIRECTION('',(0.,1.));
#1474 = ( GEOMETRIC_REPRESENTATION_CONTEXT(2) 
PARAMETRIC_REPRESENTATION_CONTEXT() REPRESENTATION_CONTEXT('2D SPACE',''
  ) );
#1475 = ORIENTED_EDGE('',*,*,#1476,.F.);
#1476 = EDGE_CURVE('',#1477,#1449,#1479,.T.);
#1477 = VERTEX_POINT('',#1478);
#1478 = CARTESIAN_POINT('',(0.251821456086,0.246428571429,-0.355));
#1479 = SURFACE_CURVE('',#1480,(#1485,#1492),.PCURVE_S1.);
#1480 = CIRCLE('',#1481,4.5E-02);
#1481 = AXIS2_PLACEMENT_3D('',#1482,#1483,#1484);
#1482 = CARTESIAN_POINT('',(0.275,0.285,-0.355));
#1483 = DIRECTION('',(7.228014483237E-15,0.,1.));
#1484 = DIRECTION('',(-1.,0.,7.228014483237E-15));
#1485 = PCURVE('',#1425,#1486);
#1486 = DEFINITIONAL_REPRESENTATION('',(#1487),#1491);
#1487 = LINE('',#1488,#1489);
#1488 = CARTESIAN_POINT('',(3.14159265359,1.250000564816E-04));
#1489 = VECTOR('',#1490,1.);
#1490 = DIRECTION('',(1.,0.));
#1491 = ( GEOMETRIC_REPRESENTATION_CONTEXT(2) 
PARAMETRIC_REPRESENTATION_CONTEXT() REPRESENTATION_CONTEXT('2D SPACE',''
  ) );
#1492 = PCURVE('',#1248,#1493);
#1493 = DEFINITIONAL_REPRESENTATION('',(#1494),#1502);
#1494 = ( BOUNDED_CURVE() B_SPLINE_CURVE(2,(#1495,#1496,#1497,#1498,
#1499,#1500,#1501),.UNSPECIFIED.,.T.,.F.) B_SPLINE_CURVE_WITH_KNOTS((1,2
    ,2,2,2,1),(-2.094395102393,0.,2.094395102393,4.188790204786,
6.28318530718,8.377580409573),.UNSPECIFIED.) CURVE() 
GEOMETRIC_REPRESENTATION_ITEM() RATIONAL_B_SPLINE_CURVE((1.,0.5,1.,0.5,
1.,0.5,1.)) REPRESENTATION_ITEM('') );
#1495 = CARTESIAN_POINT('',(0.255,0.88));
#1496 = CARTESIAN_POINT('',(0.255,0.802057713659));
#1497 = CARTESIAN_POINT('',(0.1875,0.84102885683));
#1498 = CARTESIAN_POINT('',(0.12,0.88));
#1499 = CARTESIAN_POINT('',(0.1875,0.91897114317));
#1500 = CARTESIAN_POINT('',(0.255,0.957942286341));
#1501 = CARTESIAN_POINT('',(0.255,0.88));
#1502 = ( GEOMETRIC_REPRESENTATION_CONTEXT(2) 
PARAMETRIC_REPRESENTATION_CONTEXT() REPRESENTATION_CONTEXT('2D SPACE',''
  ) );
#1503 = ORIENTED_EDGE('',*,*,#1504,.F.);
#1504 = EDGE_CURVE('',#1414,#1477,#1505,.T.);
#1505 = SURFACE_CURVE('',#1506,(#1510,#1517),.PCURVE_S1.);
#1506 = LINE('',#1507,#1508);
#1507 = CARTESIAN_POINT('',(0.251821456086,0.246428571429,
    -0.355125000056));
#1508 = VECTOR('',#1509,1.);
#1509 = DIRECTION('',(6.982962677686E-15,0.,1.));
#1510 = PCURVE('',#1425,#1511);
#1511 = DEFINITIONAL_REPRESENTATION('',(#1512),#1516);
#1512 = LINE('',#1513,#1514);
#1513 = CARTESIAN_POINT('',(4.171289454427,-1.665334536938E-16));
#1514 = VECTOR('',#1515,1.);
#1515 = DIRECTION('',(0.,1.));
#1516 = ( GEOMETRIC_REPRESENTATION_CONTEXT(2) 
PARAMETRIC_REPRESENTATION_CONTEXT() REPRESENTATION_CONTEXT('2D SPACE',''
  ) );
#1517 = PCURVE('',#1518,#1523);
#1518 = CYLINDRICAL_SURFACE('',#1519,2.5E-02);
#1519 = AXIS2_PLACEMENT_3D('',#1520,#1521,#1522);
#1520 = CARTESIAN_POINT('',(0.238944487245,0.225,-0.355125000056));
#1521 = DIRECTION('',(6.505213034913E-15,0.,1.));
#1522 = DIRECTION('',(1.,0.,-6.505213034913E-15));
#1523 = DEFINITIONAL_REPRESENTATION('',(#1524),#1528);
#1524 = LINE('',#1525,#1526);
#1525 = CARTESIAN_POINT('',(1.029696800838,1.110223024625E-16));
#1526 = VECTOR('',#1527,1.);
#1527 = DIRECTION('',(0.,1.));
#1528 = ( GEOMETRIC_REPRESENTATION_CONTEXT(2) 
PARAMETRIC_REPRESENTATION_CONTEXT() REPRESENTATION_CONTEXT('2D SPACE',''
  ) );
#1529 = ADVANCED_FACE('',(#1530),#1248,.T.);
#1530 = FACE_BOUND('',#1531,.T.);
#1531 = EDGE_LOOP('',(#1532,#1563,#1591,#1620,#1648,#1681,#1709,#1738,
    #1766,#1795,#1823,#1852,#1880,#1902,#1903,#1931,#1960,#1988,#2017,
    #2045,#2074,#2095,#2096,#2124,#2152,#2181,#2209,#2238,#2266,#2288,
    #2289,#2317,#2346,#2374,#2403,#2431,#2460,#2488,#2517,#2545,#2578,
    #2606,#2635,#2663,#2692,#2720,#2753,#2781,#2810,#2838,#2867,#2895,
    #2924,#2957,#2986,#3014,#3043,#3071,#3100,#3128,#3157,#3190,#3219,
    #3247,#3276,#3304,#3333,#3361,#3390,#3423,#3452,#3480,#3509,#3537,
    #3566,#3594,#3627));
#1532 = ORIENTED_EDGE('',*,*,#1533,.T.);
#1533 = EDGE_CURVE('',#1534,#1536,#1538,.T.);
#1534 = VERTEX_POINT('',#1535);
#1535 = CARTESIAN_POINT('',(0.51,-0.595,-0.355));
#1536 = VERTEX_POINT('',#1537);
#1537 = CARTESIAN_POINT('',(0.485,-0.62,-0.355));
#1538 = SURFACE_CURVE('',#1539,(#1544,#1551),.PCURVE_S1.);
#1539 = CIRCLE('',#1540,2.5E-02);
#1540 = AXIS2_PLACEMENT_3D('',#1541,#1542,#1543);
#1541 = CARTESIAN_POINT('',(0.485,-0.595,-0.355));
#1542 = DIRECTION('',(-6.505213034913E-15,0.,-1.));
#1543 = DIRECTION('',(-1.,0.,6.505213034913E-15));
#1544 = PCURVE('',#1248,#1545);
#1545 = DEFINITIONAL_REPRESENTATION('',(#1546),#1550);
#1546 = CIRCLE('',#1547,2.5E-02);
#1547 = AXIS2_PLACEMENT_2D('',#1548,#1549);
#1548 = CARTESIAN_POINT('',(0.,0.));
#1549 = DIRECTION('',(1.,0.));
#1550 = ( GEOMETRIC_REPRESENTATION_CONTEXT(2) 
PARAMETRIC_REPRESENTATION_CONTEXT() REPRESENTATION_CONTEXT('2D SPACE',''
  ) );
#1551 = PCURVE('',#1552,#1557);
#1552 = CYLINDRICAL_SURFACE('',#1553,2.5E-02);
#1553 = AXIS2_PLACEMENT_3D('',#1554,#1555,#1556);
#1554 = CARTESIAN_POINT('',(0.485,-0.595,-0.355125000056));
#1555 = DIRECTION('',(6.505213034913E-15,0.,1.));
#1556 = DIRECTION('',(1.,0.,-6.505213034913E-15));
#1557 = DEFINITIONAL_REPRESENTATION('',(#1558),#1562);
#1558 = LINE('',#1559,#1560);
#1559 = CARTESIAN_POINT('',(9.424777960769,1.25000056483E-04));
#1560 = VECTOR('',#1561,1.);
#1561 = DIRECTION('',(-1.,0.));
#1562 = ( GEOMETRIC_REPRESENTATION_CONTEXT(2) 
PARAMETRIC_REPRESENTATION_CONTEXT() REPRESENTATION_CONTEXT('2D SPACE',''
  ) );
#1563 = ORIENTED_EDGE('',*,*,#1564,.T.);
#1564 = EDGE_CURVE('',#1536,#1565,#1567,.T.);
#1565 = VERTEX_POINT('',#1566);
#1566 = CARTESIAN_POINT('',(0.335,-0.62,-0.355));
#1567 = SURFACE_CURVE('',#1568,(#1572,#1579),.PCURVE_S1.);
#1568 = LINE('',#1569,#1570);
#1569 = CARTESIAN_POINT('',(0.485,-0.62,-0.355));
#1570 = VECTOR('',#1571,1.);
#1571 = DIRECTION('',(-1.,0.,6.982962677686E-15));
#1572 = PCURVE('',#1248,#1573);
#1573 = DEFINITIONAL_REPRESENTATION('',(#1574),#1578);
#1574 = LINE('',#1575,#1576);
#1575 = CARTESIAN_POINT('',(0.,-2.5E-02));
#1576 = VECTOR('',#1577,1.);
#1577 = DIRECTION('',(1.,0.));
#1578 = ( GEOMETRIC_REPRESENTATION_CONTEXT(2) 
PARAMETRIC_REPRESENTATION_CONTEXT() REPRESENTATION_CONTEXT('2D SPACE',''
  ) );
#1579 = PCURVE('',#1580,#1585);
#1580 = PLANE('',#1581);
#1581 = AXIS2_PLACEMENT_3D('',#1582,#1583,#1584);
#1582 = CARTESIAN_POINT('',(0.335,-0.62,-0.355125000056));
#1583 = DIRECTION('',(-0.,1.,0.));
#1584 = DIRECTION('',(1.,0.,0.));
#1585 = DEFINITIONAL_REPRESENTATION('',(#1586),#1590);
#1586 = LINE('',#1587,#1588);
#1587 = CARTESIAN_POINT('',(0.15,-1.25000056482E-04));
#1588 = VECTOR('',#1589,1.);
#1589 = DIRECTION('',(-1.,-6.982962677686E-15));
#1590 = ( GEOMETRIC_REPRESENTATION_CONTEXT(2) 
PARAMETRIC_REPRESENTATION_CONTEXT() REPRESENTATION_CONTEXT('2D SPACE',''
  ) );
#1591 = ORIENTED_EDGE('',*,*,#1592,.T.);
#1592 = EDGE_CURVE('',#1565,#1593,#1595,.T.);
#1593 = VERTEX_POINT('',#1594);
#1594 = CARTESIAN_POINT('',(0.31,-0.595,-0.355));
#1595 = SURFACE_CURVE('',#1596,(#1601,#1608),.PCURVE_S1.);
#1596 = CIRCLE('',#1597,2.5E-02);
#1597 = AXIS2_PLACEMENT_3D('',#1598,#1599,#1600);
#1598 = CARTESIAN_POINT('',(0.335,-0.595,-0.355));
#1599 = DIRECTION('',(-6.505213034913E-15,0.,-1.));
#1600 = DIRECTION('',(1.,0.,-6.505213034913E-15));
#1601 = PCURVE('',#1248,#1602);
#1602 = DEFINITIONAL_REPRESENTATION('',(#1603),#1607);
#1603 = CIRCLE('',#1604,2.5E-02);
#1604 = AXIS2_PLACEMENT_2D('',#1605,#1606);
#1605 = CARTESIAN_POINT('',(0.15,0.));
#1606 = DIRECTION('',(-1.,0.));
#1607 = ( GEOMETRIC_REPRESENTATION_CONTEXT(2) 
PARAMETRIC_REPRESENTATION_CONTEXT() REPRESENTATION_CONTEXT('2D SPACE',''
  ) );
#1608 = PCURVE('',#1609,#1614);
#1609 = CYLINDRICAL_SURFACE('',#1610,2.5E-02);
#1610 = AXIS2_PLACEMENT_3D('',#1611,#1612,#1613);
#1611 = CARTESIAN_POINT('',(0.335,-0.595,-0.355125000056));
#1612 = DIRECTION('',(6.505213034913E-15,0.,1.));
#1613 = DIRECTION('',(1.,0.,-6.505213034913E-15));
#1614 = DEFINITIONAL_REPRESENTATION('',(#1615),#1619);
#1615 = LINE('',#1616,#1617);
#1616 = CARTESIAN_POINT('',(6.28318530718,1.25000056482E-04));
#1617 = VECTOR('',#1618,1.);
#1618 = DIRECTION('',(-1.,0.));
#1619 = ( GEOMETRIC_REPRESENTATION_CONTEXT(2) 
PARAMETRIC_REPRESENTATION_CONTEXT() REPRESENTATION_CONTEXT('2D SPACE',''
  ) );
#1620 = ORIENTED_EDGE('',*,*,#1621,.T.);
#1621 = EDGE_CURVE('',#1593,#1622,#1624,.T.);
#1622 = VERTEX_POINT('',#1623);
#1623 = CARTESIAN_POINT('',(0.31,-0.57,-0.355));
#1624 = SURFACE_CURVE('',#1625,(#1629,#1636),.PCURVE_S1.);
#1625 = LINE('',#1626,#1627);
#1626 = CARTESIAN_POINT('',(0.31,-0.57,-0.355));
#1627 = VECTOR('',#1628,1.);
#1628 = DIRECTION('',(4.336808689942E-15,1.,-3.028377322213E-29));
#1629 = PCURVE('',#1248,#1630);
#1630 = DEFINITIONAL_REPRESENTATION('',(#1631),#1635);
#1631 = LINE('',#1632,#1633);
#1632 = CARTESIAN_POINT('',(0.175,2.5E-02));
#1633 = VECTOR('',#1634,1.);
#1634 = DIRECTION('',(-4.336808689942E-15,1.));
#1635 = ( GEOMETRIC_REPRESENTATION_CONTEXT(2) 
PARAMETRIC_REPRESENTATION_CONTEXT() REPRESENTATION_CONTEXT('2D SPACE',''
  ) );
#1636 = PCURVE('',#1637,#1642);
#1637 = PLANE('',#1638);
#1638 = AXIS2_PLACEMENT_3D('',#1639,#1640,#1641);
#1639 = CARTESIAN_POINT('',(0.31,-0.57,-0.355125000056));
#1640 = DIRECTION('',(1.,0.,-6.982962677686E-15));
#1641 = DIRECTION('',(-6.982962677686E-15,0.,-1.));
#1642 = DEFINITIONAL_REPRESENTATION('',(#1643),#1647);
#1643 = LINE('',#1644,#1645);
#1644 = CARTESIAN_POINT('',(-1.25000056482E-04,0.));
#1645 = VECTOR('',#1646,1.);
#1646 = DIRECTION('',(-3.923635700109E-44,1.));
#1647 = ( GEOMETRIC_REPRESENTATION_CONTEXT(2) 
PARAMETRIC_REPRESENTATION_CONTEXT() REPRESENTATION_CONTEXT('2D SPACE',''
  ) );
#1648 = ORIENTED_EDGE('',*,*,#1649,.T.);
#1649 = EDGE_CURVE('',#1622,#1650,#1652,.T.);
#1650 = VERTEX_POINT('',#1651);
#1651 = CARTESIAN_POINT('',(0.21,-0.57,-0.355));
#1652 = SURFACE_CURVE('',#1653,(#1658,#1669),.PCURVE_S1.);
#1653 = CIRCLE('',#1654,5.E-02);
#1654 = AXIS2_PLACEMENT_3D('',#1655,#1656,#1657);
#1655 = CARTESIAN_POINT('',(0.26,-0.57,-0.355));
#1656 = DIRECTION('',(6.505213034913E-15,0.,1.));
#1657 = DIRECTION('',(-1.,0.,6.505213034913E-15));
#1658 = PCURVE('',#1248,#1659);
#1659 = DEFINITIONAL_REPRESENTATION('',(#1660),#1668);
#1660 = ( BOUNDED_CURVE() B_SPLINE_CURVE(2,(#1661,#1662,#1663,#1664,
#1665,#1666,#1667),.UNSPECIFIED.,.T.,.F.) B_SPLINE_CURVE_WITH_KNOTS((1,2
    ,2,2,2,1),(-2.094395102393,0.,2.094395102393,4.188790204786,
6.28318530718,8.377580409573),.UNSPECIFIED.) CURVE() 
GEOMETRIC_REPRESENTATION_ITEM() RATIONAL_B_SPLINE_CURVE((1.,0.5,1.,0.5,
1.,0.5,1.)) REPRESENTATION_ITEM('') );
#1661 = CARTESIAN_POINT('',(0.275,2.5E-02));
#1662 = CARTESIAN_POINT('',(0.275,-6.160254037844E-02));
#1663 = CARTESIAN_POINT('',(0.2,-1.830127018922E-02));
#1664 = CARTESIAN_POINT('',(0.125,2.5E-02));
#1665 = CARTESIAN_POINT('',(0.2,6.830127018922E-02));
#1666 = CARTESIAN_POINT('',(0.275,0.111602540378));
#1667 = CARTESIAN_POINT('',(0.275,2.5E-02));
#1668 = ( GEOMETRIC_REPRESENTATION_CONTEXT(2) 
PARAMETRIC_REPRESENTATION_CONTEXT() REPRESENTATION_CONTEXT('2D SPACE',''
  ) );
#1669 = PCURVE('',#1670,#1675);
#1670 = CYLINDRICAL_SURFACE('',#1671,5.E-02);
#1671 = AXIS2_PLACEMENT_3D('',#1672,#1673,#1674);
#1672 = CARTESIAN_POINT('',(0.26,-0.57,-0.355125000056));
#1673 = DIRECTION('',(6.505213034913E-15,0.,1.));
#1674 = DIRECTION('',(1.,0.,-6.505213034913E-15));
#1675 = DEFINITIONAL_REPRESENTATION('',(#1676),#1680);
#1676 = LINE('',#1677,#1678);
#1677 = CARTESIAN_POINT('',(-3.14159265359,1.250000564815E-04));
#1678 = VECTOR('',#1679,1.);
#1679 = DIRECTION('',(1.,1.766974823035E-17));
#1680 = ( GEOMETRIC_REPRESENTATION_CONTEXT(2) 
PARAMETRIC_REPRESENTATION_CONTEXT() REPRESENTATION_CONTEXT('2D SPACE',''
  ) );
#1681 = ORIENTED_EDGE('',*,*,#1682,.T.);
#1682 = EDGE_CURVE('',#1650,#1683,#1685,.T.);
#1683 = VERTEX_POINT('',#1684);
#1684 = CARTESIAN_POINT('',(0.21,-0.595,-0.355));
#1685 = SURFACE_CURVE('',#1686,(#1690,#1697),.PCURVE_S1.);
#1686 = LINE('',#1687,#1688);
#1687 = CARTESIAN_POINT('',(0.21,-0.57,-0.355));
#1688 = VECTOR('',#1689,1.);
#1689 = DIRECTION('',(1.084202172486E-15,-1.,-7.570943305533E-30));
#1690 = PCURVE('',#1248,#1691);
#1691 = DEFINITIONAL_REPRESENTATION('',(#1692),#1696);
#1692 = LINE('',#1693,#1694);
#1693 = CARTESIAN_POINT('',(0.275,2.5E-02));
#1694 = VECTOR('',#1695,1.);
#1695 = DIRECTION('',(-1.084202172486E-15,-1.));
#1696 = ( GEOMETRIC_REPRESENTATION_CONTEXT(2) 
PARAMETRIC_REPRESENTATION_CONTEXT() REPRESENTATION_CONTEXT('2D SPACE',''
  ) );
#1697 = PCURVE('',#1698,#1703);
#1698 = PLANE('',#1699);
#1699 = AXIS2_PLACEMENT_3D('',#1700,#1701,#1702);
#1700 = CARTESIAN_POINT('',(0.21,-0.57,-0.355125000056));
#1701 = DIRECTION('',(-1.,0.,6.982962677686E-15));
#1702 = DIRECTION('',(0.,1.,0.));
#1703 = DEFINITIONAL_REPRESENTATION('',(#1704),#1708);
#1704 = LINE('',#1705,#1706);
#1705 = CARTESIAN_POINT('',(0.,-1.250000564811E-04));
#1706 = VECTOR('',#1707,1.);
#1707 = DIRECTION('',(-1.,2.80259692865E-45));
#1708 = ( GEOMETRIC_REPRESENTATION_CONTEXT(2) 
PARAMETRIC_REPRESENTATION_CONTEXT() REPRESENTATION_CONTEXT('2D SPACE',''
  ) );
#1709 = ORIENTED_EDGE('',*,*,#1710,.T.);
#1710 = EDGE_CURVE('',#1683,#1711,#1713,.T.);
#1711 = VERTEX_POINT('',#1712);
#1712 = CARTESIAN_POINT('',(0.185,-0.62,-0.355));
#1713 = SURFACE_CURVE('',#1714,(#1719,#1726),.PCURVE_S1.);
#1714 = CIRCLE('',#1715,2.5E-02);
#1715 = AXIS2_PLACEMENT_3D('',#1716,#1717,#1718);
#1716 = CARTESIAN_POINT('',(0.185,-0.595,-0.355));
#1717 = DIRECTION('',(-6.505213034913E-15,0.,-1.));
#1718 = DIRECTION('',(-1.,0.,6.505213034913E-15));
#1719 = PCURVE('',#1248,#1720);
#1720 = DEFINITIONAL_REPRESENTATION('',(#1721),#1725);
#1721 = CIRCLE('',#1722,2.5E-02);
#1722 = AXIS2_PLACEMENT_2D('',#1723,#1724);
#1723 = CARTESIAN_POINT('',(0.3,0.));
#1724 = DIRECTION('',(1.,0.));
#1725 = ( GEOMETRIC_REPRESENTATION_CONTEXT(2) 
PARAMETRIC_REPRESENTATION_CONTEXT() REPRESENTATION_CONTEXT('2D SPACE',''
  ) );
#1726 = PCURVE('',#1727,#1732);
#1727 = CYLINDRICAL_SURFACE('',#1728,2.5E-02);
#1728 = AXIS2_PLACEMENT_3D('',#1729,#1730,#1731);
#1729 = CARTESIAN_POINT('',(0.185,-0.595,-0.355125000056));
#1730 = DIRECTION('',(6.505213034913E-15,0.,1.));
#1731 = DIRECTION('',(1.,0.,-6.505213034913E-15));
#1732 = DEFINITIONAL_REPRESENTATION('',(#1733),#1737);
#1733 = LINE('',#1734,#1735);
#1734 = CARTESIAN_POINT('',(9.424777960769,1.250000564811E-04));
#1735 = VECTOR('',#1736,1.);
#1736 = DIRECTION('',(-1.,0.));
#1737 = ( GEOMETRIC_REPRESENTATION_CONTEXT(2) 
PARAMETRIC_REPRESENTATION_CONTEXT() REPRESENTATION_CONTEXT('2D SPACE',''
  ) );
#1738 = ORIENTED_EDGE('',*,*,#1739,.T.);
#1739 = EDGE_CURVE('',#1711,#1740,#1742,.T.);
#1740 = VERTEX_POINT('',#1741);
#1741 = CARTESIAN_POINT('',(0.115,-0.62,-0.355));
#1742 = SURFACE_CURVE('',#1743,(#1747,#1754),.PCURVE_S1.);
#1743 = LINE('',#1744,#1745);
#1744 = CARTESIAN_POINT('',(0.185,-0.62,-0.355));
#1745 = VECTOR('',#1746,1.);
#1746 = DIRECTION('',(-1.,0.,6.982962677686E-15));
#1747 = PCURVE('',#1248,#1748);
#1748 = DEFINITIONAL_REPRESENTATION('',(#1749),#1753);
#1749 = LINE('',#1750,#1751);
#1750 = CARTESIAN_POINT('',(0.3,-2.5E-02));
#1751 = VECTOR('',#1752,1.);
#1752 = DIRECTION('',(1.,0.));
#1753 = ( GEOMETRIC_REPRESENTATION_CONTEXT(2) 
PARAMETRIC_REPRESENTATION_CONTEXT() REPRESENTATION_CONTEXT('2D SPACE',''
  ) );
#1754 = PCURVE('',#1755,#1760);
#1755 = PLANE('',#1756);
#1756 = AXIS2_PLACEMENT_3D('',#1757,#1758,#1759);
#1757 = CARTESIAN_POINT('',(0.115,-0.62,-0.355125000056));
#1758 = DIRECTION('',(-0.,1.,0.));
#1759 = DIRECTION('',(1.,0.,0.));
#1760 = DEFINITIONAL_REPRESENTATION('',(#1761),#1765);
#1761 = LINE('',#1762,#1763);
#1762 = CARTESIAN_POINT('',(7.E-02,-1.250000564805E-04));
#1763 = VECTOR('',#1764,1.);
#1764 = DIRECTION('',(-1.,-6.982962677686E-15));
#1765 = ( GEOMETRIC_REPRESENTATION_CONTEXT(2) 
PARAMETRIC_REPRESENTATION_CONTEXT() REPRESENTATION_CONTEXT('2D SPACE',''
  ) );
#1766 = ORIENTED_EDGE('',*,*,#1767,.T.);
#1767 = EDGE_CURVE('',#1740,#1768,#1770,.T.);
#1768 = VERTEX_POINT('',#1769);
#1769 = CARTESIAN_POINT('',(9.E-02,-0.595,-0.355));
#1770 = SURFACE_CURVE('',#1771,(#1776,#1783),.PCURVE_S1.);
#1771 = CIRCLE('',#1772,2.5E-02);
#1772 = AXIS2_PLACEMENT_3D('',#1773,#1774,#1775);
#1773 = CARTESIAN_POINT('',(0.115,-0.595,-0.355));
#1774 = DIRECTION('',(-6.505213034913E-15,0.,-1.));
#1775 = DIRECTION('',(-1.,0.,6.505213034913E-15));
#1776 = PCURVE('',#1248,#1777);
#1777 = DEFINITIONAL_REPRESENTATION('',(#1778),#1782);
#1778 = CIRCLE('',#1779,2.5E-02);
#1779 = AXIS2_PLACEMENT_2D('',#1780,#1781);
#1780 = CARTESIAN_POINT('',(0.37,0.));
#1781 = DIRECTION('',(1.,0.));
#1782 = ( GEOMETRIC_REPRESENTATION_CONTEXT(2) 
PARAMETRIC_REPRESENTATION_CONTEXT() REPRESENTATION_CONTEXT('2D SPACE',''
  ) );
#1783 = PCURVE('',#1784,#1789);
#1784 = CYLINDRICAL_SURFACE('',#1785,2.5E-02);
#1785 = AXIS2_PLACEMENT_3D('',#1786,#1787,#1788);
#1786 = CARTESIAN_POINT('',(0.115,-0.595,-0.355125000056));
#1787 = DIRECTION('',(6.505213034913E-15,0.,1.));
#1788 = DIRECTION('',(1.,0.,-6.505213034913E-15));
#1789 = DEFINITIONAL_REPRESENTATION('',(#1790),#1794);
#1790 = LINE('',#1791,#1792);
#1791 = CARTESIAN_POINT('',(9.424777960769,1.250000564804E-04));
#1792 = VECTOR('',#1793,1.);
#1793 = DIRECTION('',(-1.,3.533949646071E-17));
#1794 = ( GEOMETRIC_REPRESENTATION_CONTEXT(2) 
PARAMETRIC_REPRESENTATION_CONTEXT() REPRESENTATION_CONTEXT('2D SPACE',''
  ) );
#1795 = ORIENTED_EDGE('',*,*,#1796,.T.);
#1796 = EDGE_CURVE('',#1768,#1797,#1799,.T.);
#1797 = VERTEX_POINT('',#1798);
#1798 = CARTESIAN_POINT('',(9.E-02,-0.345,-0.355));
#1799 = SURFACE_CURVE('',#1800,(#1804,#1811),.PCURVE_S1.);
#1800 = LINE('',#1801,#1802);
#1801 = CARTESIAN_POINT('',(9.E-02,-0.595,-0.355));
#1802 = VECTOR('',#1803,1.);
#1803 = DIRECTION('',(-5.421010862428E-17,1.,3.785471652766E-31));
#1804 = PCURVE('',#1248,#1805);
#1805 = DEFINITIONAL_REPRESENTATION('',(#1806),#1810);
#1806 = LINE('',#1807,#1808);
#1807 = CARTESIAN_POINT('',(0.395,0.));
#1808 = VECTOR('',#1809,1.);
#1809 = DIRECTION('',(5.421010862428E-17,1.));
#1810 = ( GEOMETRIC_REPRESENTATION_CONTEXT(2) 
PARAMETRIC_REPRESENTATION_CONTEXT() REPRESENTATION_CONTEXT('2D SPACE',''
  ) );
#1811 = PCURVE('',#1812,#1817);
#1812 = PLANE('',#1813);
#1813 = AXIS2_PLACEMENT_3D('',#1814,#1815,#1816);
#1814 = CARTESIAN_POINT('',(9.E-02,-0.345,-0.355125000056));
#1815 = DIRECTION('',(1.,0.,-6.982962677686E-15));
#1816 = DIRECTION('',(-6.982962677686E-15,0.,-1.));
#1817 = DEFINITIONAL_REPRESENTATION('',(#1818),#1822);
#1818 = LINE('',#1819,#1820);
#1819 = CARTESIAN_POINT('',(-1.250000564805E-04,-0.25));
#1820 = VECTOR('',#1821,1.);
#1821 = DIRECTION('',(0.,1.));
#1822 = ( GEOMETRIC_REPRESENTATION_CONTEXT(2) 
PARAMETRIC_REPRESENTATION_CONTEXT() REPRESENTATION_CONTEXT('2D SPACE',''
  ) );
#1823 = ORIENTED_EDGE('',*,*,#1824,.T.);
#1824 = EDGE_CURVE('',#1797,#1825,#1827,.T.);
#1825 = VERTEX_POINT('',#1826);
#1826 = CARTESIAN_POINT('',(0.115,-0.32,-0.355));
#1827 = SURFACE_CURVE('',#1828,(#1833,#1840),.PCURVE_S1.);
#1828 = CIRCLE('',#1829,2.5E-02);
#1829 = AXIS2_PLACEMENT_3D('',#1830,#1831,#1832);
#1830 = CARTESIAN_POINT('',(0.115,-0.345,-0.355));
#1831 = DIRECTION('',(-6.505213034913E-15,0.,-1.));
#1832 = DIRECTION('',(1.,0.,-6.505213034913E-15));
#1833 = PCURVE('',#1248,#1834);
#1834 = DEFINITIONAL_REPRESENTATION('',(#1835),#1839);
#1835 = CIRCLE('',#1836,2.5E-02);
#1836 = AXIS2_PLACEMENT_2D('',#1837,#1838);
#1837 = CARTESIAN_POINT('',(0.37,0.25));
#1838 = DIRECTION('',(-1.,0.));
#1839 = ( GEOMETRIC_REPRESENTATION_CONTEXT(2) 
PARAMETRIC_REPRESENTATION_CONTEXT() REPRESENTATION_CONTEXT('2D SPACE',''
  ) );
#1840 = PCURVE('',#1841,#1846);
#1841 = CYLINDRICAL_SURFACE('',#1842,2.5E-02);
#1842 = AXIS2_PLACEMENT_3D('',#1843,#1844,#1845);
#1843 = CARTESIAN_POINT('',(0.115,-0.345,-0.355125000056));
#1844 = DIRECTION('',(6.505213034913E-15,0.,1.));
#1845 = DIRECTION('',(1.,0.,-6.505213034913E-15));
#1846 = DEFINITIONAL_REPRESENTATION('',(#1847),#1851);
#1847 = LINE('',#1848,#1849);
#1848 = CARTESIAN_POINT('',(6.28318530718,1.250000564807E-04));
#1849 = VECTOR('',#1850,1.);
#1850 = DIRECTION('',(-1.,-3.533949646071E-17));
#1851 = ( GEOMETRIC_REPRESENTATION_CONTEXT(2) 
PARAMETRIC_REPRESENTATION_CONTEXT() REPRESENTATION_CONTEXT('2D SPACE',''
  ) );
#1852 = ORIENTED_EDGE('',*,*,#1853,.T.);
#1853 = EDGE_CURVE('',#1825,#1854,#1856,.T.);
#1854 = VERTEX_POINT('',#1855);
#1855 = CARTESIAN_POINT('',(0.238944487245,-0.32,-0.355));
#1856 = SURFACE_CURVE('',#1857,(#1861,#1868),.PCURVE_S1.);
#1857 = LINE('',#1858,#1859);
#1858 = CARTESIAN_POINT('',(0.238944487245,-0.32,-0.355));
#1859 = VECTOR('',#1860,1.);
#1860 = DIRECTION('',(1.,-4.373741005274E-16,-6.982962677686E-15));
#1861 = PCURVE('',#1248,#1862);
#1862 = DEFINITIONAL_REPRESENTATION('',(#1863),#1867);
#1863 = LINE('',#1864,#1865);
#1864 = CARTESIAN_POINT('',(0.246055512755,0.275));
#1865 = VECTOR('',#1866,1.);
#1866 = DIRECTION('',(-1.,-4.373741005274E-16));
#1867 = ( GEOMETRIC_REPRESENTATION_CONTEXT(2) 
PARAMETRIC_REPRESENTATION_CONTEXT() REPRESENTATION_CONTEXT('2D SPACE',''
  ) );
#1868 = PCURVE('',#1869,#1874);
#1869 = PLANE('',#1870);
#1870 = AXIS2_PLACEMENT_3D('',#1871,#1872,#1873);
#1871 = CARTESIAN_POINT('',(0.115,-0.32,-0.355125000056));
#1872 = DIRECTION('',(-4.373741005274E-16,-1.,3.05416702017E-30));
#1873 = DIRECTION('',(-1.,4.373741005274E-16,0.));
#1874 = DEFINITIONAL_REPRESENTATION('',(#1875),#1879);
#1875 = LINE('',#1876,#1877);
#1876 = CARTESIAN_POINT('',(-0.123944487245,-1.250000564805E-04));
#1877 = VECTOR('',#1878,1.);
#1878 = DIRECTION('',(-1.,6.982962677686E-15));
#1879 = ( GEOMETRIC_REPRESENTATION_CONTEXT(2) 
PARAMETRIC_REPRESENTATION_CONTEXT() REPRESENTATION_CONTEXT('2D SPACE',''
  ) );
#1880 = ORIENTED_EDGE('',*,*,#1881,.T.);
#1881 = EDGE_CURVE('',#1854,#1232,#1882,.T.);
#1882 = SURFACE_CURVE('',#1883,(#1888,#1895),.PCURVE_S1.);
#1883 = CIRCLE('',#1884,2.5E-02);
#1884 = AXIS2_PLACEMENT_3D('',#1885,#1886,#1887);
#1885 = CARTESIAN_POINT('',(0.238944487245,-0.345,-0.355));
#1886 = DIRECTION('',(-6.505213034913E-15,0.,-1.));
#1887 = DIRECTION('',(-1.,0.,6.505213034913E-15));
#1888 = PCURVE('',#1248,#1889);
#1889 = DEFINITIONAL_REPRESENTATION('',(#1890),#1894);
#1890 = CIRCLE('',#1891,2.5E-02);
#1891 = AXIS2_PLACEMENT_2D('',#1892,#1893);
#1892 = CARTESIAN_POINT('',(0.246055512755,0.25));
#1893 = DIRECTION('',(1.,0.));
#1894 = ( GEOMETRIC_REPRESENTATION_CONTEXT(2) 
PARAMETRIC_REPRESENTATION_CONTEXT() REPRESENTATION_CONTEXT('2D SPACE',''
  ) );
#1895 = PCURVE('',#1278,#1896);
#1896 = DEFINITIONAL_REPRESENTATION('',(#1897),#1901);
#1897 = LINE('',#1898,#1899);
#1898 = CARTESIAN_POINT('',(3.14159265359,1.250000564816E-04));
#1899 = VECTOR('',#1900,1.);
#1900 = DIRECTION('',(-1.,0.));
#1901 = ( GEOMETRIC_REPRESENTATION_CONTEXT(2) 
PARAMETRIC_REPRESENTATION_CONTEXT() REPRESENTATION_CONTEXT('2D SPACE',''
  ) );
#1902 = ORIENTED_EDGE('',*,*,#1231,.T.);
#1903 = ORIENTED_EDGE('',*,*,#1904,.T.);
#1904 = EDGE_CURVE('',#1204,#1905,#1907,.T.);
#1905 = VERTEX_POINT('',#1906);
#1906 = CARTESIAN_POINT('',(0.251821456086,-0.246428571429,-0.355));
#1907 = SURFACE_CURVE('',#1908,(#1913,#1924),.PCURVE_S1.);
#1908 = CIRCLE('',#1909,4.5E-02);
#1909 = AXIS2_PLACEMENT_3D('',#1910,#1911,#1912);
#1910 = CARTESIAN_POINT('',(0.275,-0.285,-0.355));
#1911 = DIRECTION('',(7.228014483237E-15,0.,1.));
#1912 = DIRECTION('',(-1.,0.,7.228014483237E-15));
#1913 = PCURVE('',#1248,#1914);
#1914 = DEFINITIONAL_REPRESENTATION('',(#1915),#1923);
#1915 = ( BOUNDED_CURVE() B_SPLINE_CURVE(2,(#1916,#1917,#1918,#1919,
#1920,#1921,#1922),.UNSPECIFIED.,.T.,.F.) B_SPLINE_CURVE_WITH_KNOTS((1,2
    ,2,2,2,1),(-2.094395102393,0.,2.094395102393,4.188790204786,
6.28318530718,8.377580409573),.UNSPECIFIED.) CURVE() 
GEOMETRIC_REPRESENTATION_ITEM() RATIONAL_B_SPLINE_CURVE((1.,0.5,1.,0.5,
1.,0.5,1.)) REPRESENTATION_ITEM('') );
#1916 = CARTESIAN_POINT('',(0.255,0.31));
#1917 = CARTESIAN_POINT('',(0.255,0.232057713659));
#1918 = CARTESIAN_POINT('',(0.1875,0.27102885683));
#1919 = CARTESIAN_POINT('',(0.12,0.31));
#1920 = CARTESIAN_POINT('',(0.1875,0.34897114317));
#1921 = CARTESIAN_POINT('',(0.255,0.387942286341));
#1922 = CARTESIAN_POINT('',(0.255,0.31));
#1923 = ( GEOMETRIC_REPRESENTATION_CONTEXT(2) 
PARAMETRIC_REPRESENTATION_CONTEXT() REPRESENTATION_CONTEXT('2D SPACE',''
  ) );
#1924 = PCURVE('',#1219,#1925);
#1925 = DEFINITIONAL_REPRESENTATION('',(#1926),#1930);
#1926 = LINE('',#1927,#1928);
#1927 = CARTESIAN_POINT('',(-3.14159265359,1.250000564816E-04));
#1928 = VECTOR('',#1929,1.);
#1929 = DIRECTION('',(1.,0.));
#1930 = ( GEOMETRIC_REPRESENTATION_CONTEXT(2) 
PARAMETRIC_REPRESENTATION_CONTEXT() REPRESENTATION_CONTEXT('2D SPACE',''
  ) );
#1931 = ORIENTED_EDGE('',*,*,#1932,.T.);
#1932 = EDGE_CURVE('',#1905,#1933,#1935,.T.);
#1933 = VERTEX_POINT('',#1934);
#1934 = CARTESIAN_POINT('',(0.238944487245,-0.25,-0.355));
#1935 = SURFACE_CURVE('',#1936,(#1941,#1948),.PCURVE_S1.);
#1936 = CIRCLE('',#1937,2.5E-02);
#1937 = AXIS2_PLACEMENT_3D('',#1938,#1939,#1940);
#1938 = CARTESIAN_POINT('',(0.238944487245,-0.225,-0.355));
#1939 = DIRECTION('',(-6.505213034913E-15,0.,-1.));
#1940 = DIRECTION('',(-1.,0.,6.505213034913E-15));
#1941 = PCURVE('',#1248,#1942);
#1942 = DEFINITIONAL_REPRESENTATION('',(#1943),#1947);
#1943 = CIRCLE('',#1944,2.5E-02);
#1944 = AXIS2_PLACEMENT_2D('',#1945,#1946);
#1945 = CARTESIAN_POINT('',(0.246055512755,0.37));
#1946 = DIRECTION('',(1.,0.));
#1947 = ( GEOMETRIC_REPRESENTATION_CONTEXT(2) 
PARAMETRIC_REPRESENTATION_CONTEXT() REPRESENTATION_CONTEXT('2D SPACE',''
  ) );
#1948 = PCURVE('',#1949,#1954);
#1949 = CYLINDRICAL_SURFACE('',#1950,2.5E-02);
#1950 = AXIS2_PLACEMENT_3D('',#1951,#1952,#1953);
#1951 = CARTESIAN_POINT('',(0.238944487245,-0.225,-0.355125000056));
#1952 = DIRECTION('',(6.505213034913E-15,0.,1.));
#1953 = DIRECTION('',(1.,0.,-6.505213034913E-15));
#1954 = DEFINITIONAL_REPRESENTATION('',(#1955),#1959);
#1955 = LINE('',#1956,#1957);
#1956 = CARTESIAN_POINT('',(9.424777960769,1.250000564816E-04));
#1957 = VECTOR('',#1958,1.);
#1958 = DIRECTION('',(-1.,0.));
#1959 = ( GEOMETRIC_REPRESENTATION_CONTEXT(2) 
PARAMETRIC_REPRESENTATION_CONTEXT() REPRESENTATION_CONTEXT('2D SPACE',''
  ) );
#1960 = ORIENTED_EDGE('',*,*,#1961,.T.);
#1961 = EDGE_CURVE('',#1933,#1962,#1964,.T.);
#1962 = VERTEX_POINT('',#1963);
#1963 = CARTESIAN_POINT('',(0.115,-0.25,-0.355));
#1964 = SURFACE_CURVE('',#1965,(#1969,#1976),.PCURVE_S1.);
#1965 = LINE('',#1966,#1967);
#1966 = CARTESIAN_POINT('',(0.238944487245,-0.25,-0.355));
#1967 = VECTOR('',#1968,1.);
#1968 = DIRECTION('',(-1.,0.,6.982962677686E-15));
#1969 = PCURVE('',#1248,#1970);
#1970 = DEFINITIONAL_REPRESENTATION('',(#1971),#1975);
#1971 = LINE('',#1972,#1973);
#1972 = CARTESIAN_POINT('',(0.246055512755,0.345));
#1973 = VECTOR('',#1974,1.);
#1974 = DIRECTION('',(1.,0.));
#1975 = ( GEOMETRIC_REPRESENTATION_CONTEXT(2) 
PARAMETRIC_REPRESENTATION_CONTEXT() REPRESENTATION_CONTEXT('2D SPACE',''
  ) );
#1976 = PCURVE('',#1977,#1982);
#1977 = PLANE('',#1978);
#1978 = AXIS2_PLACEMENT_3D('',#1979,#1980,#1981);
#1979 = CARTESIAN_POINT('',(0.115,-0.25,-0.355125000056));
#1980 = DIRECTION('',(-0.,1.,0.));
#1981 = DIRECTION('',(1.,0.,0.));
#1982 = DEFINITIONAL_REPRESENTATION('',(#1983),#1987);
#1983 = LINE('',#1984,#1985);
#1984 = CARTESIAN_POINT('',(0.123944487245,-1.250000564805E-04));
#1985 = VECTOR('',#1986,1.);
#1986 = DIRECTION('',(-1.,-6.982962677686E-15));
#1987 = ( GEOMETRIC_REPRESENTATION_CONTEXT(2) 
PARAMETRIC_REPRESENTATION_CONTEXT() REPRESENTATION_CONTEXT('2D SPACE',''
  ) );
#1988 = ORIENTED_EDGE('',*,*,#1989,.T.);
#1989 = EDGE_CURVE('',#1962,#1990,#1992,.T.);
#1990 = VERTEX_POINT('',#1991);
#1991 = CARTESIAN_POINT('',(9.E-02,-0.225,-0.355));
#1992 = SURFACE_CURVE('',#1993,(#1998,#2005),.PCURVE_S1.);
#1993 = CIRCLE('',#1994,2.5E-02);
#1994 = AXIS2_PLACEMENT_3D('',#1995,#1996,#1997);
#1995 = CARTESIAN_POINT('',(0.115,-0.225,-0.355));
#1996 = DIRECTION('',(-6.505213034913E-15,0.,-1.));
#1997 = DIRECTION('',(-1.,0.,6.505213034913E-15));
#1998 = PCURVE('',#1248,#1999);
#1999 = DEFINITIONAL_REPRESENTATION('',(#2000),#2004);
#2000 = CIRCLE('',#2001,2.5E-02);
#2001 = AXIS2_PLACEMENT_2D('',#2002,#2003);
#2002 = CARTESIAN_POINT('',(0.37,0.37));
#2003 = DIRECTION('',(1.,0.));
#2004 = ( GEOMETRIC_REPRESENTATION_CONTEXT(2) 
PARAMETRIC_REPRESENTATION_CONTEXT() REPRESENTATION_CONTEXT('2D SPACE',''
  ) );
#2005 = PCURVE('',#2006,#2011);
#2006 = CYLINDRICAL_SURFACE('',#2007,2.5E-02);
#2007 = AXIS2_PLACEMENT_3D('',#2008,#2009,#2010);
#2008 = CARTESIAN_POINT('',(0.115,-0.225,-0.355125000056));
#2009 = DIRECTION('',(6.505213034913E-15,0.,1.));
#2010 = DIRECTION('',(1.,0.,-6.505213034913E-15));
#2011 = DEFINITIONAL_REPRESENTATION('',(#2012),#2016);
#2012 = LINE('',#2013,#2014);
#2013 = CARTESIAN_POINT('',(9.424777960769,1.250000564804E-04));
#2014 = VECTOR('',#2015,1.);
#2015 = DIRECTION('',(-1.,3.533949646071E-17));
#2016 = ( GEOMETRIC_REPRESENTATION_CONTEXT(2) 
PARAMETRIC_REPRESENTATION_CONTEXT() REPRESENTATION_CONTEXT('2D SPACE',''
  ) );
#2017 = ORIENTED_EDGE('',*,*,#2018,.T.);
#2018 = EDGE_CURVE('',#1990,#2019,#2021,.T.);
#2019 = VERTEX_POINT('',#2020);
#2020 = CARTESIAN_POINT('',(9.E-02,-7.5E-02,-0.355));
#2021 = SURFACE_CURVE('',#2022,(#2026,#2033),.PCURVE_S1.);
#2022 = LINE('',#2023,#2024);
#2023 = CARTESIAN_POINT('',(9.E-02,-0.225,-0.355));
#2024 = VECTOR('',#2025,1.);
#2025 = DIRECTION('',(0.,1.,0.));
#2026 = PCURVE('',#1248,#2027);
#2027 = DEFINITIONAL_REPRESENTATION('',(#2028),#2032);
#2028 = LINE('',#2029,#2030);
#2029 = CARTESIAN_POINT('',(0.395,0.37));
#2030 = VECTOR('',#2031,1.);
#2031 = DIRECTION('',(0.,1.));
#2032 = ( GEOMETRIC_REPRESENTATION_CONTEXT(2) 
PARAMETRIC_REPRESENTATION_CONTEXT() REPRESENTATION_CONTEXT('2D SPACE',''
  ) );
#2033 = PCURVE('',#2034,#2039);
#2034 = PLANE('',#2035);
#2035 = AXIS2_PLACEMENT_3D('',#2036,#2037,#2038);
#2036 = CARTESIAN_POINT('',(9.E-02,-7.5E-02,-0.355125000056));
#2037 = DIRECTION('',(1.,0.,-6.982962677686E-15));
#2038 = DIRECTION('',(-6.982962677686E-15,0.,-1.));
#2039 = DEFINITIONAL_REPRESENTATION('',(#2040),#2044);
#2040 = LINE('',#2041,#2042);
#2041 = CARTESIAN_POINT('',(-1.250000564805E-04,-0.15));
#2042 = VECTOR('',#2043,1.);
#2043 = DIRECTION('',(0.,1.));
#2044 = ( GEOMETRIC_REPRESENTATION_CONTEXT(2) 
PARAMETRIC_REPRESENTATION_CONTEXT() REPRESENTATION_CONTEXT('2D SPACE',''
  ) );
#2045 = ORIENTED_EDGE('',*,*,#2046,.T.);
#2046 = EDGE_CURVE('',#2019,#2047,#2049,.T.);
#2047 = VERTEX_POINT('',#2048);
#2048 = CARTESIAN_POINT('',(0.115,-5.E-02,-0.355));
#2049 = SURFACE_CURVE('',#2050,(#2055,#2062),.PCURVE_S1.);
#2050 = CIRCLE('',#2051,2.5E-02);
#2051 = AXIS2_PLACEMENT_3D('',#2052,#2053,#2054);
#2052 = CARTESIAN_POINT('',(0.115,-7.5E-02,-0.355));
#2053 = DIRECTION('',(-6.505213034913E-15,0.,-1.));
#2054 = DIRECTION('',(1.,0.,-6.505213034913E-15));
#2055 = PCURVE('',#1248,#2056);
#2056 = DEFINITIONAL_REPRESENTATION('',(#2057),#2061);
#2057 = CIRCLE('',#2058,2.5E-02);
#2058 = AXIS2_PLACEMENT_2D('',#2059,#2060);
#2059 = CARTESIAN_POINT('',(0.37,0.52));
#2060 = DIRECTION('',(-1.,0.));
#2061 = ( GEOMETRIC_REPRESENTATION_CONTEXT(2) 
PARAMETRIC_REPRESENTATION_CONTEXT() REPRESENTATION_CONTEXT('2D SPACE',''
  ) );
#2062 = PCURVE('',#2063,#2068);
#2063 = CYLINDRICAL_SURFACE('',#2064,2.5E-02);
#2064 = AXIS2_PLACEMENT_3D('',#2065,#2066,#2067);
#2065 = CARTESIAN_POINT('',(0.115,-7.5E-02,-0.355125000056));
#2066 = DIRECTION('',(6.505213034913E-15,0.,1.));
#2067 = DIRECTION('',(1.,0.,-6.505213034913E-15));
#2068 = DEFINITIONAL_REPRESENTATION('',(#2069),#2073);
#2069 = LINE('',#2070,#2071);
#2070 = CARTESIAN_POINT('',(6.28318530718,1.250000564807E-04));
#2071 = VECTOR('',#2072,1.);
#2072 = DIRECTION('',(-1.,-3.533949646071E-17));
#2073 = ( GEOMETRIC_REPRESENTATION_CONTEXT(2) 
PARAMETRIC_REPRESENTATION_CONTEXT() REPRESENTATION_CONTEXT('2D SPACE',''
  ) );
#2074 = ORIENTED_EDGE('',*,*,#2075,.T.);
#2075 = EDGE_CURVE('',#2047,#1357,#2076,.T.);
#2076 = SURFACE_CURVE('',#2077,(#2081,#2088),.PCURVE_S1.);
#2077 = LINE('',#2078,#2079);
#2078 = CARTESIAN_POINT('',(0.175,-5.E-02,-0.355));
#2079 = VECTOR('',#2080,1.);
#2080 = DIRECTION('',(1.,1.129377263006E-16,-6.982962677686E-15));
#2081 = PCURVE('',#1248,#2082);
#2082 = DEFINITIONAL_REPRESENTATION('',(#2083),#2087);
#2083 = LINE('',#2084,#2085);
#2084 = CARTESIAN_POINT('',(0.31,0.545));
#2085 = VECTOR('',#2086,1.);
#2086 = DIRECTION('',(-1.,1.129377263006E-16));
#2087 = ( GEOMETRIC_REPRESENTATION_CONTEXT(2) 
PARAMETRIC_REPRESENTATION_CONTEXT() REPRESENTATION_CONTEXT('2D SPACE',''
  ) );
#2088 = PCURVE('',#1398,#2089);
#2089 = DEFINITIONAL_REPRESENTATION('',(#2090),#2094);
#2090 = LINE('',#2091,#2092);
#2091 = CARTESIAN_POINT('',(-1.250000564811E-04,4.996003610813E-16));
#2092 = VECTOR('',#2093,1.);
#2093 = DIRECTION('',(6.982962677686E-15,1.));
#2094 = ( GEOMETRIC_REPRESENTATION_CONTEXT(2) 
PARAMETRIC_REPRESENTATION_CONTEXT() REPRESENTATION_CONTEXT('2D SPACE',''
  ) );
#2095 = ORIENTED_EDGE('',*,*,#1356,.T.);
#2096 = ORIENTED_EDGE('',*,*,#2097,.T.);
#2097 = EDGE_CURVE('',#1329,#2098,#2100,.T.);
#2098 = VERTEX_POINT('',#2099);
#2099 = CARTESIAN_POINT('',(0.175,5.E-02,-0.355));
#2100 = SURFACE_CURVE('',#2101,(#2106,#2117),.PCURVE_S1.);
#2101 = CIRCLE('',#2102,5.E-02);
#2102 = AXIS2_PLACEMENT_3D('',#2103,#2104,#2105);
#2103 = CARTESIAN_POINT('',(0.175,1.219727444046E-16,-0.355));
#2104 = DIRECTION('',(6.505213034913E-15,0.,1.));
#2105 = DIRECTION('',(-1.,0.,6.505213034913E-15));
#2106 = PCURVE('',#1248,#2107);
#2107 = DEFINITIONAL_REPRESENTATION('',(#2108),#2116);
#2108 = ( BOUNDED_CURVE() B_SPLINE_CURVE(2,(#2109,#2110,#2111,#2112,
#2113,#2114,#2115),.UNSPECIFIED.,.T.,.F.) B_SPLINE_CURVE_WITH_KNOTS((1,2
    ,2,2,2,1),(-2.094395102393,0.,2.094395102393,4.188790204786,
6.28318530718,8.377580409573),.UNSPECIFIED.) CURVE() 
GEOMETRIC_REPRESENTATION_ITEM() RATIONAL_B_SPLINE_CURVE((1.,0.5,1.,0.5,
1.,0.5,1.)) REPRESENTATION_ITEM('') );
#2109 = CARTESIAN_POINT('',(0.36,0.595));
#2110 = CARTESIAN_POINT('',(0.36,0.508397459622));
#2111 = CARTESIAN_POINT('',(0.285,0.551698729811));
#2112 = CARTESIAN_POINT('',(0.21,0.595));
#2113 = CARTESIAN_POINT('',(0.285,0.638301270189));
#2114 = CARTESIAN_POINT('',(0.36,0.681602540378));
#2115 = CARTESIAN_POINT('',(0.36,0.595));
#2116 = ( GEOMETRIC_REPRESENTATION_CONTEXT(2) 
PARAMETRIC_REPRESENTATION_CONTEXT() REPRESENTATION_CONTEXT('2D SPACE',''
  ) );
#2117 = PCURVE('',#1344,#2118);
#2118 = DEFINITIONAL_REPRESENTATION('',(#2119),#2123);
#2119 = LINE('',#2120,#2121);
#2120 = CARTESIAN_POINT('',(-3.14159265359,1.250000564809E-04));
#2121 = VECTOR('',#2122,1.);
#2122 = DIRECTION('',(1.,3.533949646071E-17));
#2123 = ( GEOMETRIC_REPRESENTATION_CONTEXT(2) 
PARAMETRIC_REPRESENTATION_CONTEXT() REPRESENTATION_CONTEXT('2D SPACE',''
  ) );
#2124 = ORIENTED_EDGE('',*,*,#2125,.T.);
#2125 = EDGE_CURVE('',#2098,#2126,#2128,.T.);
#2126 = VERTEX_POINT('',#2127);
#2127 = CARTESIAN_POINT('',(0.115,5.E-02,-0.355));
#2128 = SURFACE_CURVE('',#2129,(#2133,#2140),.PCURVE_S1.);
#2129 = LINE('',#2130,#2131);
#2130 = CARTESIAN_POINT('',(0.175,5.E-02,-0.355));
#2131 = VECTOR('',#2132,1.);
#2132 = DIRECTION('',(-1.,1.129377263006E-16,6.982962677686E-15));
#2133 = PCURVE('',#1248,#2134);
#2134 = DEFINITIONAL_REPRESENTATION('',(#2135),#2139);
#2135 = LINE('',#2136,#2137);
#2136 = CARTESIAN_POINT('',(0.31,0.645));
#2137 = VECTOR('',#2138,1.);
#2138 = DIRECTION('',(1.,1.129377263006E-16));
#2139 = ( GEOMETRIC_REPRESENTATION_CONTEXT(2) 
PARAMETRIC_REPRESENTATION_CONTEXT() REPRESENTATION_CONTEXT('2D SPACE',''
  ) );
#2140 = PCURVE('',#2141,#2146);
#2141 = PLANE('',#2142);
#2142 = AXIS2_PLACEMENT_3D('',#2143,#2144,#2145);
#2143 = CARTESIAN_POINT('',(0.175,5.E-02,-0.355125000056));
#2144 = DIRECTION('',(-0.,1.,0.));
#2145 = DIRECTION('',(1.,0.,0.));
#2146 = DEFINITIONAL_REPRESENTATION('',(#2147),#2151);
#2147 = LINE('',#2148,#2149);
#2148 = CARTESIAN_POINT('',(4.996003610813E-16,-1.250000564811E-04));
#2149 = VECTOR('',#2150,1.);
#2150 = DIRECTION('',(-1.,-6.982962677686E-15));
#2151 = ( GEOMETRIC_REPRESENTATION_CONTEXT(2) 
PARAMETRIC_REPRESENTATION_CONTEXT() REPRESENTATION_CONTEXT('2D SPACE',''
  ) );
#2152 = ORIENTED_EDGE('',*,*,#2153,.T.);
#2153 = EDGE_CURVE('',#2126,#2154,#2156,.T.);
#2154 = VERTEX_POINT('',#2155);
#2155 = CARTESIAN_POINT('',(9.E-02,7.5E-02,-0.355));
#2156 = SURFACE_CURVE('',#2157,(#2162,#2169),.PCURVE_S1.);
#2157 = CIRCLE('',#2158,2.5E-02);
#2158 = AXIS2_PLACEMENT_3D('',#2159,#2160,#2161);
#2159 = CARTESIAN_POINT('',(0.115,7.5E-02,-0.355));
#2160 = DIRECTION('',(-6.505213034913E-15,0.,-1.));
#2161 = DIRECTION('',(-1.,0.,6.505213034913E-15));
#2162 = PCURVE('',#1248,#2163);
#2163 = DEFINITIONAL_REPRESENTATION('',(#2164),#2168);
#2164 = CIRCLE('',#2165,2.5E-02);
#2165 = AXIS2_PLACEMENT_2D('',#2166,#2167);
#2166 = CARTESIAN_POINT('',(0.37,0.67));
#2167 = DIRECTION('',(1.,0.));
#2168 = ( GEOMETRIC_REPRESENTATION_CONTEXT(2) 
PARAMETRIC_REPRESENTATION_CONTEXT() REPRESENTATION_CONTEXT('2D SPACE',''
  ) );
#2169 = PCURVE('',#2170,#2175);
#2170 = CYLINDRICAL_SURFACE('',#2171,2.5E-02);
#2171 = AXIS2_PLACEMENT_3D('',#2172,#2173,#2174);
#2172 = CARTESIAN_POINT('',(0.115,7.5E-02,-0.355125000056));
#2173 = DIRECTION('',(6.505213034913E-15,0.,1.));
#2174 = DIRECTION('',(1.,0.,-6.505213034913E-15));
#2175 = DEFINITIONAL_REPRESENTATION('',(#2176),#2180);
#2176 = LINE('',#2177,#2178);
#2177 = CARTESIAN_POINT('',(9.424777960769,1.250000564804E-04));
#2178 = VECTOR('',#2179,1.);
#2179 = DIRECTION('',(-1.,3.533949646071E-17));
#2180 = ( GEOMETRIC_REPRESENTATION_CONTEXT(2) 
PARAMETRIC_REPRESENTATION_CONTEXT() REPRESENTATION_CONTEXT('2D SPACE',''
  ) );
#2181 = ORIENTED_EDGE('',*,*,#2182,.T.);
#2182 = EDGE_CURVE('',#2154,#2183,#2185,.T.);
#2183 = VERTEX_POINT('',#2184);
#2184 = CARTESIAN_POINT('',(9.E-02,0.225,-0.355));
#2185 = SURFACE_CURVE('',#2186,(#2190,#2197),.PCURVE_S1.);
#2186 = LINE('',#2187,#2188);
#2187 = CARTESIAN_POINT('',(9.E-02,7.5E-02,-0.355));
#2188 = VECTOR('',#2189,1.);
#2189 = DIRECTION('',(0.,1.,0.));
#2190 = PCURVE('',#1248,#2191);
#2191 = DEFINITIONAL_REPRESENTATION('',(#2192),#2196);
#2192 = LINE('',#2193,#2194);
#2193 = CARTESIAN_POINT('',(0.395,0.67));
#2194 = VECTOR('',#2195,1.);
#2195 = DIRECTION('',(0.,1.));
#2196 = ( GEOMETRIC_REPRESENTATION_CONTEXT(2) 
PARAMETRIC_REPRESENTATION_CONTEXT() REPRESENTATION_CONTEXT('2D SPACE',''
  ) );
#2197 = PCURVE('',#2198,#2203);
#2198 = PLANE('',#2199);
#2199 = AXIS2_PLACEMENT_3D('',#2200,#2201,#2202);
#2200 = CARTESIAN_POINT('',(9.E-02,0.225,-0.355125000056));
#2201 = DIRECTION('',(1.,0.,-6.982962677686E-15));
#2202 = DIRECTION('',(-6.982962677686E-15,0.,-1.));
#2203 = DEFINITIONAL_REPRESENTATION('',(#2204),#2208);
#2204 = LINE('',#2205,#2206);
#2205 = CARTESIAN_POINT('',(-1.250000564805E-04,-0.15));
#2206 = VECTOR('',#2207,1.);
#2207 = DIRECTION('',(0.,1.));
#2208 = ( GEOMETRIC_REPRESENTATION_CONTEXT(2) 
PARAMETRIC_REPRESENTATION_CONTEXT() REPRESENTATION_CONTEXT('2D SPACE',''
  ) );
#2209 = ORIENTED_EDGE('',*,*,#2210,.T.);
#2210 = EDGE_CURVE('',#2183,#2211,#2213,.T.);
#2211 = VERTEX_POINT('',#2212);
#2212 = CARTESIAN_POINT('',(0.115,0.25,-0.355));
#2213 = SURFACE_CURVE('',#2214,(#2219,#2226),.PCURVE_S1.);
#2214 = CIRCLE('',#2215,2.5E-02);
#2215 = AXIS2_PLACEMENT_3D('',#2216,#2217,#2218);
#2216 = CARTESIAN_POINT('',(0.115,0.225,-0.355));
#2217 = DIRECTION('',(-6.505213034913E-15,0.,-1.));
#2218 = DIRECTION('',(1.,0.,-6.505213034913E-15));
#2219 = PCURVE('',#1248,#2220);
#2220 = DEFINITIONAL_REPRESENTATION('',(#2221),#2225);
#2221 = CIRCLE('',#2222,2.5E-02);
#2222 = AXIS2_PLACEMENT_2D('',#2223,#2224);
#2223 = CARTESIAN_POINT('',(0.37,0.82));
#2224 = DIRECTION('',(-1.,0.));
#2225 = ( GEOMETRIC_REPRESENTATION_CONTEXT(2) 
PARAMETRIC_REPRESENTATION_CONTEXT() REPRESENTATION_CONTEXT('2D SPACE',''
  ) );
#2226 = PCURVE('',#2227,#2232);
#2227 = CYLINDRICAL_SURFACE('',#2228,2.5E-02);
#2228 = AXIS2_PLACEMENT_3D('',#2229,#2230,#2231);
#2229 = CARTESIAN_POINT('',(0.115,0.225,-0.355125000056));
#2230 = DIRECTION('',(6.505213034913E-15,0.,1.));
#2231 = DIRECTION('',(1.,0.,-6.505213034913E-15));
#2232 = DEFINITIONAL_REPRESENTATION('',(#2233),#2237);
#2233 = LINE('',#2234,#2235);
#2234 = CARTESIAN_POINT('',(6.28318530718,1.250000564807E-04));
#2235 = VECTOR('',#2236,1.);
#2236 = DIRECTION('',(-1.,-3.533949646071E-17));
#2237 = ( GEOMETRIC_REPRESENTATION_CONTEXT(2) 
PARAMETRIC_REPRESENTATION_CONTEXT() REPRESENTATION_CONTEXT('2D SPACE',''
  ) );
#2238 = ORIENTED_EDGE('',*,*,#2239,.T.);
#2239 = EDGE_CURVE('',#2211,#2240,#2242,.T.);
#2240 = VERTEX_POINT('',#2241);
#2241 = CARTESIAN_POINT('',(0.238944487245,0.25,-0.355));
#2242 = SURFACE_CURVE('',#2243,(#2247,#2254),.PCURVE_S1.);
#2243 = LINE('',#2244,#2245);
#2244 = CARTESIAN_POINT('',(0.238944487245,0.25,-0.355));
#2245 = VECTOR('',#2246,1.);
#2246 = DIRECTION('',(1.,0.,-6.982962677686E-15));
#2247 = PCURVE('',#1248,#2248);
#2248 = DEFINITIONAL_REPRESENTATION('',(#2249),#2253);
#2249 = LINE('',#2250,#2251);
#2250 = CARTESIAN_POINT('',(0.246055512755,0.845));
#2251 = VECTOR('',#2252,1.);
#2252 = DIRECTION('',(-1.,0.));
#2253 = ( GEOMETRIC_REPRESENTATION_CONTEXT(2) 
PARAMETRIC_REPRESENTATION_CONTEXT() REPRESENTATION_CONTEXT('2D SPACE',''
  ) );
#2254 = PCURVE('',#2255,#2260);
#2255 = PLANE('',#2256);
#2256 = AXIS2_PLACEMENT_3D('',#2257,#2258,#2259);
#2257 = CARTESIAN_POINT('',(0.115,0.25,-0.355125000056));
#2258 = DIRECTION('',(0.,-1.,0.));
#2259 = DIRECTION('',(0.,0.,-1.));
#2260 = DEFINITIONAL_REPRESENTATION('',(#2261),#2265);
#2261 = LINE('',#2262,#2263);
#2262 = CARTESIAN_POINT('',(-1.250000564805E-04,0.123944487245));
#2263 = VECTOR('',#2264,1.);
#2264 = DIRECTION('',(6.982962677686E-15,1.));
#2265 = ( GEOMETRIC_REPRESENTATION_CONTEXT(2) 
PARAMETRIC_REPRESENTATION_CONTEXT() REPRESENTATION_CONTEXT('2D SPACE',''
  ) );
#2266 = ORIENTED_EDGE('',*,*,#2267,.T.);
#2267 = EDGE_CURVE('',#2240,#1477,#2268,.T.);
#2268 = SURFACE_CURVE('',#2269,(#2274,#2281),.PCURVE_S1.);
#2269 = CIRCLE('',#2270,2.5E-02);
#2270 = AXIS2_PLACEMENT_3D('',#2271,#2272,#2273);
#2271 = CARTESIAN_POINT('',(0.238944487245,0.225,-0.355));
#2272 = DIRECTION('',(-6.505213034913E-15,0.,-1.));
#2273 = DIRECTION('',(-1.,0.,6.505213034913E-15));
#2274 = PCURVE('',#1248,#2275);
#2275 = DEFINITIONAL_REPRESENTATION('',(#2276),#2280);
#2276 = CIRCLE('',#2277,2.5E-02);
#2277 = AXIS2_PLACEMENT_2D('',#2278,#2279);
#2278 = CARTESIAN_POINT('',(0.246055512755,0.82));
#2279 = DIRECTION('',(1.,0.));
#2280 = ( GEOMETRIC_REPRESENTATION_CONTEXT(2) 
PARAMETRIC_REPRESENTATION_CONTEXT() REPRESENTATION_CONTEXT('2D SPACE',''
  ) );
#2281 = PCURVE('',#1518,#2282);
#2282 = DEFINITIONAL_REPRESENTATION('',(#2283),#2287);
#2283 = LINE('',#2284,#2285);
#2284 = CARTESIAN_POINT('',(3.14159265359,1.250000564816E-04));
#2285 = VECTOR('',#2286,1.);
#2286 = DIRECTION('',(-1.,0.));
#2287 = ( GEOMETRIC_REPRESENTATION_CONTEXT(2) 
PARAMETRIC_REPRESENTATION_CONTEXT() REPRESENTATION_CONTEXT('2D SPACE',''
  ) );
#2288 = ORIENTED_EDGE('',*,*,#1476,.T.);
#2289 = ORIENTED_EDGE('',*,*,#2290,.T.);
#2290 = EDGE_CURVE('',#1449,#2291,#2293,.T.);
#2291 = VERTEX_POINT('',#2292);
#2292 = CARTESIAN_POINT('',(0.251821456086,0.323571428571,-0.355));
#2293 = SURFACE_CURVE('',#2294,(#2299,#2310),.PCURVE_S1.);
#2294 = CIRCLE('',#2295,4.5E-02);
#2295 = AXIS2_PLACEMENT_3D('',#2296,#2297,#2298);
#2296 = CARTESIAN_POINT('',(0.275,0.285,-0.355));
#2297 = DIRECTION('',(7.228014483237E-15,0.,1.));
#2298 = DIRECTION('',(-1.,0.,7.228014483237E-15));
#2299 = PCURVE('',#1248,#2300);
#2300 = DEFINITIONAL_REPRESENTATION('',(#2301),#2309);
#2301 = ( BOUNDED_CURVE() B_SPLINE_CURVE(2,(#2302,#2303,#2304,#2305,
#2306,#2307,#2308),.UNSPECIFIED.,.T.,.F.) B_SPLINE_CURVE_WITH_KNOTS((1,2
    ,2,2,2,1),(-2.094395102393,0.,2.094395102393,4.188790204786,
6.28318530718,8.377580409573),.UNSPECIFIED.) CURVE() 
GEOMETRIC_REPRESENTATION_ITEM() RATIONAL_B_SPLINE_CURVE((1.,0.5,1.,0.5,
1.,0.5,1.)) REPRESENTATION_ITEM('') );
#2302 = CARTESIAN_POINT('',(0.255,0.88));
#2303 = CARTESIAN_POINT('',(0.255,0.802057713659));
#2304 = CARTESIAN_POINT('',(0.1875,0.84102885683));
#2305 = CARTESIAN_POINT('',(0.12,0.88));
#2306 = CARTESIAN_POINT('',(0.1875,0.91897114317));
#2307 = CARTESIAN_POINT('',(0.255,0.957942286341));
#2308 = CARTESIAN_POINT('',(0.255,0.88));
#2309 = ( GEOMETRIC_REPRESENTATION_CONTEXT(2) 
PARAMETRIC_REPRESENTATION_CONTEXT() REPRESENTATION_CONTEXT('2D SPACE',''
  ) );
#2310 = PCURVE('',#1464,#2311);
#2311 = DEFINITIONAL_REPRESENTATION('',(#2312),#2316);
#2312 = LINE('',#2313,#2314);
#2313 = CARTESIAN_POINT('',(-3.14159265359,1.250000564816E-04));
#2314 = VECTOR('',#2315,1.);
#2315 = DIRECTION('',(1.,0.));
#2316 = ( GEOMETRIC_REPRESENTATION_CONTEXT(2) 
PARAMETRIC_REPRESENTATION_CONTEXT() REPRESENTATION_CONTEXT('2D SPACE',''
  ) );
#2317 = ORIENTED_EDGE('',*,*,#2318,.T.);
#2318 = EDGE_CURVE('',#2291,#2319,#2321,.T.);
#2319 = VERTEX_POINT('',#2320);
#2320 = CARTESIAN_POINT('',(0.238944487245,0.32,-0.355));
#2321 = SURFACE_CURVE('',#2322,(#2327,#2334),.PCURVE_S1.);
#2322 = CIRCLE('',#2323,2.5E-02);
#2323 = AXIS2_PLACEMENT_3D('',#2324,#2325,#2326);
#2324 = CARTESIAN_POINT('',(0.238944487245,0.345,-0.355));
#2325 = DIRECTION('',(-6.505213034913E-15,0.,-1.));
#2326 = DIRECTION('',(1.,0.,-6.505213034913E-15));
#2327 = PCURVE('',#1248,#2328);
#2328 = DEFINITIONAL_REPRESENTATION('',(#2329),#2333);
#2329 = CIRCLE('',#2330,2.5E-02);
#2330 = AXIS2_PLACEMENT_2D('',#2331,#2332);
#2331 = CARTESIAN_POINT('',(0.246055512755,0.94));
#2332 = DIRECTION('',(-1.,0.));
#2333 = ( GEOMETRIC_REPRESENTATION_CONTEXT(2) 
PARAMETRIC_REPRESENTATION_CONTEXT() REPRESENTATION_CONTEXT('2D SPACE',''
  ) );
#2334 = PCURVE('',#2335,#2340);
#2335 = CYLINDRICAL_SURFACE('',#2336,2.5E-02);
#2336 = AXIS2_PLACEMENT_3D('',#2337,#2338,#2339);
#2337 = CARTESIAN_POINT('',(0.238944487245,0.345,-0.355125000056));
#2338 = DIRECTION('',(6.505213034913E-15,0.,1.));
#2339 = DIRECTION('',(1.,0.,-6.505213034913E-15));
#2340 = DEFINITIONAL_REPRESENTATION('',(#2341),#2345);
#2341 = LINE('',#2342,#2343);
#2342 = CARTESIAN_POINT('',(6.28318530718,1.250000564816E-04));
#2343 = VECTOR('',#2344,1.);
#2344 = DIRECTION('',(-1.,0.));
#2345 = ( GEOMETRIC_REPRESENTATION_CONTEXT(2) 
PARAMETRIC_REPRESENTATION_CONTEXT() REPRESENTATION_CONTEXT('2D SPACE',''
  ) );
#2346 = ORIENTED_EDGE('',*,*,#2347,.T.);
#2347 = EDGE_CURVE('',#2319,#2348,#2350,.T.);
#2348 = VERTEX_POINT('',#2349);
#2349 = CARTESIAN_POINT('',(0.115,0.32,-0.355));
#2350 = SURFACE_CURVE('',#2351,(#2355,#2362),.PCURVE_S1.);
#2351 = LINE('',#2352,#2353);
#2352 = CARTESIAN_POINT('',(0.238944487245,0.32,-0.355));
#2353 = VECTOR('',#2354,1.);
#2354 = DIRECTION('',(-1.,0.,6.982962677686E-15));
#2355 = PCURVE('',#1248,#2356);
#2356 = DEFINITIONAL_REPRESENTATION('',(#2357),#2361);
#2357 = LINE('',#2358,#2359);
#2358 = CARTESIAN_POINT('',(0.246055512755,0.915));
#2359 = VECTOR('',#2360,1.);
#2360 = DIRECTION('',(1.,0.));
#2361 = ( GEOMETRIC_REPRESENTATION_CONTEXT(2) 
PARAMETRIC_REPRESENTATION_CONTEXT() REPRESENTATION_CONTEXT('2D SPACE',''
  ) );
#2362 = PCURVE('',#2363,#2368);
#2363 = PLANE('',#2364);
#2364 = AXIS2_PLACEMENT_3D('',#2365,#2366,#2367);
#2365 = CARTESIAN_POINT('',(0.115,0.32,-0.355125000056));
#2366 = DIRECTION('',(-4.373741005274E-16,1.,3.05416702017E-30));
#2367 = DIRECTION('',(1.,4.373741005274E-16,0.));
#2368 = DEFINITIONAL_REPRESENTATION('',(#2369),#2373);
#2369 = LINE('',#2370,#2371);
#2370 = CARTESIAN_POINT('',(0.123944487245,-1.250000564805E-04));
#2371 = VECTOR('',#2372,1.);
#2372 = DIRECTION('',(-1.,-6.982962677686E-15));
#2373 = ( GEOMETRIC_REPRESENTATION_CONTEXT(2) 
PARAMETRIC_REPRESENTATION_CONTEXT() REPRESENTATION_CONTEXT('2D SPACE',''
  ) );
#2374 = ORIENTED_EDGE('',*,*,#2375,.T.);
#2375 = EDGE_CURVE('',#2348,#2376,#2378,.T.);
#2376 = VERTEX_POINT('',#2377);
#2377 = CARTESIAN_POINT('',(9.E-02,0.345,-0.355));
#2378 = SURFACE_CURVE('',#2379,(#2384,#2391),.PCURVE_S1.);
#2379 = CIRCLE('',#2380,2.5E-02);
#2380 = AXIS2_PLACEMENT_3D('',#2381,#2382,#2383);
#2381 = CARTESIAN_POINT('',(0.115,0.345,-0.355));
#2382 = DIRECTION('',(-6.505213034913E-15,0.,-1.));
#2383 = DIRECTION('',(-1.,0.,6.505213034913E-15));
#2384 = PCURVE('',#1248,#2385);
#2385 = DEFINITIONAL_REPRESENTATION('',(#2386),#2390);
#2386 = CIRCLE('',#2387,2.5E-02);
#2387 = AXIS2_PLACEMENT_2D('',#2388,#2389);
#2388 = CARTESIAN_POINT('',(0.37,0.94));
#2389 = DIRECTION('',(1.,0.));
#2390 = ( GEOMETRIC_REPRESENTATION_CONTEXT(2) 
PARAMETRIC_REPRESENTATION_CONTEXT() REPRESENTATION_CONTEXT('2D SPACE',''
  ) );
#2391 = PCURVE('',#2392,#2397);
#2392 = CYLINDRICAL_SURFACE('',#2393,2.5E-02);
#2393 = AXIS2_PLACEMENT_3D('',#2394,#2395,#2396);
#2394 = CARTESIAN_POINT('',(0.115,0.345,-0.355125000056));
#2395 = DIRECTION('',(6.505213034913E-15,0.,1.));
#2396 = DIRECTION('',(1.,0.,-6.505213034913E-15));
#2397 = DEFINITIONAL_REPRESENTATION('',(#2398),#2402);
#2398 = LINE('',#2399,#2400);
#2399 = CARTESIAN_POINT('',(9.424777960769,1.250000564804E-04));
#2400 = VECTOR('',#2401,1.);
#2401 = DIRECTION('',(-1.,3.533949646071E-17));
#2402 = ( GEOMETRIC_REPRESENTATION_CONTEXT(2) 
PARAMETRIC_REPRESENTATION_CONTEXT() REPRESENTATION_CONTEXT('2D SPACE',''
  ) );
#2403 = ORIENTED_EDGE('',*,*,#2404,.T.);
#2404 = EDGE_CURVE('',#2376,#2405,#2407,.T.);
#2405 = VERTEX_POINT('',#2406);
#2406 = CARTESIAN_POINT('',(9.E-02,0.595,-0.355));
#2407 = SURFACE_CURVE('',#2408,(#2412,#2419),.PCURVE_S1.);
#2408 = LINE('',#2409,#2410);
#2409 = CARTESIAN_POINT('',(9.E-02,0.345,-0.355));
#2410 = VECTOR('',#2411,1.);
#2411 = DIRECTION('',(5.421010862428E-17,1.,-3.785471652766E-31));
#2412 = PCURVE('',#1248,#2413);
#2413 = DEFINITIONAL_REPRESENTATION('',(#2414),#2418);
#2414 = LINE('',#2415,#2416);
#2415 = CARTESIAN_POINT('',(0.395,0.94));
#2416 = VECTOR('',#2417,1.);
#2417 = DIRECTION('',(-5.421010862428E-17,1.));
#2418 = ( GEOMETRIC_REPRESENTATION_CONTEXT(2) 
PARAMETRIC_REPRESENTATION_CONTEXT() REPRESENTATION_CONTEXT('2D SPACE',''
  ) );
#2419 = PCURVE('',#2420,#2425);
#2420 = PLANE('',#2421);
#2421 = AXIS2_PLACEMENT_3D('',#2422,#2423,#2424);
#2422 = CARTESIAN_POINT('',(9.E-02,0.595,-0.355125000056));
#2423 = DIRECTION('',(1.,0.,-6.982962677686E-15));
#2424 = DIRECTION('',(-6.982962677686E-15,0.,-1.));
#2425 = DEFINITIONAL_REPRESENTATION('',(#2426),#2430);
#2426 = LINE('',#2427,#2428);
#2427 = CARTESIAN_POINT('',(-1.250000564805E-04,-0.25));
#2428 = VECTOR('',#2429,1.);
#2429 = DIRECTION('',(0.,1.));
#2430 = ( GEOMETRIC_REPRESENTATION_CONTEXT(2) 
PARAMETRIC_REPRESENTATION_CONTEXT() REPRESENTATION_CONTEXT('2D SPACE',''
  ) );
#2431 = ORIENTED_EDGE('',*,*,#2432,.T.);
#2432 = EDGE_CURVE('',#2405,#2433,#2435,.T.);
#2433 = VERTEX_POINT('',#2434);
#2434 = CARTESIAN_POINT('',(0.115,0.62,-0.355));
#2435 = SURFACE_CURVE('',#2436,(#2441,#2448),.PCURVE_S1.);
#2436 = CIRCLE('',#2437,2.5E-02);
#2437 = AXIS2_PLACEMENT_3D('',#2438,#2439,#2440);
#2438 = CARTESIAN_POINT('',(0.115,0.595,-0.355));
#2439 = DIRECTION('',(-6.505213034913E-15,0.,-1.));
#2440 = DIRECTION('',(1.,0.,-6.505213034913E-15));
#2441 = PCURVE('',#1248,#2442);
#2442 = DEFINITIONAL_REPRESENTATION('',(#2443),#2447);
#2443 = CIRCLE('',#2444,2.5E-02);
#2444 = AXIS2_PLACEMENT_2D('',#2445,#2446);
#2445 = CARTESIAN_POINT('',(0.37,1.19));
#2446 = DIRECTION('',(-1.,0.));
#2447 = ( GEOMETRIC_REPRESENTATION_CONTEXT(2) 
PARAMETRIC_REPRESENTATION_CONTEXT() REPRESENTATION_CONTEXT('2D SPACE',''
  ) );
#2448 = PCURVE('',#2449,#2454);
#2449 = CYLINDRICAL_SURFACE('',#2450,2.5E-02);
#2450 = AXIS2_PLACEMENT_3D('',#2451,#2452,#2453);
#2451 = CARTESIAN_POINT('',(0.115,0.595,-0.355125000056));
#2452 = DIRECTION('',(6.505213034913E-15,0.,1.));
#2453 = DIRECTION('',(1.,0.,-6.505213034913E-15));
#2454 = DEFINITIONAL_REPRESENTATION('',(#2455),#2459);
#2455 = LINE('',#2456,#2457);
#2456 = CARTESIAN_POINT('',(6.28318530718,1.250000564807E-04));
#2457 = VECTOR('',#2458,1.);
#2458 = DIRECTION('',(-1.,-3.533949646071E-17));
#2459 = ( GEOMETRIC_REPRESENTATION_CONTEXT(2) 
PARAMETRIC_REPRESENTATION_CONTEXT() REPRESENTATION_CONTEXT('2D SPACE',''
  ) );
#2460 = ORIENTED_EDGE('',*,*,#2461,.T.);
#2461 = EDGE_CURVE('',#2433,#2462,#2464,.T.);
#2462 = VERTEX_POINT('',#2463);
#2463 = CARTESIAN_POINT('',(0.185,0.62,-0.355));
#2464 = SURFACE_CURVE('',#2465,(#2469,#2476),.PCURVE_S1.);
#2465 = LINE('',#2466,#2467);
#2466 = CARTESIAN_POINT('',(0.185,0.62,-0.355));
#2467 = VECTOR('',#2468,1.);
#2468 = DIRECTION('',(1.,0.,-6.982962677686E-15));
#2469 = PCURVE('',#1248,#2470);
#2470 = DEFINITIONAL_REPRESENTATION('',(#2471),#2475);
#2471 = LINE('',#2472,#2473);
#2472 = CARTESIAN_POINT('',(0.3,1.215));
#2473 = VECTOR('',#2474,1.);
#2474 = DIRECTION('',(-1.,0.));
#2475 = ( GEOMETRIC_REPRESENTATION_CONTEXT(2) 
PARAMETRIC_REPRESENTATION_CONTEXT() REPRESENTATION_CONTEXT('2D SPACE',''
  ) );
#2476 = PCURVE('',#2477,#2482);
#2477 = PLANE('',#2478);
#2478 = AXIS2_PLACEMENT_3D('',#2479,#2480,#2481);
#2479 = CARTESIAN_POINT('',(0.115,0.62,-0.355125000056));
#2480 = DIRECTION('',(0.,-1.,0.));
#2481 = DIRECTION('',(0.,0.,-1.));
#2482 = DEFINITIONAL_REPRESENTATION('',(#2483),#2487);
#2483 = LINE('',#2484,#2485);
#2484 = CARTESIAN_POINT('',(-1.250000564805E-04,7.E-02));
#2485 = VECTOR('',#2486,1.);
#2486 = DIRECTION('',(6.982962677686E-15,1.));
#2487 = ( GEOMETRIC_REPRESENTATION_CONTEXT(2) 
PARAMETRIC_REPRESENTATION_CONTEXT() REPRESENTATION_CONTEXT('2D SPACE',''
  ) );
#2488 = ORIENTED_EDGE('',*,*,#2489,.T.);
#2489 = EDGE_CURVE('',#2462,#2490,#2492,.T.);
#2490 = VERTEX_POINT('',#2491);
#2491 = CARTESIAN_POINT('',(0.21,0.595,-0.355));
#2492 = SURFACE_CURVE('',#2493,(#2498,#2505),.PCURVE_S1.);
#2493 = CIRCLE('',#2494,2.5E-02);
#2494 = AXIS2_PLACEMENT_3D('',#2495,#2496,#2497);
#2495 = CARTESIAN_POINT('',(0.185,0.595,-0.355));
#2496 = DIRECTION('',(-6.505213034913E-15,0.,-1.));
#2497 = DIRECTION('',(1.,0.,-6.505213034913E-15));
#2498 = PCURVE('',#1248,#2499);
#2499 = DEFINITIONAL_REPRESENTATION('',(#2500),#2504);
#2500 = CIRCLE('',#2501,2.5E-02);
#2501 = AXIS2_PLACEMENT_2D('',#2502,#2503);
#2502 = CARTESIAN_POINT('',(0.3,1.19));
#2503 = DIRECTION('',(-1.,0.));
#2504 = ( GEOMETRIC_REPRESENTATION_CONTEXT(2) 
PARAMETRIC_REPRESENTATION_CONTEXT() REPRESENTATION_CONTEXT('2D SPACE',''
  ) );
#2505 = PCURVE('',#2506,#2511);
#2506 = CYLINDRICAL_SURFACE('',#2507,2.5E-02);
#2507 = AXIS2_PLACEMENT_3D('',#2508,#2509,#2510);
#2508 = CARTESIAN_POINT('',(0.185,0.595,-0.355125000056));
#2509 = DIRECTION('',(6.505213034913E-15,0.,1.));
#2510 = DIRECTION('',(1.,0.,-6.505213034913E-15));
#2511 = DEFINITIONAL_REPRESENTATION('',(#2512),#2516);
#2512 = LINE('',#2513,#2514);
#2513 = CARTESIAN_POINT('',(6.28318530718,1.250000564811E-04));
#2514 = VECTOR('',#2515,1.);
#2515 = DIRECTION('',(-1.,0.));
#2516 = ( GEOMETRIC_REPRESENTATION_CONTEXT(2) 
PARAMETRIC_REPRESENTATION_CONTEXT() REPRESENTATION_CONTEXT('2D SPACE',''
  ) );
#2517 = ORIENTED_EDGE('',*,*,#2518,.T.);
#2518 = EDGE_CURVE('',#2490,#2519,#2521,.T.);
#2519 = VERTEX_POINT('',#2520);
#2520 = CARTESIAN_POINT('',(0.21,0.57,-0.355));
#2521 = SURFACE_CURVE('',#2522,(#2526,#2533),.PCURVE_S1.);
#2522 = LINE('',#2523,#2524);
#2523 = CARTESIAN_POINT('',(0.21,0.595,-0.355));
#2524 = VECTOR('',#2525,1.);
#2525 = DIRECTION('',(1.084202172486E-15,-1.,-7.570943305533E-30));
#2526 = PCURVE('',#1248,#2527);
#2527 = DEFINITIONAL_REPRESENTATION('',(#2528),#2532);
#2528 = LINE('',#2529,#2530);
#2529 = CARTESIAN_POINT('',(0.275,1.19));
#2530 = VECTOR('',#2531,1.);
#2531 = DIRECTION('',(-1.084202172486E-15,-1.));
#2532 = ( GEOMETRIC_REPRESENTATION_CONTEXT(2) 
PARAMETRIC_REPRESENTATION_CONTEXT() REPRESENTATION_CONTEXT('2D SPACE',''
  ) );
#2533 = PCURVE('',#2534,#2539);
#2534 = PLANE('',#2535);
#2535 = AXIS2_PLACEMENT_3D('',#2536,#2537,#2538);
#2536 = CARTESIAN_POINT('',(0.21,0.595,-0.355125000056));
#2537 = DIRECTION('',(-1.,0.,6.982962677686E-15));
#2538 = DIRECTION('',(0.,1.,0.));
#2539 = DEFINITIONAL_REPRESENTATION('',(#2540),#2544);
#2540 = LINE('',#2541,#2542);
#2541 = CARTESIAN_POINT('',(0.,-1.250000564811E-04));
#2542 = VECTOR('',#2543,1.);
#2543 = DIRECTION('',(-1.,2.80259692865E-45));
#2544 = ( GEOMETRIC_REPRESENTATION_CONTEXT(2) 
PARAMETRIC_REPRESENTATION_CONTEXT() REPRESENTATION_CONTEXT('2D SPACE',''
  ) );
#2545 = ORIENTED_EDGE('',*,*,#2546,.T.);
#2546 = EDGE_CURVE('',#2519,#2547,#2549,.T.);
#2547 = VERTEX_POINT('',#2548);
#2548 = CARTESIAN_POINT('',(0.31,0.57,-0.355));
#2549 = SURFACE_CURVE('',#2550,(#2555,#2566),.PCURVE_S1.);
#2550 = CIRCLE('',#2551,5.E-02);
#2551 = AXIS2_PLACEMENT_3D('',#2552,#2553,#2554);
#2552 = CARTESIAN_POINT('',(0.26,0.57,-0.355));
#2553 = DIRECTION('',(6.505213034913E-15,0.,1.));
#2554 = DIRECTION('',(-1.,0.,6.505213034913E-15));
#2555 = PCURVE('',#1248,#2556);
#2556 = DEFINITIONAL_REPRESENTATION('',(#2557),#2565);
#2557 = ( BOUNDED_CURVE() B_SPLINE_CURVE(2,(#2558,#2559,#2560,#2561,
#2562,#2563,#2564),.UNSPECIFIED.,.T.,.F.) B_SPLINE_CURVE_WITH_KNOTS((1,2
    ,2,2,2,1),(-2.094395102393,0.,2.094395102393,4.188790204786,
6.28318530718,8.377580409573),.UNSPECIFIED.) CURVE() 
GEOMETRIC_REPRESENTATION_ITEM() RATIONAL_B_SPLINE_CURVE((1.,0.5,1.,0.5,
1.,0.5,1.)) REPRESENTATION_ITEM('') );
#2558 = CARTESIAN_POINT('',(0.275,1.165));
#2559 = CARTESIAN_POINT('',(0.275,1.078397459622));
#2560 = CARTESIAN_POINT('',(0.2,1.121698729811));
#2561 = CARTESIAN_POINT('',(0.125,1.165));
#2562 = CARTESIAN_POINT('',(0.2,1.208301270189));
#2563 = CARTESIAN_POINT('',(0.275,1.251602540378));
#2564 = CARTESIAN_POINT('',(0.275,1.165));
#2565 = ( GEOMETRIC_REPRESENTATION_CONTEXT(2) 
PARAMETRIC_REPRESENTATION_CONTEXT() REPRESENTATION_CONTEXT('2D SPACE',''
  ) );
#2566 = PCURVE('',#2567,#2572);
#2567 = CYLINDRICAL_SURFACE('',#2568,5.E-02);
#2568 = AXIS2_PLACEMENT_3D('',#2569,#2570,#2571);
#2569 = CARTESIAN_POINT('',(0.26,0.57,-0.355125000056));
#2570 = DIRECTION('',(6.505213034913E-15,0.,1.));
#2571 = DIRECTION('',(1.,0.,-6.505213034913E-15));
#2572 = DEFINITIONAL_REPRESENTATION('',(#2573),#2577);
#2573 = LINE('',#2574,#2575);
#2574 = CARTESIAN_POINT('',(3.14159265359,1.250000564816E-04));
#2575 = VECTOR('',#2576,1.);
#2576 = DIRECTION('',(1.,-1.766974823035E-17));
#2577 = ( GEOMETRIC_REPRESENTATION_CONTEXT(2) 
PARAMETRIC_REPRESENTATION_CONTEXT() REPRESENTATION_CONTEXT('2D SPACE',''
  ) );
#2578 = ORIENTED_EDGE('',*,*,#2579,.T.);
#2579 = EDGE_CURVE('',#2547,#2580,#2582,.T.);
#2580 = VERTEX_POINT('',#2581);
#2581 = CARTESIAN_POINT('',(0.31,0.595,-0.355));
#2582 = SURFACE_CURVE('',#2583,(#2587,#2594),.PCURVE_S1.);
#2583 = LINE('',#2584,#2585);
#2584 = CARTESIAN_POINT('',(0.31,0.595,-0.355));
#2585 = VECTOR('',#2586,1.);
#2586 = DIRECTION('',(0.,1.,0.));
#2587 = PCURVE('',#1248,#2588);
#2588 = DEFINITIONAL_REPRESENTATION('',(#2589),#2593);
#2589 = LINE('',#2590,#2591);
#2590 = CARTESIAN_POINT('',(0.175,1.19));
#2591 = VECTOR('',#2592,1.);
#2592 = DIRECTION('',(0.,1.));
#2593 = ( GEOMETRIC_REPRESENTATION_CONTEXT(2) 
PARAMETRIC_REPRESENTATION_CONTEXT() REPRESENTATION_CONTEXT('2D SPACE',''
  ) );
#2594 = PCURVE('',#2595,#2600);
#2595 = PLANE('',#2596);
#2596 = AXIS2_PLACEMENT_3D('',#2597,#2598,#2599);
#2597 = CARTESIAN_POINT('',(0.31,0.595,-0.355125000056));
#2598 = DIRECTION('',(1.,0.,-6.982962677686E-15));
#2599 = DIRECTION('',(-6.982962677686E-15,0.,-1.));
#2600 = DEFINITIONAL_REPRESENTATION('',(#2601),#2605);
#2601 = LINE('',#2602,#2603);
#2602 = CARTESIAN_POINT('',(-1.25000056482E-04,0.));
#2603 = VECTOR('',#2604,1.);
#2604 = DIRECTION('',(0.,1.));
#2605 = ( GEOMETRIC_REPRESENTATION_CONTEXT(2) 
PARAMETRIC_REPRESENTATION_CONTEXT() REPRESENTATION_CONTEXT('2D SPACE',''
  ) );
#2606 = ORIENTED_EDGE('',*,*,#2607,.T.);
#2607 = EDGE_CURVE('',#2580,#2608,#2610,.T.);
#2608 = VERTEX_POINT('',#2609);
#2609 = CARTESIAN_POINT('',(0.335,0.62,-0.355));
#2610 = SURFACE_CURVE('',#2611,(#2616,#2623),.PCURVE_S1.);
#2611 = CIRCLE('',#2612,2.5E-02);
#2612 = AXIS2_PLACEMENT_3D('',#2613,#2614,#2615);
#2613 = CARTESIAN_POINT('',(0.335,0.595,-0.355));
#2614 = DIRECTION('',(-6.505213034913E-15,0.,-1.));
#2615 = DIRECTION('',(-1.,0.,6.505213034913E-15));
#2616 = PCURVE('',#1248,#2617);
#2617 = DEFINITIONAL_REPRESENTATION('',(#2618),#2622);
#2618 = CIRCLE('',#2619,2.5E-02);
#2619 = AXIS2_PLACEMENT_2D('',#2620,#2621);
#2620 = CARTESIAN_POINT('',(0.15,1.19));
#2621 = DIRECTION('',(1.,0.));
#2622 = ( GEOMETRIC_REPRESENTATION_CONTEXT(2) 
PARAMETRIC_REPRESENTATION_CONTEXT() REPRESENTATION_CONTEXT('2D SPACE',''
  ) );
#2623 = PCURVE('',#2624,#2629);
#2624 = CYLINDRICAL_SURFACE('',#2625,2.5E-02);
#2625 = AXIS2_PLACEMENT_3D('',#2626,#2627,#2628);
#2626 = CARTESIAN_POINT('',(0.335,0.595,-0.355125000056));
#2627 = DIRECTION('',(6.505213034913E-15,0.,1.));
#2628 = DIRECTION('',(1.,0.,-6.505213034913E-15));
#2629 = DEFINITIONAL_REPRESENTATION('',(#2630),#2634);
#2630 = LINE('',#2631,#2632);
#2631 = CARTESIAN_POINT('',(3.14159265359,1.25000056482E-04));
#2632 = VECTOR('',#2633,1.);
#2633 = DIRECTION('',(-1.,0.));
#2634 = ( GEOMETRIC_REPRESENTATION_CONTEXT(2) 
PARAMETRIC_REPRESENTATION_CONTEXT() REPRESENTATION_CONTEXT('2D SPACE',''
  ) );
#2635 = ORIENTED_EDGE('',*,*,#2636,.T.);
#2636 = EDGE_CURVE('',#2608,#2637,#2639,.T.);
#2637 = VERTEX_POINT('',#2638);
#2638 = CARTESIAN_POINT('',(0.485,0.62,-0.355));
#2639 = SURFACE_CURVE('',#2640,(#2644,#2651),.PCURVE_S1.);
#2640 = LINE('',#2641,#2642);
#2641 = CARTESIAN_POINT('',(0.485,0.62,-0.355));
#2642 = VECTOR('',#2643,1.);
#2643 = DIRECTION('',(1.,0.,-6.982962677686E-15));
#2644 = PCURVE('',#1248,#2645);
#2645 = DEFINITIONAL_REPRESENTATION('',(#2646),#2650);
#2646 = LINE('',#2647,#2648);
#2647 = CARTESIAN_POINT('',(0.,1.215));
#2648 = VECTOR('',#2649,1.);
#2649 = DIRECTION('',(-1.,0.));
#2650 = ( GEOMETRIC_REPRESENTATION_CONTEXT(2) 
PARAMETRIC_REPRESENTATION_CONTEXT() REPRESENTATION_CONTEXT('2D SPACE',''
  ) );
#2651 = PCURVE('',#2652,#2657);
#2652 = PLANE('',#2653);
#2653 = AXIS2_PLACEMENT_3D('',#2654,#2655,#2656);
#2654 = CARTESIAN_POINT('',(0.335,0.62,-0.355125000056));
#2655 = DIRECTION('',(0.,-1.,0.));
#2656 = DIRECTION('',(0.,0.,-1.));
#2657 = DEFINITIONAL_REPRESENTATION('',(#2658),#2662);
#2658 = LINE('',#2659,#2660);
#2659 = CARTESIAN_POINT('',(-1.25000056482E-04,0.15));
#2660 = VECTOR('',#2661,1.);
#2661 = DIRECTION('',(6.982962677686E-15,1.));
#2662 = ( GEOMETRIC_REPRESENTATION_CONTEXT(2) 
PARAMETRIC_REPRESENTATION_CONTEXT() REPRESENTATION_CONTEXT('2D SPACE',''
  ) );
#2663 = ORIENTED_EDGE('',*,*,#2664,.T.);
#2664 = EDGE_CURVE('',#2637,#2665,#2667,.T.);
#2665 = VERTEX_POINT('',#2666);
#2666 = CARTESIAN_POINT('',(0.51,0.595,-0.355));
#2667 = SURFACE_CURVE('',#2668,(#2673,#2680),.PCURVE_S1.);
#2668 = CIRCLE('',#2669,2.5E-02);
#2669 = AXIS2_PLACEMENT_3D('',#2670,#2671,#2672);
#2670 = CARTESIAN_POINT('',(0.485,0.595,-0.355));
#2671 = DIRECTION('',(-6.505213034913E-15,0.,-1.));
#2672 = DIRECTION('',(1.,0.,-6.505213034913E-15));
#2673 = PCURVE('',#1248,#2674);
#2674 = DEFINITIONAL_REPRESENTATION('',(#2675),#2679);
#2675 = CIRCLE('',#2676,2.5E-02);
#2676 = AXIS2_PLACEMENT_2D('',#2677,#2678);
#2677 = CARTESIAN_POINT('',(0.,1.19));
#2678 = DIRECTION('',(-1.,0.));
#2679 = ( GEOMETRIC_REPRESENTATION_CONTEXT(2) 
PARAMETRIC_REPRESENTATION_CONTEXT() REPRESENTATION_CONTEXT('2D SPACE',''
  ) );
#2680 = PCURVE('',#2681,#2686);
#2681 = CYLINDRICAL_SURFACE('',#2682,2.5E-02);
#2682 = AXIS2_PLACEMENT_3D('',#2683,#2684,#2685);
#2683 = CARTESIAN_POINT('',(0.485,0.595,-0.355125000056));
#2684 = DIRECTION('',(6.505213034913E-15,0.,1.));
#2685 = DIRECTION('',(1.,0.,-6.505213034913E-15));
#2686 = DEFINITIONAL_REPRESENTATION('',(#2687),#2691);
#2687 = LINE('',#2688,#2689);
#2688 = CARTESIAN_POINT('',(6.28318530718,1.25000056483E-04));
#2689 = VECTOR('',#2690,1.);
#2690 = DIRECTION('',(-1.,0.));
#2691 = ( GEOMETRIC_REPRESENTATION_CONTEXT(2) 
PARAMETRIC_REPRESENTATION_CONTEXT() REPRESENTATION_CONTEXT('2D SPACE',''
  ) );
#2692 = ORIENTED_EDGE('',*,*,#2693,.T.);
#2693 = EDGE_CURVE('',#2665,#2694,#2696,.T.);
#2694 = VERTEX_POINT('',#2695);
#2695 = CARTESIAN_POINT('',(0.51,0.57,-0.355));
#2696 = SURFACE_CURVE('',#2697,(#2701,#2708),.PCURVE_S1.);
#2697 = LINE('',#2698,#2699);
#2698 = CARTESIAN_POINT('',(0.51,0.595,-0.355));
#2699 = VECTOR('',#2700,1.);
#2700 = DIRECTION('',(0.,-1.,0.));
#2701 = PCURVE('',#1248,#2702);
#2702 = DEFINITIONAL_REPRESENTATION('',(#2703),#2707);
#2703 = LINE('',#2704,#2705);
#2704 = CARTESIAN_POINT('',(-2.5E-02,1.19));
#2705 = VECTOR('',#2706,1.);
#2706 = DIRECTION('',(0.,-1.));
#2707 = ( GEOMETRIC_REPRESENTATION_CONTEXT(2) 
PARAMETRIC_REPRESENTATION_CONTEXT() REPRESENTATION_CONTEXT('2D SPACE',''
  ) );
#2708 = PCURVE('',#2709,#2714);
#2709 = PLANE('',#2710);
#2710 = AXIS2_PLACEMENT_3D('',#2711,#2712,#2713);
#2711 = CARTESIAN_POINT('',(0.51,0.595,-0.355125000056));
#2712 = DIRECTION('',(-1.,0.,6.982962677686E-15));
#2713 = DIRECTION('',(0.,1.,0.));
#2714 = DEFINITIONAL_REPRESENTATION('',(#2715),#2719);
#2715 = LINE('',#2716,#2717);
#2716 = CARTESIAN_POINT('',(0.,-1.250000564836E-04));
#2717 = VECTOR('',#2718,1.);
#2718 = DIRECTION('',(-1.,-0.));
#2719 = ( GEOMETRIC_REPRESENTATION_CONTEXT(2) 
PARAMETRIC_REPRESENTATION_CONTEXT() REPRESENTATION_CONTEXT('2D SPACE',''
  ) );
#2720 = ORIENTED_EDGE('',*,*,#2721,.T.);
#2721 = EDGE_CURVE('',#2694,#2722,#2724,.T.);
#2722 = VERTEX_POINT('',#2723);
#2723 = CARTESIAN_POINT('',(0.56,0.52,-0.355));
#2724 = SURFACE_CURVE('',#2725,(#2730,#2741),.PCURVE_S1.);
#2725 = CIRCLE('',#2726,5.E-02);
#2726 = AXIS2_PLACEMENT_3D('',#2727,#2728,#2729);
#2727 = CARTESIAN_POINT('',(0.56,0.57,-0.355));
#2728 = DIRECTION('',(6.505213034913E-15,0.,1.));
#2729 = DIRECTION('',(1.,0.,-6.505213034913E-15));
#2730 = PCURVE('',#1248,#2731);
#2731 = DEFINITIONAL_REPRESENTATION('',(#2732),#2740);
#2732 = ( BOUNDED_CURVE() B_SPLINE_CURVE(2,(#2733,#2734,#2735,#2736,
#2737,#2738,#2739),.UNSPECIFIED.,.T.,.F.) B_SPLINE_CURVE_WITH_KNOTS((1,2
    ,2,2,2,1),(-2.094395102393,0.,2.094395102393,4.188790204786,
6.28318530718,8.377580409573),.UNSPECIFIED.) CURVE() 
GEOMETRIC_REPRESENTATION_ITEM() RATIONAL_B_SPLINE_CURVE((1.,0.5,1.,0.5,
1.,0.5,1.)) REPRESENTATION_ITEM('') );
#2733 = CARTESIAN_POINT('',(-0.125,1.165));
#2734 = CARTESIAN_POINT('',(-0.125,1.251602540378));
#2735 = CARTESIAN_POINT('',(-5.E-02,1.208301270189));
#2736 = CARTESIAN_POINT('',(2.5E-02,1.165));
#2737 = CARTESIAN_POINT('',(-5.E-02,1.121698729811));
#2738 = CARTESIAN_POINT('',(-0.125,1.078397459622));
#2739 = CARTESIAN_POINT('',(-0.125,1.165));
#2740 = ( GEOMETRIC_REPRESENTATION_CONTEXT(2) 
PARAMETRIC_REPRESENTATION_CONTEXT() REPRESENTATION_CONTEXT('2D SPACE',''
  ) );
#2741 = PCURVE('',#2742,#2747);
#2742 = CYLINDRICAL_SURFACE('',#2743,5.E-02);
#2743 = AXIS2_PLACEMENT_3D('',#2744,#2745,#2746);
#2744 = CARTESIAN_POINT('',(0.56,0.57,-0.355125000056));
#2745 = DIRECTION('',(6.505213034913E-15,0.,1.));
#2746 = DIRECTION('',(1.,0.,-6.505213034913E-15));
#2747 = DEFINITIONAL_REPRESENTATION('',(#2748),#2752);
#2748 = LINE('',#2749,#2750);
#2749 = CARTESIAN_POINT('',(0.,1.250000564836E-04));
#2750 = VECTOR('',#2751,1.);
#2751 = DIRECTION('',(1.,0.));
#2752 = ( GEOMETRIC_REPRESENTATION_CONTEXT(2) 
PARAMETRIC_REPRESENTATION_CONTEXT() REPRESENTATION_CONTEXT('2D SPACE',''
  ) );
#2753 = ORIENTED_EDGE('',*,*,#2754,.T.);
#2754 = EDGE_CURVE('',#2722,#2755,#2757,.T.);
#2755 = VERTEX_POINT('',#2756);
#2756 = CARTESIAN_POINT('',(0.635,0.52,-0.355));
#2757 = SURFACE_CURVE('',#2758,(#2762,#2769),.PCURVE_S1.);
#2758 = LINE('',#2759,#2760);
#2759 = CARTESIAN_POINT('',(0.635,0.52,-0.355));
#2760 = VECTOR('',#2761,1.);
#2761 = DIRECTION('',(1.,0.,-6.982962677686E-15));
#2762 = PCURVE('',#1248,#2763);
#2763 = DEFINITIONAL_REPRESENTATION('',(#2764),#2768);
#2764 = LINE('',#2765,#2766);
#2765 = CARTESIAN_POINT('',(-0.15,1.115));
#2766 = VECTOR('',#2767,1.);
#2767 = DIRECTION('',(-1.,0.));
#2768 = ( GEOMETRIC_REPRESENTATION_CONTEXT(2) 
PARAMETRIC_REPRESENTATION_CONTEXT() REPRESENTATION_CONTEXT('2D SPACE',''
  ) );
#2769 = PCURVE('',#2770,#2775);
#2770 = PLANE('',#2771);
#2771 = AXIS2_PLACEMENT_3D('',#2772,#2773,#2774);
#2772 = CARTESIAN_POINT('',(0.56,0.52,-0.355125000056));
#2773 = DIRECTION('',(0.,-1.,0.));
#2774 = DIRECTION('',(0.,0.,-1.));
#2775 = DEFINITIONAL_REPRESENTATION('',(#2776),#2780);
#2776 = LINE('',#2777,#2778);
#2777 = CARTESIAN_POINT('',(-1.25000056479E-04,7.5E-02));
#2778 = VECTOR('',#2779,1.);
#2779 = DIRECTION('',(6.982962677686E-15,1.));
#2780 = ( GEOMETRIC_REPRESENTATION_CONTEXT(2) 
PARAMETRIC_REPRESENTATION_CONTEXT() REPRESENTATION_CONTEXT('2D SPACE',''
  ) );
#2781 = ORIENTED_EDGE('',*,*,#2782,.T.);
#2782 = EDGE_CURVE('',#2755,#2783,#2785,.T.);
#2783 = VERTEX_POINT('',#2784);
#2784 = CARTESIAN_POINT('',(0.66,0.495,-0.355));
#2785 = SURFACE_CURVE('',#2786,(#2791,#2798),.PCURVE_S1.);
#2786 = CIRCLE('',#2787,2.5E-02);
#2787 = AXIS2_PLACEMENT_3D('',#2788,#2789,#2790);
#2788 = CARTESIAN_POINT('',(0.635,0.495,-0.355));
#2789 = DIRECTION('',(-6.505213034913E-15,0.,-1.));
#2790 = DIRECTION('',(-1.,0.,6.505213034913E-15));
#2791 = PCURVE('',#1248,#2792);
#2792 = DEFINITIONAL_REPRESENTATION('',(#2793),#2797);
#2793 = CIRCLE('',#2794,2.5E-02);
#2794 = AXIS2_PLACEMENT_2D('',#2795,#2796);
#2795 = CARTESIAN_POINT('',(-0.15,1.09));
#2796 = DIRECTION('',(1.,0.));
#2797 = ( GEOMETRIC_REPRESENTATION_CONTEXT(2) 
PARAMETRIC_REPRESENTATION_CONTEXT() REPRESENTATION_CONTEXT('2D SPACE',''
  ) );
#2798 = PCURVE('',#2799,#2804);
#2799 = CYLINDRICAL_SURFACE('',#2800,2.5E-02);
#2800 = AXIS2_PLACEMENT_3D('',#2801,#2802,#2803);
#2801 = CARTESIAN_POINT('',(0.635,0.495,-0.355125000056));
#2802 = DIRECTION('',(6.505213034913E-15,0.,1.));
#2803 = DIRECTION('',(1.,0.,-6.505213034913E-15));
#2804 = DEFINITIONAL_REPRESENTATION('',(#2805),#2809);
#2805 = LINE('',#2806,#2807);
#2806 = CARTESIAN_POINT('',(3.14159265359,1.250000564795E-04));
#2807 = VECTOR('',#2808,1.);
#2808 = DIRECTION('',(-1.,0.));
#2809 = ( GEOMETRIC_REPRESENTATION_CONTEXT(2) 
PARAMETRIC_REPRESENTATION_CONTEXT() REPRESENTATION_CONTEXT('2D SPACE',''
  ) );
#2810 = ORIENTED_EDGE('',*,*,#2811,.T.);
#2811 = EDGE_CURVE('',#2783,#2812,#2814,.T.);
#2812 = VERTEX_POINT('',#2813);
#2813 = CARTESIAN_POINT('',(0.66,0.345,-0.355));
#2814 = SURFACE_CURVE('',#2815,(#2819,#2826),.PCURVE_S1.);
#2815 = LINE('',#2816,#2817);
#2816 = CARTESIAN_POINT('',(0.66,0.495,-0.355));
#2817 = VECTOR('',#2818,1.);
#2818 = DIRECTION('',(0.,-1.,0.));
#2819 = PCURVE('',#1248,#2820);
#2820 = DEFINITIONAL_REPRESENTATION('',(#2821),#2825);
#2821 = LINE('',#2822,#2823);
#2822 = CARTESIAN_POINT('',(-0.175,1.09));
#2823 = VECTOR('',#2824,1.);
#2824 = DIRECTION('',(0.,-1.));
#2825 = ( GEOMETRIC_REPRESENTATION_CONTEXT(2) 
PARAMETRIC_REPRESENTATION_CONTEXT() REPRESENTATION_CONTEXT('2D SPACE',''
  ) );
#2826 = PCURVE('',#2827,#2832);
#2827 = PLANE('',#2828);
#2828 = AXIS2_PLACEMENT_3D('',#2829,#2830,#2831);
#2829 = CARTESIAN_POINT('',(0.66,0.495,-0.355125000056));
#2830 = DIRECTION('',(-1.,0.,6.982962677686E-15));
#2831 = DIRECTION('',(0.,1.,0.));
#2832 = DEFINITIONAL_REPRESENTATION('',(#2833),#2837);
#2833 = LINE('',#2834,#2835);
#2834 = CARTESIAN_POINT('',(0.,-1.2500005648E-04));
#2835 = VECTOR('',#2836,1.);
#2836 = DIRECTION('',(-1.,-0.));
#2837 = ( GEOMETRIC_REPRESENTATION_CONTEXT(2) 
PARAMETRIC_REPRESENTATION_CONTEXT() REPRESENTATION_CONTEXT('2D SPACE',''
  ) );
#2838 = ORIENTED_EDGE('',*,*,#2839,.T.);
#2839 = EDGE_CURVE('',#2812,#2840,#2842,.T.);
#2840 = VERTEX_POINT('',#2841);
#2841 = CARTESIAN_POINT('',(0.635,0.32,-0.355));
#2842 = SURFACE_CURVE('',#2843,(#2848,#2855),.PCURVE_S1.);
#2843 = CIRCLE('',#2844,2.5E-02);
#2844 = AXIS2_PLACEMENT_3D('',#2845,#2846,#2847);
#2845 = CARTESIAN_POINT('',(0.635,0.345,-0.355));
#2846 = DIRECTION('',(-6.505213034913E-15,0.,-1.));
#2847 = DIRECTION('',(1.,0.,-6.505213034913E-15));
#2848 = PCURVE('',#1248,#2849);
#2849 = DEFINITIONAL_REPRESENTATION('',(#2850),#2854);
#2850 = CIRCLE('',#2851,2.5E-02);
#2851 = AXIS2_PLACEMENT_2D('',#2852,#2853);
#2852 = CARTESIAN_POINT('',(-0.15,0.94));
#2853 = DIRECTION('',(-1.,0.));
#2854 = ( GEOMETRIC_REPRESENTATION_CONTEXT(2) 
PARAMETRIC_REPRESENTATION_CONTEXT() REPRESENTATION_CONTEXT('2D SPACE',''
  ) );
#2855 = PCURVE('',#2856,#2861);
#2856 = CYLINDRICAL_SURFACE('',#2857,2.5E-02);
#2857 = AXIS2_PLACEMENT_3D('',#2858,#2859,#2860);
#2858 = CARTESIAN_POINT('',(0.635,0.345,-0.355125000056));
#2859 = DIRECTION('',(6.505213034913E-15,0.,1.));
#2860 = DIRECTION('',(1.,0.,-6.505213034913E-15));
#2861 = DEFINITIONAL_REPRESENTATION('',(#2862),#2866);
#2862 = LINE('',#2863,#2864);
#2863 = CARTESIAN_POINT('',(6.28318530718,1.250000564795E-04));
#2864 = VECTOR('',#2865,1.);
#2865 = DIRECTION('',(-1.,0.));
#2866 = ( GEOMETRIC_REPRESENTATION_CONTEXT(2) 
PARAMETRIC_REPRESENTATION_CONTEXT() REPRESENTATION_CONTEXT('2D SPACE',''
  ) );
#2867 = ORIENTED_EDGE('',*,*,#2868,.T.);
#2868 = EDGE_CURVE('',#2840,#2869,#2871,.T.);
#2869 = VERTEX_POINT('',#2870);
#2870 = CARTESIAN_POINT('',(0.581055512755,0.32,-0.355));
#2871 = SURFACE_CURVE('',#2872,(#2876,#2883),.PCURVE_S1.);
#2872 = LINE('',#2873,#2874);
#2873 = CARTESIAN_POINT('',(0.635,0.32,-0.355));
#2874 = VECTOR('',#2875,1.);
#2875 = DIRECTION('',(-1.,0.,6.982962677686E-15));
#2876 = PCURVE('',#1248,#2877);
#2877 = DEFINITIONAL_REPRESENTATION('',(#2878),#2882);
#2878 = LINE('',#2879,#2880);
#2879 = CARTESIAN_POINT('',(-0.15,0.915));
#2880 = VECTOR('',#2881,1.);
#2881 = DIRECTION('',(1.,0.));
#2882 = ( GEOMETRIC_REPRESENTATION_CONTEXT(2) 
PARAMETRIC_REPRESENTATION_CONTEXT() REPRESENTATION_CONTEXT('2D SPACE',''
  ) );
#2883 = PCURVE('',#2884,#2889);
#2884 = PLANE('',#2885);
#2885 = AXIS2_PLACEMENT_3D('',#2886,#2887,#2888);
#2886 = CARTESIAN_POINT('',(0.581055512755,0.32,-0.355125000056));
#2887 = DIRECTION('',(-0.,1.,0.));
#2888 = DIRECTION('',(1.,0.,0.));
#2889 = DEFINITIONAL_REPRESENTATION('',(#2890),#2894);
#2890 = LINE('',#2891,#2892);
#2891 = CARTESIAN_POINT('',(5.394448724536E-02,-1.250000564795E-04));
#2892 = VECTOR('',#2893,1.);
#2893 = DIRECTION('',(-1.,-6.982962677686E-15));
#2894 = ( GEOMETRIC_REPRESENTATION_CONTEXT(2) 
PARAMETRIC_REPRESENTATION_CONTEXT() REPRESENTATION_CONTEXT('2D SPACE',''
  ) );
#2895 = ORIENTED_EDGE('',*,*,#2896,.T.);
#2896 = EDGE_CURVE('',#2869,#2897,#2899,.T.);
#2897 = VERTEX_POINT('',#2898);
#2898 = CARTESIAN_POINT('',(0.568178543914,0.323571428571,-0.355));
#2899 = SURFACE_CURVE('',#2900,(#2905,#2912),.PCURVE_S1.);
#2900 = CIRCLE('',#2901,2.5E-02);
#2901 = AXIS2_PLACEMENT_3D('',#2902,#2903,#2904);
#2902 = CARTESIAN_POINT('',(0.581055512755,0.345,-0.355));
#2903 = DIRECTION('',(-6.505213034913E-15,0.,-1.));
#2904 = DIRECTION('',(-1.,0.,6.505213034913E-15));
#2905 = PCURVE('',#1248,#2906);
#2906 = DEFINITIONAL_REPRESENTATION('',(#2907),#2911);
#2907 = CIRCLE('',#2908,2.5E-02);
#2908 = AXIS2_PLACEMENT_2D('',#2909,#2910);
#2909 = CARTESIAN_POINT('',(-9.605551275464E-02,0.94));
#2910 = DIRECTION('',(1.,0.));
#2911 = ( GEOMETRIC_REPRESENTATION_CONTEXT(2) 
PARAMETRIC_REPRESENTATION_CONTEXT() REPRESENTATION_CONTEXT('2D SPACE',''
  ) );
#2912 = PCURVE('',#2913,#2918);
#2913 = CYLINDRICAL_SURFACE('',#2914,2.5E-02);
#2914 = AXIS2_PLACEMENT_3D('',#2915,#2916,#2917);
#2915 = CARTESIAN_POINT('',(0.581055512755,0.345,-0.355125000056));
#2916 = DIRECTION('',(6.505213034913E-15,0.,1.));
#2917 = DIRECTION('',(1.,0.,-6.505213034913E-15));
#2918 = DEFINITIONAL_REPRESENTATION('',(#2919),#2923);
#2919 = LINE('',#2920,#2921);
#2920 = CARTESIAN_POINT('',(9.424777960769,1.250000564835E-04));
#2921 = VECTOR('',#2922,1.);
#2922 = DIRECTION('',(-1.,1.025895395733E-16));
#2923 = ( GEOMETRIC_REPRESENTATION_CONTEXT(2) 
PARAMETRIC_REPRESENTATION_CONTEXT() REPRESENTATION_CONTEXT('2D SPACE',''
  ) );
#2924 = ORIENTED_EDGE('',*,*,#2925,.T.);
#2925 = EDGE_CURVE('',#2897,#2926,#2928,.T.);
#2926 = VERTEX_POINT('',#2927);
#2927 = CARTESIAN_POINT('',(0.568178543914,0.246428571429,-0.355));
#2928 = SURFACE_CURVE('',#2929,(#2934,#2945),.PCURVE_S1.);
#2929 = CIRCLE('',#2930,4.5E-02);
#2930 = AXIS2_PLACEMENT_3D('',#2931,#2932,#2933);
#2931 = CARTESIAN_POINT('',(0.545,0.285,-0.355));
#2932 = DIRECTION('',(7.228014483237E-15,0.,1.));
#2933 = DIRECTION('',(-1.,0.,7.228014483237E-15));
#2934 = PCURVE('',#1248,#2935);
#2935 = DEFINITIONAL_REPRESENTATION('',(#2936),#2944);
#2936 = ( BOUNDED_CURVE() B_SPLINE_CURVE(2,(#2937,#2938,#2939,#2940,
#2941,#2942,#2943),.UNSPECIFIED.,.T.,.F.) B_SPLINE_CURVE_WITH_KNOTS((1,2
    ,2,2,2,1),(-2.094395102393,0.,2.094395102393,4.188790204786,
6.28318530718,8.377580409573),.UNSPECIFIED.) CURVE() 
GEOMETRIC_REPRESENTATION_ITEM() RATIONAL_B_SPLINE_CURVE((1.,0.5,1.,0.5,
1.,0.5,1.)) REPRESENTATION_ITEM('') );
#2937 = CARTESIAN_POINT('',(-1.5E-02,0.88));
#2938 = CARTESIAN_POINT('',(-1.5E-02,0.802057713659));
#2939 = CARTESIAN_POINT('',(-8.25E-02,0.84102885683));
#2940 = CARTESIAN_POINT('',(-0.15,0.88));
#2941 = CARTESIAN_POINT('',(-8.25E-02,0.91897114317));
#2942 = CARTESIAN_POINT('',(-1.5E-02,0.957942286341));
#2943 = CARTESIAN_POINT('',(-1.5E-02,0.88));
#2944 = ( GEOMETRIC_REPRESENTATION_CONTEXT(2) 
PARAMETRIC_REPRESENTATION_CONTEXT() REPRESENTATION_CONTEXT('2D SPACE',''
  ) );
#2945 = PCURVE('',#2946,#2951);
#2946 = CYLINDRICAL_SURFACE('',#2947,4.5E-02);
#2947 = AXIS2_PLACEMENT_3D('',#2948,#2949,#2950);
#2948 = CARTESIAN_POINT('',(0.545,0.285,-0.355125000056));
#2949 = DIRECTION('',(7.228014483237E-15,0.,1.));
#2950 = DIRECTION('',(1.,0.,-7.228014483237E-15));
#2951 = DEFINITIONAL_REPRESENTATION('',(#2952),#2956);
#2952 = LINE('',#2953,#2954);
#2953 = CARTESIAN_POINT('',(-3.14159265359,1.250000564836E-04));
#2954 = VECTOR('',#2955,1.);
#2955 = DIRECTION('',(1.,0.));
#2956 = ( GEOMETRIC_REPRESENTATION_CONTEXT(2) 
PARAMETRIC_REPRESENTATION_CONTEXT() REPRESENTATION_CONTEXT('2D SPACE',''
  ) );
#2957 = ORIENTED_EDGE('',*,*,#2958,.T.);
#2958 = EDGE_CURVE('',#2926,#2959,#2961,.T.);
#2959 = VERTEX_POINT('',#2960);
#2960 = CARTESIAN_POINT('',(0.581055512755,0.25,-0.355));
#2961 = SURFACE_CURVE('',#2962,(#2967,#2974),.PCURVE_S1.);
#2962 = CIRCLE('',#2963,2.5E-02);
#2963 = AXIS2_PLACEMENT_3D('',#2964,#2965,#2966);
#2964 = CARTESIAN_POINT('',(0.581055512755,0.225,-0.355));
#2965 = DIRECTION('',(-6.505213034913E-15,0.,-1.));
#2966 = DIRECTION('',(1.,0.,-6.505213034913E-15));
#2967 = PCURVE('',#1248,#2968);
#2968 = DEFINITIONAL_REPRESENTATION('',(#2969),#2973);
#2969 = CIRCLE('',#2970,2.5E-02);
#2970 = AXIS2_PLACEMENT_2D('',#2971,#2972);
#2971 = CARTESIAN_POINT('',(-9.605551275464E-02,0.82));
#2972 = DIRECTION('',(-1.,0.));
#2973 = ( GEOMETRIC_REPRESENTATION_CONTEXT(2) 
PARAMETRIC_REPRESENTATION_CONTEXT() REPRESENTATION_CONTEXT('2D SPACE',''
  ) );
#2974 = PCURVE('',#2975,#2980);
#2975 = CYLINDRICAL_SURFACE('',#2976,2.5E-02);
#2976 = AXIS2_PLACEMENT_3D('',#2977,#2978,#2979);
#2977 = CARTESIAN_POINT('',(0.581055512755,0.225,-0.355125000056));
#2978 = DIRECTION('',(6.505213034913E-15,0.,1.));
#2979 = DIRECTION('',(1.,0.,-6.505213034913E-15));
#2980 = DEFINITIONAL_REPRESENTATION('',(#2981),#2985);
#2981 = LINE('',#2982,#2983);
#2982 = CARTESIAN_POINT('',(6.28318530718,1.250000564845E-04));
#2983 = VECTOR('',#2984,1.);
#2984 = DIRECTION('',(-1.,-1.025895395733E-16));
#2985 = ( GEOMETRIC_REPRESENTATION_CONTEXT(2) 
PARAMETRIC_REPRESENTATION_CONTEXT() REPRESENTATION_CONTEXT('2D SPACE',''
  ) );
#2986 = ORIENTED_EDGE('',*,*,#2987,.T.);
#2987 = EDGE_CURVE('',#2959,#2988,#2990,.T.);
#2988 = VERTEX_POINT('',#2989);
#2989 = CARTESIAN_POINT('',(0.635,0.25,-0.355));
#2990 = SURFACE_CURVE('',#2991,(#2995,#3002),.PCURVE_S1.);
#2991 = LINE('',#2992,#2993);
#2992 = CARTESIAN_POINT('',(0.635,0.25,-0.355));
#2993 = VECTOR('',#2994,1.);
#2994 = DIRECTION('',(1.,0.,-6.982962677686E-15));
#2995 = PCURVE('',#1248,#2996);
#2996 = DEFINITIONAL_REPRESENTATION('',(#2997),#3001);
#2997 = LINE('',#2998,#2999);
#2998 = CARTESIAN_POINT('',(-0.15,0.845));
#2999 = VECTOR('',#3000,1.);
#3000 = DIRECTION('',(-1.,0.));
#3001 = ( GEOMETRIC_REPRESENTATION_CONTEXT(2) 
PARAMETRIC_REPRESENTATION_CONTEXT() REPRESENTATION_CONTEXT('2D SPACE',''
  ) );
#3002 = PCURVE('',#3003,#3008);
#3003 = PLANE('',#3004);
#3004 = AXIS2_PLACEMENT_3D('',#3005,#3006,#3007);
#3005 = CARTESIAN_POINT('',(0.581055512755,0.25,-0.355125000056));
#3006 = DIRECTION('',(0.,-1.,0.));
#3007 = DIRECTION('',(0.,0.,-1.));
#3008 = DEFINITIONAL_REPRESENTATION('',(#3009),#3013);
#3009 = LINE('',#3010,#3011);
#3010 = CARTESIAN_POINT('',(-1.250000564795E-04,5.394448724536E-02));
#3011 = VECTOR('',#3012,1.);
#3012 = DIRECTION('',(6.982962677686E-15,1.));
#3013 = ( GEOMETRIC_REPRESENTATION_CONTEXT(2) 
PARAMETRIC_REPRESENTATION_CONTEXT() REPRESENTATION_CONTEXT('2D SPACE',''
  ) );
#3014 = ORIENTED_EDGE('',*,*,#3015,.T.);
#3015 = EDGE_CURVE('',#2988,#3016,#3018,.T.);
#3016 = VERTEX_POINT('',#3017);
#3017 = CARTESIAN_POINT('',(0.66,0.225,-0.355));
#3018 = SURFACE_CURVE('',#3019,(#3024,#3031),.PCURVE_S1.);
#3019 = CIRCLE('',#3020,2.5E-02);
#3020 = AXIS2_PLACEMENT_3D('',#3021,#3022,#3023);
#3021 = CARTESIAN_POINT('',(0.635,0.225,-0.355));
#3022 = DIRECTION('',(-6.505213034913E-15,0.,-1.));
#3023 = DIRECTION('',(-1.,0.,6.505213034913E-15));
#3024 = PCURVE('',#1248,#3025);
#3025 = DEFINITIONAL_REPRESENTATION('',(#3026),#3030);
#3026 = CIRCLE('',#3027,2.5E-02);
#3027 = AXIS2_PLACEMENT_2D('',#3028,#3029);
#3028 = CARTESIAN_POINT('',(-0.15,0.82));
#3029 = DIRECTION('',(1.,0.));
#3030 = ( GEOMETRIC_REPRESENTATION_CONTEXT(2) 
PARAMETRIC_REPRESENTATION_CONTEXT() REPRESENTATION_CONTEXT('2D SPACE',''
  ) );
#3031 = PCURVE('',#3032,#3037);
#3032 = CYLINDRICAL_SURFACE('',#3033,2.5E-02);
#3033 = AXIS2_PLACEMENT_3D('',#3034,#3035,#3036);
#3034 = CARTESIAN_POINT('',(0.635,0.225,-0.355125000056));
#3035 = DIRECTION('',(6.505213034913E-15,0.,1.));
#3036 = DIRECTION('',(1.,0.,-6.505213034913E-15));
#3037 = DEFINITIONAL_REPRESENTATION('',(#3038),#3042);
#3038 = LINE('',#3039,#3040);
#3039 = CARTESIAN_POINT('',(3.14159265359,1.250000564795E-04));
#3040 = VECTOR('',#3041,1.);
#3041 = DIRECTION('',(-1.,0.));
#3042 = ( GEOMETRIC_REPRESENTATION_CONTEXT(2) 
PARAMETRIC_REPRESENTATION_CONTEXT() REPRESENTATION_CONTEXT('2D SPACE',''
  ) );
#3043 = ORIENTED_EDGE('',*,*,#3044,.T.);
#3044 = EDGE_CURVE('',#3016,#3045,#3047,.T.);
#3045 = VERTEX_POINT('',#3046);
#3046 = CARTESIAN_POINT('',(0.66,6.E-02,-0.355));
#3047 = SURFACE_CURVE('',#3048,(#3052,#3059),.PCURVE_S1.);
#3048 = LINE('',#3049,#3050);
#3049 = CARTESIAN_POINT('',(0.66,0.225,-0.355));
#3050 = VECTOR('',#3051,1.);
#3051 = DIRECTION('',(0.,-1.,0.));
#3052 = PCURVE('',#1248,#3053);
#3053 = DEFINITIONAL_REPRESENTATION('',(#3054),#3058);
#3054 = LINE('',#3055,#3056);
#3055 = CARTESIAN_POINT('',(-0.175,0.82));
#3056 = VECTOR('',#3057,1.);
#3057 = DIRECTION('',(0.,-1.));
#3058 = ( GEOMETRIC_REPRESENTATION_CONTEXT(2) 
PARAMETRIC_REPRESENTATION_CONTEXT() REPRESENTATION_CONTEXT('2D SPACE',''
  ) );
#3059 = PCURVE('',#3060,#3065);
#3060 = PLANE('',#3061);
#3061 = AXIS2_PLACEMENT_3D('',#3062,#3063,#3064);
#3062 = CARTESIAN_POINT('',(0.66,0.225,-0.355125000056));
#3063 = DIRECTION('',(-1.,0.,6.982962677686E-15));
#3064 = DIRECTION('',(0.,1.,0.));
#3065 = DEFINITIONAL_REPRESENTATION('',(#3066),#3070);
#3066 = LINE('',#3067,#3068);
#3067 = CARTESIAN_POINT('',(0.,-1.2500005648E-04));
#3068 = VECTOR('',#3069,1.);
#3069 = DIRECTION('',(-1.,-0.));
#3070 = ( GEOMETRIC_REPRESENTATION_CONTEXT(2) 
PARAMETRIC_REPRESENTATION_CONTEXT() REPRESENTATION_CONTEXT('2D SPACE',''
  ) );
#3071 = ORIENTED_EDGE('',*,*,#3072,.T.);
#3072 = EDGE_CURVE('',#3045,#3073,#3075,.T.);
#3073 = VERTEX_POINT('',#3074);
#3074 = CARTESIAN_POINT('',(0.635,3.5E-02,-0.355));
#3075 = SURFACE_CURVE('',#3076,(#3081,#3088),.PCURVE_S1.);
#3076 = CIRCLE('',#3077,2.5E-02);
#3077 = AXIS2_PLACEMENT_3D('',#3078,#3079,#3080);
#3078 = CARTESIAN_POINT('',(0.635,6.E-02,-0.355));
#3079 = DIRECTION('',(-6.505213034913E-15,0.,-1.));
#3080 = DIRECTION('',(1.,0.,-6.505213034913E-15));
#3081 = PCURVE('',#1248,#3082);
#3082 = DEFINITIONAL_REPRESENTATION('',(#3083),#3087);
#3083 = CIRCLE('',#3084,2.5E-02);
#3084 = AXIS2_PLACEMENT_2D('',#3085,#3086);
#3085 = CARTESIAN_POINT('',(-0.15,0.655));
#3086 = DIRECTION('',(-1.,0.));
#3087 = ( GEOMETRIC_REPRESENTATION_CONTEXT(2) 
PARAMETRIC_REPRESENTATION_CONTEXT() REPRESENTATION_CONTEXT('2D SPACE',''
  ) );
#3088 = PCURVE('',#3089,#3094);
#3089 = CYLINDRICAL_SURFACE('',#3090,2.5E-02);
#3090 = AXIS2_PLACEMENT_3D('',#3091,#3092,#3093);
#3091 = CARTESIAN_POINT('',(0.635,6.E-02,-0.355125000056));
#3092 = DIRECTION('',(6.505213034913E-15,0.,1.));
#3093 = DIRECTION('',(1.,0.,-6.505213034913E-15));
#3094 = DEFINITIONAL_REPRESENTATION('',(#3095),#3099);
#3095 = LINE('',#3096,#3097);
#3096 = CARTESIAN_POINT('',(6.28318530718,1.250000564795E-04));
#3097 = VECTOR('',#3098,1.);
#3098 = DIRECTION('',(-1.,0.));
#3099 = ( GEOMETRIC_REPRESENTATION_CONTEXT(2) 
PARAMETRIC_REPRESENTATION_CONTEXT() REPRESENTATION_CONTEXT('2D SPACE',''
  ) );
#3100 = ORIENTED_EDGE('',*,*,#3101,.T.);
#3101 = EDGE_CURVE('',#3073,#3102,#3104,.T.);
#3102 = VERTEX_POINT('',#3103);
#3103 = CARTESIAN_POINT('',(0.481055512755,3.5E-02,-0.355));
#3104 = SURFACE_CURVE('',#3105,(#3109,#3116),.PCURVE_S1.);
#3105 = LINE('',#3106,#3107);
#3106 = CARTESIAN_POINT('',(0.635,3.5E-02,-0.355));
#3107 = VECTOR('',#3108,1.);
#3108 = DIRECTION('',(-1.,-4.401757866934E-17,6.982962677686E-15));
#3109 = PCURVE('',#1248,#3110);
#3110 = DEFINITIONAL_REPRESENTATION('',(#3111),#3115);
#3111 = LINE('',#3112,#3113);
#3112 = CARTESIAN_POINT('',(-0.15,0.63));
#3113 = VECTOR('',#3114,1.);
#3114 = DIRECTION('',(1.,-4.401757866934E-17));
#3115 = ( GEOMETRIC_REPRESENTATION_CONTEXT(2) 
PARAMETRIC_REPRESENTATION_CONTEXT() REPRESENTATION_CONTEXT('2D SPACE',''
  ) );
#3116 = PCURVE('',#3117,#3122);
#3117 = PLANE('',#3118);
#3118 = AXIS2_PLACEMENT_3D('',#3119,#3120,#3121);
#3119 = CARTESIAN_POINT('',(0.481055512755,3.5E-02,-0.355125000056));
#3120 = DIRECTION('',(-4.401757866934E-17,1.,3.073731090101E-31));
#3121 = DIRECTION('',(1.,4.401757866934E-17,0.));
#3122 = DEFINITIONAL_REPRESENTATION('',(#3123),#3127);
#3123 = LINE('',#3124,#3125);
#3124 = CARTESIAN_POINT('',(0.153944487245,-1.250000564785E-04));
#3125 = VECTOR('',#3126,1.);
#3126 = DIRECTION('',(-1.,-6.982962677686E-15));
#3127 = ( GEOMETRIC_REPRESENTATION_CONTEXT(2) 
PARAMETRIC_REPRESENTATION_CONTEXT() REPRESENTATION_CONTEXT('2D SPACE',''
  ) );
#3128 = ORIENTED_EDGE('',*,*,#3129,.T.);
#3129 = EDGE_CURVE('',#3102,#3130,#3132,.T.);
#3130 = VERTEX_POINT('',#3131);
#3131 = CARTESIAN_POINT('',(0.468178543914,3.857142857143E-02,-0.355));
#3132 = SURFACE_CURVE('',#3133,(#3138,#3145),.PCURVE_S1.);
#3133 = CIRCLE('',#3134,2.5E-02);
#3134 = AXIS2_PLACEMENT_3D('',#3135,#3136,#3137);
#3135 = CARTESIAN_POINT('',(0.481055512755,6.E-02,-0.355));
#3136 = DIRECTION('',(-6.505213034913E-15,0.,-1.));
#3137 = DIRECTION('',(-1.,0.,6.505213034913E-15));
#3138 = PCURVE('',#1248,#3139);
#3139 = DEFINITIONAL_REPRESENTATION('',(#3140),#3144);
#3140 = CIRCLE('',#3141,2.5E-02);
#3141 = AXIS2_PLACEMENT_2D('',#3142,#3143);
#3142 = CARTESIAN_POINT('',(3.944487245363E-03,0.655));
#3143 = DIRECTION('',(1.,0.));
#3144 = ( GEOMETRIC_REPRESENTATION_CONTEXT(2) 
PARAMETRIC_REPRESENTATION_CONTEXT() REPRESENTATION_CONTEXT('2D SPACE',''
  ) );
#3145 = PCURVE('',#3146,#3151);
#3146 = CYLINDRICAL_SURFACE('',#3147,2.5E-02);
#3147 = AXIS2_PLACEMENT_3D('',#3148,#3149,#3150);
#3148 = CARTESIAN_POINT('',(0.481055512755,6.E-02,-0.355125000056));
#3149 = DIRECTION('',(6.505213034913E-15,0.,1.));
#3150 = DIRECTION('',(1.,0.,-6.505213034913E-15));
#3151 = DEFINITIONAL_REPRESENTATION('',(#3152),#3156);
#3152 = LINE('',#3153,#3154);
#3153 = CARTESIAN_POINT('',(9.424777960769,1.250000564825E-04));
#3154 = VECTOR('',#3155,1.);
#3155 = DIRECTION('',(-1.,1.025895395733E-16));
#3156 = ( GEOMETRIC_REPRESENTATION_CONTEXT(2) 
PARAMETRIC_REPRESENTATION_CONTEXT() REPRESENTATION_CONTEXT('2D SPACE',''
  ) );
#3157 = ORIENTED_EDGE('',*,*,#3158,.T.);
#3158 = EDGE_CURVE('',#3130,#3159,#3161,.T.);
#3159 = VERTEX_POINT('',#3160);
#3160 = CARTESIAN_POINT('',(0.468178543914,-3.857142857143E-02,-0.355));
#3161 = SURFACE_CURVE('',#3162,(#3167,#3178),.PCURVE_S1.);
#3162 = CIRCLE('',#3163,4.5E-02);
#3163 = AXIS2_PLACEMENT_3D('',#3164,#3165,#3166);
#3164 = CARTESIAN_POINT('',(0.445,1.084202172486E-16,-0.355));
#3165 = DIRECTION('',(7.228014483237E-15,0.,1.));
#3166 = DIRECTION('',(-1.,0.,7.228014483237E-15));
#3167 = PCURVE('',#1248,#3168);
#3168 = DEFINITIONAL_REPRESENTATION('',(#3169),#3177);
#3169 = ( BOUNDED_CURVE() B_SPLINE_CURVE(2,(#3170,#3171,#3172,#3173,
#3174,#3175,#3176),.UNSPECIFIED.,.T.,.F.) B_SPLINE_CURVE_WITH_KNOTS((1,2
    ,2,2,2,1),(-2.094395102393,0.,2.094395102393,4.188790204786,
6.28318530718,8.377580409573),.UNSPECIFIED.) CURVE() 
GEOMETRIC_REPRESENTATION_ITEM() RATIONAL_B_SPLINE_CURVE((1.,0.5,1.,0.5,
1.,0.5,1.)) REPRESENTATION_ITEM('') );
#3170 = CARTESIAN_POINT('',(8.5E-02,0.595));
#3171 = CARTESIAN_POINT('',(8.5E-02,0.517057713659));
#3172 = CARTESIAN_POINT('',(1.75E-02,0.55602885683));
#3173 = CARTESIAN_POINT('',(-5.E-02,0.595));
#3174 = CARTESIAN_POINT('',(1.75E-02,0.63397114317));
#3175 = CARTESIAN_POINT('',(8.5E-02,0.672942286341));
#3176 = CARTESIAN_POINT('',(8.5E-02,0.595));
#3177 = ( GEOMETRIC_REPRESENTATION_CONTEXT(2) 
PARAMETRIC_REPRESENTATION_CONTEXT() REPRESENTATION_CONTEXT('2D SPACE',''
  ) );
#3178 = PCURVE('',#3179,#3184);
#3179 = CYLINDRICAL_SURFACE('',#3180,4.5E-02);
#3180 = AXIS2_PLACEMENT_3D('',#3181,#3182,#3183);
#3181 = CARTESIAN_POINT('',(0.445,1.084202172486E-16,-0.355125000056));
#3182 = DIRECTION('',(7.228014483237E-15,0.,1.));
#3183 = DIRECTION('',(1.,0.,-7.228014483237E-15));
#3184 = DEFINITIONAL_REPRESENTATION('',(#3185),#3189);
#3185 = LINE('',#3186,#3187);
#3186 = CARTESIAN_POINT('',(-3.14159265359,1.25000056483E-04));
#3187 = VECTOR('',#3188,1.);
#3188 = DIRECTION('',(1.,0.));
#3189 = ( GEOMETRIC_REPRESENTATION_CONTEXT(2) 
PARAMETRIC_REPRESENTATION_CONTEXT() REPRESENTATION_CONTEXT('2D SPACE',''
  ) );
#3190 = ORIENTED_EDGE('',*,*,#3191,.T.);
#3191 = EDGE_CURVE('',#3159,#3192,#3194,.T.);
#3192 = VERTEX_POINT('',#3193);
#3193 = CARTESIAN_POINT('',(0.481055512755,-3.5E-02,-0.355));
#3194 = SURFACE_CURVE('',#3195,(#3200,#3207),.PCURVE_S1.);
#3195 = CIRCLE('',#3196,2.5E-02);
#3196 = AXIS2_PLACEMENT_3D('',#3197,#3198,#3199);
#3197 = CARTESIAN_POINT('',(0.481055512755,-6.E-02,-0.355));
#3198 = DIRECTION('',(-6.505213034913E-15,0.,-1.));
#3199 = DIRECTION('',(-1.,0.,6.505213034913E-15));
#3200 = PCURVE('',#1248,#3201);
#3201 = DEFINITIONAL_REPRESENTATION('',(#3202),#3206);
#3202 = CIRCLE('',#3203,2.5E-02);
#3203 = AXIS2_PLACEMENT_2D('',#3204,#3205);
#3204 = CARTESIAN_POINT('',(3.944487245363E-03,0.535));
#3205 = DIRECTION('',(1.,0.));
#3206 = ( GEOMETRIC_REPRESENTATION_CONTEXT(2) 
PARAMETRIC_REPRESENTATION_CONTEXT() REPRESENTATION_CONTEXT('2D SPACE',''
  ) );
#3207 = PCURVE('',#3208,#3213);
#3208 = CYLINDRICAL_SURFACE('',#3209,2.5E-02);
#3209 = AXIS2_PLACEMENT_3D('',#3210,#3211,#3212);
#3210 = CARTESIAN_POINT('',(0.481055512755,-6.E-02,-0.355125000056));
#3211 = DIRECTION('',(6.505213034913E-15,0.,1.));
#3212 = DIRECTION('',(1.,0.,-6.505213034913E-15));
#3213 = DEFINITIONAL_REPRESENTATION('',(#3214),#3218);
#3214 = LINE('',#3215,#3216);
#3215 = CARTESIAN_POINT('',(3.14159265359,1.250000564832E-04));
#3216 = VECTOR('',#3217,1.);
#3217 = DIRECTION('',(-1.,-1.025895395733E-16));
#3218 = ( GEOMETRIC_REPRESENTATION_CONTEXT(2) 
PARAMETRIC_REPRESENTATION_CONTEXT() REPRESENTATION_CONTEXT('2D SPACE',''
  ) );
#3219 = ORIENTED_EDGE('',*,*,#3220,.T.);
#3220 = EDGE_CURVE('',#3192,#3221,#3223,.T.);
#3221 = VERTEX_POINT('',#3222);
#3222 = CARTESIAN_POINT('',(0.635,-3.5E-02,-0.355));
#3223 = SURFACE_CURVE('',#3224,(#3228,#3235),.PCURVE_S1.);
#3224 = LINE('',#3225,#3226);
#3225 = CARTESIAN_POINT('',(0.635,-3.5E-02,-0.355));
#3226 = VECTOR('',#3227,1.);
#3227 = DIRECTION('',(1.,-4.401757866934E-17,-6.982962677686E-15));
#3228 = PCURVE('',#1248,#3229);
#3229 = DEFINITIONAL_REPRESENTATION('',(#3230),#3234);
#3230 = LINE('',#3231,#3232);
#3231 = CARTESIAN_POINT('',(-0.15,0.56));
#3232 = VECTOR('',#3233,1.);
#3233 = DIRECTION('',(-1.,-4.401757866934E-17));
#3234 = ( GEOMETRIC_REPRESENTATION_CONTEXT(2) 
PARAMETRIC_REPRESENTATION_CONTEXT() REPRESENTATION_CONTEXT('2D SPACE',''
  ) );
#3235 = PCURVE('',#3236,#3241);
#3236 = PLANE('',#3237);
#3237 = AXIS2_PLACEMENT_3D('',#3238,#3239,#3240);
#3238 = CARTESIAN_POINT('',(0.481055512755,-3.5E-02,-0.355125000056));
#3239 = DIRECTION('',(-8.803515733869E-17,-1.,6.147462180203E-31));
#3240 = DIRECTION('',(-1.,8.803515733869E-17,0.));
#3241 = DEFINITIONAL_REPRESENTATION('',(#3242),#3246);
#3242 = LINE('',#3243,#3244);
#3243 = CARTESIAN_POINT('',(-0.153944487245,-1.250000564785E-04));
#3244 = VECTOR('',#3245,1.);
#3245 = DIRECTION('',(-1.,6.982962677686E-15));
#3246 = ( GEOMETRIC_REPRESENTATION_CONTEXT(2) 
PARAMETRIC_REPRESENTATION_CONTEXT() REPRESENTATION_CONTEXT('2D SPACE',''
  ) );
#3247 = ORIENTED_EDGE('',*,*,#3248,.T.);
#3248 = EDGE_CURVE('',#3221,#3249,#3251,.T.);
#3249 = VERTEX_POINT('',#3250);
#3250 = CARTESIAN_POINT('',(0.66,-6.E-02,-0.355));
#3251 = SURFACE_CURVE('',#3252,(#3257,#3264),.PCURVE_S1.);
#3252 = CIRCLE('',#3253,2.5E-02);
#3253 = AXIS2_PLACEMENT_3D('',#3254,#3255,#3256);
#3254 = CARTESIAN_POINT('',(0.635,-6.E-02,-0.355));
#3255 = DIRECTION('',(-6.505213034913E-15,0.,-1.));
#3256 = DIRECTION('',(-1.,0.,6.505213034913E-15));
#3257 = PCURVE('',#1248,#3258);
#3258 = DEFINITIONAL_REPRESENTATION('',(#3259),#3263);
#3259 = CIRCLE('',#3260,2.5E-02);
#3260 = AXIS2_PLACEMENT_2D('',#3261,#3262);
#3261 = CARTESIAN_POINT('',(-0.15,0.535));
#3262 = DIRECTION('',(1.,0.));
#3263 = ( GEOMETRIC_REPRESENTATION_CONTEXT(2) 
PARAMETRIC_REPRESENTATION_CONTEXT() REPRESENTATION_CONTEXT('2D SPACE',''
  ) );
#3264 = PCURVE('',#3265,#3270);
#3265 = CYLINDRICAL_SURFACE('',#3266,2.5E-02);
#3266 = AXIS2_PLACEMENT_3D('',#3267,#3268,#3269);
#3267 = CARTESIAN_POINT('',(0.635,-6.E-02,-0.355125000056));
#3268 = DIRECTION('',(6.505213034913E-15,0.,1.));
#3269 = DIRECTION('',(1.,0.,-6.505213034913E-15));
#3270 = DEFINITIONAL_REPRESENTATION('',(#3271),#3275);
#3271 = LINE('',#3272,#3273);
#3272 = CARTESIAN_POINT('',(3.14159265359,1.250000564795E-04));
#3273 = VECTOR('',#3274,1.);
#3274 = DIRECTION('',(-1.,0.));
#3275 = ( GEOMETRIC_REPRESENTATION_CONTEXT(2) 
PARAMETRIC_REPRESENTATION_CONTEXT() REPRESENTATION_CONTEXT('2D SPACE',''
  ) );
#3276 = ORIENTED_EDGE('',*,*,#3277,.T.);
#3277 = EDGE_CURVE('',#3249,#3278,#3280,.T.);
#3278 = VERTEX_POINT('',#3279);
#3279 = CARTESIAN_POINT('',(0.66,-0.225,-0.355));
#3280 = SURFACE_CURVE('',#3281,(#3285,#3292),.PCURVE_S1.);
#3281 = LINE('',#3282,#3283);
#3282 = CARTESIAN_POINT('',(0.66,-6.E-02,-0.355));
#3283 = VECTOR('',#3284,1.);
#3284 = DIRECTION('',(0.,-1.,0.));
#3285 = PCURVE('',#1248,#3286);
#3286 = DEFINITIONAL_REPRESENTATION('',(#3287),#3291);
#3287 = LINE('',#3288,#3289);
#3288 = CARTESIAN_POINT('',(-0.175,0.535));
#3289 = VECTOR('',#3290,1.);
#3290 = DIRECTION('',(0.,-1.));
#3291 = ( GEOMETRIC_REPRESENTATION_CONTEXT(2) 
PARAMETRIC_REPRESENTATION_CONTEXT() REPRESENTATION_CONTEXT('2D SPACE',''
  ) );
#3292 = PCURVE('',#3293,#3298);
#3293 = PLANE('',#3294);
#3294 = AXIS2_PLACEMENT_3D('',#3295,#3296,#3297);
#3295 = CARTESIAN_POINT('',(0.66,-6.E-02,-0.355125000056));
#3296 = DIRECTION('',(-1.,0.,6.982962677686E-15));
#3297 = DIRECTION('',(0.,1.,0.));
#3298 = DEFINITIONAL_REPRESENTATION('',(#3299),#3303);
#3299 = LINE('',#3300,#3301);
#3300 = CARTESIAN_POINT('',(0.,-1.2500005648E-04));
#3301 = VECTOR('',#3302,1.);
#3302 = DIRECTION('',(-1.,-0.));
#3303 = ( GEOMETRIC_REPRESENTATION_CONTEXT(2) 
PARAMETRIC_REPRESENTATION_CONTEXT() REPRESENTATION_CONTEXT('2D SPACE',''
  ) );
#3304 = ORIENTED_EDGE('',*,*,#3305,.T.);
#3305 = EDGE_CURVE('',#3278,#3306,#3308,.T.);
#3306 = VERTEX_POINT('',#3307);
#3307 = CARTESIAN_POINT('',(0.635,-0.25,-0.355));
#3308 = SURFACE_CURVE('',#3309,(#3314,#3321),.PCURVE_S1.);
#3309 = CIRCLE('',#3310,2.5E-02);
#3310 = AXIS2_PLACEMENT_3D('',#3311,#3312,#3313);
#3311 = CARTESIAN_POINT('',(0.635,-0.225,-0.355));
#3312 = DIRECTION('',(-6.505213034913E-15,0.,-1.));
#3313 = DIRECTION('',(1.,0.,-6.505213034913E-15));
#3314 = PCURVE('',#1248,#3315);
#3315 = DEFINITIONAL_REPRESENTATION('',(#3316),#3320);
#3316 = CIRCLE('',#3317,2.5E-02);
#3317 = AXIS2_PLACEMENT_2D('',#3318,#3319);
#3318 = CARTESIAN_POINT('',(-0.15,0.37));
#3319 = DIRECTION('',(-1.,0.));
#3320 = ( GEOMETRIC_REPRESENTATION_CONTEXT(2) 
PARAMETRIC_REPRESENTATION_CONTEXT() REPRESENTATION_CONTEXT('2D SPACE',''
  ) );
#3321 = PCURVE('',#3322,#3327);
#3322 = CYLINDRICAL_SURFACE('',#3323,2.5E-02);
#3323 = AXIS2_PLACEMENT_3D('',#3324,#3325,#3326);
#3324 = CARTESIAN_POINT('',(0.635,-0.225,-0.355125000056));
#3325 = DIRECTION('',(6.505213034913E-15,0.,1.));
#3326 = DIRECTION('',(1.,0.,-6.505213034913E-15));
#3327 = DEFINITIONAL_REPRESENTATION('',(#3328),#3332);
#3328 = LINE('',#3329,#3330);
#3329 = CARTESIAN_POINT('',(6.28318530718,1.250000564795E-04));
#3330 = VECTOR('',#3331,1.);
#3331 = DIRECTION('',(-1.,0.));
#3332 = ( GEOMETRIC_REPRESENTATION_CONTEXT(2) 
PARAMETRIC_REPRESENTATION_CONTEXT() REPRESENTATION_CONTEXT('2D SPACE',''
  ) );
#3333 = ORIENTED_EDGE('',*,*,#3334,.T.);
#3334 = EDGE_CURVE('',#3306,#3335,#3337,.T.);
#3335 = VERTEX_POINT('',#3336);
#3336 = CARTESIAN_POINT('',(0.581055512755,-0.25,-0.355));
#3337 = SURFACE_CURVE('',#3338,(#3342,#3349),.PCURVE_S1.);
#3338 = LINE('',#3339,#3340);
#3339 = CARTESIAN_POINT('',(0.635,-0.25,-0.355));
#3340 = VECTOR('',#3341,1.);
#3341 = DIRECTION('',(-1.,0.,6.982962677686E-15));
#3342 = PCURVE('',#1248,#3343);
#3343 = DEFINITIONAL_REPRESENTATION('',(#3344),#3348);
#3344 = LINE('',#3345,#3346);
#3345 = CARTESIAN_POINT('',(-0.15,0.345));
#3346 = VECTOR('',#3347,1.);
#3347 = DIRECTION('',(1.,0.));
#3348 = ( GEOMETRIC_REPRESENTATION_CONTEXT(2) 
PARAMETRIC_REPRESENTATION_CONTEXT() REPRESENTATION_CONTEXT('2D SPACE',''
  ) );
#3349 = PCURVE('',#3350,#3355);
#3350 = PLANE('',#3351);
#3351 = AXIS2_PLACEMENT_3D('',#3352,#3353,#3354);
#3352 = CARTESIAN_POINT('',(0.581055512755,-0.25,-0.355125000056));
#3353 = DIRECTION('',(-0.,1.,0.));
#3354 = DIRECTION('',(1.,0.,0.));
#3355 = DEFINITIONAL_REPRESENTATION('',(#3356),#3360);
#3356 = LINE('',#3357,#3358);
#3357 = CARTESIAN_POINT('',(5.394448724536E-02,-1.250000564795E-04));
#3358 = VECTOR('',#3359,1.);
#3359 = DIRECTION('',(-1.,-6.982962677686E-15));
#3360 = ( GEOMETRIC_REPRESENTATION_CONTEXT(2) 
PARAMETRIC_REPRESENTATION_CONTEXT() REPRESENTATION_CONTEXT('2D SPACE',''
  ) );
#3361 = ORIENTED_EDGE('',*,*,#3362,.T.);
#3362 = EDGE_CURVE('',#3335,#3363,#3365,.T.);
#3363 = VERTEX_POINT('',#3364);
#3364 = CARTESIAN_POINT('',(0.568178543914,-0.246428571429,-0.355));
#3365 = SURFACE_CURVE('',#3366,(#3371,#3378),.PCURVE_S1.);
#3366 = CIRCLE('',#3367,2.5E-02);
#3367 = AXIS2_PLACEMENT_3D('',#3368,#3369,#3370);
#3368 = CARTESIAN_POINT('',(0.581055512755,-0.225,-0.355));
#3369 = DIRECTION('',(-6.505213034913E-15,0.,-1.));
#3370 = DIRECTION('',(1.,0.,-6.505213034913E-15));
#3371 = PCURVE('',#1248,#3372);
#3372 = DEFINITIONAL_REPRESENTATION('',(#3373),#3377);
#3373 = CIRCLE('',#3374,2.5E-02);
#3374 = AXIS2_PLACEMENT_2D('',#3375,#3376);
#3375 = CARTESIAN_POINT('',(-9.605551275464E-02,0.37));
#3376 = DIRECTION('',(-1.,0.));
#3377 = ( GEOMETRIC_REPRESENTATION_CONTEXT(2) 
PARAMETRIC_REPRESENTATION_CONTEXT() REPRESENTATION_CONTEXT('2D SPACE',''
  ) );
#3378 = PCURVE('',#3379,#3384);
#3379 = CYLINDRICAL_SURFACE('',#3380,2.5E-02);
#3380 = AXIS2_PLACEMENT_3D('',#3381,#3382,#3383);
#3381 = CARTESIAN_POINT('',(0.581055512755,-0.225,-0.355125000056));
#3382 = DIRECTION('',(6.505213034913E-15,0.,1.));
#3383 = DIRECTION('',(1.,0.,-6.505213034913E-15));
#3384 = DEFINITIONAL_REPRESENTATION('',(#3385),#3389);
#3385 = LINE('',#3386,#3387);
#3386 = CARTESIAN_POINT('',(6.28318530718,1.250000564839E-04));
#3387 = VECTOR('',#3388,1.);
#3388 = DIRECTION('',(-1.,1.025895395733E-16));
#3389 = ( GEOMETRIC_REPRESENTATION_CONTEXT(2) 
PARAMETRIC_REPRESENTATION_CONTEXT() REPRESENTATION_CONTEXT('2D SPACE',''
  ) );
#3390 = ORIENTED_EDGE('',*,*,#3391,.T.);
#3391 = EDGE_CURVE('',#3363,#3392,#3394,.T.);
#3392 = VERTEX_POINT('',#3393);
#3393 = CARTESIAN_POINT('',(0.568178543914,-0.323571428571,-0.355));
#3394 = SURFACE_CURVE('',#3395,(#3400,#3411),.PCURVE_S1.);
#3395 = CIRCLE('',#3396,4.5E-02);
#3396 = AXIS2_PLACEMENT_3D('',#3397,#3398,#3399);
#3397 = CARTESIAN_POINT('',(0.545,-0.285,-0.355));
#3398 = DIRECTION('',(7.228014483237E-15,0.,1.));
#3399 = DIRECTION('',(-1.,0.,7.228014483237E-15));
#3400 = PCURVE('',#1248,#3401);
#3401 = DEFINITIONAL_REPRESENTATION('',(#3402),#3410);
#3402 = ( BOUNDED_CURVE() B_SPLINE_CURVE(2,(#3403,#3404,#3405,#3406,
#3407,#3408,#3409),.UNSPECIFIED.,.T.,.F.) B_SPLINE_CURVE_WITH_KNOTS((1,2
    ,2,2,2,1),(-2.094395102393,0.,2.094395102393,4.188790204786,
6.28318530718,8.377580409573),.UNSPECIFIED.) CURVE() 
GEOMETRIC_REPRESENTATION_ITEM() RATIONAL_B_SPLINE_CURVE((1.,0.5,1.,0.5,
1.,0.5,1.)) REPRESENTATION_ITEM('') );
#3403 = CARTESIAN_POINT('',(-1.5E-02,0.31));
#3404 = CARTESIAN_POINT('',(-1.5E-02,0.232057713659));
#3405 = CARTESIAN_POINT('',(-8.25E-02,0.27102885683));
#3406 = CARTESIAN_POINT('',(-0.15,0.31));
#3407 = CARTESIAN_POINT('',(-8.25E-02,0.34897114317));
#3408 = CARTESIAN_POINT('',(-1.5E-02,0.387942286341));
#3409 = CARTESIAN_POINT('',(-1.5E-02,0.31));
#3410 = ( GEOMETRIC_REPRESENTATION_CONTEXT(2) 
PARAMETRIC_REPRESENTATION_CONTEXT() REPRESENTATION_CONTEXT('2D SPACE',''
  ) );
#3411 = PCURVE('',#3412,#3417);
#3412 = CYLINDRICAL_SURFACE('',#3413,4.5E-02);
#3413 = AXIS2_PLACEMENT_3D('',#3414,#3415,#3416);
#3414 = CARTESIAN_POINT('',(0.545,-0.285,-0.355125000056));
#3415 = DIRECTION('',(7.228014483237E-15,0.,1.));
#3416 = DIRECTION('',(1.,0.,-7.228014483237E-15));
#3417 = DEFINITIONAL_REPRESENTATION('',(#3418),#3422);
#3418 = LINE('',#3419,#3420);
#3419 = CARTESIAN_POINT('',(-3.14159265359,1.250000564836E-04));
#3420 = VECTOR('',#3421,1.);
#3421 = DIRECTION('',(1.,0.));
#3422 = ( GEOMETRIC_REPRESENTATION_CONTEXT(2) 
PARAMETRIC_REPRESENTATION_CONTEXT() REPRESENTATION_CONTEXT('2D SPACE',''
  ) );
#3423 = ORIENTED_EDGE('',*,*,#3424,.T.);
#3424 = EDGE_CURVE('',#3392,#3425,#3427,.T.);
#3425 = VERTEX_POINT('',#3426);
#3426 = CARTESIAN_POINT('',(0.581055512755,-0.32,-0.355));
#3427 = SURFACE_CURVE('',#3428,(#3433,#3440),.PCURVE_S1.);
#3428 = CIRCLE('',#3429,2.5E-02);
#3429 = AXIS2_PLACEMENT_3D('',#3430,#3431,#3432);
#3430 = CARTESIAN_POINT('',(0.581055512755,-0.345,-0.355));
#3431 = DIRECTION('',(-6.505213034913E-15,0.,-1.));
#3432 = DIRECTION('',(-1.,0.,6.505213034913E-15));
#3433 = PCURVE('',#1248,#3434);
#3434 = DEFINITIONAL_REPRESENTATION('',(#3435),#3439);
#3435 = CIRCLE('',#3436,2.5E-02);
#3436 = AXIS2_PLACEMENT_2D('',#3437,#3438);
#3437 = CARTESIAN_POINT('',(-9.605551275464E-02,0.25));
#3438 = DIRECTION('',(1.,0.));
#3439 = ( GEOMETRIC_REPRESENTATION_CONTEXT(2) 
PARAMETRIC_REPRESENTATION_CONTEXT() REPRESENTATION_CONTEXT('2D SPACE',''
  ) );
#3440 = PCURVE('',#3441,#3446);
#3441 = CYLINDRICAL_SURFACE('',#3442,2.5E-02);
#3442 = AXIS2_PLACEMENT_3D('',#3443,#3444,#3445);
#3443 = CARTESIAN_POINT('',(0.581055512755,-0.345,-0.355125000056));
#3444 = DIRECTION('',(6.505213034913E-15,0.,1.));
#3445 = DIRECTION('',(1.,0.,-6.505213034913E-15));
#3446 = DEFINITIONAL_REPRESENTATION('',(#3447),#3451);
#3447 = LINE('',#3448,#3449);
#3448 = CARTESIAN_POINT('',(3.14159265359,1.250000564842E-04));
#3449 = VECTOR('',#3450,1.);
#3450 = DIRECTION('',(-1.,-1.025895395733E-16));
#3451 = ( GEOMETRIC_REPRESENTATION_CONTEXT(2) 
PARAMETRIC_REPRESENTATION_CONTEXT() REPRESENTATION_CONTEXT('2D SPACE',''
  ) );
#3452 = ORIENTED_EDGE('',*,*,#3453,.T.);
#3453 = EDGE_CURVE('',#3425,#3454,#3456,.T.);
#3454 = VERTEX_POINT('',#3455);
#3455 = CARTESIAN_POINT('',(0.635,-0.32,-0.355));
#3456 = SURFACE_CURVE('',#3457,(#3461,#3468),.PCURVE_S1.);
#3457 = LINE('',#3458,#3459);
#3458 = CARTESIAN_POINT('',(0.635,-0.32,-0.355));
#3459 = VECTOR('',#3460,1.);
#3460 = DIRECTION('',(1.,0.,-6.982962677686E-15));
#3461 = PCURVE('',#1248,#3462);
#3462 = DEFINITIONAL_REPRESENTATION('',(#3463),#3467);
#3463 = LINE('',#3464,#3465);
#3464 = CARTESIAN_POINT('',(-0.15,0.275));
#3465 = VECTOR('',#3466,1.);
#3466 = DIRECTION('',(-1.,0.));
#3467 = ( GEOMETRIC_REPRESENTATION_CONTEXT(2) 
PARAMETRIC_REPRESENTATION_CONTEXT() REPRESENTATION_CONTEXT('2D SPACE',''
  ) );
#3468 = PCURVE('',#3469,#3474);
#3469 = PLANE('',#3470);
#3470 = AXIS2_PLACEMENT_3D('',#3471,#3472,#3473);
#3471 = CARTESIAN_POINT('',(0.581055512755,-0.32,-0.355125000056));
#3472 = DIRECTION('',(1.004923976341E-15,-1.,-7.0173466207E-30));
#3473 = DIRECTION('',(0.,7.0173466207E-30,-1.));
#3474 = DEFINITIONAL_REPRESENTATION('',(#3475),#3479);
#3475 = LINE('',#3476,#3477);
#3476 = CARTESIAN_POINT('',(-1.250000564795E-04,5.394448724536E-02));
#3477 = VECTOR('',#3478,1.);
#3478 = DIRECTION('',(6.982962677686E-15,1.));
#3479 = ( GEOMETRIC_REPRESENTATION_CONTEXT(2) 
PARAMETRIC_REPRESENTATION_CONTEXT() REPRESENTATION_CONTEXT('2D SPACE',''
  ) );
#3480 = ORIENTED_EDGE('',*,*,#3481,.T.);
#3481 = EDGE_CURVE('',#3454,#3482,#3484,.T.);
#3482 = VERTEX_POINT('',#3483);
#3483 = CARTESIAN_POINT('',(0.66,-0.345,-0.355));
#3484 = SURFACE_CURVE('',#3485,(#3490,#3497),.PCURVE_S1.);
#3485 = CIRCLE('',#3486,2.5E-02);
#3486 = AXIS2_PLACEMENT_3D('',#3487,#3488,#3489);
#3487 = CARTESIAN_POINT('',(0.635,-0.345,-0.355));
#3488 = DIRECTION('',(-6.505213034913E-15,0.,-1.));
#3489 = DIRECTION('',(-1.,0.,6.505213034913E-15));
#3490 = PCURVE('',#1248,#3491);
#3491 = DEFINITIONAL_REPRESENTATION('',(#3492),#3496);
#3492 = CIRCLE('',#3493,2.5E-02);
#3493 = AXIS2_PLACEMENT_2D('',#3494,#3495);
#3494 = CARTESIAN_POINT('',(-0.15,0.25));
#3495 = DIRECTION('',(1.,0.));
#3496 = ( GEOMETRIC_REPRESENTATION_CONTEXT(2) 
PARAMETRIC_REPRESENTATION_CONTEXT() REPRESENTATION_CONTEXT('2D SPACE',''
  ) );
#3497 = PCURVE('',#3498,#3503);
#3498 = CYLINDRICAL_SURFACE('',#3499,2.5E-02);
#3499 = AXIS2_PLACEMENT_3D('',#3500,#3501,#3502);
#3500 = CARTESIAN_POINT('',(0.635,-0.345,-0.355125000056));
#3501 = DIRECTION('',(6.505213034913E-15,0.,1.));
#3502 = DIRECTION('',(1.,0.,-6.505213034913E-15));
#3503 = DEFINITIONAL_REPRESENTATION('',(#3504),#3508);
#3504 = LINE('',#3505,#3506);
#3505 = CARTESIAN_POINT('',(3.14159265359,1.250000564795E-04));
#3506 = VECTOR('',#3507,1.);
#3507 = DIRECTION('',(-1.,0.));
#3508 = ( GEOMETRIC_REPRESENTATION_CONTEXT(2) 
PARAMETRIC_REPRESENTATION_CONTEXT() REPRESENTATION_CONTEXT('2D SPACE',''
  ) );
#3509 = ORIENTED_EDGE('',*,*,#3510,.T.);
#3510 = EDGE_CURVE('',#3482,#3511,#3513,.T.);
#3511 = VERTEX_POINT('',#3512);
#3512 = CARTESIAN_POINT('',(0.66,-0.495,-0.355));
#3513 = SURFACE_CURVE('',#3514,(#3518,#3525),.PCURVE_S1.);
#3514 = LINE('',#3515,#3516);
#3515 = CARTESIAN_POINT('',(0.66,-0.345,-0.355));
#3516 = VECTOR('',#3517,1.);
#3517 = DIRECTION('',(0.,-1.,0.));
#3518 = PCURVE('',#1248,#3519);
#3519 = DEFINITIONAL_REPRESENTATION('',(#3520),#3524);
#3520 = LINE('',#3521,#3522);
#3521 = CARTESIAN_POINT('',(-0.175,0.25));
#3522 = VECTOR('',#3523,1.);
#3523 = DIRECTION('',(0.,-1.));
#3524 = ( GEOMETRIC_REPRESENTATION_CONTEXT(2) 
PARAMETRIC_REPRESENTATION_CONTEXT() REPRESENTATION_CONTEXT('2D SPACE',''
  ) );
#3525 = PCURVE('',#3526,#3531);
#3526 = PLANE('',#3527);
#3527 = AXIS2_PLACEMENT_3D('',#3528,#3529,#3530);
#3528 = CARTESIAN_POINT('',(0.66,-0.345,-0.355125000056));
#3529 = DIRECTION('',(-1.,0.,6.982962677686E-15));
#3530 = DIRECTION('',(0.,1.,0.));
#3531 = DEFINITIONAL_REPRESENTATION('',(#3532),#3536);
#3532 = LINE('',#3533,#3534);
#3533 = CARTESIAN_POINT('',(0.,-1.2500005648E-04));
#3534 = VECTOR('',#3535,1.);
#3535 = DIRECTION('',(-1.,-0.));
#3536 = ( GEOMETRIC_REPRESENTATION_CONTEXT(2) 
PARAMETRIC_REPRESENTATION_CONTEXT() REPRESENTATION_CONTEXT('2D SPACE',''
  ) );
#3537 = ORIENTED_EDGE('',*,*,#3538,.T.);
#3538 = EDGE_CURVE('',#3511,#3539,#3541,.T.);
#3539 = VERTEX_POINT('',#3540);
#3540 = CARTESIAN_POINT('',(0.635,-0.52,-0.355));
#3541 = SURFACE_CURVE('',#3542,(#3547,#3554),.PCURVE_S1.);
#3542 = CIRCLE('',#3543,2.5E-02);
#3543 = AXIS2_PLACEMENT_3D('',#3544,#3545,#3546);
#3544 = CARTESIAN_POINT('',(0.635,-0.495,-0.355));
#3545 = DIRECTION('',(-6.505213034913E-15,0.,-1.));
#3546 = DIRECTION('',(1.,0.,-6.505213034913E-15));
#3547 = PCURVE('',#1248,#3548);
#3548 = DEFINITIONAL_REPRESENTATION('',(#3549),#3553);
#3549 = CIRCLE('',#3550,2.5E-02);
#3550 = AXIS2_PLACEMENT_2D('',#3551,#3552);
#3551 = CARTESIAN_POINT('',(-0.15,0.1));
#3552 = DIRECTION('',(-1.,0.));
#3553 = ( GEOMETRIC_REPRESENTATION_CONTEXT(2) 
PARAMETRIC_REPRESENTATION_CONTEXT() REPRESENTATION_CONTEXT('2D SPACE',''
  ) );
#3554 = PCURVE('',#3555,#3560);
#3555 = CYLINDRICAL_SURFACE('',#3556,2.5E-02);
#3556 = AXIS2_PLACEMENT_3D('',#3557,#3558,#3559);
#3557 = CARTESIAN_POINT('',(0.635,-0.495,-0.355125000056));
#3558 = DIRECTION('',(6.505213034913E-15,0.,1.));
#3559 = DIRECTION('',(1.,0.,-6.505213034913E-15));
#3560 = DEFINITIONAL_REPRESENTATION('',(#3561),#3565);
#3561 = LINE('',#3562,#3563);
#3562 = CARTESIAN_POINT('',(6.28318530718,1.250000564795E-04));
#3563 = VECTOR('',#3564,1.);
#3564 = DIRECTION('',(-1.,0.));
#3565 = ( GEOMETRIC_REPRESENTATION_CONTEXT(2) 
PARAMETRIC_REPRESENTATION_CONTEXT() REPRESENTATION_CONTEXT('2D SPACE',''
  ) );
#3566 = ORIENTED_EDGE('',*,*,#3567,.T.);
#3567 = EDGE_CURVE('',#3539,#3568,#3570,.T.);
#3568 = VERTEX_POINT('',#3569);
#3569 = CARTESIAN_POINT('',(0.56,-0.52,-0.355));
#3570 = SURFACE_CURVE('',#3571,(#3575,#3582),.PCURVE_S1.);
#3571 = LINE('',#3572,#3573);
#3572 = CARTESIAN_POINT('',(0.635,-0.52,-0.355));
#3573 = VECTOR('',#3574,1.);
#3574 = DIRECTION('',(-1.,0.,6.982962677686E-15));
#3575 = PCURVE('',#1248,#3576);
#3576 = DEFINITIONAL_REPRESENTATION('',(#3577),#3581);
#3577 = LINE('',#3578,#3579);
#3578 = CARTESIAN_POINT('',(-0.15,7.5E-02));
#3579 = VECTOR('',#3580,1.);
#3580 = DIRECTION('',(1.,0.));
#3581 = ( GEOMETRIC_REPRESENTATION_CONTEXT(2) 
PARAMETRIC_REPRESENTATION_CONTEXT() REPRESENTATION_CONTEXT('2D SPACE',''
  ) );
#3582 = PCURVE('',#3583,#3588);
#3583 = PLANE('',#3584);
#3584 = AXIS2_PLACEMENT_3D('',#3585,#3586,#3587);
#3585 = CARTESIAN_POINT('',(0.56,-0.52,-0.355125000056));
#3586 = DIRECTION('',(-0.,1.,0.));
#3587 = DIRECTION('',(1.,0.,0.));
#3588 = DEFINITIONAL_REPRESENTATION('',(#3589),#3593);
#3589 = LINE('',#3590,#3591);
#3590 = CARTESIAN_POINT('',(7.5E-02,-1.25000056479E-04));
#3591 = VECTOR('',#3592,1.);
#3592 = DIRECTION('',(-1.,-6.982962677686E-15));
#3593 = ( GEOMETRIC_REPRESENTATION_CONTEXT(2) 
PARAMETRIC_REPRESENTATION_CONTEXT() REPRESENTATION_CONTEXT('2D SPACE',''
  ) );
#3594 = ORIENTED_EDGE('',*,*,#3595,.T.);
#3595 = EDGE_CURVE('',#3568,#3596,#3598,.T.);
#3596 = VERTEX_POINT('',#3597);
#3597 = CARTESIAN_POINT('',(0.51,-0.57,-0.355));
#3598 = SURFACE_CURVE('',#3599,(#3604,#3615),.PCURVE_S1.);
#3599 = CIRCLE('',#3600,5.E-02);
#3600 = AXIS2_PLACEMENT_3D('',#3601,#3602,#3603);
#3601 = CARTESIAN_POINT('',(0.56,-0.57,-0.355));
#3602 = DIRECTION('',(6.505213034913E-15,0.,1.));
#3603 = DIRECTION('',(1.,0.,-6.505213034913E-15));
#3604 = PCURVE('',#1248,#3605);
#3605 = DEFINITIONAL_REPRESENTATION('',(#3606),#3614);
#3606 = ( BOUNDED_CURVE() B_SPLINE_CURVE(2,(#3607,#3608,#3609,#3610,
#3611,#3612,#3613),.UNSPECIFIED.,.T.,.F.) B_SPLINE_CURVE_WITH_KNOTS((1,2
    ,2,2,2,1),(-2.094395102393,0.,2.094395102393,4.188790204786,
6.28318530718,8.377580409573),.UNSPECIFIED.) CURVE() 
GEOMETRIC_REPRESENTATION_ITEM() RATIONAL_B_SPLINE_CURVE((1.,0.5,1.,0.5,
1.,0.5,1.)) REPRESENTATION_ITEM('') );
#3607 = CARTESIAN_POINT('',(-0.125,2.5E-02));
#3608 = CARTESIAN_POINT('',(-0.125,0.111602540378));
#3609 = CARTESIAN_POINT('',(-5.E-02,6.830127018922E-02));
#3610 = CARTESIAN_POINT('',(2.5E-02,2.5E-02));
#3611 = CARTESIAN_POINT('',(-5.E-02,-1.830127018922E-02));
#3612 = CARTESIAN_POINT('',(-0.125,-6.160254037844E-02));
#3613 = CARTESIAN_POINT('',(-0.125,2.5E-02));
#3614 = ( GEOMETRIC_REPRESENTATION_CONTEXT(2) 
PARAMETRIC_REPRESENTATION_CONTEXT() REPRESENTATION_CONTEXT('2D SPACE',''
  ) );
#3615 = PCURVE('',#3616,#3621);
#3616 = CYLINDRICAL_SURFACE('',#3617,5.E-02);
#3617 = AXIS2_PLACEMENT_3D('',#3618,#3619,#3620);
#3618 = CARTESIAN_POINT('',(0.56,-0.57,-0.355125000056));
#3619 = DIRECTION('',(6.505213034913E-15,0.,1.));
#3620 = DIRECTION('',(1.,0.,-6.505213034913E-15));
#3621 = DEFINITIONAL_REPRESENTATION('',(#3622),#3626);
#3622 = LINE('',#3623,#3624);
#3623 = CARTESIAN_POINT('',(0.,1.250000564836E-04));
#3624 = VECTOR('',#3625,1.);
#3625 = DIRECTION('',(1.,0.));
#3626 = ( GEOMETRIC_REPRESENTATION_CONTEXT(2) 
PARAMETRIC_REPRESENTATION_CONTEXT() REPRESENTATION_CONTEXT('2D SPACE',''
  ) );
#3627 = ORIENTED_EDGE('',*,*,#3628,.T.);
#3628 = EDGE_CURVE('',#3596,#1534,#3629,.T.);
#3629 = SURFACE_CURVE('',#3630,(#3634,#3641),.PCURVE_S1.);
#3630 = LINE('',#3631,#3632);
#3631 = CARTESIAN_POINT('',(0.51,-0.57,-0.355));
#3632 = VECTOR('',#3633,1.);
#3633 = DIRECTION('',(0.,-1.,0.));
#3634 = PCURVE('',#1248,#3635);
#3635 = DEFINITIONAL_REPRESENTATION('',(#3636),#3640);
#3636 = LINE('',#3637,#3638);
#3637 = CARTESIAN_POINT('',(-2.5E-02,2.5E-02));
#3638 = VECTOR('',#3639,1.);
#3639 = DIRECTION('',(0.,-1.));
#3640 = ( GEOMETRIC_REPRESENTATION_CONTEXT(2) 
PARAMETRIC_REPRESENTATION_CONTEXT() REPRESENTATION_CONTEXT('2D SPACE',''
  ) );
#3641 = PCURVE('',#3642,#3647);
#3642 = PLANE('',#3643);
#3643 = AXIS2_PLACEMENT_3D('',#3644,#3645,#3646);
#3644 = CARTESIAN_POINT('',(0.51,-0.57,-0.355125000056));
#3645 = DIRECTION('',(-1.,0.,6.982962677686E-15));
#3646 = DIRECTION('',(0.,1.,0.));
#3647 = DEFINITIONAL_REPRESENTATION('',(#3648),#3652);
#3648 = LINE('',#3649,#3650);
#3649 = CARTESIAN_POINT('',(0.,-1.250000564836E-04));
#3650 = VECTOR('',#3651,1.);
#3651 = DIRECTION('',(-1.,-0.));
#3652 = ( GEOMETRIC_REPRESENTATION_CONTEXT(2) 
PARAMETRIC_REPRESENTATION_CONTEXT() REPRESENTATION_CONTEXT('2D SPACE',''
  ) );
#3653 = ADVANCED_FACE('',(#3654),#3668,.F.);
#3654 = FACE_BOUND('',#3655,.T.);
#3655 = EDGE_LOOP('',(#3656,#3691,#3719,#3747));
#3656 = ORIENTED_EDGE('',*,*,#3657,.F.);
#3657 = EDGE_CURVE('',#3658,#3660,#3662,.T.);
#3658 = VERTEX_POINT('',#3659);
#3659 = CARTESIAN_POINT('',(-1.15,-1.15,4.974999943528E-03));
#3660 = VERTEX_POINT('',#3661);
#3661 = CARTESIAN_POINT('',(-1.15,1.15,4.974999943528E-03));
#3662 = SURFACE_CURVE('',#3663,(#3667,#3679),.PCURVE_S1.);
#3663 = LINE('',#3664,#3665);
#3664 = CARTESIAN_POINT('',(-1.15,1.15,4.974999943528E-03));
#3665 = VECTOR('',#3666,1.);
#3666 = DIRECTION('',(1.885568995627E-16,1.,-1.316685792267E-30));
#3667 = PCURVE('',#3668,#3673);
#3668 = PLANE('',#3669);
#3669 = AXIS2_PLACEMENT_3D('',#3670,#3671,#3672);
#3670 = CARTESIAN_POINT('',(1.311137653702E-16,1.563548512938E-16,
    4.97499994352E-03));
#3671 = DIRECTION('',(-6.982962677686E-15,0.,-1.));
#3672 = DIRECTION('',(-1.,0.,6.982962677686E-15));
#3673 = DEFINITIONAL_REPRESENTATION('',(#3674),#3678);
#3674 = LINE('',#3675,#3676);
#3675 = CARTESIAN_POINT('',(1.15,1.15));
#3676 = VECTOR('',#3677,1.);
#3677 = DIRECTION('',(-1.885568995627E-16,1.));
#3678 = ( GEOMETRIC_REPRESENTATION_CONTEXT(2) 
PARAMETRIC_REPRESENTATION_CONTEXT() REPRESENTATION_CONTEXT('2D SPACE',''
  ) );
#3679 = PCURVE('',#3680,#3685);
#3680 = PLANE('',#3681);
#3681 = AXIS2_PLACEMENT_3D('',#3682,#3683,#3684);
#3682 = CARTESIAN_POINT('',(-1.15,1.15,-8.502500005647E-02));
#3683 = DIRECTION('',(1.,-1.885568995627E-16,-6.982962677686E-15));
#3684 = DIRECTION('',(-6.982962677686E-15,0.,-1.));
#3685 = DEFINITIONAL_REPRESENTATION('',(#3686),#3690);
#3686 = LINE('',#3687,#3688);
#3687 = CARTESIAN_POINT('',(-9.E-02,7.102405503874E-33));
#3688 = VECTOR('',#3689,1.);
#3689 = DIRECTION('',(-2.101947696487E-45,1.));
#3690 = ( GEOMETRIC_REPRESENTATION_CONTEXT(2) 
PARAMETRIC_REPRESENTATION_CONTEXT() REPRESENTATION_CONTEXT('2D SPACE',''
  ) );
#3691 = ORIENTED_EDGE('',*,*,#3692,.F.);
#3692 = EDGE_CURVE('',#3693,#3658,#3695,.T.);
#3693 = VERTEX_POINT('',#3694);
#3694 = CARTESIAN_POINT('',(1.15,-1.15,4.974999943512E-03));
#3695 = SURFACE_CURVE('',#3696,(#3700,#3707),.PCURVE_S1.);
#3696 = LINE('',#3697,#3698);
#3697 = CARTESIAN_POINT('',(1.15,-1.15,4.974999943512E-03));
#3698 = VECTOR('',#3699,1.);
#3699 = DIRECTION('',(-1.,0.,6.982962677686E-15));
#3700 = PCURVE('',#3668,#3701);
#3701 = DEFINITIONAL_REPRESENTATION('',(#3702),#3706);
#3702 = LINE('',#3703,#3704);
#3703 = CARTESIAN_POINT('',(-1.15,-1.15));
#3704 = VECTOR('',#3705,1.);
#3705 = DIRECTION('',(1.,0.));
#3706 = ( GEOMETRIC_REPRESENTATION_CONTEXT(2) 
PARAMETRIC_REPRESENTATION_CONTEXT() REPRESENTATION_CONTEXT('2D SPACE',''
  ) );
#3707 = PCURVE('',#3708,#3713);
#3708 = PLANE('',#3709);
#3709 = AXIS2_PLACEMENT_3D('',#3710,#3711,#3712);
#3710 = CARTESIAN_POINT('',(1.15,-1.15,-8.502500005649E-02));
#3711 = DIRECTION('',(-0.,1.,0.));
#3712 = DIRECTION('',(1.,0.,0.));
#3713 = DEFINITIONAL_REPRESENTATION('',(#3714),#3718);
#3714 = LINE('',#3715,#3716);
#3715 = CARTESIAN_POINT('',(0.,-9.E-02));
#3716 = VECTOR('',#3717,1.);
#3717 = DIRECTION('',(-1.,-6.982962677686E-15));
#3718 = ( GEOMETRIC_REPRESENTATION_CONTEXT(2) 
PARAMETRIC_REPRESENTATION_CONTEXT() REPRESENTATION_CONTEXT('2D SPACE',''
  ) );
#3719 = ORIENTED_EDGE('',*,*,#3720,.F.);
#3720 = EDGE_CURVE('',#3721,#3693,#3723,.T.);
#3721 = VERTEX_POINT('',#3722);
#3722 = CARTESIAN_POINT('',(1.15,1.15,4.974999943512E-03));
#3723 = SURFACE_CURVE('',#3724,(#3728,#3735),.PCURVE_S1.);
#3724 = LINE('',#3725,#3726);
#3725 = CARTESIAN_POINT('',(1.15,1.15,4.974999943512E-03));
#3726 = VECTOR('',#3727,1.);
#3727 = DIRECTION('',(0.,-1.,0.));
#3728 = PCURVE('',#3668,#3729);
#3729 = DEFINITIONAL_REPRESENTATION('',(#3730),#3734);
#3730 = LINE('',#3731,#3732);
#3731 = CARTESIAN_POINT('',(-1.15,1.15));
#3732 = VECTOR('',#3733,1.);
#3733 = DIRECTION('',(0.,-1.));
#3734 = ( GEOMETRIC_REPRESENTATION_CONTEXT(2) 
PARAMETRIC_REPRESENTATION_CONTEXT() REPRESENTATION_CONTEXT('2D SPACE',''
  ) );
#3735 = PCURVE('',#3736,#3741);
#3736 = PLANE('',#3737);
#3737 = AXIS2_PLACEMENT_3D('',#3738,#3739,#3740);
#3738 = CARTESIAN_POINT('',(1.15,1.15,-8.502500005649E-02));
#3739 = DIRECTION('',(-1.,0.,6.982962677686E-15));
#3740 = DIRECTION('',(0.,1.,0.));
#3741 = DEFINITIONAL_REPRESENTATION('',(#3742),#3746);
#3742 = LINE('',#3743,#3744);
#3743 = CARTESIAN_POINT('',(0.,-9.E-02));
#3744 = VECTOR('',#3745,1.);
#3745 = DIRECTION('',(-1.,-0.));
#3746 = ( GEOMETRIC_REPRESENTATION_CONTEXT(2) 
PARAMETRIC_REPRESENTATION_CONTEXT() REPRESENTATION_CONTEXT('2D SPACE',''
  ) );
#3747 = ORIENTED_EDGE('',*,*,#3748,.F.);
#3748 = EDGE_CURVE('',#3660,#3721,#3749,.T.);
#3749 = SURFACE_CURVE('',#3750,(#3754,#3761),.PCURVE_S1.);
#3750 = LINE('',#3751,#3752);
#3751 = CARTESIAN_POINT('',(1.15,1.15,4.974999943512E-03));
#3752 = VECTOR('',#3753,1.);
#3753 = DIRECTION('',(1.,0.,-6.982962677686E-15));
#3754 = PCURVE('',#3668,#3755);
#3755 = DEFINITIONAL_REPRESENTATION('',(#3756),#3760);
#3756 = LINE('',#3757,#3758);
#3757 = CARTESIAN_POINT('',(-1.15,1.15));
#3758 = VECTOR('',#3759,1.);
#3759 = DIRECTION('',(-1.,0.));
#3760 = ( GEOMETRIC_REPRESENTATION_CONTEXT(2) 
PARAMETRIC_REPRESENTATION_CONTEXT() REPRESENTATION_CONTEXT('2D SPACE',''
  ) );
#3761 = PCURVE('',#3762,#3767);
#3762 = PLANE('',#3763);
#3763 = AXIS2_PLACEMENT_3D('',#3764,#3765,#3766);
#3764 = CARTESIAN_POINT('',(1.15,1.15,-8.502500005649E-02));
#3765 = DIRECTION('',(0.,-1.,0.));
#3766 = DIRECTION('',(0.,0.,-1.));
#3767 = DEFINITIONAL_REPRESENTATION('',(#3768),#3772);
#3768 = LINE('',#3769,#3770);
#3769 = CARTESIAN_POINT('',(-9.E-02,0.));
#3770 = VECTOR('',#3771,1.);
#3771 = DIRECTION('',(6.982962677686E-15,1.));
#3772 = ( GEOMETRIC_REPRESENTATION_CONTEXT(2) 
PARAMETRIC_REPRESENTATION_CONTEXT() REPRESENTATION_CONTEXT('2D SPACE',''
  ) );
#3773 = ADVANCED_FACE('',(#3774),#3708,.F.);
#3774 = FACE_BOUND('',#3775,.T.);
#3775 = EDGE_LOOP('',(#3776,#3777,#3800,#3828));
#3776 = ORIENTED_EDGE('',*,*,#3692,.T.);
#3777 = ORIENTED_EDGE('',*,*,#3778,.F.);
#3778 = EDGE_CURVE('',#3779,#3658,#3781,.T.);
#3779 = VERTEX_POINT('',#3780);
#3780 = CARTESIAN_POINT('',(-1.15,-1.15,-8.502500005647E-02));
#3781 = SURFACE_CURVE('',#3782,(#3786,#3793),.PCURVE_S1.);
#3782 = LINE('',#3783,#3784);
#3783 = CARTESIAN_POINT('',(-1.15,-1.15,-8.502500005647E-02));
#3784 = VECTOR('',#3785,1.);
#3785 = DIRECTION('',(6.982962677686E-15,0.,1.));
#3786 = PCURVE('',#3708,#3787);
#3787 = DEFINITIONAL_REPRESENTATION('',(#3788),#3792);
#3788 = LINE('',#3789,#3790);
#3789 = CARTESIAN_POINT('',(-2.3,-1.609823385706E-14));
#3790 = VECTOR('',#3791,1.);
#3791 = DIRECTION('',(6.982962677686E-15,-1.));
#3792 = ( GEOMETRIC_REPRESENTATION_CONTEXT(2) 
PARAMETRIC_REPRESENTATION_CONTEXT() REPRESENTATION_CONTEXT('2D SPACE',''
  ) );
#3793 = PCURVE('',#3680,#3794);
#3794 = DEFINITIONAL_REPRESENTATION('',(#3795),#3799);
#3795 = LINE('',#3796,#3797);
#3796 = CARTESIAN_POINT('',(3.101058377946E-30,-2.3));
#3797 = VECTOR('',#3798,1.);
#3798 = DIRECTION('',(-1.,0.));
#3799 = ( GEOMETRIC_REPRESENTATION_CONTEXT(2) 
PARAMETRIC_REPRESENTATION_CONTEXT() REPRESENTATION_CONTEXT('2D SPACE',''
  ) );
#3800 = ORIENTED_EDGE('',*,*,#3801,.F.);
#3801 = EDGE_CURVE('',#3802,#3779,#3804,.T.);
#3802 = VERTEX_POINT('',#3803);
#3803 = CARTESIAN_POINT('',(1.15,-1.15,-8.502500005649E-02));
#3804 = SURFACE_CURVE('',#3805,(#3809,#3816),.PCURVE_S1.);
#3805 = LINE('',#3806,#3807);
#3806 = CARTESIAN_POINT('',(1.15,-1.15,-8.502500005649E-02));
#3807 = VECTOR('',#3808,1.);
#3808 = DIRECTION('',(-1.,0.,6.982962677686E-15));
#3809 = PCURVE('',#3708,#3810);
#3810 = DEFINITIONAL_REPRESENTATION('',(#3811),#3815);
#3811 = LINE('',#3812,#3813);
#3812 = CARTESIAN_POINT('',(0.,0.));
#3813 = VECTOR('',#3814,1.);
#3814 = DIRECTION('',(-1.,-6.982962677686E-15));
#3815 = ( GEOMETRIC_REPRESENTATION_CONTEXT(2) 
PARAMETRIC_REPRESENTATION_CONTEXT() REPRESENTATION_CONTEXT('2D SPACE',''
  ) );
#3816 = PCURVE('',#3817,#3822);
#3817 = PLANE('',#3818);
#3818 = AXIS2_PLACEMENT_3D('',#3819,#3820,#3821);
#3819 = CARTESIAN_POINT('',(1.15,-1.15,-8.502500005649E-02));
#3820 = DIRECTION('',(0.,-1.,0.));
#3821 = DIRECTION('',(0.,0.,-1.));
#3822 = DEFINITIONAL_REPRESENTATION('',(#3823),#3827);
#3823 = LINE('',#3824,#3825);
#3824 = CARTESIAN_POINT('',(0.,0.));
#3825 = VECTOR('',#3826,1.);
#3826 = DIRECTION('',(-6.982962677686E-15,-1.));
#3827 = ( GEOMETRIC_REPRESENTATION_CONTEXT(2) 
PARAMETRIC_REPRESENTATION_CONTEXT() REPRESENTATION_CONTEXT('2D SPACE',''
  ) );
#3828 = ORIENTED_EDGE('',*,*,#3829,.T.);
#3829 = EDGE_CURVE('',#3802,#3693,#3830,.T.);
#3830 = SURFACE_CURVE('',#3831,(#3835,#3842),.PCURVE_S1.);
#3831 = LINE('',#3832,#3833);
#3832 = CARTESIAN_POINT('',(1.15,-1.15,-8.502500005649E-02));
#3833 = VECTOR('',#3834,1.);
#3834 = DIRECTION('',(6.982962677686E-15,0.,1.));
#3835 = PCURVE('',#3708,#3836);
#3836 = DEFINITIONAL_REPRESENTATION('',(#3837),#3841);
#3837 = LINE('',#3838,#3839);
#3838 = CARTESIAN_POINT('',(0.,0.));
#3839 = VECTOR('',#3840,1.);
#3840 = DIRECTION('',(6.982962677686E-15,-1.));
#3841 = ( GEOMETRIC_REPRESENTATION_CONTEXT(2) 
PARAMETRIC_REPRESENTATION_CONTEXT() REPRESENTATION_CONTEXT('2D SPACE',''
  ) );
#3842 = PCURVE('',#3736,#3843);
#3843 = DEFINITIONAL_REPRESENTATION('',(#3844),#3848);
#3844 = LINE('',#3845,#3846);
#3845 = CARTESIAN_POINT('',(-2.3,-0.));
#3846 = VECTOR('',#3847,1.);
#3847 = DIRECTION('',(0.,-1.));
#3848 = ( GEOMETRIC_REPRESENTATION_CONTEXT(2) 
PARAMETRIC_REPRESENTATION_CONTEXT() REPRESENTATION_CONTEXT('2D SPACE',''
  ) );
#3849 = ADVANCED_FACE('',(#3850),#3736,.F.);
#3850 = FACE_BOUND('',#3851,.T.);
#3851 = EDGE_LOOP('',(#3852,#3853,#3854,#3882));
#3852 = ORIENTED_EDGE('',*,*,#3720,.T.);
#3853 = ORIENTED_EDGE('',*,*,#3829,.F.);
#3854 = ORIENTED_EDGE('',*,*,#3855,.F.);
#3855 = EDGE_CURVE('',#3856,#3802,#3858,.T.);
#3856 = VERTEX_POINT('',#3857);
#3857 = CARTESIAN_POINT('',(1.15,1.15,-8.502500005649E-02));
#3858 = SURFACE_CURVE('',#3859,(#3863,#3870),.PCURVE_S1.);
#3859 = LINE('',#3860,#3861);
#3860 = CARTESIAN_POINT('',(1.15,1.15,-8.502500005649E-02));
#3861 = VECTOR('',#3862,1.);
#3862 = DIRECTION('',(-1.885568995627E-16,-1.,1.316685792267E-30));
#3863 = PCURVE('',#3736,#3864);
#3864 = DEFINITIONAL_REPRESENTATION('',(#3865),#3869);
#3865 = LINE('',#3866,#3867);
#3866 = CARTESIAN_POINT('',(0.,0.));
#3867 = VECTOR('',#3868,1.);
#3868 = DIRECTION('',(-1.,2.101947696487E-45));
#3869 = ( GEOMETRIC_REPRESENTATION_CONTEXT(2) 
PARAMETRIC_REPRESENTATION_CONTEXT() REPRESENTATION_CONTEXT('2D SPACE',''
  ) );
#3870 = PCURVE('',#3871,#3876);
#3871 = PLANE('',#3872);
#3872 = AXIS2_PLACEMENT_3D('',#3873,#3874,#3875);
#3873 = CARTESIAN_POINT('',(1.15,1.15,-8.502500005649E-02));
#3874 = DIRECTION('',(1.,-1.885568995627E-16,-6.982962677686E-15));
#3875 = DIRECTION('',(-6.982962677686E-15,0.,-1.));
#3876 = DEFINITIONAL_REPRESENTATION('',(#3877),#3881);
#3877 = LINE('',#3878,#3879);
#3878 = CARTESIAN_POINT('',(0.,0.));
#3879 = VECTOR('',#3880,1.);
#3880 = DIRECTION('',(2.101947696487E-45,-1.));
#3881 = ( GEOMETRIC_REPRESENTATION_CONTEXT(2) 
PARAMETRIC_REPRESENTATION_CONTEXT() REPRESENTATION_CONTEXT('2D SPACE',''
  ) );
#3882 = ORIENTED_EDGE('',*,*,#3883,.T.);
#3883 = EDGE_CURVE('',#3856,#3721,#3884,.T.);
#3884 = SURFACE_CURVE('',#3885,(#3889,#3896),.PCURVE_S1.);
#3885 = LINE('',#3886,#3887);
#3886 = CARTESIAN_POINT('',(1.15,1.15,-8.502500005649E-02));
#3887 = VECTOR('',#3888,1.);
#3888 = DIRECTION('',(6.982962677686E-15,0.,1.));
#3889 = PCURVE('',#3736,#3890);
#3890 = DEFINITIONAL_REPRESENTATION('',(#3891),#3895);
#3891 = LINE('',#3892,#3893);
#3892 = CARTESIAN_POINT('',(0.,0.));
#3893 = VECTOR('',#3894,1.);
#3894 = DIRECTION('',(0.,-1.));
#3895 = ( GEOMETRIC_REPRESENTATION_CONTEXT(2) 
PARAMETRIC_REPRESENTATION_CONTEXT() REPRESENTATION_CONTEXT('2D SPACE',''
  ) );
#3896 = PCURVE('',#3762,#3897);
#3897 = DEFINITIONAL_REPRESENTATION('',(#3898),#3902);
#3898 = LINE('',#3899,#3900);
#3899 = CARTESIAN_POINT('',(0.,0.));
#3900 = VECTOR('',#3901,1.);
#3901 = DIRECTION('',(-1.,6.982962677686E-15));
#3902 = ( GEOMETRIC_REPRESENTATION_CONTEXT(2) 
PARAMETRIC_REPRESENTATION_CONTEXT() REPRESENTATION_CONTEXT('2D SPACE',''
  ) );
#3903 = ADVANCED_FACE('',(#3904),#3762,.F.);
#3904 = FACE_BOUND('',#3905,.T.);
#3905 = EDGE_LOOP('',(#3906,#3907,#3908,#3936));
#3906 = ORIENTED_EDGE('',*,*,#3748,.T.);
#3907 = ORIENTED_EDGE('',*,*,#3883,.F.);
#3908 = ORIENTED_EDGE('',*,*,#3909,.F.);
#3909 = EDGE_CURVE('',#3910,#3856,#3912,.T.);
#3910 = VERTEX_POINT('',#3911);
#3911 = CARTESIAN_POINT('',(-1.15,1.15,-8.502500005647E-02));
#3912 = SURFACE_CURVE('',#3913,(#3917,#3924),.PCURVE_S1.);
#3913 = LINE('',#3914,#3915);
#3914 = CARTESIAN_POINT('',(1.15,1.15,-8.502500005649E-02));
#3915 = VECTOR('',#3916,1.);
#3916 = DIRECTION('',(1.,0.,-6.982962677686E-15));
#3917 = PCURVE('',#3762,#3918);
#3918 = DEFINITIONAL_REPRESENTATION('',(#3919),#3923);
#3919 = LINE('',#3920,#3921);
#3920 = CARTESIAN_POINT('',(0.,0.));
#3921 = VECTOR('',#3922,1.);
#3922 = DIRECTION('',(6.982962677686E-15,1.));
#3923 = ( GEOMETRIC_REPRESENTATION_CONTEXT(2) 
PARAMETRIC_REPRESENTATION_CONTEXT() REPRESENTATION_CONTEXT('2D SPACE',''
  ) );
#3924 = PCURVE('',#3925,#3930);
#3925 = PLANE('',#3926);
#3926 = AXIS2_PLACEMENT_3D('',#3927,#3928,#3929);
#3927 = CARTESIAN_POINT('',(1.15,1.15,-8.502500005649E-02));
#3928 = DIRECTION('',(-0.,1.,0.));
#3929 = DIRECTION('',(1.,0.,0.));
#3930 = DEFINITIONAL_REPRESENTATION('',(#3931),#3935);
#3931 = LINE('',#3932,#3933);
#3932 = CARTESIAN_POINT('',(0.,0.));
#3933 = VECTOR('',#3934,1.);
#3934 = DIRECTION('',(1.,6.982962677686E-15));
#3935 = ( GEOMETRIC_REPRESENTATION_CONTEXT(2) 
PARAMETRIC_REPRESENTATION_CONTEXT() REPRESENTATION_CONTEXT('2D SPACE',''
  ) );
#3936 = ORIENTED_EDGE('',*,*,#3937,.T.);
#3937 = EDGE_CURVE('',#3910,#3660,#3938,.T.);
#3938 = SURFACE_CURVE('',#3939,(#3943,#3950),.PCURVE_S1.);
#3939 = LINE('',#3940,#3941);
#3940 = CARTESIAN_POINT('',(-1.15,1.15,-8.502500005647E-02));
#3941 = VECTOR('',#3942,1.);
#3942 = DIRECTION('',(6.982962677686E-15,0.,1.));
#3943 = PCURVE('',#3762,#3944);
#3944 = DEFINITIONAL_REPRESENTATION('',(#3945),#3949);
#3945 = LINE('',#3946,#3947);
#3946 = CARTESIAN_POINT('',(-1.609823385706E-14,-2.3));
#3947 = VECTOR('',#3948,1.);
#3948 = DIRECTION('',(-1.,6.982962677686E-15));
#3949 = ( GEOMETRIC_REPRESENTATION_CONTEXT(2) 
PARAMETRIC_REPRESENTATION_CONTEXT() REPRESENTATION_CONTEXT('2D SPACE',''
  ) );
#3950 = PCURVE('',#3680,#3951);
#3951 = DEFINITIONAL_REPRESENTATION('',(#3952),#3956);
#3952 = LINE('',#3953,#3954);
#3953 = CARTESIAN_POINT('',(0.,0.));
#3954 = VECTOR('',#3955,1.);
#3955 = DIRECTION('',(-1.,0.));
#3956 = ( GEOMETRIC_REPRESENTATION_CONTEXT(2) 
PARAMETRIC_REPRESENTATION_CONTEXT() REPRESENTATION_CONTEXT('2D SPACE',''
  ) );
#3957 = ADVANCED_FACE('',(#3958),#3680,.F.);
#3958 = FACE_BOUND('',#3959,.T.);
#3959 = EDGE_LOOP('',(#3960,#3961,#3962,#3988));
#3960 = ORIENTED_EDGE('',*,*,#3657,.T.);
#3961 = ORIENTED_EDGE('',*,*,#3937,.F.);
#3962 = ORIENTED_EDGE('',*,*,#3963,.F.);
#3963 = EDGE_CURVE('',#3779,#3910,#3964,.T.);
#3964 = SURFACE_CURVE('',#3965,(#3969,#3976),.PCURVE_S1.);
#3965 = LINE('',#3966,#3967);
#3966 = CARTESIAN_POINT('',(-1.15,1.15,-8.502500005647E-02));
#3967 = VECTOR('',#3968,1.);
#3968 = DIRECTION('',(1.885568995627E-16,1.,-1.316685792267E-30));
#3969 = PCURVE('',#3680,#3970);
#3970 = DEFINITIONAL_REPRESENTATION('',(#3971),#3975);
#3971 = LINE('',#3972,#3973);
#3972 = CARTESIAN_POINT('',(9.71445146547E-17,1.279088022425E-46));
#3973 = VECTOR('',#3974,1.);
#3974 = DIRECTION('',(-2.101947696487E-45,1.));
#3975 = ( GEOMETRIC_REPRESENTATION_CONTEXT(2) 
PARAMETRIC_REPRESENTATION_CONTEXT() REPRESENTATION_CONTEXT('2D SPACE',''
  ) );
#3976 = PCURVE('',#3977,#3982);
#3977 = PLANE('',#3978);
#3978 = AXIS2_PLACEMENT_3D('',#3979,#3980,#3981);
#3979 = CARTESIAN_POINT('',(-1.15,1.15,-8.502500005647E-02));
#3980 = DIRECTION('',(-1.,1.885568995627E-16,6.982962677686E-15));
#3981 = DIRECTION('',(1.885568995627E-16,1.,0.));
#3982 = DEFINITIONAL_REPRESENTATION('',(#3983),#3987);
#3983 = LINE('',#3984,#3985);
#3984 = CARTESIAN_POINT('',(0.,0.));
#3985 = VECTOR('',#3986,1.);
#3986 = DIRECTION('',(1.,1.316685792267E-30));
#3987 = ( GEOMETRIC_REPRESENTATION_CONTEXT(2) 
PARAMETRIC_REPRESENTATION_CONTEXT() REPRESENTATION_CONTEXT('2D SPACE',''
  ) );
#3988 = ORIENTED_EDGE('',*,*,#3778,.T.);
#3989 = ADVANCED_FACE('',(#3990),#3350,.T.);
#3990 = FACE_BOUND('',#3991,.T.);
#3991 = EDGE_LOOP('',(#3992,#3993,#4016,#4039));
#3992 = ORIENTED_EDGE('',*,*,#3334,.F.);
#3993 = ORIENTED_EDGE('',*,*,#3994,.F.);
#3994 = EDGE_CURVE('',#3995,#3306,#3997,.T.);
#3995 = VERTEX_POINT('',#3996);
#3996 = CARTESIAN_POINT('',(0.635,-0.25,-0.355125000056));
#3997 = SURFACE_CURVE('',#3998,(#4002,#4009),.PCURVE_S1.);
#3998 = LINE('',#3999,#4000);
#3999 = CARTESIAN_POINT('',(0.635,-0.25,-0.355125000056));
#4000 = VECTOR('',#4001,1.);
#4001 = DIRECTION('',(6.982962677686E-15,0.,1.));
#4002 = PCURVE('',#3350,#4003);
#4003 = DEFINITIONAL_REPRESENTATION('',(#4004),#4008);
#4004 = LINE('',#4005,#4006);
#4005 = CARTESIAN_POINT('',(5.394448724536E-02,0.));
#4006 = VECTOR('',#4007,1.);
#4007 = DIRECTION('',(6.982962677686E-15,-1.));
#4008 = ( GEOMETRIC_REPRESENTATION_CONTEXT(2) 
PARAMETRIC_REPRESENTATION_CONTEXT() REPRESENTATION_CONTEXT('2D SPACE',''
  ) );
#4009 = PCURVE('',#3322,#4010);
#4010 = DEFINITIONAL_REPRESENTATION('',(#4011),#4015);
#4011 = LINE('',#4012,#4013);
#4012 = CARTESIAN_POINT('',(4.712388980385,0.));
#4013 = VECTOR('',#4014,1.);
#4014 = DIRECTION('',(0.,1.));
#4015 = ( GEOMETRIC_REPRESENTATION_CONTEXT(2) 
PARAMETRIC_REPRESENTATION_CONTEXT() REPRESENTATION_CONTEXT('2D SPACE',''
  ) );
#4016 = ORIENTED_EDGE('',*,*,#4017,.T.);
#4017 = EDGE_CURVE('',#3995,#4018,#4020,.T.);
#4018 = VERTEX_POINT('',#4019);
#4019 = CARTESIAN_POINT('',(0.581055512755,-0.25,-0.355125000056));
#4020 = SURFACE_CURVE('',#4021,(#4025,#4032),.PCURVE_S1.);
#4021 = LINE('',#4022,#4023);
#4022 = CARTESIAN_POINT('',(0.581055512755,-0.25,-0.355125000056));
#4023 = VECTOR('',#4024,1.);
#4024 = DIRECTION('',(-1.,0.,6.982962677686E-15));
#4025 = PCURVE('',#3350,#4026);
#4026 = DEFINITIONAL_REPRESENTATION('',(#4027),#4031);
#4027 = LINE('',#4028,#4029);
#4028 = CARTESIAN_POINT('',(0.,0.));
#4029 = VECTOR('',#4030,1.);
#4030 = DIRECTION('',(-1.,-6.982962677686E-15));
#4031 = ( GEOMETRIC_REPRESENTATION_CONTEXT(2) 
PARAMETRIC_REPRESENTATION_CONTEXT() REPRESENTATION_CONTEXT('2D SPACE',''
  ) );
#4032 = PCURVE('',#1187,#4033);
#4033 = DEFINITIONAL_REPRESENTATION('',(#4034),#4038);
#4034 = LINE('',#4035,#4036);
#4035 = CARTESIAN_POINT('',(-0.581055512755,-0.25));
#4036 = VECTOR('',#4037,1.);
#4037 = DIRECTION('',(1.,0.));
#4038 = ( GEOMETRIC_REPRESENTATION_CONTEXT(2) 
PARAMETRIC_REPRESENTATION_CONTEXT() REPRESENTATION_CONTEXT('2D SPACE',''
  ) );
#4039 = ORIENTED_EDGE('',*,*,#4040,.T.);
#4040 = EDGE_CURVE('',#4018,#3335,#4041,.T.);
#4041 = SURFACE_CURVE('',#4042,(#4046,#4053),.PCURVE_S1.);
#4042 = LINE('',#4043,#4044);
#4043 = CARTESIAN_POINT('',(0.581055512755,-0.25,-0.355125000056));
#4044 = VECTOR('',#4045,1.);
#4045 = DIRECTION('',(6.982962677686E-15,0.,1.));
#4046 = PCURVE('',#3350,#4047);
#4047 = DEFINITIONAL_REPRESENTATION('',(#4048),#4052);
#4048 = LINE('',#4049,#4050);
#4049 = CARTESIAN_POINT('',(0.,0.));
#4050 = VECTOR('',#4051,1.);
#4051 = DIRECTION('',(6.982962677686E-15,-1.));
#4052 = ( GEOMETRIC_REPRESENTATION_CONTEXT(2) 
PARAMETRIC_REPRESENTATION_CONTEXT() REPRESENTATION_CONTEXT('2D SPACE',''
  ) );
#4053 = PCURVE('',#3379,#4054);
#4054 = DEFINITIONAL_REPRESENTATION('',(#4055),#4059);
#4055 = LINE('',#4056,#4057);
#4056 = CARTESIAN_POINT('',(4.712388980385,0.));
#4057 = VECTOR('',#4058,1.);
#4058 = DIRECTION('',(0.,1.));
#4059 = ( GEOMETRIC_REPRESENTATION_CONTEXT(2) 
PARAMETRIC_REPRESENTATION_CONTEXT() REPRESENTATION_CONTEXT('2D SPACE',''
  ) );
#4060 = ADVANCED_FACE('',(#4061),#3322,.F.);
#4061 = FACE_BOUND('',#4062,.F.);
#4062 = EDGE_LOOP('',(#4063,#4064,#4088,#4109));
#4063 = ORIENTED_EDGE('',*,*,#3994,.F.);
#4064 = ORIENTED_EDGE('',*,*,#4065,.F.);
#4065 = EDGE_CURVE('',#4066,#3995,#4068,.T.);
#4066 = VERTEX_POINT('',#4067);
#4067 = CARTESIAN_POINT('',(0.66,-0.225,-0.355125000056));
#4068 = SURFACE_CURVE('',#4069,(#4074,#4081),.PCURVE_S1.);
#4069 = CIRCLE('',#4070,2.5E-02);
#4070 = AXIS2_PLACEMENT_3D('',#4071,#4072,#4073);
#4071 = CARTESIAN_POINT('',(0.635,-0.225,-0.355125000056));
#4072 = DIRECTION('',(-6.505213034913E-15,0.,-1.));
#4073 = DIRECTION('',(1.,0.,-6.505213034913E-15));
#4074 = PCURVE('',#3322,#4075);
#4075 = DEFINITIONAL_REPRESENTATION('',(#4076),#4080);
#4076 = LINE('',#4077,#4078);
#4077 = CARTESIAN_POINT('',(6.28318530718,0.));
#4078 = VECTOR('',#4079,1.);
#4079 = DIRECTION('',(-1.,0.));
#4080 = ( GEOMETRIC_REPRESENTATION_CONTEXT(2) 
PARAMETRIC_REPRESENTATION_CONTEXT() REPRESENTATION_CONTEXT('2D SPACE',''
  ) );
#4081 = PCURVE('',#1187,#4082);
#4082 = DEFINITIONAL_REPRESENTATION('',(#4083),#4087);
#4083 = CIRCLE('',#4084,2.5E-02);
#4084 = AXIS2_PLACEMENT_2D('',#4085,#4086);
#4085 = CARTESIAN_POINT('',(-0.635,-0.225));
#4086 = DIRECTION('',(-1.,0.));
#4087 = ( GEOMETRIC_REPRESENTATION_CONTEXT(2) 
PARAMETRIC_REPRESENTATION_CONTEXT() REPRESENTATION_CONTEXT('2D SPACE',''
  ) );
#4088 = ORIENTED_EDGE('',*,*,#4089,.T.);
#4089 = EDGE_CURVE('',#4066,#3278,#4090,.T.);
#4090 = SURFACE_CURVE('',#4091,(#4095,#4102),.PCURVE_S1.);
#4091 = LINE('',#4092,#4093);
#4092 = CARTESIAN_POINT('',(0.66,-0.225,-0.355125000056));
#4093 = VECTOR('',#4094,1.);
#4094 = DIRECTION('',(6.982962677686E-15,0.,1.));
#4095 = PCURVE('',#3322,#4096);
#4096 = DEFINITIONAL_REPRESENTATION('',(#4097),#4101);
#4097 = LINE('',#4098,#4099);
#4098 = CARTESIAN_POINT('',(6.28318530718,-3.330669073875E-16));
#4099 = VECTOR('',#4100,1.);
#4100 = DIRECTION('',(0.,1.));
#4101 = ( GEOMETRIC_REPRESENTATION_CONTEXT(2) 
PARAMETRIC_REPRESENTATION_CONTEXT() REPRESENTATION_CONTEXT('2D SPACE',''
  ) );
#4102 = PCURVE('',#3293,#4103);
#4103 = DEFINITIONAL_REPRESENTATION('',(#4104),#4108);
#4104 = LINE('',#4105,#4106);
#4105 = CARTESIAN_POINT('',(-0.165,-0.));
#4106 = VECTOR('',#4107,1.);
#4107 = DIRECTION('',(0.,-1.));
#4108 = ( GEOMETRIC_REPRESENTATION_CONTEXT(2) 
PARAMETRIC_REPRESENTATION_CONTEXT() REPRESENTATION_CONTEXT('2D SPACE',''
  ) );
#4109 = ORIENTED_EDGE('',*,*,#3305,.T.);
#4110 = ADVANCED_FACE('',(#4111),#3293,.T.);
#4111 = FACE_BOUND('',#4112,.T.);
#4112 = EDGE_LOOP('',(#4113,#4114,#4137,#4158));
#4113 = ORIENTED_EDGE('',*,*,#3277,.F.);
#4114 = ORIENTED_EDGE('',*,*,#4115,.F.);
#4115 = EDGE_CURVE('',#4116,#3249,#4118,.T.);
#4116 = VERTEX_POINT('',#4117);
#4117 = CARTESIAN_POINT('',(0.66,-6.E-02,-0.355125000056));
#4118 = SURFACE_CURVE('',#4119,(#4123,#4130),.PCURVE_S1.);
#4119 = LINE('',#4120,#4121);
#4120 = CARTESIAN_POINT('',(0.66,-6.E-02,-0.355125000056));
#4121 = VECTOR('',#4122,1.);
#4122 = DIRECTION('',(6.982962677686E-15,0.,1.));
#4123 = PCURVE('',#3293,#4124);
#4124 = DEFINITIONAL_REPRESENTATION('',(#4125),#4129);
#4125 = LINE('',#4126,#4127);
#4126 = CARTESIAN_POINT('',(0.,0.));
#4127 = VECTOR('',#4128,1.);
#4128 = DIRECTION('',(0.,-1.));
#4129 = ( GEOMETRIC_REPRESENTATION_CONTEXT(2) 
PARAMETRIC_REPRESENTATION_CONTEXT() REPRESENTATION_CONTEXT('2D SPACE',''
  ) );
#4130 = PCURVE('',#3265,#4131);
#4131 = DEFINITIONAL_REPRESENTATION('',(#4132),#4136);
#4132 = LINE('',#4133,#4134);
#4133 = CARTESIAN_POINT('',(0.,-3.330669073875E-16));
#4134 = VECTOR('',#4135,1.);
#4135 = DIRECTION('',(0.,1.));
#4136 = ( GEOMETRIC_REPRESENTATION_CONTEXT(2) 
PARAMETRIC_REPRESENTATION_CONTEXT() REPRESENTATION_CONTEXT('2D SPACE',''
  ) );
#4137 = ORIENTED_EDGE('',*,*,#4138,.T.);
#4138 = EDGE_CURVE('',#4116,#4066,#4139,.T.);
#4139 = SURFACE_CURVE('',#4140,(#4144,#4151),.PCURVE_S1.);
#4140 = LINE('',#4141,#4142);
#4141 = CARTESIAN_POINT('',(0.66,-6.E-02,-0.355125000056));
#4142 = VECTOR('',#4143,1.);
#4143 = DIRECTION('',(0.,-1.,0.));
#4144 = PCURVE('',#3293,#4145);
#4145 = DEFINITIONAL_REPRESENTATION('',(#4146),#4150);
#4146 = LINE('',#4147,#4148);
#4147 = CARTESIAN_POINT('',(0.,0.));
#4148 = VECTOR('',#4149,1.);
#4149 = DIRECTION('',(-1.,-0.));
#4150 = ( GEOMETRIC_REPRESENTATION_CONTEXT(2) 
PARAMETRIC_REPRESENTATION_CONTEXT() REPRESENTATION_CONTEXT('2D SPACE',''
  ) );
#4151 = PCURVE('',#1187,#4152);
#4152 = DEFINITIONAL_REPRESENTATION('',(#4153),#4157);
#4153 = LINE('',#4154,#4155);
#4154 = CARTESIAN_POINT('',(-0.66,-6.E-02));
#4155 = VECTOR('',#4156,1.);
#4156 = DIRECTION('',(0.,-1.));
#4157 = ( GEOMETRIC_REPRESENTATION_CONTEXT(2) 
PARAMETRIC_REPRESENTATION_CONTEXT() REPRESENTATION_CONTEXT('2D SPACE',''
  ) );
#4158 = ORIENTED_EDGE('',*,*,#4089,.T.);
#4159 = ADVANCED_FACE('',(#4160),#3265,.F.);
#4160 = FACE_BOUND('',#4161,.F.);
#4161 = EDGE_LOOP('',(#4162,#4163,#4187,#4208));
#4162 = ORIENTED_EDGE('',*,*,#4115,.F.);
#4163 = ORIENTED_EDGE('',*,*,#4164,.F.);
#4164 = EDGE_CURVE('',#4165,#4116,#4167,.T.);
#4165 = VERTEX_POINT('',#4166);
#4166 = CARTESIAN_POINT('',(0.635,-3.5E-02,-0.355125000056));
#4167 = SURFACE_CURVE('',#4168,(#4173,#4180),.PCURVE_S1.);
#4168 = CIRCLE('',#4169,2.5E-02);
#4169 = AXIS2_PLACEMENT_3D('',#4170,#4171,#4172);
#4170 = CARTESIAN_POINT('',(0.635,-6.E-02,-0.355125000056));
#4171 = DIRECTION('',(-6.505213034913E-15,0.,-1.));
#4172 = DIRECTION('',(-1.,0.,6.505213034913E-15));
#4173 = PCURVE('',#3265,#4174);
#4174 = DEFINITIONAL_REPRESENTATION('',(#4175),#4179);
#4175 = LINE('',#4176,#4177);
#4176 = CARTESIAN_POINT('',(3.14159265359,0.));
#4177 = VECTOR('',#4178,1.);
#4178 = DIRECTION('',(-1.,0.));
#4179 = ( GEOMETRIC_REPRESENTATION_CONTEXT(2) 
PARAMETRIC_REPRESENTATION_CONTEXT() REPRESENTATION_CONTEXT('2D SPACE',''
  ) );
#4180 = PCURVE('',#1187,#4181);
#4181 = DEFINITIONAL_REPRESENTATION('',(#4182),#4186);
#4182 = CIRCLE('',#4183,2.5E-02);
#4183 = AXIS2_PLACEMENT_2D('',#4184,#4185);
#4184 = CARTESIAN_POINT('',(-0.635,-6.E-02));
#4185 = DIRECTION('',(1.,0.));
#4186 = ( GEOMETRIC_REPRESENTATION_CONTEXT(2) 
PARAMETRIC_REPRESENTATION_CONTEXT() REPRESENTATION_CONTEXT('2D SPACE',''
  ) );
#4187 = ORIENTED_EDGE('',*,*,#4188,.T.);
#4188 = EDGE_CURVE('',#4165,#3221,#4189,.T.);
#4189 = SURFACE_CURVE('',#4190,(#4194,#4201),.PCURVE_S1.);
#4190 = LINE('',#4191,#4192);
#4191 = CARTESIAN_POINT('',(0.635,-3.5E-02,-0.355125000056));
#4192 = VECTOR('',#4193,1.);
#4193 = DIRECTION('',(6.982962677686E-15,0.,1.));
#4194 = PCURVE('',#3265,#4195);
#4195 = DEFINITIONAL_REPRESENTATION('',(#4196),#4200);
#4196 = LINE('',#4197,#4198);
#4197 = CARTESIAN_POINT('',(1.570796326795,0.));
#4198 = VECTOR('',#4199,1.);
#4199 = DIRECTION('',(0.,1.));
#4200 = ( GEOMETRIC_REPRESENTATION_CONTEXT(2) 
PARAMETRIC_REPRESENTATION_CONTEXT() REPRESENTATION_CONTEXT('2D SPACE',''
  ) );
#4201 = PCURVE('',#3236,#4202);
#4202 = DEFINITIONAL_REPRESENTATION('',(#4203),#4207);
#4203 = LINE('',#4204,#4205);
#4204 = CARTESIAN_POINT('',(-0.153944487245,9.992007221626E-16));
#4205 = VECTOR('',#4206,1.);
#4206 = DIRECTION('',(-6.982962677686E-15,-1.));
#4207 = ( GEOMETRIC_REPRESENTATION_CONTEXT(2) 
PARAMETRIC_REPRESENTATION_CONTEXT() REPRESENTATION_CONTEXT('2D SPACE',''
  ) );
#4208 = ORIENTED_EDGE('',*,*,#3248,.T.);
#4209 = ADVANCED_FACE('',(#4210),#3236,.T.);
#4210 = FACE_BOUND('',#4211,.T.);
#4211 = EDGE_LOOP('',(#4212,#4213,#4236,#4257));
#4212 = ORIENTED_EDGE('',*,*,#3220,.F.);
#4213 = ORIENTED_EDGE('',*,*,#4214,.F.);
#4214 = EDGE_CURVE('',#4215,#3192,#4217,.T.);
#4215 = VERTEX_POINT('',#4216);
#4216 = CARTESIAN_POINT('',(0.481055512755,-3.5E-02,-0.355125000056));
#4217 = SURFACE_CURVE('',#4218,(#4222,#4229),.PCURVE_S1.);
#4218 = LINE('',#4219,#4220);
#4219 = CARTESIAN_POINT('',(0.481055512755,-3.5E-02,-0.355125000056));
#4220 = VECTOR('',#4221,1.);
#4221 = DIRECTION('',(6.982962677686E-15,0.,1.));
#4222 = PCURVE('',#3236,#4223);
#4223 = DEFINITIONAL_REPRESENTATION('',(#4224),#4228);
#4224 = LINE('',#4225,#4226);
#4225 = CARTESIAN_POINT('',(0.,-0.));
#4226 = VECTOR('',#4227,1.);
#4227 = DIRECTION('',(-6.982962677686E-15,-1.));
#4228 = ( GEOMETRIC_REPRESENTATION_CONTEXT(2) 
PARAMETRIC_REPRESENTATION_CONTEXT() REPRESENTATION_CONTEXT('2D SPACE',''
  ) );
#4229 = PCURVE('',#3208,#4230);
#4230 = DEFINITIONAL_REPRESENTATION('',(#4231),#4235);
#4231 = LINE('',#4232,#4233);
#4232 = CARTESIAN_POINT('',(1.570796326795,0.));
#4233 = VECTOR('',#4234,1.);
#4234 = DIRECTION('',(0.,1.));
#4235 = ( GEOMETRIC_REPRESENTATION_CONTEXT(2) 
PARAMETRIC_REPRESENTATION_CONTEXT() REPRESENTATION_CONTEXT('2D SPACE',''
  ) );
#4236 = ORIENTED_EDGE('',*,*,#4237,.T.);
#4237 = EDGE_CURVE('',#4215,#4165,#4238,.T.);
#4238 = SURFACE_CURVE('',#4239,(#4243,#4250),.PCURVE_S1.);
#4239 = LINE('',#4240,#4241);
#4240 = CARTESIAN_POINT('',(0.481055512755,-3.5E-02,-0.355125000056));
#4241 = VECTOR('',#4242,1.);
#4242 = DIRECTION('',(1.,-8.803515733869E-17,-6.982962677686E-15));
#4243 = PCURVE('',#3236,#4244);
#4244 = DEFINITIONAL_REPRESENTATION('',(#4245),#4249);
#4245 = LINE('',#4246,#4247);
#4246 = CARTESIAN_POINT('',(0.,-0.));
#4247 = VECTOR('',#4248,1.);
#4248 = DIRECTION('',(-1.,6.982962677686E-15));
#4249 = ( GEOMETRIC_REPRESENTATION_CONTEXT(2) 
PARAMETRIC_REPRESENTATION_CONTEXT() REPRESENTATION_CONTEXT('2D SPACE',''
  ) );
#4250 = PCURVE('',#1187,#4251);
#4251 = DEFINITIONAL_REPRESENTATION('',(#4252),#4256);
#4252 = LINE('',#4253,#4254);
#4253 = CARTESIAN_POINT('',(-0.481055512755,-3.5E-02));
#4254 = VECTOR('',#4255,1.);
#4255 = DIRECTION('',(-1.,-8.803515733869E-17));
#4256 = ( GEOMETRIC_REPRESENTATION_CONTEXT(2) 
PARAMETRIC_REPRESENTATION_CONTEXT() REPRESENTATION_CONTEXT('2D SPACE',''
  ) );
#4257 = ORIENTED_EDGE('',*,*,#4188,.T.);
#4258 = ADVANCED_FACE('',(#4259),#3208,.F.);
#4259 = FACE_BOUND('',#4260,.F.);
#4260 = EDGE_LOOP('',(#4261,#4262,#4286,#4307));
#4261 = ORIENTED_EDGE('',*,*,#4214,.F.);
#4262 = ORIENTED_EDGE('',*,*,#4263,.F.);
#4263 = EDGE_CURVE('',#4264,#4215,#4266,.T.);
#4264 = VERTEX_POINT('',#4265);
#4265 = CARTESIAN_POINT('',(0.468178543914,-3.857142857143E-02,
    -0.355125000056));
#4266 = SURFACE_CURVE('',#4267,(#4272,#4279),.PCURVE_S1.);
#4267 = CIRCLE('',#4268,2.5E-02);
#4268 = AXIS2_PLACEMENT_3D('',#4269,#4270,#4271);
#4269 = CARTESIAN_POINT('',(0.481055512755,-6.E-02,-0.355125000056));
#4270 = DIRECTION('',(-6.505213034913E-15,0.,-1.));
#4271 = DIRECTION('',(-1.,0.,6.505213034913E-15));
#4272 = PCURVE('',#3208,#4273);
#4273 = DEFINITIONAL_REPRESENTATION('',(#4274),#4278);
#4274 = LINE('',#4275,#4276);
#4275 = CARTESIAN_POINT('',(3.14159265359,1.611472719293E-16));
#4276 = VECTOR('',#4277,1.);
#4277 = DIRECTION('',(-1.,-1.025895395733E-16));
#4278 = ( GEOMETRIC_REPRESENTATION_CONTEXT(2) 
PARAMETRIC_REPRESENTATION_CONTEXT() REPRESENTATION_CONTEXT('2D SPACE',''
  ) );
#4279 = PCURVE('',#1187,#4280);
#4280 = DEFINITIONAL_REPRESENTATION('',(#4281),#4285);
#4281 = CIRCLE('',#4282,2.5E-02);
#4282 = AXIS2_PLACEMENT_2D('',#4283,#4284);
#4283 = CARTESIAN_POINT('',(-0.481055512755,-6.E-02));
#4284 = DIRECTION('',(1.,0.));
#4285 = ( GEOMETRIC_REPRESENTATION_CONTEXT(2) 
PARAMETRIC_REPRESENTATION_CONTEXT() REPRESENTATION_CONTEXT('2D SPACE',''
  ) );
#4286 = ORIENTED_EDGE('',*,*,#4287,.T.);
#4287 = EDGE_CURVE('',#4264,#3159,#4288,.T.);
#4288 = SURFACE_CURVE('',#4289,(#4293,#4300),.PCURVE_S1.);
#4289 = LINE('',#4290,#4291);
#4290 = CARTESIAN_POINT('',(0.468178543914,-3.857142857143E-02,
    -0.355125000056));
#4291 = VECTOR('',#4292,1.);
#4292 = DIRECTION('',(6.982962677686E-15,0.,1.));
#4293 = PCURVE('',#3208,#4294);
#4294 = DEFINITIONAL_REPRESENTATION('',(#4295),#4299);
#4295 = LINE('',#4296,#4297);
#4296 = CARTESIAN_POINT('',(2.111895852752,-5.551115123126E-17));
#4297 = VECTOR('',#4298,1.);
#4298 = DIRECTION('',(0.,1.));
#4299 = ( GEOMETRIC_REPRESENTATION_CONTEXT(2) 
PARAMETRIC_REPRESENTATION_CONTEXT() REPRESENTATION_CONTEXT('2D SPACE',''
  ) );
#4300 = PCURVE('',#3179,#4301);
#4301 = DEFINITIONAL_REPRESENTATION('',(#4302),#4306);
#4302 = LINE('',#4303,#4304);
#4303 = CARTESIAN_POINT('',(5.253488506342,1.665334536938E-16));
#4304 = VECTOR('',#4305,1.);
#4305 = DIRECTION('',(0.,1.));
#4306 = ( GEOMETRIC_REPRESENTATION_CONTEXT(2) 
PARAMETRIC_REPRESENTATION_CONTEXT() REPRESENTATION_CONTEXT('2D SPACE',''
  ) );
#4307 = ORIENTED_EDGE('',*,*,#3191,.T.);
#4308 = ADVANCED_FACE('',(#4309),#3179,.T.);
#4309 = FACE_BOUND('',#4310,.T.);
#4310 = EDGE_LOOP('',(#4311,#4312,#4335,#4361));
#4311 = ORIENTED_EDGE('',*,*,#3158,.F.);
#4312 = ORIENTED_EDGE('',*,*,#4313,.F.);
#4313 = EDGE_CURVE('',#4314,#3130,#4316,.T.);
#4314 = VERTEX_POINT('',#4315);
#4315 = CARTESIAN_POINT('',(0.468178543914,3.857142857143E-02,
    -0.355125000056));
#4316 = SURFACE_CURVE('',#4317,(#4321,#4328),.PCURVE_S1.);
#4317 = LINE('',#4318,#4319);
#4318 = CARTESIAN_POINT('',(0.468178543914,3.857142857143E-02,
    -0.355125000056));
#4319 = VECTOR('',#4320,1.);
#4320 = DIRECTION('',(6.982962677686E-15,0.,1.));
#4321 = PCURVE('',#3179,#4322);
#4322 = DEFINITIONAL_REPRESENTATION('',(#4323),#4327);
#4323 = LINE('',#4324,#4325);
#4324 = CARTESIAN_POINT('',(1.029696800838,1.665334536938E-16));
#4325 = VECTOR('',#4326,1.);
#4326 = DIRECTION('',(0.,1.));
#4327 = ( GEOMETRIC_REPRESENTATION_CONTEXT(2) 
PARAMETRIC_REPRESENTATION_CONTEXT() REPRESENTATION_CONTEXT('2D SPACE',''
  ) );
#4328 = PCURVE('',#3146,#4329);
#4329 = DEFINITIONAL_REPRESENTATION('',(#4330),#4334);
#4330 = LINE('',#4331,#4332);
#4331 = CARTESIAN_POINT('',(4.171289454428,-5.551115123126E-17));
#4332 = VECTOR('',#4333,1.);
#4333 = DIRECTION('',(0.,1.));
#4334 = ( GEOMETRIC_REPRESENTATION_CONTEXT(2) 
PARAMETRIC_REPRESENTATION_CONTEXT() REPRESENTATION_CONTEXT('2D SPACE',''
  ) );
#4335 = ORIENTED_EDGE('',*,*,#4336,.T.);
#4336 = EDGE_CURVE('',#4314,#4264,#4337,.T.);
#4337 = SURFACE_CURVE('',#4338,(#4343,#4350),.PCURVE_S1.);
#4338 = CIRCLE('',#4339,4.5E-02);
#4339 = AXIS2_PLACEMENT_3D('',#4340,#4341,#4342);
#4340 = CARTESIAN_POINT('',(0.445,1.084202172486E-16,-0.355125000056));
#4341 = DIRECTION('',(7.228014483237E-15,0.,1.));
#4342 = DIRECTION('',(-1.,0.,7.228014483237E-15));
#4343 = PCURVE('',#3179,#4344);
#4344 = DEFINITIONAL_REPRESENTATION('',(#4345),#4349);
#4345 = LINE('',#4346,#4347);
#4346 = CARTESIAN_POINT('',(-3.14159265359,0.));
#4347 = VECTOR('',#4348,1.);
#4348 = DIRECTION('',(1.,0.));
#4349 = ( GEOMETRIC_REPRESENTATION_CONTEXT(2) 
PARAMETRIC_REPRESENTATION_CONTEXT() REPRESENTATION_CONTEXT('2D SPACE',''
  ) );
#4350 = PCURVE('',#1187,#4351);
#4351 = DEFINITIONAL_REPRESENTATION('',(#4352),#4360);
#4352 = ( BOUNDED_CURVE() B_SPLINE_CURVE(2,(#4353,#4354,#4355,#4356,
#4357,#4358,#4359),.UNSPECIFIED.,.T.,.F.) B_SPLINE_CURVE_WITH_KNOTS((1,2
    ,2,2,2,1),(-2.094395102393,0.,2.094395102393,4.188790204786,
6.28318530718,8.377580409573),.UNSPECIFIED.) CURVE() 
GEOMETRIC_REPRESENTATION_ITEM() RATIONAL_B_SPLINE_CURVE((1.,0.5,1.,0.5,
1.,0.5,1.)) REPRESENTATION_ITEM('') );
#4353 = CARTESIAN_POINT('',(-0.4,1.084202172486E-16));
#4354 = CARTESIAN_POINT('',(-0.4,-7.79422863406E-02));
#4355 = CARTESIAN_POINT('',(-0.4675,-3.89711431703E-02));
#4356 = CARTESIAN_POINT('',(-0.535,9.739839605622E-17));
#4357 = CARTESIAN_POINT('',(-0.4675,3.89711431703E-02));
#4358 = CARTESIAN_POINT('',(-0.4,7.79422863406E-02));
#4359 = CARTESIAN_POINT('',(-0.4,1.084202172486E-16));
#4360 = ( GEOMETRIC_REPRESENTATION_CONTEXT(2) 
PARAMETRIC_REPRESENTATION_CONTEXT() REPRESENTATION_CONTEXT('2D SPACE',''
  ) );
#4361 = ORIENTED_EDGE('',*,*,#4287,.T.);
#4362 = ADVANCED_FACE('',(#4363),#3146,.F.);
#4363 = FACE_BOUND('',#4364,.F.);
#4364 = EDGE_LOOP('',(#4365,#4366,#4390,#4411));
#4365 = ORIENTED_EDGE('',*,*,#4313,.F.);
#4366 = ORIENTED_EDGE('',*,*,#4367,.F.);
#4367 = EDGE_CURVE('',#4368,#4314,#4370,.T.);
#4368 = VERTEX_POINT('',#4369);
#4369 = CARTESIAN_POINT('',(0.481055512755,3.5E-02,-0.355125000056));
#4370 = SURFACE_CURVE('',#4371,(#4376,#4383),.PCURVE_S1.);
#4371 = CIRCLE('',#4372,2.5E-02);
#4372 = AXIS2_PLACEMENT_3D('',#4373,#4374,#4375);
#4373 = CARTESIAN_POINT('',(0.481055512755,6.E-02,-0.355125000056));
#4374 = DIRECTION('',(-6.505213034913E-15,0.,-1.));
#4375 = DIRECTION('',(1.,0.,-6.505213034913E-15));
#4376 = PCURVE('',#3146,#4377);
#4377 = DEFINITIONAL_REPRESENTATION('',(#4378),#4382);
#4378 = LINE('',#4379,#4380);
#4379 = CARTESIAN_POINT('',(6.28318530718,-1.611472719293E-16));
#4380 = VECTOR('',#4381,1.);
#4381 = DIRECTION('',(-1.,1.025895395733E-16));
#4382 = ( GEOMETRIC_REPRESENTATION_CONTEXT(2) 
PARAMETRIC_REPRESENTATION_CONTEXT() REPRESENTATION_CONTEXT('2D SPACE',''
  ) );
#4383 = PCURVE('',#1187,#4384);
#4384 = DEFINITIONAL_REPRESENTATION('',(#4385),#4389);
#4385 = CIRCLE('',#4386,2.5E-02);
#4386 = AXIS2_PLACEMENT_2D('',#4387,#4388);
#4387 = CARTESIAN_POINT('',(-0.481055512755,6.E-02));
#4388 = DIRECTION('',(-1.,0.));
#4389 = ( GEOMETRIC_REPRESENTATION_CONTEXT(2) 
PARAMETRIC_REPRESENTATION_CONTEXT() REPRESENTATION_CONTEXT('2D SPACE',''
  ) );
#4390 = ORIENTED_EDGE('',*,*,#4391,.T.);
#4391 = EDGE_CURVE('',#4368,#3102,#4392,.T.);
#4392 = SURFACE_CURVE('',#4393,(#4397,#4404),.PCURVE_S1.);
#4393 = LINE('',#4394,#4395);
#4394 = CARTESIAN_POINT('',(0.481055512755,3.5E-02,-0.355125000056));
#4395 = VECTOR('',#4396,1.);
#4396 = DIRECTION('',(6.982962677686E-15,0.,1.));
#4397 = PCURVE('',#3146,#4398);
#4398 = DEFINITIONAL_REPRESENTATION('',(#4399),#4403);
#4399 = LINE('',#4400,#4401);
#4400 = CARTESIAN_POINT('',(4.712388980385,0.));
#4401 = VECTOR('',#4402,1.);
#4402 = DIRECTION('',(0.,1.));
#4403 = ( GEOMETRIC_REPRESENTATION_CONTEXT(2) 
PARAMETRIC_REPRESENTATION_CONTEXT() REPRESENTATION_CONTEXT('2D SPACE',''
  ) );
#4404 = PCURVE('',#3117,#4405);
#4405 = DEFINITIONAL_REPRESENTATION('',(#4406),#4410);
#4406 = LINE('',#4407,#4408);
#4407 = CARTESIAN_POINT('',(0.,0.));
#4408 = VECTOR('',#4409,1.);
#4409 = DIRECTION('',(6.982962677686E-15,-1.));
#4410 = ( GEOMETRIC_REPRESENTATION_CONTEXT(2) 
PARAMETRIC_REPRESENTATION_CONTEXT() REPRESENTATION_CONTEXT('2D SPACE',''
  ) );
#4411 = ORIENTED_EDGE('',*,*,#3129,.T.);
#4412 = ADVANCED_FACE('',(#4413),#3117,.T.);
#4413 = FACE_BOUND('',#4414,.T.);
#4414 = EDGE_LOOP('',(#4415,#4416,#4439,#4460));
#4415 = ORIENTED_EDGE('',*,*,#3101,.F.);
#4416 = ORIENTED_EDGE('',*,*,#4417,.F.);
#4417 = EDGE_CURVE('',#4418,#3073,#4420,.T.);
#4418 = VERTEX_POINT('',#4419);
#4419 = CARTESIAN_POINT('',(0.635,3.5E-02,-0.355125000056));
#4420 = SURFACE_CURVE('',#4421,(#4425,#4432),.PCURVE_S1.);
#4421 = LINE('',#4422,#4423);
#4422 = CARTESIAN_POINT('',(0.635,3.5E-02,-0.355125000056));
#4423 = VECTOR('',#4424,1.);
#4424 = DIRECTION('',(6.982962677686E-15,0.,1.));
#4425 = PCURVE('',#3117,#4426);
#4426 = DEFINITIONAL_REPRESENTATION('',(#4427),#4431);
#4427 = LINE('',#4428,#4429);
#4428 = CARTESIAN_POINT('',(0.153944487245,9.992007221626E-16));
#4429 = VECTOR('',#4430,1.);
#4430 = DIRECTION('',(6.982962677686E-15,-1.));
#4431 = ( GEOMETRIC_REPRESENTATION_CONTEXT(2) 
PARAMETRIC_REPRESENTATION_CONTEXT() REPRESENTATION_CONTEXT('2D SPACE',''
  ) );
#4432 = PCURVE('',#3089,#4433);
#4433 = DEFINITIONAL_REPRESENTATION('',(#4434),#4438);
#4434 = LINE('',#4435,#4436);
#4435 = CARTESIAN_POINT('',(4.712388980385,0.));
#4436 = VECTOR('',#4437,1.);
#4437 = DIRECTION('',(0.,1.));
#4438 = ( GEOMETRIC_REPRESENTATION_CONTEXT(2) 
PARAMETRIC_REPRESENTATION_CONTEXT() REPRESENTATION_CONTEXT('2D SPACE',''
  ) );
#4439 = ORIENTED_EDGE('',*,*,#4440,.T.);
#4440 = EDGE_CURVE('',#4418,#4368,#4441,.T.);
#4441 = SURFACE_CURVE('',#4442,(#4446,#4453),.PCURVE_S1.);
#4442 = LINE('',#4443,#4444);
#4443 = CARTESIAN_POINT('',(0.481055512755,3.5E-02,-0.355125000056));
#4444 = VECTOR('',#4445,1.);
#4445 = DIRECTION('',(-1.,-4.401757866934E-17,6.982962677686E-15));
#4446 = PCURVE('',#3117,#4447);
#4447 = DEFINITIONAL_REPRESENTATION('',(#4448),#4452);
#4448 = LINE('',#4449,#4450);
#4449 = CARTESIAN_POINT('',(0.,0.));
#4450 = VECTOR('',#4451,1.);
#4451 = DIRECTION('',(-1.,-6.982962677686E-15));
#4452 = ( GEOMETRIC_REPRESENTATION_CONTEXT(2) 
PARAMETRIC_REPRESENTATION_CONTEXT() REPRESENTATION_CONTEXT('2D SPACE',''
  ) );
#4453 = PCURVE('',#1187,#4454);
#4454 = DEFINITIONAL_REPRESENTATION('',(#4455),#4459);
#4455 = LINE('',#4456,#4457);
#4456 = CARTESIAN_POINT('',(-0.481055512755,3.5E-02));
#4457 = VECTOR('',#4458,1.);
#4458 = DIRECTION('',(1.,-4.401757866934E-17));
#4459 = ( GEOMETRIC_REPRESENTATION_CONTEXT(2) 
PARAMETRIC_REPRESENTATION_CONTEXT() REPRESENTATION_CONTEXT('2D SPACE',''
  ) );
#4460 = ORIENTED_EDGE('',*,*,#4391,.T.);
#4461 = ADVANCED_FACE('',(#4462),#3089,.F.);
#4462 = FACE_BOUND('',#4463,.F.);
#4463 = EDGE_LOOP('',(#4464,#4465,#4489,#4510));
#4464 = ORIENTED_EDGE('',*,*,#4417,.F.);
#4465 = ORIENTED_EDGE('',*,*,#4466,.F.);
#4466 = EDGE_CURVE('',#4467,#4418,#4469,.T.);
#4467 = VERTEX_POINT('',#4468);
#4468 = CARTESIAN_POINT('',(0.66,6.E-02,-0.355125000056));
#4469 = SURFACE_CURVE('',#4470,(#4475,#4482),.PCURVE_S1.);
#4470 = CIRCLE('',#4471,2.5E-02);
#4471 = AXIS2_PLACEMENT_3D('',#4472,#4473,#4474);
#4472 = CARTESIAN_POINT('',(0.635,6.E-02,-0.355125000056));
#4473 = DIRECTION('',(-6.505213034913E-15,0.,-1.));
#4474 = DIRECTION('',(1.,0.,-6.505213034913E-15));
#4475 = PCURVE('',#3089,#4476);
#4476 = DEFINITIONAL_REPRESENTATION('',(#4477),#4481);
#4477 = LINE('',#4478,#4479);
#4478 = CARTESIAN_POINT('',(6.28318530718,0.));
#4479 = VECTOR('',#4480,1.);
#4480 = DIRECTION('',(-1.,0.));
#4481 = ( GEOMETRIC_REPRESENTATION_CONTEXT(2) 
PARAMETRIC_REPRESENTATION_CONTEXT() REPRESENTATION_CONTEXT('2D SPACE',''
  ) );
#4482 = PCURVE('',#1187,#4483);
#4483 = DEFINITIONAL_REPRESENTATION('',(#4484),#4488);
#4484 = CIRCLE('',#4485,2.5E-02);
#4485 = AXIS2_PLACEMENT_2D('',#4486,#4487);
#4486 = CARTESIAN_POINT('',(-0.635,6.E-02));
#4487 = DIRECTION('',(-1.,0.));
#4488 = ( GEOMETRIC_REPRESENTATION_CONTEXT(2) 
PARAMETRIC_REPRESENTATION_CONTEXT() REPRESENTATION_CONTEXT('2D SPACE',''
  ) );
#4489 = ORIENTED_EDGE('',*,*,#4490,.T.);
#4490 = EDGE_CURVE('',#4467,#3045,#4491,.T.);
#4491 = SURFACE_CURVE('',#4492,(#4496,#4503),.PCURVE_S1.);
#4492 = LINE('',#4493,#4494);
#4493 = CARTESIAN_POINT('',(0.66,6.E-02,-0.355125000056));
#4494 = VECTOR('',#4495,1.);
#4495 = DIRECTION('',(6.982962677686E-15,0.,1.));
#4496 = PCURVE('',#3089,#4497);
#4497 = DEFINITIONAL_REPRESENTATION('',(#4498),#4502);
#4498 = LINE('',#4499,#4500);
#4499 = CARTESIAN_POINT('',(6.28318530718,-3.330669073875E-16));
#4500 = VECTOR('',#4501,1.);
#4501 = DIRECTION('',(0.,1.));
#4502 = ( GEOMETRIC_REPRESENTATION_CONTEXT(2) 
PARAMETRIC_REPRESENTATION_CONTEXT() REPRESENTATION_CONTEXT('2D SPACE',''
  ) );
#4503 = PCURVE('',#3060,#4504);
#4504 = DEFINITIONAL_REPRESENTATION('',(#4505),#4509);
#4505 = LINE('',#4506,#4507);
#4506 = CARTESIAN_POINT('',(-0.165,-0.));
#4507 = VECTOR('',#4508,1.);
#4508 = DIRECTION('',(0.,-1.));
#4509 = ( GEOMETRIC_REPRESENTATION_CONTEXT(2) 
PARAMETRIC_REPRESENTATION_CONTEXT() REPRESENTATION_CONTEXT('2D SPACE',''
  ) );
#4510 = ORIENTED_EDGE('',*,*,#3072,.T.);
#4511 = ADVANCED_FACE('',(#4512),#3060,.T.);
#4512 = FACE_BOUND('',#4513,.T.);
#4513 = EDGE_LOOP('',(#4514,#4515,#4538,#4559));
#4514 = ORIENTED_EDGE('',*,*,#3044,.F.);
#4515 = ORIENTED_EDGE('',*,*,#4516,.F.);
#4516 = EDGE_CURVE('',#4517,#3016,#4519,.T.);
#4517 = VERTEX_POINT('',#4518);
#4518 = CARTESIAN_POINT('',(0.66,0.225,-0.355125000056));
#4519 = SURFACE_CURVE('',#4520,(#4524,#4531),.PCURVE_S1.);
#4520 = LINE('',#4521,#4522);
#4521 = CARTESIAN_POINT('',(0.66,0.225,-0.355125000056));
#4522 = VECTOR('',#4523,1.);
#4523 = DIRECTION('',(6.982962677686E-15,0.,1.));
#4524 = PCURVE('',#3060,#4525);
#4525 = DEFINITIONAL_REPRESENTATION('',(#4526),#4530);
#4526 = LINE('',#4527,#4528);
#4527 = CARTESIAN_POINT('',(0.,0.));
#4528 = VECTOR('',#4529,1.);
#4529 = DIRECTION('',(0.,-1.));
#4530 = ( GEOMETRIC_REPRESENTATION_CONTEXT(2) 
PARAMETRIC_REPRESENTATION_CONTEXT() REPRESENTATION_CONTEXT('2D SPACE',''
  ) );
#4531 = PCURVE('',#3032,#4532);
#4532 = DEFINITIONAL_REPRESENTATION('',(#4533),#4537);
#4533 = LINE('',#4534,#4535);
#4534 = CARTESIAN_POINT('',(0.,-3.330669073875E-16));
#4535 = VECTOR('',#4536,1.);
#4536 = DIRECTION('',(0.,1.));
#4537 = ( GEOMETRIC_REPRESENTATION_CONTEXT(2) 
PARAMETRIC_REPRESENTATION_CONTEXT() REPRESENTATION_CONTEXT('2D SPACE',''
  ) );
#4538 = ORIENTED_EDGE('',*,*,#4539,.T.);
#4539 = EDGE_CURVE('',#4517,#4467,#4540,.T.);
#4540 = SURFACE_CURVE('',#4541,(#4545,#4552),.PCURVE_S1.);
#4541 = LINE('',#4542,#4543);
#4542 = CARTESIAN_POINT('',(0.66,0.225,-0.355125000056));
#4543 = VECTOR('',#4544,1.);
#4544 = DIRECTION('',(0.,-1.,0.));
#4545 = PCURVE('',#3060,#4546);
#4546 = DEFINITIONAL_REPRESENTATION('',(#4547),#4551);
#4547 = LINE('',#4548,#4549);
#4548 = CARTESIAN_POINT('',(0.,0.));
#4549 = VECTOR('',#4550,1.);
#4550 = DIRECTION('',(-1.,-0.));
#4551 = ( GEOMETRIC_REPRESENTATION_CONTEXT(2) 
PARAMETRIC_REPRESENTATION_CONTEXT() REPRESENTATION_CONTEXT('2D SPACE',''
  ) );
#4552 = PCURVE('',#1187,#4553);
#4553 = DEFINITIONAL_REPRESENTATION('',(#4554),#4558);
#4554 = LINE('',#4555,#4556);
#4555 = CARTESIAN_POINT('',(-0.66,0.225));
#4556 = VECTOR('',#4557,1.);
#4557 = DIRECTION('',(0.,-1.));
#4558 = ( GEOMETRIC_REPRESENTATION_CONTEXT(2) 
PARAMETRIC_REPRESENTATION_CONTEXT() REPRESENTATION_CONTEXT('2D SPACE',''
  ) );
#4559 = ORIENTED_EDGE('',*,*,#4490,.T.);
#4560 = ADVANCED_FACE('',(#4561),#3032,.F.);
#4561 = FACE_BOUND('',#4562,.F.);
#4562 = EDGE_LOOP('',(#4563,#4564,#4588,#4609));
#4563 = ORIENTED_EDGE('',*,*,#4516,.F.);
#4564 = ORIENTED_EDGE('',*,*,#4565,.F.);
#4565 = EDGE_CURVE('',#4566,#4517,#4568,.T.);
#4566 = VERTEX_POINT('',#4567);
#4567 = CARTESIAN_POINT('',(0.635,0.25,-0.355125000056));
#4568 = SURFACE_CURVE('',#4569,(#4574,#4581),.PCURVE_S1.);
#4569 = CIRCLE('',#4570,2.5E-02);
#4570 = AXIS2_PLACEMENT_3D('',#4571,#4572,#4573);
#4571 = CARTESIAN_POINT('',(0.635,0.225,-0.355125000056));
#4572 = DIRECTION('',(-6.505213034913E-15,0.,-1.));
#4573 = DIRECTION('',(-1.,0.,6.505213034913E-15));
#4574 = PCURVE('',#3032,#4575);
#4575 = DEFINITIONAL_REPRESENTATION('',(#4576),#4580);
#4576 = LINE('',#4577,#4578);
#4577 = CARTESIAN_POINT('',(3.14159265359,0.));
#4578 = VECTOR('',#4579,1.);
#4579 = DIRECTION('',(-1.,0.));
#4580 = ( GEOMETRIC_REPRESENTATION_CONTEXT(2) 
PARAMETRIC_REPRESENTATION_CONTEXT() REPRESENTATION_CONTEXT('2D SPACE',''
  ) );
#4581 = PCURVE('',#1187,#4582);
#4582 = DEFINITIONAL_REPRESENTATION('',(#4583),#4587);
#4583 = CIRCLE('',#4584,2.5E-02);
#4584 = AXIS2_PLACEMENT_2D('',#4585,#4586);
#4585 = CARTESIAN_POINT('',(-0.635,0.225));
#4586 = DIRECTION('',(1.,0.));
#4587 = ( GEOMETRIC_REPRESENTATION_CONTEXT(2) 
PARAMETRIC_REPRESENTATION_CONTEXT() REPRESENTATION_CONTEXT('2D SPACE',''
  ) );
#4588 = ORIENTED_EDGE('',*,*,#4589,.T.);
#4589 = EDGE_CURVE('',#4566,#2988,#4590,.T.);
#4590 = SURFACE_CURVE('',#4591,(#4595,#4602),.PCURVE_S1.);
#4591 = LINE('',#4592,#4593);
#4592 = CARTESIAN_POINT('',(0.635,0.25,-0.355125000056));
#4593 = VECTOR('',#4594,1.);
#4594 = DIRECTION('',(6.982962677686E-15,0.,1.));
#4595 = PCURVE('',#3032,#4596);
#4596 = DEFINITIONAL_REPRESENTATION('',(#4597),#4601);
#4597 = LINE('',#4598,#4599);
#4598 = CARTESIAN_POINT('',(1.570796326795,0.));
#4599 = VECTOR('',#4600,1.);
#4600 = DIRECTION('',(0.,1.));
#4601 = ( GEOMETRIC_REPRESENTATION_CONTEXT(2) 
PARAMETRIC_REPRESENTATION_CONTEXT() REPRESENTATION_CONTEXT('2D SPACE',''
  ) );
#4602 = PCURVE('',#3003,#4603);
#4603 = DEFINITIONAL_REPRESENTATION('',(#4604),#4608);
#4604 = LINE('',#4605,#4606);
#4605 = CARTESIAN_POINT('',(0.,5.394448724536E-02));
#4606 = VECTOR('',#4607,1.);
#4607 = DIRECTION('',(-1.,6.982962677686E-15));
#4608 = ( GEOMETRIC_REPRESENTATION_CONTEXT(2) 
PARAMETRIC_REPRESENTATION_CONTEXT() REPRESENTATION_CONTEXT('2D SPACE',''
  ) );
#4609 = ORIENTED_EDGE('',*,*,#3015,.T.);
#4610 = ADVANCED_FACE('',(#4611),#3003,.T.);
#4611 = FACE_BOUND('',#4612,.T.);
#4612 = EDGE_LOOP('',(#4613,#4614,#4637,#4658));
#4613 = ORIENTED_EDGE('',*,*,#2987,.F.);
#4614 = ORIENTED_EDGE('',*,*,#4615,.F.);
#4615 = EDGE_CURVE('',#4616,#2959,#4618,.T.);
#4616 = VERTEX_POINT('',#4617);
#4617 = CARTESIAN_POINT('',(0.581055512755,0.25,-0.355125000056));
#4618 = SURFACE_CURVE('',#4619,(#4623,#4630),.PCURVE_S1.);
#4619 = LINE('',#4620,#4621);
#4620 = CARTESIAN_POINT('',(0.581055512755,0.25,-0.355125000056));
#4621 = VECTOR('',#4622,1.);
#4622 = DIRECTION('',(6.982962677686E-15,0.,1.));
#4623 = PCURVE('',#3003,#4624);
#4624 = DEFINITIONAL_REPRESENTATION('',(#4625),#4629);
#4625 = LINE('',#4626,#4627);
#4626 = CARTESIAN_POINT('',(0.,0.));
#4627 = VECTOR('',#4628,1.);
#4628 = DIRECTION('',(-1.,6.982962677686E-15));
#4629 = ( GEOMETRIC_REPRESENTATION_CONTEXT(2) 
PARAMETRIC_REPRESENTATION_CONTEXT() REPRESENTATION_CONTEXT('2D SPACE',''
  ) );
#4630 = PCURVE('',#2975,#4631);
#4631 = DEFINITIONAL_REPRESENTATION('',(#4632),#4636);
#4632 = LINE('',#4633,#4634);
#4633 = CARTESIAN_POINT('',(1.570796326795,0.));
#4634 = VECTOR('',#4635,1.);
#4635 = DIRECTION('',(0.,1.));
#4636 = ( GEOMETRIC_REPRESENTATION_CONTEXT(2) 
PARAMETRIC_REPRESENTATION_CONTEXT() REPRESENTATION_CONTEXT('2D SPACE',''
  ) );
#4637 = ORIENTED_EDGE('',*,*,#4638,.T.);
#4638 = EDGE_CURVE('',#4616,#4566,#4639,.T.);
#4639 = SURFACE_CURVE('',#4640,(#4644,#4651),.PCURVE_S1.);
#4640 = LINE('',#4641,#4642);
#4641 = CARTESIAN_POINT('',(0.581055512755,0.25,-0.355125000056));
#4642 = VECTOR('',#4643,1.);
#4643 = DIRECTION('',(1.,0.,-6.982962677686E-15));
#4644 = PCURVE('',#3003,#4645);
#4645 = DEFINITIONAL_REPRESENTATION('',(#4646),#4650);
#4646 = LINE('',#4647,#4648);
#4647 = CARTESIAN_POINT('',(0.,0.));
#4648 = VECTOR('',#4649,1.);
#4649 = DIRECTION('',(6.982962677686E-15,1.));
#4650 = ( GEOMETRIC_REPRESENTATION_CONTEXT(2) 
PARAMETRIC_REPRESENTATION_CONTEXT() REPRESENTATION_CONTEXT('2D SPACE',''
  ) );
#4651 = PCURVE('',#1187,#4652);
#4652 = DEFINITIONAL_REPRESENTATION('',(#4653),#4657);
#4653 = LINE('',#4654,#4655);
#4654 = CARTESIAN_POINT('',(-0.581055512755,0.25));
#4655 = VECTOR('',#4656,1.);
#4656 = DIRECTION('',(-1.,0.));
#4657 = ( GEOMETRIC_REPRESENTATION_CONTEXT(2) 
PARAMETRIC_REPRESENTATION_CONTEXT() REPRESENTATION_CONTEXT('2D SPACE',''
  ) );
#4658 = ORIENTED_EDGE('',*,*,#4589,.T.);
#4659 = ADVANCED_FACE('',(#4660),#2975,.F.);
#4660 = FACE_BOUND('',#4661,.F.);
#4661 = EDGE_LOOP('',(#4662,#4663,#4687,#4708));
#4662 = ORIENTED_EDGE('',*,*,#4615,.F.);
#4663 = ORIENTED_EDGE('',*,*,#4664,.F.);
#4664 = EDGE_CURVE('',#4665,#4616,#4667,.T.);
#4665 = VERTEX_POINT('',#4666);
#4666 = CARTESIAN_POINT('',(0.568178543914,0.246428571429,
    -0.355125000056));
#4667 = SURFACE_CURVE('',#4668,(#4673,#4680),.PCURVE_S1.);
#4668 = CIRCLE('',#4669,2.5E-02);
#4669 = AXIS2_PLACEMENT_3D('',#4670,#4671,#4672);
#4670 = CARTESIAN_POINT('',(0.581055512755,0.225,-0.355125000056));
#4671 = DIRECTION('',(-6.505213034913E-15,0.,-1.));
#4672 = DIRECTION('',(-1.,0.,6.505213034913E-15));
#4673 = PCURVE('',#2975,#4674);
#4674 = DEFINITIONAL_REPRESENTATION('',(#4675),#4679);
#4675 = LINE('',#4676,#4677);
#4676 = CARTESIAN_POINT('',(3.14159265359,1.611472719293E-16));
#4677 = VECTOR('',#4678,1.);
#4678 = DIRECTION('',(-1.,-1.025895395733E-16));
#4679 = ( GEOMETRIC_REPRESENTATION_CONTEXT(2) 
PARAMETRIC_REPRESENTATION_CONTEXT() REPRESENTATION_CONTEXT('2D SPACE',''
  ) );
#4680 = PCURVE('',#1187,#4681);
#4681 = DEFINITIONAL_REPRESENTATION('',(#4682),#4686);
#4682 = CIRCLE('',#4683,2.5E-02);
#4683 = AXIS2_PLACEMENT_2D('',#4684,#4685);
#4684 = CARTESIAN_POINT('',(-0.581055512755,0.225));
#4685 = DIRECTION('',(1.,0.));
#4686 = ( GEOMETRIC_REPRESENTATION_CONTEXT(2) 
PARAMETRIC_REPRESENTATION_CONTEXT() REPRESENTATION_CONTEXT('2D SPACE',''
  ) );
#4687 = ORIENTED_EDGE('',*,*,#4688,.T.);
#4688 = EDGE_CURVE('',#4665,#2926,#4689,.T.);
#4689 = SURFACE_CURVE('',#4690,(#4694,#4701),.PCURVE_S1.);
#4690 = LINE('',#4691,#4692);
#4691 = CARTESIAN_POINT('',(0.568178543914,0.246428571429,
    -0.355125000056));
#4692 = VECTOR('',#4693,1.);
#4693 = DIRECTION('',(6.982962677686E-15,0.,1.));
#4694 = PCURVE('',#2975,#4695);
#4695 = DEFINITIONAL_REPRESENTATION('',(#4696),#4700);
#4696 = LINE('',#4697,#4698);
#4697 = CARTESIAN_POINT('',(2.111895852752,3.885780586188E-16));
#4698 = VECTOR('',#4699,1.);
#4699 = DIRECTION('',(0.,1.));
#4700 = ( GEOMETRIC_REPRESENTATION_CONTEXT(2) 
PARAMETRIC_REPRESENTATION_CONTEXT() REPRESENTATION_CONTEXT('2D SPACE',''
  ) );
#4701 = PCURVE('',#2946,#4702);
#4702 = DEFINITIONAL_REPRESENTATION('',(#4703),#4707);
#4703 = LINE('',#4704,#4705);
#4704 = CARTESIAN_POINT('',(5.253488506342,1.665334536938E-16));
#4705 = VECTOR('',#4706,1.);
#4706 = DIRECTION('',(0.,1.));
#4707 = ( GEOMETRIC_REPRESENTATION_CONTEXT(2) 
PARAMETRIC_REPRESENTATION_CONTEXT() REPRESENTATION_CONTEXT('2D SPACE',''
  ) );
#4708 = ORIENTED_EDGE('',*,*,#2958,.T.);
#4709 = ADVANCED_FACE('',(#4710),#2946,.T.);
#4710 = FACE_BOUND('',#4711,.T.);
#4711 = EDGE_LOOP('',(#4712,#4713,#4736,#4762));
#4712 = ORIENTED_EDGE('',*,*,#2925,.F.);
#4713 = ORIENTED_EDGE('',*,*,#4714,.F.);
#4714 = EDGE_CURVE('',#4715,#2897,#4717,.T.);
#4715 = VERTEX_POINT('',#4716);
#4716 = CARTESIAN_POINT('',(0.568178543914,0.323571428571,
    -0.355125000056));
#4717 = SURFACE_CURVE('',#4718,(#4722,#4729),.PCURVE_S1.);
#4718 = LINE('',#4719,#4720);
#4719 = CARTESIAN_POINT('',(0.568178543914,0.323571428571,
    -0.355125000056));
#4720 = VECTOR('',#4721,1.);
#4721 = DIRECTION('',(6.982962677686E-15,0.,1.));
#4722 = PCURVE('',#2946,#4723);
#4723 = DEFINITIONAL_REPRESENTATION('',(#4724),#4728);
#4724 = LINE('',#4725,#4726);
#4725 = CARTESIAN_POINT('',(1.029696800838,1.665334536938E-16));
#4726 = VECTOR('',#4727,1.);
#4727 = DIRECTION('',(0.,1.));
#4728 = ( GEOMETRIC_REPRESENTATION_CONTEXT(2) 
PARAMETRIC_REPRESENTATION_CONTEXT() REPRESENTATION_CONTEXT('2D SPACE',''
  ) );
#4729 = PCURVE('',#2913,#4730);
#4730 = DEFINITIONAL_REPRESENTATION('',(#4731),#4735);
#4731 = LINE('',#4732,#4733);
#4732 = CARTESIAN_POINT('',(4.171289454428,3.885780586188E-16));
#4733 = VECTOR('',#4734,1.);
#4734 = DIRECTION('',(0.,1.));
#4735 = ( GEOMETRIC_REPRESENTATION_CONTEXT(2) 
PARAMETRIC_REPRESENTATION_CONTEXT() REPRESENTATION_CONTEXT('2D SPACE',''
  ) );
#4736 = ORIENTED_EDGE('',*,*,#4737,.T.);
#4737 = EDGE_CURVE('',#4715,#4665,#4738,.T.);
#4738 = SURFACE_CURVE('',#4739,(#4744,#4751),.PCURVE_S1.);
#4739 = CIRCLE('',#4740,4.5E-02);
#4740 = AXIS2_PLACEMENT_3D('',#4741,#4742,#4743);
#4741 = CARTESIAN_POINT('',(0.545,0.285,-0.355125000056));
#4742 = DIRECTION('',(7.228014483237E-15,0.,1.));
#4743 = DIRECTION('',(-1.,0.,7.228014483237E-15));
#4744 = PCURVE('',#2946,#4745);
#4745 = DEFINITIONAL_REPRESENTATION('',(#4746),#4750);
#4746 = LINE('',#4747,#4748);
#4747 = CARTESIAN_POINT('',(-3.14159265359,0.));
#4748 = VECTOR('',#4749,1.);
#4749 = DIRECTION('',(1.,0.));
#4750 = ( GEOMETRIC_REPRESENTATION_CONTEXT(2) 
PARAMETRIC_REPRESENTATION_CONTEXT() REPRESENTATION_CONTEXT('2D SPACE',''
  ) );
#4751 = PCURVE('',#1187,#4752);
#4752 = DEFINITIONAL_REPRESENTATION('',(#4753),#4761);
#4753 = ( BOUNDED_CURVE() B_SPLINE_CURVE(2,(#4754,#4755,#4756,#4757,
#4758,#4759,#4760),.UNSPECIFIED.,.T.,.F.) B_SPLINE_CURVE_WITH_KNOTS((1,2
    ,2,2,2,1),(-2.094395102393,0.,2.094395102393,4.188790204786,
6.28318530718,8.377580409573),.UNSPECIFIED.) CURVE() 
GEOMETRIC_REPRESENTATION_ITEM() RATIONAL_B_SPLINE_CURVE((1.,0.5,1.,0.5,
1.,0.5,1.)) REPRESENTATION_ITEM('') );
#4754 = CARTESIAN_POINT('',(-0.5,0.285));
#4755 = CARTESIAN_POINT('',(-0.5,0.207057713659));
#4756 = CARTESIAN_POINT('',(-0.5675,0.24602885683));
#4757 = CARTESIAN_POINT('',(-0.635,0.285));
#4758 = CARTESIAN_POINT('',(-0.5675,0.32397114317));
#4759 = CARTESIAN_POINT('',(-0.5,0.362942286341));
#4760 = CARTESIAN_POINT('',(-0.5,0.285));
#4761 = ( GEOMETRIC_REPRESENTATION_CONTEXT(2) 
PARAMETRIC_REPRESENTATION_CONTEXT() REPRESENTATION_CONTEXT('2D SPACE',''
  ) );
#4762 = ORIENTED_EDGE('',*,*,#4688,.T.);
#4763 = ADVANCED_FACE('',(#4764),#2913,.F.);
#4764 = FACE_BOUND('',#4765,.F.);
#4765 = EDGE_LOOP('',(#4766,#4767,#4791,#4812));
#4766 = ORIENTED_EDGE('',*,*,#4714,.F.);
#4767 = ORIENTED_EDGE('',*,*,#4768,.F.);
#4768 = EDGE_CURVE('',#4769,#4715,#4771,.T.);
#4769 = VERTEX_POINT('',#4770);
#4770 = CARTESIAN_POINT('',(0.581055512755,0.32,-0.355125000056));
#4771 = SURFACE_CURVE('',#4772,(#4777,#4784),.PCURVE_S1.);
#4772 = CIRCLE('',#4773,2.5E-02);
#4773 = AXIS2_PLACEMENT_3D('',#4774,#4775,#4776);
#4774 = CARTESIAN_POINT('',(0.581055512755,0.345,-0.355125000056));
#4775 = DIRECTION('',(-6.505213034913E-15,0.,-1.));
#4776 = DIRECTION('',(1.,0.,-6.505213034913E-15));
#4777 = PCURVE('',#2913,#4778);
#4778 = DEFINITIONAL_REPRESENTATION('',(#4779),#4783);
#4779 = LINE('',#4780,#4781);
#4780 = CARTESIAN_POINT('',(6.28318530718,-1.611472719293E-16));
#4781 = VECTOR('',#4782,1.);
#4782 = DIRECTION('',(-1.,1.025895395733E-16));
#4783 = ( GEOMETRIC_REPRESENTATION_CONTEXT(2) 
PARAMETRIC_REPRESENTATION_CONTEXT() REPRESENTATION_CONTEXT('2D SPACE',''
  ) );
#4784 = PCURVE('',#1187,#4785);
#4785 = DEFINITIONAL_REPRESENTATION('',(#4786),#4790);
#4786 = CIRCLE('',#4787,2.5E-02);
#4787 = AXIS2_PLACEMENT_2D('',#4788,#4789);
#4788 = CARTESIAN_POINT('',(-0.581055512755,0.345));
#4789 = DIRECTION('',(-1.,0.));
#4790 = ( GEOMETRIC_REPRESENTATION_CONTEXT(2) 
PARAMETRIC_REPRESENTATION_CONTEXT() REPRESENTATION_CONTEXT('2D SPACE',''
  ) );
#4791 = ORIENTED_EDGE('',*,*,#4792,.T.);
#4792 = EDGE_CURVE('',#4769,#2869,#4793,.T.);
#4793 = SURFACE_CURVE('',#4794,(#4798,#4805),.PCURVE_S1.);
#4794 = LINE('',#4795,#4796);
#4795 = CARTESIAN_POINT('',(0.581055512755,0.32,-0.355125000056));
#4796 = VECTOR('',#4797,1.);
#4797 = DIRECTION('',(6.982962677686E-15,0.,1.));
#4798 = PCURVE('',#2913,#4799);
#4799 = DEFINITIONAL_REPRESENTATION('',(#4800),#4804);
#4800 = LINE('',#4801,#4802);
#4801 = CARTESIAN_POINT('',(4.712388980385,0.));
#4802 = VECTOR('',#4803,1.);
#4803 = DIRECTION('',(0.,1.));
#4804 = ( GEOMETRIC_REPRESENTATION_CONTEXT(2) 
PARAMETRIC_REPRESENTATION_CONTEXT() REPRESENTATION_CONTEXT('2D SPACE',''
  ) );
#4805 = PCURVE('',#2884,#4806);
#4806 = DEFINITIONAL_REPRESENTATION('',(#4807),#4811);
#4807 = LINE('',#4808,#4809);
#4808 = CARTESIAN_POINT('',(0.,0.));
#4809 = VECTOR('',#4810,1.);
#4810 = DIRECTION('',(6.982962677686E-15,-1.));
#4811 = ( GEOMETRIC_REPRESENTATION_CONTEXT(2) 
PARAMETRIC_REPRESENTATION_CONTEXT() REPRESENTATION_CONTEXT('2D SPACE',''
  ) );
#4812 = ORIENTED_EDGE('',*,*,#2896,.T.);
#4813 = ADVANCED_FACE('',(#4814),#2884,.T.);
#4814 = FACE_BOUND('',#4815,.T.);
#4815 = EDGE_LOOP('',(#4816,#4817,#4840,#4861));
#4816 = ORIENTED_EDGE('',*,*,#2868,.F.);
#4817 = ORIENTED_EDGE('',*,*,#4818,.F.);
#4818 = EDGE_CURVE('',#4819,#2840,#4821,.T.);
#4819 = VERTEX_POINT('',#4820);
#4820 = CARTESIAN_POINT('',(0.635,0.32,-0.355125000056));
#4821 = SURFACE_CURVE('',#4822,(#4826,#4833),.PCURVE_S1.);
#4822 = LINE('',#4823,#4824);
#4823 = CARTESIAN_POINT('',(0.635,0.32,-0.355125000056));
#4824 = VECTOR('',#4825,1.);
#4825 = DIRECTION('',(6.982962677686E-15,0.,1.));
#4826 = PCURVE('',#2884,#4827);
#4827 = DEFINITIONAL_REPRESENTATION('',(#4828),#4832);
#4828 = LINE('',#4829,#4830);
#4829 = CARTESIAN_POINT('',(5.394448724536E-02,0.));
#4830 = VECTOR('',#4831,1.);
#4831 = DIRECTION('',(6.982962677686E-15,-1.));
#4832 = ( GEOMETRIC_REPRESENTATION_CONTEXT(2) 
PARAMETRIC_REPRESENTATION_CONTEXT() REPRESENTATION_CONTEXT('2D SPACE',''
  ) );
#4833 = PCURVE('',#2856,#4834);
#4834 = DEFINITIONAL_REPRESENTATION('',(#4835),#4839);
#4835 = LINE('',#4836,#4837);
#4836 = CARTESIAN_POINT('',(4.712388980385,0.));
#4837 = VECTOR('',#4838,1.);
#4838 = DIRECTION('',(0.,1.));
#4839 = ( GEOMETRIC_REPRESENTATION_CONTEXT(2) 
PARAMETRIC_REPRESENTATION_CONTEXT() REPRESENTATION_CONTEXT('2D SPACE',''
  ) );
#4840 = ORIENTED_EDGE('',*,*,#4841,.T.);
#4841 = EDGE_CURVE('',#4819,#4769,#4842,.T.);
#4842 = SURFACE_CURVE('',#4843,(#4847,#4854),.PCURVE_S1.);
#4843 = LINE('',#4844,#4845);
#4844 = CARTESIAN_POINT('',(0.581055512755,0.32,-0.355125000056));
#4845 = VECTOR('',#4846,1.);
#4846 = DIRECTION('',(-1.,0.,6.982962677686E-15));
#4847 = PCURVE('',#2884,#4848);
#4848 = DEFINITIONAL_REPRESENTATION('',(#4849),#4853);
#4849 = LINE('',#4850,#4851);
#4850 = CARTESIAN_POINT('',(0.,0.));
#4851 = VECTOR('',#4852,1.);
#4852 = DIRECTION('',(-1.,-6.982962677686E-15));
#4853 = ( GEOMETRIC_REPRESENTATION_CONTEXT(2) 
PARAMETRIC_REPRESENTATION_CONTEXT() REPRESENTATION_CONTEXT('2D SPACE',''
  ) );
#4854 = PCURVE('',#1187,#4855);
#4855 = DEFINITIONAL_REPRESENTATION('',(#4856),#4860);
#4856 = LINE('',#4857,#4858);
#4857 = CARTESIAN_POINT('',(-0.581055512755,0.32));
#4858 = VECTOR('',#4859,1.);
#4859 = DIRECTION('',(1.,0.));
#4860 = ( GEOMETRIC_REPRESENTATION_CONTEXT(2) 
PARAMETRIC_REPRESENTATION_CONTEXT() REPRESENTATION_CONTEXT('2D SPACE',''
  ) );
#4861 = ORIENTED_EDGE('',*,*,#4792,.T.);
#4862 = ADVANCED_FACE('',(#4863),#2856,.F.);
#4863 = FACE_BOUND('',#4864,.F.);
#4864 = EDGE_LOOP('',(#4865,#4866,#4890,#4911));
#4865 = ORIENTED_EDGE('',*,*,#4818,.F.);
#4866 = ORIENTED_EDGE('',*,*,#4867,.F.);
#4867 = EDGE_CURVE('',#4868,#4819,#4870,.T.);
#4868 = VERTEX_POINT('',#4869);
#4869 = CARTESIAN_POINT('',(0.66,0.345,-0.355125000056));
#4870 = SURFACE_CURVE('',#4871,(#4876,#4883),.PCURVE_S1.);
#4871 = CIRCLE('',#4872,2.5E-02);
#4872 = AXIS2_PLACEMENT_3D('',#4873,#4874,#4875);
#4873 = CARTESIAN_POINT('',(0.635,0.345,-0.355125000056));
#4874 = DIRECTION('',(-6.505213034913E-15,0.,-1.));
#4875 = DIRECTION('',(1.,0.,-6.505213034913E-15));
#4876 = PCURVE('',#2856,#4877);
#4877 = DEFINITIONAL_REPRESENTATION('',(#4878),#4882);
#4878 = LINE('',#4879,#4880);
#4879 = CARTESIAN_POINT('',(6.28318530718,0.));
#4880 = VECTOR('',#4881,1.);
#4881 = DIRECTION('',(-1.,0.));
#4882 = ( GEOMETRIC_REPRESENTATION_CONTEXT(2) 
PARAMETRIC_REPRESENTATION_CONTEXT() REPRESENTATION_CONTEXT('2D SPACE',''
  ) );
#4883 = PCURVE('',#1187,#4884);
#4884 = DEFINITIONAL_REPRESENTATION('',(#4885),#4889);
#4885 = CIRCLE('',#4886,2.5E-02);
#4886 = AXIS2_PLACEMENT_2D('',#4887,#4888);
#4887 = CARTESIAN_POINT('',(-0.635,0.345));
#4888 = DIRECTION('',(-1.,0.));
#4889 = ( GEOMETRIC_REPRESENTATION_CONTEXT(2) 
PARAMETRIC_REPRESENTATION_CONTEXT() REPRESENTATION_CONTEXT('2D SPACE',''
  ) );
#4890 = ORIENTED_EDGE('',*,*,#4891,.T.);
#4891 = EDGE_CURVE('',#4868,#2812,#4892,.T.);
#4892 = SURFACE_CURVE('',#4893,(#4897,#4904),.PCURVE_S1.);
#4893 = LINE('',#4894,#4895);
#4894 = CARTESIAN_POINT('',(0.66,0.345,-0.355125000056));
#4895 = VECTOR('',#4896,1.);
#4896 = DIRECTION('',(6.982962677686E-15,0.,1.));
#4897 = PCURVE('',#2856,#4898);
#4898 = DEFINITIONAL_REPRESENTATION('',(#4899),#4903);
#4899 = LINE('',#4900,#4901);
#4900 = CARTESIAN_POINT('',(6.28318530718,-3.330669073875E-16));
#4901 = VECTOR('',#4902,1.);
#4902 = DIRECTION('',(0.,1.));
#4903 = ( GEOMETRIC_REPRESENTATION_CONTEXT(2) 
PARAMETRIC_REPRESENTATION_CONTEXT() REPRESENTATION_CONTEXT('2D SPACE',''
  ) );
#4904 = PCURVE('',#2827,#4905);
#4905 = DEFINITIONAL_REPRESENTATION('',(#4906),#4910);
#4906 = LINE('',#4907,#4908);
#4907 = CARTESIAN_POINT('',(-0.15,-0.));
#4908 = VECTOR('',#4909,1.);
#4909 = DIRECTION('',(0.,-1.));
#4910 = ( GEOMETRIC_REPRESENTATION_CONTEXT(2) 
PARAMETRIC_REPRESENTATION_CONTEXT() REPRESENTATION_CONTEXT('2D SPACE',''
  ) );
#4911 = ORIENTED_EDGE('',*,*,#2839,.T.);
#4912 = ADVANCED_FACE('',(#4913),#2827,.T.);
#4913 = FACE_BOUND('',#4914,.T.);
#4914 = EDGE_LOOP('',(#4915,#4916,#4939,#4960));
#4915 = ORIENTED_EDGE('',*,*,#2811,.F.);
#4916 = ORIENTED_EDGE('',*,*,#4917,.F.);
#4917 = EDGE_CURVE('',#4918,#2783,#4920,.T.);
#4918 = VERTEX_POINT('',#4919);
#4919 = CARTESIAN_POINT('',(0.66,0.495,-0.355125000056));
#4920 = SURFACE_CURVE('',#4921,(#4925,#4932),.PCURVE_S1.);
#4921 = LINE('',#4922,#4923);
#4922 = CARTESIAN_POINT('',(0.66,0.495,-0.355125000056));
#4923 = VECTOR('',#4924,1.);
#4924 = DIRECTION('',(6.982962677686E-15,0.,1.));
#4925 = PCURVE('',#2827,#4926);
#4926 = DEFINITIONAL_REPRESENTATION('',(#4927),#4931);
#4927 = LINE('',#4928,#4929);
#4928 = CARTESIAN_POINT('',(0.,0.));
#4929 = VECTOR('',#4930,1.);
#4930 = DIRECTION('',(0.,-1.));
#4931 = ( GEOMETRIC_REPRESENTATION_CONTEXT(2) 
PARAMETRIC_REPRESENTATION_CONTEXT() REPRESENTATION_CONTEXT('2D SPACE',''
  ) );
#4932 = PCURVE('',#2799,#4933);
#4933 = DEFINITIONAL_REPRESENTATION('',(#4934),#4938);
#4934 = LINE('',#4935,#4936);
#4935 = CARTESIAN_POINT('',(0.,-3.330669073875E-16));
#4936 = VECTOR('',#4937,1.);
#4937 = DIRECTION('',(0.,1.));
#4938 = ( GEOMETRIC_REPRESENTATION_CONTEXT(2) 
PARAMETRIC_REPRESENTATION_CONTEXT() REPRESENTATION_CONTEXT('2D SPACE',''
  ) );
#4939 = ORIENTED_EDGE('',*,*,#4940,.T.);
#4940 = EDGE_CURVE('',#4918,#4868,#4941,.T.);
#4941 = SURFACE_CURVE('',#4942,(#4946,#4953),.PCURVE_S1.);
#4942 = LINE('',#4943,#4944);
#4943 = CARTESIAN_POINT('',(0.66,0.495,-0.355125000056));
#4944 = VECTOR('',#4945,1.);
#4945 = DIRECTION('',(0.,-1.,0.));
#4946 = PCURVE('',#2827,#4947);
#4947 = DEFINITIONAL_REPRESENTATION('',(#4948),#4952);
#4948 = LINE('',#4949,#4950);
#4949 = CARTESIAN_POINT('',(0.,0.));
#4950 = VECTOR('',#4951,1.);
#4951 = DIRECTION('',(-1.,-0.));
#4952 = ( GEOMETRIC_REPRESENTATION_CONTEXT(2) 
PARAMETRIC_REPRESENTATION_CONTEXT() REPRESENTATION_CONTEXT('2D SPACE',''
  ) );
#4953 = PCURVE('',#1187,#4954);
#4954 = DEFINITIONAL_REPRESENTATION('',(#4955),#4959);
#4955 = LINE('',#4956,#4957);
#4956 = CARTESIAN_POINT('',(-0.66,0.495));
#4957 = VECTOR('',#4958,1.);
#4958 = DIRECTION('',(0.,-1.));
#4959 = ( GEOMETRIC_REPRESENTATION_CONTEXT(2) 
PARAMETRIC_REPRESENTATION_CONTEXT() REPRESENTATION_CONTEXT('2D SPACE',''
  ) );
#4960 = ORIENTED_EDGE('',*,*,#4891,.T.);
#4961 = ADVANCED_FACE('',(#4962),#2799,.F.);
#4962 = FACE_BOUND('',#4963,.F.);
#4963 = EDGE_LOOP('',(#4964,#4965,#4989,#5010));
#4964 = ORIENTED_EDGE('',*,*,#4917,.F.);
#4965 = ORIENTED_EDGE('',*,*,#4966,.F.);
#4966 = EDGE_CURVE('',#4967,#4918,#4969,.T.);
#4967 = VERTEX_POINT('',#4968);
#4968 = CARTESIAN_POINT('',(0.635,0.52,-0.355125000056));
#4969 = SURFACE_CURVE('',#4970,(#4975,#4982),.PCURVE_S1.);
#4970 = CIRCLE('',#4971,2.5E-02);
#4971 = AXIS2_PLACEMENT_3D('',#4972,#4973,#4974);
#4972 = CARTESIAN_POINT('',(0.635,0.495,-0.355125000056));
#4973 = DIRECTION('',(-6.505213034913E-15,0.,-1.));
#4974 = DIRECTION('',(-1.,0.,6.505213034913E-15));
#4975 = PCURVE('',#2799,#4976);
#4976 = DEFINITIONAL_REPRESENTATION('',(#4977),#4981);
#4977 = LINE('',#4978,#4979);
#4978 = CARTESIAN_POINT('',(3.14159265359,0.));
#4979 = VECTOR('',#4980,1.);
#4980 = DIRECTION('',(-1.,0.));
#4981 = ( GEOMETRIC_REPRESENTATION_CONTEXT(2) 
PARAMETRIC_REPRESENTATION_CONTEXT() REPRESENTATION_CONTEXT('2D SPACE',''
  ) );
#4982 = PCURVE('',#1187,#4983);
#4983 = DEFINITIONAL_REPRESENTATION('',(#4984),#4988);
#4984 = CIRCLE('',#4985,2.5E-02);
#4985 = AXIS2_PLACEMENT_2D('',#4986,#4987);
#4986 = CARTESIAN_POINT('',(-0.635,0.495));
#4987 = DIRECTION('',(1.,0.));
#4988 = ( GEOMETRIC_REPRESENTATION_CONTEXT(2) 
PARAMETRIC_REPRESENTATION_CONTEXT() REPRESENTATION_CONTEXT('2D SPACE',''
  ) );
#4989 = ORIENTED_EDGE('',*,*,#4990,.T.);
#4990 = EDGE_CURVE('',#4967,#2755,#4991,.T.);
#4991 = SURFACE_CURVE('',#4992,(#4996,#5003),.PCURVE_S1.);
#4992 = LINE('',#4993,#4994);
#4993 = CARTESIAN_POINT('',(0.635,0.52,-0.355125000056));
#4994 = VECTOR('',#4995,1.);
#4995 = DIRECTION('',(6.982962677686E-15,0.,1.));
#4996 = PCURVE('',#2799,#4997);
#4997 = DEFINITIONAL_REPRESENTATION('',(#4998),#5002);
#4998 = LINE('',#4999,#5000);
#4999 = CARTESIAN_POINT('',(1.570796326795,0.));
#5000 = VECTOR('',#5001,1.);
#5001 = DIRECTION('',(0.,1.));
#5002 = ( GEOMETRIC_REPRESENTATION_CONTEXT(2) 
PARAMETRIC_REPRESENTATION_CONTEXT() REPRESENTATION_CONTEXT('2D SPACE',''
  ) );
#5003 = PCURVE('',#2770,#5004);
#5004 = DEFINITIONAL_REPRESENTATION('',(#5005),#5009);
#5005 = LINE('',#5006,#5007);
#5006 = CARTESIAN_POINT('',(4.440892098501E-16,7.5E-02));
#5007 = VECTOR('',#5008,1.);
#5008 = DIRECTION('',(-1.,6.982962677686E-15));
#5009 = ( GEOMETRIC_REPRESENTATION_CONTEXT(2) 
PARAMETRIC_REPRESENTATION_CONTEXT() REPRESENTATION_CONTEXT('2D SPACE',''
  ) );
#5010 = ORIENTED_EDGE('',*,*,#2782,.T.);
#5011 = ADVANCED_FACE('',(#5012),#2770,.T.);
#5012 = FACE_BOUND('',#5013,.T.);
#5013 = EDGE_LOOP('',(#5014,#5015,#5038,#5059));
#5014 = ORIENTED_EDGE('',*,*,#2754,.F.);
#5015 = ORIENTED_EDGE('',*,*,#5016,.F.);
#5016 = EDGE_CURVE('',#5017,#2722,#5019,.T.);
#5017 = VERTEX_POINT('',#5018);
#5018 = CARTESIAN_POINT('',(0.56,0.52,-0.355125000056));
#5019 = SURFACE_CURVE('',#5020,(#5024,#5031),.PCURVE_S1.);
#5020 = LINE('',#5021,#5022);
#5021 = CARTESIAN_POINT('',(0.56,0.52,-0.355125000056));
#5022 = VECTOR('',#5023,1.);
#5023 = DIRECTION('',(6.982962677686E-15,0.,1.));
#5024 = PCURVE('',#2770,#5025);
#5025 = DEFINITIONAL_REPRESENTATION('',(#5026),#5030);
#5026 = LINE('',#5027,#5028);
#5027 = CARTESIAN_POINT('',(0.,0.));
#5028 = VECTOR('',#5029,1.);
#5029 = DIRECTION('',(-1.,6.982962677686E-15));
#5030 = ( GEOMETRIC_REPRESENTATION_CONTEXT(2) 
PARAMETRIC_REPRESENTATION_CONTEXT() REPRESENTATION_CONTEXT('2D SPACE',''
  ) );
#5031 = PCURVE('',#2742,#5032);
#5032 = DEFINITIONAL_REPRESENTATION('',(#5033),#5037);
#5033 = LINE('',#5034,#5035);
#5034 = CARTESIAN_POINT('',(4.712388980385,0.));
#5035 = VECTOR('',#5036,1.);
#5036 = DIRECTION('',(0.,1.));
#5037 = ( GEOMETRIC_REPRESENTATION_CONTEXT(2) 
PARAMETRIC_REPRESENTATION_CONTEXT() REPRESENTATION_CONTEXT('2D SPACE',''
  ) );
#5038 = ORIENTED_EDGE('',*,*,#5039,.T.);
#5039 = EDGE_CURVE('',#5017,#4967,#5040,.T.);
#5040 = SURFACE_CURVE('',#5041,(#5045,#5052),.PCURVE_S1.);
#5041 = LINE('',#5042,#5043);
#5042 = CARTESIAN_POINT('',(0.56,0.52,-0.355125000056));
#5043 = VECTOR('',#5044,1.);
#5044 = DIRECTION('',(1.,0.,-6.982962677686E-15));
#5045 = PCURVE('',#2770,#5046);
#5046 = DEFINITIONAL_REPRESENTATION('',(#5047),#5051);
#5047 = LINE('',#5048,#5049);
#5048 = CARTESIAN_POINT('',(0.,0.));
#5049 = VECTOR('',#5050,1.);
#5050 = DIRECTION('',(6.982962677686E-15,1.));
#5051 = ( GEOMETRIC_REPRESENTATION_CONTEXT(2) 
PARAMETRIC_REPRESENTATION_CONTEXT() REPRESENTATION_CONTEXT('2D SPACE',''
  ) );
#5052 = PCURVE('',#1187,#5053);
#5053 = DEFINITIONAL_REPRESENTATION('',(#5054),#5058);
#5054 = LINE('',#5055,#5056);
#5055 = CARTESIAN_POINT('',(-0.56,0.52));
#5056 = VECTOR('',#5057,1.);
#5057 = DIRECTION('',(-1.,0.));
#5058 = ( GEOMETRIC_REPRESENTATION_CONTEXT(2) 
PARAMETRIC_REPRESENTATION_CONTEXT() REPRESENTATION_CONTEXT('2D SPACE',''
  ) );
#5059 = ORIENTED_EDGE('',*,*,#4990,.T.);
#5060 = ADVANCED_FACE('',(#5061),#2742,.T.);
#5061 = FACE_BOUND('',#5062,.T.);
#5062 = EDGE_LOOP('',(#5063,#5064,#5087,#5113));
#5063 = ORIENTED_EDGE('',*,*,#2721,.F.);
#5064 = ORIENTED_EDGE('',*,*,#5065,.F.);
#5065 = EDGE_CURVE('',#5066,#2694,#5068,.T.);
#5066 = VERTEX_POINT('',#5067);
#5067 = CARTESIAN_POINT('',(0.51,0.57,-0.355125000056));
#5068 = SURFACE_CURVE('',#5069,(#5073,#5080),.PCURVE_S1.);
#5069 = LINE('',#5070,#5071);
#5070 = CARTESIAN_POINT('',(0.51,0.57,-0.355125000056));
#5071 = VECTOR('',#5072,1.);
#5072 = DIRECTION('',(6.982962677686E-15,0.,1.));
#5073 = PCURVE('',#2742,#5074);
#5074 = DEFINITIONAL_REPRESENTATION('',(#5075),#5079);
#5075 = LINE('',#5076,#5077);
#5076 = CARTESIAN_POINT('',(3.14159265359,-3.330669073875E-16));
#5077 = VECTOR('',#5078,1.);
#5078 = DIRECTION('',(0.,1.));
#5079 = ( GEOMETRIC_REPRESENTATION_CONTEXT(2) 
PARAMETRIC_REPRESENTATION_CONTEXT() REPRESENTATION_CONTEXT('2D SPACE',''
  ) );
#5080 = PCURVE('',#2709,#5081);
#5081 = DEFINITIONAL_REPRESENTATION('',(#5082),#5086);
#5082 = LINE('',#5083,#5084);
#5083 = CARTESIAN_POINT('',(-2.5E-02,-0.));
#5084 = VECTOR('',#5085,1.);
#5085 = DIRECTION('',(0.,-1.));
#5086 = ( GEOMETRIC_REPRESENTATION_CONTEXT(2) 
PARAMETRIC_REPRESENTATION_CONTEXT() REPRESENTATION_CONTEXT('2D SPACE',''
  ) );
#5087 = ORIENTED_EDGE('',*,*,#5088,.T.);
#5088 = EDGE_CURVE('',#5066,#5017,#5089,.T.);
#5089 = SURFACE_CURVE('',#5090,(#5095,#5102),.PCURVE_S1.);
#5090 = CIRCLE('',#5091,5.E-02);
#5091 = AXIS2_PLACEMENT_3D('',#5092,#5093,#5094);
#5092 = CARTESIAN_POINT('',(0.56,0.57,-0.355125000056));
#5093 = DIRECTION('',(6.505213034913E-15,0.,1.));
#5094 = DIRECTION('',(1.,0.,-6.505213034913E-15));
#5095 = PCURVE('',#2742,#5096);
#5096 = DEFINITIONAL_REPRESENTATION('',(#5097),#5101);
#5097 = LINE('',#5098,#5099);
#5098 = CARTESIAN_POINT('',(0.,0.));
#5099 = VECTOR('',#5100,1.);
#5100 = DIRECTION('',(1.,0.));
#5101 = ( GEOMETRIC_REPRESENTATION_CONTEXT(2) 
PARAMETRIC_REPRESENTATION_CONTEXT() REPRESENTATION_CONTEXT('2D SPACE',''
  ) );
#5102 = PCURVE('',#1187,#5103);
#5103 = DEFINITIONAL_REPRESENTATION('',(#5104),#5112);
#5104 = ( BOUNDED_CURVE() B_SPLINE_CURVE(2,(#5105,#5106,#5107,#5108,
#5109,#5110,#5111),.UNSPECIFIED.,.T.,.F.) B_SPLINE_CURVE_WITH_KNOTS((1,2
    ,2,2,2,1),(-2.094395102393,0.,2.094395102393,4.188790204786,
6.28318530718,8.377580409573),.UNSPECIFIED.) CURVE() 
GEOMETRIC_REPRESENTATION_ITEM() RATIONAL_B_SPLINE_CURVE((1.,0.5,1.,0.5,
1.,0.5,1.)) REPRESENTATION_ITEM('') );
#5105 = CARTESIAN_POINT('',(-0.61,0.57));
#5106 = CARTESIAN_POINT('',(-0.61,0.656602540378));
#5107 = CARTESIAN_POINT('',(-0.535,0.613301270189));
#5108 = CARTESIAN_POINT('',(-0.46,0.57));
#5109 = CARTESIAN_POINT('',(-0.535,0.526698729811));
#5110 = CARTESIAN_POINT('',(-0.61,0.483397459622));
#5111 = CARTESIAN_POINT('',(-0.61,0.57));
#5112 = ( GEOMETRIC_REPRESENTATION_CONTEXT(2) 
PARAMETRIC_REPRESENTATION_CONTEXT() REPRESENTATION_CONTEXT('2D SPACE',''
  ) );
#5113 = ORIENTED_EDGE('',*,*,#5016,.T.);
#5114 = ADVANCED_FACE('',(#5115),#2709,.T.);
#5115 = FACE_BOUND('',#5116,.T.);
#5116 = EDGE_LOOP('',(#5117,#5118,#5141,#5162));
#5117 = ORIENTED_EDGE('',*,*,#2693,.F.);
#5118 = ORIENTED_EDGE('',*,*,#5119,.F.);
#5119 = EDGE_CURVE('',#5120,#2665,#5122,.T.);
#5120 = VERTEX_POINT('',#5121);
#5121 = CARTESIAN_POINT('',(0.51,0.595,-0.355125000056));
#5122 = SURFACE_CURVE('',#5123,(#5127,#5134),.PCURVE_S1.);
#5123 = LINE('',#5124,#5125);
#5124 = CARTESIAN_POINT('',(0.51,0.595,-0.355125000056));
#5125 = VECTOR('',#5126,1.);
#5126 = DIRECTION('',(6.982962677686E-15,0.,1.));
#5127 = PCURVE('',#2709,#5128);
#5128 = DEFINITIONAL_REPRESENTATION('',(#5129),#5133);
#5129 = LINE('',#5130,#5131);
#5130 = CARTESIAN_POINT('',(0.,0.));
#5131 = VECTOR('',#5132,1.);
#5132 = DIRECTION('',(0.,-1.));
#5133 = ( GEOMETRIC_REPRESENTATION_CONTEXT(2) 
PARAMETRIC_REPRESENTATION_CONTEXT() REPRESENTATION_CONTEXT('2D SPACE',''
  ) );
#5134 = PCURVE('',#2681,#5135);
#5135 = DEFINITIONAL_REPRESENTATION('',(#5136),#5140);
#5136 = LINE('',#5137,#5138);
#5137 = CARTESIAN_POINT('',(0.,-3.885780586188E-16));
#5138 = VECTOR('',#5139,1.);
#5139 = DIRECTION('',(0.,1.));
#5140 = ( GEOMETRIC_REPRESENTATION_CONTEXT(2) 
PARAMETRIC_REPRESENTATION_CONTEXT() REPRESENTATION_CONTEXT('2D SPACE',''
  ) );
#5141 = ORIENTED_EDGE('',*,*,#5142,.T.);
#5142 = EDGE_CURVE('',#5120,#5066,#5143,.T.);
#5143 = SURFACE_CURVE('',#5144,(#5148,#5155),.PCURVE_S1.);
#5144 = LINE('',#5145,#5146);
#5145 = CARTESIAN_POINT('',(0.51,0.595,-0.355125000056));
#5146 = VECTOR('',#5147,1.);
#5147 = DIRECTION('',(0.,-1.,0.));
#5148 = PCURVE('',#2709,#5149);
#5149 = DEFINITIONAL_REPRESENTATION('',(#5150),#5154);
#5150 = LINE('',#5151,#5152);
#5151 = CARTESIAN_POINT('',(0.,0.));
#5152 = VECTOR('',#5153,1.);
#5153 = DIRECTION('',(-1.,-0.));
#5154 = ( GEOMETRIC_REPRESENTATION_CONTEXT(2) 
PARAMETRIC_REPRESENTATION_CONTEXT() REPRESENTATION_CONTEXT('2D SPACE',''
  ) );
#5155 = PCURVE('',#1187,#5156);
#5156 = DEFINITIONAL_REPRESENTATION('',(#5157),#5161);
#5157 = LINE('',#5158,#5159);
#5158 = CARTESIAN_POINT('',(-0.51,0.595));
#5159 = VECTOR('',#5160,1.);
#5160 = DIRECTION('',(0.,-1.));
#5161 = ( GEOMETRIC_REPRESENTATION_CONTEXT(2) 
PARAMETRIC_REPRESENTATION_CONTEXT() REPRESENTATION_CONTEXT('2D SPACE',''
  ) );
#5162 = ORIENTED_EDGE('',*,*,#5065,.T.);
#5163 = ADVANCED_FACE('',(#5164),#2681,.F.);
#5164 = FACE_BOUND('',#5165,.F.);
#5165 = EDGE_LOOP('',(#5166,#5167,#5191,#5212));
#5166 = ORIENTED_EDGE('',*,*,#5119,.F.);
#5167 = ORIENTED_EDGE('',*,*,#5168,.F.);
#5168 = EDGE_CURVE('',#5169,#5120,#5171,.T.);
#5169 = VERTEX_POINT('',#5170);
#5170 = CARTESIAN_POINT('',(0.485,0.62,-0.355125000056));
#5171 = SURFACE_CURVE('',#5172,(#5177,#5184),.PCURVE_S1.);
#5172 = CIRCLE('',#5173,2.5E-02);
#5173 = AXIS2_PLACEMENT_3D('',#5174,#5175,#5176);
#5174 = CARTESIAN_POINT('',(0.485,0.595,-0.355125000056));
#5175 = DIRECTION('',(-6.505213034913E-15,0.,-1.));
#5176 = DIRECTION('',(1.,0.,-6.505213034913E-15));
#5177 = PCURVE('',#2681,#5178);
#5178 = DEFINITIONAL_REPRESENTATION('',(#5179),#5183);
#5179 = LINE('',#5180,#5181);
#5180 = CARTESIAN_POINT('',(6.28318530718,0.));
#5181 = VECTOR('',#5182,1.);
#5182 = DIRECTION('',(-1.,0.));
#5183 = ( GEOMETRIC_REPRESENTATION_CONTEXT(2) 
PARAMETRIC_REPRESENTATION_CONTEXT() REPRESENTATION_CONTEXT('2D SPACE',''
  ) );
#5184 = PCURVE('',#1187,#5185);
#5185 = DEFINITIONAL_REPRESENTATION('',(#5186),#5190);
#5186 = CIRCLE('',#5187,2.5E-02);
#5187 = AXIS2_PLACEMENT_2D('',#5188,#5189);
#5188 = CARTESIAN_POINT('',(-0.485,0.595));
#5189 = DIRECTION('',(-1.,0.));
#5190 = ( GEOMETRIC_REPRESENTATION_CONTEXT(2) 
PARAMETRIC_REPRESENTATION_CONTEXT() REPRESENTATION_CONTEXT('2D SPACE',''
  ) );
#5191 = ORIENTED_EDGE('',*,*,#5192,.T.);
#5192 = EDGE_CURVE('',#5169,#2637,#5193,.T.);
#5193 = SURFACE_CURVE('',#5194,(#5198,#5205),.PCURVE_S1.);
#5194 = LINE('',#5195,#5196);
#5195 = CARTESIAN_POINT('',(0.485,0.62,-0.355125000056));
#5196 = VECTOR('',#5197,1.);
#5197 = DIRECTION('',(6.982962677686E-15,0.,1.));
#5198 = PCURVE('',#2681,#5199);
#5199 = DEFINITIONAL_REPRESENTATION('',(#5200),#5204);
#5200 = LINE('',#5201,#5202);
#5201 = CARTESIAN_POINT('',(1.570796326795,0.));
#5202 = VECTOR('',#5203,1.);
#5203 = DIRECTION('',(0.,1.));
#5204 = ( GEOMETRIC_REPRESENTATION_CONTEXT(2) 
PARAMETRIC_REPRESENTATION_CONTEXT() REPRESENTATION_CONTEXT('2D SPACE',''
  ) );
#5205 = PCURVE('',#2652,#5206);
#5206 = DEFINITIONAL_REPRESENTATION('',(#5207),#5211);
#5207 = LINE('',#5208,#5209);
#5208 = CARTESIAN_POINT('',(9.992007221626E-16,0.15));
#5209 = VECTOR('',#5210,1.);
#5210 = DIRECTION('',(-1.,6.982962677686E-15));
#5211 = ( GEOMETRIC_REPRESENTATION_CONTEXT(2) 
PARAMETRIC_REPRESENTATION_CONTEXT() REPRESENTATION_CONTEXT('2D SPACE',''
  ) );
#5212 = ORIENTED_EDGE('',*,*,#2664,.T.);
#5213 = ADVANCED_FACE('',(#5214),#2652,.T.);
#5214 = FACE_BOUND('',#5215,.T.);
#5215 = EDGE_LOOP('',(#5216,#5217,#5240,#5261));
#5216 = ORIENTED_EDGE('',*,*,#2636,.F.);
#5217 = ORIENTED_EDGE('',*,*,#5218,.F.);
#5218 = EDGE_CURVE('',#5219,#2608,#5221,.T.);
#5219 = VERTEX_POINT('',#5220);
#5220 = CARTESIAN_POINT('',(0.335,0.62,-0.355125000056));
#5221 = SURFACE_CURVE('',#5222,(#5226,#5233),.PCURVE_S1.);
#5222 = LINE('',#5223,#5224);
#5223 = CARTESIAN_POINT('',(0.335,0.62,-0.355125000056));
#5224 = VECTOR('',#5225,1.);
#5225 = DIRECTION('',(6.982962677686E-15,0.,1.));
#5226 = PCURVE('',#2652,#5227);
#5227 = DEFINITIONAL_REPRESENTATION('',(#5228),#5232);
#5228 = LINE('',#5229,#5230);
#5229 = CARTESIAN_POINT('',(0.,0.));
#5230 = VECTOR('',#5231,1.);
#5231 = DIRECTION('',(-1.,6.982962677686E-15));
#5232 = ( GEOMETRIC_REPRESENTATION_CONTEXT(2) 
PARAMETRIC_REPRESENTATION_CONTEXT() REPRESENTATION_CONTEXT('2D SPACE',''
  ) );
#5233 = PCURVE('',#2624,#5234);
#5234 = DEFINITIONAL_REPRESENTATION('',(#5235),#5239);
#5235 = LINE('',#5236,#5237);
#5236 = CARTESIAN_POINT('',(1.570796326795,0.));
#5237 = VECTOR('',#5238,1.);
#5238 = DIRECTION('',(0.,1.));
#5239 = ( GEOMETRIC_REPRESENTATION_CONTEXT(2) 
PARAMETRIC_REPRESENTATION_CONTEXT() REPRESENTATION_CONTEXT('2D SPACE',''
  ) );
#5240 = ORIENTED_EDGE('',*,*,#5241,.T.);
#5241 = EDGE_CURVE('',#5219,#5169,#5242,.T.);
#5242 = SURFACE_CURVE('',#5243,(#5247,#5254),.PCURVE_S1.);
#5243 = LINE('',#5244,#5245);
#5244 = CARTESIAN_POINT('',(0.335,0.62,-0.355125000056));
#5245 = VECTOR('',#5246,1.);
#5246 = DIRECTION('',(1.,0.,-6.982962677686E-15));
#5247 = PCURVE('',#2652,#5248);
#5248 = DEFINITIONAL_REPRESENTATION('',(#5249),#5253);
#5249 = LINE('',#5250,#5251);
#5250 = CARTESIAN_POINT('',(0.,0.));
#5251 = VECTOR('',#5252,1.);
#5252 = DIRECTION('',(6.982962677686E-15,1.));
#5253 = ( GEOMETRIC_REPRESENTATION_CONTEXT(2) 
PARAMETRIC_REPRESENTATION_CONTEXT() REPRESENTATION_CONTEXT('2D SPACE',''
  ) );
#5254 = PCURVE('',#1187,#5255);
#5255 = DEFINITIONAL_REPRESENTATION('',(#5256),#5260);
#5256 = LINE('',#5257,#5258);
#5257 = CARTESIAN_POINT('',(-0.335,0.62));
#5258 = VECTOR('',#5259,1.);
#5259 = DIRECTION('',(-1.,0.));
#5260 = ( GEOMETRIC_REPRESENTATION_CONTEXT(2) 
PARAMETRIC_REPRESENTATION_CONTEXT() REPRESENTATION_CONTEXT('2D SPACE',''
  ) );
#5261 = ORIENTED_EDGE('',*,*,#5192,.T.);
#5262 = ADVANCED_FACE('',(#5263),#2624,.F.);
#5263 = FACE_BOUND('',#5264,.F.);
#5264 = EDGE_LOOP('',(#5265,#5266,#5290,#5311));
#5265 = ORIENTED_EDGE('',*,*,#5218,.F.);
#5266 = ORIENTED_EDGE('',*,*,#5267,.F.);
#5267 = EDGE_CURVE('',#5268,#5219,#5270,.T.);
#5268 = VERTEX_POINT('',#5269);
#5269 = CARTESIAN_POINT('',(0.31,0.595,-0.355125000056));
#5270 = SURFACE_CURVE('',#5271,(#5276,#5283),.PCURVE_S1.);
#5271 = CIRCLE('',#5272,2.5E-02);
#5272 = AXIS2_PLACEMENT_3D('',#5273,#5274,#5275);
#5273 = CARTESIAN_POINT('',(0.335,0.595,-0.355125000056));
#5274 = DIRECTION('',(-6.505213034913E-15,0.,-1.));
#5275 = DIRECTION('',(-1.,0.,6.505213034913E-15));
#5276 = PCURVE('',#2624,#5277);
#5277 = DEFINITIONAL_REPRESENTATION('',(#5278),#5282);
#5278 = LINE('',#5279,#5280);
#5279 = CARTESIAN_POINT('',(3.14159265359,0.));
#5280 = VECTOR('',#5281,1.);
#5281 = DIRECTION('',(-1.,0.));
#5282 = ( GEOMETRIC_REPRESENTATION_CONTEXT(2) 
PARAMETRIC_REPRESENTATION_CONTEXT() REPRESENTATION_CONTEXT('2D SPACE',''
  ) );
#5283 = PCURVE('',#1187,#5284);
#5284 = DEFINITIONAL_REPRESENTATION('',(#5285),#5289);
#5285 = CIRCLE('',#5286,2.5E-02);
#5286 = AXIS2_PLACEMENT_2D('',#5287,#5288);
#5287 = CARTESIAN_POINT('',(-0.335,0.595));
#5288 = DIRECTION('',(1.,0.));
#5289 = ( GEOMETRIC_REPRESENTATION_CONTEXT(2) 
PARAMETRIC_REPRESENTATION_CONTEXT() REPRESENTATION_CONTEXT('2D SPACE',''
  ) );
#5290 = ORIENTED_EDGE('',*,*,#5291,.T.);
#5291 = EDGE_CURVE('',#5268,#2580,#5292,.T.);
#5292 = SURFACE_CURVE('',#5293,(#5297,#5304),.PCURVE_S1.);
#5293 = LINE('',#5294,#5295);
#5294 = CARTESIAN_POINT('',(0.31,0.595,-0.355125000056));
#5295 = VECTOR('',#5296,1.);
#5296 = DIRECTION('',(6.982962677686E-15,0.,1.));
#5297 = PCURVE('',#2624,#5298);
#5298 = DEFINITIONAL_REPRESENTATION('',(#5299),#5303);
#5299 = LINE('',#5300,#5301);
#5300 = CARTESIAN_POINT('',(3.14159265359,-1.665334536938E-16));
#5301 = VECTOR('',#5302,1.);
#5302 = DIRECTION('',(0.,1.));
#5303 = ( GEOMETRIC_REPRESENTATION_CONTEXT(2) 
PARAMETRIC_REPRESENTATION_CONTEXT() REPRESENTATION_CONTEXT('2D SPACE',''
  ) );
#5304 = PCURVE('',#2595,#5305);
#5305 = DEFINITIONAL_REPRESENTATION('',(#5306),#5310);
#5306 = LINE('',#5307,#5308);
#5307 = CARTESIAN_POINT('',(0.,0.));
#5308 = VECTOR('',#5309,1.);
#5309 = DIRECTION('',(-1.,0.));
#5310 = ( GEOMETRIC_REPRESENTATION_CONTEXT(2) 
PARAMETRIC_REPRESENTATION_CONTEXT() REPRESENTATION_CONTEXT('2D SPACE',''
  ) );
#5311 = ORIENTED_EDGE('',*,*,#2607,.T.);
#5312 = ADVANCED_FACE('',(#5313),#2595,.T.);
#5313 = FACE_BOUND('',#5314,.T.);
#5314 = EDGE_LOOP('',(#5315,#5316,#5339,#5360));
#5315 = ORIENTED_EDGE('',*,*,#2579,.F.);
#5316 = ORIENTED_EDGE('',*,*,#5317,.F.);
#5317 = EDGE_CURVE('',#5318,#2547,#5320,.T.);
#5318 = VERTEX_POINT('',#5319);
#5319 = CARTESIAN_POINT('',(0.31,0.57,-0.355125000056));
#5320 = SURFACE_CURVE('',#5321,(#5325,#5332),.PCURVE_S1.);
#5321 = LINE('',#5322,#5323);
#5322 = CARTESIAN_POINT('',(0.31,0.57,-0.355125000056));
#5323 = VECTOR('',#5324,1.);
#5324 = DIRECTION('',(6.982962677686E-15,0.,1.));
#5325 = PCURVE('',#2595,#5326);
#5326 = DEFINITIONAL_REPRESENTATION('',(#5327),#5331);
#5327 = LINE('',#5328,#5329);
#5328 = CARTESIAN_POINT('',(-0.,-2.5E-02));
#5329 = VECTOR('',#5330,1.);
#5330 = DIRECTION('',(-1.,0.));
#5331 = ( GEOMETRIC_REPRESENTATION_CONTEXT(2) 
PARAMETRIC_REPRESENTATION_CONTEXT() REPRESENTATION_CONTEXT('2D SPACE',''
  ) );
#5332 = PCURVE('',#2567,#5333);
#5333 = DEFINITIONAL_REPRESENTATION('',(#5334),#5338);
#5334 = LINE('',#5335,#5336);
#5335 = CARTESIAN_POINT('',(6.28318530718,-1.110223024625E-16));
#5336 = VECTOR('',#5337,1.);
#5337 = DIRECTION('',(0.,1.));
#5338 = ( GEOMETRIC_REPRESENTATION_CONTEXT(2) 
PARAMETRIC_REPRESENTATION_CONTEXT() REPRESENTATION_CONTEXT('2D SPACE',''
  ) );
#5339 = ORIENTED_EDGE('',*,*,#5340,.T.);
#5340 = EDGE_CURVE('',#5318,#5268,#5341,.T.);
#5341 = SURFACE_CURVE('',#5342,(#5346,#5353),.PCURVE_S1.);
#5342 = LINE('',#5343,#5344);
#5343 = CARTESIAN_POINT('',(0.31,0.595,-0.355125000056));
#5344 = VECTOR('',#5345,1.);
#5345 = DIRECTION('',(0.,1.,0.));
#5346 = PCURVE('',#2595,#5347);
#5347 = DEFINITIONAL_REPRESENTATION('',(#5348),#5352);
#5348 = LINE('',#5349,#5350);
#5349 = CARTESIAN_POINT('',(0.,0.));
#5350 = VECTOR('',#5351,1.);
#5351 = DIRECTION('',(0.,1.));
#5352 = ( GEOMETRIC_REPRESENTATION_CONTEXT(2) 
PARAMETRIC_REPRESENTATION_CONTEXT() REPRESENTATION_CONTEXT('2D SPACE',''
  ) );
#5353 = PCURVE('',#1187,#5354);
#5354 = DEFINITIONAL_REPRESENTATION('',(#5355),#5359);
#5355 = LINE('',#5356,#5357);
#5356 = CARTESIAN_POINT('',(-0.31,0.595));
#5357 = VECTOR('',#5358,1.);
#5358 = DIRECTION('',(0.,1.));
#5359 = ( GEOMETRIC_REPRESENTATION_CONTEXT(2) 
PARAMETRIC_REPRESENTATION_CONTEXT() REPRESENTATION_CONTEXT('2D SPACE',''
  ) );
#5360 = ORIENTED_EDGE('',*,*,#5291,.T.);
#5361 = ADVANCED_FACE('',(#5362),#2567,.T.);
#5362 = FACE_BOUND('',#5363,.T.);
#5363 = EDGE_LOOP('',(#5364,#5365,#5388,#5414));
#5364 = ORIENTED_EDGE('',*,*,#2546,.F.);
#5365 = ORIENTED_EDGE('',*,*,#5366,.F.);
#5366 = EDGE_CURVE('',#5367,#2519,#5369,.T.);
#5367 = VERTEX_POINT('',#5368);
#5368 = CARTESIAN_POINT('',(0.21,0.57,-0.355125000056));
#5369 = SURFACE_CURVE('',#5370,(#5374,#5381),.PCURVE_S1.);
#5370 = LINE('',#5371,#5372);
#5371 = CARTESIAN_POINT('',(0.21,0.57,-0.355125000056));
#5372 = VECTOR('',#5373,1.);
#5373 = DIRECTION('',(6.982962677686E-15,0.,1.));
#5374 = PCURVE('',#2567,#5375);
#5375 = DEFINITIONAL_REPRESENTATION('',(#5376),#5380);
#5376 = LINE('',#5377,#5378);
#5377 = CARTESIAN_POINT('',(3.14159265359,2.22044604925E-16));
#5378 = VECTOR('',#5379,1.);
#5379 = DIRECTION('',(0.,1.));
#5380 = ( GEOMETRIC_REPRESENTATION_CONTEXT(2) 
PARAMETRIC_REPRESENTATION_CONTEXT() REPRESENTATION_CONTEXT('2D SPACE',''
  ) );
#5381 = PCURVE('',#2534,#5382);
#5382 = DEFINITIONAL_REPRESENTATION('',(#5383),#5387);
#5383 = LINE('',#5384,#5385);
#5384 = CARTESIAN_POINT('',(-2.5E-02,-0.));
#5385 = VECTOR('',#5386,1.);
#5386 = DIRECTION('',(0.,-1.));
#5387 = ( GEOMETRIC_REPRESENTATION_CONTEXT(2) 
PARAMETRIC_REPRESENTATION_CONTEXT() REPRESENTATION_CONTEXT('2D SPACE',''
  ) );
#5388 = ORIENTED_EDGE('',*,*,#5389,.T.);
#5389 = EDGE_CURVE('',#5367,#5318,#5390,.T.);
#5390 = SURFACE_CURVE('',#5391,(#5396,#5403),.PCURVE_S1.);
#5391 = CIRCLE('',#5392,5.E-02);
#5392 = AXIS2_PLACEMENT_3D('',#5393,#5394,#5395);
#5393 = CARTESIAN_POINT('',(0.26,0.57,-0.355125000056));
#5394 = DIRECTION('',(6.505213034913E-15,0.,1.));
#5395 = DIRECTION('',(-1.,0.,6.505213034913E-15));
#5396 = PCURVE('',#2567,#5397);
#5397 = DEFINITIONAL_REPRESENTATION('',(#5398),#5402);
#5398 = LINE('',#5399,#5400);
#5399 = CARTESIAN_POINT('',(3.14159265359,5.551115123126E-17));
#5400 = VECTOR('',#5401,1.);
#5401 = DIRECTION('',(1.,-1.766974823035E-17));
#5402 = ( GEOMETRIC_REPRESENTATION_CONTEXT(2) 
PARAMETRIC_REPRESENTATION_CONTEXT() REPRESENTATION_CONTEXT('2D SPACE',''
  ) );
#5403 = PCURVE('',#1187,#5404);
#5404 = DEFINITIONAL_REPRESENTATION('',(#5405),#5413);
#5405 = ( BOUNDED_CURVE() B_SPLINE_CURVE(2,(#5406,#5407,#5408,#5409,
#5410,#5411,#5412),.UNSPECIFIED.,.T.,.F.) B_SPLINE_CURVE_WITH_KNOTS((1,2
    ,2,2,2,1),(-2.094395102393,0.,2.094395102393,4.188790204786,
6.28318530718,8.377580409573),.UNSPECIFIED.) CURVE() 
GEOMETRIC_REPRESENTATION_ITEM() RATIONAL_B_SPLINE_CURVE((1.,0.5,1.,0.5,
1.,0.5,1.)) REPRESENTATION_ITEM('') );
#5406 = CARTESIAN_POINT('',(-0.21,0.57));
#5407 = CARTESIAN_POINT('',(-0.21,0.483397459622));
#5408 = CARTESIAN_POINT('',(-0.285,0.526698729811));
#5409 = CARTESIAN_POINT('',(-0.36,0.57));
#5410 = CARTESIAN_POINT('',(-0.285,0.613301270189));
#5411 = CARTESIAN_POINT('',(-0.21,0.656602540378));
#5412 = CARTESIAN_POINT('',(-0.21,0.57));
#5413 = ( GEOMETRIC_REPRESENTATION_CONTEXT(2) 
PARAMETRIC_REPRESENTATION_CONTEXT() REPRESENTATION_CONTEXT('2D SPACE',''
  ) );
#5414 = ORIENTED_EDGE('',*,*,#5317,.T.);
#5415 = ADVANCED_FACE('',(#5416),#2534,.T.);
#5416 = FACE_BOUND('',#5417,.T.);
#5417 = EDGE_LOOP('',(#5418,#5419,#5442,#5463));
#5418 = ORIENTED_EDGE('',*,*,#2518,.F.);
#5419 = ORIENTED_EDGE('',*,*,#5420,.F.);
#5420 = EDGE_CURVE('',#5421,#2490,#5423,.T.);
#5421 = VERTEX_POINT('',#5422);
#5422 = CARTESIAN_POINT('',(0.21,0.595,-0.355125000056));
#5423 = SURFACE_CURVE('',#5424,(#5428,#5435),.PCURVE_S1.);
#5424 = LINE('',#5425,#5426);
#5425 = CARTESIAN_POINT('',(0.21,0.595,-0.355125000056));
#5426 = VECTOR('',#5427,1.);
#5427 = DIRECTION('',(6.982962677686E-15,0.,1.));
#5428 = PCURVE('',#2534,#5429);
#5429 = DEFINITIONAL_REPRESENTATION('',(#5430),#5434);
#5430 = LINE('',#5431,#5432);
#5431 = CARTESIAN_POINT('',(0.,0.));
#5432 = VECTOR('',#5433,1.);
#5433 = DIRECTION('',(0.,-1.));
#5434 = ( GEOMETRIC_REPRESENTATION_CONTEXT(2) 
PARAMETRIC_REPRESENTATION_CONTEXT() REPRESENTATION_CONTEXT('2D SPACE',''
  ) );
#5435 = PCURVE('',#2506,#5436);
#5436 = DEFINITIONAL_REPRESENTATION('',(#5437),#5441);
#5437 = LINE('',#5438,#5439);
#5438 = CARTESIAN_POINT('',(0.,1.665334536938E-16));
#5439 = VECTOR('',#5440,1.);
#5440 = DIRECTION('',(0.,1.));
#5441 = ( GEOMETRIC_REPRESENTATION_CONTEXT(2) 
PARAMETRIC_REPRESENTATION_CONTEXT() REPRESENTATION_CONTEXT('2D SPACE',''
  ) );
#5442 = ORIENTED_EDGE('',*,*,#5443,.T.);
#5443 = EDGE_CURVE('',#5421,#5367,#5444,.T.);
#5444 = SURFACE_CURVE('',#5445,(#5449,#5456),.PCURVE_S1.);
#5445 = LINE('',#5446,#5447);
#5446 = CARTESIAN_POINT('',(0.21,0.595,-0.355125000056));
#5447 = VECTOR('',#5448,1.);
#5448 = DIRECTION('',(0.,-1.,0.));
#5449 = PCURVE('',#2534,#5450);
#5450 = DEFINITIONAL_REPRESENTATION('',(#5451),#5455);
#5451 = LINE('',#5452,#5453);
#5452 = CARTESIAN_POINT('',(0.,0.));
#5453 = VECTOR('',#5454,1.);
#5454 = DIRECTION('',(-1.,-0.));
#5455 = ( GEOMETRIC_REPRESENTATION_CONTEXT(2) 
PARAMETRIC_REPRESENTATION_CONTEXT() REPRESENTATION_CONTEXT('2D SPACE',''
  ) );
#5456 = PCURVE('',#1187,#5457);
#5457 = DEFINITIONAL_REPRESENTATION('',(#5458),#5462);
#5458 = LINE('',#5459,#5460);
#5459 = CARTESIAN_POINT('',(-0.21,0.595));
#5460 = VECTOR('',#5461,1.);
#5461 = DIRECTION('',(0.,-1.));
#5462 = ( GEOMETRIC_REPRESENTATION_CONTEXT(2) 
PARAMETRIC_REPRESENTATION_CONTEXT() REPRESENTATION_CONTEXT('2D SPACE',''
  ) );
#5463 = ORIENTED_EDGE('',*,*,#5366,.T.);
#5464 = ADVANCED_FACE('',(#5465),#2506,.F.);
#5465 = FACE_BOUND('',#5466,.F.);
#5466 = EDGE_LOOP('',(#5467,#5468,#5492,#5513));
#5467 = ORIENTED_EDGE('',*,*,#5420,.F.);
#5468 = ORIENTED_EDGE('',*,*,#5469,.F.);
#5469 = EDGE_CURVE('',#5470,#5421,#5472,.T.);
#5470 = VERTEX_POINT('',#5471);
#5471 = CARTESIAN_POINT('',(0.185,0.62,-0.355125000056));
#5472 = SURFACE_CURVE('',#5473,(#5478,#5485),.PCURVE_S1.);
#5473 = CIRCLE('',#5474,2.5E-02);
#5474 = AXIS2_PLACEMENT_3D('',#5475,#5476,#5477);
#5475 = CARTESIAN_POINT('',(0.185,0.595,-0.355125000056));
#5476 = DIRECTION('',(-6.505213034913E-15,0.,-1.));
#5477 = DIRECTION('',(1.,0.,-6.505213034913E-15));
#5478 = PCURVE('',#2506,#5479);
#5479 = DEFINITIONAL_REPRESENTATION('',(#5480),#5484);
#5480 = LINE('',#5481,#5482);
#5481 = CARTESIAN_POINT('',(6.28318530718,0.));
#5482 = VECTOR('',#5483,1.);
#5483 = DIRECTION('',(-1.,0.));
#5484 = ( GEOMETRIC_REPRESENTATION_CONTEXT(2) 
PARAMETRIC_REPRESENTATION_CONTEXT() REPRESENTATION_CONTEXT('2D SPACE',''
  ) );
#5485 = PCURVE('',#1187,#5486);
#5486 = DEFINITIONAL_REPRESENTATION('',(#5487),#5491);
#5487 = CIRCLE('',#5488,2.5E-02);
#5488 = AXIS2_PLACEMENT_2D('',#5489,#5490);
#5489 = CARTESIAN_POINT('',(-0.185,0.595));
#5490 = DIRECTION('',(-1.,0.));
#5491 = ( GEOMETRIC_REPRESENTATION_CONTEXT(2) 
PARAMETRIC_REPRESENTATION_CONTEXT() REPRESENTATION_CONTEXT('2D SPACE',''
  ) );
#5492 = ORIENTED_EDGE('',*,*,#5493,.T.);
#5493 = EDGE_CURVE('',#5470,#2462,#5494,.T.);
#5494 = SURFACE_CURVE('',#5495,(#5499,#5506),.PCURVE_S1.);
#5495 = LINE('',#5496,#5497);
#5496 = CARTESIAN_POINT('',(0.185,0.62,-0.355125000056));
#5497 = VECTOR('',#5498,1.);
#5498 = DIRECTION('',(6.982962677686E-15,0.,1.));
#5499 = PCURVE('',#2506,#5500);
#5500 = DEFINITIONAL_REPRESENTATION('',(#5501),#5505);
#5501 = LINE('',#5502,#5503);
#5502 = CARTESIAN_POINT('',(1.570796326795,0.));
#5503 = VECTOR('',#5504,1.);
#5504 = DIRECTION('',(0.,1.));
#5505 = ( GEOMETRIC_REPRESENTATION_CONTEXT(2) 
PARAMETRIC_REPRESENTATION_CONTEXT() REPRESENTATION_CONTEXT('2D SPACE',''
  ) );
#5506 = PCURVE('',#2477,#5507);
#5507 = DEFINITIONAL_REPRESENTATION('',(#5508),#5512);
#5508 = LINE('',#5509,#5510);
#5509 = CARTESIAN_POINT('',(5.551115123126E-16,7.E-02));
#5510 = VECTOR('',#5511,1.);
#5511 = DIRECTION('',(-1.,6.982962677686E-15));
#5512 = ( GEOMETRIC_REPRESENTATION_CONTEXT(2) 
PARAMETRIC_REPRESENTATION_CONTEXT() REPRESENTATION_CONTEXT('2D SPACE',''
  ) );
#5513 = ORIENTED_EDGE('',*,*,#2489,.T.);
#5514 = ADVANCED_FACE('',(#5515),#2477,.T.);
#5515 = FACE_BOUND('',#5516,.T.);
#5516 = EDGE_LOOP('',(#5517,#5518,#5541,#5562));
#5517 = ORIENTED_EDGE('',*,*,#2461,.F.);
#5518 = ORIENTED_EDGE('',*,*,#5519,.F.);
#5519 = EDGE_CURVE('',#5520,#2433,#5522,.T.);
#5520 = VERTEX_POINT('',#5521);
#5521 = CARTESIAN_POINT('',(0.115,0.62,-0.355125000056));
#5522 = SURFACE_CURVE('',#5523,(#5527,#5534),.PCURVE_S1.);
#5523 = LINE('',#5524,#5525);
#5524 = CARTESIAN_POINT('',(0.115,0.62,-0.355125000056));
#5525 = VECTOR('',#5526,1.);
#5526 = DIRECTION('',(6.982962677686E-15,0.,1.));
#5527 = PCURVE('',#2477,#5528);
#5528 = DEFINITIONAL_REPRESENTATION('',(#5529),#5533);
#5529 = LINE('',#5530,#5531);
#5530 = CARTESIAN_POINT('',(0.,0.));
#5531 = VECTOR('',#5532,1.);
#5532 = DIRECTION('',(-1.,6.982962677686E-15));
#5533 = ( GEOMETRIC_REPRESENTATION_CONTEXT(2) 
PARAMETRIC_REPRESENTATION_CONTEXT() REPRESENTATION_CONTEXT('2D SPACE',''
  ) );
#5534 = PCURVE('',#2449,#5535);
#5535 = DEFINITIONAL_REPRESENTATION('',(#5536),#5540);
#5536 = LINE('',#5537,#5538);
#5537 = CARTESIAN_POINT('',(1.570796326795,0.));
#5538 = VECTOR('',#5539,1.);
#5539 = DIRECTION('',(0.,1.));
#5540 = ( GEOMETRIC_REPRESENTATION_CONTEXT(2) 
PARAMETRIC_REPRESENTATION_CONTEXT() REPRESENTATION_CONTEXT('2D SPACE',''
  ) );
#5541 = ORIENTED_EDGE('',*,*,#5542,.T.);
#5542 = EDGE_CURVE('',#5520,#5470,#5543,.T.);
#5543 = SURFACE_CURVE('',#5544,(#5548,#5555),.PCURVE_S1.);
#5544 = LINE('',#5545,#5546);
#5545 = CARTESIAN_POINT('',(0.115,0.62,-0.355125000056));
#5546 = VECTOR('',#5547,1.);
#5547 = DIRECTION('',(1.,0.,-6.982962677686E-15));
#5548 = PCURVE('',#2477,#5549);
#5549 = DEFINITIONAL_REPRESENTATION('',(#5550),#5554);
#5550 = LINE('',#5551,#5552);
#5551 = CARTESIAN_POINT('',(0.,0.));
#5552 = VECTOR('',#5553,1.);
#5553 = DIRECTION('',(6.982962677686E-15,1.));
#5554 = ( GEOMETRIC_REPRESENTATION_CONTEXT(2) 
PARAMETRIC_REPRESENTATION_CONTEXT() REPRESENTATION_CONTEXT('2D SPACE',''
  ) );
#5555 = PCURVE('',#1187,#5556);
#5556 = DEFINITIONAL_REPRESENTATION('',(#5557),#5561);
#5557 = LINE('',#5558,#5559);
#5558 = CARTESIAN_POINT('',(-0.115,0.62));
#5559 = VECTOR('',#5560,1.);
#5560 = DIRECTION('',(-1.,0.));
#5561 = ( GEOMETRIC_REPRESENTATION_CONTEXT(2) 
PARAMETRIC_REPRESENTATION_CONTEXT() REPRESENTATION_CONTEXT('2D SPACE',''
  ) );
#5562 = ORIENTED_EDGE('',*,*,#5493,.T.);
#5563 = ADVANCED_FACE('',(#5564),#2449,.F.);
#5564 = FACE_BOUND('',#5565,.F.);
#5565 = EDGE_LOOP('',(#5566,#5567,#5591,#5612));
#5566 = ORIENTED_EDGE('',*,*,#5519,.F.);
#5567 = ORIENTED_EDGE('',*,*,#5568,.F.);
#5568 = EDGE_CURVE('',#5569,#5520,#5571,.T.);
#5569 = VERTEX_POINT('',#5570);
#5570 = CARTESIAN_POINT('',(9.E-02,0.595,-0.355125000056));
#5571 = SURFACE_CURVE('',#5572,(#5577,#5584),.PCURVE_S1.);
#5572 = CIRCLE('',#5573,2.5E-02);
#5573 = AXIS2_PLACEMENT_3D('',#5574,#5575,#5576);
#5574 = CARTESIAN_POINT('',(0.115,0.595,-0.355125000056));
#5575 = DIRECTION('',(-6.505213034913E-15,0.,-1.));
#5576 = DIRECTION('',(-1.,0.,6.505213034913E-15));
#5577 = PCURVE('',#2449,#5578);
#5578 = DEFINITIONAL_REPRESENTATION('',(#5579),#5583);
#5579 = LINE('',#5580,#5581);
#5580 = CARTESIAN_POINT('',(3.14159265359,5.551115123126E-17));
#5581 = VECTOR('',#5582,1.);
#5582 = DIRECTION('',(-1.,-3.533949646071E-17));
#5583 = ( GEOMETRIC_REPRESENTATION_CONTEXT(2) 
PARAMETRIC_REPRESENTATION_CONTEXT() REPRESENTATION_CONTEXT('2D SPACE',''
  ) );
#5584 = PCURVE('',#1187,#5585);
#5585 = DEFINITIONAL_REPRESENTATION('',(#5586),#5590);
#5586 = CIRCLE('',#5587,2.5E-02);
#5587 = AXIS2_PLACEMENT_2D('',#5588,#5589);
#5588 = CARTESIAN_POINT('',(-0.115,0.595));
#5589 = DIRECTION('',(1.,0.));
#5590 = ( GEOMETRIC_REPRESENTATION_CONTEXT(2) 
PARAMETRIC_REPRESENTATION_CONTEXT() REPRESENTATION_CONTEXT('2D SPACE',''
  ) );
#5591 = ORIENTED_EDGE('',*,*,#5592,.T.);
#5592 = EDGE_CURVE('',#5569,#2405,#5593,.T.);
#5593 = SURFACE_CURVE('',#5594,(#5598,#5605),.PCURVE_S1.);
#5594 = LINE('',#5595,#5596);
#5595 = CARTESIAN_POINT('',(9.E-02,0.595,-0.355125000056));
#5596 = VECTOR('',#5597,1.);
#5597 = DIRECTION('',(6.982962677686E-15,0.,1.));
#5598 = PCURVE('',#2449,#5599);
#5599 = DEFINITIONAL_REPRESENTATION('',(#5600),#5604);
#5600 = LINE('',#5601,#5602);
#5601 = CARTESIAN_POINT('',(3.14159265359,-1.110223024625E-16));
#5602 = VECTOR('',#5603,1.);
#5603 = DIRECTION('',(0.,1.));
#5604 = ( GEOMETRIC_REPRESENTATION_CONTEXT(2) 
PARAMETRIC_REPRESENTATION_CONTEXT() REPRESENTATION_CONTEXT('2D SPACE',''
  ) );
#5605 = PCURVE('',#2420,#5606);
#5606 = DEFINITIONAL_REPRESENTATION('',(#5607),#5611);
#5607 = LINE('',#5608,#5609);
#5608 = CARTESIAN_POINT('',(0.,0.));
#5609 = VECTOR('',#5610,1.);
#5610 = DIRECTION('',(-1.,0.));
#5611 = ( GEOMETRIC_REPRESENTATION_CONTEXT(2) 
PARAMETRIC_REPRESENTATION_CONTEXT() REPRESENTATION_CONTEXT('2D SPACE',''
  ) );
#5612 = ORIENTED_EDGE('',*,*,#2432,.T.);
#5613 = ADVANCED_FACE('',(#5614),#2420,.T.);
#5614 = FACE_BOUND('',#5615,.T.);
#5615 = EDGE_LOOP('',(#5616,#5617,#5640,#5661));
#5616 = ORIENTED_EDGE('',*,*,#2404,.F.);
#5617 = ORIENTED_EDGE('',*,*,#5618,.F.);
#5618 = EDGE_CURVE('',#5619,#2376,#5621,.T.);
#5619 = VERTEX_POINT('',#5620);
#5620 = CARTESIAN_POINT('',(9.E-02,0.345,-0.355125000056));
#5621 = SURFACE_CURVE('',#5622,(#5626,#5633),.PCURVE_S1.);
#5622 = LINE('',#5623,#5624);
#5623 = CARTESIAN_POINT('',(9.E-02,0.345,-0.355125000056));
#5624 = VECTOR('',#5625,1.);
#5625 = DIRECTION('',(6.982962677686E-15,0.,1.));
#5626 = PCURVE('',#2420,#5627);
#5627 = DEFINITIONAL_REPRESENTATION('',(#5628),#5632);
#5628 = LINE('',#5629,#5630);
#5629 = CARTESIAN_POINT('',(-0.,-0.25));
#5630 = VECTOR('',#5631,1.);
#5631 = DIRECTION('',(-1.,0.));
#5632 = ( GEOMETRIC_REPRESENTATION_CONTEXT(2) 
PARAMETRIC_REPRESENTATION_CONTEXT() REPRESENTATION_CONTEXT('2D SPACE',''
  ) );
#5633 = PCURVE('',#2392,#5634);
#5634 = DEFINITIONAL_REPRESENTATION('',(#5635),#5639);
#5635 = LINE('',#5636,#5637);
#5636 = CARTESIAN_POINT('',(3.14159265359,-1.110223024625E-16));
#5637 = VECTOR('',#5638,1.);
#5638 = DIRECTION('',(0.,1.));
#5639 = ( GEOMETRIC_REPRESENTATION_CONTEXT(2) 
PARAMETRIC_REPRESENTATION_CONTEXT() REPRESENTATION_CONTEXT('2D SPACE',''
  ) );
#5640 = ORIENTED_EDGE('',*,*,#5641,.T.);
#5641 = EDGE_CURVE('',#5619,#5569,#5642,.T.);
#5642 = SURFACE_CURVE('',#5643,(#5647,#5654),.PCURVE_S1.);
#5643 = LINE('',#5644,#5645);
#5644 = CARTESIAN_POINT('',(9.E-02,0.595,-0.355125000056));
#5645 = VECTOR('',#5646,1.);
#5646 = DIRECTION('',(0.,1.,0.));
#5647 = PCURVE('',#2420,#5648);
#5648 = DEFINITIONAL_REPRESENTATION('',(#5649),#5653);
#5649 = LINE('',#5650,#5651);
#5650 = CARTESIAN_POINT('',(0.,0.));
#5651 = VECTOR('',#5652,1.);
#5652 = DIRECTION('',(0.,1.));
#5653 = ( GEOMETRIC_REPRESENTATION_CONTEXT(2) 
PARAMETRIC_REPRESENTATION_CONTEXT() REPRESENTATION_CONTEXT('2D SPACE',''
  ) );
#5654 = PCURVE('',#1187,#5655);
#5655 = DEFINITIONAL_REPRESENTATION('',(#5656),#5660);
#5656 = LINE('',#5657,#5658);
#5657 = CARTESIAN_POINT('',(-9.E-02,0.595));
#5658 = VECTOR('',#5659,1.);
#5659 = DIRECTION('',(0.,1.));
#5660 = ( GEOMETRIC_REPRESENTATION_CONTEXT(2) 
PARAMETRIC_REPRESENTATION_CONTEXT() REPRESENTATION_CONTEXT('2D SPACE',''
  ) );
#5661 = ORIENTED_EDGE('',*,*,#5592,.T.);
#5662 = ADVANCED_FACE('',(#5663),#2392,.F.);
#5663 = FACE_BOUND('',#5664,.F.);
#5664 = EDGE_LOOP('',(#5665,#5666,#5690,#5711));
#5665 = ORIENTED_EDGE('',*,*,#5618,.F.);
#5666 = ORIENTED_EDGE('',*,*,#5667,.F.);
#5667 = EDGE_CURVE('',#5668,#5619,#5670,.T.);
#5668 = VERTEX_POINT('',#5669);
#5669 = CARTESIAN_POINT('',(0.115,0.32,-0.355125000056));
#5670 = SURFACE_CURVE('',#5671,(#5676,#5683),.PCURVE_S1.);
#5671 = CIRCLE('',#5672,2.5E-02);
#5672 = AXIS2_PLACEMENT_3D('',#5673,#5674,#5675);
#5673 = CARTESIAN_POINT('',(0.115,0.345,-0.355125000056));
#5674 = DIRECTION('',(-6.505213034913E-15,0.,-1.));
#5675 = DIRECTION('',(-1.,0.,6.505213034913E-15));
#5676 = PCURVE('',#2392,#5677);
#5677 = DEFINITIONAL_REPRESENTATION('',(#5678),#5682);
#5678 = LINE('',#5679,#5680);
#5679 = CARTESIAN_POINT('',(9.424777960769,-1.665334536938E-16));
#5680 = VECTOR('',#5681,1.);
#5681 = DIRECTION('',(-1.,3.533949646071E-17));
#5682 = ( GEOMETRIC_REPRESENTATION_CONTEXT(2) 
PARAMETRIC_REPRESENTATION_CONTEXT() REPRESENTATION_CONTEXT('2D SPACE',''
  ) );
#5683 = PCURVE('',#1187,#5684);
#5684 = DEFINITIONAL_REPRESENTATION('',(#5685),#5689);
#5685 = CIRCLE('',#5686,2.5E-02);
#5686 = AXIS2_PLACEMENT_2D('',#5687,#5688);
#5687 = CARTESIAN_POINT('',(-0.115,0.345));
#5688 = DIRECTION('',(1.,0.));
#5689 = ( GEOMETRIC_REPRESENTATION_CONTEXT(2) 
PARAMETRIC_REPRESENTATION_CONTEXT() REPRESENTATION_CONTEXT('2D SPACE',''
  ) );
#5690 = ORIENTED_EDGE('',*,*,#5691,.T.);
#5691 = EDGE_CURVE('',#5668,#2348,#5692,.T.);
#5692 = SURFACE_CURVE('',#5693,(#5697,#5704),.PCURVE_S1.);
#5693 = LINE('',#5694,#5695);
#5694 = CARTESIAN_POINT('',(0.115,0.32,-0.355125000056));
#5695 = VECTOR('',#5696,1.);
#5696 = DIRECTION('',(6.982962677686E-15,0.,1.));
#5697 = PCURVE('',#2392,#5698);
#5698 = DEFINITIONAL_REPRESENTATION('',(#5699),#5703);
#5699 = LINE('',#5700,#5701);
#5700 = CARTESIAN_POINT('',(4.712388980385,0.));
#5701 = VECTOR('',#5702,1.);
#5702 = DIRECTION('',(0.,1.));
#5703 = ( GEOMETRIC_REPRESENTATION_CONTEXT(2) 
PARAMETRIC_REPRESENTATION_CONTEXT() REPRESENTATION_CONTEXT('2D SPACE',''
  ) );
#5704 = PCURVE('',#2363,#5705);
#5705 = DEFINITIONAL_REPRESENTATION('',(#5706),#5710);
#5706 = LINE('',#5707,#5708);
#5707 = CARTESIAN_POINT('',(0.,0.));
#5708 = VECTOR('',#5709,1.);
#5709 = DIRECTION('',(6.982962677686E-15,-1.));
#5710 = ( GEOMETRIC_REPRESENTATION_CONTEXT(2) 
PARAMETRIC_REPRESENTATION_CONTEXT() REPRESENTATION_CONTEXT('2D SPACE',''
  ) );
#5711 = ORIENTED_EDGE('',*,*,#2375,.T.);
#5712 = ADVANCED_FACE('',(#5713),#2363,.T.);
#5713 = FACE_BOUND('',#5714,.T.);
#5714 = EDGE_LOOP('',(#5715,#5716,#5739,#5760));
#5715 = ORIENTED_EDGE('',*,*,#2347,.F.);
#5716 = ORIENTED_EDGE('',*,*,#5717,.F.);
#5717 = EDGE_CURVE('',#5718,#2319,#5720,.T.);
#5718 = VERTEX_POINT('',#5719);
#5719 = CARTESIAN_POINT('',(0.238944487245,0.32,-0.355125000056));
#5720 = SURFACE_CURVE('',#5721,(#5725,#5732),.PCURVE_S1.);
#5721 = LINE('',#5722,#5723);
#5722 = CARTESIAN_POINT('',(0.238944487245,0.32,-0.355125000056));
#5723 = VECTOR('',#5724,1.);
#5724 = DIRECTION('',(6.982962677686E-15,0.,1.));
#5725 = PCURVE('',#2363,#5726);
#5726 = DEFINITIONAL_REPRESENTATION('',(#5727),#5731);
#5727 = LINE('',#5728,#5729);
#5728 = CARTESIAN_POINT('',(0.123944487245,1.054711873394E-15));
#5729 = VECTOR('',#5730,1.);
#5730 = DIRECTION('',(6.982962677686E-15,-1.));
#5731 = ( GEOMETRIC_REPRESENTATION_CONTEXT(2) 
PARAMETRIC_REPRESENTATION_CONTEXT() REPRESENTATION_CONTEXT('2D SPACE',''
  ) );
#5732 = PCURVE('',#2335,#5733);
#5733 = DEFINITIONAL_REPRESENTATION('',(#5734),#5738);
#5734 = LINE('',#5735,#5736);
#5735 = CARTESIAN_POINT('',(4.712388980385,0.));
#5736 = VECTOR('',#5737,1.);
#5737 = DIRECTION('',(0.,1.));
#5738 = ( GEOMETRIC_REPRESENTATION_CONTEXT(2) 
PARAMETRIC_REPRESENTATION_CONTEXT() REPRESENTATION_CONTEXT('2D SPACE',''
  ) );
#5739 = ORIENTED_EDGE('',*,*,#5740,.T.);
#5740 = EDGE_CURVE('',#5718,#5668,#5741,.T.);
#5741 = SURFACE_CURVE('',#5742,(#5746,#5753),.PCURVE_S1.);
#5742 = LINE('',#5743,#5744);
#5743 = CARTESIAN_POINT('',(0.115,0.32,-0.355125000056));
#5744 = VECTOR('',#5745,1.);
#5745 = DIRECTION('',(-1.,-4.373741005274E-16,6.982962677686E-15));
#5746 = PCURVE('',#2363,#5747);
#5747 = DEFINITIONAL_REPRESENTATION('',(#5748),#5752);
#5748 = LINE('',#5749,#5750);
#5749 = CARTESIAN_POINT('',(0.,0.));
#5750 = VECTOR('',#5751,1.);
#5751 = DIRECTION('',(-1.,-6.982962677686E-15));
#5752 = ( GEOMETRIC_REPRESENTATION_CONTEXT(2) 
PARAMETRIC_REPRESENTATION_CONTEXT() REPRESENTATION_CONTEXT('2D SPACE',''
  ) );
#5753 = PCURVE('',#1187,#5754);
#5754 = DEFINITIONAL_REPRESENTATION('',(#5755),#5759);
#5755 = LINE('',#5756,#5757);
#5756 = CARTESIAN_POINT('',(-0.115,0.32));
#5757 = VECTOR('',#5758,1.);
#5758 = DIRECTION('',(1.,-4.373741005274E-16));
#5759 = ( GEOMETRIC_REPRESENTATION_CONTEXT(2) 
PARAMETRIC_REPRESENTATION_CONTEXT() REPRESENTATION_CONTEXT('2D SPACE',''
  ) );
#5760 = ORIENTED_EDGE('',*,*,#5691,.T.);
#5761 = ADVANCED_FACE('',(#5762),#2335,.F.);
#5762 = FACE_BOUND('',#5763,.F.);
#5763 = EDGE_LOOP('',(#5764,#5765,#5789,#5810));
#5764 = ORIENTED_EDGE('',*,*,#5717,.F.);
#5765 = ORIENTED_EDGE('',*,*,#5766,.F.);
#5766 = EDGE_CURVE('',#5767,#5718,#5769,.T.);
#5767 = VERTEX_POINT('',#5768);
#5768 = CARTESIAN_POINT('',(0.251821456086,0.323571428571,
    -0.355125000056));
#5769 = SURFACE_CURVE('',#5770,(#5775,#5782),.PCURVE_S1.);
#5770 = CIRCLE('',#5771,2.5E-02);
#5771 = AXIS2_PLACEMENT_3D('',#5772,#5773,#5774);
#5772 = CARTESIAN_POINT('',(0.238944487245,0.345,-0.355125000056));
#5773 = DIRECTION('',(-6.505213034913E-15,0.,-1.));
#5774 = DIRECTION('',(-1.,0.,6.505213034913E-15));
#5775 = PCURVE('',#2335,#5776);
#5776 = DEFINITIONAL_REPRESENTATION('',(#5777),#5781);
#5777 = LINE('',#5778,#5779);
#5778 = CARTESIAN_POINT('',(9.424777960769,0.));
#5779 = VECTOR('',#5780,1.);
#5780 = DIRECTION('',(-1.,0.));
#5781 = ( GEOMETRIC_REPRESENTATION_CONTEXT(2) 
PARAMETRIC_REPRESENTATION_CONTEXT() REPRESENTATION_CONTEXT('2D SPACE',''
  ) );
#5782 = PCURVE('',#1187,#5783);
#5783 = DEFINITIONAL_REPRESENTATION('',(#5784),#5788);
#5784 = CIRCLE('',#5785,2.5E-02);
#5785 = AXIS2_PLACEMENT_2D('',#5786,#5787);
#5786 = CARTESIAN_POINT('',(-0.238944487245,0.345));
#5787 = DIRECTION('',(1.,0.));
#5788 = ( GEOMETRIC_REPRESENTATION_CONTEXT(2) 
PARAMETRIC_REPRESENTATION_CONTEXT() REPRESENTATION_CONTEXT('2D SPACE',''
  ) );
#5789 = ORIENTED_EDGE('',*,*,#5790,.T.);
#5790 = EDGE_CURVE('',#5767,#2291,#5791,.T.);
#5791 = SURFACE_CURVE('',#5792,(#5796,#5803),.PCURVE_S1.);
#5792 = LINE('',#5793,#5794);
#5793 = CARTESIAN_POINT('',(0.251821456086,0.323571428571,
    -0.355125000056));
#5794 = VECTOR('',#5795,1.);
#5795 = DIRECTION('',(6.982962677686E-15,0.,1.));
#5796 = PCURVE('',#2335,#5797);
#5797 = DEFINITIONAL_REPRESENTATION('',(#5798),#5802);
#5798 = LINE('',#5799,#5800);
#5799 = CARTESIAN_POINT('',(5.253488506342,1.110223024625E-16));
#5800 = VECTOR('',#5801,1.);
#5801 = DIRECTION('',(0.,1.));
#5802 = ( GEOMETRIC_REPRESENTATION_CONTEXT(2) 
PARAMETRIC_REPRESENTATION_CONTEXT() REPRESENTATION_CONTEXT('2D SPACE',''
  ) );
#5803 = PCURVE('',#1464,#5804);
#5804 = DEFINITIONAL_REPRESENTATION('',(#5805),#5809);
#5805 = LINE('',#5806,#5807);
#5806 = CARTESIAN_POINT('',(2.111895852752,-1.665334536938E-16));
#5807 = VECTOR('',#5808,1.);
#5808 = DIRECTION('',(0.,1.));
#5809 = ( GEOMETRIC_REPRESENTATION_CONTEXT(2) 
PARAMETRIC_REPRESENTATION_CONTEXT() REPRESENTATION_CONTEXT('2D SPACE',''
  ) );
#5810 = ORIENTED_EDGE('',*,*,#2318,.T.);
#5811 = ADVANCED_FACE('',(#5812),#1464,.T.);
#5812 = FACE_BOUND('',#5813,.T.);
#5813 = EDGE_LOOP('',(#5814,#5815,#5841,#5842));
#5814 = ORIENTED_EDGE('',*,*,#1448,.F.);
#5815 = ORIENTED_EDGE('',*,*,#5816,.T.);
#5816 = EDGE_CURVE('',#1416,#5767,#5817,.T.);
#5817 = SURFACE_CURVE('',#5818,(#5823,#5830),.PCURVE_S1.);
#5818 = CIRCLE('',#5819,4.5E-02);
#5819 = AXIS2_PLACEMENT_3D('',#5820,#5821,#5822);
#5820 = CARTESIAN_POINT('',(0.275,0.285,-0.355125000056));
#5821 = DIRECTION('',(7.228014483237E-15,0.,1.));
#5822 = DIRECTION('',(-1.,0.,7.228014483237E-15));
#5823 = PCURVE('',#1464,#5824);
#5824 = DEFINITIONAL_REPRESENTATION('',(#5825),#5829);
#5825 = LINE('',#5826,#5827);
#5826 = CARTESIAN_POINT('',(-3.14159265359,0.));
#5827 = VECTOR('',#5828,1.);
#5828 = DIRECTION('',(1.,0.));
#5829 = ( GEOMETRIC_REPRESENTATION_CONTEXT(2) 
PARAMETRIC_REPRESENTATION_CONTEXT() REPRESENTATION_CONTEXT('2D SPACE',''
  ) );
#5830 = PCURVE('',#1187,#5831);
#5831 = DEFINITIONAL_REPRESENTATION('',(#5832),#5840);
#5832 = ( BOUNDED_CURVE() B_SPLINE_CURVE(2,(#5833,#5834,#5835,#5836,
#5837,#5838,#5839),.UNSPECIFIED.,.T.,.F.) B_SPLINE_CURVE_WITH_KNOTS((1,2
    ,2,2,2,1),(-2.094395102393,0.,2.094395102393,4.188790204786,
6.28318530718,8.377580409573),.UNSPECIFIED.) CURVE() 
GEOMETRIC_REPRESENTATION_ITEM() RATIONAL_B_SPLINE_CURVE((1.,0.5,1.,0.5,
1.,0.5,1.)) REPRESENTATION_ITEM('') );
#5833 = CARTESIAN_POINT('',(-0.23,0.285));
#5834 = CARTESIAN_POINT('',(-0.23,0.207057713659));
#5835 = CARTESIAN_POINT('',(-0.2975,0.24602885683));
#5836 = CARTESIAN_POINT('',(-0.365,0.285));
#5837 = CARTESIAN_POINT('',(-0.2975,0.32397114317));
#5838 = CARTESIAN_POINT('',(-0.23,0.362942286341));
#5839 = CARTESIAN_POINT('',(-0.23,0.285));
#5840 = ( GEOMETRIC_REPRESENTATION_CONTEXT(2) 
PARAMETRIC_REPRESENTATION_CONTEXT() REPRESENTATION_CONTEXT('2D SPACE',''
  ) );
#5841 = ORIENTED_EDGE('',*,*,#5790,.T.);
#5842 = ORIENTED_EDGE('',*,*,#2290,.F.);
#5843 = ADVANCED_FACE('',(#5844),#1518,.F.);
#5844 = FACE_BOUND('',#5845,.F.);
#5845 = EDGE_LOOP('',(#5846,#5847,#5871,#5892));
#5846 = ORIENTED_EDGE('',*,*,#1504,.F.);
#5847 = ORIENTED_EDGE('',*,*,#5848,.F.);
#5848 = EDGE_CURVE('',#5849,#1414,#5851,.T.);
#5849 = VERTEX_POINT('',#5850);
#5850 = CARTESIAN_POINT('',(0.238944487245,0.25,-0.355125000056));
#5851 = SURFACE_CURVE('',#5852,(#5857,#5864),.PCURVE_S1.);
#5852 = CIRCLE('',#5853,2.5E-02);
#5853 = AXIS2_PLACEMENT_3D('',#5854,#5855,#5856);
#5854 = CARTESIAN_POINT('',(0.238944487245,0.225,-0.355125000056));
#5855 = DIRECTION('',(-6.505213034913E-15,0.,-1.));
#5856 = DIRECTION('',(1.,0.,-6.505213034913E-15));
#5857 = PCURVE('',#1518,#5858);
#5858 = DEFINITIONAL_REPRESENTATION('',(#5859),#5863);
#5859 = LINE('',#5860,#5861);
#5860 = CARTESIAN_POINT('',(6.28318530718,0.));
#5861 = VECTOR('',#5862,1.);
#5862 = DIRECTION('',(-1.,0.));
#5863 = ( GEOMETRIC_REPRESENTATION_CONTEXT(2) 
PARAMETRIC_REPRESENTATION_CONTEXT() REPRESENTATION_CONTEXT('2D SPACE',''
  ) );
#5864 = PCURVE('',#1187,#5865);
#5865 = DEFINITIONAL_REPRESENTATION('',(#5866),#5870);
#5866 = CIRCLE('',#5867,2.5E-02);
#5867 = AXIS2_PLACEMENT_2D('',#5868,#5869);
#5868 = CARTESIAN_POINT('',(-0.238944487245,0.225));
#5869 = DIRECTION('',(-1.,0.));
#5870 = ( GEOMETRIC_REPRESENTATION_CONTEXT(2) 
PARAMETRIC_REPRESENTATION_CONTEXT() REPRESENTATION_CONTEXT('2D SPACE',''
  ) );
#5871 = ORIENTED_EDGE('',*,*,#5872,.T.);
#5872 = EDGE_CURVE('',#5849,#2240,#5873,.T.);
#5873 = SURFACE_CURVE('',#5874,(#5878,#5885),.PCURVE_S1.);
#5874 = LINE('',#5875,#5876);
#5875 = CARTESIAN_POINT('',(0.238944487245,0.25,-0.355125000056));
#5876 = VECTOR('',#5877,1.);
#5877 = DIRECTION('',(6.982962677686E-15,0.,1.));
#5878 = PCURVE('',#1518,#5879);
#5879 = DEFINITIONAL_REPRESENTATION('',(#5880),#5884);
#5880 = LINE('',#5881,#5882);
#5881 = CARTESIAN_POINT('',(1.570796326795,0.));
#5882 = VECTOR('',#5883,1.);
#5883 = DIRECTION('',(0.,1.));
#5884 = ( GEOMETRIC_REPRESENTATION_CONTEXT(2) 
PARAMETRIC_REPRESENTATION_CONTEXT() REPRESENTATION_CONTEXT('2D SPACE',''
  ) );
#5885 = PCURVE('',#2255,#5886);
#5886 = DEFINITIONAL_REPRESENTATION('',(#5887),#5891);
#5887 = LINE('',#5888,#5889);
#5888 = CARTESIAN_POINT('',(1.054711873394E-15,0.123944487245));
#5889 = VECTOR('',#5890,1.);
#5890 = DIRECTION('',(-1.,6.982962677686E-15));
#5891 = ( GEOMETRIC_REPRESENTATION_CONTEXT(2) 
PARAMETRIC_REPRESENTATION_CONTEXT() REPRESENTATION_CONTEXT('2D SPACE',''
  ) );
#5892 = ORIENTED_EDGE('',*,*,#2267,.T.);
#5893 = ADVANCED_FACE('',(#5894),#2255,.T.);
#5894 = FACE_BOUND('',#5895,.T.);
#5895 = EDGE_LOOP('',(#5896,#5897,#5920,#5941));
#5896 = ORIENTED_EDGE('',*,*,#2239,.F.);
#5897 = ORIENTED_EDGE('',*,*,#5898,.F.);
#5898 = EDGE_CURVE('',#5899,#2211,#5901,.T.);
#5899 = VERTEX_POINT('',#5900);
#5900 = CARTESIAN_POINT('',(0.115,0.25,-0.355125000056));
#5901 = SURFACE_CURVE('',#5902,(#5906,#5913),.PCURVE_S1.);
#5902 = LINE('',#5903,#5904);
#5903 = CARTESIAN_POINT('',(0.115,0.25,-0.355125000056));
#5904 = VECTOR('',#5905,1.);
#5905 = DIRECTION('',(6.982962677686E-15,0.,1.));
#5906 = PCURVE('',#2255,#5907);
#5907 = DEFINITIONAL_REPRESENTATION('',(#5908),#5912);
#5908 = LINE('',#5909,#5910);
#5909 = CARTESIAN_POINT('',(0.,0.));
#5910 = VECTOR('',#5911,1.);
#5911 = DIRECTION('',(-1.,6.982962677686E-15));
#5912 = ( GEOMETRIC_REPRESENTATION_CONTEXT(2) 
PARAMETRIC_REPRESENTATION_CONTEXT() REPRESENTATION_CONTEXT('2D SPACE',''
  ) );
#5913 = PCURVE('',#2227,#5914);
#5914 = DEFINITIONAL_REPRESENTATION('',(#5915),#5919);
#5915 = LINE('',#5916,#5917);
#5916 = CARTESIAN_POINT('',(1.570796326795,0.));
#5917 = VECTOR('',#5918,1.);
#5918 = DIRECTION('',(0.,1.));
#5919 = ( GEOMETRIC_REPRESENTATION_CONTEXT(2) 
PARAMETRIC_REPRESENTATION_CONTEXT() REPRESENTATION_CONTEXT('2D SPACE',''
  ) );
#5920 = ORIENTED_EDGE('',*,*,#5921,.T.);
#5921 = EDGE_CURVE('',#5899,#5849,#5922,.T.);
#5922 = SURFACE_CURVE('',#5923,(#5927,#5934),.PCURVE_S1.);
#5923 = LINE('',#5924,#5925);
#5924 = CARTESIAN_POINT('',(0.115,0.25,-0.355125000056));
#5925 = VECTOR('',#5926,1.);
#5926 = DIRECTION('',(1.,0.,-6.982962677686E-15));
#5927 = PCURVE('',#2255,#5928);
#5928 = DEFINITIONAL_REPRESENTATION('',(#5929),#5933);
#5929 = LINE('',#5930,#5931);
#5930 = CARTESIAN_POINT('',(0.,0.));
#5931 = VECTOR('',#5932,1.);
#5932 = DIRECTION('',(6.982962677686E-15,1.));
#5933 = ( GEOMETRIC_REPRESENTATION_CONTEXT(2) 
PARAMETRIC_REPRESENTATION_CONTEXT() REPRESENTATION_CONTEXT('2D SPACE',''
  ) );
#5934 = PCURVE('',#1187,#5935);
#5935 = DEFINITIONAL_REPRESENTATION('',(#5936),#5940);
#5936 = LINE('',#5937,#5938);
#5937 = CARTESIAN_POINT('',(-0.115,0.25));
#5938 = VECTOR('',#5939,1.);
#5939 = DIRECTION('',(-1.,0.));
#5940 = ( GEOMETRIC_REPRESENTATION_CONTEXT(2) 
PARAMETRIC_REPRESENTATION_CONTEXT() REPRESENTATION_CONTEXT('2D SPACE',''
  ) );
#5941 = ORIENTED_EDGE('',*,*,#5872,.T.);
#5942 = ADVANCED_FACE('',(#5943),#2227,.F.);
#5943 = FACE_BOUND('',#5944,.F.);
#5944 = EDGE_LOOP('',(#5945,#5946,#5970,#5991));
#5945 = ORIENTED_EDGE('',*,*,#5898,.F.);
#5946 = ORIENTED_EDGE('',*,*,#5947,.F.);
#5947 = EDGE_CURVE('',#5948,#5899,#5950,.T.);
#5948 = VERTEX_POINT('',#5949);
#5949 = CARTESIAN_POINT('',(9.E-02,0.225,-0.355125000056));
#5950 = SURFACE_CURVE('',#5951,(#5956,#5963),.PCURVE_S1.);
#5951 = CIRCLE('',#5952,2.5E-02);
#5952 = AXIS2_PLACEMENT_3D('',#5953,#5954,#5955);
#5953 = CARTESIAN_POINT('',(0.115,0.225,-0.355125000056));
#5954 = DIRECTION('',(-6.505213034913E-15,0.,-1.));
#5955 = DIRECTION('',(1.,0.,-6.505213034913E-15));
#5956 = PCURVE('',#2227,#5957);
#5957 = DEFINITIONAL_REPRESENTATION('',(#5958),#5962);
#5958 = LINE('',#5959,#5960);
#5959 = CARTESIAN_POINT('',(6.28318530718,1.665334536938E-16));
#5960 = VECTOR('',#5961,1.);
#5961 = DIRECTION('',(-1.,-3.533949646071E-17));
#5962 = ( GEOMETRIC_REPRESENTATION_CONTEXT(2) 
PARAMETRIC_REPRESENTATION_CONTEXT() REPRESENTATION_CONTEXT('2D SPACE',''
  ) );
#5963 = PCURVE('',#1187,#5964);
#5964 = DEFINITIONAL_REPRESENTATION('',(#5965),#5969);
#5965 = CIRCLE('',#5966,2.5E-02);
#5966 = AXIS2_PLACEMENT_2D('',#5967,#5968);
#5967 = CARTESIAN_POINT('',(-0.115,0.225));
#5968 = DIRECTION('',(-1.,0.));
#5969 = ( GEOMETRIC_REPRESENTATION_CONTEXT(2) 
PARAMETRIC_REPRESENTATION_CONTEXT() REPRESENTATION_CONTEXT('2D SPACE',''
  ) );
#5970 = ORIENTED_EDGE('',*,*,#5971,.T.);
#5971 = EDGE_CURVE('',#5948,#2183,#5972,.T.);
#5972 = SURFACE_CURVE('',#5973,(#5977,#5984),.PCURVE_S1.);
#5973 = LINE('',#5974,#5975);
#5974 = CARTESIAN_POINT('',(9.E-02,0.225,-0.355125000056));
#5975 = VECTOR('',#5976,1.);
#5976 = DIRECTION('',(6.982962677686E-15,0.,1.));
#5977 = PCURVE('',#2227,#5978);
#5978 = DEFINITIONAL_REPRESENTATION('',(#5979),#5983);
#5979 = LINE('',#5980,#5981);
#5980 = CARTESIAN_POINT('',(3.14159265359,-1.110223024625E-16));
#5981 = VECTOR('',#5982,1.);
#5982 = DIRECTION('',(0.,1.));
#5983 = ( GEOMETRIC_REPRESENTATION_CONTEXT(2) 
PARAMETRIC_REPRESENTATION_CONTEXT() REPRESENTATION_CONTEXT('2D SPACE',''
  ) );
#5984 = PCURVE('',#2198,#5985);
#5985 = DEFINITIONAL_REPRESENTATION('',(#5986),#5990);
#5986 = LINE('',#5987,#5988);
#5987 = CARTESIAN_POINT('',(0.,0.));
#5988 = VECTOR('',#5989,1.);
#5989 = DIRECTION('',(-1.,0.));
#5990 = ( GEOMETRIC_REPRESENTATION_CONTEXT(2) 
PARAMETRIC_REPRESENTATION_CONTEXT() REPRESENTATION_CONTEXT('2D SPACE',''
  ) );
#5991 = ORIENTED_EDGE('',*,*,#2210,.T.);
#5992 = ADVANCED_FACE('',(#5993),#2198,.T.);
#5993 = FACE_BOUND('',#5994,.T.);
#5994 = EDGE_LOOP('',(#5995,#5996,#6019,#6040));
#5995 = ORIENTED_EDGE('',*,*,#2182,.F.);
#5996 = ORIENTED_EDGE('',*,*,#5997,.F.);
#5997 = EDGE_CURVE('',#5998,#2154,#6000,.T.);
#5998 = VERTEX_POINT('',#5999);
#5999 = CARTESIAN_POINT('',(9.E-02,7.5E-02,-0.355125000056));
#6000 = SURFACE_CURVE('',#6001,(#6005,#6012),.PCURVE_S1.);
#6001 = LINE('',#6002,#6003);
#6002 = CARTESIAN_POINT('',(9.E-02,7.5E-02,-0.355125000056));
#6003 = VECTOR('',#6004,1.);
#6004 = DIRECTION('',(6.982962677686E-15,0.,1.));
#6005 = PCURVE('',#2198,#6006);
#6006 = DEFINITIONAL_REPRESENTATION('',(#6007),#6011);
#6007 = LINE('',#6008,#6009);
#6008 = CARTESIAN_POINT('',(-0.,-0.15));
#6009 = VECTOR('',#6010,1.);
#6010 = DIRECTION('',(-1.,0.));
#6011 = ( GEOMETRIC_REPRESENTATION_CONTEXT(2) 
PARAMETRIC_REPRESENTATION_CONTEXT() REPRESENTATION_CONTEXT('2D SPACE',''
  ) );
#6012 = PCURVE('',#2170,#6013);
#6013 = DEFINITIONAL_REPRESENTATION('',(#6014),#6018);
#6014 = LINE('',#6015,#6016);
#6015 = CARTESIAN_POINT('',(3.14159265359,-1.110223024625E-16));
#6016 = VECTOR('',#6017,1.);
#6017 = DIRECTION('',(0.,1.));
#6018 = ( GEOMETRIC_REPRESENTATION_CONTEXT(2) 
PARAMETRIC_REPRESENTATION_CONTEXT() REPRESENTATION_CONTEXT('2D SPACE',''
  ) );
#6019 = ORIENTED_EDGE('',*,*,#6020,.T.);
#6020 = EDGE_CURVE('',#5998,#5948,#6021,.T.);
#6021 = SURFACE_CURVE('',#6022,(#6026,#6033),.PCURVE_S1.);
#6022 = LINE('',#6023,#6024);
#6023 = CARTESIAN_POINT('',(9.E-02,0.225,-0.355125000056));
#6024 = VECTOR('',#6025,1.);
#6025 = DIRECTION('',(0.,1.,0.));
#6026 = PCURVE('',#2198,#6027);
#6027 = DEFINITIONAL_REPRESENTATION('',(#6028),#6032);
#6028 = LINE('',#6029,#6030);
#6029 = CARTESIAN_POINT('',(0.,0.));
#6030 = VECTOR('',#6031,1.);
#6031 = DIRECTION('',(0.,1.));
#6032 = ( GEOMETRIC_REPRESENTATION_CONTEXT(2) 
PARAMETRIC_REPRESENTATION_CONTEXT() REPRESENTATION_CONTEXT('2D SPACE',''
  ) );
#6033 = PCURVE('',#1187,#6034);
#6034 = DEFINITIONAL_REPRESENTATION('',(#6035),#6039);
#6035 = LINE('',#6036,#6037);
#6036 = CARTESIAN_POINT('',(-9.E-02,0.225));
#6037 = VECTOR('',#6038,1.);
#6038 = DIRECTION('',(0.,1.));
#6039 = ( GEOMETRIC_REPRESENTATION_CONTEXT(2) 
PARAMETRIC_REPRESENTATION_CONTEXT() REPRESENTATION_CONTEXT('2D SPACE',''
  ) );
#6040 = ORIENTED_EDGE('',*,*,#5971,.T.);
#6041 = ADVANCED_FACE('',(#6042),#2170,.F.);
#6042 = FACE_BOUND('',#6043,.F.);
#6043 = EDGE_LOOP('',(#6044,#6045,#6069,#6090));
#6044 = ORIENTED_EDGE('',*,*,#5997,.F.);
#6045 = ORIENTED_EDGE('',*,*,#6046,.F.);
#6046 = EDGE_CURVE('',#6047,#5998,#6049,.T.);
#6047 = VERTEX_POINT('',#6048);
#6048 = CARTESIAN_POINT('',(0.115,5.E-02,-0.355125000056));
#6049 = SURFACE_CURVE('',#6050,(#6055,#6062),.PCURVE_S1.);
#6050 = CIRCLE('',#6051,2.5E-02);
#6051 = AXIS2_PLACEMENT_3D('',#6052,#6053,#6054);
#6052 = CARTESIAN_POINT('',(0.115,7.5E-02,-0.355125000056));
#6053 = DIRECTION('',(-6.505213034913E-15,0.,-1.));
#6054 = DIRECTION('',(-1.,0.,6.505213034913E-15));
#6055 = PCURVE('',#2170,#6056);
#6056 = DEFINITIONAL_REPRESENTATION('',(#6057),#6061);
#6057 = LINE('',#6058,#6059);
#6058 = CARTESIAN_POINT('',(9.424777960769,-1.665334536938E-16));
#6059 = VECTOR('',#6060,1.);
#6060 = DIRECTION('',(-1.,3.533949646071E-17));
#6061 = ( GEOMETRIC_REPRESENTATION_CONTEXT(2) 
PARAMETRIC_REPRESENTATION_CONTEXT() REPRESENTATION_CONTEXT('2D SPACE',''
  ) );
#6062 = PCURVE('',#1187,#6063);
#6063 = DEFINITIONAL_REPRESENTATION('',(#6064),#6068);
#6064 = CIRCLE('',#6065,2.5E-02);
#6065 = AXIS2_PLACEMENT_2D('',#6066,#6067);
#6066 = CARTESIAN_POINT('',(-0.115,7.5E-02));
#6067 = DIRECTION('',(1.,0.));
#6068 = ( GEOMETRIC_REPRESENTATION_CONTEXT(2) 
PARAMETRIC_REPRESENTATION_CONTEXT() REPRESENTATION_CONTEXT('2D SPACE',''
  ) );
#6069 = ORIENTED_EDGE('',*,*,#6070,.T.);
#6070 = EDGE_CURVE('',#6047,#2126,#6071,.T.);
#6071 = SURFACE_CURVE('',#6072,(#6076,#6083),.PCURVE_S1.);
#6072 = LINE('',#6073,#6074);
#6073 = CARTESIAN_POINT('',(0.115,5.E-02,-0.355125000056));
#6074 = VECTOR('',#6075,1.);
#6075 = DIRECTION('',(6.982962677686E-15,0.,1.));
#6076 = PCURVE('',#2170,#6077);
#6077 = DEFINITIONAL_REPRESENTATION('',(#6078),#6082);
#6078 = LINE('',#6079,#6080);
#6079 = CARTESIAN_POINT('',(4.712388980385,0.));
#6080 = VECTOR('',#6081,1.);
#6081 = DIRECTION('',(0.,1.));
#6082 = ( GEOMETRIC_REPRESENTATION_CONTEXT(2) 
PARAMETRIC_REPRESENTATION_CONTEXT() REPRESENTATION_CONTEXT('2D SPACE',''
  ) );
#6083 = PCURVE('',#2141,#6084);
#6084 = DEFINITIONAL_REPRESENTATION('',(#6085),#6089);
#6085 = LINE('',#6086,#6087);
#6086 = CARTESIAN_POINT('',(-6.E-02,-5.551115123126E-16));
#6087 = VECTOR('',#6088,1.);
#6088 = DIRECTION('',(6.982962677686E-15,-1.));
#6089 = ( GEOMETRIC_REPRESENTATION_CONTEXT(2) 
PARAMETRIC_REPRESENTATION_CONTEXT() REPRESENTATION_CONTEXT('2D SPACE',''
  ) );
#6090 = ORIENTED_EDGE('',*,*,#2153,.T.);
#6091 = ADVANCED_FACE('',(#6092),#2141,.T.);
#6092 = FACE_BOUND('',#6093,.T.);
#6093 = EDGE_LOOP('',(#6094,#6095,#6118,#6139));
#6094 = ORIENTED_EDGE('',*,*,#2125,.F.);
#6095 = ORIENTED_EDGE('',*,*,#6096,.F.);
#6096 = EDGE_CURVE('',#6097,#2098,#6099,.T.);
#6097 = VERTEX_POINT('',#6098);
#6098 = CARTESIAN_POINT('',(0.175,5.E-02,-0.355125000056));
#6099 = SURFACE_CURVE('',#6100,(#6104,#6111),.PCURVE_S1.);
#6100 = LINE('',#6101,#6102);
#6101 = CARTESIAN_POINT('',(0.175,5.E-02,-0.355125000056));
#6102 = VECTOR('',#6103,1.);
#6103 = DIRECTION('',(6.982962677686E-15,0.,1.));
#6104 = PCURVE('',#2141,#6105);
#6105 = DEFINITIONAL_REPRESENTATION('',(#6106),#6110);
#6106 = LINE('',#6107,#6108);
#6107 = CARTESIAN_POINT('',(0.,0.));
#6108 = VECTOR('',#6109,1.);
#6109 = DIRECTION('',(6.982962677686E-15,-1.));
#6110 = ( GEOMETRIC_REPRESENTATION_CONTEXT(2) 
PARAMETRIC_REPRESENTATION_CONTEXT() REPRESENTATION_CONTEXT('2D SPACE',''
  ) );
#6111 = PCURVE('',#1344,#6112);
#6112 = DEFINITIONAL_REPRESENTATION('',(#6113),#6117);
#6113 = LINE('',#6114,#6115);
#6114 = CARTESIAN_POINT('',(1.570796326795,0.));
#6115 = VECTOR('',#6116,1.);
#6116 = DIRECTION('',(0.,1.));
#6117 = ( GEOMETRIC_REPRESENTATION_CONTEXT(2) 
PARAMETRIC_REPRESENTATION_CONTEXT() REPRESENTATION_CONTEXT('2D SPACE',''
  ) );
#6118 = ORIENTED_EDGE('',*,*,#6119,.T.);
#6119 = EDGE_CURVE('',#6097,#6047,#6120,.T.);
#6120 = SURFACE_CURVE('',#6121,(#6125,#6132),.PCURVE_S1.);
#6121 = LINE('',#6122,#6123);
#6122 = CARTESIAN_POINT('',(0.175,5.E-02,-0.355125000056));
#6123 = VECTOR('',#6124,1.);
#6124 = DIRECTION('',(-1.,0.,6.982962677686E-15));
#6125 = PCURVE('',#2141,#6126);
#6126 = DEFINITIONAL_REPRESENTATION('',(#6127),#6131);
#6127 = LINE('',#6128,#6129);
#6128 = CARTESIAN_POINT('',(0.,0.));
#6129 = VECTOR('',#6130,1.);
#6130 = DIRECTION('',(-1.,-6.982962677686E-15));
#6131 = ( GEOMETRIC_REPRESENTATION_CONTEXT(2) 
PARAMETRIC_REPRESENTATION_CONTEXT() REPRESENTATION_CONTEXT('2D SPACE',''
  ) );
#6132 = PCURVE('',#1187,#6133);
#6133 = DEFINITIONAL_REPRESENTATION('',(#6134),#6138);
#6134 = LINE('',#6135,#6136);
#6135 = CARTESIAN_POINT('',(-0.175,5.E-02));
#6136 = VECTOR('',#6137,1.);
#6137 = DIRECTION('',(1.,0.));
#6138 = ( GEOMETRIC_REPRESENTATION_CONTEXT(2) 
PARAMETRIC_REPRESENTATION_CONTEXT() REPRESENTATION_CONTEXT('2D SPACE',''
  ) );
#6139 = ORIENTED_EDGE('',*,*,#6070,.T.);
#6140 = ADVANCED_FACE('',(#6141),#1344,.T.);
#6141 = FACE_BOUND('',#6142,.T.);
#6142 = EDGE_LOOP('',(#6143,#6144,#6170,#6171));
#6143 = ORIENTED_EDGE('',*,*,#1328,.F.);
#6144 = ORIENTED_EDGE('',*,*,#6145,.T.);
#6145 = EDGE_CURVE('',#1296,#6097,#6146,.T.);
#6146 = SURFACE_CURVE('',#6147,(#6152,#6159),.PCURVE_S1.);
#6147 = CIRCLE('',#6148,5.E-02);
#6148 = AXIS2_PLACEMENT_3D('',#6149,#6150,#6151);
#6149 = CARTESIAN_POINT('',(0.175,1.219727444046E-16,-0.355125000056));
#6150 = DIRECTION('',(6.505213034913E-15,0.,1.));
#6151 = DIRECTION('',(-1.,0.,6.505213034913E-15));
#6152 = PCURVE('',#1344,#6153);
#6153 = DEFINITIONAL_REPRESENTATION('',(#6154),#6158);
#6154 = LINE('',#6155,#6156);
#6155 = CARTESIAN_POINT('',(-3.14159265359,-1.665334536938E-16));
#6156 = VECTOR('',#6157,1.);
#6157 = DIRECTION('',(1.,3.533949646071E-17));
#6158 = ( GEOMETRIC_REPRESENTATION_CONTEXT(2) 
PARAMETRIC_REPRESENTATION_CONTEXT() REPRESENTATION_CONTEXT('2D SPACE',''
  ) );
#6159 = PCURVE('',#1187,#6160);
#6160 = DEFINITIONAL_REPRESENTATION('',(#6161),#6169);
#6161 = ( BOUNDED_CURVE() B_SPLINE_CURVE(2,(#6162,#6163,#6164,#6165,
#6166,#6167,#6168),.UNSPECIFIED.,.T.,.F.) B_SPLINE_CURVE_WITH_KNOTS((1,2
    ,2,2,2,1),(-2.094395102393,0.,2.094395102393,4.188790204786,
6.28318530718,8.377580409573),.UNSPECIFIED.) CURVE() 
GEOMETRIC_REPRESENTATION_ITEM() RATIONAL_B_SPLINE_CURVE((1.,0.5,1.,0.5,
1.,0.5,1.)) REPRESENTATION_ITEM('') );
#6162 = CARTESIAN_POINT('',(-0.125,1.219727444046E-16));
#6163 = CARTESIAN_POINT('',(-0.125,-8.660254037844E-02));
#6164 = CARTESIAN_POINT('',(-0.2,-4.330127018922E-02));
#6165 = CARTESIAN_POINT('',(-0.275,1.097262764131E-16));
#6166 = CARTESIAN_POINT('',(-0.2,4.330127018922E-02));
#6167 = CARTESIAN_POINT('',(-0.125,8.660254037844E-02));
#6168 = CARTESIAN_POINT('',(-0.125,1.219727444046E-16));
#6169 = ( GEOMETRIC_REPRESENTATION_CONTEXT(2) 
PARAMETRIC_REPRESENTATION_CONTEXT() REPRESENTATION_CONTEXT('2D SPACE',''
  ) );
#6170 = ORIENTED_EDGE('',*,*,#6096,.T.);
#6171 = ORIENTED_EDGE('',*,*,#2097,.F.);
#6172 = ADVANCED_FACE('',(#6173),#1398,.T.);
#6173 = FACE_BOUND('',#6174,.T.);
#6174 = EDGE_LOOP('',(#6175,#6176,#6199,#6220));
#6175 = ORIENTED_EDGE('',*,*,#2075,.F.);
#6176 = ORIENTED_EDGE('',*,*,#6177,.F.);
#6177 = EDGE_CURVE('',#6178,#2047,#6180,.T.);
#6178 = VERTEX_POINT('',#6179);
#6179 = CARTESIAN_POINT('',(0.115,-5.E-02,-0.355125000056));
#6180 = SURFACE_CURVE('',#6181,(#6185,#6192),.PCURVE_S1.);
#6181 = LINE('',#6182,#6183);
#6182 = CARTESIAN_POINT('',(0.115,-5.E-02,-0.355125000056));
#6183 = VECTOR('',#6184,1.);
#6184 = DIRECTION('',(6.982962677686E-15,0.,1.));
#6185 = PCURVE('',#1398,#6186);
#6186 = DEFINITIONAL_REPRESENTATION('',(#6187),#6191);
#6187 = LINE('',#6188,#6189);
#6188 = CARTESIAN_POINT('',(-5.551115123126E-16,-6.E-02));
#6189 = VECTOR('',#6190,1.);
#6190 = DIRECTION('',(-1.,6.982962677686E-15));
#6191 = ( GEOMETRIC_REPRESENTATION_CONTEXT(2) 
PARAMETRIC_REPRESENTATION_CONTEXT() REPRESENTATION_CONTEXT('2D SPACE',''
  ) );
#6192 = PCURVE('',#2063,#6193);
#6193 = DEFINITIONAL_REPRESENTATION('',(#6194),#6198);
#6194 = LINE('',#6195,#6196);
#6195 = CARTESIAN_POINT('',(1.570796326795,0.));
#6196 = VECTOR('',#6197,1.);
#6197 = DIRECTION('',(0.,1.));
#6198 = ( GEOMETRIC_REPRESENTATION_CONTEXT(2) 
PARAMETRIC_REPRESENTATION_CONTEXT() REPRESENTATION_CONTEXT('2D SPACE',''
  ) );
#6199 = ORIENTED_EDGE('',*,*,#6200,.T.);
#6200 = EDGE_CURVE('',#6178,#1294,#6201,.T.);
#6201 = SURFACE_CURVE('',#6202,(#6206,#6213),.PCURVE_S1.);
#6202 = LINE('',#6203,#6204);
#6203 = CARTESIAN_POINT('',(0.175,-5.E-02,-0.355125000056));
#6204 = VECTOR('',#6205,1.);
#6205 = DIRECTION('',(1.,0.,-6.982962677686E-15));
#6206 = PCURVE('',#1398,#6207);
#6207 = DEFINITIONAL_REPRESENTATION('',(#6208),#6212);
#6208 = LINE('',#6209,#6210);
#6209 = CARTESIAN_POINT('',(0.,0.));
#6210 = VECTOR('',#6211,1.);
#6211 = DIRECTION('',(6.982962677686E-15,1.));
#6212 = ( GEOMETRIC_REPRESENTATION_CONTEXT(2) 
PARAMETRIC_REPRESENTATION_CONTEXT() REPRESENTATION_CONTEXT('2D SPACE',''
  ) );
#6213 = PCURVE('',#1187,#6214);
#6214 = DEFINITIONAL_REPRESENTATION('',(#6215),#6219);
#6215 = LINE('',#6216,#6217);
#6216 = CARTESIAN_POINT('',(-0.175,-5.E-02));
#6217 = VECTOR('',#6218,1.);
#6218 = DIRECTION('',(-1.,0.));
#6219 = ( GEOMETRIC_REPRESENTATION_CONTEXT(2) 
PARAMETRIC_REPRESENTATION_CONTEXT() REPRESENTATION_CONTEXT('2D SPACE',''
  ) );
#6220 = ORIENTED_EDGE('',*,*,#1384,.T.);
#6221 = ADVANCED_FACE('',(#6222),#2063,.F.);
#6222 = FACE_BOUND('',#6223,.F.);
#6223 = EDGE_LOOP('',(#6224,#6225,#6249,#6270));
#6224 = ORIENTED_EDGE('',*,*,#6177,.F.);
#6225 = ORIENTED_EDGE('',*,*,#6226,.F.);
#6226 = EDGE_CURVE('',#6227,#6178,#6229,.T.);
#6227 = VERTEX_POINT('',#6228);
#6228 = CARTESIAN_POINT('',(9.E-02,-7.5E-02,-0.355125000056));
#6229 = SURFACE_CURVE('',#6230,(#6235,#6242),.PCURVE_S1.);
#6230 = CIRCLE('',#6231,2.5E-02);
#6231 = AXIS2_PLACEMENT_3D('',#6232,#6233,#6234);
#6232 = CARTESIAN_POINT('',(0.115,-7.5E-02,-0.355125000056));
#6233 = DIRECTION('',(-6.505213034913E-15,0.,-1.));
#6234 = DIRECTION('',(1.,0.,-6.505213034913E-15));
#6235 = PCURVE('',#2063,#6236);
#6236 = DEFINITIONAL_REPRESENTATION('',(#6237),#6241);
#6237 = LINE('',#6238,#6239);
#6238 = CARTESIAN_POINT('',(6.28318530718,1.665334536938E-16));
#6239 = VECTOR('',#6240,1.);
#6240 = DIRECTION('',(-1.,-3.533949646071E-17));
#6241 = ( GEOMETRIC_REPRESENTATION_CONTEXT(2) 
PARAMETRIC_REPRESENTATION_CONTEXT() REPRESENTATION_CONTEXT('2D SPACE',''
  ) );
#6242 = PCURVE('',#1187,#6243);
#6243 = DEFINITIONAL_REPRESENTATION('',(#6244),#6248);
#6244 = CIRCLE('',#6245,2.5E-02);
#6245 = AXIS2_PLACEMENT_2D('',#6246,#6247);
#6246 = CARTESIAN_POINT('',(-0.115,-7.5E-02));
#6247 = DIRECTION('',(-1.,0.));
#6248 = ( GEOMETRIC_REPRESENTATION_CONTEXT(2) 
PARAMETRIC_REPRESENTATION_CONTEXT() REPRESENTATION_CONTEXT('2D SPACE',''
  ) );
#6249 = ORIENTED_EDGE('',*,*,#6250,.T.);
#6250 = EDGE_CURVE('',#6227,#2019,#6251,.T.);
#6251 = SURFACE_CURVE('',#6252,(#6256,#6263),.PCURVE_S1.);
#6252 = LINE('',#6253,#6254);
#6253 = CARTESIAN_POINT('',(9.E-02,-7.5E-02,-0.355125000056));
#6254 = VECTOR('',#6255,1.);
#6255 = DIRECTION('',(6.982962677686E-15,0.,1.));
#6256 = PCURVE('',#2063,#6257);
#6257 = DEFINITIONAL_REPRESENTATION('',(#6258),#6262);
#6258 = LINE('',#6259,#6260);
#6259 = CARTESIAN_POINT('',(3.14159265359,-1.110223024625E-16));
#6260 = VECTOR('',#6261,1.);
#6261 = DIRECTION('',(0.,1.));
#6262 = ( GEOMETRIC_REPRESENTATION_CONTEXT(2) 
PARAMETRIC_REPRESENTATION_CONTEXT() REPRESENTATION_CONTEXT('2D SPACE',''
  ) );
#6263 = PCURVE('',#2034,#6264);
#6264 = DEFINITIONAL_REPRESENTATION('',(#6265),#6269);
#6265 = LINE('',#6266,#6267);
#6266 = CARTESIAN_POINT('',(0.,0.));
#6267 = VECTOR('',#6268,1.);
#6268 = DIRECTION('',(-1.,0.));
#6269 = ( GEOMETRIC_REPRESENTATION_CONTEXT(2) 
PARAMETRIC_REPRESENTATION_CONTEXT() REPRESENTATION_CONTEXT('2D SPACE',''
  ) );
#6270 = ORIENTED_EDGE('',*,*,#2046,.T.);
#6271 = ADVANCED_FACE('',(#6272),#2034,.T.);
#6272 = FACE_BOUND('',#6273,.T.);
#6273 = EDGE_LOOP('',(#6274,#6275,#6298,#6319));
#6274 = ORIENTED_EDGE('',*,*,#2018,.F.);
#6275 = ORIENTED_EDGE('',*,*,#6276,.F.);
#6276 = EDGE_CURVE('',#6277,#1990,#6279,.T.);
#6277 = VERTEX_POINT('',#6278);
#6278 = CARTESIAN_POINT('',(9.E-02,-0.225,-0.355125000056));
#6279 = SURFACE_CURVE('',#6280,(#6284,#6291),.PCURVE_S1.);
#6280 = LINE('',#6281,#6282);
#6281 = CARTESIAN_POINT('',(9.E-02,-0.225,-0.355125000056));
#6282 = VECTOR('',#6283,1.);
#6283 = DIRECTION('',(6.982962677686E-15,0.,1.));
#6284 = PCURVE('',#2034,#6285);
#6285 = DEFINITIONAL_REPRESENTATION('',(#6286),#6290);
#6286 = LINE('',#6287,#6288);
#6287 = CARTESIAN_POINT('',(-0.,-0.15));
#6288 = VECTOR('',#6289,1.);
#6289 = DIRECTION('',(-1.,0.));
#6290 = ( GEOMETRIC_REPRESENTATION_CONTEXT(2) 
PARAMETRIC_REPRESENTATION_CONTEXT() REPRESENTATION_CONTEXT('2D SPACE',''
  ) );
#6291 = PCURVE('',#2006,#6292);
#6292 = DEFINITIONAL_REPRESENTATION('',(#6293),#6297);
#6293 = LINE('',#6294,#6295);
#6294 = CARTESIAN_POINT('',(3.14159265359,-1.110223024625E-16));
#6295 = VECTOR('',#6296,1.);
#6296 = DIRECTION('',(0.,1.));
#6297 = ( GEOMETRIC_REPRESENTATION_CONTEXT(2) 
PARAMETRIC_REPRESENTATION_CONTEXT() REPRESENTATION_CONTEXT('2D SPACE',''
  ) );
#6298 = ORIENTED_EDGE('',*,*,#6299,.T.);
#6299 = EDGE_CURVE('',#6277,#6227,#6300,.T.);
#6300 = SURFACE_CURVE('',#6301,(#6305,#6312),.PCURVE_S1.);
#6301 = LINE('',#6302,#6303);
#6302 = CARTESIAN_POINT('',(9.E-02,-7.5E-02,-0.355125000056));
#6303 = VECTOR('',#6304,1.);
#6304 = DIRECTION('',(0.,1.,0.));
#6305 = PCURVE('',#2034,#6306);
#6306 = DEFINITIONAL_REPRESENTATION('',(#6307),#6311);
#6307 = LINE('',#6308,#6309);
#6308 = CARTESIAN_POINT('',(0.,0.));
#6309 = VECTOR('',#6310,1.);
#6310 = DIRECTION('',(0.,1.));
#6311 = ( GEOMETRIC_REPRESENTATION_CONTEXT(2) 
PARAMETRIC_REPRESENTATION_CONTEXT() REPRESENTATION_CONTEXT('2D SPACE',''
  ) );
#6312 = PCURVE('',#1187,#6313);
#6313 = DEFINITIONAL_REPRESENTATION('',(#6314),#6318);
#6314 = LINE('',#6315,#6316);
#6315 = CARTESIAN_POINT('',(-9.E-02,-7.5E-02));
#6316 = VECTOR('',#6317,1.);
#6317 = DIRECTION('',(0.,1.));
#6318 = ( GEOMETRIC_REPRESENTATION_CONTEXT(2) 
PARAMETRIC_REPRESENTATION_CONTEXT() REPRESENTATION_CONTEXT('2D SPACE',''
  ) );
#6319 = ORIENTED_EDGE('',*,*,#6250,.T.);
#6320 = ADVANCED_FACE('',(#6321),#2006,.F.);
#6321 = FACE_BOUND('',#6322,.F.);
#6322 = EDGE_LOOP('',(#6323,#6324,#6348,#6369));
#6323 = ORIENTED_EDGE('',*,*,#6276,.F.);
#6324 = ORIENTED_EDGE('',*,*,#6325,.F.);
#6325 = EDGE_CURVE('',#6326,#6277,#6328,.T.);
#6326 = VERTEX_POINT('',#6327);
#6327 = CARTESIAN_POINT('',(0.115,-0.25,-0.355125000056));
#6328 = SURFACE_CURVE('',#6329,(#6334,#6341),.PCURVE_S1.);
#6329 = CIRCLE('',#6330,2.5E-02);
#6330 = AXIS2_PLACEMENT_3D('',#6331,#6332,#6333);
#6331 = CARTESIAN_POINT('',(0.115,-0.225,-0.355125000056));
#6332 = DIRECTION('',(-6.505213034913E-15,0.,-1.));
#6333 = DIRECTION('',(-1.,0.,6.505213034913E-15));
#6334 = PCURVE('',#2006,#6335);
#6335 = DEFINITIONAL_REPRESENTATION('',(#6336),#6340);
#6336 = LINE('',#6337,#6338);
#6337 = CARTESIAN_POINT('',(9.424777960769,-1.665334536938E-16));
#6338 = VECTOR('',#6339,1.);
#6339 = DIRECTION('',(-1.,3.533949646071E-17));
#6340 = ( GEOMETRIC_REPRESENTATION_CONTEXT(2) 
PARAMETRIC_REPRESENTATION_CONTEXT() REPRESENTATION_CONTEXT('2D SPACE',''
  ) );
#6341 = PCURVE('',#1187,#6342);
#6342 = DEFINITIONAL_REPRESENTATION('',(#6343),#6347);
#6343 = CIRCLE('',#6344,2.5E-02);
#6344 = AXIS2_PLACEMENT_2D('',#6345,#6346);
#6345 = CARTESIAN_POINT('',(-0.115,-0.225));
#6346 = DIRECTION('',(1.,0.));
#6347 = ( GEOMETRIC_REPRESENTATION_CONTEXT(2) 
PARAMETRIC_REPRESENTATION_CONTEXT() REPRESENTATION_CONTEXT('2D SPACE',''
  ) );
#6348 = ORIENTED_EDGE('',*,*,#6349,.T.);
#6349 = EDGE_CURVE('',#6326,#1962,#6350,.T.);
#6350 = SURFACE_CURVE('',#6351,(#6355,#6362),.PCURVE_S1.);
#6351 = LINE('',#6352,#6353);
#6352 = CARTESIAN_POINT('',(0.115,-0.25,-0.355125000056));
#6353 = VECTOR('',#6354,1.);
#6354 = DIRECTION('',(6.982962677686E-15,0.,1.));
#6355 = PCURVE('',#2006,#6356);
#6356 = DEFINITIONAL_REPRESENTATION('',(#6357),#6361);
#6357 = LINE('',#6358,#6359);
#6358 = CARTESIAN_POINT('',(4.712388980385,0.));
#6359 = VECTOR('',#6360,1.);
#6360 = DIRECTION('',(0.,1.));
#6361 = ( GEOMETRIC_REPRESENTATION_CONTEXT(2) 
PARAMETRIC_REPRESENTATION_CONTEXT() REPRESENTATION_CONTEXT('2D SPACE',''
  ) );
#6362 = PCURVE('',#1977,#6363);
#6363 = DEFINITIONAL_REPRESENTATION('',(#6364),#6368);
#6364 = LINE('',#6365,#6366);
#6365 = CARTESIAN_POINT('',(0.,0.));
#6366 = VECTOR('',#6367,1.);
#6367 = DIRECTION('',(6.982962677686E-15,-1.));
#6368 = ( GEOMETRIC_REPRESENTATION_CONTEXT(2) 
PARAMETRIC_REPRESENTATION_CONTEXT() REPRESENTATION_CONTEXT('2D SPACE',''
  ) );
#6369 = ORIENTED_EDGE('',*,*,#1989,.T.);
#6370 = ADVANCED_FACE('',(#6371),#1977,.T.);
#6371 = FACE_BOUND('',#6372,.T.);
#6372 = EDGE_LOOP('',(#6373,#6374,#6397,#6418));
#6373 = ORIENTED_EDGE('',*,*,#1961,.F.);
#6374 = ORIENTED_EDGE('',*,*,#6375,.F.);
#6375 = EDGE_CURVE('',#6376,#1933,#6378,.T.);
#6376 = VERTEX_POINT('',#6377);
#6377 = CARTESIAN_POINT('',(0.238944487245,-0.25,-0.355125000056));
#6378 = SURFACE_CURVE('',#6379,(#6383,#6390),.PCURVE_S1.);
#6379 = LINE('',#6380,#6381);
#6380 = CARTESIAN_POINT('',(0.238944487245,-0.25,-0.355125000056));
#6381 = VECTOR('',#6382,1.);
#6382 = DIRECTION('',(6.982962677686E-15,0.,1.));
#6383 = PCURVE('',#1977,#6384);
#6384 = DEFINITIONAL_REPRESENTATION('',(#6385),#6389);
#6385 = LINE('',#6386,#6387);
#6386 = CARTESIAN_POINT('',(0.123944487245,1.054711873394E-15));
#6387 = VECTOR('',#6388,1.);
#6388 = DIRECTION('',(6.982962677686E-15,-1.));
#6389 = ( GEOMETRIC_REPRESENTATION_CONTEXT(2) 
PARAMETRIC_REPRESENTATION_CONTEXT() REPRESENTATION_CONTEXT('2D SPACE',''
  ) );
#6390 = PCURVE('',#1949,#6391);
#6391 = DEFINITIONAL_REPRESENTATION('',(#6392),#6396);
#6392 = LINE('',#6393,#6394);
#6393 = CARTESIAN_POINT('',(4.712388980385,0.));
#6394 = VECTOR('',#6395,1.);
#6395 = DIRECTION('',(0.,1.));
#6396 = ( GEOMETRIC_REPRESENTATION_CONTEXT(2) 
PARAMETRIC_REPRESENTATION_CONTEXT() REPRESENTATION_CONTEXT('2D SPACE',''
  ) );
#6397 = ORIENTED_EDGE('',*,*,#6398,.T.);
#6398 = EDGE_CURVE('',#6376,#6326,#6399,.T.);
#6399 = SURFACE_CURVE('',#6400,(#6404,#6411),.PCURVE_S1.);
#6400 = LINE('',#6401,#6402);
#6401 = CARTESIAN_POINT('',(0.115,-0.25,-0.355125000056));
#6402 = VECTOR('',#6403,1.);
#6403 = DIRECTION('',(-1.,0.,6.982962677686E-15));
#6404 = PCURVE('',#1977,#6405);
#6405 = DEFINITIONAL_REPRESENTATION('',(#6406),#6410);
#6406 = LINE('',#6407,#6408);
#6407 = CARTESIAN_POINT('',(0.,0.));
#6408 = VECTOR('',#6409,1.);
#6409 = DIRECTION('',(-1.,-6.982962677686E-15));
#6410 = ( GEOMETRIC_REPRESENTATION_CONTEXT(2) 
PARAMETRIC_REPRESENTATION_CONTEXT() REPRESENTATION_CONTEXT('2D SPACE',''
  ) );
#6411 = PCURVE('',#1187,#6412);
#6412 = DEFINITIONAL_REPRESENTATION('',(#6413),#6417);
#6413 = LINE('',#6414,#6415);
#6414 = CARTESIAN_POINT('',(-0.115,-0.25));
#6415 = VECTOR('',#6416,1.);
#6416 = DIRECTION('',(1.,0.));
#6417 = ( GEOMETRIC_REPRESENTATION_CONTEXT(2) 
PARAMETRIC_REPRESENTATION_CONTEXT() REPRESENTATION_CONTEXT('2D SPACE',''
  ) );
#6418 = ORIENTED_EDGE('',*,*,#6349,.T.);
#6419 = ADVANCED_FACE('',(#6420),#1949,.F.);
#6420 = FACE_BOUND('',#6421,.F.);
#6421 = EDGE_LOOP('',(#6422,#6423,#6447,#6468));
#6422 = ORIENTED_EDGE('',*,*,#6375,.F.);
#6423 = ORIENTED_EDGE('',*,*,#6424,.F.);
#6424 = EDGE_CURVE('',#6425,#6376,#6427,.T.);
#6425 = VERTEX_POINT('',#6426);
#6426 = CARTESIAN_POINT('',(0.251821456086,-0.246428571429,
    -0.355125000056));
#6427 = SURFACE_CURVE('',#6428,(#6433,#6440),.PCURVE_S1.);
#6428 = CIRCLE('',#6429,2.5E-02);
#6429 = AXIS2_PLACEMENT_3D('',#6430,#6431,#6432);
#6430 = CARTESIAN_POINT('',(0.238944487245,-0.225,-0.355125000056));
#6431 = DIRECTION('',(-6.505213034913E-15,0.,-1.));
#6432 = DIRECTION('',(-1.,0.,6.505213034913E-15));
#6433 = PCURVE('',#1949,#6434);
#6434 = DEFINITIONAL_REPRESENTATION('',(#6435),#6439);
#6435 = LINE('',#6436,#6437);
#6436 = CARTESIAN_POINT('',(9.424777960769,0.));
#6437 = VECTOR('',#6438,1.);
#6438 = DIRECTION('',(-1.,0.));
#6439 = ( GEOMETRIC_REPRESENTATION_CONTEXT(2) 
PARAMETRIC_REPRESENTATION_CONTEXT() REPRESENTATION_CONTEXT('2D SPACE',''
  ) );
#6440 = PCURVE('',#1187,#6441);
#6441 = DEFINITIONAL_REPRESENTATION('',(#6442),#6446);
#6442 = CIRCLE('',#6443,2.5E-02);
#6443 = AXIS2_PLACEMENT_2D('',#6444,#6445);
#6444 = CARTESIAN_POINT('',(-0.238944487245,-0.225));
#6445 = DIRECTION('',(1.,0.));
#6446 = ( GEOMETRIC_REPRESENTATION_CONTEXT(2) 
PARAMETRIC_REPRESENTATION_CONTEXT() REPRESENTATION_CONTEXT('2D SPACE',''
  ) );
#6447 = ORIENTED_EDGE('',*,*,#6448,.T.);
#6448 = EDGE_CURVE('',#6425,#1905,#6449,.T.);
#6449 = SURFACE_CURVE('',#6450,(#6454,#6461),.PCURVE_S1.);
#6450 = LINE('',#6451,#6452);
#6451 = CARTESIAN_POINT('',(0.251821456086,-0.246428571429,
    -0.355125000056));
#6452 = VECTOR('',#6453,1.);
#6453 = DIRECTION('',(6.982962677686E-15,0.,1.));
#6454 = PCURVE('',#1949,#6455);
#6455 = DEFINITIONAL_REPRESENTATION('',(#6456),#6460);
#6456 = LINE('',#6457,#6458);
#6457 = CARTESIAN_POINT('',(5.253488506342,1.110223024625E-16));
#6458 = VECTOR('',#6459,1.);
#6459 = DIRECTION('',(0.,1.));
#6460 = ( GEOMETRIC_REPRESENTATION_CONTEXT(2) 
PARAMETRIC_REPRESENTATION_CONTEXT() REPRESENTATION_CONTEXT('2D SPACE',''
  ) );
#6461 = PCURVE('',#1219,#6462);
#6462 = DEFINITIONAL_REPRESENTATION('',(#6463),#6467);
#6463 = LINE('',#6464,#6465);
#6464 = CARTESIAN_POINT('',(2.111895852752,-1.665334536938E-16));
#6465 = VECTOR('',#6466,1.);
#6466 = DIRECTION('',(0.,1.));
#6467 = ( GEOMETRIC_REPRESENTATION_CONTEXT(2) 
PARAMETRIC_REPRESENTATION_CONTEXT() REPRESENTATION_CONTEXT('2D SPACE',''
  ) );
#6468 = ORIENTED_EDGE('',*,*,#1932,.T.);
#6469 = ADVANCED_FACE('',(#6470),#1219,.T.);
#6470 = FACE_BOUND('',#6471,.T.);
#6471 = EDGE_LOOP('',(#6472,#6473,#6499,#6500));
#6472 = ORIENTED_EDGE('',*,*,#1203,.F.);
#6473 = ORIENTED_EDGE('',*,*,#6474,.T.);
#6474 = EDGE_CURVE('',#1166,#6425,#6475,.T.);
#6475 = SURFACE_CURVE('',#6476,(#6481,#6488),.PCURVE_S1.);
#6476 = CIRCLE('',#6477,4.5E-02);
#6477 = AXIS2_PLACEMENT_3D('',#6478,#6479,#6480);
#6478 = CARTESIAN_POINT('',(0.275,-0.285,-0.355125000056));
#6479 = DIRECTION('',(7.228014483237E-15,0.,1.));
#6480 = DIRECTION('',(-1.,0.,7.228014483237E-15));
#6481 = PCURVE('',#1219,#6482);
#6482 = DEFINITIONAL_REPRESENTATION('',(#6483),#6487);
#6483 = LINE('',#6484,#6485);
#6484 = CARTESIAN_POINT('',(-3.14159265359,0.));
#6485 = VECTOR('',#6486,1.);
#6486 = DIRECTION('',(1.,0.));
#6487 = ( GEOMETRIC_REPRESENTATION_CONTEXT(2) 
PARAMETRIC_REPRESENTATION_CONTEXT() REPRESENTATION_CONTEXT('2D SPACE',''
  ) );
#6488 = PCURVE('',#1187,#6489);
#6489 = DEFINITIONAL_REPRESENTATION('',(#6490),#6498);
#6490 = ( BOUNDED_CURVE() B_SPLINE_CURVE(2,(#6491,#6492,#6493,#6494,
#6495,#6496,#6497),.UNSPECIFIED.,.T.,.F.) B_SPLINE_CURVE_WITH_KNOTS((1,2
    ,2,2,2,1),(-2.094395102393,0.,2.094395102393,4.188790204786,
6.28318530718,8.377580409573),.UNSPECIFIED.) CURVE() 
GEOMETRIC_REPRESENTATION_ITEM() RATIONAL_B_SPLINE_CURVE((1.,0.5,1.,0.5,
1.,0.5,1.)) REPRESENTATION_ITEM('') );
#6491 = CARTESIAN_POINT('',(-0.23,-0.285));
#6492 = CARTESIAN_POINT('',(-0.23,-0.362942286341));
#6493 = CARTESIAN_POINT('',(-0.2975,-0.32397114317));
#6494 = CARTESIAN_POINT('',(-0.365,-0.285));
#6495 = CARTESIAN_POINT('',(-0.2975,-0.24602885683));
#6496 = CARTESIAN_POINT('',(-0.23,-0.207057713659));
#6497 = CARTESIAN_POINT('',(-0.23,-0.285));
#6498 = ( GEOMETRIC_REPRESENTATION_CONTEXT(2) 
PARAMETRIC_REPRESENTATION_CONTEXT() REPRESENTATION_CONTEXT('2D SPACE',''
  ) );
#6499 = ORIENTED_EDGE('',*,*,#6448,.T.);
#6500 = ORIENTED_EDGE('',*,*,#1904,.F.);
#6501 = ADVANCED_FACE('',(#6502),#1278,.F.);
#6502 = FACE_BOUND('',#6503,.F.);
#6503 = EDGE_LOOP('',(#6504,#6505,#6529,#6550));
#6504 = ORIENTED_EDGE('',*,*,#1264,.F.);
#6505 = ORIENTED_EDGE('',*,*,#6506,.F.);
#6506 = EDGE_CURVE('',#6507,#1164,#6509,.T.);
#6507 = VERTEX_POINT('',#6508);
#6508 = CARTESIAN_POINT('',(0.238944487245,-0.32,-0.355125000056));
#6509 = SURFACE_CURVE('',#6510,(#6515,#6522),.PCURVE_S1.);
#6510 = CIRCLE('',#6511,2.5E-02);
#6511 = AXIS2_PLACEMENT_3D('',#6512,#6513,#6514);
#6512 = CARTESIAN_POINT('',(0.238944487245,-0.345,-0.355125000056));
#6513 = DIRECTION('',(-6.505213034913E-15,0.,-1.));
#6514 = DIRECTION('',(1.,0.,-6.505213034913E-15));
#6515 = PCURVE('',#1278,#6516);
#6516 = DEFINITIONAL_REPRESENTATION('',(#6517),#6521);
#6517 = LINE('',#6518,#6519);
#6518 = CARTESIAN_POINT('',(6.28318530718,0.));
#6519 = VECTOR('',#6520,1.);
#6520 = DIRECTION('',(-1.,0.));
#6521 = ( GEOMETRIC_REPRESENTATION_CONTEXT(2) 
PARAMETRIC_REPRESENTATION_CONTEXT() REPRESENTATION_CONTEXT('2D SPACE',''
  ) );
#6522 = PCURVE('',#1187,#6523);
#6523 = DEFINITIONAL_REPRESENTATION('',(#6524),#6528);
#6524 = CIRCLE('',#6525,2.5E-02);
#6525 = AXIS2_PLACEMENT_2D('',#6526,#6527);
#6526 = CARTESIAN_POINT('',(-0.238944487245,-0.345));
#6527 = DIRECTION('',(-1.,0.));
#6528 = ( GEOMETRIC_REPRESENTATION_CONTEXT(2) 
PARAMETRIC_REPRESENTATION_CONTEXT() REPRESENTATION_CONTEXT('2D SPACE',''
  ) );
#6529 = ORIENTED_EDGE('',*,*,#6530,.T.);
#6530 = EDGE_CURVE('',#6507,#1854,#6531,.T.);
#6531 = SURFACE_CURVE('',#6532,(#6536,#6543),.PCURVE_S1.);
#6532 = LINE('',#6533,#6534);
#6533 = CARTESIAN_POINT('',(0.238944487245,-0.32,-0.355125000056));
#6534 = VECTOR('',#6535,1.);
#6535 = DIRECTION('',(6.982962677686E-15,0.,1.));
#6536 = PCURVE('',#1278,#6537);
#6537 = DEFINITIONAL_REPRESENTATION('',(#6538),#6542);
#6538 = LINE('',#6539,#6540);
#6539 = CARTESIAN_POINT('',(1.570796326795,0.));
#6540 = VECTOR('',#6541,1.);
#6541 = DIRECTION('',(0.,1.));
#6542 = ( GEOMETRIC_REPRESENTATION_CONTEXT(2) 
PARAMETRIC_REPRESENTATION_CONTEXT() REPRESENTATION_CONTEXT('2D SPACE',''
  ) );
#6543 = PCURVE('',#1869,#6544);
#6544 = DEFINITIONAL_REPRESENTATION('',(#6545),#6549);
#6545 = LINE('',#6546,#6547);
#6546 = CARTESIAN_POINT('',(-0.123944487245,1.054711873394E-15));
#6547 = VECTOR('',#6548,1.);
#6548 = DIRECTION('',(-6.982962677686E-15,-1.));
#6549 = ( GEOMETRIC_REPRESENTATION_CONTEXT(2) 
PARAMETRIC_REPRESENTATION_CONTEXT() REPRESENTATION_CONTEXT('2D SPACE',''
  ) );
#6550 = ORIENTED_EDGE('',*,*,#1881,.T.);
#6551 = ADVANCED_FACE('',(#6552),#1869,.T.);
#6552 = FACE_BOUND('',#6553,.T.);
#6553 = EDGE_LOOP('',(#6554,#6555,#6578,#6599));
#6554 = ORIENTED_EDGE('',*,*,#1853,.F.);
#6555 = ORIENTED_EDGE('',*,*,#6556,.F.);
#6556 = EDGE_CURVE('',#6557,#1825,#6559,.T.);
#6557 = VERTEX_POINT('',#6558);
#6558 = CARTESIAN_POINT('',(0.115,-0.32,-0.355125000056));
#6559 = SURFACE_CURVE('',#6560,(#6564,#6571),.PCURVE_S1.);
#6560 = LINE('',#6561,#6562);
#6561 = CARTESIAN_POINT('',(0.115,-0.32,-0.355125000056));
#6562 = VECTOR('',#6563,1.);
#6563 = DIRECTION('',(6.982962677686E-15,0.,1.));
#6564 = PCURVE('',#1869,#6565);
#6565 = DEFINITIONAL_REPRESENTATION('',(#6566),#6570);
#6566 = LINE('',#6567,#6568);
#6567 = CARTESIAN_POINT('',(0.,-0.));
#6568 = VECTOR('',#6569,1.);
#6569 = DIRECTION('',(-6.982962677686E-15,-1.));
#6570 = ( GEOMETRIC_REPRESENTATION_CONTEXT(2) 
PARAMETRIC_REPRESENTATION_CONTEXT() REPRESENTATION_CONTEXT('2D SPACE',''
  ) );
#6571 = PCURVE('',#1841,#6572);
#6572 = DEFINITIONAL_REPRESENTATION('',(#6573),#6577);
#6573 = LINE('',#6574,#6575);
#6574 = CARTESIAN_POINT('',(1.570796326795,0.));
#6575 = VECTOR('',#6576,1.);
#6576 = DIRECTION('',(0.,1.));
#6577 = ( GEOMETRIC_REPRESENTATION_CONTEXT(2) 
PARAMETRIC_REPRESENTATION_CONTEXT() REPRESENTATION_CONTEXT('2D SPACE',''
  ) );
#6578 = ORIENTED_EDGE('',*,*,#6579,.T.);
#6579 = EDGE_CURVE('',#6557,#6507,#6580,.T.);
#6580 = SURFACE_CURVE('',#6581,(#6585,#6592),.PCURVE_S1.);
#6581 = LINE('',#6582,#6583);
#6582 = CARTESIAN_POINT('',(0.115,-0.32,-0.355125000056));
#6583 = VECTOR('',#6584,1.);
#6584 = DIRECTION('',(1.,-4.373741005274E-16,-6.982962677686E-15));
#6585 = PCURVE('',#1869,#6586);
#6586 = DEFINITIONAL_REPRESENTATION('',(#6587),#6591);
#6587 = LINE('',#6588,#6589);
#6588 = CARTESIAN_POINT('',(0.,-0.));
#6589 = VECTOR('',#6590,1.);
#6590 = DIRECTION('',(-1.,6.982962677686E-15));
#6591 = ( GEOMETRIC_REPRESENTATION_CONTEXT(2) 
PARAMETRIC_REPRESENTATION_CONTEXT() REPRESENTATION_CONTEXT('2D SPACE',''
  ) );
#6592 = PCURVE('',#1187,#6593);
#6593 = DEFINITIONAL_REPRESENTATION('',(#6594),#6598);
#6594 = LINE('',#6595,#6596);
#6595 = CARTESIAN_POINT('',(-0.115,-0.32));
#6596 = VECTOR('',#6597,1.);
#6597 = DIRECTION('',(-1.,-4.373741005274E-16));
#6598 = ( GEOMETRIC_REPRESENTATION_CONTEXT(2) 
PARAMETRIC_REPRESENTATION_CONTEXT() REPRESENTATION_CONTEXT('2D SPACE',''
  ) );
#6599 = ORIENTED_EDGE('',*,*,#6530,.T.);
#6600 = ADVANCED_FACE('',(#6601),#1841,.F.);
#6601 = FACE_BOUND('',#6602,.F.);
#6602 = EDGE_LOOP('',(#6603,#6604,#6628,#6649));
#6603 = ORIENTED_EDGE('',*,*,#6556,.F.);
#6604 = ORIENTED_EDGE('',*,*,#6605,.F.);
#6605 = EDGE_CURVE('',#6606,#6557,#6608,.T.);
#6606 = VERTEX_POINT('',#6607);
#6607 = CARTESIAN_POINT('',(9.E-02,-0.345,-0.355125000056));
#6608 = SURFACE_CURVE('',#6609,(#6614,#6621),.PCURVE_S1.);
#6609 = CIRCLE('',#6610,2.5E-02);
#6610 = AXIS2_PLACEMENT_3D('',#6611,#6612,#6613);
#6611 = CARTESIAN_POINT('',(0.115,-0.345,-0.355125000056));
#6612 = DIRECTION('',(-6.505213034913E-15,0.,-1.));
#6613 = DIRECTION('',(1.,0.,-6.505213034913E-15));
#6614 = PCURVE('',#1841,#6615);
#6615 = DEFINITIONAL_REPRESENTATION('',(#6616),#6620);
#6616 = LINE('',#6617,#6618);
#6617 = CARTESIAN_POINT('',(6.28318530718,1.665334536938E-16));
#6618 = VECTOR('',#6619,1.);
#6619 = DIRECTION('',(-1.,-3.533949646071E-17));
#6620 = ( GEOMETRIC_REPRESENTATION_CONTEXT(2) 
PARAMETRIC_REPRESENTATION_CONTEXT() REPRESENTATION_CONTEXT('2D SPACE',''
  ) );
#6621 = PCURVE('',#1187,#6622);
#6622 = DEFINITIONAL_REPRESENTATION('',(#6623),#6627);
#6623 = CIRCLE('',#6624,2.5E-02);
#6624 = AXIS2_PLACEMENT_2D('',#6625,#6626);
#6625 = CARTESIAN_POINT('',(-0.115,-0.345));
#6626 = DIRECTION('',(-1.,0.));
#6627 = ( GEOMETRIC_REPRESENTATION_CONTEXT(2) 
PARAMETRIC_REPRESENTATION_CONTEXT() REPRESENTATION_CONTEXT('2D SPACE',''
  ) );
#6628 = ORIENTED_EDGE('',*,*,#6629,.T.);
#6629 = EDGE_CURVE('',#6606,#1797,#6630,.T.);
#6630 = SURFACE_CURVE('',#6631,(#6635,#6642),.PCURVE_S1.);
#6631 = LINE('',#6632,#6633);
#6632 = CARTESIAN_POINT('',(9.E-02,-0.345,-0.355125000056));
#6633 = VECTOR('',#6634,1.);
#6634 = DIRECTION('',(6.982962677686E-15,0.,1.));
#6635 = PCURVE('',#1841,#6636);
#6636 = DEFINITIONAL_REPRESENTATION('',(#6637),#6641);
#6637 = LINE('',#6638,#6639);
#6638 = CARTESIAN_POINT('',(3.14159265359,-1.110223024625E-16));
#6639 = VECTOR('',#6640,1.);
#6640 = DIRECTION('',(0.,1.));
#6641 = ( GEOMETRIC_REPRESENTATION_CONTEXT(2) 
PARAMETRIC_REPRESENTATION_CONTEXT() REPRESENTATION_CONTEXT('2D SPACE',''
  ) );
#6642 = PCURVE('',#1812,#6643);
#6643 = DEFINITIONAL_REPRESENTATION('',(#6644),#6648);
#6644 = LINE('',#6645,#6646);
#6645 = CARTESIAN_POINT('',(0.,0.));
#6646 = VECTOR('',#6647,1.);
#6647 = DIRECTION('',(-1.,0.));
#6648 = ( GEOMETRIC_REPRESENTATION_CONTEXT(2) 
PARAMETRIC_REPRESENTATION_CONTEXT() REPRESENTATION_CONTEXT('2D SPACE',''
  ) );
#6649 = ORIENTED_EDGE('',*,*,#1824,.T.);
#6650 = ADVANCED_FACE('',(#6651),#1812,.T.);
#6651 = FACE_BOUND('',#6652,.T.);
#6652 = EDGE_LOOP('',(#6653,#6654,#6677,#6698));
#6653 = ORIENTED_EDGE('',*,*,#1796,.F.);
#6654 = ORIENTED_EDGE('',*,*,#6655,.F.);
#6655 = EDGE_CURVE('',#6656,#1768,#6658,.T.);
#6656 = VERTEX_POINT('',#6657);
#6657 = CARTESIAN_POINT('',(9.E-02,-0.595,-0.355125000056));
#6658 = SURFACE_CURVE('',#6659,(#6663,#6670),.PCURVE_S1.);
#6659 = LINE('',#6660,#6661);
#6660 = CARTESIAN_POINT('',(9.E-02,-0.595,-0.355125000056));
#6661 = VECTOR('',#6662,1.);
#6662 = DIRECTION('',(6.982962677686E-15,0.,1.));
#6663 = PCURVE('',#1812,#6664);
#6664 = DEFINITIONAL_REPRESENTATION('',(#6665),#6669);
#6665 = LINE('',#6666,#6667);
#6666 = CARTESIAN_POINT('',(-0.,-0.25));
#6667 = VECTOR('',#6668,1.);
#6668 = DIRECTION('',(-1.,0.));
#6669 = ( GEOMETRIC_REPRESENTATION_CONTEXT(2) 
PARAMETRIC_REPRESENTATION_CONTEXT() REPRESENTATION_CONTEXT('2D SPACE',''
  ) );
#6670 = PCURVE('',#1784,#6671);
#6671 = DEFINITIONAL_REPRESENTATION('',(#6672),#6676);
#6672 = LINE('',#6673,#6674);
#6673 = CARTESIAN_POINT('',(3.14159265359,-1.110223024625E-16));
#6674 = VECTOR('',#6675,1.);
#6675 = DIRECTION('',(0.,1.));
#6676 = ( GEOMETRIC_REPRESENTATION_CONTEXT(2) 
PARAMETRIC_REPRESENTATION_CONTEXT() REPRESENTATION_CONTEXT('2D SPACE',''
  ) );
#6677 = ORIENTED_EDGE('',*,*,#6678,.T.);
#6678 = EDGE_CURVE('',#6656,#6606,#6679,.T.);
#6679 = SURFACE_CURVE('',#6680,(#6684,#6691),.PCURVE_S1.);
#6680 = LINE('',#6681,#6682);
#6681 = CARTESIAN_POINT('',(9.E-02,-0.345,-0.355125000056));
#6682 = VECTOR('',#6683,1.);
#6683 = DIRECTION('',(0.,1.,0.));
#6684 = PCURVE('',#1812,#6685);
#6685 = DEFINITIONAL_REPRESENTATION('',(#6686),#6690);
#6686 = LINE('',#6687,#6688);
#6687 = CARTESIAN_POINT('',(0.,0.));
#6688 = VECTOR('',#6689,1.);
#6689 = DIRECTION('',(0.,1.));
#6690 = ( GEOMETRIC_REPRESENTATION_CONTEXT(2) 
PARAMETRIC_REPRESENTATION_CONTEXT() REPRESENTATION_CONTEXT('2D SPACE',''
  ) );
#6691 = PCURVE('',#1187,#6692);
#6692 = DEFINITIONAL_REPRESENTATION('',(#6693),#6697);
#6693 = LINE('',#6694,#6695);
#6694 = CARTESIAN_POINT('',(-9.E-02,-0.345));
#6695 = VECTOR('',#6696,1.);
#6696 = DIRECTION('',(0.,1.));
#6697 = ( GEOMETRIC_REPRESENTATION_CONTEXT(2) 
PARAMETRIC_REPRESENTATION_CONTEXT() REPRESENTATION_CONTEXT('2D SPACE',''
  ) );
#6698 = ORIENTED_EDGE('',*,*,#6629,.T.);
#6699 = ADVANCED_FACE('',(#6700),#1784,.F.);
#6700 = FACE_BOUND('',#6701,.F.);
#6701 = EDGE_LOOP('',(#6702,#6703,#6727,#6748));
#6702 = ORIENTED_EDGE('',*,*,#6655,.F.);
#6703 = ORIENTED_EDGE('',*,*,#6704,.F.);
#6704 = EDGE_CURVE('',#6705,#6656,#6707,.T.);
#6705 = VERTEX_POINT('',#6706);
#6706 = CARTESIAN_POINT('',(0.115,-0.62,-0.355125000056));
#6707 = SURFACE_CURVE('',#6708,(#6713,#6720),.PCURVE_S1.);
#6708 = CIRCLE('',#6709,2.5E-02);
#6709 = AXIS2_PLACEMENT_3D('',#6710,#6711,#6712);
#6710 = CARTESIAN_POINT('',(0.115,-0.595,-0.355125000056));
#6711 = DIRECTION('',(-6.505213034913E-15,0.,-1.));
#6712 = DIRECTION('',(1.,0.,-6.505213034913E-15));
#6713 = PCURVE('',#1784,#6714);
#6714 = DEFINITIONAL_REPRESENTATION('',(#6715),#6719);
#6715 = LINE('',#6716,#6717);
#6716 = CARTESIAN_POINT('',(6.28318530718,-5.551115123126E-17));
#6717 = VECTOR('',#6718,1.);
#6718 = DIRECTION('',(-1.,3.533949646071E-17));
#6719 = ( GEOMETRIC_REPRESENTATION_CONTEXT(2) 
PARAMETRIC_REPRESENTATION_CONTEXT() REPRESENTATION_CONTEXT('2D SPACE',''
  ) );
#6720 = PCURVE('',#1187,#6721);
#6721 = DEFINITIONAL_REPRESENTATION('',(#6722),#6726);
#6722 = CIRCLE('',#6723,2.5E-02);
#6723 = AXIS2_PLACEMENT_2D('',#6724,#6725);
#6724 = CARTESIAN_POINT('',(-0.115,-0.595));
#6725 = DIRECTION('',(-1.,0.));
#6726 = ( GEOMETRIC_REPRESENTATION_CONTEXT(2) 
PARAMETRIC_REPRESENTATION_CONTEXT() REPRESENTATION_CONTEXT('2D SPACE',''
  ) );
#6727 = ORIENTED_EDGE('',*,*,#6728,.T.);
#6728 = EDGE_CURVE('',#6705,#1740,#6729,.T.);
#6729 = SURFACE_CURVE('',#6730,(#6734,#6741),.PCURVE_S1.);
#6730 = LINE('',#6731,#6732);
#6731 = CARTESIAN_POINT('',(0.115,-0.62,-0.355125000056));
#6732 = VECTOR('',#6733,1.);
#6733 = DIRECTION('',(6.982962677686E-15,0.,1.));
#6734 = PCURVE('',#1784,#6735);
#6735 = DEFINITIONAL_REPRESENTATION('',(#6736),#6740);
#6736 = LINE('',#6737,#6738);
#6737 = CARTESIAN_POINT('',(4.712388980385,0.));
#6738 = VECTOR('',#6739,1.);
#6739 = DIRECTION('',(0.,1.));
#6740 = ( GEOMETRIC_REPRESENTATION_CONTEXT(2) 
PARAMETRIC_REPRESENTATION_CONTEXT() REPRESENTATION_CONTEXT('2D SPACE',''
  ) );
#6741 = PCURVE('',#1755,#6742);
#6742 = DEFINITIONAL_REPRESENTATION('',(#6743),#6747);
#6743 = LINE('',#6744,#6745);
#6744 = CARTESIAN_POINT('',(0.,0.));
#6745 = VECTOR('',#6746,1.);
#6746 = DIRECTION('',(6.982962677686E-15,-1.));
#6747 = ( GEOMETRIC_REPRESENTATION_CONTEXT(2) 
PARAMETRIC_REPRESENTATION_CONTEXT() REPRESENTATION_CONTEXT('2D SPACE',''
  ) );
#6748 = ORIENTED_EDGE('',*,*,#1767,.T.);
#6749 = ADVANCED_FACE('',(#6750),#1755,.T.);
#6750 = FACE_BOUND('',#6751,.T.);
#6751 = EDGE_LOOP('',(#6752,#6753,#6776,#6797));
#6752 = ORIENTED_EDGE('',*,*,#1739,.F.);
#6753 = ORIENTED_EDGE('',*,*,#6754,.F.);
#6754 = EDGE_CURVE('',#6755,#1711,#6757,.T.);
#6755 = VERTEX_POINT('',#6756);
#6756 = CARTESIAN_POINT('',(0.185,-0.62,-0.355125000056));
#6757 = SURFACE_CURVE('',#6758,(#6762,#6769),.PCURVE_S1.);
#6758 = LINE('',#6759,#6760);
#6759 = CARTESIAN_POINT('',(0.185,-0.62,-0.355125000056));
#6760 = VECTOR('',#6761,1.);
#6761 = DIRECTION('',(6.982962677686E-15,0.,1.));
#6762 = PCURVE('',#1755,#6763);
#6763 = DEFINITIONAL_REPRESENTATION('',(#6764),#6768);
#6764 = LINE('',#6765,#6766);
#6765 = CARTESIAN_POINT('',(7.E-02,5.551115123126E-16));
#6766 = VECTOR('',#6767,1.);
#6767 = DIRECTION('',(6.982962677686E-15,-1.));
#6768 = ( GEOMETRIC_REPRESENTATION_CONTEXT(2) 
PARAMETRIC_REPRESENTATION_CONTEXT() REPRESENTATION_CONTEXT('2D SPACE',''
  ) );
#6769 = PCURVE('',#1727,#6770);
#6770 = DEFINITIONAL_REPRESENTATION('',(#6771),#6775);
#6771 = LINE('',#6772,#6773);
#6772 = CARTESIAN_POINT('',(4.712388980385,0.));
#6773 = VECTOR('',#6774,1.);
#6774 = DIRECTION('',(0.,1.));
#6775 = ( GEOMETRIC_REPRESENTATION_CONTEXT(2) 
PARAMETRIC_REPRESENTATION_CONTEXT() REPRESENTATION_CONTEXT('2D SPACE',''
  ) );
#6776 = ORIENTED_EDGE('',*,*,#6777,.T.);
#6777 = EDGE_CURVE('',#6755,#6705,#6778,.T.);
#6778 = SURFACE_CURVE('',#6779,(#6783,#6790),.PCURVE_S1.);
#6779 = LINE('',#6780,#6781);
#6780 = CARTESIAN_POINT('',(0.115,-0.62,-0.355125000056));
#6781 = VECTOR('',#6782,1.);
#6782 = DIRECTION('',(-1.,0.,6.982962677686E-15));
#6783 = PCURVE('',#1755,#6784);
#6784 = DEFINITIONAL_REPRESENTATION('',(#6785),#6789);
#6785 = LINE('',#6786,#6787);
#6786 = CARTESIAN_POINT('',(0.,0.));
#6787 = VECTOR('',#6788,1.);
#6788 = DIRECTION('',(-1.,-6.982962677686E-15));
#6789 = ( GEOMETRIC_REPRESENTATION_CONTEXT(2) 
PARAMETRIC_REPRESENTATION_CONTEXT() REPRESENTATION_CONTEXT('2D SPACE',''
  ) );
#6790 = PCURVE('',#1187,#6791);
#6791 = DEFINITIONAL_REPRESENTATION('',(#6792),#6796);
#6792 = LINE('',#6793,#6794);
#6793 = CARTESIAN_POINT('',(-0.115,-0.62));
#6794 = VECTOR('',#6795,1.);
#6795 = DIRECTION('',(1.,0.));
#6796 = ( GEOMETRIC_REPRESENTATION_CONTEXT(2) 
PARAMETRIC_REPRESENTATION_CONTEXT() REPRESENTATION_CONTEXT('2D SPACE',''
  ) );
#6797 = ORIENTED_EDGE('',*,*,#6728,.T.);
#6798 = ADVANCED_FACE('',(#6799),#1727,.F.);
#6799 = FACE_BOUND('',#6800,.F.);
#6800 = EDGE_LOOP('',(#6801,#6802,#6826,#6847));
#6801 = ORIENTED_EDGE('',*,*,#6754,.F.);
#6802 = ORIENTED_EDGE('',*,*,#6803,.F.);
#6803 = EDGE_CURVE('',#6804,#6755,#6806,.T.);
#6804 = VERTEX_POINT('',#6805);
#6805 = CARTESIAN_POINT('',(0.21,-0.595,-0.355125000056));
#6806 = SURFACE_CURVE('',#6807,(#6812,#6819),.PCURVE_S1.);
#6807 = CIRCLE('',#6808,2.5E-02);
#6808 = AXIS2_PLACEMENT_3D('',#6809,#6810,#6811);
#6809 = CARTESIAN_POINT('',(0.185,-0.595,-0.355125000056));
#6810 = DIRECTION('',(-6.505213034913E-15,0.,-1.));
#6811 = DIRECTION('',(1.,0.,-6.505213034913E-15));
#6812 = PCURVE('',#1727,#6813);
#6813 = DEFINITIONAL_REPRESENTATION('',(#6814),#6818);
#6814 = LINE('',#6815,#6816);
#6815 = CARTESIAN_POINT('',(6.28318530718,0.));
#6816 = VECTOR('',#6817,1.);
#6817 = DIRECTION('',(-1.,0.));
#6818 = ( GEOMETRIC_REPRESENTATION_CONTEXT(2) 
PARAMETRIC_REPRESENTATION_CONTEXT() REPRESENTATION_CONTEXT('2D SPACE',''
  ) );
#6819 = PCURVE('',#1187,#6820);
#6820 = DEFINITIONAL_REPRESENTATION('',(#6821),#6825);
#6821 = CIRCLE('',#6822,2.5E-02);
#6822 = AXIS2_PLACEMENT_2D('',#6823,#6824);
#6823 = CARTESIAN_POINT('',(-0.185,-0.595));
#6824 = DIRECTION('',(-1.,0.));
#6825 = ( GEOMETRIC_REPRESENTATION_CONTEXT(2) 
PARAMETRIC_REPRESENTATION_CONTEXT() REPRESENTATION_CONTEXT('2D SPACE',''
  ) );
#6826 = ORIENTED_EDGE('',*,*,#6827,.T.);
#6827 = EDGE_CURVE('',#6804,#1683,#6828,.T.);
#6828 = SURFACE_CURVE('',#6829,(#6833,#6840),.PCURVE_S1.);
#6829 = LINE('',#6830,#6831);
#6830 = CARTESIAN_POINT('',(0.21,-0.595,-0.355125000056));
#6831 = VECTOR('',#6832,1.);
#6832 = DIRECTION('',(6.982962677686E-15,0.,1.));
#6833 = PCURVE('',#1727,#6834);
#6834 = DEFINITIONAL_REPRESENTATION('',(#6835),#6839);
#6835 = LINE('',#6836,#6837);
#6836 = CARTESIAN_POINT('',(6.28318530718,1.665334536938E-16));
#6837 = VECTOR('',#6838,1.);
#6838 = DIRECTION('',(0.,1.));
#6839 = ( GEOMETRIC_REPRESENTATION_CONTEXT(2) 
PARAMETRIC_REPRESENTATION_CONTEXT() REPRESENTATION_CONTEXT('2D SPACE',''
  ) );
#6840 = PCURVE('',#1698,#6841);
#6841 = DEFINITIONAL_REPRESENTATION('',(#6842),#6846);
#6842 = LINE('',#6843,#6844);
#6843 = CARTESIAN_POINT('',(-2.5E-02,-0.));
#6844 = VECTOR('',#6845,1.);
#6845 = DIRECTION('',(0.,-1.));
#6846 = ( GEOMETRIC_REPRESENTATION_CONTEXT(2) 
PARAMETRIC_REPRESENTATION_CONTEXT() REPRESENTATION_CONTEXT('2D SPACE',''
  ) );
#6847 = ORIENTED_EDGE('',*,*,#1710,.T.);
#6848 = ADVANCED_FACE('',(#6849),#1698,.T.);
#6849 = FACE_BOUND('',#6850,.T.);
#6850 = EDGE_LOOP('',(#6851,#6852,#6875,#6896));
#6851 = ORIENTED_EDGE('',*,*,#1682,.F.);
#6852 = ORIENTED_EDGE('',*,*,#6853,.F.);
#6853 = EDGE_CURVE('',#6854,#1650,#6856,.T.);
#6854 = VERTEX_POINT('',#6855);
#6855 = CARTESIAN_POINT('',(0.21,-0.57,-0.355125000056));
#6856 = SURFACE_CURVE('',#6857,(#6861,#6868),.PCURVE_S1.);
#6857 = LINE('',#6858,#6859);
#6858 = CARTESIAN_POINT('',(0.21,-0.57,-0.355125000056));
#6859 = VECTOR('',#6860,1.);
#6860 = DIRECTION('',(6.982962677686E-15,0.,1.));
#6861 = PCURVE('',#1698,#6862);
#6862 = DEFINITIONAL_REPRESENTATION('',(#6863),#6867);
#6863 = LINE('',#6864,#6865);
#6864 = CARTESIAN_POINT('',(0.,0.));
#6865 = VECTOR('',#6866,1.);
#6866 = DIRECTION('',(0.,-1.));
#6867 = ( GEOMETRIC_REPRESENTATION_CONTEXT(2) 
PARAMETRIC_REPRESENTATION_CONTEXT() REPRESENTATION_CONTEXT('2D SPACE',''
  ) );
#6868 = PCURVE('',#1670,#6869);
#6869 = DEFINITIONAL_REPRESENTATION('',(#6870),#6874);
#6870 = LINE('',#6871,#6872);
#6871 = CARTESIAN_POINT('',(3.14159265359,2.22044604925E-16));
#6872 = VECTOR('',#6873,1.);
#6873 = DIRECTION('',(0.,1.));
#6874 = ( GEOMETRIC_REPRESENTATION_CONTEXT(2) 
PARAMETRIC_REPRESENTATION_CONTEXT() REPRESENTATION_CONTEXT('2D SPACE',''
  ) );
#6875 = ORIENTED_EDGE('',*,*,#6876,.T.);
#6876 = EDGE_CURVE('',#6854,#6804,#6877,.T.);
#6877 = SURFACE_CURVE('',#6878,(#6882,#6889),.PCURVE_S1.);
#6878 = LINE('',#6879,#6880);
#6879 = CARTESIAN_POINT('',(0.21,-0.57,-0.355125000056));
#6880 = VECTOR('',#6881,1.);
#6881 = DIRECTION('',(0.,-1.,0.));
#6882 = PCURVE('',#1698,#6883);
#6883 = DEFINITIONAL_REPRESENTATION('',(#6884),#6888);
#6884 = LINE('',#6885,#6886);
#6885 = CARTESIAN_POINT('',(0.,0.));
#6886 = VECTOR('',#6887,1.);
#6887 = DIRECTION('',(-1.,-0.));
#6888 = ( GEOMETRIC_REPRESENTATION_CONTEXT(2) 
PARAMETRIC_REPRESENTATION_CONTEXT() REPRESENTATION_CONTEXT('2D SPACE',''
  ) );
#6889 = PCURVE('',#1187,#6890);
#6890 = DEFINITIONAL_REPRESENTATION('',(#6891),#6895);
#6891 = LINE('',#6892,#6893);
#6892 = CARTESIAN_POINT('',(-0.21,-0.57));
#6893 = VECTOR('',#6894,1.);
#6894 = DIRECTION('',(0.,-1.));
#6895 = ( GEOMETRIC_REPRESENTATION_CONTEXT(2) 
PARAMETRIC_REPRESENTATION_CONTEXT() REPRESENTATION_CONTEXT('2D SPACE',''
  ) );
#6896 = ORIENTED_EDGE('',*,*,#6827,.T.);
#6897 = ADVANCED_FACE('',(#6898),#1670,.T.);
#6898 = FACE_BOUND('',#6899,.T.);
#6899 = EDGE_LOOP('',(#6900,#6901,#6924,#6950));
#6900 = ORIENTED_EDGE('',*,*,#1649,.F.);
#6901 = ORIENTED_EDGE('',*,*,#6902,.F.);
#6902 = EDGE_CURVE('',#6903,#1622,#6905,.T.);
#6903 = VERTEX_POINT('',#6904);
#6904 = CARTESIAN_POINT('',(0.31,-0.57,-0.355125000056));
#6905 = SURFACE_CURVE('',#6906,(#6910,#6917),.PCURVE_S1.);
#6906 = LINE('',#6907,#6908);
#6907 = CARTESIAN_POINT('',(0.31,-0.57,-0.355125000056));
#6908 = VECTOR('',#6909,1.);
#6909 = DIRECTION('',(6.982962677686E-15,0.,1.));
#6910 = PCURVE('',#1670,#6911);
#6911 = DEFINITIONAL_REPRESENTATION('',(#6912),#6916);
#6912 = LINE('',#6913,#6914);
#6913 = CARTESIAN_POINT('',(0.,-1.110223024625E-16));
#6914 = VECTOR('',#6915,1.);
#6915 = DIRECTION('',(0.,1.));
#6916 = ( GEOMETRIC_REPRESENTATION_CONTEXT(2) 
PARAMETRIC_REPRESENTATION_CONTEXT() REPRESENTATION_CONTEXT('2D SPACE',''
  ) );
#6917 = PCURVE('',#1637,#6918);
#6918 = DEFINITIONAL_REPRESENTATION('',(#6919),#6923);
#6919 = LINE('',#6920,#6921);
#6920 = CARTESIAN_POINT('',(0.,0.));
#6921 = VECTOR('',#6922,1.);
#6922 = DIRECTION('',(-1.,0.));
#6923 = ( GEOMETRIC_REPRESENTATION_CONTEXT(2) 
PARAMETRIC_REPRESENTATION_CONTEXT() REPRESENTATION_CONTEXT('2D SPACE',''
  ) );
#6924 = ORIENTED_EDGE('',*,*,#6925,.T.);
#6925 = EDGE_CURVE('',#6903,#6854,#6926,.T.);
#6926 = SURFACE_CURVE('',#6927,(#6932,#6939),.PCURVE_S1.);
#6927 = CIRCLE('',#6928,5.E-02);
#6928 = AXIS2_PLACEMENT_3D('',#6929,#6930,#6931);
#6929 = CARTESIAN_POINT('',(0.26,-0.57,-0.355125000056));
#6930 = DIRECTION('',(6.505213034913E-15,0.,1.));
#6931 = DIRECTION('',(-1.,0.,6.505213034913E-15));
#6932 = PCURVE('',#1670,#6933);
#6933 = DEFINITIONAL_REPRESENTATION('',(#6934),#6938);
#6934 = LINE('',#6935,#6936);
#6935 = CARTESIAN_POINT('',(-3.14159265359,-5.551115123126E-17));
#6936 = VECTOR('',#6937,1.);
#6937 = DIRECTION('',(1.,1.766974823035E-17));
#6938 = ( GEOMETRIC_REPRESENTATION_CONTEXT(2) 
PARAMETRIC_REPRESENTATION_CONTEXT() REPRESENTATION_CONTEXT('2D SPACE',''
  ) );
#6939 = PCURVE('',#1187,#6940);
#6940 = DEFINITIONAL_REPRESENTATION('',(#6941),#6949);
#6941 = ( BOUNDED_CURVE() B_SPLINE_CURVE(2,(#6942,#6943,#6944,#6945,
#6946,#6947,#6948),.UNSPECIFIED.,.T.,.F.) B_SPLINE_CURVE_WITH_KNOTS((1,2
    ,2,2,2,1),(-2.094395102393,0.,2.094395102393,4.188790204786,
6.28318530718,8.377580409573),.UNSPECIFIED.) CURVE() 
GEOMETRIC_REPRESENTATION_ITEM() RATIONAL_B_SPLINE_CURVE((1.,0.5,1.,0.5,
1.,0.5,1.)) REPRESENTATION_ITEM('') );
#6942 = CARTESIAN_POINT('',(-0.21,-0.57));
#6943 = CARTESIAN_POINT('',(-0.21,-0.656602540378));
#6944 = CARTESIAN_POINT('',(-0.285,-0.613301270189));
#6945 = CARTESIAN_POINT('',(-0.36,-0.57));
#6946 = CARTESIAN_POINT('',(-0.285,-0.526698729811));
#6947 = CARTESIAN_POINT('',(-0.21,-0.483397459622));
#6948 = CARTESIAN_POINT('',(-0.21,-0.57));
#6949 = ( GEOMETRIC_REPRESENTATION_CONTEXT(2) 
PARAMETRIC_REPRESENTATION_CONTEXT() REPRESENTATION_CONTEXT('2D SPACE',''
  ) );
#6950 = ORIENTED_EDGE('',*,*,#6853,.T.);
#6951 = ADVANCED_FACE('',(#6952),#1637,.T.);
#6952 = FACE_BOUND('',#6953,.T.);
#6953 = EDGE_LOOP('',(#6954,#6955,#6978,#6999));
#6954 = ORIENTED_EDGE('',*,*,#1621,.F.);
#6955 = ORIENTED_EDGE('',*,*,#6956,.F.);
#6956 = EDGE_CURVE('',#6957,#1593,#6959,.T.);
#6957 = VERTEX_POINT('',#6958);
#6958 = CARTESIAN_POINT('',(0.31,-0.595,-0.355125000056));
#6959 = SURFACE_CURVE('',#6960,(#6964,#6971),.PCURVE_S1.);
#6960 = LINE('',#6961,#6962);
#6961 = CARTESIAN_POINT('',(0.31,-0.595,-0.355125000056));
#6962 = VECTOR('',#6963,1.);
#6963 = DIRECTION('',(6.982962677686E-15,0.,1.));
#6964 = PCURVE('',#1637,#6965);
#6965 = DEFINITIONAL_REPRESENTATION('',(#6966),#6970);
#6966 = LINE('',#6967,#6968);
#6967 = CARTESIAN_POINT('',(-0.,-2.5E-02));
#6968 = VECTOR('',#6969,1.);
#6969 = DIRECTION('',(-1.,0.));
#6970 = ( GEOMETRIC_REPRESENTATION_CONTEXT(2) 
PARAMETRIC_REPRESENTATION_CONTEXT() REPRESENTATION_CONTEXT('2D SPACE',''
  ) );
#6971 = PCURVE('',#1609,#6972);
#6972 = DEFINITIONAL_REPRESENTATION('',(#6973),#6977);
#6973 = LINE('',#6974,#6975);
#6974 = CARTESIAN_POINT('',(3.14159265359,-1.665334536938E-16));
#6975 = VECTOR('',#6976,1.);
#6976 = DIRECTION('',(0.,1.));
#6977 = ( GEOMETRIC_REPRESENTATION_CONTEXT(2) 
PARAMETRIC_REPRESENTATION_CONTEXT() REPRESENTATION_CONTEXT('2D SPACE',''
  ) );
#6978 = ORIENTED_EDGE('',*,*,#6979,.T.);
#6979 = EDGE_CURVE('',#6957,#6903,#6980,.T.);
#6980 = SURFACE_CURVE('',#6981,(#6985,#6992),.PCURVE_S1.);
#6981 = LINE('',#6982,#6983);
#6982 = CARTESIAN_POINT('',(0.31,-0.57,-0.355125000056));
#6983 = VECTOR('',#6984,1.);
#6984 = DIRECTION('',(0.,1.,0.));
#6985 = PCURVE('',#1637,#6986);
#6986 = DEFINITIONAL_REPRESENTATION('',(#6987),#6991);
#6987 = LINE('',#6988,#6989);
#6988 = CARTESIAN_POINT('',(0.,0.));
#6989 = VECTOR('',#6990,1.);
#6990 = DIRECTION('',(0.,1.));
#6991 = ( GEOMETRIC_REPRESENTATION_CONTEXT(2) 
PARAMETRIC_REPRESENTATION_CONTEXT() REPRESENTATION_CONTEXT('2D SPACE',''
  ) );
#6992 = PCURVE('',#1187,#6993);
#6993 = DEFINITIONAL_REPRESENTATION('',(#6994),#6998);
#6994 = LINE('',#6995,#6996);
#6995 = CARTESIAN_POINT('',(-0.31,-0.57));
#6996 = VECTOR('',#6997,1.);
#6997 = DIRECTION('',(0.,1.));
#6998 = ( GEOMETRIC_REPRESENTATION_CONTEXT(2) 
PARAMETRIC_REPRESENTATION_CONTEXT() REPRESENTATION_CONTEXT('2D SPACE',''
  ) );
#6999 = ORIENTED_EDGE('',*,*,#6902,.T.);
#7000 = ADVANCED_FACE('',(#7001),#1609,.F.);
#7001 = FACE_BOUND('',#7002,.F.);
#7002 = EDGE_LOOP('',(#7003,#7004,#7028,#7049));
#7003 = ORIENTED_EDGE('',*,*,#6956,.F.);
#7004 = ORIENTED_EDGE('',*,*,#7005,.F.);
#7005 = EDGE_CURVE('',#7006,#6957,#7008,.T.);
#7006 = VERTEX_POINT('',#7007);
#7007 = CARTESIAN_POINT('',(0.335,-0.62,-0.355125000056));
#7008 = SURFACE_CURVE('',#7009,(#7014,#7021),.PCURVE_S1.);
#7009 = CIRCLE('',#7010,2.5E-02);
#7010 = AXIS2_PLACEMENT_3D('',#7011,#7012,#7013);
#7011 = CARTESIAN_POINT('',(0.335,-0.595,-0.355125000056));
#7012 = DIRECTION('',(-6.505213034913E-15,0.,-1.));
#7013 = DIRECTION('',(1.,0.,-6.505213034913E-15));
#7014 = PCURVE('',#1609,#7015);
#7015 = DEFINITIONAL_REPRESENTATION('',(#7016),#7020);
#7016 = LINE('',#7017,#7018);
#7017 = CARTESIAN_POINT('',(6.28318530718,0.));
#7018 = VECTOR('',#7019,1.);
#7019 = DIRECTION('',(-1.,0.));
#7020 = ( GEOMETRIC_REPRESENTATION_CONTEXT(2) 
PARAMETRIC_REPRESENTATION_CONTEXT() REPRESENTATION_CONTEXT('2D SPACE',''
  ) );
#7021 = PCURVE('',#1187,#7022);
#7022 = DEFINITIONAL_REPRESENTATION('',(#7023),#7027);
#7023 = CIRCLE('',#7024,2.5E-02);
#7024 = AXIS2_PLACEMENT_2D('',#7025,#7026);
#7025 = CARTESIAN_POINT('',(-0.335,-0.595));
#7026 = DIRECTION('',(-1.,0.));
#7027 = ( GEOMETRIC_REPRESENTATION_CONTEXT(2) 
PARAMETRIC_REPRESENTATION_CONTEXT() REPRESENTATION_CONTEXT('2D SPACE',''
  ) );
#7028 = ORIENTED_EDGE('',*,*,#7029,.T.);
#7029 = EDGE_CURVE('',#7006,#1565,#7030,.T.);
#7030 = SURFACE_CURVE('',#7031,(#7035,#7042),.PCURVE_S1.);
#7031 = LINE('',#7032,#7033);
#7032 = CARTESIAN_POINT('',(0.335,-0.62,-0.355125000056));
#7033 = VECTOR('',#7034,1.);
#7034 = DIRECTION('',(6.982962677686E-15,0.,1.));
#7035 = PCURVE('',#1609,#7036);
#7036 = DEFINITIONAL_REPRESENTATION('',(#7037),#7041);
#7037 = LINE('',#7038,#7039);
#7038 = CARTESIAN_POINT('',(4.712388980385,0.));
#7039 = VECTOR('',#7040,1.);
#7040 = DIRECTION('',(0.,1.));
#7041 = ( GEOMETRIC_REPRESENTATION_CONTEXT(2) 
PARAMETRIC_REPRESENTATION_CONTEXT() REPRESENTATION_CONTEXT('2D SPACE',''
  ) );
#7042 = PCURVE('',#1580,#7043);
#7043 = DEFINITIONAL_REPRESENTATION('',(#7044),#7048);
#7044 = LINE('',#7045,#7046);
#7045 = CARTESIAN_POINT('',(0.,0.));
#7046 = VECTOR('',#7047,1.);
#7047 = DIRECTION('',(6.982962677686E-15,-1.));
#7048 = ( GEOMETRIC_REPRESENTATION_CONTEXT(2) 
PARAMETRIC_REPRESENTATION_CONTEXT() REPRESENTATION_CONTEXT('2D SPACE',''
  ) );
#7049 = ORIENTED_EDGE('',*,*,#1592,.T.);
#7050 = ADVANCED_FACE('',(#7051),#1580,.T.);
#7051 = FACE_BOUND('',#7052,.T.);
#7052 = EDGE_LOOP('',(#7053,#7054,#7077,#7098));
#7053 = ORIENTED_EDGE('',*,*,#1564,.F.);
#7054 = ORIENTED_EDGE('',*,*,#7055,.F.);
#7055 = EDGE_CURVE('',#7056,#1536,#7058,.T.);
#7056 = VERTEX_POINT('',#7057);
#7057 = CARTESIAN_POINT('',(0.485,-0.62,-0.355125000056));
#7058 = SURFACE_CURVE('',#7059,(#7063,#7070),.PCURVE_S1.);
#7059 = LINE('',#7060,#7061);
#7060 = CARTESIAN_POINT('',(0.485,-0.62,-0.355125000056));
#7061 = VECTOR('',#7062,1.);
#7062 = DIRECTION('',(6.982962677686E-15,0.,1.));
#7063 = PCURVE('',#1580,#7064);
#7064 = DEFINITIONAL_REPRESENTATION('',(#7065),#7069);
#7065 = LINE('',#7066,#7067);
#7066 = CARTESIAN_POINT('',(0.15,9.992007221626E-16));
#7067 = VECTOR('',#7068,1.);
#7068 = DIRECTION('',(6.982962677686E-15,-1.));
#7069 = ( GEOMETRIC_REPRESENTATION_CONTEXT(2) 
PARAMETRIC_REPRESENTATION_CONTEXT() REPRESENTATION_CONTEXT('2D SPACE',''
  ) );
#7070 = PCURVE('',#1552,#7071);
#7071 = DEFINITIONAL_REPRESENTATION('',(#7072),#7076);
#7072 = LINE('',#7073,#7074);
#7073 = CARTESIAN_POINT('',(4.712388980385,0.));
#7074 = VECTOR('',#7075,1.);
#7075 = DIRECTION('',(0.,1.));
#7076 = ( GEOMETRIC_REPRESENTATION_CONTEXT(2) 
PARAMETRIC_REPRESENTATION_CONTEXT() REPRESENTATION_CONTEXT('2D SPACE',''
  ) );
#7077 = ORIENTED_EDGE('',*,*,#7078,.T.);
#7078 = EDGE_CURVE('',#7056,#7006,#7079,.T.);
#7079 = SURFACE_CURVE('',#7080,(#7084,#7091),.PCURVE_S1.);
#7080 = LINE('',#7081,#7082);
#7081 = CARTESIAN_POINT('',(0.335,-0.62,-0.355125000056));
#7082 = VECTOR('',#7083,1.);
#7083 = DIRECTION('',(-1.,0.,6.982962677686E-15));
#7084 = PCURVE('',#1580,#7085);
#7085 = DEFINITIONAL_REPRESENTATION('',(#7086),#7090);
#7086 = LINE('',#7087,#7088);
#7087 = CARTESIAN_POINT('',(0.,0.));
#7088 = VECTOR('',#7089,1.);
#7089 = DIRECTION('',(-1.,-6.982962677686E-15));
#7090 = ( GEOMETRIC_REPRESENTATION_CONTEXT(2) 
PARAMETRIC_REPRESENTATION_CONTEXT() REPRESENTATION_CONTEXT('2D SPACE',''
  ) );
#7091 = PCURVE('',#1187,#7092);
#7092 = DEFINITIONAL_REPRESENTATION('',(#7093),#7097);
#7093 = LINE('',#7094,#7095);
#7094 = CARTESIAN_POINT('',(-0.335,-0.62));
#7095 = VECTOR('',#7096,1.);
#7096 = DIRECTION('',(1.,0.));
#7097 = ( GEOMETRIC_REPRESENTATION_CONTEXT(2) 
PARAMETRIC_REPRESENTATION_CONTEXT() REPRESENTATION_CONTEXT('2D SPACE',''
  ) );
#7098 = ORIENTED_EDGE('',*,*,#7029,.T.);
#7099 = ADVANCED_FACE('',(#7100),#1552,.F.);
#7100 = FACE_BOUND('',#7101,.F.);
#7101 = EDGE_LOOP('',(#7102,#7103,#7127,#7148));
#7102 = ORIENTED_EDGE('',*,*,#7055,.F.);
#7103 = ORIENTED_EDGE('',*,*,#7104,.F.);
#7104 = EDGE_CURVE('',#7105,#7056,#7107,.T.);
#7105 = VERTEX_POINT('',#7106);
#7106 = CARTESIAN_POINT('',(0.51,-0.595,-0.355125000056));
#7107 = SURFACE_CURVE('',#7108,(#7113,#7120),.PCURVE_S1.);
#7108 = CIRCLE('',#7109,2.5E-02);
#7109 = AXIS2_PLACEMENT_3D('',#7110,#7111,#7112);
#7110 = CARTESIAN_POINT('',(0.485,-0.595,-0.355125000056));
#7111 = DIRECTION('',(-6.505213034913E-15,0.,-1.));
#7112 = DIRECTION('',(-1.,0.,6.505213034913E-15));
#7113 = PCURVE('',#1552,#7114);
#7114 = DEFINITIONAL_REPRESENTATION('',(#7115),#7119);
#7115 = LINE('',#7116,#7117);
#7116 = CARTESIAN_POINT('',(9.424777960769,0.));
#7117 = VECTOR('',#7118,1.);
#7118 = DIRECTION('',(-1.,0.));
#7119 = ( GEOMETRIC_REPRESENTATION_CONTEXT(2) 
PARAMETRIC_REPRESENTATION_CONTEXT() REPRESENTATION_CONTEXT('2D SPACE',''
  ) );
#7120 = PCURVE('',#1187,#7121);
#7121 = DEFINITIONAL_REPRESENTATION('',(#7122),#7126);
#7122 = CIRCLE('',#7123,2.5E-02);
#7123 = AXIS2_PLACEMENT_2D('',#7124,#7125);
#7124 = CARTESIAN_POINT('',(-0.485,-0.595));
#7125 = DIRECTION('',(1.,0.));
#7126 = ( GEOMETRIC_REPRESENTATION_CONTEXT(2) 
PARAMETRIC_REPRESENTATION_CONTEXT() REPRESENTATION_CONTEXT('2D SPACE',''
  ) );
#7127 = ORIENTED_EDGE('',*,*,#7128,.T.);
#7128 = EDGE_CURVE('',#7105,#1534,#7129,.T.);
#7129 = SURFACE_CURVE('',#7130,(#7134,#7141),.PCURVE_S1.);
#7130 = LINE('',#7131,#7132);
#7131 = CARTESIAN_POINT('',(0.51,-0.595,-0.355125000056));
#7132 = VECTOR('',#7133,1.);
#7133 = DIRECTION('',(6.982962677686E-15,0.,1.));
#7134 = PCURVE('',#1552,#7135);
#7135 = DEFINITIONAL_REPRESENTATION('',(#7136),#7140);
#7136 = LINE('',#7137,#7138);
#7137 = CARTESIAN_POINT('',(6.28318530718,-3.885780586188E-16));
#7138 = VECTOR('',#7139,1.);
#7139 = DIRECTION('',(0.,1.));
#7140 = ( GEOMETRIC_REPRESENTATION_CONTEXT(2) 
PARAMETRIC_REPRESENTATION_CONTEXT() REPRESENTATION_CONTEXT('2D SPACE',''
  ) );
#7141 = PCURVE('',#3642,#7142);
#7142 = DEFINITIONAL_REPRESENTATION('',(#7143),#7147);
#7143 = LINE('',#7144,#7145);
#7144 = CARTESIAN_POINT('',(-2.5E-02,-0.));
#7145 = VECTOR('',#7146,1.);
#7146 = DIRECTION('',(0.,-1.));
#7147 = ( GEOMETRIC_REPRESENTATION_CONTEXT(2) 
PARAMETRIC_REPRESENTATION_CONTEXT() REPRESENTATION_CONTEXT('2D SPACE',''
  ) );
#7148 = ORIENTED_EDGE('',*,*,#1533,.T.);
#7149 = ADVANCED_FACE('',(#7150),#3642,.T.);
#7150 = FACE_BOUND('',#7151,.T.);
#7151 = EDGE_LOOP('',(#7152,#7153,#7176,#7197));
#7152 = ORIENTED_EDGE('',*,*,#3628,.F.);
#7153 = ORIENTED_EDGE('',*,*,#7154,.F.);
#7154 = EDGE_CURVE('',#7155,#3596,#7157,.T.);
#7155 = VERTEX_POINT('',#7156);
#7156 = CARTESIAN_POINT('',(0.51,-0.57,-0.355125000056));
#7157 = SURFACE_CURVE('',#7158,(#7162,#7169),.PCURVE_S1.);
#7158 = LINE('',#7159,#7160);
#7159 = CARTESIAN_POINT('',(0.51,-0.57,-0.355125000056));
#7160 = VECTOR('',#7161,1.);
#7161 = DIRECTION('',(6.982962677686E-15,0.,1.));
#7162 = PCURVE('',#3642,#7163);
#7163 = DEFINITIONAL_REPRESENTATION('',(#7164),#7168);
#7164 = LINE('',#7165,#7166);
#7165 = CARTESIAN_POINT('',(0.,0.));
#7166 = VECTOR('',#7167,1.);
#7167 = DIRECTION('',(0.,-1.));
#7168 = ( GEOMETRIC_REPRESENTATION_CONTEXT(2) 
PARAMETRIC_REPRESENTATION_CONTEXT() REPRESENTATION_CONTEXT('2D SPACE',''
  ) );
#7169 = PCURVE('',#3616,#7170);
#7170 = DEFINITIONAL_REPRESENTATION('',(#7171),#7175);
#7171 = LINE('',#7172,#7173);
#7172 = CARTESIAN_POINT('',(3.14159265359,-3.330669073875E-16));
#7173 = VECTOR('',#7174,1.);
#7174 = DIRECTION('',(0.,1.));
#7175 = ( GEOMETRIC_REPRESENTATION_CONTEXT(2) 
PARAMETRIC_REPRESENTATION_CONTEXT() REPRESENTATION_CONTEXT('2D SPACE',''
  ) );
#7176 = ORIENTED_EDGE('',*,*,#7177,.T.);
#7177 = EDGE_CURVE('',#7155,#7105,#7178,.T.);
#7178 = SURFACE_CURVE('',#7179,(#7183,#7190),.PCURVE_S1.);
#7179 = LINE('',#7180,#7181);
#7180 = CARTESIAN_POINT('',(0.51,-0.57,-0.355125000056));
#7181 = VECTOR('',#7182,1.);
#7182 = DIRECTION('',(0.,-1.,0.));
#7183 = PCURVE('',#3642,#7184);
#7184 = DEFINITIONAL_REPRESENTATION('',(#7185),#7189);
#7185 = LINE('',#7186,#7187);
#7186 = CARTESIAN_POINT('',(0.,0.));
#7187 = VECTOR('',#7188,1.);
#7188 = DIRECTION('',(-1.,-0.));
#7189 = ( GEOMETRIC_REPRESENTATION_CONTEXT(2) 
PARAMETRIC_REPRESENTATION_CONTEXT() REPRESENTATION_CONTEXT('2D SPACE',''
  ) );
#7190 = PCURVE('',#1187,#7191);
#7191 = DEFINITIONAL_REPRESENTATION('',(#7192),#7196);
#7192 = LINE('',#7193,#7194);
#7193 = CARTESIAN_POINT('',(-0.51,-0.57));
#7194 = VECTOR('',#7195,1.);
#7195 = DIRECTION('',(0.,-1.));
#7196 = ( GEOMETRIC_REPRESENTATION_CONTEXT(2) 
PARAMETRIC_REPRESENTATION_CONTEXT() REPRESENTATION_CONTEXT('2D SPACE',''
  ) );
#7197 = ORIENTED_EDGE('',*,*,#7128,.T.);
#7198 = ADVANCED_FACE('',(#7199),#3616,.T.);
#7199 = FACE_BOUND('',#7200,.T.);
#7200 = EDGE_LOOP('',(#7201,#7202,#7225,#7251));
#7201 = ORIENTED_EDGE('',*,*,#3595,.F.);
#7202 = ORIENTED_EDGE('',*,*,#7203,.F.);
#7203 = EDGE_CURVE('',#7204,#3568,#7206,.T.);
#7204 = VERTEX_POINT('',#7205);
#7205 = CARTESIAN_POINT('',(0.56,-0.52,-0.355125000056));
#7206 = SURFACE_CURVE('',#7207,(#7211,#7218),.PCURVE_S1.);
#7207 = LINE('',#7208,#7209);
#7208 = CARTESIAN_POINT('',(0.56,-0.52,-0.355125000056));
#7209 = VECTOR('',#7210,1.);
#7210 = DIRECTION('',(6.982962677686E-15,0.,1.));
#7211 = PCURVE('',#3616,#7212);
#7212 = DEFINITIONAL_REPRESENTATION('',(#7213),#7217);
#7213 = LINE('',#7214,#7215);
#7214 = CARTESIAN_POINT('',(1.570796326795,0.));
#7215 = VECTOR('',#7216,1.);
#7216 = DIRECTION('',(0.,1.));
#7217 = ( GEOMETRIC_REPRESENTATION_CONTEXT(2) 
PARAMETRIC_REPRESENTATION_CONTEXT() REPRESENTATION_CONTEXT('2D SPACE',''
  ) );
#7218 = PCURVE('',#3583,#7219);
#7219 = DEFINITIONAL_REPRESENTATION('',(#7220),#7224);
#7220 = LINE('',#7221,#7222);
#7221 = CARTESIAN_POINT('',(0.,0.));
#7222 = VECTOR('',#7223,1.);
#7223 = DIRECTION('',(6.982962677686E-15,-1.));
#7224 = ( GEOMETRIC_REPRESENTATION_CONTEXT(2) 
PARAMETRIC_REPRESENTATION_CONTEXT() REPRESENTATION_CONTEXT('2D SPACE',''
  ) );
#7225 = ORIENTED_EDGE('',*,*,#7226,.T.);
#7226 = EDGE_CURVE('',#7204,#7155,#7227,.T.);
#7227 = SURFACE_CURVE('',#7228,(#7233,#7240),.PCURVE_S1.);
#7228 = CIRCLE('',#7229,5.E-02);
#7229 = AXIS2_PLACEMENT_3D('',#7230,#7231,#7232);
#7230 = CARTESIAN_POINT('',(0.56,-0.57,-0.355125000056));
#7231 = DIRECTION('',(6.505213034913E-15,0.,1.));
#7232 = DIRECTION('',(-1.,0.,6.505213034913E-15));
#7233 = PCURVE('',#3616,#7234);
#7234 = DEFINITIONAL_REPRESENTATION('',(#7235),#7239);
#7235 = LINE('',#7236,#7237);
#7236 = CARTESIAN_POINT('',(-3.14159265359,0.));
#7237 = VECTOR('',#7238,1.);
#7238 = DIRECTION('',(1.,0.));
#7239 = ( GEOMETRIC_REPRESENTATION_CONTEXT(2) 
PARAMETRIC_REPRESENTATION_CONTEXT() REPRESENTATION_CONTEXT('2D SPACE',''
  ) );
#7240 = PCURVE('',#1187,#7241);
#7241 = DEFINITIONAL_REPRESENTATION('',(#7242),#7250);
#7242 = ( BOUNDED_CURVE() B_SPLINE_CURVE(2,(#7243,#7244,#7245,#7246,
#7247,#7248,#7249),.UNSPECIFIED.,.T.,.F.) B_SPLINE_CURVE_WITH_KNOTS((1,2
    ,2,2,2,1),(-2.094395102393,0.,2.094395102393,4.188790204786,
6.28318530718,8.377580409573),.UNSPECIFIED.) CURVE() 
GEOMETRIC_REPRESENTATION_ITEM() RATIONAL_B_SPLINE_CURVE((1.,0.5,1.,0.5,
1.,0.5,1.)) REPRESENTATION_ITEM('') );
#7243 = CARTESIAN_POINT('',(-0.51,-0.57));
#7244 = CARTESIAN_POINT('',(-0.51,-0.656602540378));
#7245 = CARTESIAN_POINT('',(-0.585,-0.613301270189));
#7246 = CARTESIAN_POINT('',(-0.66,-0.57));
#7247 = CARTESIAN_POINT('',(-0.585,-0.526698729811));
#7248 = CARTESIAN_POINT('',(-0.51,-0.483397459622));
#7249 = CARTESIAN_POINT('',(-0.51,-0.57));
#7250 = ( GEOMETRIC_REPRESENTATION_CONTEXT(2) 
PARAMETRIC_REPRESENTATION_CONTEXT() REPRESENTATION_CONTEXT('2D SPACE',''
  ) );
#7251 = ORIENTED_EDGE('',*,*,#7154,.T.);
#7252 = ADVANCED_FACE('',(#7253),#3583,.T.);
#7253 = FACE_BOUND('',#7254,.T.);
#7254 = EDGE_LOOP('',(#7255,#7256,#7279,#7300));
#7255 = ORIENTED_EDGE('',*,*,#3567,.F.);
#7256 = ORIENTED_EDGE('',*,*,#7257,.F.);
#7257 = EDGE_CURVE('',#7258,#3539,#7260,.T.);
#7258 = VERTEX_POINT('',#7259);
#7259 = CARTESIAN_POINT('',(0.635,-0.52,-0.355125000056));
#7260 = SURFACE_CURVE('',#7261,(#7265,#7272),.PCURVE_S1.);
#7261 = LINE('',#7262,#7263);
#7262 = CARTESIAN_POINT('',(0.635,-0.52,-0.355125000056));
#7263 = VECTOR('',#7264,1.);
#7264 = DIRECTION('',(6.982962677686E-15,0.,1.));
#7265 = PCURVE('',#3583,#7266);
#7266 = DEFINITIONAL_REPRESENTATION('',(#7267),#7271);
#7267 = LINE('',#7268,#7269);
#7268 = CARTESIAN_POINT('',(7.5E-02,4.440892098501E-16));
#7269 = VECTOR('',#7270,1.);
#7270 = DIRECTION('',(6.982962677686E-15,-1.));
#7271 = ( GEOMETRIC_REPRESENTATION_CONTEXT(2) 
PARAMETRIC_REPRESENTATION_CONTEXT() REPRESENTATION_CONTEXT('2D SPACE',''
  ) );
#7272 = PCURVE('',#3555,#7273);
#7273 = DEFINITIONAL_REPRESENTATION('',(#7274),#7278);
#7274 = LINE('',#7275,#7276);
#7275 = CARTESIAN_POINT('',(4.712388980385,0.));
#7276 = VECTOR('',#7277,1.);
#7277 = DIRECTION('',(0.,1.));
#7278 = ( GEOMETRIC_REPRESENTATION_CONTEXT(2) 
PARAMETRIC_REPRESENTATION_CONTEXT() REPRESENTATION_CONTEXT('2D SPACE',''
  ) );
#7279 = ORIENTED_EDGE('',*,*,#7280,.T.);
#7280 = EDGE_CURVE('',#7258,#7204,#7281,.T.);
#7281 = SURFACE_CURVE('',#7282,(#7286,#7293),.PCURVE_S1.);
#7282 = LINE('',#7283,#7284);
#7283 = CARTESIAN_POINT('',(0.56,-0.52,-0.355125000056));
#7284 = VECTOR('',#7285,1.);
#7285 = DIRECTION('',(-1.,0.,6.982962677686E-15));
#7286 = PCURVE('',#3583,#7287);
#7287 = DEFINITIONAL_REPRESENTATION('',(#7288),#7292);
#7288 = LINE('',#7289,#7290);
#7289 = CARTESIAN_POINT('',(0.,0.));
#7290 = VECTOR('',#7291,1.);
#7291 = DIRECTION('',(-1.,-6.982962677686E-15));
#7292 = ( GEOMETRIC_REPRESENTATION_CONTEXT(2) 
PARAMETRIC_REPRESENTATION_CONTEXT() REPRESENTATION_CONTEXT('2D SPACE',''
  ) );
#7293 = PCURVE('',#1187,#7294);
#7294 = DEFINITIONAL_REPRESENTATION('',(#7295),#7299);
#7295 = LINE('',#7296,#7297);
#7296 = CARTESIAN_POINT('',(-0.56,-0.52));
#7297 = VECTOR('',#7298,1.);
#7298 = DIRECTION('',(1.,0.));
#7299 = ( GEOMETRIC_REPRESENTATION_CONTEXT(2) 
PARAMETRIC_REPRESENTATION_CONTEXT() REPRESENTATION_CONTEXT('2D SPACE',''
  ) );
#7300 = ORIENTED_EDGE('',*,*,#7203,.T.);
#7301 = ADVANCED_FACE('',(#7302),#3555,.F.);
#7302 = FACE_BOUND('',#7303,.F.);
#7303 = EDGE_LOOP('',(#7304,#7305,#7329,#7350));
#7304 = ORIENTED_EDGE('',*,*,#7257,.F.);
#7305 = ORIENTED_EDGE('',*,*,#7306,.F.);
#7306 = EDGE_CURVE('',#7307,#7258,#7309,.T.);
#7307 = VERTEX_POINT('',#7308);
#7308 = CARTESIAN_POINT('',(0.66,-0.495,-0.355125000056));
#7309 = SURFACE_CURVE('',#7310,(#7315,#7322),.PCURVE_S1.);
#7310 = CIRCLE('',#7311,2.5E-02);
#7311 = AXIS2_PLACEMENT_3D('',#7312,#7313,#7314);
#7312 = CARTESIAN_POINT('',(0.635,-0.495,-0.355125000056));
#7313 = DIRECTION('',(-6.505213034913E-15,0.,-1.));
#7314 = DIRECTION('',(1.,0.,-6.505213034913E-15));
#7315 = PCURVE('',#3555,#7316);
#7316 = DEFINITIONAL_REPRESENTATION('',(#7317),#7321);
#7317 = LINE('',#7318,#7319);
#7318 = CARTESIAN_POINT('',(6.28318530718,0.));
#7319 = VECTOR('',#7320,1.);
#7320 = DIRECTION('',(-1.,0.));
#7321 = ( GEOMETRIC_REPRESENTATION_CONTEXT(2) 
PARAMETRIC_REPRESENTATION_CONTEXT() REPRESENTATION_CONTEXT('2D SPACE',''
  ) );
#7322 = PCURVE('',#1187,#7323);
#7323 = DEFINITIONAL_REPRESENTATION('',(#7324),#7328);
#7324 = CIRCLE('',#7325,2.5E-02);
#7325 = AXIS2_PLACEMENT_2D('',#7326,#7327);
#7326 = CARTESIAN_POINT('',(-0.635,-0.495));
#7327 = DIRECTION('',(-1.,0.));
#7328 = ( GEOMETRIC_REPRESENTATION_CONTEXT(2) 
PARAMETRIC_REPRESENTATION_CONTEXT() REPRESENTATION_CONTEXT('2D SPACE',''
  ) );
#7329 = ORIENTED_EDGE('',*,*,#7330,.T.);
#7330 = EDGE_CURVE('',#7307,#3511,#7331,.T.);
#7331 = SURFACE_CURVE('',#7332,(#7336,#7343),.PCURVE_S1.);
#7332 = LINE('',#7333,#7334);
#7333 = CARTESIAN_POINT('',(0.66,-0.495,-0.355125000056));
#7334 = VECTOR('',#7335,1.);
#7335 = DIRECTION('',(6.982962677686E-15,0.,1.));
#7336 = PCURVE('',#3555,#7337);
#7337 = DEFINITIONAL_REPRESENTATION('',(#7338),#7342);
#7338 = LINE('',#7339,#7340);
#7339 = CARTESIAN_POINT('',(6.28318530718,-3.330669073875E-16));
#7340 = VECTOR('',#7341,1.);
#7341 = DIRECTION('',(0.,1.));
#7342 = ( GEOMETRIC_REPRESENTATION_CONTEXT(2) 
PARAMETRIC_REPRESENTATION_CONTEXT() REPRESENTATION_CONTEXT('2D SPACE',''
  ) );
#7343 = PCURVE('',#3526,#7344);
#7344 = DEFINITIONAL_REPRESENTATION('',(#7345),#7349);
#7345 = LINE('',#7346,#7347);
#7346 = CARTESIAN_POINT('',(-0.15,-0.));
#7347 = VECTOR('',#7348,1.);
#7348 = DIRECTION('',(0.,-1.));
#7349 = ( GEOMETRIC_REPRESENTATION_CONTEXT(2) 
PARAMETRIC_REPRESENTATION_CONTEXT() REPRESENTATION_CONTEXT('2D SPACE',''
  ) );
#7350 = ORIENTED_EDGE('',*,*,#3538,.T.);
#7351 = ADVANCED_FACE('',(#7352),#3526,.T.);
#7352 = FACE_BOUND('',#7353,.T.);
#7353 = EDGE_LOOP('',(#7354,#7355,#7378,#7399));
#7354 = ORIENTED_EDGE('',*,*,#3510,.F.);
#7355 = ORIENTED_EDGE('',*,*,#7356,.F.);
#7356 = EDGE_CURVE('',#7357,#3482,#7359,.T.);
#7357 = VERTEX_POINT('',#7358);
#7358 = CARTESIAN_POINT('',(0.66,-0.345,-0.355125000056));
#7359 = SURFACE_CURVE('',#7360,(#7364,#7371),.PCURVE_S1.);
#7360 = LINE('',#7361,#7362);
#7361 = CARTESIAN_POINT('',(0.66,-0.345,-0.355125000056));
#7362 = VECTOR('',#7363,1.);
#7363 = DIRECTION('',(6.982962677686E-15,0.,1.));
#7364 = PCURVE('',#3526,#7365);
#7365 = DEFINITIONAL_REPRESENTATION('',(#7366),#7370);
#7366 = LINE('',#7367,#7368);
#7367 = CARTESIAN_POINT('',(0.,0.));
#7368 = VECTOR('',#7369,1.);
#7369 = DIRECTION('',(0.,-1.));
#7370 = ( GEOMETRIC_REPRESENTATION_CONTEXT(2) 
PARAMETRIC_REPRESENTATION_CONTEXT() REPRESENTATION_CONTEXT('2D SPACE',''
  ) );
#7371 = PCURVE('',#3498,#7372);
#7372 = DEFINITIONAL_REPRESENTATION('',(#7373),#7377);
#7373 = LINE('',#7374,#7375);
#7374 = CARTESIAN_POINT('',(0.,-3.330669073875E-16));
#7375 = VECTOR('',#7376,1.);
#7376 = DIRECTION('',(0.,1.));
#7377 = ( GEOMETRIC_REPRESENTATION_CONTEXT(2) 
PARAMETRIC_REPRESENTATION_CONTEXT() REPRESENTATION_CONTEXT('2D SPACE',''
  ) );
#7378 = ORIENTED_EDGE('',*,*,#7379,.T.);
#7379 = EDGE_CURVE('',#7357,#7307,#7380,.T.);
#7380 = SURFACE_CURVE('',#7381,(#7385,#7392),.PCURVE_S1.);
#7381 = LINE('',#7382,#7383);
#7382 = CARTESIAN_POINT('',(0.66,-0.345,-0.355125000056));
#7383 = VECTOR('',#7384,1.);
#7384 = DIRECTION('',(0.,-1.,0.));
#7385 = PCURVE('',#3526,#7386);
#7386 = DEFINITIONAL_REPRESENTATION('',(#7387),#7391);
#7387 = LINE('',#7388,#7389);
#7388 = CARTESIAN_POINT('',(0.,0.));
#7389 = VECTOR('',#7390,1.);
#7390 = DIRECTION('',(-1.,-0.));
#7391 = ( GEOMETRIC_REPRESENTATION_CONTEXT(2) 
PARAMETRIC_REPRESENTATION_CONTEXT() REPRESENTATION_CONTEXT('2D SPACE',''
  ) );
#7392 = PCURVE('',#1187,#7393);
#7393 = DEFINITIONAL_REPRESENTATION('',(#7394),#7398);
#7394 = LINE('',#7395,#7396);
#7395 = CARTESIAN_POINT('',(-0.66,-0.345));
#7396 = VECTOR('',#7397,1.);
#7397 = DIRECTION('',(0.,-1.));
#7398 = ( GEOMETRIC_REPRESENTATION_CONTEXT(2) 
PARAMETRIC_REPRESENTATION_CONTEXT() REPRESENTATION_CONTEXT('2D SPACE',''
  ) );
#7399 = ORIENTED_EDGE('',*,*,#7330,.T.);
#7400 = ADVANCED_FACE('',(#7401),#3498,.F.);
#7401 = FACE_BOUND('',#7402,.F.);
#7402 = EDGE_LOOP('',(#7403,#7404,#7428,#7449));
#7403 = ORIENTED_EDGE('',*,*,#7356,.F.);
#7404 = ORIENTED_EDGE('',*,*,#7405,.F.);
#7405 = EDGE_CURVE('',#7406,#7357,#7408,.T.);
#7406 = VERTEX_POINT('',#7407);
#7407 = CARTESIAN_POINT('',(0.635,-0.32,-0.355125000056));
#7408 = SURFACE_CURVE('',#7409,(#7414,#7421),.PCURVE_S1.);
#7409 = CIRCLE('',#7410,2.5E-02);
#7410 = AXIS2_PLACEMENT_3D('',#7411,#7412,#7413);
#7411 = CARTESIAN_POINT('',(0.635,-0.345,-0.355125000056));
#7412 = DIRECTION('',(-6.505213034913E-15,0.,-1.));
#7413 = DIRECTION('',(-1.,0.,6.505213034913E-15));
#7414 = PCURVE('',#3498,#7415);
#7415 = DEFINITIONAL_REPRESENTATION('',(#7416),#7420);
#7416 = LINE('',#7417,#7418);
#7417 = CARTESIAN_POINT('',(3.14159265359,0.));
#7418 = VECTOR('',#7419,1.);
#7419 = DIRECTION('',(-1.,0.));
#7420 = ( GEOMETRIC_REPRESENTATION_CONTEXT(2) 
PARAMETRIC_REPRESENTATION_CONTEXT() REPRESENTATION_CONTEXT('2D SPACE',''
  ) );
#7421 = PCURVE('',#1187,#7422);
#7422 = DEFINITIONAL_REPRESENTATION('',(#7423),#7427);
#7423 = CIRCLE('',#7424,2.5E-02);
#7424 = AXIS2_PLACEMENT_2D('',#7425,#7426);
#7425 = CARTESIAN_POINT('',(-0.635,-0.345));
#7426 = DIRECTION('',(1.,0.));
#7427 = ( GEOMETRIC_REPRESENTATION_CONTEXT(2) 
PARAMETRIC_REPRESENTATION_CONTEXT() REPRESENTATION_CONTEXT('2D SPACE',''
  ) );
#7428 = ORIENTED_EDGE('',*,*,#7429,.T.);
#7429 = EDGE_CURVE('',#7406,#3454,#7430,.T.);
#7430 = SURFACE_CURVE('',#7431,(#7435,#7442),.PCURVE_S1.);
#7431 = LINE('',#7432,#7433);
#7432 = CARTESIAN_POINT('',(0.635,-0.32,-0.355125000056));
#7433 = VECTOR('',#7434,1.);
#7434 = DIRECTION('',(6.982962677686E-15,0.,1.));
#7435 = PCURVE('',#3498,#7436);
#7436 = DEFINITIONAL_REPRESENTATION('',(#7437),#7441);
#7437 = LINE('',#7438,#7439);
#7438 = CARTESIAN_POINT('',(1.570796326795,0.));
#7439 = VECTOR('',#7440,1.);
#7440 = DIRECTION('',(0.,1.));
#7441 = ( GEOMETRIC_REPRESENTATION_CONTEXT(2) 
PARAMETRIC_REPRESENTATION_CONTEXT() REPRESENTATION_CONTEXT('2D SPACE',''
  ) );
#7442 = PCURVE('',#3469,#7443);
#7443 = DEFINITIONAL_REPRESENTATION('',(#7444),#7448);
#7444 = LINE('',#7445,#7446);
#7445 = CARTESIAN_POINT('',(3.895409895038E-46,5.394448724536E-02));
#7446 = VECTOR('',#7447,1.);
#7447 = DIRECTION('',(-1.,6.982962677686E-15));
#7448 = ( GEOMETRIC_REPRESENTATION_CONTEXT(2) 
PARAMETRIC_REPRESENTATION_CONTEXT() REPRESENTATION_CONTEXT('2D SPACE',''
  ) );
#7449 = ORIENTED_EDGE('',*,*,#3481,.T.);
#7450 = ADVANCED_FACE('',(#7451),#3469,.T.);
#7451 = FACE_BOUND('',#7452,.T.);
#7452 = EDGE_LOOP('',(#7453,#7454,#7477,#7498));
#7453 = ORIENTED_EDGE('',*,*,#3453,.F.);
#7454 = ORIENTED_EDGE('',*,*,#7455,.F.);
#7455 = EDGE_CURVE('',#7456,#3425,#7458,.T.);
#7456 = VERTEX_POINT('',#7457);
#7457 = CARTESIAN_POINT('',(0.581055512755,-0.32,-0.355125000056));
#7458 = SURFACE_CURVE('',#7459,(#7463,#7470),.PCURVE_S1.);
#7459 = LINE('',#7460,#7461);
#7460 = CARTESIAN_POINT('',(0.581055512755,-0.32,-0.355125000056));
#7461 = VECTOR('',#7462,1.);
#7462 = DIRECTION('',(6.982962677686E-15,0.,1.));
#7463 = PCURVE('',#3469,#7464);
#7464 = DEFINITIONAL_REPRESENTATION('',(#7465),#7469);
#7465 = LINE('',#7466,#7467);
#7466 = CARTESIAN_POINT('',(0.,0.));
#7467 = VECTOR('',#7468,1.);
#7468 = DIRECTION('',(-1.,6.982962677686E-15));
#7469 = ( GEOMETRIC_REPRESENTATION_CONTEXT(2) 
PARAMETRIC_REPRESENTATION_CONTEXT() REPRESENTATION_CONTEXT('2D SPACE',''
  ) );
#7470 = PCURVE('',#3441,#7471);
#7471 = DEFINITIONAL_REPRESENTATION('',(#7472),#7476);
#7472 = LINE('',#7473,#7474);
#7473 = CARTESIAN_POINT('',(1.570796326795,0.));
#7474 = VECTOR('',#7475,1.);
#7475 = DIRECTION('',(0.,1.));
#7476 = ( GEOMETRIC_REPRESENTATION_CONTEXT(2) 
PARAMETRIC_REPRESENTATION_CONTEXT() REPRESENTATION_CONTEXT('2D SPACE',''
  ) );
#7477 = ORIENTED_EDGE('',*,*,#7478,.T.);
#7478 = EDGE_CURVE('',#7456,#7406,#7479,.T.);
#7479 = SURFACE_CURVE('',#7480,(#7484,#7491),.PCURVE_S1.);
#7480 = LINE('',#7481,#7482);
#7481 = CARTESIAN_POINT('',(0.581055512755,-0.32,-0.355125000056));
#7482 = VECTOR('',#7483,1.);
#7483 = DIRECTION('',(1.,1.004923976341E-15,-6.982962677686E-15));
#7484 = PCURVE('',#3469,#7485);
#7485 = DEFINITIONAL_REPRESENTATION('',(#7486),#7490);
#7486 = LINE('',#7487,#7488);
#7487 = CARTESIAN_POINT('',(0.,0.));
#7488 = VECTOR('',#7489,1.);
#7489 = DIRECTION('',(6.982962677686E-15,1.));
#7490 = ( GEOMETRIC_REPRESENTATION_CONTEXT(2) 
PARAMETRIC_REPRESENTATION_CONTEXT() REPRESENTATION_CONTEXT('2D SPACE',''
  ) );
#7491 = PCURVE('',#1187,#7492);
#7492 = DEFINITIONAL_REPRESENTATION('',(#7493),#7497);
#7493 = LINE('',#7494,#7495);
#7494 = CARTESIAN_POINT('',(-0.581055512755,-0.32));
#7495 = VECTOR('',#7496,1.);
#7496 = DIRECTION('',(-1.,1.004923976341E-15));
#7497 = ( GEOMETRIC_REPRESENTATION_CONTEXT(2) 
PARAMETRIC_REPRESENTATION_CONTEXT() REPRESENTATION_CONTEXT('2D SPACE',''
  ) );
#7498 = ORIENTED_EDGE('',*,*,#7429,.T.);
#7499 = ADVANCED_FACE('',(#7500),#3441,.F.);
#7500 = FACE_BOUND('',#7501,.F.);
#7501 = EDGE_LOOP('',(#7502,#7503,#7527,#7548));
#7502 = ORIENTED_EDGE('',*,*,#7455,.F.);
#7503 = ORIENTED_EDGE('',*,*,#7504,.F.);
#7504 = EDGE_CURVE('',#7505,#7456,#7507,.T.);
#7505 = VERTEX_POINT('',#7506);
#7506 = CARTESIAN_POINT('',(0.568178543914,-0.323571428571,
    -0.355125000056));
#7507 = SURFACE_CURVE('',#7508,(#7513,#7520),.PCURVE_S1.);
#7508 = CIRCLE('',#7509,2.5E-02);
#7509 = AXIS2_PLACEMENT_3D('',#7510,#7511,#7512);
#7510 = CARTESIAN_POINT('',(0.581055512755,-0.345,-0.355125000056));
#7511 = DIRECTION('',(-6.505213034913E-15,0.,-1.));
#7512 = DIRECTION('',(-1.,0.,6.505213034913E-15));
#7513 = PCURVE('',#3441,#7514);
#7514 = DEFINITIONAL_REPRESENTATION('',(#7515),#7519);
#7515 = LINE('',#7516,#7517);
#7516 = CARTESIAN_POINT('',(3.14159265359,1.611472719293E-16));
#7517 = VECTOR('',#7518,1.);
#7518 = DIRECTION('',(-1.,-1.025895395733E-16));
#7519 = ( GEOMETRIC_REPRESENTATION_CONTEXT(2) 
PARAMETRIC_REPRESENTATION_CONTEXT() REPRESENTATION_CONTEXT('2D SPACE',''
  ) );
#7520 = PCURVE('',#1187,#7521);
#7521 = DEFINITIONAL_REPRESENTATION('',(#7522),#7526);
#7522 = CIRCLE('',#7523,2.5E-02);
#7523 = AXIS2_PLACEMENT_2D('',#7524,#7525);
#7524 = CARTESIAN_POINT('',(-0.581055512755,-0.345));
#7525 = DIRECTION('',(1.,0.));
#7526 = ( GEOMETRIC_REPRESENTATION_CONTEXT(2) 
PARAMETRIC_REPRESENTATION_CONTEXT() REPRESENTATION_CONTEXT('2D SPACE',''
  ) );
#7527 = ORIENTED_EDGE('',*,*,#7528,.T.);
#7528 = EDGE_CURVE('',#7505,#3392,#7529,.T.);
#7529 = SURFACE_CURVE('',#7530,(#7534,#7541),.PCURVE_S1.);
#7530 = LINE('',#7531,#7532);
#7531 = CARTESIAN_POINT('',(0.568178543914,-0.323571428571,
    -0.355125000056));
#7532 = VECTOR('',#7533,1.);
#7533 = DIRECTION('',(6.982962677686E-15,0.,1.));
#7534 = PCURVE('',#3441,#7535);
#7535 = DEFINITIONAL_REPRESENTATION('',(#7536),#7540);
#7536 = LINE('',#7537,#7538);
#7537 = CARTESIAN_POINT('',(2.111895852752,3.885780586188E-16));
#7538 = VECTOR('',#7539,1.);
#7539 = DIRECTION('',(0.,1.));
#7540 = ( GEOMETRIC_REPRESENTATION_CONTEXT(2) 
PARAMETRIC_REPRESENTATION_CONTEXT() REPRESENTATION_CONTEXT('2D SPACE',''
  ) );
#7541 = PCURVE('',#3412,#7542);
#7542 = DEFINITIONAL_REPRESENTATION('',(#7543),#7547);
#7543 = LINE('',#7544,#7545);
#7544 = CARTESIAN_POINT('',(5.253488506342,1.665334536938E-16));
#7545 = VECTOR('',#7546,1.);
#7546 = DIRECTION('',(0.,1.));
#7547 = ( GEOMETRIC_REPRESENTATION_CONTEXT(2) 
PARAMETRIC_REPRESENTATION_CONTEXT() REPRESENTATION_CONTEXT('2D SPACE',''
  ) );
#7548 = ORIENTED_EDGE('',*,*,#3424,.T.);
#7549 = ADVANCED_FACE('',(#7550),#3412,.T.);
#7550 = FACE_BOUND('',#7551,.T.);
#7551 = EDGE_LOOP('',(#7552,#7553,#7576,#7602));
#7552 = ORIENTED_EDGE('',*,*,#3391,.F.);
#7553 = ORIENTED_EDGE('',*,*,#7554,.F.);
#7554 = EDGE_CURVE('',#7555,#3363,#7557,.T.);
#7555 = VERTEX_POINT('',#7556);
#7556 = CARTESIAN_POINT('',(0.568178543914,-0.246428571429,
    -0.355125000056));
#7557 = SURFACE_CURVE('',#7558,(#7562,#7569),.PCURVE_S1.);
#7558 = LINE('',#7559,#7560);
#7559 = CARTESIAN_POINT('',(0.568178543914,-0.246428571429,
    -0.355125000056));
#7560 = VECTOR('',#7561,1.);
#7561 = DIRECTION('',(6.982962677686E-15,0.,1.));
#7562 = PCURVE('',#3412,#7563);
#7563 = DEFINITIONAL_REPRESENTATION('',(#7564),#7568);
#7564 = LINE('',#7565,#7566);
#7565 = CARTESIAN_POINT('',(1.029696800838,1.665334536938E-16));
#7566 = VECTOR('',#7567,1.);
#7567 = DIRECTION('',(0.,1.));
#7568 = ( GEOMETRIC_REPRESENTATION_CONTEXT(2) 
PARAMETRIC_REPRESENTATION_CONTEXT() REPRESENTATION_CONTEXT('2D SPACE',''
  ) );
#7569 = PCURVE('',#3379,#7570);
#7570 = DEFINITIONAL_REPRESENTATION('',(#7571),#7575);
#7571 = LINE('',#7572,#7573);
#7572 = CARTESIAN_POINT('',(4.171289454428,3.885780586188E-16));
#7573 = VECTOR('',#7574,1.);
#7574 = DIRECTION('',(0.,1.));
#7575 = ( GEOMETRIC_REPRESENTATION_CONTEXT(2) 
PARAMETRIC_REPRESENTATION_CONTEXT() REPRESENTATION_CONTEXT('2D SPACE',''
  ) );
#7576 = ORIENTED_EDGE('',*,*,#7577,.T.);
#7577 = EDGE_CURVE('',#7555,#7505,#7578,.T.);
#7578 = SURFACE_CURVE('',#7579,(#7584,#7591),.PCURVE_S1.);
#7579 = CIRCLE('',#7580,4.5E-02);
#7580 = AXIS2_PLACEMENT_3D('',#7581,#7582,#7583);
#7581 = CARTESIAN_POINT('',(0.545,-0.285,-0.355125000056));
#7582 = DIRECTION('',(7.228014483237E-15,0.,1.));
#7583 = DIRECTION('',(-1.,0.,7.228014483237E-15));
#7584 = PCURVE('',#3412,#7585);
#7585 = DEFINITIONAL_REPRESENTATION('',(#7586),#7590);
#7586 = LINE('',#7587,#7588);
#7587 = CARTESIAN_POINT('',(-3.14159265359,0.));
#7588 = VECTOR('',#7589,1.);
#7589 = DIRECTION('',(1.,0.));
#7590 = ( GEOMETRIC_REPRESENTATION_CONTEXT(2) 
PARAMETRIC_REPRESENTATION_CONTEXT() REPRESENTATION_CONTEXT('2D SPACE',''
  ) );
#7591 = PCURVE('',#1187,#7592);
#7592 = DEFINITIONAL_REPRESENTATION('',(#7593),#7601);
#7593 = ( BOUNDED_CURVE() B_SPLINE_CURVE(2,(#7594,#7595,#7596,#7597,
#7598,#7599,#7600),.UNSPECIFIED.,.T.,.F.) B_SPLINE_CURVE_WITH_KNOTS((1,2
    ,2,2,2,1),(-2.094395102393,0.,2.094395102393,4.188790204786,
6.28318530718,8.377580409573),.UNSPECIFIED.) CURVE() 
GEOMETRIC_REPRESENTATION_ITEM() RATIONAL_B_SPLINE_CURVE((1.,0.5,1.,0.5,
1.,0.5,1.)) REPRESENTATION_ITEM('') );
#7594 = CARTESIAN_POINT('',(-0.5,-0.285));
#7595 = CARTESIAN_POINT('',(-0.5,-0.362942286341));
#7596 = CARTESIAN_POINT('',(-0.5675,-0.32397114317));
#7597 = CARTESIAN_POINT('',(-0.635,-0.285));
#7598 = CARTESIAN_POINT('',(-0.5675,-0.24602885683));
#7599 = CARTESIAN_POINT('',(-0.5,-0.207057713659));
#7600 = CARTESIAN_POINT('',(-0.5,-0.285));
#7601 = ( GEOMETRIC_REPRESENTATION_CONTEXT(2) 
PARAMETRIC_REPRESENTATION_CONTEXT() REPRESENTATION_CONTEXT('2D SPACE',''
  ) );
#7602 = ORIENTED_EDGE('',*,*,#7528,.T.);
#7603 = ADVANCED_FACE('',(#7604),#3379,.F.);
#7604 = FACE_BOUND('',#7605,.F.);
#7605 = EDGE_LOOP('',(#7606,#7607,#7629,#7630));
#7606 = ORIENTED_EDGE('',*,*,#7554,.F.);
#7607 = ORIENTED_EDGE('',*,*,#7608,.F.);
#7608 = EDGE_CURVE('',#4018,#7555,#7609,.T.);
#7609 = SURFACE_CURVE('',#7610,(#7615,#7622),.PCURVE_S1.);
#7610 = CIRCLE('',#7611,2.5E-02);
#7611 = AXIS2_PLACEMENT_3D('',#7612,#7613,#7614);
#7612 = CARTESIAN_POINT('',(0.581055512755,-0.225,-0.355125000056));
#7613 = DIRECTION('',(-6.505213034913E-15,0.,-1.));
#7614 = DIRECTION('',(-1.,0.,6.505213034913E-15));
#7615 = PCURVE('',#3379,#7616);
#7616 = DEFINITIONAL_REPRESENTATION('',(#7617),#7621);
#7617 = LINE('',#7618,#7619);
#7618 = CARTESIAN_POINT('',(9.424777960769,-4.834418157878E-16));
#7619 = VECTOR('',#7620,1.);
#7620 = DIRECTION('',(-1.,1.025895395733E-16));
#7621 = ( GEOMETRIC_REPRESENTATION_CONTEXT(2) 
PARAMETRIC_REPRESENTATION_CONTEXT() REPRESENTATION_CONTEXT('2D SPACE',''
  ) );
#7622 = PCURVE('',#1187,#7623);
#7623 = DEFINITIONAL_REPRESENTATION('',(#7624),#7628);
#7624 = CIRCLE('',#7625,2.5E-02);
#7625 = AXIS2_PLACEMENT_2D('',#7626,#7627);
#7626 = CARTESIAN_POINT('',(-0.581055512755,-0.225));
#7627 = DIRECTION('',(1.,0.));
#7628 = ( GEOMETRIC_REPRESENTATION_CONTEXT(2) 
PARAMETRIC_REPRESENTATION_CONTEXT() REPRESENTATION_CONTEXT('2D SPACE',''
  ) );
#7629 = ORIENTED_EDGE('',*,*,#4040,.T.);
#7630 = ORIENTED_EDGE('',*,*,#3362,.T.);
#7631 = ADVANCED_FACE('',(#7632),#7647,.T.);
#7632 = FACE_BOUND('',#7633,.T.);
#7633 = EDGE_LOOP('',(#7634,#7673,#7696,#7728,#7751,#7783,#7806,#7838));
#7634 = ORIENTED_EDGE('',*,*,#7635,.F.);
#7635 = EDGE_CURVE('',#7636,#7638,#7640,.T.);
#7636 = VERTEX_POINT('',#7637);
#7637 = CARTESIAN_POINT('',(-0.115,-0.62,-0.355125000056));
#7638 = VERTEX_POINT('',#7639);
#7639 = CARTESIAN_POINT('',(-9.E-02,-0.595,-0.355125000056));
#7640 = SURFACE_CURVE('',#7641,(#7646,#7662),.PCURVE_S1.);
#7641 = CIRCLE('',#7642,2.5E-02);
#7642 = AXIS2_PLACEMENT_3D('',#7643,#7644,#7645);
#7643 = CARTESIAN_POINT('',(-0.115,-0.595,-0.355125000056));
#7644 = DIRECTION('',(6.505213034913E-15,0.,1.));
#7645 = DIRECTION('',(-1.,0.,6.505213034913E-15));
#7646 = PCURVE('',#7647,#7652);
#7647 = PLANE('',#7648);
#7648 = AXIS2_PLACEMENT_3D('',#7649,#7650,#7651);
#7649 = CARTESIAN_POINT('',(-2.913505490302E-15,0.,-0.355125000056));
#7650 = DIRECTION('',(-6.982962677686E-15,0.,-1.));
#7651 = DIRECTION('',(-1.,0.,6.982962677686E-15));
#7652 = DEFINITIONAL_REPRESENTATION('',(#7653),#7661);
#7653 = ( BOUNDED_CURVE() B_SPLINE_CURVE(2,(#7654,#7655,#7656,#7657,
#7658,#7659,#7660),.UNSPECIFIED.,.T.,.F.) B_SPLINE_CURVE_WITH_KNOTS((1,2
    ,2,2,2,1),(-2.094395102393,0.,2.094395102393,4.188790204786,
6.28318530718,8.377580409573),.UNSPECIFIED.) CURVE() 
GEOMETRIC_REPRESENTATION_ITEM() RATIONAL_B_SPLINE_CURVE((1.,0.5,1.,0.5,
1.,0.5,1.)) REPRESENTATION_ITEM('') );
#7654 = CARTESIAN_POINT('',(0.14,-0.595));
#7655 = CARTESIAN_POINT('',(0.14,-0.638301270189));
#7656 = CARTESIAN_POINT('',(0.1025,-0.616650635095));
#7657 = CARTESIAN_POINT('',(6.5E-02,-0.595));
#7658 = CARTESIAN_POINT('',(0.1025,-0.573349364905));
#7659 = CARTESIAN_POINT('',(0.14,-0.551698729811));
#7660 = CARTESIAN_POINT('',(0.14,-0.595));
#7661 = ( GEOMETRIC_REPRESENTATION_CONTEXT(2) 
PARAMETRIC_REPRESENTATION_CONTEXT() REPRESENTATION_CONTEXT('2D SPACE',''
  ) );
#7662 = PCURVE('',#1187,#7663);
#7663 = DEFINITIONAL_REPRESENTATION('',(#7664),#7672);
#7664 = ( BOUNDED_CURVE() B_SPLINE_CURVE(2,(#7665,#7666,#7667,#7668,
#7669,#7670,#7671),.UNSPECIFIED.,.T.,.F.) B_SPLINE_CURVE_WITH_KNOTS((1,2
    ,2,2,2,1),(-2.094395102393,0.,2.094395102393,4.188790204786,
6.28318530718,8.377580409573),.UNSPECIFIED.) CURVE() 
GEOMETRIC_REPRESENTATION_ITEM() RATIONAL_B_SPLINE_CURVE((1.,0.5,1.,0.5,
1.,0.5,1.)) REPRESENTATION_ITEM('') );
#7665 = CARTESIAN_POINT('',(0.14,-0.595));
#7666 = CARTESIAN_POINT('',(0.14,-0.638301270189));
#7667 = CARTESIAN_POINT('',(0.1025,-0.616650635095));
#7668 = CARTESIAN_POINT('',(6.5E-02,-0.595));
#7669 = CARTESIAN_POINT('',(0.1025,-0.573349364905));
#7670 = CARTESIAN_POINT('',(0.14,-0.551698729811));
#7671 = CARTESIAN_POINT('',(0.14,-0.595));
#7672 = ( GEOMETRIC_REPRESENTATION_CONTEXT(2) 
PARAMETRIC_REPRESENTATION_CONTEXT() REPRESENTATION_CONTEXT('2D SPACE',''
  ) );
#7673 = ORIENTED_EDGE('',*,*,#7674,.F.);
#7674 = EDGE_CURVE('',#7675,#7636,#7677,.T.);
#7675 = VERTEX_POINT('',#7676);
#7676 = CARTESIAN_POINT('',(-0.635,-0.62,-0.355125000056));
#7677 = SURFACE_CURVE('',#7678,(#7682,#7689),.PCURVE_S1.);
#7678 = LINE('',#7679,#7680);
#7679 = CARTESIAN_POINT('',(-3.042775749329E-15,-0.62,-0.355125000056));
#7680 = VECTOR('',#7681,1.);
#7681 = DIRECTION('',(1.,-2.085004177857E-16,-6.982962677686E-15));
#7682 = PCURVE('',#7647,#7683);
#7683 = DEFINITIONAL_REPRESENTATION('',(#7684),#7688);
#7684 = LINE('',#7685,#7686);
#7685 = CARTESIAN_POINT('',(1.292702590271E-16,-0.62));
#7686 = VECTOR('',#7687,1.);
#7687 = DIRECTION('',(-1.,-2.085004177857E-16));
#7688 = ( GEOMETRIC_REPRESENTATION_CONTEXT(2) 
PARAMETRIC_REPRESENTATION_CONTEXT() REPRESENTATION_CONTEXT('2D SPACE',''
  ) );
#7689 = PCURVE('',#1187,#7690);
#7690 = DEFINITIONAL_REPRESENTATION('',(#7691),#7695);
#7691 = LINE('',#7692,#7693);
#7692 = CARTESIAN_POINT('',(1.292702590271E-16,-0.62));
#7693 = VECTOR('',#7694,1.);
#7694 = DIRECTION('',(-1.,-2.085004177857E-16));
#7695 = ( GEOMETRIC_REPRESENTATION_CONTEXT(2) 
PARAMETRIC_REPRESENTATION_CONTEXT() REPRESENTATION_CONTEXT('2D SPACE',''
  ) );
#7696 = ORIENTED_EDGE('',*,*,#7697,.F.);
#7697 = EDGE_CURVE('',#7698,#7675,#7700,.T.);
#7698 = VERTEX_POINT('',#7699);
#7699 = CARTESIAN_POINT('',(-0.66,-0.595,-0.355125000056));
#7700 = SURFACE_CURVE('',#7701,(#7706,#7717),.PCURVE_S1.);
#7701 = CIRCLE('',#7702,2.5E-02);
#7702 = AXIS2_PLACEMENT_3D('',#7703,#7704,#7705);
#7703 = CARTESIAN_POINT('',(-0.635,-0.595,-0.355125000056));
#7704 = DIRECTION('',(6.505213034913E-15,0.,1.));
#7705 = DIRECTION('',(-1.,0.,6.505213034913E-15));
#7706 = PCURVE('',#7647,#7707);
#7707 = DEFINITIONAL_REPRESENTATION('',(#7708),#7716);
#7708 = ( BOUNDED_CURVE() B_SPLINE_CURVE(2,(#7709,#7710,#7711,#7712,
#7713,#7714,#7715),.UNSPECIFIED.,.T.,.F.) B_SPLINE_CURVE_WITH_KNOTS((1,2
    ,2,2,2,1),(-2.094395102393,0.,2.094395102393,4.188790204786,
6.28318530718,8.377580409573),.UNSPECIFIED.) CURVE() 
GEOMETRIC_REPRESENTATION_ITEM() RATIONAL_B_SPLINE_CURVE((1.,0.5,1.,0.5,
1.,0.5,1.)) REPRESENTATION_ITEM('') );
#7709 = CARTESIAN_POINT('',(0.66,-0.595));
#7710 = CARTESIAN_POINT('',(0.66,-0.638301270189));
#7711 = CARTESIAN_POINT('',(0.6225,-0.616650635095));
#7712 = CARTESIAN_POINT('',(0.585,-0.595));
#7713 = CARTESIAN_POINT('',(0.6225,-0.573349364905));
#7714 = CARTESIAN_POINT('',(0.66,-0.551698729811));
#7715 = CARTESIAN_POINT('',(0.66,-0.595));
#7716 = ( GEOMETRIC_REPRESENTATION_CONTEXT(2) 
PARAMETRIC_REPRESENTATION_CONTEXT() REPRESENTATION_CONTEXT('2D SPACE',''
  ) );
#7717 = PCURVE('',#1187,#7718);
#7718 = DEFINITIONAL_REPRESENTATION('',(#7719),#7727);
#7719 = ( BOUNDED_CURVE() B_SPLINE_CURVE(2,(#7720,#7721,#7722,#7723,
#7724,#7725,#7726),.UNSPECIFIED.,.T.,.F.) B_SPLINE_CURVE_WITH_KNOTS((1,2
    ,2,2,2,1),(-2.094395102393,0.,2.094395102393,4.188790204786,
6.28318530718,8.377580409573),.UNSPECIFIED.) CURVE() 
GEOMETRIC_REPRESENTATION_ITEM() RATIONAL_B_SPLINE_CURVE((1.,0.5,1.,0.5,
1.,0.5,1.)) REPRESENTATION_ITEM('') );
#7720 = CARTESIAN_POINT('',(0.66,-0.595));
#7721 = CARTESIAN_POINT('',(0.66,-0.638301270189));
#7722 = CARTESIAN_POINT('',(0.6225,-0.616650635095));
#7723 = CARTESIAN_POINT('',(0.585,-0.595));
#7724 = CARTESIAN_POINT('',(0.6225,-0.573349364905));
#7725 = CARTESIAN_POINT('',(0.66,-0.551698729811));
#7726 = CARTESIAN_POINT('',(0.66,-0.595));
#7727 = ( GEOMETRIC_REPRESENTATION_CONTEXT(2) 
PARAMETRIC_REPRESENTATION_CONTEXT() REPRESENTATION_CONTEXT('2D SPACE',''
  ) );
#7728 = ORIENTED_EDGE('',*,*,#7729,.F.);
#7729 = EDGE_CURVE('',#7730,#7698,#7732,.T.);
#7730 = VERTEX_POINT('',#7731);
#7731 = CARTESIAN_POINT('',(-0.66,-0.425,-0.355125000056));
#7732 = SURFACE_CURVE('',#7733,(#7737,#7744),.PCURVE_S1.);
#7733 = LINE('',#7734,#7735);
#7734 = CARTESIAN_POINT('',(-0.66,8.418510986358E-16,-0.355125000056));
#7735 = VECTOR('',#7736,1.);
#7736 = DIRECTION('',(-1.27553196763E-15,-1.,8.906992124156E-30));
#7737 = PCURVE('',#7647,#7738);
#7738 = DEFINITIONAL_REPRESENTATION('',(#7739),#7743);
#7739 = LINE('',#7740,#7741);
#7740 = CARTESIAN_POINT('',(0.66,8.418510986358E-16));
#7741 = VECTOR('',#7742,1.);
#7742 = DIRECTION('',(1.27553196763E-15,-1.));
#7743 = ( GEOMETRIC_REPRESENTATION_CONTEXT(2) 
PARAMETRIC_REPRESENTATION_CONTEXT() REPRESENTATION_CONTEXT('2D SPACE',''
  ) );
#7744 = PCURVE('',#1187,#7745);
#7745 = DEFINITIONAL_REPRESENTATION('',(#7746),#7750);
#7746 = LINE('',#7747,#7748);
#7747 = CARTESIAN_POINT('',(0.66,8.418510986358E-16));
#7748 = VECTOR('',#7749,1.);
#7749 = DIRECTION('',(1.27553196763E-15,-1.));
#7750 = ( GEOMETRIC_REPRESENTATION_CONTEXT(2) 
PARAMETRIC_REPRESENTATION_CONTEXT() REPRESENTATION_CONTEXT('2D SPACE',''
  ) );
#7751 = ORIENTED_EDGE('',*,*,#7752,.F.);
#7752 = EDGE_CURVE('',#7753,#7730,#7755,.T.);
#7753 = VERTEX_POINT('',#7754);
#7754 = CARTESIAN_POINT('',(-0.635,-0.4,-0.355125000056));
#7755 = SURFACE_CURVE('',#7756,(#7761,#7772),.PCURVE_S1.);
#7756 = CIRCLE('',#7757,2.5E-02);
#7757 = AXIS2_PLACEMENT_3D('',#7758,#7759,#7760);
#7758 = CARTESIAN_POINT('',(-0.635,-0.425,-0.355125000056));
#7759 = DIRECTION('',(6.505213034913E-15,0.,1.));
#7760 = DIRECTION('',(-1.,0.,6.505213034913E-15));
#7761 = PCURVE('',#7647,#7762);
#7762 = DEFINITIONAL_REPRESENTATION('',(#7763),#7771);
#7763 = ( BOUNDED_CURVE() B_SPLINE_CURVE(2,(#7764,#7765,#7766,#7767,
#7768,#7769,#7770),.UNSPECIFIED.,.T.,.F.) B_SPLINE_CURVE_WITH_KNOTS((1,2
    ,2,2,2,1),(-2.094395102393,0.,2.094395102393,4.188790204786,
6.28318530718,8.377580409573),.UNSPECIFIED.) CURVE() 
GEOMETRIC_REPRESENTATION_ITEM() RATIONAL_B_SPLINE_CURVE((1.,0.5,1.,0.5,
1.,0.5,1.)) REPRESENTATION_ITEM('') );
#7764 = CARTESIAN_POINT('',(0.66,-0.425));
#7765 = CARTESIAN_POINT('',(0.66,-0.468301270189));
#7766 = CARTESIAN_POINT('',(0.6225,-0.446650635095));
#7767 = CARTESIAN_POINT('',(0.585,-0.425));
#7768 = CARTESIAN_POINT('',(0.6225,-0.403349364905));
#7769 = CARTESIAN_POINT('',(0.66,-0.381698729811));
#7770 = CARTESIAN_POINT('',(0.66,-0.425));
#7771 = ( GEOMETRIC_REPRESENTATION_CONTEXT(2) 
PARAMETRIC_REPRESENTATION_CONTEXT() REPRESENTATION_CONTEXT('2D SPACE',''
  ) );
#7772 = PCURVE('',#1187,#7773);
#7773 = DEFINITIONAL_REPRESENTATION('',(#7774),#7782);
#7774 = ( BOUNDED_CURVE() B_SPLINE_CURVE(2,(#7775,#7776,#7777,#7778,
#7779,#7780,#7781),.UNSPECIFIED.,.T.,.F.) B_SPLINE_CURVE_WITH_KNOTS((1,2
    ,2,2,2,1),(-2.094395102393,0.,2.094395102393,4.188790204786,
6.28318530718,8.377580409573),.UNSPECIFIED.) CURVE() 
GEOMETRIC_REPRESENTATION_ITEM() RATIONAL_B_SPLINE_CURVE((1.,0.5,1.,0.5,
1.,0.5,1.)) REPRESENTATION_ITEM('') );
#7775 = CARTESIAN_POINT('',(0.66,-0.425));
#7776 = CARTESIAN_POINT('',(0.66,-0.468301270189));
#7777 = CARTESIAN_POINT('',(0.6225,-0.446650635095));
#7778 = CARTESIAN_POINT('',(0.585,-0.425));
#7779 = CARTESIAN_POINT('',(0.6225,-0.403349364905));
#7780 = CARTESIAN_POINT('',(0.66,-0.381698729811));
#7781 = CARTESIAN_POINT('',(0.66,-0.425));
#7782 = ( GEOMETRIC_REPRESENTATION_CONTEXT(2) 
PARAMETRIC_REPRESENTATION_CONTEXT() REPRESENTATION_CONTEXT('2D SPACE',''
  ) );
#7783 = ORIENTED_EDGE('',*,*,#7784,.F.);
#7784 = EDGE_CURVE('',#7785,#7753,#7787,.T.);
#7785 = VERTEX_POINT('',#7786);
#7786 = CARTESIAN_POINT('',(-0.115,-0.4,-0.355125000056));
#7787 = SURFACE_CURVE('',#7788,(#7792,#7799),.PCURVE_S1.);
#7788 = LINE('',#7789,#7790);
#7789 = CARTESIAN_POINT('',(-2.913505490302E-15,-0.4,-0.355125000056));
#7790 = VECTOR('',#7791,1.);
#7791 = DIRECTION('',(-1.,0.,6.982962677686E-15));
#7792 = PCURVE('',#7647,#7793);
#7793 = DEFINITIONAL_REPRESENTATION('',(#7794),#7798);
#7794 = LINE('',#7795,#7796);
#7795 = CARTESIAN_POINT('',(0.,-0.4));
#7796 = VECTOR('',#7797,1.);
#7797 = DIRECTION('',(1.,0.));
#7798 = ( GEOMETRIC_REPRESENTATION_CONTEXT(2) 
PARAMETRIC_REPRESENTATION_CONTEXT() REPRESENTATION_CONTEXT('2D SPACE',''
  ) );
#7799 = PCURVE('',#1187,#7800);
#7800 = DEFINITIONAL_REPRESENTATION('',(#7801),#7805);
#7801 = LINE('',#7802,#7803);
#7802 = CARTESIAN_POINT('',(0.,-0.4));
#7803 = VECTOR('',#7804,1.);
#7804 = DIRECTION('',(1.,0.));
#7805 = ( GEOMETRIC_REPRESENTATION_CONTEXT(2) 
PARAMETRIC_REPRESENTATION_CONTEXT() REPRESENTATION_CONTEXT('2D SPACE',''
  ) );
#7806 = ORIENTED_EDGE('',*,*,#7807,.F.);
#7807 = EDGE_CURVE('',#7808,#7785,#7810,.T.);
#7808 = VERTEX_POINT('',#7809);
#7809 = CARTESIAN_POINT('',(-9.E-02,-0.425,-0.355125000056));
#7810 = SURFACE_CURVE('',#7811,(#7816,#7827),.PCURVE_S1.);
#7811 = CIRCLE('',#7812,2.5E-02);
#7812 = AXIS2_PLACEMENT_3D('',#7813,#7814,#7815);
#7813 = CARTESIAN_POINT('',(-0.115,-0.425,-0.355125000056));
#7814 = DIRECTION('',(6.505213034913E-15,0.,1.));
#7815 = DIRECTION('',(-1.,0.,6.505213034913E-15));
#7816 = PCURVE('',#7647,#7817);
#7817 = DEFINITIONAL_REPRESENTATION('',(#7818),#7826);
#7818 = ( BOUNDED_CURVE() B_SPLINE_CURVE(2,(#7819,#7820,#7821,#7822,
#7823,#7824,#7825),.UNSPECIFIED.,.T.,.F.) B_SPLINE_CURVE_WITH_KNOTS((1,2
    ,2,2,2,1),(-2.094395102393,0.,2.094395102393,4.188790204786,
6.28318530718,8.377580409573),.UNSPECIFIED.) CURVE() 
GEOMETRIC_REPRESENTATION_ITEM() RATIONAL_B_SPLINE_CURVE((1.,0.5,1.,0.5,
1.,0.5,1.)) REPRESENTATION_ITEM('') );
#7819 = CARTESIAN_POINT('',(0.14,-0.425));
#7820 = CARTESIAN_POINT('',(0.14,-0.468301270189));
#7821 = CARTESIAN_POINT('',(0.1025,-0.446650635095));
#7822 = CARTESIAN_POINT('',(6.5E-02,-0.425));
#7823 = CARTESIAN_POINT('',(0.1025,-0.403349364905));
#7824 = CARTESIAN_POINT('',(0.14,-0.381698729811));
#7825 = CARTESIAN_POINT('',(0.14,-0.425));
#7826 = ( GEOMETRIC_REPRESENTATION_CONTEXT(2) 
PARAMETRIC_REPRESENTATION_CONTEXT() REPRESENTATION_CONTEXT('2D SPACE',''
  ) );
#7827 = PCURVE('',#1187,#7828);
#7828 = DEFINITIONAL_REPRESENTATION('',(#7829),#7837);
#7829 = ( BOUNDED_CURVE() B_SPLINE_CURVE(2,(#7830,#7831,#7832,#7833,
#7834,#7835,#7836),.UNSPECIFIED.,.T.,.F.) B_SPLINE_CURVE_WITH_KNOTS((1,2
    ,2,2,2,1),(-2.094395102393,0.,2.094395102393,4.188790204786,
6.28318530718,8.377580409573),.UNSPECIFIED.) CURVE() 
GEOMETRIC_REPRESENTATION_ITEM() RATIONAL_B_SPLINE_CURVE((1.,0.5,1.,0.5,
1.,0.5,1.)) REPRESENTATION_ITEM('') );
#7830 = CARTESIAN_POINT('',(0.14,-0.425));
#7831 = CARTESIAN_POINT('',(0.14,-0.468301270189));
#7832 = CARTESIAN_POINT('',(0.1025,-0.446650635095));
#7833 = CARTESIAN_POINT('',(6.5E-02,-0.425));
#7834 = CARTESIAN_POINT('',(0.1025,-0.403349364905));
#7835 = CARTESIAN_POINT('',(0.14,-0.381698729811));
#7836 = CARTESIAN_POINT('',(0.14,-0.425));
#7837 = ( GEOMETRIC_REPRESENTATION_CONTEXT(2) 
PARAMETRIC_REPRESENTATION_CONTEXT() REPRESENTATION_CONTEXT('2D SPACE',''
  ) );
#7838 = ORIENTED_EDGE('',*,*,#7839,.F.);
#7839 = EDGE_CURVE('',#7638,#7808,#7840,.T.);
#7840 = SURFACE_CURVE('',#7841,(#7845,#7852),.PCURVE_S1.);
#7841 = LINE('',#7842,#7843);
#7842 = CARTESIAN_POINT('',(-9.E-02,0.,-0.355125000056));
#7843 = VECTOR('',#7844,1.);
#7844 = DIRECTION('',(0.,1.,0.));
#7845 = PCURVE('',#7647,#7846);
#7846 = DEFINITIONAL_REPRESENTATION('',(#7847),#7851);
#7847 = LINE('',#7848,#7849);
#7848 = CARTESIAN_POINT('',(9.E-02,0.));
#7849 = VECTOR('',#7850,1.);
#7850 = DIRECTION('',(0.,1.));
#7851 = ( GEOMETRIC_REPRESENTATION_CONTEXT(2) 
PARAMETRIC_REPRESENTATION_CONTEXT() REPRESENTATION_CONTEXT('2D SPACE',''
  ) );
#7852 = PCURVE('',#1187,#7853);
#7853 = DEFINITIONAL_REPRESENTATION('',(#7854),#7858);
#7854 = LINE('',#7855,#7856);
#7855 = CARTESIAN_POINT('',(9.E-02,0.));
#7856 = VECTOR('',#7857,1.);
#7857 = DIRECTION('',(0.,1.));
#7858 = ( GEOMETRIC_REPRESENTATION_CONTEXT(2) 
PARAMETRIC_REPRESENTATION_CONTEXT() REPRESENTATION_CONTEXT('2D SPACE',''
  ) );
#7859 = ADVANCED_FACE('',(#7860),#3925,.T.);
#7860 = FACE_BOUND('',#7861,.T.);
#7861 = EDGE_LOOP('',(#7862,#7885,#7908,#7929));
#7862 = ORIENTED_EDGE('',*,*,#7863,.T.);
#7863 = EDGE_CURVE('',#3856,#7864,#7866,.T.);
#7864 = VERTEX_POINT('',#7865);
#7865 = CARTESIAN_POINT('',(1.15,1.15,-0.355125000056));
#7866 = SURFACE_CURVE('',#7867,(#7871,#7878),.PCURVE_S1.);
#7867 = LINE('',#7868,#7869);
#7868 = CARTESIAN_POINT('',(1.15,1.15,-8.502500005649E-02));
#7869 = VECTOR('',#7870,1.);
#7870 = DIRECTION('',(-6.982962677686E-15,0.,-1.));
#7871 = PCURVE('',#3925,#7872);
#7872 = DEFINITIONAL_REPRESENTATION('',(#7873),#7877);
#7873 = LINE('',#7874,#7875);
#7874 = CARTESIAN_POINT('',(0.,0.));
#7875 = VECTOR('',#7876,1.);
#7876 = DIRECTION('',(-6.982962677686E-15,1.));
#7877 = ( GEOMETRIC_REPRESENTATION_CONTEXT(2) 
PARAMETRIC_REPRESENTATION_CONTEXT() REPRESENTATION_CONTEXT('2D SPACE',''
  ) );
#7878 = PCURVE('',#3871,#7879);
#7879 = DEFINITIONAL_REPRESENTATION('',(#7880),#7884);
#7880 = LINE('',#7881,#7882);
#7881 = CARTESIAN_POINT('',(0.,0.));
#7882 = VECTOR('',#7883,1.);
#7883 = DIRECTION('',(1.,0.));
#7884 = ( GEOMETRIC_REPRESENTATION_CONTEXT(2) 
PARAMETRIC_REPRESENTATION_CONTEXT() REPRESENTATION_CONTEXT('2D SPACE',''
  ) );
#7885 = ORIENTED_EDGE('',*,*,#7886,.F.);
#7886 = EDGE_CURVE('',#7887,#7864,#7889,.T.);
#7887 = VERTEX_POINT('',#7888);
#7888 = CARTESIAN_POINT('',(-1.15,1.15,-0.355125000056));
#7889 = SURFACE_CURVE('',#7890,(#7894,#7901),.PCURVE_S1.);
#7890 = LINE('',#7891,#7892);
#7891 = CARTESIAN_POINT('',(1.15,1.15,-0.355125000056));
#7892 = VECTOR('',#7893,1.);
#7893 = DIRECTION('',(1.,0.,-6.982962677686E-15));
#7894 = PCURVE('',#3925,#7895);
#7895 = DEFINITIONAL_REPRESENTATION('',(#7896),#7900);
#7896 = LINE('',#7897,#7898);
#7897 = CARTESIAN_POINT('',(0.,0.2701));
#7898 = VECTOR('',#7899,1.);
#7899 = DIRECTION('',(1.,6.982962677686E-15));
#7900 = ( GEOMETRIC_REPRESENTATION_CONTEXT(2) 
PARAMETRIC_REPRESENTATION_CONTEXT() REPRESENTATION_CONTEXT('2D SPACE',''
  ) );
#7901 = PCURVE('',#1187,#7902);
#7902 = DEFINITIONAL_REPRESENTATION('',(#7903),#7907);
#7903 = LINE('',#7904,#7905);
#7904 = CARTESIAN_POINT('',(-1.15,1.15));
#7905 = VECTOR('',#7906,1.);
#7906 = DIRECTION('',(-1.,0.));
#7907 = ( GEOMETRIC_REPRESENTATION_CONTEXT(2) 
PARAMETRIC_REPRESENTATION_CONTEXT() REPRESENTATION_CONTEXT('2D SPACE',''
  ) );
#7908 = ORIENTED_EDGE('',*,*,#7909,.F.);
#7909 = EDGE_CURVE('',#3910,#7887,#7910,.T.);
#7910 = SURFACE_CURVE('',#7911,(#7915,#7922),.PCURVE_S1.);
#7911 = LINE('',#7912,#7913);
#7912 = CARTESIAN_POINT('',(-1.15,1.15,-8.502500005647E-02));
#7913 = VECTOR('',#7914,1.);
#7914 = DIRECTION('',(-6.982962677686E-15,0.,-1.));
#7915 = PCURVE('',#3925,#7916);
#7916 = DEFINITIONAL_REPRESENTATION('',(#7917),#7921);
#7917 = LINE('',#7918,#7919);
#7918 = CARTESIAN_POINT('',(-2.3,-1.600108934241E-14));
#7919 = VECTOR('',#7920,1.);
#7920 = DIRECTION('',(-6.982962677686E-15,1.));
#7921 = ( GEOMETRIC_REPRESENTATION_CONTEXT(2) 
PARAMETRIC_REPRESENTATION_CONTEXT() REPRESENTATION_CONTEXT('2D SPACE',''
  ) );
#7922 = PCURVE('',#3977,#7923);
#7923 = DEFINITIONAL_REPRESENTATION('',(#7924),#7928);
#7924 = LINE('',#7925,#7926);
#7925 = CARTESIAN_POINT('',(0.,0.));
#7926 = VECTOR('',#7927,1.);
#7927 = DIRECTION('',(-1.316685792267E-30,1.));
#7928 = ( GEOMETRIC_REPRESENTATION_CONTEXT(2) 
PARAMETRIC_REPRESENTATION_CONTEXT() REPRESENTATION_CONTEXT('2D SPACE',''
  ) );
#7929 = ORIENTED_EDGE('',*,*,#3909,.T.);
#7930 = ADVANCED_FACE('',(#7931),#3871,.T.);
#7931 = FACE_BOUND('',#7932,.T.);
#7932 = EDGE_LOOP('',(#7933,#7956,#7977,#7978));
#7933 = ORIENTED_EDGE('',*,*,#7934,.T.);
#7934 = EDGE_CURVE('',#3802,#7935,#7937,.T.);
#7935 = VERTEX_POINT('',#7936);
#7936 = CARTESIAN_POINT('',(1.15,-1.15,-0.355125000056));
#7937 = SURFACE_CURVE('',#7938,(#7942,#7949),.PCURVE_S1.);
#7938 = LINE('',#7939,#7940);
#7939 = CARTESIAN_POINT('',(1.15,-1.15,-8.502500005649E-02));
#7940 = VECTOR('',#7941,1.);
#7941 = DIRECTION('',(-6.982962677686E-15,0.,-1.));
#7942 = PCURVE('',#3871,#7943);
#7943 = DEFINITIONAL_REPRESENTATION('',(#7944),#7948);
#7944 = LINE('',#7945,#7946);
#7945 = CARTESIAN_POINT('',(3.101058377946E-30,-2.3));
#7946 = VECTOR('',#7947,1.);
#7947 = DIRECTION('',(1.,0.));
#7948 = ( GEOMETRIC_REPRESENTATION_CONTEXT(2) 
PARAMETRIC_REPRESENTATION_CONTEXT() REPRESENTATION_CONTEXT('2D SPACE',''
  ) );
#7949 = PCURVE('',#3817,#7950);
#7950 = DEFINITIONAL_REPRESENTATION('',(#7951),#7955);
#7951 = LINE('',#7952,#7953);
#7952 = CARTESIAN_POINT('',(0.,0.));
#7953 = VECTOR('',#7954,1.);
#7954 = DIRECTION('',(1.,-6.982962677686E-15));
#7955 = ( GEOMETRIC_REPRESENTATION_CONTEXT(2) 
PARAMETRIC_REPRESENTATION_CONTEXT() REPRESENTATION_CONTEXT('2D SPACE',''
  ) );
#7956 = ORIENTED_EDGE('',*,*,#7957,.F.);
#7957 = EDGE_CURVE('',#7864,#7935,#7958,.T.);
#7958 = SURFACE_CURVE('',#7959,(#7963,#7970),.PCURVE_S1.);
#7959 = LINE('',#7960,#7961);
#7960 = CARTESIAN_POINT('',(1.15,1.15,-0.355125000056));
#7961 = VECTOR('',#7962,1.);
#7962 = DIRECTION('',(0.,-1.,0.));
#7963 = PCURVE('',#3871,#7964);
#7964 = DEFINITIONAL_REPRESENTATION('',(#7965),#7969);
#7965 = LINE('',#7966,#7967);
#7966 = CARTESIAN_POINT('',(0.2701,2.069249433689E-32));
#7967 = VECTOR('',#7968,1.);
#7968 = DIRECTION('',(0.,-1.));
#7969 = ( GEOMETRIC_REPRESENTATION_CONTEXT(2) 
PARAMETRIC_REPRESENTATION_CONTEXT() REPRESENTATION_CONTEXT('2D SPACE',''
  ) );
#7970 = PCURVE('',#1187,#7971);
#7971 = DEFINITIONAL_REPRESENTATION('',(#7972),#7976);
#7972 = LINE('',#7973,#7974);
#7973 = CARTESIAN_POINT('',(-1.15,1.15));
#7974 = VECTOR('',#7975,1.);
#7975 = DIRECTION('',(0.,-1.));
#7976 = ( GEOMETRIC_REPRESENTATION_CONTEXT(2) 
PARAMETRIC_REPRESENTATION_CONTEXT() REPRESENTATION_CONTEXT('2D SPACE',''
  ) );
#7977 = ORIENTED_EDGE('',*,*,#7863,.F.);
#7978 = ORIENTED_EDGE('',*,*,#3855,.T.);
#7979 = ADVANCED_FACE('',(#7980),#3817,.T.);
#7980 = FACE_BOUND('',#7981,.T.);
#7981 = EDGE_LOOP('',(#7982,#8005,#8026,#8027));
#7982 = ORIENTED_EDGE('',*,*,#7983,.T.);
#7983 = EDGE_CURVE('',#3779,#7984,#7986,.T.);
#7984 = VERTEX_POINT('',#7985);
#7985 = CARTESIAN_POINT('',(-1.15,-1.15,-0.355125000056));
#7986 = SURFACE_CURVE('',#7987,(#7991,#7998),.PCURVE_S1.);
#7987 = LINE('',#7988,#7989);
#7988 = CARTESIAN_POINT('',(-1.15,-1.15,-8.502500005647E-02));
#7989 = VECTOR('',#7990,1.);
#7990 = DIRECTION('',(-6.982962677686E-15,0.,-1.));
#7991 = PCURVE('',#3817,#7992);
#7992 = DEFINITIONAL_REPRESENTATION('',(#7993),#7997);
#7993 = LINE('',#7994,#7995);
#7994 = CARTESIAN_POINT('',(-1.600108934241E-14,-2.3));
#7995 = VECTOR('',#7996,1.);
#7996 = DIRECTION('',(1.,-6.982962677686E-15));
#7997 = ( GEOMETRIC_REPRESENTATION_CONTEXT(2) 
PARAMETRIC_REPRESENTATION_CONTEXT() REPRESENTATION_CONTEXT('2D SPACE',''
  ) );
#7998 = PCURVE('',#3977,#7999);
#7999 = DEFINITIONAL_REPRESENTATION('',(#8000),#8004);
#8000 = LINE('',#8001,#8002);
#8001 = CARTESIAN_POINT('',(-2.3,7.268105573311E-32));
#8002 = VECTOR('',#8003,1.);
#8003 = DIRECTION('',(-1.316685792267E-30,1.));
#8004 = ( GEOMETRIC_REPRESENTATION_CONTEXT(2) 
PARAMETRIC_REPRESENTATION_CONTEXT() REPRESENTATION_CONTEXT('2D SPACE',''
  ) );
#8005 = ORIENTED_EDGE('',*,*,#8006,.F.);
#8006 = EDGE_CURVE('',#7935,#7984,#8007,.T.);
#8007 = SURFACE_CURVE('',#8008,(#8012,#8019),.PCURVE_S1.);
#8008 = LINE('',#8009,#8010);
#8009 = CARTESIAN_POINT('',(1.15,-1.15,-0.355125000056));
#8010 = VECTOR('',#8011,1.);
#8011 = DIRECTION('',(-1.,0.,6.982962677686E-15));
#8012 = PCURVE('',#3817,#8013);
#8013 = DEFINITIONAL_REPRESENTATION('',(#8014),#8018);
#8014 = LINE('',#8015,#8016);
#8015 = CARTESIAN_POINT('',(0.2701,0.));
#8016 = VECTOR('',#8017,1.);
#8017 = DIRECTION('',(-6.982962677686E-15,-1.));
#8018 = ( GEOMETRIC_REPRESENTATION_CONTEXT(2) 
PARAMETRIC_REPRESENTATION_CONTEXT() REPRESENTATION_CONTEXT('2D SPACE',''
  ) );
#8019 = PCURVE('',#1187,#8020);
#8020 = DEFINITIONAL_REPRESENTATION('',(#8021),#8025);
#8021 = LINE('',#8022,#8023);
#8022 = CARTESIAN_POINT('',(-1.15,-1.15));
#8023 = VECTOR('',#8024,1.);
#8024 = DIRECTION('',(1.,0.));
#8025 = ( GEOMETRIC_REPRESENTATION_CONTEXT(2) 
PARAMETRIC_REPRESENTATION_CONTEXT() REPRESENTATION_CONTEXT('2D SPACE',''
  ) );
#8026 = ORIENTED_EDGE('',*,*,#7934,.F.);
#8027 = ORIENTED_EDGE('',*,*,#3801,.T.);
#8028 = ADVANCED_FACE('',(#8029),#3977,.T.);
#8029 = FACE_BOUND('',#8030,.T.);
#8030 = EDGE_LOOP('',(#8031,#8032,#8053,#8054));
#8031 = ORIENTED_EDGE('',*,*,#7909,.T.);
#8032 = ORIENTED_EDGE('',*,*,#8033,.F.);
#8033 = EDGE_CURVE('',#7984,#7887,#8034,.T.);
#8034 = SURFACE_CURVE('',#8035,(#8039,#8046),.PCURVE_S1.);
#8035 = LINE('',#8036,#8037);
#8036 = CARTESIAN_POINT('',(-1.15,1.15,-0.355125000056));
#8037 = VECTOR('',#8038,1.);
#8038 = DIRECTION('',(0.,1.,0.));
#8039 = PCURVE('',#3977,#8040);
#8040 = DEFINITIONAL_REPRESENTATION('',(#8041),#8045);
#8041 = LINE('',#8042,#8043);
#8042 = CARTESIAN_POINT('',(-3.349443381543E-31,0.2701));
#8043 = VECTOR('',#8044,1.);
#8044 = DIRECTION('',(1.,1.316685792267E-30));
#8045 = ( GEOMETRIC_REPRESENTATION_CONTEXT(2) 
PARAMETRIC_REPRESENTATION_CONTEXT() REPRESENTATION_CONTEXT('2D SPACE',''
  ) );
#8046 = PCURVE('',#1187,#8047);
#8047 = DEFINITIONAL_REPRESENTATION('',(#8048),#8052);
#8048 = LINE('',#8049,#8050);
#8049 = CARTESIAN_POINT('',(1.15,1.15));
#8050 = VECTOR('',#8051,1.);
#8051 = DIRECTION('',(0.,1.));
#8052 = ( GEOMETRIC_REPRESENTATION_CONTEXT(2) 
PARAMETRIC_REPRESENTATION_CONTEXT() REPRESENTATION_CONTEXT('2D SPACE',''
  ) );
#8053 = ORIENTED_EDGE('',*,*,#7983,.F.);
#8054 = ORIENTED_EDGE('',*,*,#3963,.T.);
#8055 = ADVANCED_FACE('',(#8056),#8071,.T.);
#8056 = FACE_BOUND('',#8057,.T.);
#8057 = EDGE_LOOP('',(#8058,#8097,#8120,#8152,#8175,#8207,#8230,#8262));
#8058 = ORIENTED_EDGE('',*,*,#8059,.F.);
#8059 = EDGE_CURVE('',#8060,#8062,#8064,.T.);
#8060 = VERTEX_POINT('',#8061);
#8061 = CARTESIAN_POINT('',(-0.115,-0.28,-0.355125000056));
#8062 = VERTEX_POINT('',#8063);
#8063 = CARTESIAN_POINT('',(-9.E-02,-0.255,-0.355125000056));
#8064 = SURFACE_CURVE('',#8065,(#8070,#8086),.PCURVE_S1.);
#8065 = CIRCLE('',#8066,2.5E-02);
#8066 = AXIS2_PLACEMENT_3D('',#8067,#8068,#8069);
#8067 = CARTESIAN_POINT('',(-0.115,-0.255,-0.355125000056));
#8068 = DIRECTION('',(6.505213034913E-15,0.,1.));
#8069 = DIRECTION('',(-1.,0.,6.505213034913E-15));
#8070 = PCURVE('',#8071,#8076);
#8071 = PLANE('',#8072);
#8072 = AXIS2_PLACEMENT_3D('',#8073,#8074,#8075);
#8073 = CARTESIAN_POINT('',(-2.913505490302E-15,0.,-0.355125000056));
#8074 = DIRECTION('',(-6.982962677686E-15,0.,-1.));
#8075 = DIRECTION('',(-1.,0.,6.982962677686E-15));
#8076 = DEFINITIONAL_REPRESENTATION('',(#8077),#8085);
#8077 = ( BOUNDED_CURVE() B_SPLINE_CURVE(2,(#8078,#8079,#8080,#8081,
#8082,#8083,#8084),.UNSPECIFIED.,.T.,.F.) B_SPLINE_CURVE_WITH_KNOTS((1,2
    ,2,2,2,1),(-2.094395102393,0.,2.094395102393,4.188790204786,
6.28318530718,8.377580409573),.UNSPECIFIED.) CURVE() 
GEOMETRIC_REPRESENTATION_ITEM() RATIONAL_B_SPLINE_CURVE((1.,0.5,1.,0.5,
1.,0.5,1.)) REPRESENTATION_ITEM('') );
#8078 = CARTESIAN_POINT('',(0.14,-0.255));
#8079 = CARTESIAN_POINT('',(0.14,-0.298301270189));
#8080 = CARTESIAN_POINT('',(0.1025,-0.276650635095));
#8081 = CARTESIAN_POINT('',(6.5E-02,-0.255));
#8082 = CARTESIAN_POINT('',(0.1025,-0.233349364905));
#8083 = CARTESIAN_POINT('',(0.14,-0.211698729811));
#8084 = CARTESIAN_POINT('',(0.14,-0.255));
#8085 = ( GEOMETRIC_REPRESENTATION_CONTEXT(2) 
PARAMETRIC_REPRESENTATION_CONTEXT() REPRESENTATION_CONTEXT('2D SPACE',''
  ) );
#8086 = PCURVE('',#1187,#8087);
#8087 = DEFINITIONAL_REPRESENTATION('',(#8088),#8096);
#8088 = ( BOUNDED_CURVE() B_SPLINE_CURVE(2,(#8089,#8090,#8091,#8092,
#8093,#8094,#8095),.UNSPECIFIED.,.T.,.F.) B_SPLINE_CURVE_WITH_KNOTS((1,2
    ,2,2,2,1),(-2.094395102393,0.,2.094395102393,4.188790204786,
6.28318530718,8.377580409573),.UNSPECIFIED.) CURVE() 
GEOMETRIC_REPRESENTATION_ITEM() RATIONAL_B_SPLINE_CURVE((1.,0.5,1.,0.5,
1.,0.5,1.)) REPRESENTATION_ITEM('') );
#8089 = CARTESIAN_POINT('',(0.14,-0.255));
#8090 = CARTESIAN_POINT('',(0.14,-0.298301270189));
#8091 = CARTESIAN_POINT('',(0.1025,-0.276650635095));
#8092 = CARTESIAN_POINT('',(6.5E-02,-0.255));
#8093 = CARTESIAN_POINT('',(0.1025,-0.233349364905));
#8094 = CARTESIAN_POINT('',(0.14,-0.211698729811));
#8095 = CARTESIAN_POINT('',(0.14,-0.255));
#8096 = ( GEOMETRIC_REPRESENTATION_CONTEXT(2) 
PARAMETRIC_REPRESENTATION_CONTEXT() REPRESENTATION_CONTEXT('2D SPACE',''
  ) );
#8097 = ORIENTED_EDGE('',*,*,#8098,.F.);
#8098 = EDGE_CURVE('',#8099,#8060,#8101,.T.);
#8099 = VERTEX_POINT('',#8100);
#8100 = CARTESIAN_POINT('',(-0.635,-0.28,-0.355125000056));
#8101 = SURFACE_CURVE('',#8102,(#8106,#8113),.PCURVE_S1.);
#8102 = LINE('',#8103,#8104);
#8103 = CARTESIAN_POINT('',(-2.913505490302E-15,-0.28,-0.355125000056));
#8104 = VECTOR('',#8105,1.);
#8105 = DIRECTION('',(1.,0.,-6.982962677686E-15));
#8106 = PCURVE('',#8071,#8107);
#8107 = DEFINITIONAL_REPRESENTATION('',(#8108),#8112);
#8108 = LINE('',#8109,#8110);
#8109 = CARTESIAN_POINT('',(0.,-0.28));
#8110 = VECTOR('',#8111,1.);
#8111 = DIRECTION('',(-1.,0.));
#8112 = ( GEOMETRIC_REPRESENTATION_CONTEXT(2) 
PARAMETRIC_REPRESENTATION_CONTEXT() REPRESENTATION_CONTEXT('2D SPACE',''
  ) );
#8113 = PCURVE('',#1187,#8114);
#8114 = DEFINITIONAL_REPRESENTATION('',(#8115),#8119);
#8115 = LINE('',#8116,#8117);
#8116 = CARTESIAN_POINT('',(0.,-0.28));
#8117 = VECTOR('',#8118,1.);
#8118 = DIRECTION('',(-1.,0.));
#8119 = ( GEOMETRIC_REPRESENTATION_CONTEXT(2) 
PARAMETRIC_REPRESENTATION_CONTEXT() REPRESENTATION_CONTEXT('2D SPACE',''
  ) );
#8120 = ORIENTED_EDGE('',*,*,#8121,.F.);
#8121 = EDGE_CURVE('',#8122,#8099,#8124,.T.);
#8122 = VERTEX_POINT('',#8123);
#8123 = CARTESIAN_POINT('',(-0.66,-0.255,-0.355125000056));
#8124 = SURFACE_CURVE('',#8125,(#8130,#8141),.PCURVE_S1.);
#8125 = CIRCLE('',#8126,2.5E-02);
#8126 = AXIS2_PLACEMENT_3D('',#8127,#8128,#8129);
#8127 = CARTESIAN_POINT('',(-0.635,-0.255,-0.355125000056));
#8128 = DIRECTION('',(6.505213034913E-15,0.,1.));
#8129 = DIRECTION('',(-1.,0.,6.505213034913E-15));
#8130 = PCURVE('',#8071,#8131);
#8131 = DEFINITIONAL_REPRESENTATION('',(#8132),#8140);
#8132 = ( BOUNDED_CURVE() B_SPLINE_CURVE(2,(#8133,#8134,#8135,#8136,
#8137,#8138,#8139),.UNSPECIFIED.,.T.,.F.) B_SPLINE_CURVE_WITH_KNOTS((1,2
    ,2,2,2,1),(-2.094395102393,0.,2.094395102393,4.188790204786,
6.28318530718,8.377580409573),.UNSPECIFIED.) CURVE() 
GEOMETRIC_REPRESENTATION_ITEM() RATIONAL_B_SPLINE_CURVE((1.,0.5,1.,0.5,
1.,0.5,1.)) REPRESENTATION_ITEM('') );
#8133 = CARTESIAN_POINT('',(0.66,-0.255));
#8134 = CARTESIAN_POINT('',(0.66,-0.298301270189));
#8135 = CARTESIAN_POINT('',(0.6225,-0.276650635095));
#8136 = CARTESIAN_POINT('',(0.585,-0.255));
#8137 = CARTESIAN_POINT('',(0.6225,-0.233349364905));
#8138 = CARTESIAN_POINT('',(0.66,-0.211698729811));
#8139 = CARTESIAN_POINT('',(0.66,-0.255));
#8140 = ( GEOMETRIC_REPRESENTATION_CONTEXT(2) 
PARAMETRIC_REPRESENTATION_CONTEXT() REPRESENTATION_CONTEXT('2D SPACE',''
  ) );
#8141 = PCURVE('',#1187,#8142);
#8142 = DEFINITIONAL_REPRESENTATION('',(#8143),#8151);
#8143 = ( BOUNDED_CURVE() B_SPLINE_CURVE(2,(#8144,#8145,#8146,#8147,
#8148,#8149,#8150),.UNSPECIFIED.,.T.,.F.) B_SPLINE_CURVE_WITH_KNOTS((1,2
    ,2,2,2,1),(-2.094395102393,0.,2.094395102393,4.188790204786,
6.28318530718,8.377580409573),.UNSPECIFIED.) CURVE() 
GEOMETRIC_REPRESENTATION_ITEM() RATIONAL_B_SPLINE_CURVE((1.,0.5,1.,0.5,
1.,0.5,1.)) REPRESENTATION_ITEM('') );
#8144 = CARTESIAN_POINT('',(0.66,-0.255));
#8145 = CARTESIAN_POINT('',(0.66,-0.298301270189));
#8146 = CARTESIAN_POINT('',(0.6225,-0.276650635095));
#8147 = CARTESIAN_POINT('',(0.585,-0.255));
#8148 = CARTESIAN_POINT('',(0.6225,-0.233349364905));
#8149 = CARTESIAN_POINT('',(0.66,-0.211698729811));
#8150 = CARTESIAN_POINT('',(0.66,-0.255));
#8151 = ( GEOMETRIC_REPRESENTATION_CONTEXT(2) 
PARAMETRIC_REPRESENTATION_CONTEXT() REPRESENTATION_CONTEXT('2D SPACE',''
  ) );
#8152 = ORIENTED_EDGE('',*,*,#8153,.F.);
#8153 = EDGE_CURVE('',#8154,#8122,#8156,.T.);
#8154 = VERTEX_POINT('',#8155);
#8155 = CARTESIAN_POINT('',(-0.66,-8.5E-02,-0.355125000056));
#8156 = SURFACE_CURVE('',#8157,(#8161,#8168),.PCURVE_S1.);
#8157 = LINE('',#8158,#8159);
#8158 = CARTESIAN_POINT('',(-0.66,0.,-0.355125000056));
#8159 = VECTOR('',#8160,1.);
#8160 = DIRECTION('',(0.,-1.,0.));
#8161 = PCURVE('',#8071,#8162);
#8162 = DEFINITIONAL_REPRESENTATION('',(#8163),#8167);
#8163 = LINE('',#8164,#8165);
#8164 = CARTESIAN_POINT('',(0.66,0.));
#8165 = VECTOR('',#8166,1.);
#8166 = DIRECTION('',(0.,-1.));
#8167 = ( GEOMETRIC_REPRESENTATION_CONTEXT(2) 
PARAMETRIC_REPRESENTATION_CONTEXT() REPRESENTATION_CONTEXT('2D SPACE',''
  ) );
#8168 = PCURVE('',#1187,#8169);
#8169 = DEFINITIONAL_REPRESENTATION('',(#8170),#8174);
#8170 = LINE('',#8171,#8172);
#8171 = CARTESIAN_POINT('',(0.66,0.));
#8172 = VECTOR('',#8173,1.);
#8173 = DIRECTION('',(0.,-1.));
#8174 = ( GEOMETRIC_REPRESENTATION_CONTEXT(2) 
PARAMETRIC_REPRESENTATION_CONTEXT() REPRESENTATION_CONTEXT('2D SPACE',''
  ) );
#8175 = ORIENTED_EDGE('',*,*,#8176,.F.);
#8176 = EDGE_CURVE('',#8177,#8154,#8179,.T.);
#8177 = VERTEX_POINT('',#8178);
#8178 = CARTESIAN_POINT('',(-0.635,-6.E-02,-0.355125000056));
#8179 = SURFACE_CURVE('',#8180,(#8185,#8196),.PCURVE_S1.);
#8180 = CIRCLE('',#8181,2.5E-02);
#8181 = AXIS2_PLACEMENT_3D('',#8182,#8183,#8184);
#8182 = CARTESIAN_POINT('',(-0.635,-8.5E-02,-0.355125000056));
#8183 = DIRECTION('',(6.505213034913E-15,0.,1.));
#8184 = DIRECTION('',(-1.,0.,6.505213034913E-15));
#8185 = PCURVE('',#8071,#8186);
#8186 = DEFINITIONAL_REPRESENTATION('',(#8187),#8195);
#8187 = ( BOUNDED_CURVE() B_SPLINE_CURVE(2,(#8188,#8189,#8190,#8191,
#8192,#8193,#8194),.UNSPECIFIED.,.T.,.F.) B_SPLINE_CURVE_WITH_KNOTS((1,2
    ,2,2,2,1),(-2.094395102393,0.,2.094395102393,4.188790204786,
6.28318530718,8.377580409573),.UNSPECIFIED.) CURVE() 
GEOMETRIC_REPRESENTATION_ITEM() RATIONAL_B_SPLINE_CURVE((1.,0.5,1.,0.5,
1.,0.5,1.)) REPRESENTATION_ITEM('') );
#8188 = CARTESIAN_POINT('',(0.66,-8.5E-02));
#8189 = CARTESIAN_POINT('',(0.66,-0.128301270189));
#8190 = CARTESIAN_POINT('',(0.6225,-0.106650635095));
#8191 = CARTESIAN_POINT('',(0.585,-8.5E-02));
#8192 = CARTESIAN_POINT('',(0.6225,-6.334936490539E-02));
#8193 = CARTESIAN_POINT('',(0.66,-4.169872981078E-02));
#8194 = CARTESIAN_POINT('',(0.66,-8.5E-02));
#8195 = ( GEOMETRIC_REPRESENTATION_CONTEXT(2) 
PARAMETRIC_REPRESENTATION_CONTEXT() REPRESENTATION_CONTEXT('2D SPACE',''
  ) );
#8196 = PCURVE('',#1187,#8197);
#8197 = DEFINITIONAL_REPRESENTATION('',(#8198),#8206);
#8198 = ( BOUNDED_CURVE() B_SPLINE_CURVE(2,(#8199,#8200,#8201,#8202,
#8203,#8204,#8205),.UNSPECIFIED.,.T.,.F.) B_SPLINE_CURVE_WITH_KNOTS((1,2
    ,2,2,2,1),(-2.094395102393,0.,2.094395102393,4.188790204786,
6.28318530718,8.377580409573),.UNSPECIFIED.) CURVE() 
GEOMETRIC_REPRESENTATION_ITEM() RATIONAL_B_SPLINE_CURVE((1.,0.5,1.,0.5,
1.,0.5,1.)) REPRESENTATION_ITEM('') );
#8199 = CARTESIAN_POINT('',(0.66,-8.5E-02));
#8200 = CARTESIAN_POINT('',(0.66,-0.128301270189));
#8201 = CARTESIAN_POINT('',(0.6225,-0.106650635095));
#8202 = CARTESIAN_POINT('',(0.585,-8.5E-02));
#8203 = CARTESIAN_POINT('',(0.6225,-6.334936490539E-02));
#8204 = CARTESIAN_POINT('',(0.66,-4.169872981078E-02));
#8205 = CARTESIAN_POINT('',(0.66,-8.5E-02));
#8206 = ( GEOMETRIC_REPRESENTATION_CONTEXT(2) 
PARAMETRIC_REPRESENTATION_CONTEXT() REPRESENTATION_CONTEXT('2D SPACE',''
  ) );
#8207 = ORIENTED_EDGE('',*,*,#8208,.F.);
#8208 = EDGE_CURVE('',#8209,#8177,#8211,.T.);
#8209 = VERTEX_POINT('',#8210);
#8210 = CARTESIAN_POINT('',(-0.115,-6.E-02,-0.355125000056));
#8211 = SURFACE_CURVE('',#8212,(#8216,#8223),.PCURVE_S1.);
#8212 = LINE('',#8213,#8214);
#8213 = CARTESIAN_POINT('',(-2.913505490302E-15,-6.E-02,-0.355125000056)
  );
#8214 = VECTOR('',#8215,1.);
#8215 = DIRECTION('',(-1.,0.,6.982962677686E-15));
#8216 = PCURVE('',#8071,#8217);
#8217 = DEFINITIONAL_REPRESENTATION('',(#8218),#8222);
#8218 = LINE('',#8219,#8220);
#8219 = CARTESIAN_POINT('',(0.,-6.E-02));
#8220 = VECTOR('',#8221,1.);
#8221 = DIRECTION('',(1.,0.));
#8222 = ( GEOMETRIC_REPRESENTATION_CONTEXT(2) 
PARAMETRIC_REPRESENTATION_CONTEXT() REPRESENTATION_CONTEXT('2D SPACE',''
  ) );
#8223 = PCURVE('',#1187,#8224);
#8224 = DEFINITIONAL_REPRESENTATION('',(#8225),#8229);
#8225 = LINE('',#8226,#8227);
#8226 = CARTESIAN_POINT('',(0.,-6.E-02));
#8227 = VECTOR('',#8228,1.);
#8228 = DIRECTION('',(1.,0.));
#8229 = ( GEOMETRIC_REPRESENTATION_CONTEXT(2) 
PARAMETRIC_REPRESENTATION_CONTEXT() REPRESENTATION_CONTEXT('2D SPACE',''
  ) );
#8230 = ORIENTED_EDGE('',*,*,#8231,.F.);
#8231 = EDGE_CURVE('',#8232,#8209,#8234,.T.);
#8232 = VERTEX_POINT('',#8233);
#8233 = CARTESIAN_POINT('',(-9.E-02,-8.5E-02,-0.355125000056));
#8234 = SURFACE_CURVE('',#8235,(#8240,#8251),.PCURVE_S1.);
#8235 = CIRCLE('',#8236,2.5E-02);
#8236 = AXIS2_PLACEMENT_3D('',#8237,#8238,#8239);
#8237 = CARTESIAN_POINT('',(-0.115,-8.5E-02,-0.355125000056));
#8238 = DIRECTION('',(6.505213034913E-15,0.,1.));
#8239 = DIRECTION('',(-1.,0.,6.505213034913E-15));
#8240 = PCURVE('',#8071,#8241);
#8241 = DEFINITIONAL_REPRESENTATION('',(#8242),#8250);
#8242 = ( BOUNDED_CURVE() B_SPLINE_CURVE(2,(#8243,#8244,#8245,#8246,
#8247,#8248,#8249),.UNSPECIFIED.,.T.,.F.) B_SPLINE_CURVE_WITH_KNOTS((1,2
    ,2,2,2,1),(-2.094395102393,0.,2.094395102393,4.188790204786,
6.28318530718,8.377580409573),.UNSPECIFIED.) CURVE() 
GEOMETRIC_REPRESENTATION_ITEM() RATIONAL_B_SPLINE_CURVE((1.,0.5,1.,0.5,
1.,0.5,1.)) REPRESENTATION_ITEM('') );
#8243 = CARTESIAN_POINT('',(0.14,-8.5E-02));
#8244 = CARTESIAN_POINT('',(0.14,-0.128301270189));
#8245 = CARTESIAN_POINT('',(0.1025,-0.106650635095));
#8246 = CARTESIAN_POINT('',(6.5E-02,-8.5E-02));
#8247 = CARTESIAN_POINT('',(0.1025,-6.334936490539E-02));
#8248 = CARTESIAN_POINT('',(0.14,-4.169872981078E-02));
#8249 = CARTESIAN_POINT('',(0.14,-8.5E-02));
#8250 = ( GEOMETRIC_REPRESENTATION_CONTEXT(2) 
PARAMETRIC_REPRESENTATION_CONTEXT() REPRESENTATION_CONTEXT('2D SPACE',''
  ) );
#8251 = PCURVE('',#1187,#8252);
#8252 = DEFINITIONAL_REPRESENTATION('',(#8253),#8261);
#8253 = ( BOUNDED_CURVE() B_SPLINE_CURVE(2,(#8254,#8255,#8256,#8257,
#8258,#8259,#8260),.UNSPECIFIED.,.T.,.F.) B_SPLINE_CURVE_WITH_KNOTS((1,2
    ,2,2,2,1),(-2.094395102393,0.,2.094395102393,4.188790204786,
6.28318530718,8.377580409573),.UNSPECIFIED.) CURVE() 
GEOMETRIC_REPRESENTATION_ITEM() RATIONAL_B_SPLINE_CURVE((1.,0.5,1.,0.5,
1.,0.5,1.)) REPRESENTATION_ITEM('') );
#8254 = CARTESIAN_POINT('',(0.14,-8.5E-02));
#8255 = CARTESIAN_POINT('',(0.14,-0.128301270189));
#8256 = CARTESIAN_POINT('',(0.1025,-0.106650635095));
#8257 = CARTESIAN_POINT('',(6.5E-02,-8.5E-02));
#8258 = CARTESIAN_POINT('',(0.1025,-6.334936490539E-02));
#8259 = CARTESIAN_POINT('',(0.14,-4.169872981078E-02));
#8260 = CARTESIAN_POINT('',(0.14,-8.5E-02));
#8261 = ( GEOMETRIC_REPRESENTATION_CONTEXT(2) 
PARAMETRIC_REPRESENTATION_CONTEXT() REPRESENTATION_CONTEXT('2D SPACE',''
  ) );
#8262 = ORIENTED_EDGE('',*,*,#8263,.F.);
#8263 = EDGE_CURVE('',#8062,#8232,#8264,.T.);
#8264 = SURFACE_CURVE('',#8265,(#8269,#8276),.PCURVE_S1.);
#8265 = LINE('',#8266,#8267);
#8266 = CARTESIAN_POINT('',(-9.E-02,0.,-0.355125000056));
#8267 = VECTOR('',#8268,1.);
#8268 = DIRECTION('',(0.,1.,0.));
#8269 = PCURVE('',#8071,#8270);
#8270 = DEFINITIONAL_REPRESENTATION('',(#8271),#8275);
#8271 = LINE('',#8272,#8273);
#8272 = CARTESIAN_POINT('',(9.E-02,0.));
#8273 = VECTOR('',#8274,1.);
#8274 = DIRECTION('',(0.,1.));
#8275 = ( GEOMETRIC_REPRESENTATION_CONTEXT(2) 
PARAMETRIC_REPRESENTATION_CONTEXT() REPRESENTATION_CONTEXT('2D SPACE',''
  ) );
#8276 = PCURVE('',#1187,#8277);
#8277 = DEFINITIONAL_REPRESENTATION('',(#8278),#8282);
#8278 = LINE('',#8279,#8280);
#8279 = CARTESIAN_POINT('',(9.E-02,0.));
#8280 = VECTOR('',#8281,1.);
#8281 = DIRECTION('',(0.,1.));
#8282 = ( GEOMETRIC_REPRESENTATION_CONTEXT(2) 
PARAMETRIC_REPRESENTATION_CONTEXT() REPRESENTATION_CONTEXT('2D SPACE',''
  ) );
#8283 = ADVANCED_FACE('',(#8284),#8299,.T.);
#8284 = FACE_BOUND('',#8285,.T.);
#8285 = EDGE_LOOP('',(#8286,#8325,#8348,#8380,#8403,#8435,#8458,#8490));
#8286 = ORIENTED_EDGE('',*,*,#8287,.F.);
#8287 = EDGE_CURVE('',#8288,#8290,#8292,.T.);
#8288 = VERTEX_POINT('',#8289);
#8289 = CARTESIAN_POINT('',(-0.115,6.E-02,-0.355125000056));
#8290 = VERTEX_POINT('',#8291);
#8291 = CARTESIAN_POINT('',(-9.E-02,8.5E-02,-0.355125000056));
#8292 = SURFACE_CURVE('',#8293,(#8298,#8314),.PCURVE_S1.);
#8293 = CIRCLE('',#8294,2.5E-02);
#8294 = AXIS2_PLACEMENT_3D('',#8295,#8296,#8297);
#8295 = CARTESIAN_POINT('',(-0.115,8.5E-02,-0.355125000056));
#8296 = DIRECTION('',(6.505213034913E-15,0.,1.));
#8297 = DIRECTION('',(-1.,0.,6.505213034913E-15));
#8298 = PCURVE('',#8299,#8304);
#8299 = PLANE('',#8300);
#8300 = AXIS2_PLACEMENT_3D('',#8301,#8302,#8303);
#8301 = CARTESIAN_POINT('',(-2.913505490302E-15,0.,-0.355125000056));
#8302 = DIRECTION('',(-6.982962677686E-15,0.,-1.));
#8303 = DIRECTION('',(-1.,0.,6.982962677686E-15));
#8304 = DEFINITIONAL_REPRESENTATION('',(#8305),#8313);
#8305 = ( BOUNDED_CURVE() B_SPLINE_CURVE(2,(#8306,#8307,#8308,#8309,
#8310,#8311,#8312),.UNSPECIFIED.,.T.,.F.) B_SPLINE_CURVE_WITH_KNOTS((1,2
    ,2,2,2,1),(-2.094395102393,0.,2.094395102393,4.188790204786,
6.28318530718,8.377580409573),.UNSPECIFIED.) CURVE() 
GEOMETRIC_REPRESENTATION_ITEM() RATIONAL_B_SPLINE_CURVE((1.,0.5,1.,0.5,
1.,0.5,1.)) REPRESENTATION_ITEM('') );
#8306 = CARTESIAN_POINT('',(0.14,8.5E-02));
#8307 = CARTESIAN_POINT('',(0.14,4.169872981078E-02));
#8308 = CARTESIAN_POINT('',(0.1025,6.334936490539E-02));
#8309 = CARTESIAN_POINT('',(6.5E-02,8.5E-02));
#8310 = CARTESIAN_POINT('',(0.1025,0.106650635095));
#8311 = CARTESIAN_POINT('',(0.14,0.128301270189));
#8312 = CARTESIAN_POINT('',(0.14,8.5E-02));
#8313 = ( GEOMETRIC_REPRESENTATION_CONTEXT(2) 
PARAMETRIC_REPRESENTATION_CONTEXT() REPRESENTATION_CONTEXT('2D SPACE',''
  ) );
#8314 = PCURVE('',#1187,#8315);
#8315 = DEFINITIONAL_REPRESENTATION('',(#8316),#8324);
#8316 = ( BOUNDED_CURVE() B_SPLINE_CURVE(2,(#8317,#8318,#8319,#8320,
#8321,#8322,#8323),.UNSPECIFIED.,.T.,.F.) B_SPLINE_CURVE_WITH_KNOTS((1,2
    ,2,2,2,1),(-2.094395102393,0.,2.094395102393,4.188790204786,
6.28318530718,8.377580409573),.UNSPECIFIED.) CURVE() 
GEOMETRIC_REPRESENTATION_ITEM() RATIONAL_B_SPLINE_CURVE((1.,0.5,1.,0.5,
1.,0.5,1.)) REPRESENTATION_ITEM('') );
#8317 = CARTESIAN_POINT('',(0.14,8.5E-02));
#8318 = CARTESIAN_POINT('',(0.14,4.169872981078E-02));
#8319 = CARTESIAN_POINT('',(0.1025,6.334936490539E-02));
#8320 = CARTESIAN_POINT('',(6.5E-02,8.5E-02));
#8321 = CARTESIAN_POINT('',(0.1025,0.106650635095));
#8322 = CARTESIAN_POINT('',(0.14,0.128301270189));
#8323 = CARTESIAN_POINT('',(0.14,8.5E-02));
#8324 = ( GEOMETRIC_REPRESENTATION_CONTEXT(2) 
PARAMETRIC_REPRESENTATION_CONTEXT() REPRESENTATION_CONTEXT('2D SPACE',''
  ) );
#8325 = ORIENTED_EDGE('',*,*,#8326,.F.);
#8326 = EDGE_CURVE('',#8327,#8288,#8329,.T.);
#8327 = VERTEX_POINT('',#8328);
#8328 = CARTESIAN_POINT('',(-0.635,6.E-02,-0.355125000056));
#8329 = SURFACE_CURVE('',#8330,(#8334,#8341),.PCURVE_S1.);
#8330 = LINE('',#8331,#8332);
#8331 = CARTESIAN_POINT('',(-2.913505490302E-15,6.E-02,-0.355125000056)
  );
#8332 = VECTOR('',#8333,1.);
#8333 = DIRECTION('',(1.,0.,-6.982962677686E-15));
#8334 = PCURVE('',#8299,#8335);
#8335 = DEFINITIONAL_REPRESENTATION('',(#8336),#8340);
#8336 = LINE('',#8337,#8338);
#8337 = CARTESIAN_POINT('',(0.,6.E-02));
#8338 = VECTOR('',#8339,1.);
#8339 = DIRECTION('',(-1.,0.));
#8340 = ( GEOMETRIC_REPRESENTATION_CONTEXT(2) 
PARAMETRIC_REPRESENTATION_CONTEXT() REPRESENTATION_CONTEXT('2D SPACE',''
  ) );
#8341 = PCURVE('',#1187,#8342);
#8342 = DEFINITIONAL_REPRESENTATION('',(#8343),#8347);
#8343 = LINE('',#8344,#8345);
#8344 = CARTESIAN_POINT('',(0.,6.E-02));
#8345 = VECTOR('',#8346,1.);
#8346 = DIRECTION('',(-1.,0.));
#8347 = ( GEOMETRIC_REPRESENTATION_CONTEXT(2) 
PARAMETRIC_REPRESENTATION_CONTEXT() REPRESENTATION_CONTEXT('2D SPACE',''
  ) );
#8348 = ORIENTED_EDGE('',*,*,#8349,.F.);
#8349 = EDGE_CURVE('',#8350,#8327,#8352,.T.);
#8350 = VERTEX_POINT('',#8351);
#8351 = CARTESIAN_POINT('',(-0.66,8.5E-02,-0.355125000056));
#8352 = SURFACE_CURVE('',#8353,(#8358,#8369),.PCURVE_S1.);
#8353 = CIRCLE('',#8354,2.5E-02);
#8354 = AXIS2_PLACEMENT_3D('',#8355,#8356,#8357);
#8355 = CARTESIAN_POINT('',(-0.635,8.5E-02,-0.355125000056));
#8356 = DIRECTION('',(6.505213034913E-15,0.,1.));
#8357 = DIRECTION('',(-1.,0.,6.505213034913E-15));
#8358 = PCURVE('',#8299,#8359);
#8359 = DEFINITIONAL_REPRESENTATION('',(#8360),#8368);
#8360 = ( BOUNDED_CURVE() B_SPLINE_CURVE(2,(#8361,#8362,#8363,#8364,
#8365,#8366,#8367),.UNSPECIFIED.,.T.,.F.) B_SPLINE_CURVE_WITH_KNOTS((1,2
    ,2,2,2,1),(-2.094395102393,0.,2.094395102393,4.188790204786,
6.28318530718,8.377580409573),.UNSPECIFIED.) CURVE() 
GEOMETRIC_REPRESENTATION_ITEM() RATIONAL_B_SPLINE_CURVE((1.,0.5,1.,0.5,
1.,0.5,1.)) REPRESENTATION_ITEM('') );
#8361 = CARTESIAN_POINT('',(0.66,8.5E-02));
#8362 = CARTESIAN_POINT('',(0.66,4.169872981078E-02));
#8363 = CARTESIAN_POINT('',(0.6225,6.334936490539E-02));
#8364 = CARTESIAN_POINT('',(0.585,8.5E-02));
#8365 = CARTESIAN_POINT('',(0.6225,0.106650635095));
#8366 = CARTESIAN_POINT('',(0.66,0.128301270189));
#8367 = CARTESIAN_POINT('',(0.66,8.5E-02));
#8368 = ( GEOMETRIC_REPRESENTATION_CONTEXT(2) 
PARAMETRIC_REPRESENTATION_CONTEXT() REPRESENTATION_CONTEXT('2D SPACE',''
  ) );
#8369 = PCURVE('',#1187,#8370);
#8370 = DEFINITIONAL_REPRESENTATION('',(#8371),#8379);
#8371 = ( BOUNDED_CURVE() B_SPLINE_CURVE(2,(#8372,#8373,#8374,#8375,
#8376,#8377,#8378),.UNSPECIFIED.,.T.,.F.) B_SPLINE_CURVE_WITH_KNOTS((1,2
    ,2,2,2,1),(-2.094395102393,0.,2.094395102393,4.188790204786,
6.28318530718,8.377580409573),.UNSPECIFIED.) CURVE() 
GEOMETRIC_REPRESENTATION_ITEM() RATIONAL_B_SPLINE_CURVE((1.,0.5,1.,0.5,
1.,0.5,1.)) REPRESENTATION_ITEM('') );
#8372 = CARTESIAN_POINT('',(0.66,8.5E-02));
#8373 = CARTESIAN_POINT('',(0.66,4.169872981078E-02));
#8374 = CARTESIAN_POINT('',(0.6225,6.334936490539E-02));
#8375 = CARTESIAN_POINT('',(0.585,8.5E-02));
#8376 = CARTESIAN_POINT('',(0.6225,0.106650635095));
#8377 = CARTESIAN_POINT('',(0.66,0.128301270189));
#8378 = CARTESIAN_POINT('',(0.66,8.5E-02));
#8379 = ( GEOMETRIC_REPRESENTATION_CONTEXT(2) 
PARAMETRIC_REPRESENTATION_CONTEXT() REPRESENTATION_CONTEXT('2D SPACE',''
  ) );
#8380 = ORIENTED_EDGE('',*,*,#8381,.F.);
#8381 = EDGE_CURVE('',#8382,#8350,#8384,.T.);
#8382 = VERTEX_POINT('',#8383);
#8383 = CARTESIAN_POINT('',(-0.66,0.255,-0.355125000056));
#8384 = SURFACE_CURVE('',#8385,(#8389,#8396),.PCURVE_S1.);
#8385 = LINE('',#8386,#8387);
#8386 = CARTESIAN_POINT('',(-0.66,0.,-0.355125000056));
#8387 = VECTOR('',#8388,1.);
#8388 = DIRECTION('',(0.,-1.,0.));
#8389 = PCURVE('',#8299,#8390);
#8390 = DEFINITIONAL_REPRESENTATION('',(#8391),#8395);
#8391 = LINE('',#8392,#8393);
#8392 = CARTESIAN_POINT('',(0.66,0.));
#8393 = VECTOR('',#8394,1.);
#8394 = DIRECTION('',(0.,-1.));
#8395 = ( GEOMETRIC_REPRESENTATION_CONTEXT(2) 
PARAMETRIC_REPRESENTATION_CONTEXT() REPRESENTATION_CONTEXT('2D SPACE',''
  ) );
#8396 = PCURVE('',#1187,#8397);
#8397 = DEFINITIONAL_REPRESENTATION('',(#8398),#8402);
#8398 = LINE('',#8399,#8400);
#8399 = CARTESIAN_POINT('',(0.66,0.));
#8400 = VECTOR('',#8401,1.);
#8401 = DIRECTION('',(0.,-1.));
#8402 = ( GEOMETRIC_REPRESENTATION_CONTEXT(2) 
PARAMETRIC_REPRESENTATION_CONTEXT() REPRESENTATION_CONTEXT('2D SPACE',''
  ) );
#8403 = ORIENTED_EDGE('',*,*,#8404,.F.);
#8404 = EDGE_CURVE('',#8405,#8382,#8407,.T.);
#8405 = VERTEX_POINT('',#8406);
#8406 = CARTESIAN_POINT('',(-0.635,0.28,-0.355125000056));
#8407 = SURFACE_CURVE('',#8408,(#8413,#8424),.PCURVE_S1.);
#8408 = CIRCLE('',#8409,2.5E-02);
#8409 = AXIS2_PLACEMENT_3D('',#8410,#8411,#8412);
#8410 = CARTESIAN_POINT('',(-0.635,0.255,-0.355125000056));
#8411 = DIRECTION('',(6.505213034913E-15,0.,1.));
#8412 = DIRECTION('',(-1.,0.,6.505213034913E-15));
#8413 = PCURVE('',#8299,#8414);
#8414 = DEFINITIONAL_REPRESENTATION('',(#8415),#8423);
#8415 = ( BOUNDED_CURVE() B_SPLINE_CURVE(2,(#8416,#8417,#8418,#8419,
#8420,#8421,#8422),.UNSPECIFIED.,.T.,.F.) B_SPLINE_CURVE_WITH_KNOTS((1,2
    ,2,2,2,1),(-2.094395102393,0.,2.094395102393,4.188790204786,
6.28318530718,8.377580409573),.UNSPECIFIED.) CURVE() 
GEOMETRIC_REPRESENTATION_ITEM() RATIONAL_B_SPLINE_CURVE((1.,0.5,1.,0.5,
1.,0.5,1.)) REPRESENTATION_ITEM('') );
#8416 = CARTESIAN_POINT('',(0.66,0.255));
#8417 = CARTESIAN_POINT('',(0.66,0.211698729811));
#8418 = CARTESIAN_POINT('',(0.6225,0.233349364905));
#8419 = CARTESIAN_POINT('',(0.585,0.255));
#8420 = CARTESIAN_POINT('',(0.6225,0.276650635095));
#8421 = CARTESIAN_POINT('',(0.66,0.298301270189));
#8422 = CARTESIAN_POINT('',(0.66,0.255));
#8423 = ( GEOMETRIC_REPRESENTATION_CONTEXT(2) 
PARAMETRIC_REPRESENTATION_CONTEXT() REPRESENTATION_CONTEXT('2D SPACE',''
  ) );
#8424 = PCURVE('',#1187,#8425);
#8425 = DEFINITIONAL_REPRESENTATION('',(#8426),#8434);
#8426 = ( BOUNDED_CURVE() B_SPLINE_CURVE(2,(#8427,#8428,#8429,#8430,
#8431,#8432,#8433),.UNSPECIFIED.,.T.,.F.) B_SPLINE_CURVE_WITH_KNOTS((1,2
    ,2,2,2,1),(-2.094395102393,0.,2.094395102393,4.188790204786,
6.28318530718,8.377580409573),.UNSPECIFIED.) CURVE() 
GEOMETRIC_REPRESENTATION_ITEM() RATIONAL_B_SPLINE_CURVE((1.,0.5,1.,0.5,
1.,0.5,1.)) REPRESENTATION_ITEM('') );
#8427 = CARTESIAN_POINT('',(0.66,0.255));
#8428 = CARTESIAN_POINT('',(0.66,0.211698729811));
#8429 = CARTESIAN_POINT('',(0.6225,0.233349364905));
#8430 = CARTESIAN_POINT('',(0.585,0.255));
#8431 = CARTESIAN_POINT('',(0.6225,0.276650635095));
#8432 = CARTESIAN_POINT('',(0.66,0.298301270189));
#8433 = CARTESIAN_POINT('',(0.66,0.255));
#8434 = ( GEOMETRIC_REPRESENTATION_CONTEXT(2) 
PARAMETRIC_REPRESENTATION_CONTEXT() REPRESENTATION_CONTEXT('2D SPACE',''
  ) );
#8435 = ORIENTED_EDGE('',*,*,#8436,.F.);
#8436 = EDGE_CURVE('',#8437,#8405,#8439,.T.);
#8437 = VERTEX_POINT('',#8438);
#8438 = CARTESIAN_POINT('',(-0.115,0.28,-0.355125000056));
#8439 = SURFACE_CURVE('',#8440,(#8444,#8451),.PCURVE_S1.);
#8440 = LINE('',#8441,#8442);
#8441 = CARTESIAN_POINT('',(-2.913505490302E-15,0.28,-0.355125000056));
#8442 = VECTOR('',#8443,1.);
#8443 = DIRECTION('',(-1.,0.,6.982962677686E-15));
#8444 = PCURVE('',#8299,#8445);
#8445 = DEFINITIONAL_REPRESENTATION('',(#8446),#8450);
#8446 = LINE('',#8447,#8448);
#8447 = CARTESIAN_POINT('',(0.,0.28));
#8448 = VECTOR('',#8449,1.);
#8449 = DIRECTION('',(1.,0.));
#8450 = ( GEOMETRIC_REPRESENTATION_CONTEXT(2) 
PARAMETRIC_REPRESENTATION_CONTEXT() REPRESENTATION_CONTEXT('2D SPACE',''
  ) );
#8451 = PCURVE('',#1187,#8452);
#8452 = DEFINITIONAL_REPRESENTATION('',(#8453),#8457);
#8453 = LINE('',#8454,#8455);
#8454 = CARTESIAN_POINT('',(0.,0.28));
#8455 = VECTOR('',#8456,1.);
#8456 = DIRECTION('',(1.,0.));
#8457 = ( GEOMETRIC_REPRESENTATION_CONTEXT(2) 
PARAMETRIC_REPRESENTATION_CONTEXT() REPRESENTATION_CONTEXT('2D SPACE',''
  ) );
#8458 = ORIENTED_EDGE('',*,*,#8459,.F.);
#8459 = EDGE_CURVE('',#8460,#8437,#8462,.T.);
#8460 = VERTEX_POINT('',#8461);
#8461 = CARTESIAN_POINT('',(-9.E-02,0.255,-0.355125000056));
#8462 = SURFACE_CURVE('',#8463,(#8468,#8479),.PCURVE_S1.);
#8463 = CIRCLE('',#8464,2.5E-02);
#8464 = AXIS2_PLACEMENT_3D('',#8465,#8466,#8467);
#8465 = CARTESIAN_POINT('',(-0.115,0.255,-0.355125000056));
#8466 = DIRECTION('',(6.505213034913E-15,0.,1.));
#8467 = DIRECTION('',(-1.,0.,6.505213034913E-15));
#8468 = PCURVE('',#8299,#8469);
#8469 = DEFINITIONAL_REPRESENTATION('',(#8470),#8478);
#8470 = ( BOUNDED_CURVE() B_SPLINE_CURVE(2,(#8471,#8472,#8473,#8474,
#8475,#8476,#8477),.UNSPECIFIED.,.T.,.F.) B_SPLINE_CURVE_WITH_KNOTS((1,2
    ,2,2,2,1),(-2.094395102393,0.,2.094395102393,4.188790204786,
6.28318530718,8.377580409573),.UNSPECIFIED.) CURVE() 
GEOMETRIC_REPRESENTATION_ITEM() RATIONAL_B_SPLINE_CURVE((1.,0.5,1.,0.5,
1.,0.5,1.)) REPRESENTATION_ITEM('') );
#8471 = CARTESIAN_POINT('',(0.14,0.255));
#8472 = CARTESIAN_POINT('',(0.14,0.211698729811));
#8473 = CARTESIAN_POINT('',(0.1025,0.233349364905));
#8474 = CARTESIAN_POINT('',(6.5E-02,0.255));
#8475 = CARTESIAN_POINT('',(0.1025,0.276650635095));
#8476 = CARTESIAN_POINT('',(0.14,0.298301270189));
#8477 = CARTESIAN_POINT('',(0.14,0.255));
#8478 = ( GEOMETRIC_REPRESENTATION_CONTEXT(2) 
PARAMETRIC_REPRESENTATION_CONTEXT() REPRESENTATION_CONTEXT('2D SPACE',''
  ) );
#8479 = PCURVE('',#1187,#8480);
#8480 = DEFINITIONAL_REPRESENTATION('',(#8481),#8489);
#8481 = ( BOUNDED_CURVE() B_SPLINE_CURVE(2,(#8482,#8483,#8484,#8485,
#8486,#8487,#8488),.UNSPECIFIED.,.T.,.F.) B_SPLINE_CURVE_WITH_KNOTS((1,2
    ,2,2,2,1),(-2.094395102393,0.,2.094395102393,4.188790204786,
6.28318530718,8.377580409573),.UNSPECIFIED.) CURVE() 
GEOMETRIC_REPRESENTATION_ITEM() RATIONAL_B_SPLINE_CURVE((1.,0.5,1.,0.5,
1.,0.5,1.)) REPRESENTATION_ITEM('') );
#8482 = CARTESIAN_POINT('',(0.14,0.255));
#8483 = CARTESIAN_POINT('',(0.14,0.211698729811));
#8484 = CARTESIAN_POINT('',(0.1025,0.233349364905));
#8485 = CARTESIAN_POINT('',(6.5E-02,0.255));
#8486 = CARTESIAN_POINT('',(0.1025,0.276650635095));
#8487 = CARTESIAN_POINT('',(0.14,0.298301270189));
#8488 = CARTESIAN_POINT('',(0.14,0.255));
#8489 = ( GEOMETRIC_REPRESENTATION_CONTEXT(2) 
PARAMETRIC_REPRESENTATION_CONTEXT() REPRESENTATION_CONTEXT('2D SPACE',''
  ) );
#8490 = ORIENTED_EDGE('',*,*,#8491,.F.);
#8491 = EDGE_CURVE('',#8290,#8460,#8492,.T.);
#8492 = SURFACE_CURVE('',#8493,(#8497,#8504),.PCURVE_S1.);
#8493 = LINE('',#8494,#8495);
#8494 = CARTESIAN_POINT('',(-9.E-02,0.,-0.355125000056));
#8495 = VECTOR('',#8496,1.);
#8496 = DIRECTION('',(0.,1.,0.));
#8497 = PCURVE('',#8299,#8498);
#8498 = DEFINITIONAL_REPRESENTATION('',(#8499),#8503);
#8499 = LINE('',#8500,#8501);
#8500 = CARTESIAN_POINT('',(9.E-02,0.));
#8501 = VECTOR('',#8502,1.);
#8502 = DIRECTION('',(0.,1.));
#8503 = ( GEOMETRIC_REPRESENTATION_CONTEXT(2) 
PARAMETRIC_REPRESENTATION_CONTEXT() REPRESENTATION_CONTEXT('2D SPACE',''
  ) );
#8504 = PCURVE('',#1187,#8505);
#8505 = DEFINITIONAL_REPRESENTATION('',(#8506),#8510);
#8506 = LINE('',#8507,#8508);
#8507 = CARTESIAN_POINT('',(9.E-02,0.));
#8508 = VECTOR('',#8509,1.);
#8509 = DIRECTION('',(0.,1.));
#8510 = ( GEOMETRIC_REPRESENTATION_CONTEXT(2) 
PARAMETRIC_REPRESENTATION_CONTEXT() REPRESENTATION_CONTEXT('2D SPACE',''
  ) );
#8511 = ADVANCED_FACE('',(#8512),#8527,.T.);
#8512 = FACE_BOUND('',#8513,.T.);
#8513 = EDGE_LOOP('',(#8514,#8553,#8576,#8608,#8631,#8663,#8686,#8718));
#8514 = ORIENTED_EDGE('',*,*,#8515,.F.);
#8515 = EDGE_CURVE('',#8516,#8518,#8520,.T.);
#8516 = VERTEX_POINT('',#8517);
#8517 = CARTESIAN_POINT('',(-0.115,0.4,-0.355125000056));
#8518 = VERTEX_POINT('',#8519);
#8519 = CARTESIAN_POINT('',(-9.E-02,0.425,-0.355125000056));
#8520 = SURFACE_CURVE('',#8521,(#8526,#8542),.PCURVE_S1.);
#8521 = CIRCLE('',#8522,2.5E-02);
#8522 = AXIS2_PLACEMENT_3D('',#8523,#8524,#8525);
#8523 = CARTESIAN_POINT('',(-0.115,0.425,-0.355125000056));
#8524 = DIRECTION('',(6.505213034913E-15,0.,1.));
#8525 = DIRECTION('',(-1.,0.,6.505213034913E-15));
#8526 = PCURVE('',#8527,#8532);
#8527 = PLANE('',#8528);
#8528 = AXIS2_PLACEMENT_3D('',#8529,#8530,#8531);
#8529 = CARTESIAN_POINT('',(-2.913505490302E-15,0.,-0.355125000056));
#8530 = DIRECTION('',(-6.982962677686E-15,0.,-1.));
#8531 = DIRECTION('',(-1.,0.,6.982962677686E-15));
#8532 = DEFINITIONAL_REPRESENTATION('',(#8533),#8541);
#8533 = ( BOUNDED_CURVE() B_SPLINE_CURVE(2,(#8534,#8535,#8536,#8537,
#8538,#8539,#8540),.UNSPECIFIED.,.T.,.F.) B_SPLINE_CURVE_WITH_KNOTS((1,2
    ,2,2,2,1),(-2.094395102393,0.,2.094395102393,4.188790204786,
6.28318530718,8.377580409573),.UNSPECIFIED.) CURVE() 
GEOMETRIC_REPRESENTATION_ITEM() RATIONAL_B_SPLINE_CURVE((1.,0.5,1.,0.5,
1.,0.5,1.)) REPRESENTATION_ITEM('') );
#8534 = CARTESIAN_POINT('',(0.14,0.425));
#8535 = CARTESIAN_POINT('',(0.14,0.381698729811));
#8536 = CARTESIAN_POINT('',(0.1025,0.403349364905));
#8537 = CARTESIAN_POINT('',(6.5E-02,0.425));
#8538 = CARTESIAN_POINT('',(0.1025,0.446650635095));
#8539 = CARTESIAN_POINT('',(0.14,0.468301270189));
#8540 = CARTESIAN_POINT('',(0.14,0.425));
#8541 = ( GEOMETRIC_REPRESENTATION_CONTEXT(2) 
PARAMETRIC_REPRESENTATION_CONTEXT() REPRESENTATION_CONTEXT('2D SPACE',''
  ) );
#8542 = PCURVE('',#1187,#8543);
#8543 = DEFINITIONAL_REPRESENTATION('',(#8544),#8552);
#8544 = ( BOUNDED_CURVE() B_SPLINE_CURVE(2,(#8545,#8546,#8547,#8548,
#8549,#8550,#8551),.UNSPECIFIED.,.T.,.F.) B_SPLINE_CURVE_WITH_KNOTS((1,2
    ,2,2,2,1),(-2.094395102393,0.,2.094395102393,4.188790204786,
6.28318530718,8.377580409573),.UNSPECIFIED.) CURVE() 
GEOMETRIC_REPRESENTATION_ITEM() RATIONAL_B_SPLINE_CURVE((1.,0.5,1.,0.5,
1.,0.5,1.)) REPRESENTATION_ITEM('') );
#8545 = CARTESIAN_POINT('',(0.14,0.425));
#8546 = CARTESIAN_POINT('',(0.14,0.381698729811));
#8547 = CARTESIAN_POINT('',(0.1025,0.403349364905));
#8548 = CARTESIAN_POINT('',(6.5E-02,0.425));
#8549 = CARTESIAN_POINT('',(0.1025,0.446650635095));
#8550 = CARTESIAN_POINT('',(0.14,0.468301270189));
#8551 = CARTESIAN_POINT('',(0.14,0.425));
#8552 = ( GEOMETRIC_REPRESENTATION_CONTEXT(2) 
PARAMETRIC_REPRESENTATION_CONTEXT() REPRESENTATION_CONTEXT('2D SPACE',''
  ) );
#8553 = ORIENTED_EDGE('',*,*,#8554,.F.);
#8554 = EDGE_CURVE('',#8555,#8516,#8557,.T.);
#8555 = VERTEX_POINT('',#8556);
#8556 = CARTESIAN_POINT('',(-0.635,0.4,-0.355125000056));
#8557 = SURFACE_CURVE('',#8558,(#8562,#8569),.PCURVE_S1.);
#8558 = LINE('',#8559,#8560);
#8559 = CARTESIAN_POINT('',(-2.913505490302E-15,0.4,-0.355125000056));
#8560 = VECTOR('',#8561,1.);
#8561 = DIRECTION('',(1.,0.,-6.982962677686E-15));
#8562 = PCURVE('',#8527,#8563);
#8563 = DEFINITIONAL_REPRESENTATION('',(#8564),#8568);
#8564 = LINE('',#8565,#8566);
#8565 = CARTESIAN_POINT('',(0.,0.4));
#8566 = VECTOR('',#8567,1.);
#8567 = DIRECTION('',(-1.,0.));
#8568 = ( GEOMETRIC_REPRESENTATION_CONTEXT(2) 
PARAMETRIC_REPRESENTATION_CONTEXT() REPRESENTATION_CONTEXT('2D SPACE',''
  ) );
#8569 = PCURVE('',#1187,#8570);
#8570 = DEFINITIONAL_REPRESENTATION('',(#8571),#8575);
#8571 = LINE('',#8572,#8573);
#8572 = CARTESIAN_POINT('',(0.,0.4));
#8573 = VECTOR('',#8574,1.);
#8574 = DIRECTION('',(-1.,0.));
#8575 = ( GEOMETRIC_REPRESENTATION_CONTEXT(2) 
PARAMETRIC_REPRESENTATION_CONTEXT() REPRESENTATION_CONTEXT('2D SPACE',''
  ) );
#8576 = ORIENTED_EDGE('',*,*,#8577,.F.);
#8577 = EDGE_CURVE('',#8578,#8555,#8580,.T.);
#8578 = VERTEX_POINT('',#8579);
#8579 = CARTESIAN_POINT('',(-0.66,0.425,-0.355125000056));
#8580 = SURFACE_CURVE('',#8581,(#8586,#8597),.PCURVE_S1.);
#8581 = CIRCLE('',#8582,2.5E-02);
#8582 = AXIS2_PLACEMENT_3D('',#8583,#8584,#8585);
#8583 = CARTESIAN_POINT('',(-0.635,0.425,-0.355125000056));
#8584 = DIRECTION('',(6.505213034913E-15,0.,1.));
#8585 = DIRECTION('',(-1.,0.,6.505213034913E-15));
#8586 = PCURVE('',#8527,#8587);
#8587 = DEFINITIONAL_REPRESENTATION('',(#8588),#8596);
#8588 = ( BOUNDED_CURVE() B_SPLINE_CURVE(2,(#8589,#8590,#8591,#8592,
#8593,#8594,#8595),.UNSPECIFIED.,.T.,.F.) B_SPLINE_CURVE_WITH_KNOTS((1,2
    ,2,2,2,1),(-2.094395102393,0.,2.094395102393,4.188790204786,
6.28318530718,8.377580409573),.UNSPECIFIED.) CURVE() 
GEOMETRIC_REPRESENTATION_ITEM() RATIONAL_B_SPLINE_CURVE((1.,0.5,1.,0.5,
1.,0.5,1.)) REPRESENTATION_ITEM('') );
#8589 = CARTESIAN_POINT('',(0.66,0.425));
#8590 = CARTESIAN_POINT('',(0.66,0.381698729811));
#8591 = CARTESIAN_POINT('',(0.6225,0.403349364905));
#8592 = CARTESIAN_POINT('',(0.585,0.425));
#8593 = CARTESIAN_POINT('',(0.6225,0.446650635095));
#8594 = CARTESIAN_POINT('',(0.66,0.468301270189));
#8595 = CARTESIAN_POINT('',(0.66,0.425));
#8596 = ( GEOMETRIC_REPRESENTATION_CONTEXT(2) 
PARAMETRIC_REPRESENTATION_CONTEXT() REPRESENTATION_CONTEXT('2D SPACE',''
  ) );
#8597 = PCURVE('',#1187,#8598);
#8598 = DEFINITIONAL_REPRESENTATION('',(#8599),#8607);
#8599 = ( BOUNDED_CURVE() B_SPLINE_CURVE(2,(#8600,#8601,#8602,#8603,
#8604,#8605,#8606),.UNSPECIFIED.,.T.,.F.) B_SPLINE_CURVE_WITH_KNOTS((1,2
    ,2,2,2,1),(-2.094395102393,0.,2.094395102393,4.188790204786,
6.28318530718,8.377580409573),.UNSPECIFIED.) CURVE() 
GEOMETRIC_REPRESENTATION_ITEM() RATIONAL_B_SPLINE_CURVE((1.,0.5,1.,0.5,
1.,0.5,1.)) REPRESENTATION_ITEM('') );
#8600 = CARTESIAN_POINT('',(0.66,0.425));
#8601 = CARTESIAN_POINT('',(0.66,0.381698729811));
#8602 = CARTESIAN_POINT('',(0.6225,0.403349364905));
#8603 = CARTESIAN_POINT('',(0.585,0.425));
#8604 = CARTESIAN_POINT('',(0.6225,0.446650635095));
#8605 = CARTESIAN_POINT('',(0.66,0.468301270189));
#8606 = CARTESIAN_POINT('',(0.66,0.425));
#8607 = ( GEOMETRIC_REPRESENTATION_CONTEXT(2) 
PARAMETRIC_REPRESENTATION_CONTEXT() REPRESENTATION_CONTEXT('2D SPACE',''
  ) );
#8608 = ORIENTED_EDGE('',*,*,#8609,.F.);
#8609 = EDGE_CURVE('',#8610,#8578,#8612,.T.);
#8610 = VERTEX_POINT('',#8611);
#8611 = CARTESIAN_POINT('',(-0.66,0.595,-0.355125000056));
#8612 = SURFACE_CURVE('',#8613,(#8617,#8624),.PCURVE_S1.);
#8613 = LINE('',#8614,#8615);
#8614 = CARTESIAN_POINT('',(-0.66,0.,-0.355125000056));
#8615 = VECTOR('',#8616,1.);
#8616 = DIRECTION('',(0.,-1.,0.));
#8617 = PCURVE('',#8527,#8618);
#8618 = DEFINITIONAL_REPRESENTATION('',(#8619),#8623);
#8619 = LINE('',#8620,#8621);
#8620 = CARTESIAN_POINT('',(0.66,0.));
#8621 = VECTOR('',#8622,1.);
#8622 = DIRECTION('',(0.,-1.));
#8623 = ( GEOMETRIC_REPRESENTATION_CONTEXT(2) 
PARAMETRIC_REPRESENTATION_CONTEXT() REPRESENTATION_CONTEXT('2D SPACE',''
  ) );
#8624 = PCURVE('',#1187,#8625);
#8625 = DEFINITIONAL_REPRESENTATION('',(#8626),#8630);
#8626 = LINE('',#8627,#8628);
#8627 = CARTESIAN_POINT('',(0.66,0.));
#8628 = VECTOR('',#8629,1.);
#8629 = DIRECTION('',(0.,-1.));
#8630 = ( GEOMETRIC_REPRESENTATION_CONTEXT(2) 
PARAMETRIC_REPRESENTATION_CONTEXT() REPRESENTATION_CONTEXT('2D SPACE',''
  ) );
#8631 = ORIENTED_EDGE('',*,*,#8632,.F.);
#8632 = EDGE_CURVE('',#8633,#8610,#8635,.T.);
#8633 = VERTEX_POINT('',#8634);
#8634 = CARTESIAN_POINT('',(-0.635,0.62,-0.355125000056));
#8635 = SURFACE_CURVE('',#8636,(#8641,#8652),.PCURVE_S1.);
#8636 = CIRCLE('',#8637,2.5E-02);
#8637 = AXIS2_PLACEMENT_3D('',#8638,#8639,#8640);
#8638 = CARTESIAN_POINT('',(-0.635,0.595,-0.355125000056));
#8639 = DIRECTION('',(6.505213034913E-15,0.,1.));
#8640 = DIRECTION('',(-1.,0.,6.505213034913E-15));
#8641 = PCURVE('',#8527,#8642);
#8642 = DEFINITIONAL_REPRESENTATION('',(#8643),#8651);
#8643 = ( BOUNDED_CURVE() B_SPLINE_CURVE(2,(#8644,#8645,#8646,#8647,
#8648,#8649,#8650),.UNSPECIFIED.,.T.,.F.) B_SPLINE_CURVE_WITH_KNOTS((1,2
    ,2,2,2,1),(-2.094395102393,0.,2.094395102393,4.188790204786,
6.28318530718,8.377580409573),.UNSPECIFIED.) CURVE() 
GEOMETRIC_REPRESENTATION_ITEM() RATIONAL_B_SPLINE_CURVE((1.,0.5,1.,0.5,
1.,0.5,1.)) REPRESENTATION_ITEM('') );
#8644 = CARTESIAN_POINT('',(0.66,0.595));
#8645 = CARTESIAN_POINT('',(0.66,0.551698729811));
#8646 = CARTESIAN_POINT('',(0.6225,0.573349364905));
#8647 = CARTESIAN_POINT('',(0.585,0.595));
#8648 = CARTESIAN_POINT('',(0.6225,0.616650635095));
#8649 = CARTESIAN_POINT('',(0.66,0.638301270189));
#8650 = CARTESIAN_POINT('',(0.66,0.595));
#8651 = ( GEOMETRIC_REPRESENTATION_CONTEXT(2) 
PARAMETRIC_REPRESENTATION_CONTEXT() REPRESENTATION_CONTEXT('2D SPACE',''
  ) );
#8652 = PCURVE('',#1187,#8653);
#8653 = DEFINITIONAL_REPRESENTATION('',(#8654),#8662);
#8654 = ( BOUNDED_CURVE() B_SPLINE_CURVE(2,(#8655,#8656,#8657,#8658,
#8659,#8660,#8661),.UNSPECIFIED.,.T.,.F.) B_SPLINE_CURVE_WITH_KNOTS((1,2
    ,2,2,2,1),(-2.094395102393,0.,2.094395102393,4.188790204786,
6.28318530718,8.377580409573),.UNSPECIFIED.) CURVE() 
GEOMETRIC_REPRESENTATION_ITEM() RATIONAL_B_SPLINE_CURVE((1.,0.5,1.,0.5,
1.,0.5,1.)) REPRESENTATION_ITEM('') );
#8655 = CARTESIAN_POINT('',(0.66,0.595));
#8656 = CARTESIAN_POINT('',(0.66,0.551698729811));
#8657 = CARTESIAN_POINT('',(0.6225,0.573349364905));
#8658 = CARTESIAN_POINT('',(0.585,0.595));
#8659 = CARTESIAN_POINT('',(0.6225,0.616650635095));
#8660 = CARTESIAN_POINT('',(0.66,0.638301270189));
#8661 = CARTESIAN_POINT('',(0.66,0.595));
#8662 = ( GEOMETRIC_REPRESENTATION_CONTEXT(2) 
PARAMETRIC_REPRESENTATION_CONTEXT() REPRESENTATION_CONTEXT('2D SPACE',''
  ) );
#8663 = ORIENTED_EDGE('',*,*,#8664,.F.);
#8664 = EDGE_CURVE('',#8665,#8633,#8667,.T.);
#8665 = VERTEX_POINT('',#8666);
#8666 = CARTESIAN_POINT('',(-0.115,0.62,-0.355125000056));
#8667 = SURFACE_CURVE('',#8668,(#8672,#8679),.PCURVE_S1.);
#8668 = LINE('',#8669,#8670);
#8669 = CARTESIAN_POINT('',(-2.784235231275E-15,0.62,-0.355125000056));
#8670 = VECTOR('',#8671,1.);
#8671 = DIRECTION('',(-1.,2.085004177857E-16,6.982962677686E-15));
#8672 = PCURVE('',#8527,#8673);
#8673 = DEFINITIONAL_REPRESENTATION('',(#8674),#8678);
#8674 = LINE('',#8675,#8676);
#8675 = CARTESIAN_POINT('',(-1.292702590271E-16,0.62));
#8676 = VECTOR('',#8677,1.);
#8677 = DIRECTION('',(1.,2.085004177857E-16));
#8678 = ( GEOMETRIC_REPRESENTATION_CONTEXT(2) 
PARAMETRIC_REPRESENTATION_CONTEXT() REPRESENTATION_CONTEXT('2D SPACE',''
  ) );
#8679 = PCURVE('',#1187,#8680);
#8680 = DEFINITIONAL_REPRESENTATION('',(#8681),#8685);
#8681 = LINE('',#8682,#8683);
#8682 = CARTESIAN_POINT('',(-1.292702590271E-16,0.62));
#8683 = VECTOR('',#8684,1.);
#8684 = DIRECTION('',(1.,2.085004177857E-16));
#8685 = ( GEOMETRIC_REPRESENTATION_CONTEXT(2) 
PARAMETRIC_REPRESENTATION_CONTEXT() REPRESENTATION_CONTEXT('2D SPACE',''
  ) );
#8686 = ORIENTED_EDGE('',*,*,#8687,.F.);
#8687 = EDGE_CURVE('',#8688,#8665,#8690,.T.);
#8688 = VERTEX_POINT('',#8689);
#8689 = CARTESIAN_POINT('',(-9.E-02,0.595,-0.355125000056));
#8690 = SURFACE_CURVE('',#8691,(#8696,#8707),.PCURVE_S1.);
#8691 = CIRCLE('',#8692,2.5E-02);
#8692 = AXIS2_PLACEMENT_3D('',#8693,#8694,#8695);
#8693 = CARTESIAN_POINT('',(-0.115,0.595,-0.355125000056));
#8694 = DIRECTION('',(6.505213034913E-15,0.,1.));
#8695 = DIRECTION('',(-1.,0.,6.505213034913E-15));
#8696 = PCURVE('',#8527,#8697);
#8697 = DEFINITIONAL_REPRESENTATION('',(#8698),#8706);
#8698 = ( BOUNDED_CURVE() B_SPLINE_CURVE(2,(#8699,#8700,#8701,#8702,
#8703,#8704,#8705),.UNSPECIFIED.,.T.,.F.) B_SPLINE_CURVE_WITH_KNOTS((1,2
    ,2,2,2,1),(-2.094395102393,0.,2.094395102393,4.188790204786,
6.28318530718,8.377580409573),.UNSPECIFIED.) CURVE() 
GEOMETRIC_REPRESENTATION_ITEM() RATIONAL_B_SPLINE_CURVE((1.,0.5,1.,0.5,
1.,0.5,1.)) REPRESENTATION_ITEM('') );
#8699 = CARTESIAN_POINT('',(0.14,0.595));
#8700 = CARTESIAN_POINT('',(0.14,0.551698729811));
#8701 = CARTESIAN_POINT('',(0.1025,0.573349364905));
#8702 = CARTESIAN_POINT('',(6.5E-02,0.595));
#8703 = CARTESIAN_POINT('',(0.1025,0.616650635095));
#8704 = CARTESIAN_POINT('',(0.14,0.638301270189));
#8705 = CARTESIAN_POINT('',(0.14,0.595));
#8706 = ( GEOMETRIC_REPRESENTATION_CONTEXT(2) 
PARAMETRIC_REPRESENTATION_CONTEXT() REPRESENTATION_CONTEXT('2D SPACE',''
  ) );
#8707 = PCURVE('',#1187,#8708);
#8708 = DEFINITIONAL_REPRESENTATION('',(#8709),#8717);
#8709 = ( BOUNDED_CURVE() B_SPLINE_CURVE(2,(#8710,#8711,#8712,#8713,
#8714,#8715,#8716),.UNSPECIFIED.,.T.,.F.) B_SPLINE_CURVE_WITH_KNOTS((1,2
    ,2,2,2,1),(-2.094395102393,0.,2.094395102393,4.188790204786,
6.28318530718,8.377580409573),.UNSPECIFIED.) CURVE() 
GEOMETRIC_REPRESENTATION_ITEM() RATIONAL_B_SPLINE_CURVE((1.,0.5,1.,0.5,
1.,0.5,1.)) REPRESENTATION_ITEM('') );
#8710 = CARTESIAN_POINT('',(0.14,0.595));
#8711 = CARTESIAN_POINT('',(0.14,0.551698729811));
#8712 = CARTESIAN_POINT('',(0.1025,0.573349364905));
#8713 = CARTESIAN_POINT('',(6.5E-02,0.595));
#8714 = CARTESIAN_POINT('',(0.1025,0.616650635095));
#8715 = CARTESIAN_POINT('',(0.14,0.638301270189));
#8716 = CARTESIAN_POINT('',(0.14,0.595));
#8717 = ( GEOMETRIC_REPRESENTATION_CONTEXT(2) 
PARAMETRIC_REPRESENTATION_CONTEXT() REPRESENTATION_CONTEXT('2D SPACE',''
  ) );
#8718 = ORIENTED_EDGE('',*,*,#8719,.F.);
#8719 = EDGE_CURVE('',#8518,#8688,#8720,.T.);
#8720 = SURFACE_CURVE('',#8721,(#8725,#8732),.PCURVE_S1.);
#8721 = LINE('',#8722,#8723);
#8722 = CARTESIAN_POINT('',(-9.E-02,0.,-0.355125000056));
#8723 = VECTOR('',#8724,1.);
#8724 = DIRECTION('',(0.,1.,0.));
#8725 = PCURVE('',#8527,#8726);
#8726 = DEFINITIONAL_REPRESENTATION('',(#8727),#8731);
#8727 = LINE('',#8728,#8729);
#8728 = CARTESIAN_POINT('',(9.E-02,0.));
#8729 = VECTOR('',#8730,1.);
#8730 = DIRECTION('',(0.,1.));
#8731 = ( GEOMETRIC_REPRESENTATION_CONTEXT(2) 
PARAMETRIC_REPRESENTATION_CONTEXT() REPRESENTATION_CONTEXT('2D SPACE',''
  ) );
#8732 = PCURVE('',#1187,#8733);
#8733 = DEFINITIONAL_REPRESENTATION('',(#8734),#8738);
#8734 = LINE('',#8735,#8736);
#8735 = CARTESIAN_POINT('',(9.E-02,0.));
#8736 = VECTOR('',#8737,1.);
#8737 = DIRECTION('',(0.,1.));
#8738 = ( GEOMETRIC_REPRESENTATION_CONTEXT(2) 
PARAMETRIC_REPRESENTATION_CONTEXT() REPRESENTATION_CONTEXT('2D SPACE',''
  ) );
#8739 = ADVANCED_FACE('',(#8740,#8750,#8760,#8770,#8780,#8859),#1187,.T.
  );
#8740 = FACE_BOUND('',#8741,.T.);
#8741 = EDGE_LOOP('',(#8742,#8743,#8744,#8745,#8746,#8747,#8748,#8749));
#8742 = ORIENTED_EDGE('',*,*,#8554,.T.);
#8743 = ORIENTED_EDGE('',*,*,#8515,.T.);
#8744 = ORIENTED_EDGE('',*,*,#8719,.T.);
#8745 = ORIENTED_EDGE('',*,*,#8687,.T.);
#8746 = ORIENTED_EDGE('',*,*,#8664,.T.);
#8747 = ORIENTED_EDGE('',*,*,#8632,.T.);
#8748 = ORIENTED_EDGE('',*,*,#8609,.T.);
#8749 = ORIENTED_EDGE('',*,*,#8577,.T.);
#8750 = FACE_BOUND('',#8751,.T.);
#8751 = EDGE_LOOP('',(#8752,#8753,#8754,#8755,#8756,#8757,#8758,#8759));
#8752 = ORIENTED_EDGE('',*,*,#8326,.T.);
#8753 = ORIENTED_EDGE('',*,*,#8287,.T.);
#8754 = ORIENTED_EDGE('',*,*,#8491,.T.);
#8755 = ORIENTED_EDGE('',*,*,#8459,.T.);
#8756 = ORIENTED_EDGE('',*,*,#8436,.T.);
#8757 = ORIENTED_EDGE('',*,*,#8404,.T.);
#8758 = ORIENTED_EDGE('',*,*,#8381,.T.);
#8759 = ORIENTED_EDGE('',*,*,#8349,.T.);
#8760 = FACE_BOUND('',#8761,.T.);
#8761 = EDGE_LOOP('',(#8762,#8763,#8764,#8765,#8766,#8767,#8768,#8769));
#8762 = ORIENTED_EDGE('',*,*,#8098,.T.);
#8763 = ORIENTED_EDGE('',*,*,#8059,.T.);
#8764 = ORIENTED_EDGE('',*,*,#8263,.T.);
#8765 = ORIENTED_EDGE('',*,*,#8231,.T.);
#8766 = ORIENTED_EDGE('',*,*,#8208,.T.);
#8767 = ORIENTED_EDGE('',*,*,#8176,.T.);
#8768 = ORIENTED_EDGE('',*,*,#8153,.T.);
#8769 = ORIENTED_EDGE('',*,*,#8121,.T.);
#8770 = FACE_BOUND('',#8771,.T.);
#8771 = EDGE_LOOP('',(#8772,#8773,#8774,#8775,#8776,#8777,#8778,#8779));
#8772 = ORIENTED_EDGE('',*,*,#7674,.T.);
#8773 = ORIENTED_EDGE('',*,*,#7635,.T.);
#8774 = ORIENTED_EDGE('',*,*,#7839,.T.);
#8775 = ORIENTED_EDGE('',*,*,#7807,.T.);
#8776 = ORIENTED_EDGE('',*,*,#7784,.T.);
#8777 = ORIENTED_EDGE('',*,*,#7752,.T.);
#8778 = ORIENTED_EDGE('',*,*,#7729,.T.);
#8779 = ORIENTED_EDGE('',*,*,#7697,.T.);
#8780 = FACE_BOUND('',#8781,.T.);
#8781 = EDGE_LOOP('',(#8782,#8783,#8784,#8785,#8786,#8787,#8788,#8789,
    #8790,#8791,#8792,#8793,#8794,#8795,#8796,#8797,#8798,#8799,#8800,
    #8801,#8802,#8803,#8804,#8805,#8806,#8807,#8808,#8809,#8810,#8811,
    #8812,#8813,#8814,#8815,#8816,#8817,#8818,#8819,#8820,#8821,#8822,
    #8823,#8824,#8825,#8826,#8827,#8828,#8829,#8830,#8831,#8832,#8833,
    #8834,#8835,#8836,#8837,#8838,#8839,#8840,#8841,#8842,#8843,#8844,
    #8845,#8846,#8847,#8848,#8849,#8850,#8851,#8852,#8853,#8854,#8855,
    #8856,#8857,#8858));
#8782 = ORIENTED_EDGE('',*,*,#7577,.F.);
#8783 = ORIENTED_EDGE('',*,*,#7608,.F.);
#8784 = ORIENTED_EDGE('',*,*,#4017,.F.);
#8785 = ORIENTED_EDGE('',*,*,#4065,.F.);
#8786 = ORIENTED_EDGE('',*,*,#4138,.F.);
#8787 = ORIENTED_EDGE('',*,*,#4164,.F.);
#8788 = ORIENTED_EDGE('',*,*,#4237,.F.);
#8789 = ORIENTED_EDGE('',*,*,#4263,.F.);
#8790 = ORIENTED_EDGE('',*,*,#4336,.F.);
#8791 = ORIENTED_EDGE('',*,*,#4367,.F.);
#8792 = ORIENTED_EDGE('',*,*,#4440,.F.);
#8793 = ORIENTED_EDGE('',*,*,#4466,.F.);
#8794 = ORIENTED_EDGE('',*,*,#4539,.F.);
#8795 = ORIENTED_EDGE('',*,*,#4565,.F.);
#8796 = ORIENTED_EDGE('',*,*,#4638,.F.);
#8797 = ORIENTED_EDGE('',*,*,#4664,.F.);
#8798 = ORIENTED_EDGE('',*,*,#4737,.F.);
#8799 = ORIENTED_EDGE('',*,*,#4768,.F.);
#8800 = ORIENTED_EDGE('',*,*,#4841,.F.);
#8801 = ORIENTED_EDGE('',*,*,#4867,.F.);
#8802 = ORIENTED_EDGE('',*,*,#4940,.F.);
#8803 = ORIENTED_EDGE('',*,*,#4966,.F.);
#8804 = ORIENTED_EDGE('',*,*,#5039,.F.);
#8805 = ORIENTED_EDGE('',*,*,#5088,.F.);
#8806 = ORIENTED_EDGE('',*,*,#5142,.F.);
#8807 = ORIENTED_EDGE('',*,*,#5168,.F.);
#8808 = ORIENTED_EDGE('',*,*,#5241,.F.);
#8809 = ORIENTED_EDGE('',*,*,#5267,.F.);
#8810 = ORIENTED_EDGE('',*,*,#5340,.F.);
#8811 = ORIENTED_EDGE('',*,*,#5389,.F.);
#8812 = ORIENTED_EDGE('',*,*,#5443,.F.);
#8813 = ORIENTED_EDGE('',*,*,#5469,.F.);
#8814 = ORIENTED_EDGE('',*,*,#5542,.F.);
#8815 = ORIENTED_EDGE('',*,*,#5568,.F.);
#8816 = ORIENTED_EDGE('',*,*,#5641,.F.);
#8817 = ORIENTED_EDGE('',*,*,#5667,.F.);
#8818 = ORIENTED_EDGE('',*,*,#5740,.F.);
#8819 = ORIENTED_EDGE('',*,*,#5766,.F.);
#8820 = ORIENTED_EDGE('',*,*,#5816,.F.);
#8821 = ORIENTED_EDGE('',*,*,#1413,.F.);
#8822 = ORIENTED_EDGE('',*,*,#5848,.F.);
#8823 = ORIENTED_EDGE('',*,*,#5921,.F.);
#8824 = ORIENTED_EDGE('',*,*,#5947,.F.);
#8825 = ORIENTED_EDGE('',*,*,#6020,.F.);
#8826 = ORIENTED_EDGE('',*,*,#6046,.F.);
#8827 = ORIENTED_EDGE('',*,*,#6119,.F.);
#8828 = ORIENTED_EDGE('',*,*,#6145,.F.);
#8829 = ORIENTED_EDGE('',*,*,#1293,.F.);
#8830 = ORIENTED_EDGE('',*,*,#6200,.F.);
#8831 = ORIENTED_EDGE('',*,*,#6226,.F.);
#8832 = ORIENTED_EDGE('',*,*,#6299,.F.);
#8833 = ORIENTED_EDGE('',*,*,#6325,.F.);
#8834 = ORIENTED_EDGE('',*,*,#6398,.F.);
#8835 = ORIENTED_EDGE('',*,*,#6424,.F.);
#8836 = ORIENTED_EDGE('',*,*,#6474,.F.);
#8837 = ORIENTED_EDGE('',*,*,#1163,.F.);
#8838 = ORIENTED_EDGE('',*,*,#6506,.F.);
#8839 = ORIENTED_EDGE('',*,*,#6579,.F.);
#8840 = ORIENTED_EDGE('',*,*,#6605,.F.);
#8841 = ORIENTED_EDGE('',*,*,#6678,.F.);
#8842 = ORIENTED_EDGE('',*,*,#6704,.F.);
#8843 = ORIENTED_EDGE('',*,*,#6777,.F.);
#8844 = ORIENTED_EDGE('',*,*,#6803,.F.);
#8845 = ORIENTED_EDGE('',*,*,#6876,.F.);
#8846 = ORIENTED_EDGE('',*,*,#6925,.F.);
#8847 = ORIENTED_EDGE('',*,*,#6979,.F.);
#8848 = ORIENTED_EDGE('',*,*,#7005,.F.);
#8849 = ORIENTED_EDGE('',*,*,#7078,.F.);
#8850 = ORIENTED_EDGE('',*,*,#7104,.F.);
#8851 = ORIENTED_EDGE('',*,*,#7177,.F.);
#8852 = ORIENTED_EDGE('',*,*,#7226,.F.);
#8853 = ORIENTED_EDGE('',*,*,#7280,.F.);
#8854 = ORIENTED_EDGE('',*,*,#7306,.F.);
#8855 = ORIENTED_EDGE('',*,*,#7379,.F.);
#8856 = ORIENTED_EDGE('',*,*,#7405,.F.);
#8857 = ORIENTED_EDGE('',*,*,#7478,.F.);
#8858 = ORIENTED_EDGE('',*,*,#7504,.F.);
#8859 = FACE_BOUND('',#8860,.T.);
#8860 = EDGE_LOOP('',(#8861,#8862,#8863,#8864));
#8861 = ORIENTED_EDGE('',*,*,#8033,.T.);
#8862 = ORIENTED_EDGE('',*,*,#7886,.T.);
#8863 = ORIENTED_EDGE('',*,*,#7957,.T.);
#8864 = ORIENTED_EDGE('',*,*,#8006,.T.);
#8865 = ( GEOMETRIC_REPRESENTATION_CONTEXT(3) 
GLOBAL_UNCERTAINTY_ASSIGNED_CONTEXT((#8869)) 
GLOBAL_UNIT_ASSIGNED_CONTEXT((#8866,#8867,#8868)) REPRESENTATION_CONTEXT
('Context #1','3D Context with UNIT and UNCERTAINTY') );
#8866 = ( LENGTH_UNIT() NAMED_UNIT(*) SI_UNIT(.MILLI.,.METRE.) );
#8867 = ( NAMED_UNIT(*) PLANE_ANGLE_UNIT() SI_UNIT($,.RADIAN.) );
#8868 = ( NAMED_UNIT(*) SI_UNIT($,.STERADIAN.) SOLID_ANGLE_UNIT() );
#8869 = UNCERTAINTY_MEASURE_WITH_UNIT(LENGTH_MEASURE(1.E-07),#8866,
  'distance_accuracy_value','confusion accuracy');
#8870 = CONTEXT_DEPENDENT_SHAPE_REPRESENTATION(#8871,#8873);
#8871 = ( REPRESENTATION_RELATIONSHIP('','',#1156,#10) 
REPRESENTATION_RELATIONSHIP_WITH_TRANSFORMATION(#8872) 
SHAPE_REPRESENTATION_RELATIONSHIP() );
#8872 = ITEM_DEFINED_TRANSFORMATION('','',#11,#19);
#8873 = PRODUCT_DEFINITION_SHAPE('Placement','Placement of an item',
  #8874);
#8874 = NEXT_ASSEMBLY_USAGE_OCCURRENCE('6','','',#5,#1151,$);
#8875 = PRODUCT_RELATED_PRODUCT_CATEGORY('part',$,(#1153));
#8876 = CONTEXT_DEPENDENT_SHAPE_REPRESENTATION(#8877,#8879);
#8877 = ( REPRESENTATION_RELATIONSHIP('','',#1156,#10) 
REPRESENTATION_RELATIONSHIP_WITH_TRANSFORMATION(#8878) 
SHAPE_REPRESENTATION_RELATIONSHIP() );
#8878 = ITEM_DEFINED_TRANSFORMATION('','',#11,#23);
#8879 = PRODUCT_DEFINITION_SHAPE('Placement','Placement of an item',
  #8880);
#8880 = NEXT_ASSEMBLY_USAGE_OCCURRENCE('7','','',#5,#1151,$);
#8881 = CONTEXT_DEPENDENT_SHAPE_REPRESENTATION(#8882,#8884);
#8882 = ( REPRESENTATION_RELATIONSHIP('','',#1156,#10) 
REPRESENTATION_RELATIONSHIP_WITH_TRANSFORMATION(#8883) 
SHAPE_REPRESENTATION_RELATIONSHIP() );
#8883 = ITEM_DEFINED_TRANSFORMATION('','',#11,#27);
#8884 = PRODUCT_DEFINITION_SHAPE('Placement','Placement of an item',
  #8885);
#8885 = NEXT_ASSEMBLY_USAGE_OCCURRENCE('8','','',#5,#1151,$);
ENDSEC;
END-ISO-10303-21;
