ISO-10303-21;
HEADER;
FILE_DESCRIPTION(('Open CASCADE Model'),'2;1');
FILE_NAME('Open CASCADE Shape Model','2026-08-27T19:00:47',('Author'),(
    'Open CASCADE'),'Open CASCADE STEP processor 7.9','Open CASCADE 7.9'
  ,'Unknown');
FILE_SCHEMA(('AUTOMOTIVE_DESIGN { 1 0 10303 214 1 1 1 1 }'));
ENDSEC;
DATA;
#1 = APPLICATION_PROTOCOL_DEFINITION('international standard',
  'automotive_design',2000,#2);
#2 = APPLICATION_CONTEXT(
  'core data for automotive mechanical design processes');
#3 = SHAPE_DEFINITION_REPRESENTATION(#4,#10);
#4 = PRODUCT_DEFINITION_SHAPE('','',#5);
#5 = PRODUCT_DEFINITION('design','',#6,#9);
#6 = PRODUCT_DEFINITION_FORMATION('','',#7);
#7 = PRODUCT('Open CASCADE STEP translator 7.9 1',
  'Open CASCADE STEP translator 7.9 1','',(#8));
#8 = PRODUCT_CONTEXT('',#2,'mechanical');
#9 = PRODUCT_DEFINITION_CONTEXT('part definition',#2,'design');
#10 = SHAPE_REPRESENTATION('',(#11,#15,#19,#23,#27),#31);
#11 = AXIS2_PLACEMENT_3D('',#12,#13,#14);
#12 = CARTESIAN_POINT('',(0.,0.,0.));
#13 = DIRECTION('',(0.,0.,1.));
#14 = DIRECTION('',(1.,0.,-0.));
#15 = AXIS2_PLACEMENT_3D('',#16,#17,#18);
#16 = CARTESIAN_POINT('',(0.,0.,0.));
#17 = DIRECTION('',(0.,0.,1.));
#18 = DIRECTION('',(1.,0.,-0.));
#19 = AXIS2_PLACEMENT_3D('',#20,#21,#22);
#20 = CARTESIAN_POINT('',(0.,0.,0.));
#21 = DIRECTION('',(0.,0.,1.));
#22 = DIRECTION('',(1.,0.,0.));
#23 = AXIS2_PLACEMENT_3D('',#24,#25,#26);
#24 = CARTESIAN_POINT('',(2.5,-2.299649392755E-16,-1.745740669422E-14));
#25 = DIRECTION('',(0.,0.,1.));
#26 = DIRECTION('',(1.,0.,0.));
#27 = AXIS2_PLACEMENT_3D('',#28,#29,#30);
#28 = CARTESIAN_POINT('',(-2.5,2.299649392755E-16,1.745740669422E-14));
#29 = DIRECTION('',(0.,0.,1.));
#30 = DIRECTION('',(1.,0.,0.));
#31 = ( GEOMETRIC_REPRESENTATION_CONTEXT(3) 
GLOBAL_UNCERTAINTY_ASSIGNED_CONTEXT((#35)) GLOBAL_UNIT_ASSIGNED_CONTEXT(
(#32,#33,#34)) REPRESENTATION_CONTEXT('Context #1',
  '3D Context with UNIT and UNCERTAINTY') );
#32 = ( LENGTH_UNIT() NAMED_UNIT(*) SI_UNIT(.MILLI.,.METRE.) );
#33 = ( NAMED_UNIT(*) PLANE_ANGLE_UNIT() SI_UNIT($,.RADIAN.) );
#34 = ( NAMED_UNIT(*) SI_UNIT($,.STERADIAN.) SOLID_ANGLE_UNIT() );
#35 = UNCERTAINTY_MEASURE_WITH_UNIT(LENGTH_MEASURE(1.E-07),#32,
  'distance_accuracy_value','confusion accuracy');
#36 = PRODUCT_RELATED_PRODUCT_CATEGORY('part',$,(#7));
#37 = SHAPE_DEFINITION_REPRESENTATION(#38,#44);
#38 = PRODUCT_DEFINITION_SHAPE('','',#39);
#39 = PRODUCT_DEFINITION('design','',#40,#43);
#40 = PRODUCT_DEFINITION_FORMATION('','',#41);
#41 = PRODUCT('Open CASCADE STEP translator 7.9 1.1',
  'Open CASCADE STEP translator 7.9 1.1','',(#42));
#42 = PRODUCT_CONTEXT('',#2,'mechanical');
#43 = PRODUCT_DEFINITION_CONTEXT('part definition',#2,'design');
#44 = ADVANCED_BREP_SHAPE_REPRESENTATION('',(#11,#45),#375);
#45 = MANIFOLD_SOLID_BREP('',#46);
#46 = CLOSED_SHELL('',(#47,#167,#243,#314,#361,#368));
#47 = ADVANCED_FACE('',(#48),#62,.F.);
#48 = FACE_BOUND('',#49,.F.);
#49 = EDGE_LOOP('',(#50,#85,#113,#141));
#50 = ORIENTED_EDGE('',*,*,#51,.T.);
#51 = EDGE_CURVE('',#52,#54,#56,.T.);
#52 = VERTEX_POINT('',#53);
#53 = CARTESIAN_POINT('',(-7.,-4.,5.E-02));
#54 = VERTEX_POINT('',#55);
#55 = CARTESIAN_POINT('',(7.,-4.,5.E-02));
#56 = SURFACE_CURVE('',#57,(#61,#73),.PCURVE_S1.);
#57 = LINE('',#58,#59);
#58 = CARTESIAN_POINT('',(-7.,-4.,5.E-02));
#59 = VECTOR('',#60,1.);
#60 = DIRECTION('',(1.,0.,0.));
#61 = PCURVE('',#62,#67);
#62 = PLANE('',#63);
#63 = AXIS2_PLACEMENT_3D('',#64,#65,#66);
#64 = CARTESIAN_POINT('',(-7.,-4.,5.E-02));
#65 = DIRECTION('',(0.,0.,1.));
#66 = DIRECTION('',(0.,1.,0.));
#67 = DEFINITIONAL_REPRESENTATION('',(#68),#72);
#68 = LINE('',#69,#70);
#69 = CARTESIAN_POINT('',(0.,0.));
#70 = VECTOR('',#71,1.);
#71 = DIRECTION('',(0.,-1.));
#72 = ( GEOMETRIC_REPRESENTATION_CONTEXT(2) 
PARAMETRIC_REPRESENTATION_CONTEXT() REPRESENTATION_CONTEXT('2D SPACE',''
  ) );
#73 = PCURVE('',#74,#79);
#74 = PLANE('',#75);
#75 = AXIS2_PLACEMENT_3D('',#76,#77,#78);
#76 = CARTESIAN_POINT('',(-7.,-4.,0.1));
#77 = DIRECTION('',(-0.,1.,0.));
#78 = DIRECTION('',(0.,0.,-1.));
#79 = DEFINITIONAL_REPRESENTATION('',(#80),#84);
#80 = LINE('',#81,#82);
#81 = CARTESIAN_POINT('',(5.E-02,0.));
#82 = VECTOR('',#83,1.);
#83 = DIRECTION('',(0.,-1.));
#84 = ( GEOMETRIC_REPRESENTATION_CONTEXT(2) 
PARAMETRIC_REPRESENTATION_CONTEXT() REPRESENTATION_CONTEXT('2D SPACE',''
  ) );
#85 = ORIENTED_EDGE('',*,*,#86,.T.);
#86 = EDGE_CURVE('',#54,#87,#89,.T.);
#87 = VERTEX_POINT('',#88);
#88 = CARTESIAN_POINT('',(7.,12.,5.E-02));
#89 = SURFACE_CURVE('',#90,(#94,#101),.PCURVE_S1.);
#90 = LINE('',#91,#92);
#91 = CARTESIAN_POINT('',(7.,-4.,5.E-02));
#92 = VECTOR('',#93,1.);
#93 = DIRECTION('',(0.,1.,0.));
#94 = PCURVE('',#62,#95);
#95 = DEFINITIONAL_REPRESENTATION('',(#96),#100);
#96 = LINE('',#97,#98);
#97 = CARTESIAN_POINT('',(0.,-14.));
#98 = VECTOR('',#99,1.);
#99 = DIRECTION('',(1.,0.));
#100 = ( GEOMETRIC_REPRESENTATION_CONTEXT(2) 
PARAMETRIC_REPRESENTATION_CONTEXT() REPRESENTATION_CONTEXT('2D SPACE',''
  ) );
#101 = PCURVE('',#102,#107);
#102 = PLANE('',#103);
#103 = AXIS2_PLACEMENT_3D('',#104,#105,#106);
#104 = CARTESIAN_POINT('',(7.,6.490250564619,6.702745060993));
#105 = DIRECTION('',(1.,0.,0.));
#106 = DIRECTION('',(-0.,0.,1.));
#107 = DEFINITIONAL_REPRESENTATION('',(#108),#112);
#108 = LINE('',#109,#110);
#109 = CARTESIAN_POINT('',(-6.652745060993,10.490250564619));
#110 = VECTOR('',#111,1.);
#111 = DIRECTION('',(0.,-1.));
#112 = ( GEOMETRIC_REPRESENTATION_CONTEXT(2) 
PARAMETRIC_REPRESENTATION_CONTEXT() REPRESENTATION_CONTEXT('2D SPACE',''
  ) );
#113 = ORIENTED_EDGE('',*,*,#114,.F.);
#114 = EDGE_CURVE('',#115,#87,#117,.T.);
#115 = VERTEX_POINT('',#116);
#116 = CARTESIAN_POINT('',(-7.,12.,5.E-02));
#117 = SURFACE_CURVE('',#118,(#122,#129),.PCURVE_S1.);
#118 = LINE('',#119,#120);
#119 = CARTESIAN_POINT('',(-7.,12.,5.E-02));
#120 = VECTOR('',#121,1.);
#121 = DIRECTION('',(1.,0.,0.));
#122 = PCURVE('',#62,#123);
#123 = DEFINITIONAL_REPRESENTATION('',(#124),#128);
#124 = LINE('',#125,#126);
#125 = CARTESIAN_POINT('',(16.,0.));
#126 = VECTOR('',#127,1.);
#127 = DIRECTION('',(0.,-1.));
#128 = ( GEOMETRIC_REPRESENTATION_CONTEXT(2) 
PARAMETRIC_REPRESENTATION_CONTEXT() REPRESENTATION_CONTEXT('2D SPACE',''
  ) );
#129 = PCURVE('',#130,#135);
#130 = PLANE('',#131);
#131 = AXIS2_PLACEMENT_3D('',#132,#133,#134);
#132 = CARTESIAN_POINT('',(-7.,12.,5.E-02));
#133 = DIRECTION('',(0.,-1.,0.));
#134 = DIRECTION('',(0.,0.,1.));
#135 = DEFINITIONAL_REPRESENTATION('',(#136),#140);
#136 = LINE('',#137,#138);
#137 = CARTESIAN_POINT('',(0.,0.));
#138 = VECTOR('',#139,1.);
#139 = DIRECTION('',(0.,-1.));
#140 = ( GEOMETRIC_REPRESENTATION_CONTEXT(2) 
PARAMETRIC_REPRESENTATION_CONTEXT() REPRESENTATION_CONTEXT('2D SPACE',''
  ) );
#141 = ORIENTED_EDGE('',*,*,#142,.F.);
#142 = EDGE_CURVE('',#52,#115,#143,.T.);
#143 = SURFACE_CURVE('',#144,(#148,#155),.PCURVE_S1.);
#144 = LINE('',#145,#146);
#145 = CARTESIAN_POINT('',(-7.,-4.,5.E-02));
#146 = VECTOR('',#147,1.);
#147 = DIRECTION('',(0.,1.,0.));
#148 = PCURVE('',#62,#149);
#149 = DEFINITIONAL_REPRESENTATION('',(#150),#154);
#150 = LINE('',#151,#152);
#151 = CARTESIAN_POINT('',(0.,0.));
#152 = VECTOR('',#153,1.);
#153 = DIRECTION('',(1.,0.));
#154 = ( GEOMETRIC_REPRESENTATION_CONTEXT(2) 
PARAMETRIC_REPRESENTATION_CONTEXT() REPRESENTATION_CONTEXT('2D SPACE',''
  ) );
#155 = PCURVE('',#156,#161);
#156 = PLANE('',#157);
#157 = AXIS2_PLACEMENT_3D('',#158,#159,#160);
#158 = CARTESIAN_POINT('',(-7.,6.490250564619,6.702745060993));
#159 = DIRECTION('',(1.,0.,0.));
#160 = DIRECTION('',(-0.,0.,1.));
#161 = DEFINITIONAL_REPRESENTATION('',(#162),#166);
#162 = LINE('',#163,#164);
#163 = CARTESIAN_POINT('',(-6.652745060993,10.490250564619));
#164 = VECTOR('',#165,1.);
#165 = DIRECTION('',(0.,-1.));
#166 = ( GEOMETRIC_REPRESENTATION_CONTEXT(2) 
PARAMETRIC_REPRESENTATION_CONTEXT() REPRESENTATION_CONTEXT('2D SPACE',''
  ) );
#167 = ADVANCED_FACE('',(#168),#130,.F.);
#168 = FACE_BOUND('',#169,.F.);
#169 = EDGE_LOOP('',(#170,#171,#194,#222));
#170 = ORIENTED_EDGE('',*,*,#114,.T.);
#171 = ORIENTED_EDGE('',*,*,#172,.T.);
#172 = EDGE_CURVE('',#87,#173,#175,.T.);
#173 = VERTEX_POINT('',#174);
#174 = CARTESIAN_POINT('',(7.,12.,18.344503330681));
#175 = SURFACE_CURVE('',#176,(#180,#187),.PCURVE_S1.);
#176 = LINE('',#177,#178);
#177 = CARTESIAN_POINT('',(7.,12.,5.E-02));
#178 = VECTOR('',#179,1.);
#179 = DIRECTION('',(0.,0.,1.));
#180 = PCURVE('',#130,#181);
#181 = DEFINITIONAL_REPRESENTATION('',(#182),#186);
#182 = LINE('',#183,#184);
#183 = CARTESIAN_POINT('',(0.,-14.));
#184 = VECTOR('',#185,1.);
#185 = DIRECTION('',(1.,0.));
#186 = ( GEOMETRIC_REPRESENTATION_CONTEXT(2) 
PARAMETRIC_REPRESENTATION_CONTEXT() REPRESENTATION_CONTEXT('2D SPACE',''
  ) );
#187 = PCURVE('',#102,#188);
#188 = DEFINITIONAL_REPRESENTATION('',(#189),#193);
#189 = LINE('',#190,#191);
#190 = CARTESIAN_POINT('',(-6.652745060993,-5.509749435381));
#191 = VECTOR('',#192,1.);
#192 = DIRECTION('',(1.,0.));
#193 = ( GEOMETRIC_REPRESENTATION_CONTEXT(2) 
PARAMETRIC_REPRESENTATION_CONTEXT() REPRESENTATION_CONTEXT('2D SPACE',''
  ) );
#194 = ORIENTED_EDGE('',*,*,#195,.F.);
#195 = EDGE_CURVE('',#196,#173,#198,.T.);
#196 = VERTEX_POINT('',#197);
#197 = CARTESIAN_POINT('',(-7.,12.,18.344503330681));
#198 = SURFACE_CURVE('',#199,(#203,#210),.PCURVE_S1.);
#199 = LINE('',#200,#201);
#200 = CARTESIAN_POINT('',(-7.,12.,18.344503330681));
#201 = VECTOR('',#202,1.);
#202 = DIRECTION('',(1.,0.,0.));
#203 = PCURVE('',#130,#204);
#204 = DEFINITIONAL_REPRESENTATION('',(#205),#209);
#205 = LINE('',#206,#207);
#206 = CARTESIAN_POINT('',(18.294503330681,0.));
#207 = VECTOR('',#208,1.);
#208 = DIRECTION('',(0.,-1.));
#209 = ( GEOMETRIC_REPRESENTATION_CONTEXT(2) 
PARAMETRIC_REPRESENTATION_CONTEXT() REPRESENTATION_CONTEXT('2D SPACE',''
  ) );
#210 = PCURVE('',#211,#216);
#211 = PLANE('',#212);
#212 = AXIS2_PLACEMENT_3D('',#213,#214,#215);
#213 = CARTESIAN_POINT('',(-7.,12.,18.344503330681));
#214 = DIRECTION('',(0.,0.751839807479,-0.6593458151));
#215 = DIRECTION('',(0.,-0.6593458151,-0.751839807479));
#216 = DEFINITIONAL_REPRESENTATION('',(#217),#221);
#217 = LINE('',#218,#219);
#218 = CARTESIAN_POINT('',(0.,0.));
#219 = VECTOR('',#220,1.);
#220 = DIRECTION('',(0.,-1.));
#221 = ( GEOMETRIC_REPRESENTATION_CONTEXT(2) 
PARAMETRIC_REPRESENTATION_CONTEXT() REPRESENTATION_CONTEXT('2D SPACE',''
  ) );
#222 = ORIENTED_EDGE('',*,*,#223,.F.);
#223 = EDGE_CURVE('',#115,#196,#224,.T.);
#224 = SURFACE_CURVE('',#225,(#229,#236),.PCURVE_S1.);
#225 = LINE('',#226,#227);
#226 = CARTESIAN_POINT('',(-7.,12.,5.E-02));
#227 = VECTOR('',#228,1.);
#228 = DIRECTION('',(0.,0.,1.));
#229 = PCURVE('',#130,#230);
#230 = DEFINITIONAL_REPRESENTATION('',(#231),#235);
#231 = LINE('',#232,#233);
#232 = CARTESIAN_POINT('',(0.,0.));
#233 = VECTOR('',#234,1.);
#234 = DIRECTION('',(1.,0.));
#235 = ( GEOMETRIC_REPRESENTATION_CONTEXT(2) 
PARAMETRIC_REPRESENTATION_CONTEXT() REPRESENTATION_CONTEXT('2D SPACE',''
  ) );
#236 = PCURVE('',#156,#237);
#237 = DEFINITIONAL_REPRESENTATION('',(#238),#242);
#238 = LINE('',#239,#240);
#239 = CARTESIAN_POINT('',(-6.652745060993,-5.509749435381));
#240 = VECTOR('',#241,1.);
#241 = DIRECTION('',(1.,0.));
#242 = ( GEOMETRIC_REPRESENTATION_CONTEXT(2) 
PARAMETRIC_REPRESENTATION_CONTEXT() REPRESENTATION_CONTEXT('2D SPACE',''
  ) );
#243 = ADVANCED_FACE('',(#244),#211,.F.);
#244 = FACE_BOUND('',#245,.F.);
#245 = EDGE_LOOP('',(#246,#247,#270,#293));
#246 = ORIENTED_EDGE('',*,*,#195,.T.);
#247 = ORIENTED_EDGE('',*,*,#248,.T.);
#248 = EDGE_CURVE('',#173,#249,#251,.T.);
#249 = VERTEX_POINT('',#250);
#250 = CARTESIAN_POINT('',(7.,-4.,0.1));
#251 = SURFACE_CURVE('',#252,(#256,#263),.PCURVE_S1.);
#252 = LINE('',#253,#254);
#253 = CARTESIAN_POINT('',(7.,12.,18.344503330681));
#254 = VECTOR('',#255,1.);
#255 = DIRECTION('',(0.,-0.6593458151,-0.751839807479));
#256 = PCURVE('',#211,#257);
#257 = DEFINITIONAL_REPRESENTATION('',(#258),#262);
#258 = LINE('',#259,#260);
#259 = CARTESIAN_POINT('',(0.,-14.));
#260 = VECTOR('',#261,1.);
#261 = DIRECTION('',(1.,0.));
#262 = ( GEOMETRIC_REPRESENTATION_CONTEXT(2) 
PARAMETRIC_REPRESENTATION_CONTEXT() REPRESENTATION_CONTEXT('2D SPACE',''
  ) );
#263 = PCURVE('',#102,#264);
#264 = DEFINITIONAL_REPRESENTATION('',(#265),#269);
#265 = LINE('',#266,#267);
#266 = CARTESIAN_POINT('',(11.641758269688,-5.509749435381));
#267 = VECTOR('',#268,1.);
#268 = DIRECTION('',(-0.751839807479,0.6593458151));
#269 = ( GEOMETRIC_REPRESENTATION_CONTEXT(2) 
PARAMETRIC_REPRESENTATION_CONTEXT() REPRESENTATION_CONTEXT('2D SPACE',''
  ) );
#270 = ORIENTED_EDGE('',*,*,#271,.F.);
#271 = EDGE_CURVE('',#272,#249,#274,.T.);
#272 = VERTEX_POINT('',#273);
#273 = CARTESIAN_POINT('',(-7.,-4.,0.1));
#274 = SURFACE_CURVE('',#275,(#279,#286),.PCURVE_S1.);
#275 = LINE('',#276,#277);
#276 = CARTESIAN_POINT('',(-7.,-4.,0.1));
#277 = VECTOR('',#278,1.);
#278 = DIRECTION('',(1.,0.,0.));
#279 = PCURVE('',#211,#280);
#280 = DEFINITIONAL_REPRESENTATION('',(#281),#285);
#281 = LINE('',#282,#283);
#282 = CARTESIAN_POINT('',(24.26647691329,0.));
#283 = VECTOR('',#284,1.);
#284 = DIRECTION('',(0.,-1.));
#285 = ( GEOMETRIC_REPRESENTATION_CONTEXT(2) 
PARAMETRIC_REPRESENTATION_CONTEXT() REPRESENTATION_CONTEXT('2D SPACE',''
  ) );
#286 = PCURVE('',#74,#287);
#287 = DEFINITIONAL_REPRESENTATION('',(#288),#292);
#288 = LINE('',#289,#290);
#289 = CARTESIAN_POINT('',(0.,0.));
#290 = VECTOR('',#291,1.);
#291 = DIRECTION('',(0.,-1.));
#292 = ( GEOMETRIC_REPRESENTATION_CONTEXT(2) 
PARAMETRIC_REPRESENTATION_CONTEXT() REPRESENTATION_CONTEXT('2D SPACE',''
  ) );
#293 = ORIENTED_EDGE('',*,*,#294,.F.);
#294 = EDGE_CURVE('',#196,#272,#295,.T.);
#295 = SURFACE_CURVE('',#296,(#300,#307),.PCURVE_S1.);
#296 = LINE('',#297,#298);
#297 = CARTESIAN_POINT('',(-7.,12.,18.344503330681));
#298 = VECTOR('',#299,1.);
#299 = DIRECTION('',(0.,-0.6593458151,-0.751839807479));
#300 = PCURVE('',#211,#301);
#301 = DEFINITIONAL_REPRESENTATION('',(#302),#306);
#302 = LINE('',#303,#304);
#303 = CARTESIAN_POINT('',(0.,0.));
#304 = VECTOR('',#305,1.);
#305 = DIRECTION('',(1.,0.));
#306 = ( GEOMETRIC_REPRESENTATION_CONTEXT(2) 
PARAMETRIC_REPRESENTATION_CONTEXT() REPRESENTATION_CONTEXT('2D SPACE',''
  ) );
#307 = PCURVE('',#156,#308);
#308 = DEFINITIONAL_REPRESENTATION('',(#309),#313);
#309 = LINE('',#310,#311);
#310 = CARTESIAN_POINT('',(11.641758269688,-5.509749435381));
#311 = VECTOR('',#312,1.);
#312 = DIRECTION('',(-0.751839807479,0.6593458151));
#313 = ( GEOMETRIC_REPRESENTATION_CONTEXT(2) 
PARAMETRIC_REPRESENTATION_CONTEXT() REPRESENTATION_CONTEXT('2D SPACE',''
  ) );
#314 = ADVANCED_FACE('',(#315),#74,.F.);
#315 = FACE_BOUND('',#316,.F.);
#316 = EDGE_LOOP('',(#317,#318,#339,#340));
#317 = ORIENTED_EDGE('',*,*,#271,.T.);
#318 = ORIENTED_EDGE('',*,*,#319,.T.);
#319 = EDGE_CURVE('',#249,#54,#320,.T.);
#320 = SURFACE_CURVE('',#321,(#325,#332),.PCURVE_S1.);
#321 = LINE('',#322,#323);
#322 = CARTESIAN_POINT('',(7.,-4.,0.1));
#323 = VECTOR('',#324,1.);
#324 = DIRECTION('',(0.,0.,-1.));
#325 = PCURVE('',#74,#326);
#326 = DEFINITIONAL_REPRESENTATION('',(#327),#331);
#327 = LINE('',#328,#329);
#328 = CARTESIAN_POINT('',(0.,-14.));
#329 = VECTOR('',#330,1.);
#330 = DIRECTION('',(1.,0.));
#331 = ( GEOMETRIC_REPRESENTATION_CONTEXT(2) 
PARAMETRIC_REPRESENTATION_CONTEXT() REPRESENTATION_CONTEXT('2D SPACE',''
  ) );
#332 = PCURVE('',#102,#333);
#333 = DEFINITIONAL_REPRESENTATION('',(#334),#338);
#334 = LINE('',#335,#336);
#335 = CARTESIAN_POINT('',(-6.602745060993,10.490250564619));
#336 = VECTOR('',#337,1.);
#337 = DIRECTION('',(-1.,0.));
#338 = ( GEOMETRIC_REPRESENTATION_CONTEXT(2) 
PARAMETRIC_REPRESENTATION_CONTEXT() REPRESENTATION_CONTEXT('2D SPACE',''
  ) );
#339 = ORIENTED_EDGE('',*,*,#51,.F.);
#340 = ORIENTED_EDGE('',*,*,#341,.F.);
#341 = EDGE_CURVE('',#272,#52,#342,.T.);
#342 = SURFACE_CURVE('',#343,(#347,#354),.PCURVE_S1.);
#343 = LINE('',#344,#345);
#344 = CARTESIAN_POINT('',(-7.,-4.,0.1));
#345 = VECTOR('',#346,1.);
#346 = DIRECTION('',(0.,0.,-1.));
#347 = PCURVE('',#74,#348);
#348 = DEFINITIONAL_REPRESENTATION('',(#349),#353);
#349 = LINE('',#350,#351);
#350 = CARTESIAN_POINT('',(0.,0.));
#351 = VECTOR('',#352,1.);
#352 = DIRECTION('',(1.,0.));
#353 = ( GEOMETRIC_REPRESENTATION_CONTEXT(2) 
PARAMETRIC_REPRESENTATION_CONTEXT() REPRESENTATION_CONTEXT('2D SPACE',''
  ) );
#354 = PCURVE('',#156,#355);
#355 = DEFINITIONAL_REPRESENTATION('',(#356),#360);
#356 = LINE('',#357,#358);
#357 = CARTESIAN_POINT('',(-6.602745060993,10.490250564619));
#358 = VECTOR('',#359,1.);
#359 = DIRECTION('',(-1.,0.));
#360 = ( GEOMETRIC_REPRESENTATION_CONTEXT(2) 
PARAMETRIC_REPRESENTATION_CONTEXT() REPRESENTATION_CONTEXT('2D SPACE',''
  ) );
#361 = ADVANCED_FACE('',(#362),#156,.F.);
#362 = FACE_BOUND('',#363,.F.);
#363 = EDGE_LOOP('',(#364,#365,#366,#367));
#364 = ORIENTED_EDGE('',*,*,#142,.T.);
#365 = ORIENTED_EDGE('',*,*,#223,.T.);
#366 = ORIENTED_EDGE('',*,*,#294,.T.);
#367 = ORIENTED_EDGE('',*,*,#341,.T.);
#368 = ADVANCED_FACE('',(#369),#102,.T.);
#369 = FACE_BOUND('',#370,.T.);
#370 = EDGE_LOOP('',(#371,#372,#373,#374));
#371 = ORIENTED_EDGE('',*,*,#86,.T.);
#372 = ORIENTED_EDGE('',*,*,#172,.T.);
#373 = ORIENTED_EDGE('',*,*,#248,.T.);
#374 = ORIENTED_EDGE('',*,*,#319,.T.);
#375 = ( GEOMETRIC_REPRESENTATION_CONTEXT(3) 
GLOBAL_UNCERTAINTY_ASSIGNED_CONTEXT((#379)) GLOBAL_UNIT_ASSIGNED_CONTEXT
((#376,#377,#378)) REPRESENTATION_CONTEXT('Context #1',
  '3D Context with UNIT and UNCERTAINTY') );
#376 = ( LENGTH_UNIT() NAMED_UNIT(*) SI_UNIT(.MILLI.,.METRE.) );
#377 = ( NAMED_UNIT(*) PLANE_ANGLE_UNIT() SI_UNIT($,.RADIAN.) );
#378 = ( NAMED_UNIT(*) SI_UNIT($,.STERADIAN.) SOLID_ANGLE_UNIT() );
#379 = UNCERTAINTY_MEASURE_WITH_UNIT(LENGTH_MEASURE(1.E-07),#376,
  'distance_accuracy_value','confusion accuracy');
#380 = CONTEXT_DEPENDENT_SHAPE_REPRESENTATION(#381,#383);
#381 = ( REPRESENTATION_RELATIONSHIP('','',#44,#10) 
REPRESENTATION_RELATIONSHIP_WITH_TRANSFORMATION(#382) 
SHAPE_REPRESENTATION_RELATIONSHIP() );
#382 = ITEM_DEFINED_TRANSFORMATION('','',#11,#15);
#383 = PRODUCT_DEFINITION_SHAPE('Placement','Placement of an item',#384
  );
#384 = NEXT_ASSEMBLY_USAGE_OCCURRENCE('1','','',#5,#39,$);
#385 = PRODUCT_RELATED_PRODUCT_CATEGORY('part',$,(#41));
#386 = SHAPE_DEFINITION_REPRESENTATION(#387,#393);
#387 = PRODUCT_DEFINITION_SHAPE('','',#388);
#388 = PRODUCT_DEFINITION('design','',#389,#392);
#389 = PRODUCT_DEFINITION_FORMATION('','',#390);
#390 = PRODUCT('Open CASCADE STEP translator 7.9 1.2',
  'Open CASCADE STEP translator 7.9 1.2','',(#391));
#391 = PRODUCT_CONTEXT('',#2,'mechanical');
#392 = PRODUCT_DEFINITION_CONTEXT('part definition',#2,'design');
#393 = ADVANCED_BREP_SHAPE_REPRESENTATION('',(#11,#394),#8102);
#394 = MANIFOLD_SOLID_BREP('',#395);
#395 = CLOSED_SHELL('',(#396,#526,#646,#766,#2890,#3010,#3086,#3140,
    #3194,#3226,#3297,#3347,#3396,#3446,#3495,#3545,#3599,#3649,#3698,
    #3748,#3797,#3847,#3896,#3946,#4000,#4050,#4099,#4149,#4198,#4248,
    #4297,#4351,#4400,#4450,#4499,#4549,#4598,#4652,#4701,#4751,#4800,
    #4850,#4899,#4949,#4998,#5048,#5080,#5130,#5179,#5229,#5278,#5328,
    #5377,#5409,#5458,#5508,#5557,#5607,#5656,#5706,#5738,#5788,#5837,
    #5887,#5936,#5986,#6035,#6085,#6134,#6188,#6237,#6287,#6336,#6386,
    #6435,#6489,#6538,#6588,#6637,#6687,#6736,#6786,#6840,#6868,#7096,
    #7167,#7216,#7265,#7292,#7520,#7748,#7976));
#396 = ADVANCED_FACE('',(#397),#412,.T.);
#397 = FACE_BOUND('',#398,.T.);
#398 = EDGE_LOOP('',(#399,#439,#467,#500));
#399 = ORIENTED_EDGE('',*,*,#400,.T.);
#400 = EDGE_CURVE('',#401,#403,#405,.T.);
#401 = VERTEX_POINT('',#402);
#402 = CARTESIAN_POINT('',(0.251821456086,-0.323571428571,
    -0.355125000056));
#403 = VERTEX_POINT('',#404);
#404 = CARTESIAN_POINT('',(0.32,-0.285,-0.355125000056));
#405 = SURFACE_CURVE('',#406,(#411,#423),.PCURVE_S1.);
#406 = CIRCLE('',#407,4.5E-02);
#407 = AXIS2_PLACEMENT_3D('',#408,#409,#410);
#408 = CARTESIAN_POINT('',(0.275,-0.285,-0.355125000056));
#409 = DIRECTION('',(7.228014483237E-15,0.,1.));
#410 = DIRECTION('',(-1.,0.,7.228014483237E-15));
#411 = PCURVE('',#412,#417);
#412 = CYLINDRICAL_SURFACE('',#413,4.5E-02);
#413 = AXIS2_PLACEMENT_3D('',#414,#415,#416);
#414 = CARTESIAN_POINT('',(0.275,-0.285,-0.355125000056));
#415 = DIRECTION('',(7.228014483237E-15,0.,1.));
#416 = DIRECTION('',(1.,0.,-7.228014483237E-15));
#417 = DEFINITIONAL_REPRESENTATION('',(#418),#422);
#418 = LINE('',#419,#420);
#419 = CARTESIAN_POINT('',(3.14159265359,0.));
#420 = VECTOR('',#421,1.);
#421 = DIRECTION('',(1.,0.));
#422 = ( GEOMETRIC_REPRESENTATION_CONTEXT(2) 
PARAMETRIC_REPRESENTATION_CONTEXT() REPRESENTATION_CONTEXT('2D SPACE',''
  ) );
#423 = PCURVE('',#424,#429);
#424 = PLANE('',#425);
#425 = AXIS2_PLACEMENT_3D('',#426,#427,#428);
#426 = CARTESIAN_POINT('',(-2.913505490302E-15,0.,-0.355125000056));
#427 = DIRECTION('',(-6.982962677686E-15,0.,-1.));
#428 = DIRECTION('',(-1.,0.,6.982962677686E-15));
#429 = DEFINITIONAL_REPRESENTATION('',(#430),#438);
#430 = ( BOUNDED_CURVE() B_SPLINE_CURVE(2,(#431,#432,#433,#434,#435,#436
,#437),.UNSPECIFIED.,.T.,.F.) B_SPLINE_CURVE_WITH_KNOTS((1,2,2,2,2,1),(
    -2.094395102393,0.,2.094395102393,4.188790204786,6.28318530718,
8.377580409573),.UNSPECIFIED.) CURVE() GEOMETRIC_REPRESENTATION_ITEM() 
RATIONAL_B_SPLINE_CURVE((1.,0.5,1.,0.5,1.,0.5,1.)) REPRESENTATION_ITEM(
  '') );
#431 = CARTESIAN_POINT('',(-0.23,-0.285));
#432 = CARTESIAN_POINT('',(-0.23,-0.362942286341));
#433 = CARTESIAN_POINT('',(-0.2975,-0.32397114317));
#434 = CARTESIAN_POINT('',(-0.365,-0.285));
#435 = CARTESIAN_POINT('',(-0.2975,-0.24602885683));
#436 = CARTESIAN_POINT('',(-0.23,-0.207057713659));
#437 = CARTESIAN_POINT('',(-0.23,-0.285));
#438 = ( GEOMETRIC_REPRESENTATION_CONTEXT(2) 
PARAMETRIC_REPRESENTATION_CONTEXT() REPRESENTATION_CONTEXT('2D SPACE',''
  ) );
#439 = ORIENTED_EDGE('',*,*,#440,.T.);
#440 = EDGE_CURVE('',#403,#441,#443,.T.);
#441 = VERTEX_POINT('',#442);
#442 = CARTESIAN_POINT('',(0.32,-0.285,-0.355));
#443 = SURFACE_CURVE('',#444,(#448,#455),.PCURVE_S1.);
#444 = LINE('',#445,#446);
#445 = CARTESIAN_POINT('',(0.32,-0.285,-0.355125000056));
#446 = VECTOR('',#447,1.);
#447 = DIRECTION('',(7.228014483237E-15,0.,1.));
#448 = PCURVE('',#412,#449);
#449 = DEFINITIONAL_REPRESENTATION('',(#450),#454);
#450 = LINE('',#451,#452);
#451 = CARTESIAN_POINT('',(6.28318530718,5.551115123126E-17));
#452 = VECTOR('',#453,1.);
#453 = DIRECTION('',(0.,1.));
#454 = ( GEOMETRIC_REPRESENTATION_CONTEXT(2) 
PARAMETRIC_REPRESENTATION_CONTEXT() REPRESENTATION_CONTEXT('2D SPACE',''
  ) );
#455 = PCURVE('',#456,#461);
#456 = CYLINDRICAL_SURFACE('',#457,4.5E-02);
#457 = AXIS2_PLACEMENT_3D('',#458,#459,#460);
#458 = CARTESIAN_POINT('',(0.275,-0.285,-0.355125000056));
#459 = DIRECTION('',(7.228014483237E-15,0.,1.));
#460 = DIRECTION('',(1.,0.,-7.228014483237E-15));
#461 = DEFINITIONAL_REPRESENTATION('',(#462),#466);
#462 = LINE('',#463,#464);
#463 = CARTESIAN_POINT('',(0.,5.551115123126E-17));
#464 = VECTOR('',#465,1.);
#465 = DIRECTION('',(0.,1.));
#466 = ( GEOMETRIC_REPRESENTATION_CONTEXT(2) 
PARAMETRIC_REPRESENTATION_CONTEXT() REPRESENTATION_CONTEXT('2D SPACE',''
  ) );
#467 = ORIENTED_EDGE('',*,*,#468,.F.);
#468 = EDGE_CURVE('',#469,#441,#471,.T.);
#469 = VERTEX_POINT('',#470);
#470 = CARTESIAN_POINT('',(0.251821456086,-0.323571428571,-0.355));
#471 = SURFACE_CURVE('',#472,(#477,#484),.PCURVE_S1.);
#472 = CIRCLE('',#473,4.5E-02);
#473 = AXIS2_PLACEMENT_3D('',#474,#475,#476);
#474 = CARTESIAN_POINT('',(0.275,-0.285,-0.355));
#475 = DIRECTION('',(7.228014483237E-15,0.,1.));
#476 = DIRECTION('',(-1.,0.,7.228014483237E-15));
#477 = PCURVE('',#412,#478);
#478 = DEFINITIONAL_REPRESENTATION('',(#479),#483);
#479 = LINE('',#480,#481);
#480 = CARTESIAN_POINT('',(3.14159265359,1.250000564816E-04));
#481 = VECTOR('',#482,1.);
#482 = DIRECTION('',(1.,0.));
#483 = ( GEOMETRIC_REPRESENTATION_CONTEXT(2) 
PARAMETRIC_REPRESENTATION_CONTEXT() REPRESENTATION_CONTEXT('2D SPACE',''
  ) );
#484 = PCURVE('',#485,#490);
#485 = PLANE('',#486);
#486 = AXIS2_PLACEMENT_3D('',#487,#488,#489);
#487 = CARTESIAN_POINT('',(0.485,-0.595,-0.355));
#488 = DIRECTION('',(-6.982962677686E-15,0.,-1.));
#489 = DIRECTION('',(-1.,0.,6.982962677686E-15));
#490 = DEFINITIONAL_REPRESENTATION('',(#491),#499);
#491 = ( BOUNDED_CURVE() B_SPLINE_CURVE(2,(#492,#493,#494,#495,#496,#497
,#498),.UNSPECIFIED.,.T.,.F.) B_SPLINE_CURVE_WITH_KNOTS((1,2,2,2,2,1),(
    -2.094395102393,0.,2.094395102393,4.188790204786,6.28318530718,
8.377580409573),.UNSPECIFIED.) CURVE() GEOMETRIC_REPRESENTATION_ITEM() 
RATIONAL_B_SPLINE_CURVE((1.,0.5,1.,0.5,1.,0.5,1.)) REPRESENTATION_ITEM(
  '') );
#492 = CARTESIAN_POINT('',(0.255,0.31));
#493 = CARTESIAN_POINT('',(0.255,0.232057713659));
#494 = CARTESIAN_POINT('',(0.1875,0.27102885683));
#495 = CARTESIAN_POINT('',(0.12,0.31));
#496 = CARTESIAN_POINT('',(0.1875,0.34897114317));
#497 = CARTESIAN_POINT('',(0.255,0.387942286341));
#498 = CARTESIAN_POINT('',(0.255,0.31));
#499 = ( GEOMETRIC_REPRESENTATION_CONTEXT(2) 
PARAMETRIC_REPRESENTATION_CONTEXT() REPRESENTATION_CONTEXT('2D SPACE',''
  ) );
#500 = ORIENTED_EDGE('',*,*,#501,.F.);
#501 = EDGE_CURVE('',#401,#469,#502,.T.);
#502 = SURFACE_CURVE('',#503,(#507,#514),.PCURVE_S1.);
#503 = LINE('',#504,#505);
#504 = CARTESIAN_POINT('',(0.251821456086,-0.323571428571,
    -0.355125000056));
#505 = VECTOR('',#506,1.);
#506 = DIRECTION('',(6.982962677686E-15,0.,1.));
#507 = PCURVE('',#412,#508);
#508 = DEFINITIONAL_REPRESENTATION('',(#509),#513);
#509 = LINE('',#510,#511);
#510 = CARTESIAN_POINT('',(4.171289454427,-1.665334536938E-16));
#511 = VECTOR('',#512,1.);
#512 = DIRECTION('',(0.,1.));
#513 = ( GEOMETRIC_REPRESENTATION_CONTEXT(2) 
PARAMETRIC_REPRESENTATION_CONTEXT() REPRESENTATION_CONTEXT('2D SPACE',''
  ) );
#514 = PCURVE('',#515,#520);
#515 = CYLINDRICAL_SURFACE('',#516,2.5E-02);
#516 = AXIS2_PLACEMENT_3D('',#517,#518,#519);
#517 = CARTESIAN_POINT('',(0.238944487245,-0.345,-0.355125000056));
#518 = DIRECTION('',(6.505213034913E-15,0.,1.));
#519 = DIRECTION('',(1.,0.,-6.505213034913E-15));
#520 = DEFINITIONAL_REPRESENTATION('',(#521),#525);
#521 = LINE('',#522,#523);
#522 = CARTESIAN_POINT('',(1.029696800838,1.110223024625E-16));
#523 = VECTOR('',#524,1.);
#524 = DIRECTION('',(0.,1.));
#525 = ( GEOMETRIC_REPRESENTATION_CONTEXT(2) 
PARAMETRIC_REPRESENTATION_CONTEXT() REPRESENTATION_CONTEXT('2D SPACE',''
  ) );
#526 = ADVANCED_FACE('',(#527),#542,.T.);
#527 = FACE_BOUND('',#528,.T.);
#528 = EDGE_LOOP('',(#529,#564,#592,#620));
#529 = ORIENTED_EDGE('',*,*,#530,.T.);
#530 = EDGE_CURVE('',#531,#533,#535,.T.);
#531 = VERTEX_POINT('',#532);
#532 = CARTESIAN_POINT('',(0.175,-5.E-02,-0.355125000056));
#533 = VERTEX_POINT('',#534);
#534 = CARTESIAN_POINT('',(0.225,1.219727444046E-16,-0.355125000056));
#535 = SURFACE_CURVE('',#536,(#541,#553),.PCURVE_S1.);
#536 = CIRCLE('',#537,5.E-02);
#537 = AXIS2_PLACEMENT_3D('',#538,#539,#540);
#538 = CARTESIAN_POINT('',(0.175,1.219727444046E-16,-0.355125000056));
#539 = DIRECTION('',(6.505213034913E-15,0.,1.));
#540 = DIRECTION('',(-1.,0.,6.505213034913E-15));
#541 = PCURVE('',#542,#547);
#542 = CYLINDRICAL_SURFACE('',#543,5.E-02);
#543 = AXIS2_PLACEMENT_3D('',#544,#545,#546);
#544 = CARTESIAN_POINT('',(0.175,1.219727444046E-16,-0.355125000056));
#545 = DIRECTION('',(6.505213034913E-15,0.,1.));
#546 = DIRECTION('',(1.,0.,-6.505213034913E-15));
#547 = DEFINITIONAL_REPRESENTATION('',(#548),#552);
#548 = LINE('',#549,#550);
#549 = CARTESIAN_POINT('',(3.14159265359,5.551115123126E-17));
#550 = VECTOR('',#551,1.);
#551 = DIRECTION('',(1.,-3.533949646071E-17));
#552 = ( GEOMETRIC_REPRESENTATION_CONTEXT(2) 
PARAMETRIC_REPRESENTATION_CONTEXT() REPRESENTATION_CONTEXT('2D SPACE',''
  ) );
#553 = PCURVE('',#424,#554);
#554 = DEFINITIONAL_REPRESENTATION('',(#555),#563);
#555 = ( BOUNDED_CURVE() B_SPLINE_CURVE(2,(#556,#557,#558,#559,#560,#561
,#562),.UNSPECIFIED.,.T.,.F.) B_SPLINE_CURVE_WITH_KNOTS((1,2,2,2,2,1),(
    -2.094395102393,0.,2.094395102393,4.188790204786,6.28318530718,
8.377580409573),.UNSPECIFIED.) CURVE() GEOMETRIC_REPRESENTATION_ITEM() 
RATIONAL_B_SPLINE_CURVE((1.,0.5,1.,0.5,1.,0.5,1.)) REPRESENTATION_ITEM(
  '') );
#556 = CARTESIAN_POINT('',(-0.125,1.219727444046E-16));
#557 = CARTESIAN_POINT('',(-0.125,-8.660254037844E-02));
#558 = CARTESIAN_POINT('',(-0.2,-4.330127018922E-02));
#559 = CARTESIAN_POINT('',(-0.275,1.097262764131E-16));
#560 = CARTESIAN_POINT('',(-0.2,4.330127018922E-02));
#561 = CARTESIAN_POINT('',(-0.125,8.660254037844E-02));
#562 = CARTESIAN_POINT('',(-0.125,1.219727444046E-16));
#563 = ( GEOMETRIC_REPRESENTATION_CONTEXT(2) 
PARAMETRIC_REPRESENTATION_CONTEXT() REPRESENTATION_CONTEXT('2D SPACE',''
  ) );
#564 = ORIENTED_EDGE('',*,*,#565,.T.);
#565 = EDGE_CURVE('',#533,#566,#568,.T.);
#566 = VERTEX_POINT('',#567);
#567 = CARTESIAN_POINT('',(0.225,1.219727444046E-16,-0.355));
#568 = SURFACE_CURVE('',#569,(#573,#580),.PCURVE_S1.);
#569 = LINE('',#570,#571);
#570 = CARTESIAN_POINT('',(0.225,1.219727444046E-16,-0.355125000056));
#571 = VECTOR('',#572,1.);
#572 = DIRECTION('',(6.505213034913E-15,0.,1.));
#573 = PCURVE('',#542,#574);
#574 = DEFINITIONAL_REPRESENTATION('',(#575),#579);
#575 = LINE('',#576,#577);
#576 = CARTESIAN_POINT('',(6.28318530718,-5.551115123126E-17));
#577 = VECTOR('',#578,1.);
#578 = DIRECTION('',(0.,1.));
#579 = ( GEOMETRIC_REPRESENTATION_CONTEXT(2) 
PARAMETRIC_REPRESENTATION_CONTEXT() REPRESENTATION_CONTEXT('2D SPACE',''
  ) );
#580 = PCURVE('',#581,#586);
#581 = CYLINDRICAL_SURFACE('',#582,5.E-02);
#582 = AXIS2_PLACEMENT_3D('',#583,#584,#585);
#583 = CARTESIAN_POINT('',(0.175,1.219727444046E-16,-0.355125000056));
#584 = DIRECTION('',(6.505213034913E-15,0.,1.));
#585 = DIRECTION('',(1.,0.,-6.505213034913E-15));
#586 = DEFINITIONAL_REPRESENTATION('',(#587),#591);
#587 = LINE('',#588,#589);
#588 = CARTESIAN_POINT('',(0.,-5.551115123126E-17));
#589 = VECTOR('',#590,1.);
#590 = DIRECTION('',(0.,1.));
#591 = ( GEOMETRIC_REPRESENTATION_CONTEXT(2) 
PARAMETRIC_REPRESENTATION_CONTEXT() REPRESENTATION_CONTEXT('2D SPACE',''
  ) );
#592 = ORIENTED_EDGE('',*,*,#593,.F.);
#593 = EDGE_CURVE('',#594,#566,#596,.T.);
#594 = VERTEX_POINT('',#595);
#595 = CARTESIAN_POINT('',(0.175,-5.E-02,-0.355));
#596 = SURFACE_CURVE('',#597,(#602,#609),.PCURVE_S1.);
#597 = CIRCLE('',#598,5.E-02);
#598 = AXIS2_PLACEMENT_3D('',#599,#600,#601);
#599 = CARTESIAN_POINT('',(0.175,1.219727444046E-16,-0.355));
#600 = DIRECTION('',(6.505213034913E-15,0.,1.));
#601 = DIRECTION('',(-1.,0.,6.505213034913E-15));
#602 = PCURVE('',#542,#603);
#603 = DEFINITIONAL_REPRESENTATION('',(#604),#608);
#604 = LINE('',#605,#606);
#605 = CARTESIAN_POINT('',(3.14159265359,1.250000564811E-04));
#606 = VECTOR('',#607,1.);
#607 = DIRECTION('',(1.,-3.533949646071E-17));
#608 = ( GEOMETRIC_REPRESENTATION_CONTEXT(2) 
PARAMETRIC_REPRESENTATION_CONTEXT() REPRESENTATION_CONTEXT('2D SPACE',''
  ) );
#609 = PCURVE('',#485,#610);
#610 = DEFINITIONAL_REPRESENTATION('',(#611),#619);
#611 = ( BOUNDED_CURVE() B_SPLINE_CURVE(2,(#612,#613,#614,#615,#616,#617
,#618),.UNSPECIFIED.,.T.,.F.) B_SPLINE_CURVE_WITH_KNOTS((1,2,2,2,2,1),(
    -2.094395102393,0.,2.094395102393,4.188790204786,6.28318530718,
8.377580409573),.UNSPECIFIED.) CURVE() GEOMETRIC_REPRESENTATION_ITEM() 
RATIONAL_B_SPLINE_CURVE((1.,0.5,1.,0.5,1.,0.5,1.)) REPRESENTATION_ITEM(
  '') );
#612 = CARTESIAN_POINT('',(0.36,0.595));
#613 = CARTESIAN_POINT('',(0.36,0.508397459622));
#614 = CARTESIAN_POINT('',(0.285,0.551698729811));
#615 = CARTESIAN_POINT('',(0.21,0.595));
#616 = CARTESIAN_POINT('',(0.285,0.638301270189));
#617 = CARTESIAN_POINT('',(0.36,0.681602540378));
#618 = CARTESIAN_POINT('',(0.36,0.595));
#619 = ( GEOMETRIC_REPRESENTATION_CONTEXT(2) 
PARAMETRIC_REPRESENTATION_CONTEXT() REPRESENTATION_CONTEXT('2D SPACE',''
  ) );
#620 = ORIENTED_EDGE('',*,*,#621,.F.);
#621 = EDGE_CURVE('',#531,#594,#622,.T.);
#622 = SURFACE_CURVE('',#623,(#627,#634),.PCURVE_S1.);
#623 = LINE('',#624,#625);
#624 = CARTESIAN_POINT('',(0.175,-5.E-02,-0.355125000056));
#625 = VECTOR('',#626,1.);
#626 = DIRECTION('',(6.982962677686E-15,0.,1.));
#627 = PCURVE('',#542,#628);
#628 = DEFINITIONAL_REPRESENTATION('',(#629),#633);
#629 = LINE('',#630,#631);
#630 = CARTESIAN_POINT('',(4.712388980385,0.));
#631 = VECTOR('',#632,1.);
#632 = DIRECTION('',(0.,1.));
#633 = ( GEOMETRIC_REPRESENTATION_CONTEXT(2) 
PARAMETRIC_REPRESENTATION_CONTEXT() REPRESENTATION_CONTEXT('2D SPACE',''
  ) );
#634 = PCURVE('',#635,#640);
#635 = PLANE('',#636);
#636 = AXIS2_PLACEMENT_3D('',#637,#638,#639);
#637 = CARTESIAN_POINT('',(0.175,-5.E-02,-0.355125000056));
#638 = DIRECTION('',(0.,-1.,0.));
#639 = DIRECTION('',(0.,0.,-1.));
#640 = DEFINITIONAL_REPRESENTATION('',(#641),#645);
#641 = LINE('',#642,#643);
#642 = CARTESIAN_POINT('',(0.,0.));
#643 = VECTOR('',#644,1.);
#644 = DIRECTION('',(-1.,6.982962677686E-15));
#645 = ( GEOMETRIC_REPRESENTATION_CONTEXT(2) 
PARAMETRIC_REPRESENTATION_CONTEXT() REPRESENTATION_CONTEXT('2D SPACE',''
  ) );
#646 = ADVANCED_FACE('',(#647),#662,.T.);
#647 = FACE_BOUND('',#648,.T.);
#648 = EDGE_LOOP('',(#649,#684,#712,#740));
#649 = ORIENTED_EDGE('',*,*,#650,.T.);
#650 = EDGE_CURVE('',#651,#653,#655,.T.);
#651 = VERTEX_POINT('',#652);
#652 = CARTESIAN_POINT('',(0.251821456086,0.246428571429,-0.355125000056
    ));
#653 = VERTEX_POINT('',#654);
#654 = CARTESIAN_POINT('',(0.32,0.285,-0.355125000056));
#655 = SURFACE_CURVE('',#656,(#661,#673),.PCURVE_S1.);
#656 = CIRCLE('',#657,4.5E-02);
#657 = AXIS2_PLACEMENT_3D('',#658,#659,#660);
#658 = CARTESIAN_POINT('',(0.275,0.285,-0.355125000056));
#659 = DIRECTION('',(7.228014483237E-15,0.,1.));
#660 = DIRECTION('',(-1.,0.,7.228014483237E-15));
#661 = PCURVE('',#662,#667);
#662 = CYLINDRICAL_SURFACE('',#663,4.5E-02);
#663 = AXIS2_PLACEMENT_3D('',#664,#665,#666);
#664 = CARTESIAN_POINT('',(0.275,0.285,-0.355125000056));
#665 = DIRECTION('',(7.228014483237E-15,0.,1.));
#666 = DIRECTION('',(1.,0.,-7.228014483237E-15));
#667 = DEFINITIONAL_REPRESENTATION('',(#668),#672);
#668 = LINE('',#669,#670);
#669 = CARTESIAN_POINT('',(3.14159265359,0.));
#670 = VECTOR('',#671,1.);
#671 = DIRECTION('',(1.,0.));
#672 = ( GEOMETRIC_REPRESENTATION_CONTEXT(2) 
PARAMETRIC_REPRESENTATION_CONTEXT() REPRESENTATION_CONTEXT('2D SPACE',''
  ) );
#673 = PCURVE('',#424,#674);
#674 = DEFINITIONAL_REPRESENTATION('',(#675),#683);
#675 = ( BOUNDED_CURVE() B_SPLINE_CURVE(2,(#676,#677,#678,#679,#680,#681
,#682),.UNSPECIFIED.,.T.,.F.) B_SPLINE_CURVE_WITH_KNOTS((1,2,2,2,2,1),(
    -2.094395102393,0.,2.094395102393,4.188790204786,6.28318530718,
8.377580409573),.UNSPECIFIED.) CURVE() GEOMETRIC_REPRESENTATION_ITEM() 
RATIONAL_B_SPLINE_CURVE((1.,0.5,1.,0.5,1.,0.5,1.)) REPRESENTATION_ITEM(
  '') );
#676 = CARTESIAN_POINT('',(-0.23,0.285));
#677 = CARTESIAN_POINT('',(-0.23,0.207057713659));
#678 = CARTESIAN_POINT('',(-0.2975,0.24602885683));
#679 = CARTESIAN_POINT('',(-0.365,0.285));
#680 = CARTESIAN_POINT('',(-0.2975,0.32397114317));
#681 = CARTESIAN_POINT('',(-0.23,0.362942286341));
#682 = CARTESIAN_POINT('',(-0.23,0.285));
#683 = ( GEOMETRIC_REPRESENTATION_CONTEXT(2) 
PARAMETRIC_REPRESENTATION_CONTEXT() REPRESENTATION_CONTEXT('2D SPACE',''
  ) );
#684 = ORIENTED_EDGE('',*,*,#685,.T.);
#685 = EDGE_CURVE('',#653,#686,#688,.T.);
#686 = VERTEX_POINT('',#687);
#687 = CARTESIAN_POINT('',(0.32,0.285,-0.355));
#688 = SURFACE_CURVE('',#689,(#693,#700),.PCURVE_S1.);
#689 = LINE('',#690,#691);
#690 = CARTESIAN_POINT('',(0.32,0.285,-0.355125000056));
#691 = VECTOR('',#692,1.);
#692 = DIRECTION('',(7.228014483237E-15,0.,1.));
#693 = PCURVE('',#662,#694);
#694 = DEFINITIONAL_REPRESENTATION('',(#695),#699);
#695 = LINE('',#696,#697);
#696 = CARTESIAN_POINT('',(6.28318530718,5.551115123126E-17));
#697 = VECTOR('',#698,1.);
#698 = DIRECTION('',(0.,1.));
#699 = ( GEOMETRIC_REPRESENTATION_CONTEXT(2) 
PARAMETRIC_REPRESENTATION_CONTEXT() REPRESENTATION_CONTEXT('2D SPACE',''
  ) );
#700 = PCURVE('',#701,#706);
#701 = CYLINDRICAL_SURFACE('',#702,4.5E-02);
#702 = AXIS2_PLACEMENT_3D('',#703,#704,#705);
#703 = CARTESIAN_POINT('',(0.275,0.285,-0.355125000056));
#704 = DIRECTION('',(7.228014483237E-15,0.,1.));
#705 = DIRECTION('',(1.,0.,-7.228014483237E-15));
#706 = DEFINITIONAL_REPRESENTATION('',(#707),#711);
#707 = LINE('',#708,#709);
#708 = CARTESIAN_POINT('',(0.,5.551115123126E-17));
#709 = VECTOR('',#710,1.);
#710 = DIRECTION('',(0.,1.));
#711 = ( GEOMETRIC_REPRESENTATION_CONTEXT(2) 
PARAMETRIC_REPRESENTATION_CONTEXT() REPRESENTATION_CONTEXT('2D SPACE',''
  ) );
#712 = ORIENTED_EDGE('',*,*,#713,.F.);
#713 = EDGE_CURVE('',#714,#686,#716,.T.);
#714 = VERTEX_POINT('',#715);
#715 = CARTESIAN_POINT('',(0.251821456086,0.246428571429,-0.355));
#716 = SURFACE_CURVE('',#717,(#722,#729),.PCURVE_S1.);
#717 = CIRCLE('',#718,4.5E-02);
#718 = AXIS2_PLACEMENT_3D('',#719,#720,#721);
#719 = CARTESIAN_POINT('',(0.275,0.285,-0.355));
#720 = DIRECTION('',(7.228014483237E-15,0.,1.));
#721 = DIRECTION('',(-1.,0.,7.228014483237E-15));
#722 = PCURVE('',#662,#723);
#723 = DEFINITIONAL_REPRESENTATION('',(#724),#728);
#724 = LINE('',#725,#726);
#725 = CARTESIAN_POINT('',(3.14159265359,1.250000564816E-04));
#726 = VECTOR('',#727,1.);
#727 = DIRECTION('',(1.,0.));
#728 = ( GEOMETRIC_REPRESENTATION_CONTEXT(2) 
PARAMETRIC_REPRESENTATION_CONTEXT() REPRESENTATION_CONTEXT('2D SPACE',''
  ) );
#729 = PCURVE('',#485,#730);
#730 = DEFINITIONAL_REPRESENTATION('',(#731),#739);
#731 = ( BOUNDED_CURVE() B_SPLINE_CURVE(2,(#732,#733,#734,#735,#736,#737
,#738),.UNSPECIFIED.,.T.,.F.) B_SPLINE_CURVE_WITH_KNOTS((1,2,2,2,2,1),(
    -2.094395102393,0.,2.094395102393,4.188790204786,6.28318530718,
8.377580409573),.UNSPECIFIED.) CURVE() GEOMETRIC_REPRESENTATION_ITEM() 
RATIONAL_B_SPLINE_CURVE((1.,0.5,1.,0.5,1.,0.5,1.)) REPRESENTATION_ITEM(
  '') );
#732 = CARTESIAN_POINT('',(0.255,0.88));
#733 = CARTESIAN_POINT('',(0.255,0.802057713659));
#734 = CARTESIAN_POINT('',(0.1875,0.84102885683));
#735 = CARTESIAN_POINT('',(0.12,0.88));
#736 = CARTESIAN_POINT('',(0.1875,0.91897114317));
#737 = CARTESIAN_POINT('',(0.255,0.957942286341));
#738 = CARTESIAN_POINT('',(0.255,0.88));
#739 = ( GEOMETRIC_REPRESENTATION_CONTEXT(2) 
PARAMETRIC_REPRESENTATION_CONTEXT() REPRESENTATION_CONTEXT('2D SPACE',''
  ) );
#740 = ORIENTED_EDGE('',*,*,#741,.F.);
#741 = EDGE_CURVE('',#651,#714,#742,.T.);
#742 = SURFACE_CURVE('',#743,(#747,#754),.PCURVE_S1.);
#743 = LINE('',#744,#745);
#744 = CARTESIAN_POINT('',(0.251821456086,0.246428571429,-0.355125000056
    ));
#745 = VECTOR('',#746,1.);
#746 = DIRECTION('',(6.982962677686E-15,0.,1.));
#747 = PCURVE('',#662,#748);
#748 = DEFINITIONAL_REPRESENTATION('',(#749),#753);
#749 = LINE('',#750,#751);
#750 = CARTESIAN_POINT('',(4.171289454427,-1.665334536938E-16));
#751 = VECTOR('',#752,1.);
#752 = DIRECTION('',(0.,1.));
#753 = ( GEOMETRIC_REPRESENTATION_CONTEXT(2) 
PARAMETRIC_REPRESENTATION_CONTEXT() REPRESENTATION_CONTEXT('2D SPACE',''
  ) );
#754 = PCURVE('',#755,#760);
#755 = CYLINDRICAL_SURFACE('',#756,2.5E-02);
#756 = AXIS2_PLACEMENT_3D('',#757,#758,#759);
#757 = CARTESIAN_POINT('',(0.238944487245,0.225,-0.355125000056));
#758 = DIRECTION('',(6.505213034913E-15,0.,1.));
#759 = DIRECTION('',(1.,0.,-6.505213034913E-15));
#760 = DEFINITIONAL_REPRESENTATION('',(#761),#765);
#761 = LINE('',#762,#763);
#762 = CARTESIAN_POINT('',(1.029696800838,1.110223024625E-16));
#763 = VECTOR('',#764,1.);
#764 = DIRECTION('',(0.,1.));
#765 = ( GEOMETRIC_REPRESENTATION_CONTEXT(2) 
PARAMETRIC_REPRESENTATION_CONTEXT() REPRESENTATION_CONTEXT('2D SPACE',''
  ) );
#766 = ADVANCED_FACE('',(#767),#485,.T.);
#767 = FACE_BOUND('',#768,.T.);
#768 = EDGE_LOOP('',(#769,#800,#828,#857,#885,#918,#946,#975,#1003,#1032
    ,#1060,#1089,#1117,#1139,#1140,#1168,#1197,#1225,#1254,#1282,#1311,
    #1332,#1333,#1361,#1389,#1418,#1446,#1475,#1503,#1525,#1526,#1554,
    #1583,#1611,#1640,#1668,#1697,#1725,#1754,#1782,#1815,#1843,#1872,
    #1900,#1929,#1957,#1990,#2018,#2047,#2075,#2104,#2132,#2161,#2194,
    #2223,#2251,#2280,#2308,#2337,#2365,#2394,#2427,#2456,#2484,#2513,
    #2541,#2570,#2598,#2627,#2660,#2689,#2717,#2746,#2774,#2803,#2831,
    #2864));
#769 = ORIENTED_EDGE('',*,*,#770,.T.);
#770 = EDGE_CURVE('',#771,#773,#775,.T.);
#771 = VERTEX_POINT('',#772);
#772 = CARTESIAN_POINT('',(0.51,-0.595,-0.355));
#773 = VERTEX_POINT('',#774);
#774 = CARTESIAN_POINT('',(0.485,-0.62,-0.355));
#775 = SURFACE_CURVE('',#776,(#781,#788),.PCURVE_S1.);
#776 = CIRCLE('',#777,2.5E-02);
#777 = AXIS2_PLACEMENT_3D('',#778,#779,#780);
#778 = CARTESIAN_POINT('',(0.485,-0.595,-0.355));
#779 = DIRECTION('',(-6.505213034913E-15,0.,-1.));
#780 = DIRECTION('',(-1.,0.,6.505213034913E-15));
#781 = PCURVE('',#485,#782);
#782 = DEFINITIONAL_REPRESENTATION('',(#783),#787);
#783 = CIRCLE('',#784,2.5E-02);
#784 = AXIS2_PLACEMENT_2D('',#785,#786);
#785 = CARTESIAN_POINT('',(0.,0.));
#786 = DIRECTION('',(1.,0.));
#787 = ( GEOMETRIC_REPRESENTATION_CONTEXT(2) 
PARAMETRIC_REPRESENTATION_CONTEXT() REPRESENTATION_CONTEXT('2D SPACE',''
  ) );
#788 = PCURVE('',#789,#794);
#789 = CYLINDRICAL_SURFACE('',#790,2.5E-02);
#790 = AXIS2_PLACEMENT_3D('',#791,#792,#793);
#791 = CARTESIAN_POINT('',(0.485,-0.595,-0.355125000056));
#792 = DIRECTION('',(6.505213034913E-15,0.,1.));
#793 = DIRECTION('',(1.,0.,-6.505213034913E-15));
#794 = DEFINITIONAL_REPRESENTATION('',(#795),#799);
#795 = LINE('',#796,#797);
#796 = CARTESIAN_POINT('',(9.424777960769,1.25000056483E-04));
#797 = VECTOR('',#798,1.);
#798 = DIRECTION('',(-1.,0.));
#799 = ( GEOMETRIC_REPRESENTATION_CONTEXT(2) 
PARAMETRIC_REPRESENTATION_CONTEXT() REPRESENTATION_CONTEXT('2D SPACE',''
  ) );
#800 = ORIENTED_EDGE('',*,*,#801,.T.);
#801 = EDGE_CURVE('',#773,#802,#804,.T.);
#802 = VERTEX_POINT('',#803);
#803 = CARTESIAN_POINT('',(0.335,-0.62,-0.355));
#804 = SURFACE_CURVE('',#805,(#809,#816),.PCURVE_S1.);
#805 = LINE('',#806,#807);
#806 = CARTESIAN_POINT('',(0.485,-0.62,-0.355));
#807 = VECTOR('',#808,1.);
#808 = DIRECTION('',(-1.,0.,6.982962677686E-15));
#809 = PCURVE('',#485,#810);
#810 = DEFINITIONAL_REPRESENTATION('',(#811),#815);
#811 = LINE('',#812,#813);
#812 = CARTESIAN_POINT('',(0.,-2.5E-02));
#813 = VECTOR('',#814,1.);
#814 = DIRECTION('',(1.,0.));
#815 = ( GEOMETRIC_REPRESENTATION_CONTEXT(2) 
PARAMETRIC_REPRESENTATION_CONTEXT() REPRESENTATION_CONTEXT('2D SPACE',''
  ) );
#816 = PCURVE('',#817,#822);
#817 = PLANE('',#818);
#818 = AXIS2_PLACEMENT_3D('',#819,#820,#821);
#819 = CARTESIAN_POINT('',(0.335,-0.62,-0.355125000056));
#820 = DIRECTION('',(-0.,1.,0.));
#821 = DIRECTION('',(1.,0.,0.));
#822 = DEFINITIONAL_REPRESENTATION('',(#823),#827);
#823 = LINE('',#824,#825);
#824 = CARTESIAN_POINT('',(0.15,-1.25000056482E-04));
#825 = VECTOR('',#826,1.);
#826 = DIRECTION('',(-1.,-6.982962677686E-15));
#827 = ( GEOMETRIC_REPRESENTATION_CONTEXT(2) 
PARAMETRIC_REPRESENTATION_CONTEXT() REPRESENTATION_CONTEXT('2D SPACE',''
  ) );
#828 = ORIENTED_EDGE('',*,*,#829,.T.);
#829 = EDGE_CURVE('',#802,#830,#832,.T.);
#830 = VERTEX_POINT('',#831);
#831 = CARTESIAN_POINT('',(0.31,-0.595,-0.355));
#832 = SURFACE_CURVE('',#833,(#838,#845),.PCURVE_S1.);
#833 = CIRCLE('',#834,2.5E-02);
#834 = AXIS2_PLACEMENT_3D('',#835,#836,#837);
#835 = CARTESIAN_POINT('',(0.335,-0.595,-0.355));
#836 = DIRECTION('',(-6.505213034913E-15,0.,-1.));
#837 = DIRECTION('',(1.,0.,-6.505213034913E-15));
#838 = PCURVE('',#485,#839);
#839 = DEFINITIONAL_REPRESENTATION('',(#840),#844);
#840 = CIRCLE('',#841,2.5E-02);
#841 = AXIS2_PLACEMENT_2D('',#842,#843);
#842 = CARTESIAN_POINT('',(0.15,0.));
#843 = DIRECTION('',(-1.,0.));
#844 = ( GEOMETRIC_REPRESENTATION_CONTEXT(2) 
PARAMETRIC_REPRESENTATION_CONTEXT() REPRESENTATION_CONTEXT('2D SPACE',''
  ) );
#845 = PCURVE('',#846,#851);
#846 = CYLINDRICAL_SURFACE('',#847,2.5E-02);
#847 = AXIS2_PLACEMENT_3D('',#848,#849,#850);
#848 = CARTESIAN_POINT('',(0.335,-0.595,-0.355125000056));
#849 = DIRECTION('',(6.505213034913E-15,0.,1.));
#850 = DIRECTION('',(1.,0.,-6.505213034913E-15));
#851 = DEFINITIONAL_REPRESENTATION('',(#852),#856);
#852 = LINE('',#853,#854);
#853 = CARTESIAN_POINT('',(6.28318530718,1.25000056482E-04));
#854 = VECTOR('',#855,1.);
#855 = DIRECTION('',(-1.,0.));
#856 = ( GEOMETRIC_REPRESENTATION_CONTEXT(2) 
PARAMETRIC_REPRESENTATION_CONTEXT() REPRESENTATION_CONTEXT('2D SPACE',''
  ) );
#857 = ORIENTED_EDGE('',*,*,#858,.T.);
#858 = EDGE_CURVE('',#830,#859,#861,.T.);
#859 = VERTEX_POINT('',#860);
#860 = CARTESIAN_POINT('',(0.31,-0.57,-0.355));
#861 = SURFACE_CURVE('',#862,(#866,#873),.PCURVE_S1.);
#862 = LINE('',#863,#864);
#863 = CARTESIAN_POINT('',(0.31,-0.57,-0.355));
#864 = VECTOR('',#865,1.);
#865 = DIRECTION('',(4.336808689942E-15,1.,-3.028377322213E-29));
#866 = PCURVE('',#485,#867);
#867 = DEFINITIONAL_REPRESENTATION('',(#868),#872);
#868 = LINE('',#869,#870);
#869 = CARTESIAN_POINT('',(0.175,2.5E-02));
#870 = VECTOR('',#871,1.);
#871 = DIRECTION('',(-4.336808689942E-15,1.));
#872 = ( GEOMETRIC_REPRESENTATION_CONTEXT(2) 
PARAMETRIC_REPRESENTATION_CONTEXT() REPRESENTATION_CONTEXT('2D SPACE',''
  ) );
#873 = PCURVE('',#874,#879);
#874 = PLANE('',#875);
#875 = AXIS2_PLACEMENT_3D('',#876,#877,#878);
#876 = CARTESIAN_POINT('',(0.31,-0.57,-0.355125000056));
#877 = DIRECTION('',(1.,0.,-6.982962677686E-15));
#878 = DIRECTION('',(-6.982962677686E-15,0.,-1.));
#879 = DEFINITIONAL_REPRESENTATION('',(#880),#884);
#880 = LINE('',#881,#882);
#881 = CARTESIAN_POINT('',(-1.25000056482E-04,0.));
#882 = VECTOR('',#883,1.);
#883 = DIRECTION('',(-3.923635700109E-44,1.));
#884 = ( GEOMETRIC_REPRESENTATION_CONTEXT(2) 
PARAMETRIC_REPRESENTATION_CONTEXT() REPRESENTATION_CONTEXT('2D SPACE',''
  ) );
#885 = ORIENTED_EDGE('',*,*,#886,.T.);
#886 = EDGE_CURVE('',#859,#887,#889,.T.);
#887 = VERTEX_POINT('',#888);
#888 = CARTESIAN_POINT('',(0.21,-0.57,-0.355));
#889 = SURFACE_CURVE('',#890,(#895,#906),.PCURVE_S1.);
#890 = CIRCLE('',#891,5.E-02);
#891 = AXIS2_PLACEMENT_3D('',#892,#893,#894);
#892 = CARTESIAN_POINT('',(0.26,-0.57,-0.355));
#893 = DIRECTION('',(6.505213034913E-15,0.,1.));
#894 = DIRECTION('',(-1.,0.,6.505213034913E-15));
#895 = PCURVE('',#485,#896);
#896 = DEFINITIONAL_REPRESENTATION('',(#897),#905);
#897 = ( BOUNDED_CURVE() B_SPLINE_CURVE(2,(#898,#899,#900,#901,#902,#903
,#904),.UNSPECIFIED.,.T.,.F.) B_SPLINE_CURVE_WITH_KNOTS((1,2,2,2,2,1),(
    -2.094395102393,0.,2.094395102393,4.188790204786,6.28318530718,
8.377580409573),.UNSPECIFIED.) CURVE() GEOMETRIC_REPRESENTATION_ITEM() 
RATIONAL_B_SPLINE_CURVE((1.,0.5,1.,0.5,1.,0.5,1.)) REPRESENTATION_ITEM(
  '') );
#898 = CARTESIAN_POINT('',(0.275,2.5E-02));
#899 = CARTESIAN_POINT('',(0.275,-6.160254037844E-02));
#900 = CARTESIAN_POINT('',(0.2,-1.830127018922E-02));
#901 = CARTESIAN_POINT('',(0.125,2.5E-02));
#902 = CARTESIAN_POINT('',(0.2,6.830127018922E-02));
#903 = CARTESIAN_POINT('',(0.275,0.111602540378));
#904 = CARTESIAN_POINT('',(0.275,2.5E-02));
#905 = ( GEOMETRIC_REPRESENTATION_CONTEXT(2) 
PARAMETRIC_REPRESENTATION_CONTEXT() REPRESENTATION_CONTEXT('2D SPACE',''
  ) );
#906 = PCURVE('',#907,#912);
#907 = CYLINDRICAL_SURFACE('',#908,5.E-02);
#908 = AXIS2_PLACEMENT_3D('',#909,#910,#911);
#909 = CARTESIAN_POINT('',(0.26,-0.57,-0.355125000056));
#910 = DIRECTION('',(6.505213034913E-15,0.,1.));
#911 = DIRECTION('',(1.,0.,-6.505213034913E-15));
#912 = DEFINITIONAL_REPRESENTATION('',(#913),#917);
#913 = LINE('',#914,#915);
#914 = CARTESIAN_POINT('',(-3.14159265359,1.250000564815E-04));
#915 = VECTOR('',#916,1.);
#916 = DIRECTION('',(1.,1.766974823035E-17));
#917 = ( GEOMETRIC_REPRESENTATION_CONTEXT(2) 
PARAMETRIC_REPRESENTATION_CONTEXT() REPRESENTATION_CONTEXT('2D SPACE',''
  ) );
#918 = ORIENTED_EDGE('',*,*,#919,.T.);
#919 = EDGE_CURVE('',#887,#920,#922,.T.);
#920 = VERTEX_POINT('',#921);
#921 = CARTESIAN_POINT('',(0.21,-0.595,-0.355));
#922 = SURFACE_CURVE('',#923,(#927,#934),.PCURVE_S1.);
#923 = LINE('',#924,#925);
#924 = CARTESIAN_POINT('',(0.21,-0.57,-0.355));
#925 = VECTOR('',#926,1.);
#926 = DIRECTION('',(1.084202172486E-15,-1.,-7.570943305533E-30));
#927 = PCURVE('',#485,#928);
#928 = DEFINITIONAL_REPRESENTATION('',(#929),#933);
#929 = LINE('',#930,#931);
#930 = CARTESIAN_POINT('',(0.275,2.5E-02));
#931 = VECTOR('',#932,1.);
#932 = DIRECTION('',(-1.084202172486E-15,-1.));
#933 = ( GEOMETRIC_REPRESENTATION_CONTEXT(2) 
PARAMETRIC_REPRESENTATION_CONTEXT() REPRESENTATION_CONTEXT('2D SPACE',''
  ) );
#934 = PCURVE('',#935,#940);
#935 = PLANE('',#936);
#936 = AXIS2_PLACEMENT_3D('',#937,#938,#939);
#937 = CARTESIAN_POINT('',(0.21,-0.57,-0.355125000056));
#938 = DIRECTION('',(-1.,0.,6.982962677686E-15));
#939 = DIRECTION('',(0.,1.,0.));
#940 = DEFINITIONAL_REPRESENTATION('',(#941),#945);
#941 = LINE('',#942,#943);
#942 = CARTESIAN_POINT('',(0.,-1.250000564811E-04));
#943 = VECTOR('',#944,1.);
#944 = DIRECTION('',(-1.,2.80259692865E-45));
#945 = ( GEOMETRIC_REPRESENTATION_CONTEXT(2) 
PARAMETRIC_REPRESENTATION_CONTEXT() REPRESENTATION_CONTEXT('2D SPACE',''
  ) );
#946 = ORIENTED_EDGE('',*,*,#947,.T.);
#947 = EDGE_CURVE('',#920,#948,#950,.T.);
#948 = VERTEX_POINT('',#949);
#949 = CARTESIAN_POINT('',(0.185,-0.62,-0.355));
#950 = SURFACE_CURVE('',#951,(#956,#963),.PCURVE_S1.);
#951 = CIRCLE('',#952,2.5E-02);
#952 = AXIS2_PLACEMENT_3D('',#953,#954,#955);
#953 = CARTESIAN_POINT('',(0.185,-0.595,-0.355));
#954 = DIRECTION('',(-6.505213034913E-15,0.,-1.));
#955 = DIRECTION('',(-1.,0.,6.505213034913E-15));
#956 = PCURVE('',#485,#957);
#957 = DEFINITIONAL_REPRESENTATION('',(#958),#962);
#958 = CIRCLE('',#959,2.5E-02);
#959 = AXIS2_PLACEMENT_2D('',#960,#961);
#960 = CARTESIAN_POINT('',(0.3,0.));
#961 = DIRECTION('',(1.,0.));
#962 = ( GEOMETRIC_REPRESENTATION_CONTEXT(2) 
PARAMETRIC_REPRESENTATION_CONTEXT() REPRESENTATION_CONTEXT('2D SPACE',''
  ) );
#963 = PCURVE('',#964,#969);
#964 = CYLINDRICAL_SURFACE('',#965,2.5E-02);
#965 = AXIS2_PLACEMENT_3D('',#966,#967,#968);
#966 = CARTESIAN_POINT('',(0.185,-0.595,-0.355125000056));
#967 = DIRECTION('',(6.505213034913E-15,0.,1.));
#968 = DIRECTION('',(1.,0.,-6.505213034913E-15));
#969 = DEFINITIONAL_REPRESENTATION('',(#970),#974);
#970 = LINE('',#971,#972);
#971 = CARTESIAN_POINT('',(9.424777960769,1.250000564811E-04));
#972 = VECTOR('',#973,1.);
#973 = DIRECTION('',(-1.,0.));
#974 = ( GEOMETRIC_REPRESENTATION_CONTEXT(2) 
PARAMETRIC_REPRESENTATION_CONTEXT() REPRESENTATION_CONTEXT('2D SPACE',''
  ) );
#975 = ORIENTED_EDGE('',*,*,#976,.T.);
#976 = EDGE_CURVE('',#948,#977,#979,.T.);
#977 = VERTEX_POINT('',#978);
#978 = CARTESIAN_POINT('',(0.115,-0.62,-0.355));
#979 = SURFACE_CURVE('',#980,(#984,#991),.PCURVE_S1.);
#980 = LINE('',#981,#982);
#981 = CARTESIAN_POINT('',(0.185,-0.62,-0.355));
#982 = VECTOR('',#983,1.);
#983 = DIRECTION('',(-1.,0.,6.982962677686E-15));
#984 = PCURVE('',#485,#985);
#985 = DEFINITIONAL_REPRESENTATION('',(#986),#990);
#986 = LINE('',#987,#988);
#987 = CARTESIAN_POINT('',(0.3,-2.5E-02));
#988 = VECTOR('',#989,1.);
#989 = DIRECTION('',(1.,0.));
#990 = ( GEOMETRIC_REPRESENTATION_CONTEXT(2) 
PARAMETRIC_REPRESENTATION_CONTEXT() REPRESENTATION_CONTEXT('2D SPACE',''
  ) );
#991 = PCURVE('',#992,#997);
#992 = PLANE('',#993);
#993 = AXIS2_PLACEMENT_3D('',#994,#995,#996);
#994 = CARTESIAN_POINT('',(0.115,-0.62,-0.355125000056));
#995 = DIRECTION('',(-0.,1.,0.));
#996 = DIRECTION('',(1.,0.,0.));
#997 = DEFINITIONAL_REPRESENTATION('',(#998),#1002);
#998 = LINE('',#999,#1000);
#999 = CARTESIAN_POINT('',(7.E-02,-1.250000564805E-04));
#1000 = VECTOR('',#1001,1.);
#1001 = DIRECTION('',(-1.,-6.982962677686E-15));
#1002 = ( GEOMETRIC_REPRESENTATION_CONTEXT(2) 
PARAMETRIC_REPRESENTATION_CONTEXT() REPRESENTATION_CONTEXT('2D SPACE',''
  ) );
#1003 = ORIENTED_EDGE('',*,*,#1004,.T.);
#1004 = EDGE_CURVE('',#977,#1005,#1007,.T.);
#1005 = VERTEX_POINT('',#1006);
#1006 = CARTESIAN_POINT('',(9.E-02,-0.595,-0.355));
#1007 = SURFACE_CURVE('',#1008,(#1013,#1020),.PCURVE_S1.);
#1008 = CIRCLE('',#1009,2.5E-02);
#1009 = AXIS2_PLACEMENT_3D('',#1010,#1011,#1012);
#1010 = CARTESIAN_POINT('',(0.115,-0.595,-0.355));
#1011 = DIRECTION('',(-6.505213034913E-15,0.,-1.));
#1012 = DIRECTION('',(-1.,0.,6.505213034913E-15));
#1013 = PCURVE('',#485,#1014);
#1014 = DEFINITIONAL_REPRESENTATION('',(#1015),#1019);
#1015 = CIRCLE('',#1016,2.5E-02);
#1016 = AXIS2_PLACEMENT_2D('',#1017,#1018);
#1017 = CARTESIAN_POINT('',(0.37,0.));
#1018 = DIRECTION('',(1.,0.));
#1019 = ( GEOMETRIC_REPRESENTATION_CONTEXT(2) 
PARAMETRIC_REPRESENTATION_CONTEXT() REPRESENTATION_CONTEXT('2D SPACE',''
  ) );
#1020 = PCURVE('',#1021,#1026);
#1021 = CYLINDRICAL_SURFACE('',#1022,2.5E-02);
#1022 = AXIS2_PLACEMENT_3D('',#1023,#1024,#1025);
#1023 = CARTESIAN_POINT('',(0.115,-0.595,-0.355125000056));
#1024 = DIRECTION('',(6.505213034913E-15,0.,1.));
#1025 = DIRECTION('',(1.,0.,-6.505213034913E-15));
#1026 = DEFINITIONAL_REPRESENTATION('',(#1027),#1031);
#1027 = LINE('',#1028,#1029);
#1028 = CARTESIAN_POINT('',(9.424777960769,1.250000564804E-04));
#1029 = VECTOR('',#1030,1.);
#1030 = DIRECTION('',(-1.,3.533949646071E-17));
#1031 = ( GEOMETRIC_REPRESENTATION_CONTEXT(2) 
PARAMETRIC_REPRESENTATION_CONTEXT() REPRESENTATION_CONTEXT('2D SPACE',''
  ) );
#1032 = ORIENTED_EDGE('',*,*,#1033,.T.);
#1033 = EDGE_CURVE('',#1005,#1034,#1036,.T.);
#1034 = VERTEX_POINT('',#1035);
#1035 = CARTESIAN_POINT('',(9.E-02,-0.345,-0.355));
#1036 = SURFACE_CURVE('',#1037,(#1041,#1048),.PCURVE_S1.);
#1037 = LINE('',#1038,#1039);
#1038 = CARTESIAN_POINT('',(9.E-02,-0.595,-0.355));
#1039 = VECTOR('',#1040,1.);
#1040 = DIRECTION('',(-5.421010862428E-17,1.,3.785471652766E-31));
#1041 = PCURVE('',#485,#1042);
#1042 = DEFINITIONAL_REPRESENTATION('',(#1043),#1047);
#1043 = LINE('',#1044,#1045);
#1044 = CARTESIAN_POINT('',(0.395,0.));
#1045 = VECTOR('',#1046,1.);
#1046 = DIRECTION('',(5.421010862428E-17,1.));
#1047 = ( GEOMETRIC_REPRESENTATION_CONTEXT(2) 
PARAMETRIC_REPRESENTATION_CONTEXT() REPRESENTATION_CONTEXT('2D SPACE',''
  ) );
#1048 = PCURVE('',#1049,#1054);
#1049 = PLANE('',#1050);
#1050 = AXIS2_PLACEMENT_3D('',#1051,#1052,#1053);
#1051 = CARTESIAN_POINT('',(9.E-02,-0.345,-0.355125000056));
#1052 = DIRECTION('',(1.,0.,-6.982962677686E-15));
#1053 = DIRECTION('',(-6.982962677686E-15,0.,-1.));
#1054 = DEFINITIONAL_REPRESENTATION('',(#1055),#1059);
#1055 = LINE('',#1056,#1057);
#1056 = CARTESIAN_POINT('',(-1.250000564805E-04,-0.25));
#1057 = VECTOR('',#1058,1.);
#1058 = DIRECTION('',(0.,1.));
#1059 = ( GEOMETRIC_REPRESENTATION_CONTEXT(2) 
PARAMETRIC_REPRESENTATION_CONTEXT() REPRESENTATION_CONTEXT('2D SPACE',''
  ) );
#1060 = ORIENTED_EDGE('',*,*,#1061,.T.);
#1061 = EDGE_CURVE('',#1034,#1062,#1064,.T.);
#1062 = VERTEX_POINT('',#1063);
#1063 = CARTESIAN_POINT('',(0.115,-0.32,-0.355));
#1064 = SURFACE_CURVE('',#1065,(#1070,#1077),.PCURVE_S1.);
#1065 = CIRCLE('',#1066,2.5E-02);
#1066 = AXIS2_PLACEMENT_3D('',#1067,#1068,#1069);
#1067 = CARTESIAN_POINT('',(0.115,-0.345,-0.355));
#1068 = DIRECTION('',(-6.505213034913E-15,0.,-1.));
#1069 = DIRECTION('',(1.,0.,-6.505213034913E-15));
#1070 = PCURVE('',#485,#1071);
#1071 = DEFINITIONAL_REPRESENTATION('',(#1072),#1076);
#1072 = CIRCLE('',#1073,2.5E-02);
#1073 = AXIS2_PLACEMENT_2D('',#1074,#1075);
#1074 = CARTESIAN_POINT('',(0.37,0.25));
#1075 = DIRECTION('',(-1.,0.));
#1076 = ( GEOMETRIC_REPRESENTATION_CONTEXT(2) 
PARAMETRIC_REPRESENTATION_CONTEXT() REPRESENTATION_CONTEXT('2D SPACE',''
  ) );
#1077 = PCURVE('',#1078,#1083);
#1078 = CYLINDRICAL_SURFACE('',#1079,2.5E-02);
#1079 = AXIS2_PLACEMENT_3D('',#1080,#1081,#1082);
#1080 = CARTESIAN_POINT('',(0.115,-0.345,-0.355125000056));
#1081 = DIRECTION('',(6.505213034913E-15,0.,1.));
#1082 = DIRECTION('',(1.,0.,-6.505213034913E-15));
#1083 = DEFINITIONAL_REPRESENTATION('',(#1084),#1088);
#1084 = LINE('',#1085,#1086);
#1085 = CARTESIAN_POINT('',(6.28318530718,1.250000564807E-04));
#1086 = VECTOR('',#1087,1.);
#1087 = DIRECTION('',(-1.,-3.533949646071E-17));
#1088 = ( GEOMETRIC_REPRESENTATION_CONTEXT(2) 
PARAMETRIC_REPRESENTATION_CONTEXT() REPRESENTATION_CONTEXT('2D SPACE',''
  ) );
#1089 = ORIENTED_EDGE('',*,*,#1090,.T.);
#1090 = EDGE_CURVE('',#1062,#1091,#1093,.T.);
#1091 = VERTEX_POINT('',#1092);
#1092 = CARTESIAN_POINT('',(0.238944487245,-0.32,-0.355));
#1093 = SURFACE_CURVE('',#1094,(#1098,#1105),.PCURVE_S1.);
#1094 = LINE('',#1095,#1096);
#1095 = CARTESIAN_POINT('',(0.238944487245,-0.32,-0.355));
#1096 = VECTOR('',#1097,1.);
#1097 = DIRECTION('',(1.,-4.373741005274E-16,-6.982962677686E-15));
#1098 = PCURVE('',#485,#1099);
#1099 = DEFINITIONAL_REPRESENTATION('',(#1100),#1104);
#1100 = LINE('',#1101,#1102);
#1101 = CARTESIAN_POINT('',(0.246055512755,0.275));
#1102 = VECTOR('',#1103,1.);
#1103 = DIRECTION('',(-1.,-4.373741005274E-16));
#1104 = ( GEOMETRIC_REPRESENTATION_CONTEXT(2) 
PARAMETRIC_REPRESENTATION_CONTEXT() REPRESENTATION_CONTEXT('2D SPACE',''
  ) );
#1105 = PCURVE('',#1106,#1111);
#1106 = PLANE('',#1107);
#1107 = AXIS2_PLACEMENT_3D('',#1108,#1109,#1110);
#1108 = CARTESIAN_POINT('',(0.115,-0.32,-0.355125000056));
#1109 = DIRECTION('',(-4.373741005274E-16,-1.,3.05416702017E-30));
#1110 = DIRECTION('',(-1.,4.373741005274E-16,0.));
#1111 = DEFINITIONAL_REPRESENTATION('',(#1112),#1116);
#1112 = LINE('',#1113,#1114);
#1113 = CARTESIAN_POINT('',(-0.123944487245,-1.250000564805E-04));
#1114 = VECTOR('',#1115,1.);
#1115 = DIRECTION('',(-1.,6.982962677686E-15));
#1116 = ( GEOMETRIC_REPRESENTATION_CONTEXT(2) 
PARAMETRIC_REPRESENTATION_CONTEXT() REPRESENTATION_CONTEXT('2D SPACE',''
  ) );
#1117 = ORIENTED_EDGE('',*,*,#1118,.T.);
#1118 = EDGE_CURVE('',#1091,#469,#1119,.T.);
#1119 = SURFACE_CURVE('',#1120,(#1125,#1132),.PCURVE_S1.);
#1120 = CIRCLE('',#1121,2.5E-02);
#1121 = AXIS2_PLACEMENT_3D('',#1122,#1123,#1124);
#1122 = CARTESIAN_POINT('',(0.238944487245,-0.345,-0.355));
#1123 = DIRECTION('',(-6.505213034913E-15,0.,-1.));
#1124 = DIRECTION('',(-1.,0.,6.505213034913E-15));
#1125 = PCURVE('',#485,#1126);
#1126 = DEFINITIONAL_REPRESENTATION('',(#1127),#1131);
#1127 = CIRCLE('',#1128,2.5E-02);
#1128 = AXIS2_PLACEMENT_2D('',#1129,#1130);
#1129 = CARTESIAN_POINT('',(0.246055512755,0.25));
#1130 = DIRECTION('',(1.,0.));
#1131 = ( GEOMETRIC_REPRESENTATION_CONTEXT(2) 
PARAMETRIC_REPRESENTATION_CONTEXT() REPRESENTATION_CONTEXT('2D SPACE',''
  ) );
#1132 = PCURVE('',#515,#1133);
#1133 = DEFINITIONAL_REPRESENTATION('',(#1134),#1138);
#1134 = LINE('',#1135,#1136);
#1135 = CARTESIAN_POINT('',(3.14159265359,1.250000564816E-04));
#1136 = VECTOR('',#1137,1.);
#1137 = DIRECTION('',(-1.,0.));
#1138 = ( GEOMETRIC_REPRESENTATION_CONTEXT(2) 
PARAMETRIC_REPRESENTATION_CONTEXT() REPRESENTATION_CONTEXT('2D SPACE',''
  ) );
#1139 = ORIENTED_EDGE('',*,*,#468,.T.);
#1140 = ORIENTED_EDGE('',*,*,#1141,.T.);
#1141 = EDGE_CURVE('',#441,#1142,#1144,.T.);
#1142 = VERTEX_POINT('',#1143);
#1143 = CARTESIAN_POINT('',(0.251821456086,-0.246428571429,-0.355));
#1144 = SURFACE_CURVE('',#1145,(#1150,#1161),.PCURVE_S1.);
#1145 = CIRCLE('',#1146,4.5E-02);
#1146 = AXIS2_PLACEMENT_3D('',#1147,#1148,#1149);
#1147 = CARTESIAN_POINT('',(0.275,-0.285,-0.355));
#1148 = DIRECTION('',(7.228014483237E-15,0.,1.));
#1149 = DIRECTION('',(-1.,0.,7.228014483237E-15));
#1150 = PCURVE('',#485,#1151);
#1151 = DEFINITIONAL_REPRESENTATION('',(#1152),#1160);
#1152 = ( BOUNDED_CURVE() B_SPLINE_CURVE(2,(#1153,#1154,#1155,#1156,
#1157,#1158,#1159),.UNSPECIFIED.,.T.,.F.) B_SPLINE_CURVE_WITH_KNOTS((1,2
    ,2,2,2,1),(-2.094395102393,0.,2.094395102393,4.188790204786,
6.28318530718,8.377580409573),.UNSPECIFIED.) CURVE() 
GEOMETRIC_REPRESENTATION_ITEM() RATIONAL_B_SPLINE_CURVE((1.,0.5,1.,0.5,
1.,0.5,1.)) REPRESENTATION_ITEM('') );
#1153 = CARTESIAN_POINT('',(0.255,0.31));
#1154 = CARTESIAN_POINT('',(0.255,0.232057713659));
#1155 = CARTESIAN_POINT('',(0.1875,0.27102885683));
#1156 = CARTESIAN_POINT('',(0.12,0.31));
#1157 = CARTESIAN_POINT('',(0.1875,0.34897114317));
#1158 = CARTESIAN_POINT('',(0.255,0.387942286341));
#1159 = CARTESIAN_POINT('',(0.255,0.31));
#1160 = ( GEOMETRIC_REPRESENTATION_CONTEXT(2) 
PARAMETRIC_REPRESENTATION_CONTEXT() REPRESENTATION_CONTEXT('2D SPACE',''
  ) );
#1161 = PCURVE('',#456,#1162);
#1162 = DEFINITIONAL_REPRESENTATION('',(#1163),#1167);
#1163 = LINE('',#1164,#1165);
#1164 = CARTESIAN_POINT('',(-3.14159265359,1.250000564816E-04));
#1165 = VECTOR('',#1166,1.);
#1166 = DIRECTION('',(1.,0.));
#1167 = ( GEOMETRIC_REPRESENTATION_CONTEXT(2) 
PARAMETRIC_REPRESENTATION_CONTEXT() REPRESENTATION_CONTEXT('2D SPACE',''
  ) );
#1168 = ORIENTED_EDGE('',*,*,#1169,.T.);
#1169 = EDGE_CURVE('',#1142,#1170,#1172,.T.);
#1170 = VERTEX_POINT('',#1171);
#1171 = CARTESIAN_POINT('',(0.238944487245,-0.25,-0.355));
#1172 = SURFACE_CURVE('',#1173,(#1178,#1185),.PCURVE_S1.);
#1173 = CIRCLE('',#1174,2.5E-02);
#1174 = AXIS2_PLACEMENT_3D('',#1175,#1176,#1177);
#1175 = CARTESIAN_POINT('',(0.238944487245,-0.225,-0.355));
#1176 = DIRECTION('',(-6.505213034913E-15,0.,-1.));
#1177 = DIRECTION('',(-1.,0.,6.505213034913E-15));
#1178 = PCURVE('',#485,#1179);
#1179 = DEFINITIONAL_REPRESENTATION('',(#1180),#1184);
#1180 = CIRCLE('',#1181,2.5E-02);
#1181 = AXIS2_PLACEMENT_2D('',#1182,#1183);
#1182 = CARTESIAN_POINT('',(0.246055512755,0.37));
#1183 = DIRECTION('',(1.,0.));
#1184 = ( GEOMETRIC_REPRESENTATION_CONTEXT(2) 
PARAMETRIC_REPRESENTATION_CONTEXT() REPRESENTATION_CONTEXT('2D SPACE',''
  ) );
#1185 = PCURVE('',#1186,#1191);
#1186 = CYLINDRICAL_SURFACE('',#1187,2.5E-02);
#1187 = AXIS2_PLACEMENT_3D('',#1188,#1189,#1190);
#1188 = CARTESIAN_POINT('',(0.238944487245,-0.225,-0.355125000056));
#1189 = DIRECTION('',(6.505213034913E-15,0.,1.));
#1190 = DIRECTION('',(1.,0.,-6.505213034913E-15));
#1191 = DEFINITIONAL_REPRESENTATION('',(#1192),#1196);
#1192 = LINE('',#1193,#1194);
#1193 = CARTESIAN_POINT('',(9.424777960769,1.250000564816E-04));
#1194 = VECTOR('',#1195,1.);
#1195 = DIRECTION('',(-1.,0.));
#1196 = ( GEOMETRIC_REPRESENTATION_CONTEXT(2) 
PARAMETRIC_REPRESENTATION_CONTEXT() REPRESENTATION_CONTEXT('2D SPACE',''
  ) );
#1197 = ORIENTED_EDGE('',*,*,#1198,.T.);
#1198 = EDGE_CURVE('',#1170,#1199,#1201,.T.);
#1199 = VERTEX_POINT('',#1200);
#1200 = CARTESIAN_POINT('',(0.115,-0.25,-0.355));
#1201 = SURFACE_CURVE('',#1202,(#1206,#1213),.PCURVE_S1.);
#1202 = LINE('',#1203,#1204);
#1203 = CARTESIAN_POINT('',(0.238944487245,-0.25,-0.355));
#1204 = VECTOR('',#1205,1.);
#1205 = DIRECTION('',(-1.,0.,6.982962677686E-15));
#1206 = PCURVE('',#485,#1207);
#1207 = DEFINITIONAL_REPRESENTATION('',(#1208),#1212);
#1208 = LINE('',#1209,#1210);
#1209 = CARTESIAN_POINT('',(0.246055512755,0.345));
#1210 = VECTOR('',#1211,1.);
#1211 = DIRECTION('',(1.,0.));
#1212 = ( GEOMETRIC_REPRESENTATION_CONTEXT(2) 
PARAMETRIC_REPRESENTATION_CONTEXT() REPRESENTATION_CONTEXT('2D SPACE',''
  ) );
#1213 = PCURVE('',#1214,#1219);
#1214 = PLANE('',#1215);
#1215 = AXIS2_PLACEMENT_3D('',#1216,#1217,#1218);
#1216 = CARTESIAN_POINT('',(0.115,-0.25,-0.355125000056));
#1217 = DIRECTION('',(-0.,1.,0.));
#1218 = DIRECTION('',(1.,0.,0.));
#1219 = DEFINITIONAL_REPRESENTATION('',(#1220),#1224);
#1220 = LINE('',#1221,#1222);
#1221 = CARTESIAN_POINT('',(0.123944487245,-1.250000564805E-04));
#1222 = VECTOR('',#1223,1.);
#1223 = DIRECTION('',(-1.,-6.982962677686E-15));
#1224 = ( GEOMETRIC_REPRESENTATION_CONTEXT(2) 
PARAMETRIC_REPRESENTATION_CONTEXT() REPRESENTATION_CONTEXT('2D SPACE',''
  ) );
#1225 = ORIENTED_EDGE('',*,*,#1226,.T.);
#1226 = EDGE_CURVE('',#1199,#1227,#1229,.T.);
#1227 = VERTEX_POINT('',#1228);
#1228 = CARTESIAN_POINT('',(9.E-02,-0.225,-0.355));
#1229 = SURFACE_CURVE('',#1230,(#1235,#1242),.PCURVE_S1.);
#1230 = CIRCLE('',#1231,2.5E-02);
#1231 = AXIS2_PLACEMENT_3D('',#1232,#1233,#1234);
#1232 = CARTESIAN_POINT('',(0.115,-0.225,-0.355));
#1233 = DIRECTION('',(-6.505213034913E-15,0.,-1.));
#1234 = DIRECTION('',(-1.,0.,6.505213034913E-15));
#1235 = PCURVE('',#485,#1236);
#1236 = DEFINITIONAL_REPRESENTATION('',(#1237),#1241);
#1237 = CIRCLE('',#1238,2.5E-02);
#1238 = AXIS2_PLACEMENT_2D('',#1239,#1240);
#1239 = CARTESIAN_POINT('',(0.37,0.37));
#1240 = DIRECTION('',(1.,0.));
#1241 = ( GEOMETRIC_REPRESENTATION_CONTEXT(2) 
PARAMETRIC_REPRESENTATION_CONTEXT() REPRESENTATION_CONTEXT('2D SPACE',''
  ) );
#1242 = PCURVE('',#1243,#1248);
#1243 = CYLINDRICAL_SURFACE('',#1244,2.5E-02);
#1244 = AXIS2_PLACEMENT_3D('',#1245,#1246,#1247);
#1245 = CARTESIAN_POINT('',(0.115,-0.225,-0.355125000056));
#1246 = DIRECTION('',(6.505213034913E-15,0.,1.));
#1247 = DIRECTION('',(1.,0.,-6.505213034913E-15));
#1248 = DEFINITIONAL_REPRESENTATION('',(#1249),#1253);
#1249 = LINE('',#1250,#1251);
#1250 = CARTESIAN_POINT('',(9.424777960769,1.250000564804E-04));
#1251 = VECTOR('',#1252,1.);
#1252 = DIRECTION('',(-1.,3.533949646071E-17));
#1253 = ( GEOMETRIC_REPRESENTATION_CONTEXT(2) 
PARAMETRIC_REPRESENTATION_CONTEXT() REPRESENTATION_CONTEXT('2D SPACE',''
  ) );
#1254 = ORIENTED_EDGE('',*,*,#1255,.T.);
#1255 = EDGE_CURVE('',#1227,#1256,#1258,.T.);
#1256 = VERTEX_POINT('',#1257);
#1257 = CARTESIAN_POINT('',(9.E-02,-7.5E-02,-0.355));
#1258 = SURFACE_CURVE('',#1259,(#1263,#1270),.PCURVE_S1.);
#1259 = LINE('',#1260,#1261);
#1260 = CARTESIAN_POINT('',(9.E-02,-0.225,-0.355));
#1261 = VECTOR('',#1262,1.);
#1262 = DIRECTION('',(0.,1.,0.));
#1263 = PCURVE('',#485,#1264);
#1264 = DEFINITIONAL_REPRESENTATION('',(#1265),#1269);
#1265 = LINE('',#1266,#1267);
#1266 = CARTESIAN_POINT('',(0.395,0.37));
#1267 = VECTOR('',#1268,1.);
#1268 = DIRECTION('',(0.,1.));
#1269 = ( GEOMETRIC_REPRESENTATION_CONTEXT(2) 
PARAMETRIC_REPRESENTATION_CONTEXT() REPRESENTATION_CONTEXT('2D SPACE',''
  ) );
#1270 = PCURVE('',#1271,#1276);
#1271 = PLANE('',#1272);
#1272 = AXIS2_PLACEMENT_3D('',#1273,#1274,#1275);
#1273 = CARTESIAN_POINT('',(9.E-02,-7.5E-02,-0.355125000056));
#1274 = DIRECTION('',(1.,0.,-6.982962677686E-15));
#1275 = DIRECTION('',(-6.982962677686E-15,0.,-1.));
#1276 = DEFINITIONAL_REPRESENTATION('',(#1277),#1281);
#1277 = LINE('',#1278,#1279);
#1278 = CARTESIAN_POINT('',(-1.250000564805E-04,-0.15));
#1279 = VECTOR('',#1280,1.);
#1280 = DIRECTION('',(0.,1.));
#1281 = ( GEOMETRIC_REPRESENTATION_CONTEXT(2) 
PARAMETRIC_REPRESENTATION_CONTEXT() REPRESENTATION_CONTEXT('2D SPACE',''
  ) );
#1282 = ORIENTED_EDGE('',*,*,#1283,.T.);
#1283 = EDGE_CURVE('',#1256,#1284,#1286,.T.);
#1284 = VERTEX_POINT('',#1285);
#1285 = CARTESIAN_POINT('',(0.115,-5.E-02,-0.355));
#1286 = SURFACE_CURVE('',#1287,(#1292,#1299),.PCURVE_S1.);
#1287 = CIRCLE('',#1288,2.5E-02);
#1288 = AXIS2_PLACEMENT_3D('',#1289,#1290,#1291);
#1289 = CARTESIAN_POINT('',(0.115,-7.5E-02,-0.355));
#1290 = DIRECTION('',(-6.505213034913E-15,0.,-1.));
#1291 = DIRECTION('',(1.,0.,-6.505213034913E-15));
#1292 = PCURVE('',#485,#1293);
#1293 = DEFINITIONAL_REPRESENTATION('',(#1294),#1298);
#1294 = CIRCLE('',#1295,2.5E-02);
#1295 = AXIS2_PLACEMENT_2D('',#1296,#1297);
#1296 = CARTESIAN_POINT('',(0.37,0.52));
#1297 = DIRECTION('',(-1.,0.));
#1298 = ( GEOMETRIC_REPRESENTATION_CONTEXT(2) 
PARAMETRIC_REPRESENTATION_CONTEXT() REPRESENTATION_CONTEXT('2D SPACE',''
  ) );
#1299 = PCURVE('',#1300,#1305);
#1300 = CYLINDRICAL_SURFACE('',#1301,2.5E-02);
#1301 = AXIS2_PLACEMENT_3D('',#1302,#1303,#1304);
#1302 = CARTESIAN_POINT('',(0.115,-7.5E-02,-0.355125000056));
#1303 = DIRECTION('',(6.505213034913E-15,0.,1.));
#1304 = DIRECTION('',(1.,0.,-6.505213034913E-15));
#1305 = DEFINITIONAL_REPRESENTATION('',(#1306),#1310);
#1306 = LINE('',#1307,#1308);
#1307 = CARTESIAN_POINT('',(6.28318530718,1.250000564807E-04));
#1308 = VECTOR('',#1309,1.);
#1309 = DIRECTION('',(-1.,-3.533949646071E-17));
#1310 = ( GEOMETRIC_REPRESENTATION_CONTEXT(2) 
PARAMETRIC_REPRESENTATION_CONTEXT() REPRESENTATION_CONTEXT('2D SPACE',''
  ) );
#1311 = ORIENTED_EDGE('',*,*,#1312,.T.);
#1312 = EDGE_CURVE('',#1284,#594,#1313,.T.);
#1313 = SURFACE_CURVE('',#1314,(#1318,#1325),.PCURVE_S1.);
#1314 = LINE('',#1315,#1316);
#1315 = CARTESIAN_POINT('',(0.175,-5.E-02,-0.355));
#1316 = VECTOR('',#1317,1.);
#1317 = DIRECTION('',(1.,1.129377263006E-16,-6.982962677686E-15));
#1318 = PCURVE('',#485,#1319);
#1319 = DEFINITIONAL_REPRESENTATION('',(#1320),#1324);
#1320 = LINE('',#1321,#1322);
#1321 = CARTESIAN_POINT('',(0.31,0.545));
#1322 = VECTOR('',#1323,1.);
#1323 = DIRECTION('',(-1.,1.129377263006E-16));
#1324 = ( GEOMETRIC_REPRESENTATION_CONTEXT(2) 
PARAMETRIC_REPRESENTATION_CONTEXT() REPRESENTATION_CONTEXT('2D SPACE',''
  ) );
#1325 = PCURVE('',#635,#1326);
#1326 = DEFINITIONAL_REPRESENTATION('',(#1327),#1331);
#1327 = LINE('',#1328,#1329);
#1328 = CARTESIAN_POINT('',(-1.250000564811E-04,4.996003610813E-16));
#1329 = VECTOR('',#1330,1.);
#1330 = DIRECTION('',(6.982962677686E-15,1.));
#1331 = ( GEOMETRIC_REPRESENTATION_CONTEXT(2) 
PARAMETRIC_REPRESENTATION_CONTEXT() REPRESENTATION_CONTEXT('2D SPACE',''
  ) );
#1332 = ORIENTED_EDGE('',*,*,#593,.T.);
#1333 = ORIENTED_EDGE('',*,*,#1334,.T.);
#1334 = EDGE_CURVE('',#566,#1335,#1337,.T.);
#1335 = VERTEX_POINT('',#1336);
#1336 = CARTESIAN_POINT('',(0.175,5.E-02,-0.355));
#1337 = SURFACE_CURVE('',#1338,(#1343,#1354),.PCURVE_S1.);
#1338 = CIRCLE('',#1339,5.E-02);
#1339 = AXIS2_PLACEMENT_3D('',#1340,#1341,#1342);
#1340 = CARTESIAN_POINT('',(0.175,1.219727444046E-16,-0.355));
#1341 = DIRECTION('',(6.505213034913E-15,0.,1.));
#1342 = DIRECTION('',(-1.,0.,6.505213034913E-15));
#1343 = PCURVE('',#485,#1344);
#1344 = DEFINITIONAL_REPRESENTATION('',(#1345),#1353);
#1345 = ( BOUNDED_CURVE() B_SPLINE_CURVE(2,(#1346,#1347,#1348,#1349,
#1350,#1351,#1352),.UNSPECIFIED.,.T.,.F.) B_SPLINE_CURVE_WITH_KNOTS((1,2
    ,2,2,2,1),(-2.094395102393,0.,2.094395102393,4.188790204786,
6.28318530718,8.377580409573),.UNSPECIFIED.) CURVE() 
GEOMETRIC_REPRESENTATION_ITEM() RATIONAL_B_SPLINE_CURVE((1.,0.5,1.,0.5,
1.,0.5,1.)) REPRESENTATION_ITEM('') );
#1346 = CARTESIAN_POINT('',(0.36,0.595));
#1347 = CARTESIAN_POINT('',(0.36,0.508397459622));
#1348 = CARTESIAN_POINT('',(0.285,0.551698729811));
#1349 = CARTESIAN_POINT('',(0.21,0.595));
#1350 = CARTESIAN_POINT('',(0.285,0.638301270189));
#1351 = CARTESIAN_POINT('',(0.36,0.681602540378));
#1352 = CARTESIAN_POINT('',(0.36,0.595));
#1353 = ( GEOMETRIC_REPRESENTATION_CONTEXT(2) 
PARAMETRIC_REPRESENTATION_CONTEXT() REPRESENTATION_CONTEXT('2D SPACE',''
  ) );
#1354 = PCURVE('',#581,#1355);
#1355 = DEFINITIONAL_REPRESENTATION('',(#1356),#1360);
#1356 = LINE('',#1357,#1358);
#1357 = CARTESIAN_POINT('',(-3.14159265359,1.250000564809E-04));
#1358 = VECTOR('',#1359,1.);
#1359 = DIRECTION('',(1.,3.533949646071E-17));
#1360 = ( GEOMETRIC_REPRESENTATION_CONTEXT(2) 
PARAMETRIC_REPRESENTATION_CONTEXT() REPRESENTATION_CONTEXT('2D SPACE',''
  ) );
#1361 = ORIENTED_EDGE('',*,*,#1362,.T.);
#1362 = EDGE_CURVE('',#1335,#1363,#1365,.T.);
#1363 = VERTEX_POINT('',#1364);
#1364 = CARTESIAN_POINT('',(0.115,5.E-02,-0.355));
#1365 = SURFACE_CURVE('',#1366,(#1370,#1377),.PCURVE_S1.);
#1366 = LINE('',#1367,#1368);
#1367 = CARTESIAN_POINT('',(0.175,5.E-02,-0.355));
#1368 = VECTOR('',#1369,1.);
#1369 = DIRECTION('',(-1.,1.129377263006E-16,6.982962677686E-15));
#1370 = PCURVE('',#485,#1371);
#1371 = DEFINITIONAL_REPRESENTATION('',(#1372),#1376);
#1372 = LINE('',#1373,#1374);
#1373 = CARTESIAN_POINT('',(0.31,0.645));
#1374 = VECTOR('',#1375,1.);
#1375 = DIRECTION('',(1.,1.129377263006E-16));
#1376 = ( GEOMETRIC_REPRESENTATION_CONTEXT(2) 
PARAMETRIC_REPRESENTATION_CONTEXT() REPRESENTATION_CONTEXT('2D SPACE',''
  ) );
#1377 = PCURVE('',#1378,#1383);
#1378 = PLANE('',#1379);
#1379 = AXIS2_PLACEMENT_3D('',#1380,#1381,#1382);
#1380 = CARTESIAN_POINT('',(0.175,5.E-02,-0.355125000056));
#1381 = DIRECTION('',(-0.,1.,0.));
#1382 = DIRECTION('',(1.,0.,0.));
#1383 = DEFINITIONAL_REPRESENTATION('',(#1384),#1388);
#1384 = LINE('',#1385,#1386);
#1385 = CARTESIAN_POINT('',(4.996003610813E-16,-1.250000564811E-04));
#1386 = VECTOR('',#1387,1.);
#1387 = DIRECTION('',(-1.,-6.982962677686E-15));
#1388 = ( GEOMETRIC_REPRESENTATION_CONTEXT(2) 
PARAMETRIC_REPRESENTATION_CONTEXT() REPRESENTATION_CONTEXT('2D SPACE',''
  ) );
#1389 = ORIENTED_EDGE('',*,*,#1390,.T.);
#1390 = EDGE_CURVE('',#1363,#1391,#1393,.T.);
#1391 = VERTEX_POINT('',#1392);
#1392 = CARTESIAN_POINT('',(9.E-02,7.5E-02,-0.355));
#1393 = SURFACE_CURVE('',#1394,(#1399,#1406),.PCURVE_S1.);
#1394 = CIRCLE('',#1395,2.5E-02);
#1395 = AXIS2_PLACEMENT_3D('',#1396,#1397,#1398);
#1396 = CARTESIAN_POINT('',(0.115,7.5E-02,-0.355));
#1397 = DIRECTION('',(-6.505213034913E-15,0.,-1.));
#1398 = DIRECTION('',(-1.,0.,6.505213034913E-15));
#1399 = PCURVE('',#485,#1400);
#1400 = DEFINITIONAL_REPRESENTATION('',(#1401),#1405);
#1401 = CIRCLE('',#1402,2.5E-02);
#1402 = AXIS2_PLACEMENT_2D('',#1403,#1404);
#1403 = CARTESIAN_POINT('',(0.37,0.67));
#1404 = DIRECTION('',(1.,0.));
#1405 = ( GEOMETRIC_REPRESENTATION_CONTEXT(2) 
PARAMETRIC_REPRESENTATION_CONTEXT() REPRESENTATION_CONTEXT('2D SPACE',''
  ) );
#1406 = PCURVE('',#1407,#1412);
#1407 = CYLINDRICAL_SURFACE('',#1408,2.5E-02);
#1408 = AXIS2_PLACEMENT_3D('',#1409,#1410,#1411);
#1409 = CARTESIAN_POINT('',(0.115,7.5E-02,-0.355125000056));
#1410 = DIRECTION('',(6.505213034913E-15,0.,1.));
#1411 = DIRECTION('',(1.,0.,-6.505213034913E-15));
#1412 = DEFINITIONAL_REPRESENTATION('',(#1413),#1417);
#1413 = LINE('',#1414,#1415);
#1414 = CARTESIAN_POINT('',(9.424777960769,1.250000564804E-04));
#1415 = VECTOR('',#1416,1.);
#1416 = DIRECTION('',(-1.,3.533949646071E-17));
#1417 = ( GEOMETRIC_REPRESENTATION_CONTEXT(2) 
PARAMETRIC_REPRESENTATION_CONTEXT() REPRESENTATION_CONTEXT('2D SPACE',''
  ) );
#1418 = ORIENTED_EDGE('',*,*,#1419,.T.);
#1419 = EDGE_CURVE('',#1391,#1420,#1422,.T.);
#1420 = VERTEX_POINT('',#1421);
#1421 = CARTESIAN_POINT('',(9.E-02,0.225,-0.355));
#1422 = SURFACE_CURVE('',#1423,(#1427,#1434),.PCURVE_S1.);
#1423 = LINE('',#1424,#1425);
#1424 = CARTESIAN_POINT('',(9.E-02,7.5E-02,-0.355));
#1425 = VECTOR('',#1426,1.);
#1426 = DIRECTION('',(0.,1.,0.));
#1427 = PCURVE('',#485,#1428);
#1428 = DEFINITIONAL_REPRESENTATION('',(#1429),#1433);
#1429 = LINE('',#1430,#1431);
#1430 = CARTESIAN_POINT('',(0.395,0.67));
#1431 = VECTOR('',#1432,1.);
#1432 = DIRECTION('',(0.,1.));
#1433 = ( GEOMETRIC_REPRESENTATION_CONTEXT(2) 
PARAMETRIC_REPRESENTATION_CONTEXT() REPRESENTATION_CONTEXT('2D SPACE',''
  ) );
#1434 = PCURVE('',#1435,#1440);
#1435 = PLANE('',#1436);
#1436 = AXIS2_PLACEMENT_3D('',#1437,#1438,#1439);
#1437 = CARTESIAN_POINT('',(9.E-02,0.225,-0.355125000056));
#1438 = DIRECTION('',(1.,0.,-6.982962677686E-15));
#1439 = DIRECTION('',(-6.982962677686E-15,0.,-1.));
#1440 = DEFINITIONAL_REPRESENTATION('',(#1441),#1445);
#1441 = LINE('',#1442,#1443);
#1442 = CARTESIAN_POINT('',(-1.250000564805E-04,-0.15));
#1443 = VECTOR('',#1444,1.);
#1444 = DIRECTION('',(0.,1.));
#1445 = ( GEOMETRIC_REPRESENTATION_CONTEXT(2) 
PARAMETRIC_REPRESENTATION_CONTEXT() REPRESENTATION_CONTEXT('2D SPACE',''
  ) );
#1446 = ORIENTED_EDGE('',*,*,#1447,.T.);
#1447 = EDGE_CURVE('',#1420,#1448,#1450,.T.);
#1448 = VERTEX_POINT('',#1449);
#1449 = CARTESIAN_POINT('',(0.115,0.25,-0.355));
#1450 = SURFACE_CURVE('',#1451,(#1456,#1463),.PCURVE_S1.);
#1451 = CIRCLE('',#1452,2.5E-02);
#1452 = AXIS2_PLACEMENT_3D('',#1453,#1454,#1455);
#1453 = CARTESIAN_POINT('',(0.115,0.225,-0.355));
#1454 = DIRECTION('',(-6.505213034913E-15,0.,-1.));
#1455 = DIRECTION('',(1.,0.,-6.505213034913E-15));
#1456 = PCURVE('',#485,#1457);
#1457 = DEFINITIONAL_REPRESENTATION('',(#1458),#1462);
#1458 = CIRCLE('',#1459,2.5E-02);
#1459 = AXIS2_PLACEMENT_2D('',#1460,#1461);
#1460 = CARTESIAN_POINT('',(0.37,0.82));
#1461 = DIRECTION('',(-1.,0.));
#1462 = ( GEOMETRIC_REPRESENTATION_CONTEXT(2) 
PARAMETRIC_REPRESENTATION_CONTEXT() REPRESENTATION_CONTEXT('2D SPACE',''
  ) );
#1463 = PCURVE('',#1464,#1469);
#1464 = CYLINDRICAL_SURFACE('',#1465,2.5E-02);
#1465 = AXIS2_PLACEMENT_3D('',#1466,#1467,#1468);
#1466 = CARTESIAN_POINT('',(0.115,0.225,-0.355125000056));
#1467 = DIRECTION('',(6.505213034913E-15,0.,1.));
#1468 = DIRECTION('',(1.,0.,-6.505213034913E-15));
#1469 = DEFINITIONAL_REPRESENTATION('',(#1470),#1474);
#1470 = LINE('',#1471,#1472);
#1471 = CARTESIAN_POINT('',(6.28318530718,1.250000564807E-04));
#1472 = VECTOR('',#1473,1.);
#1473 = DIRECTION('',(-1.,-3.533949646071E-17));
#1474 = ( GEOMETRIC_REPRESENTATION_CONTEXT(2) 
PARAMETRIC_REPRESENTATION_CONTEXT() REPRESENTATION_CONTEXT('2D SPACE',''
  ) );
#1475 = ORIENTED_EDGE('',*,*,#1476,.T.);
#1476 = EDGE_CURVE('',#1448,#1477,#1479,.T.);
#1477 = VERTEX_POINT('',#1478);
#1478 = CARTESIAN_POINT('',(0.238944487245,0.25,-0.355));
#1479 = SURFACE_CURVE('',#1480,(#1484,#1491),.PCURVE_S1.);
#1480 = LINE('',#1481,#1482);
#1481 = CARTESIAN_POINT('',(0.238944487245,0.25,-0.355));
#1482 = VECTOR('',#1483,1.);
#1483 = DIRECTION('',(1.,0.,-6.982962677686E-15));
#1484 = PCURVE('',#485,#1485);
#1485 = DEFINITIONAL_REPRESENTATION('',(#1486),#1490);
#1486 = LINE('',#1487,#1488);
#1487 = CARTESIAN_POINT('',(0.246055512755,0.845));
#1488 = VECTOR('',#1489,1.);
#1489 = DIRECTION('',(-1.,0.));
#1490 = ( GEOMETRIC_REPRESENTATION_CONTEXT(2) 
PARAMETRIC_REPRESENTATION_CONTEXT() REPRESENTATION_CONTEXT('2D SPACE',''
  ) );
#1491 = PCURVE('',#1492,#1497);
#1492 = PLANE('',#1493);
#1493 = AXIS2_PLACEMENT_3D('',#1494,#1495,#1496);
#1494 = CARTESIAN_POINT('',(0.115,0.25,-0.355125000056));
#1495 = DIRECTION('',(0.,-1.,0.));
#1496 = DIRECTION('',(0.,0.,-1.));
#1497 = DEFINITIONAL_REPRESENTATION('',(#1498),#1502);
#1498 = LINE('',#1499,#1500);
#1499 = CARTESIAN_POINT('',(-1.250000564805E-04,0.123944487245));
#1500 = VECTOR('',#1501,1.);
#1501 = DIRECTION('',(6.982962677686E-15,1.));
#1502 = ( GEOMETRIC_REPRESENTATION_CONTEXT(2) 
PARAMETRIC_REPRESENTATION_CONTEXT() REPRESENTATION_CONTEXT('2D SPACE',''
  ) );
#1503 = ORIENTED_EDGE('',*,*,#1504,.T.);
#1504 = EDGE_CURVE('',#1477,#714,#1505,.T.);
#1505 = SURFACE_CURVE('',#1506,(#1511,#1518),.PCURVE_S1.);
#1506 = CIRCLE('',#1507,2.5E-02);
#1507 = AXIS2_PLACEMENT_3D('',#1508,#1509,#1510);
#1508 = CARTESIAN_POINT('',(0.238944487245,0.225,-0.355));
#1509 = DIRECTION('',(-6.505213034913E-15,0.,-1.));
#1510 = DIRECTION('',(-1.,0.,6.505213034913E-15));
#1511 = PCURVE('',#485,#1512);
#1512 = DEFINITIONAL_REPRESENTATION('',(#1513),#1517);
#1513 = CIRCLE('',#1514,2.5E-02);
#1514 = AXIS2_PLACEMENT_2D('',#1515,#1516);
#1515 = CARTESIAN_POINT('',(0.246055512755,0.82));
#1516 = DIRECTION('',(1.,0.));
#1517 = ( GEOMETRIC_REPRESENTATION_CONTEXT(2) 
PARAMETRIC_REPRESENTATION_CONTEXT() REPRESENTATION_CONTEXT('2D SPACE',''
  ) );
#1518 = PCURVE('',#755,#1519);
#1519 = DEFINITIONAL_REPRESENTATION('',(#1520),#1524);
#1520 = LINE('',#1521,#1522);
#1521 = CARTESIAN_POINT('',(3.14159265359,1.250000564816E-04));
#1522 = VECTOR('',#1523,1.);
#1523 = DIRECTION('',(-1.,0.));
#1524 = ( GEOMETRIC_REPRESENTATION_CONTEXT(2) 
PARAMETRIC_REPRESENTATION_CONTEXT() REPRESENTATION_CONTEXT('2D SPACE',''
  ) );
#1525 = ORIENTED_EDGE('',*,*,#713,.T.);
#1526 = ORIENTED_EDGE('',*,*,#1527,.T.);
#1527 = EDGE_CURVE('',#686,#1528,#1530,.T.);
#1528 = VERTEX_POINT('',#1529);
#1529 = CARTESIAN_POINT('',(0.251821456086,0.323571428571,-0.355));
#1530 = SURFACE_CURVE('',#1531,(#1536,#1547),.PCURVE_S1.);
#1531 = CIRCLE('',#1532,4.5E-02);
#1532 = AXIS2_PLACEMENT_3D('',#1533,#1534,#1535);
#1533 = CARTESIAN_POINT('',(0.275,0.285,-0.355));
#1534 = DIRECTION('',(7.228014483237E-15,0.,1.));
#1535 = DIRECTION('',(-1.,0.,7.228014483237E-15));
#1536 = PCURVE('',#485,#1537);
#1537 = DEFINITIONAL_REPRESENTATION('',(#1538),#1546);
#1538 = ( BOUNDED_CURVE() B_SPLINE_CURVE(2,(#1539,#1540,#1541,#1542,
#1543,#1544,#1545),.UNSPECIFIED.,.T.,.F.) B_SPLINE_CURVE_WITH_KNOTS((1,2
    ,2,2,2,1),(-2.094395102393,0.,2.094395102393,4.188790204786,
6.28318530718,8.377580409573),.UNSPECIFIED.) CURVE() 
GEOMETRIC_REPRESENTATION_ITEM() RATIONAL_B_SPLINE_CURVE((1.,0.5,1.,0.5,
1.,0.5,1.)) REPRESENTATION_ITEM('') );
#1539 = CARTESIAN_POINT('',(0.255,0.88));
#1540 = CARTESIAN_POINT('',(0.255,0.802057713659));
#1541 = CARTESIAN_POINT('',(0.1875,0.84102885683));
#1542 = CARTESIAN_POINT('',(0.12,0.88));
#1543 = CARTESIAN_POINT('',(0.1875,0.91897114317));
#1544 = CARTESIAN_POINT('',(0.255,0.957942286341));
#1545 = CARTESIAN_POINT('',(0.255,0.88));
#1546 = ( GEOMETRIC_REPRESENTATION_CONTEXT(2) 
PARAMETRIC_REPRESENTATION_CONTEXT() REPRESENTATION_CONTEXT('2D SPACE',''
  ) );
#1547 = PCURVE('',#701,#1548);
#1548 = DEFINITIONAL_REPRESENTATION('',(#1549),#1553);
#1549 = LINE('',#1550,#1551);
#1550 = CARTESIAN_POINT('',(-3.14159265359,1.250000564816E-04));
#1551 = VECTOR('',#1552,1.);
#1552 = DIRECTION('',(1.,0.));
#1553 = ( GEOMETRIC_REPRESENTATION_CONTEXT(2) 
PARAMETRIC_REPRESENTATION_CONTEXT() REPRESENTATION_CONTEXT('2D SPACE',''
  ) );
#1554 = ORIENTED_EDGE('',*,*,#1555,.T.);
#1555 = EDGE_CURVE('',#1528,#1556,#1558,.T.);
#1556 = VERTEX_POINT('',#1557);
#1557 = CARTESIAN_POINT('',(0.238944487245,0.32,-0.355));
#1558 = SURFACE_CURVE('',#1559,(#1564,#1571),.PCURVE_S1.);
#1559 = CIRCLE('',#1560,2.5E-02);
#1560 = AXIS2_PLACEMENT_3D('',#1561,#1562,#1563);
#1561 = CARTESIAN_POINT('',(0.238944487245,0.345,-0.355));
#1562 = DIRECTION('',(-6.505213034913E-15,0.,-1.));
#1563 = DIRECTION('',(1.,0.,-6.505213034913E-15));
#1564 = PCURVE('',#485,#1565);
#1565 = DEFINITIONAL_REPRESENTATION('',(#1566),#1570);
#1566 = CIRCLE('',#1567,2.5E-02);
#1567 = AXIS2_PLACEMENT_2D('',#1568,#1569);
#1568 = CARTESIAN_POINT('',(0.246055512755,0.94));
#1569 = DIRECTION('',(-1.,0.));
#1570 = ( GEOMETRIC_REPRESENTATION_CONTEXT(2) 
PARAMETRIC_REPRESENTATION_CONTEXT() REPRESENTATION_CONTEXT('2D SPACE',''
  ) );
#1571 = PCURVE('',#1572,#1577);
#1572 = CYLINDRICAL_SURFACE('',#1573,2.5E-02);
#1573 = AXIS2_PLACEMENT_3D('',#1574,#1575,#1576);
#1574 = CARTESIAN_POINT('',(0.238944487245,0.345,-0.355125000056));
#1575 = DIRECTION('',(6.505213034913E-15,0.,1.));
#1576 = DIRECTION('',(1.,0.,-6.505213034913E-15));
#1577 = DEFINITIONAL_REPRESENTATION('',(#1578),#1582);
#1578 = LINE('',#1579,#1580);
#1579 = CARTESIAN_POINT('',(6.28318530718,1.250000564816E-04));
#1580 = VECTOR('',#1581,1.);
#1581 = DIRECTION('',(-1.,0.));
#1582 = ( GEOMETRIC_REPRESENTATION_CONTEXT(2) 
PARAMETRIC_REPRESENTATION_CONTEXT() REPRESENTATION_CONTEXT('2D SPACE',''
  ) );
#1583 = ORIENTED_EDGE('',*,*,#1584,.T.);
#1584 = EDGE_CURVE('',#1556,#1585,#1587,.T.);
#1585 = VERTEX_POINT('',#1586);
#1586 = CARTESIAN_POINT('',(0.115,0.32,-0.355));
#1587 = SURFACE_CURVE('',#1588,(#1592,#1599),.PCURVE_S1.);
#1588 = LINE('',#1589,#1590);
#1589 = CARTESIAN_POINT('',(0.238944487245,0.32,-0.355));
#1590 = VECTOR('',#1591,1.);
#1591 = DIRECTION('',(-1.,0.,6.982962677686E-15));
#1592 = PCURVE('',#485,#1593);
#1593 = DEFINITIONAL_REPRESENTATION('',(#1594),#1598);
#1594 = LINE('',#1595,#1596);
#1595 = CARTESIAN_POINT('',(0.246055512755,0.915));
#1596 = VECTOR('',#1597,1.);
#1597 = DIRECTION('',(1.,0.));
#1598 = ( GEOMETRIC_REPRESENTATION_CONTEXT(2) 
PARAMETRIC_REPRESENTATION_CONTEXT() REPRESENTATION_CONTEXT('2D SPACE',''
  ) );
#1599 = PCURVE('',#1600,#1605);
#1600 = PLANE('',#1601);
#1601 = AXIS2_PLACEMENT_3D('',#1602,#1603,#1604);
#1602 = CARTESIAN_POINT('',(0.115,0.32,-0.355125000056));
#1603 = DIRECTION('',(-4.373741005274E-16,1.,3.05416702017E-30));
#1604 = DIRECTION('',(1.,4.373741005274E-16,0.));
#1605 = DEFINITIONAL_REPRESENTATION('',(#1606),#1610);
#1606 = LINE('',#1607,#1608);
#1607 = CARTESIAN_POINT('',(0.123944487245,-1.250000564805E-04));
#1608 = VECTOR('',#1609,1.);
#1609 = DIRECTION('',(-1.,-6.982962677686E-15));
#1610 = ( GEOMETRIC_REPRESENTATION_CONTEXT(2) 
PARAMETRIC_REPRESENTATION_CONTEXT() REPRESENTATION_CONTEXT('2D SPACE',''
  ) );
#1611 = ORIENTED_EDGE('',*,*,#1612,.T.);
#1612 = EDGE_CURVE('',#1585,#1613,#1615,.T.);
#1613 = VERTEX_POINT('',#1614);
#1614 = CARTESIAN_POINT('',(9.E-02,0.345,-0.355));
#1615 = SURFACE_CURVE('',#1616,(#1621,#1628),.PCURVE_S1.);
#1616 = CIRCLE('',#1617,2.5E-02);
#1617 = AXIS2_PLACEMENT_3D('',#1618,#1619,#1620);
#1618 = CARTESIAN_POINT('',(0.115,0.345,-0.355));
#1619 = DIRECTION('',(-6.505213034913E-15,0.,-1.));
#1620 = DIRECTION('',(-1.,0.,6.505213034913E-15));
#1621 = PCURVE('',#485,#1622);
#1622 = DEFINITIONAL_REPRESENTATION('',(#1623),#1627);
#1623 = CIRCLE('',#1624,2.5E-02);
#1624 = AXIS2_PLACEMENT_2D('',#1625,#1626);
#1625 = CARTESIAN_POINT('',(0.37,0.94));
#1626 = DIRECTION('',(1.,0.));
#1627 = ( GEOMETRIC_REPRESENTATION_CONTEXT(2) 
PARAMETRIC_REPRESENTATION_CONTEXT() REPRESENTATION_CONTEXT('2D SPACE',''
  ) );
#1628 = PCURVE('',#1629,#1634);
#1629 = CYLINDRICAL_SURFACE('',#1630,2.5E-02);
#1630 = AXIS2_PLACEMENT_3D('',#1631,#1632,#1633);
#1631 = CARTESIAN_POINT('',(0.115,0.345,-0.355125000056));
#1632 = DIRECTION('',(6.505213034913E-15,0.,1.));
#1633 = DIRECTION('',(1.,0.,-6.505213034913E-15));
#1634 = DEFINITIONAL_REPRESENTATION('',(#1635),#1639);
#1635 = LINE('',#1636,#1637);
#1636 = CARTESIAN_POINT('',(9.424777960769,1.250000564804E-04));
#1637 = VECTOR('',#1638,1.);
#1638 = DIRECTION('',(-1.,3.533949646071E-17));
#1639 = ( GEOMETRIC_REPRESENTATION_CONTEXT(2) 
PARAMETRIC_REPRESENTATION_CONTEXT() REPRESENTATION_CONTEXT('2D SPACE',''
  ) );
#1640 = ORIENTED_EDGE('',*,*,#1641,.T.);
#1641 = EDGE_CURVE('',#1613,#1642,#1644,.T.);
#1642 = VERTEX_POINT('',#1643);
#1643 = CARTESIAN_POINT('',(9.E-02,0.595,-0.355));
#1644 = SURFACE_CURVE('',#1645,(#1649,#1656),.PCURVE_S1.);
#1645 = LINE('',#1646,#1647);
#1646 = CARTESIAN_POINT('',(9.E-02,0.345,-0.355));
#1647 = VECTOR('',#1648,1.);
#1648 = DIRECTION('',(5.421010862428E-17,1.,-3.785471652766E-31));
#1649 = PCURVE('',#485,#1650);
#1650 = DEFINITIONAL_REPRESENTATION('',(#1651),#1655);
#1651 = LINE('',#1652,#1653);
#1652 = CARTESIAN_POINT('',(0.395,0.94));
#1653 = VECTOR('',#1654,1.);
#1654 = DIRECTION('',(-5.421010862428E-17,1.));
#1655 = ( GEOMETRIC_REPRESENTATION_CONTEXT(2) 
PARAMETRIC_REPRESENTATION_CONTEXT() REPRESENTATION_CONTEXT('2D SPACE',''
  ) );
#1656 = PCURVE('',#1657,#1662);
#1657 = PLANE('',#1658);
#1658 = AXIS2_PLACEMENT_3D('',#1659,#1660,#1661);
#1659 = CARTESIAN_POINT('',(9.E-02,0.595,-0.355125000056));
#1660 = DIRECTION('',(1.,0.,-6.982962677686E-15));
#1661 = DIRECTION('',(-6.982962677686E-15,0.,-1.));
#1662 = DEFINITIONAL_REPRESENTATION('',(#1663),#1667);
#1663 = LINE('',#1664,#1665);
#1664 = CARTESIAN_POINT('',(-1.250000564805E-04,-0.25));
#1665 = VECTOR('',#1666,1.);
#1666 = DIRECTION('',(0.,1.));
#1667 = ( GEOMETRIC_REPRESENTATION_CONTEXT(2) 
PARAMETRIC_REPRESENTATION_CONTEXT() REPRESENTATION_CONTEXT('2D SPACE',''
  ) );
#1668 = ORIENTED_EDGE('',*,*,#1669,.T.);
#1669 = EDGE_CURVE('',#1642,#1670,#1672,.T.);
#1670 = VERTEX_POINT('',#1671);
#1671 = CARTESIAN_POINT('',(0.115,0.62,-0.355));
#1672 = SURFACE_CURVE('',#1673,(#1678,#1685),.PCURVE_S1.);
#1673 = CIRCLE('',#1674,2.5E-02);
#1674 = AXIS2_PLACEMENT_3D('',#1675,#1676,#1677);
#1675 = CARTESIAN_POINT('',(0.115,0.595,-0.355));
#1676 = DIRECTION('',(-6.505213034913E-15,0.,-1.));
#1677 = DIRECTION('',(1.,0.,-6.505213034913E-15));
#1678 = PCURVE('',#485,#1679);
#1679 = DEFINITIONAL_REPRESENTATION('',(#1680),#1684);
#1680 = CIRCLE('',#1681,2.5E-02);
#1681 = AXIS2_PLACEMENT_2D('',#1682,#1683);
#1682 = CARTESIAN_POINT('',(0.37,1.19));
#1683 = DIRECTION('',(-1.,0.));
#1684 = ( GEOMETRIC_REPRESENTATION_CONTEXT(2) 
PARAMETRIC_REPRESENTATION_CONTEXT() REPRESENTATION_CONTEXT('2D SPACE',''
  ) );
#1685 = PCURVE('',#1686,#1691);
#1686 = CYLINDRICAL_SURFACE('',#1687,2.5E-02);
#1687 = AXIS2_PLACEMENT_3D('',#1688,#1689,#1690);
#1688 = CARTESIAN_POINT('',(0.115,0.595,-0.355125000056));
#1689 = DIRECTION('',(6.505213034913E-15,0.,1.));
#1690 = DIRECTION('',(1.,0.,-6.505213034913E-15));
#1691 = DEFINITIONAL_REPRESENTATION('',(#1692),#1696);
#1692 = LINE('',#1693,#1694);
#1693 = CARTESIAN_POINT('',(6.28318530718,1.250000564807E-04));
#1694 = VECTOR('',#1695,1.);
#1695 = DIRECTION('',(-1.,-3.533949646071E-17));
#1696 = ( GEOMETRIC_REPRESENTATION_CONTEXT(2) 
PARAMETRIC_REPRESENTATION_CONTEXT() REPRESENTATION_CONTEXT('2D SPACE',''
  ) );
#1697 = ORIENTED_EDGE('',*,*,#1698,.T.);
#1698 = EDGE_CURVE('',#1670,#1699,#1701,.T.);
#1699 = VERTEX_POINT('',#1700);
#1700 = CARTESIAN_POINT('',(0.185,0.62,-0.355));
#1701 = SURFACE_CURVE('',#1702,(#1706,#1713),.PCURVE_S1.);
#1702 = LINE('',#1703,#1704);
#1703 = CARTESIAN_POINT('',(0.185,0.62,-0.355));
#1704 = VECTOR('',#1705,1.);
#1705 = DIRECTION('',(1.,0.,-6.982962677686E-15));
#1706 = PCURVE('',#485,#1707);
#1707 = DEFINITIONAL_REPRESENTATION('',(#1708),#1712);
#1708 = LINE('',#1709,#1710);
#1709 = CARTESIAN_POINT('',(0.3,1.215));
#1710 = VECTOR('',#1711,1.);
#1711 = DIRECTION('',(-1.,0.));
#1712 = ( GEOMETRIC_REPRESENTATION_CONTEXT(2) 
PARAMETRIC_REPRESENTATION_CONTEXT() REPRESENTATION_CONTEXT('2D SPACE',''
  ) );
#1713 = PCURVE('',#1714,#1719);
#1714 = PLANE('',#1715);
#1715 = AXIS2_PLACEMENT_3D('',#1716,#1717,#1718);
#1716 = CARTESIAN_POINT('',(0.115,0.62,-0.355125000056));
#1717 = DIRECTION('',(0.,-1.,0.));
#1718 = DIRECTION('',(0.,0.,-1.));
#1719 = DEFINITIONAL_REPRESENTATION('',(#1720),#1724);
#1720 = LINE('',#1721,#1722);
#1721 = CARTESIAN_POINT('',(-1.250000564805E-04,7.E-02));
#1722 = VECTOR('',#1723,1.);
#1723 = DIRECTION('',(6.982962677686E-15,1.));
#1724 = ( GEOMETRIC_REPRESENTATION_CONTEXT(2) 
PARAMETRIC_REPRESENTATION_CONTEXT() REPRESENTATION_CONTEXT('2D SPACE',''
  ) );
#1725 = ORIENTED_EDGE('',*,*,#1726,.T.);
#1726 = EDGE_CURVE('',#1699,#1727,#1729,.T.);
#1727 = VERTEX_POINT('',#1728);
#1728 = CARTESIAN_POINT('',(0.21,0.595,-0.355));
#1729 = SURFACE_CURVE('',#1730,(#1735,#1742),.PCURVE_S1.);
#1730 = CIRCLE('',#1731,2.5E-02);
#1731 = AXIS2_PLACEMENT_3D('',#1732,#1733,#1734);
#1732 = CARTESIAN_POINT('',(0.185,0.595,-0.355));
#1733 = DIRECTION('',(-6.505213034913E-15,0.,-1.));
#1734 = DIRECTION('',(1.,0.,-6.505213034913E-15));
#1735 = PCURVE('',#485,#1736);
#1736 = DEFINITIONAL_REPRESENTATION('',(#1737),#1741);
#1737 = CIRCLE('',#1738,2.5E-02);
#1738 = AXIS2_PLACEMENT_2D('',#1739,#1740);
#1739 = CARTESIAN_POINT('',(0.3,1.19));
#1740 = DIRECTION('',(-1.,0.));
#1741 = ( GEOMETRIC_REPRESENTATION_CONTEXT(2) 
PARAMETRIC_REPRESENTATION_CONTEXT() REPRESENTATION_CONTEXT('2D SPACE',''
  ) );
#1742 = PCURVE('',#1743,#1748);
#1743 = CYLINDRICAL_SURFACE('',#1744,2.5E-02);
#1744 = AXIS2_PLACEMENT_3D('',#1745,#1746,#1747);
#1745 = CARTESIAN_POINT('',(0.185,0.595,-0.355125000056));
#1746 = DIRECTION('',(6.505213034913E-15,0.,1.));
#1747 = DIRECTION('',(1.,0.,-6.505213034913E-15));
#1748 = DEFINITIONAL_REPRESENTATION('',(#1749),#1753);
#1749 = LINE('',#1750,#1751);
#1750 = CARTESIAN_POINT('',(6.28318530718,1.250000564811E-04));
#1751 = VECTOR('',#1752,1.);
#1752 = DIRECTION('',(-1.,0.));
#1753 = ( GEOMETRIC_REPRESENTATION_CONTEXT(2) 
PARAMETRIC_REPRESENTATION_CONTEXT() REPRESENTATION_CONTEXT('2D SPACE',''
  ) );
#1754 = ORIENTED_EDGE('',*,*,#1755,.T.);
#1755 = EDGE_CURVE('',#1727,#1756,#1758,.T.);
#1756 = VERTEX_POINT('',#1757);
#1757 = CARTESIAN_POINT('',(0.21,0.57,-0.355));
#1758 = SURFACE_CURVE('',#1759,(#1763,#1770),.PCURVE_S1.);
#1759 = LINE('',#1760,#1761);
#1760 = CARTESIAN_POINT('',(0.21,0.595,-0.355));
#1761 = VECTOR('',#1762,1.);
#1762 = DIRECTION('',(1.084202172486E-15,-1.,-7.570943305533E-30));
#1763 = PCURVE('',#485,#1764);
#1764 = DEFINITIONAL_REPRESENTATION('',(#1765),#1769);
#1765 = LINE('',#1766,#1767);
#1766 = CARTESIAN_POINT('',(0.275,1.19));
#1767 = VECTOR('',#1768,1.);
#1768 = DIRECTION('',(-1.084202172486E-15,-1.));
#1769 = ( GEOMETRIC_REPRESENTATION_CONTEXT(2) 
PARAMETRIC_REPRESENTATION_CONTEXT() REPRESENTATION_CONTEXT('2D SPACE',''
  ) );
#1770 = PCURVE('',#1771,#1776);
#1771 = PLANE('',#1772);
#1772 = AXIS2_PLACEMENT_3D('',#1773,#1774,#1775);
#1773 = CARTESIAN_POINT('',(0.21,0.595,-0.355125000056));
#1774 = DIRECTION('',(-1.,0.,6.982962677686E-15));
#1775 = DIRECTION('',(0.,1.,0.));
#1776 = DEFINITIONAL_REPRESENTATION('',(#1777),#1781);
#1777 = LINE('',#1778,#1779);
#1778 = CARTESIAN_POINT('',(0.,-1.250000564811E-04));
#1779 = VECTOR('',#1780,1.);
#1780 = DIRECTION('',(-1.,2.80259692865E-45));
#1781 = ( GEOMETRIC_REPRESENTATION_CONTEXT(2) 
PARAMETRIC_REPRESENTATION_CONTEXT() REPRESENTATION_CONTEXT('2D SPACE',''
  ) );
#1782 = ORIENTED_EDGE('',*,*,#1783,.T.);
#1783 = EDGE_CURVE('',#1756,#1784,#1786,.T.);
#1784 = VERTEX_POINT('',#1785);
#1785 = CARTESIAN_POINT('',(0.31,0.57,-0.355));
#1786 = SURFACE_CURVE('',#1787,(#1792,#1803),.PCURVE_S1.);
#1787 = CIRCLE('',#1788,5.E-02);
#1788 = AXIS2_PLACEMENT_3D('',#1789,#1790,#1791);
#1789 = CARTESIAN_POINT('',(0.26,0.57,-0.355));
#1790 = DIRECTION('',(6.505213034913E-15,0.,1.));
#1791 = DIRECTION('',(-1.,0.,6.505213034913E-15));
#1792 = PCURVE('',#485,#1793);
#1793 = DEFINITIONAL_REPRESENTATION('',(#1794),#1802);
#1794 = ( BOUNDED_CURVE() B_SPLINE_CURVE(2,(#1795,#1796,#1797,#1798,
#1799,#1800,#1801),.UNSPECIFIED.,.T.,.F.) B_SPLINE_CURVE_WITH_KNOTS((1,2
    ,2,2,2,1),(-2.094395102393,0.,2.094395102393,4.188790204786,
6.28318530718,8.377580409573),.UNSPECIFIED.) CURVE() 
GEOMETRIC_REPRESENTATION_ITEM() RATIONAL_B_SPLINE_CURVE((1.,0.5,1.,0.5,
1.,0.5,1.)) REPRESENTATION_ITEM('') );
#1795 = CARTESIAN_POINT('',(0.275,1.165));
#1796 = CARTESIAN_POINT('',(0.275,1.078397459622));
#1797 = CARTESIAN_POINT('',(0.2,1.121698729811));
#1798 = CARTESIAN_POINT('',(0.125,1.165));
#1799 = CARTESIAN_POINT('',(0.2,1.208301270189));
#1800 = CARTESIAN_POINT('',(0.275,1.251602540378));
#1801 = CARTESIAN_POINT('',(0.275,1.165));
#1802 = ( GEOMETRIC_REPRESENTATION_CONTEXT(2) 
PARAMETRIC_REPRESENTATION_CONTEXT() REPRESENTATION_CONTEXT('2D SPACE',''
  ) );
#1803 = PCURVE('',#1804,#1809);
#1804 = CYLINDRICAL_SURFACE('',#1805,5.E-02);
#1805 = AXIS2_PLACEMENT_3D('',#1806,#1807,#1808);
#1806 = CARTESIAN_POINT('',(0.26,0.57,-0.355125000056));
#1807 = DIRECTION('',(6.505213034913E-15,0.,1.));
#1808 = DIRECTION('',(1.,0.,-6.505213034913E-15));
#1809 = DEFINITIONAL_REPRESENTATION('',(#1810),#1814);
#1810 = LINE('',#1811,#1812);
#1811 = CARTESIAN_POINT('',(3.14159265359,1.250000564816E-04));
#1812 = VECTOR('',#1813,1.);
#1813 = DIRECTION('',(1.,-1.766974823035E-17));
#1814 = ( GEOMETRIC_REPRESENTATION_CONTEXT(2) 
PARAMETRIC_REPRESENTATION_CONTEXT() REPRESENTATION_CONTEXT('2D SPACE',''
  ) );
#1815 = ORIENTED_EDGE('',*,*,#1816,.T.);
#1816 = EDGE_CURVE('',#1784,#1817,#1819,.T.);
#1817 = VERTEX_POINT('',#1818);
#1818 = CARTESIAN_POINT('',(0.31,0.595,-0.355));
#1819 = SURFACE_CURVE('',#1820,(#1824,#1831),.PCURVE_S1.);
#1820 = LINE('',#1821,#1822);
#1821 = CARTESIAN_POINT('',(0.31,0.595,-0.355));
#1822 = VECTOR('',#1823,1.);
#1823 = DIRECTION('',(0.,1.,0.));
#1824 = PCURVE('',#485,#1825);
#1825 = DEFINITIONAL_REPRESENTATION('',(#1826),#1830);
#1826 = LINE('',#1827,#1828);
#1827 = CARTESIAN_POINT('',(0.175,1.19));
#1828 = VECTOR('',#1829,1.);
#1829 = DIRECTION('',(0.,1.));
#1830 = ( GEOMETRIC_REPRESENTATION_CONTEXT(2) 
PARAMETRIC_REPRESENTATION_CONTEXT() REPRESENTATION_CONTEXT('2D SPACE',''
  ) );
#1831 = PCURVE('',#1832,#1837);
#1832 = PLANE('',#1833);
#1833 = AXIS2_PLACEMENT_3D('',#1834,#1835,#1836);
#1834 = CARTESIAN_POINT('',(0.31,0.595,-0.355125000056));
#1835 = DIRECTION('',(1.,0.,-6.982962677686E-15));
#1836 = DIRECTION('',(-6.982962677686E-15,0.,-1.));
#1837 = DEFINITIONAL_REPRESENTATION('',(#1838),#1842);
#1838 = LINE('',#1839,#1840);
#1839 = CARTESIAN_POINT('',(-1.25000056482E-04,0.));
#1840 = VECTOR('',#1841,1.);
#1841 = DIRECTION('',(0.,1.));
#1842 = ( GEOMETRIC_REPRESENTATION_CONTEXT(2) 
PARAMETRIC_REPRESENTATION_CONTEXT() REPRESENTATION_CONTEXT('2D SPACE',''
  ) );
#1843 = ORIENTED_EDGE('',*,*,#1844,.T.);
#1844 = EDGE_CURVE('',#1817,#1845,#1847,.T.);
#1845 = VERTEX_POINT('',#1846);
#1846 = CARTESIAN_POINT('',(0.335,0.62,-0.355));
#1847 = SURFACE_CURVE('',#1848,(#1853,#1860),.PCURVE_S1.);
#1848 = CIRCLE('',#1849,2.5E-02);
#1849 = AXIS2_PLACEMENT_3D('',#1850,#1851,#1852);
#1850 = CARTESIAN_POINT('',(0.335,0.595,-0.355));
#1851 = DIRECTION('',(-6.505213034913E-15,0.,-1.));
#1852 = DIRECTION('',(-1.,0.,6.505213034913E-15));
#1853 = PCURVE('',#485,#1854);
#1854 = DEFINITIONAL_REPRESENTATION('',(#1855),#1859);
#1855 = CIRCLE('',#1856,2.5E-02);
#1856 = AXIS2_PLACEMENT_2D('',#1857,#1858);
#1857 = CARTESIAN_POINT('',(0.15,1.19));
#1858 = DIRECTION('',(1.,0.));
#1859 = ( GEOMETRIC_REPRESENTATION_CONTEXT(2) 
PARAMETRIC_REPRESENTATION_CONTEXT() REPRESENTATION_CONTEXT('2D SPACE',''
  ) );
#1860 = PCURVE('',#1861,#1866);
#1861 = CYLINDRICAL_SURFACE('',#1862,2.5E-02);
#1862 = AXIS2_PLACEMENT_3D('',#1863,#1864,#1865);
#1863 = CARTESIAN_POINT('',(0.335,0.595,-0.355125000056));
#1864 = DIRECTION('',(6.505213034913E-15,0.,1.));
#1865 = DIRECTION('',(1.,0.,-6.505213034913E-15));
#1866 = DEFINITIONAL_REPRESENTATION('',(#1867),#1871);
#1867 = LINE('',#1868,#1869);
#1868 = CARTESIAN_POINT('',(3.14159265359,1.25000056482E-04));
#1869 = VECTOR('',#1870,1.);
#1870 = DIRECTION('',(-1.,0.));
#1871 = ( GEOMETRIC_REPRESENTATION_CONTEXT(2) 
PARAMETRIC_REPRESENTATION_CONTEXT() REPRESENTATION_CONTEXT('2D SPACE',''
  ) );
#1872 = ORIENTED_EDGE('',*,*,#1873,.T.);
#1873 = EDGE_CURVE('',#1845,#1874,#1876,.T.);
#1874 = VERTEX_POINT('',#1875);
#1875 = CARTESIAN_POINT('',(0.485,0.62,-0.355));
#1876 = SURFACE_CURVE('',#1877,(#1881,#1888),.PCURVE_S1.);
#1877 = LINE('',#1878,#1879);
#1878 = CARTESIAN_POINT('',(0.485,0.62,-0.355));
#1879 = VECTOR('',#1880,1.);
#1880 = DIRECTION('',(1.,0.,-6.982962677686E-15));
#1881 = PCURVE('',#485,#1882);
#1882 = DEFINITIONAL_REPRESENTATION('',(#1883),#1887);
#1883 = LINE('',#1884,#1885);
#1884 = CARTESIAN_POINT('',(0.,1.215));
#1885 = VECTOR('',#1886,1.);
#1886 = DIRECTION('',(-1.,0.));
#1887 = ( GEOMETRIC_REPRESENTATION_CONTEXT(2) 
PARAMETRIC_REPRESENTATION_CONTEXT() REPRESENTATION_CONTEXT('2D SPACE',''
  ) );
#1888 = PCURVE('',#1889,#1894);
#1889 = PLANE('',#1890);
#1890 = AXIS2_PLACEMENT_3D('',#1891,#1892,#1893);
#1891 = CARTESIAN_POINT('',(0.335,0.62,-0.355125000056));
#1892 = DIRECTION('',(0.,-1.,0.));
#1893 = DIRECTION('',(0.,0.,-1.));
#1894 = DEFINITIONAL_REPRESENTATION('',(#1895),#1899);
#1895 = LINE('',#1896,#1897);
#1896 = CARTESIAN_POINT('',(-1.25000056482E-04,0.15));
#1897 = VECTOR('',#1898,1.);
#1898 = DIRECTION('',(6.982962677686E-15,1.));
#1899 = ( GEOMETRIC_REPRESENTATION_CONTEXT(2) 
PARAMETRIC_REPRESENTATION_CONTEXT() REPRESENTATION_CONTEXT('2D SPACE',''
  ) );
#1900 = ORIENTED_EDGE('',*,*,#1901,.T.);
#1901 = EDGE_CURVE('',#1874,#1902,#1904,.T.);
#1902 = VERTEX_POINT('',#1903);
#1903 = CARTESIAN_POINT('',(0.51,0.595,-0.355));
#1904 = SURFACE_CURVE('',#1905,(#1910,#1917),.PCURVE_S1.);
#1905 = CIRCLE('',#1906,2.5E-02);
#1906 = AXIS2_PLACEMENT_3D('',#1907,#1908,#1909);
#1907 = CARTESIAN_POINT('',(0.485,0.595,-0.355));
#1908 = DIRECTION('',(-6.505213034913E-15,0.,-1.));
#1909 = DIRECTION('',(1.,0.,-6.505213034913E-15));
#1910 = PCURVE('',#485,#1911);
#1911 = DEFINITIONAL_REPRESENTATION('',(#1912),#1916);
#1912 = CIRCLE('',#1913,2.5E-02);
#1913 = AXIS2_PLACEMENT_2D('',#1914,#1915);
#1914 = CARTESIAN_POINT('',(0.,1.19));
#1915 = DIRECTION('',(-1.,0.));
#1916 = ( GEOMETRIC_REPRESENTATION_CONTEXT(2) 
PARAMETRIC_REPRESENTATION_CONTEXT() REPRESENTATION_CONTEXT('2D SPACE',''
  ) );
#1917 = PCURVE('',#1918,#1923);
#1918 = CYLINDRICAL_SURFACE('',#1919,2.5E-02);
#1919 = AXIS2_PLACEMENT_3D('',#1920,#1921,#1922);
#1920 = CARTESIAN_POINT('',(0.485,0.595,-0.355125000056));
#1921 = DIRECTION('',(6.505213034913E-15,0.,1.));
#1922 = DIRECTION('',(1.,0.,-6.505213034913E-15));
#1923 = DEFINITIONAL_REPRESENTATION('',(#1924),#1928);
#1924 = LINE('',#1925,#1926);
#1925 = CARTESIAN_POINT('',(6.28318530718,1.25000056483E-04));
#1926 = VECTOR('',#1927,1.);
#1927 = DIRECTION('',(-1.,0.));
#1928 = ( GEOMETRIC_REPRESENTATION_CONTEXT(2) 
PARAMETRIC_REPRESENTATION_CONTEXT() REPRESENTATION_CONTEXT('2D SPACE',''
  ) );
#1929 = ORIENTED_EDGE('',*,*,#1930,.T.);
#1930 = EDGE_CURVE('',#1902,#1931,#1933,.T.);
#1931 = VERTEX_POINT('',#1932);
#1932 = CARTESIAN_POINT('',(0.51,0.57,-0.355));
#1933 = SURFACE_CURVE('',#1934,(#1938,#1945),.PCURVE_S1.);
#1934 = LINE('',#1935,#1936);
#1935 = CARTESIAN_POINT('',(0.51,0.595,-0.355));
#1936 = VECTOR('',#1937,1.);
#1937 = DIRECTION('',(0.,-1.,0.));
#1938 = PCURVE('',#485,#1939);
#1939 = DEFINITIONAL_REPRESENTATION('',(#1940),#1944);
#1940 = LINE('',#1941,#1942);
#1941 = CARTESIAN_POINT('',(-2.5E-02,1.19));
#1942 = VECTOR('',#1943,1.);
#1943 = DIRECTION('',(0.,-1.));
#1944 = ( GEOMETRIC_REPRESENTATION_CONTEXT(2) 
PARAMETRIC_REPRESENTATION_CONTEXT() REPRESENTATION_CONTEXT('2D SPACE',''
  ) );
#1945 = PCURVE('',#1946,#1951);
#1946 = PLANE('',#1947);
#1947 = AXIS2_PLACEMENT_3D('',#1948,#1949,#1950);
#1948 = CARTESIAN_POINT('',(0.51,0.595,-0.355125000056));
#1949 = DIRECTION('',(-1.,0.,6.982962677686E-15));
#1950 = DIRECTION('',(0.,1.,0.));
#1951 = DEFINITIONAL_REPRESENTATION('',(#1952),#1956);
#1952 = LINE('',#1953,#1954);
#1953 = CARTESIAN_POINT('',(0.,-1.250000564836E-04));
#1954 = VECTOR('',#1955,1.);
#1955 = DIRECTION('',(-1.,-0.));
#1956 = ( GEOMETRIC_REPRESENTATION_CONTEXT(2) 
PARAMETRIC_REPRESENTATION_CONTEXT() REPRESENTATION_CONTEXT('2D SPACE',''
  ) );
#1957 = ORIENTED_EDGE('',*,*,#1958,.T.);
#1958 = EDGE_CURVE('',#1931,#1959,#1961,.T.);
#1959 = VERTEX_POINT('',#1960);
#1960 = CARTESIAN_POINT('',(0.56,0.52,-0.355));
#1961 = SURFACE_CURVE('',#1962,(#1967,#1978),.PCURVE_S1.);
#1962 = CIRCLE('',#1963,5.E-02);
#1963 = AXIS2_PLACEMENT_3D('',#1964,#1965,#1966);
#1964 = CARTESIAN_POINT('',(0.56,0.57,-0.355));
#1965 = DIRECTION('',(6.505213034913E-15,0.,1.));
#1966 = DIRECTION('',(1.,0.,-6.505213034913E-15));
#1967 = PCURVE('',#485,#1968);
#1968 = DEFINITIONAL_REPRESENTATION('',(#1969),#1977);
#1969 = ( BOUNDED_CURVE() B_SPLINE_CURVE(2,(#1970,#1971,#1972,#1973,
#1974,#1975,#1976),.UNSPECIFIED.,.T.,.F.) B_SPLINE_CURVE_WITH_KNOTS((1,2
    ,2,2,2,1),(-2.094395102393,0.,2.094395102393,4.188790204786,
6.28318530718,8.377580409573),.UNSPECIFIED.) CURVE() 
GEOMETRIC_REPRESENTATION_ITEM() RATIONAL_B_SPLINE_CURVE((1.,0.5,1.,0.5,
1.,0.5,1.)) REPRESENTATION_ITEM('') );
#1970 = CARTESIAN_POINT('',(-0.125,1.165));
#1971 = CARTESIAN_POINT('',(-0.125,1.251602540378));
#1972 = CARTESIAN_POINT('',(-5.E-02,1.208301270189));
#1973 = CARTESIAN_POINT('',(2.5E-02,1.165));
#1974 = CARTESIAN_POINT('',(-5.E-02,1.121698729811));
#1975 = CARTESIAN_POINT('',(-0.125,1.078397459622));
#1976 = CARTESIAN_POINT('',(-0.125,1.165));
#1977 = ( GEOMETRIC_REPRESENTATION_CONTEXT(2) 
PARAMETRIC_REPRESENTATION_CONTEXT() REPRESENTATION_CONTEXT('2D SPACE',''
  ) );
#1978 = PCURVE('',#1979,#1984);
#1979 = CYLINDRICAL_SURFACE('',#1980,5.E-02);
#1980 = AXIS2_PLACEMENT_3D('',#1981,#1982,#1983);
#1981 = CARTESIAN_POINT('',(0.56,0.57,-0.355125000056));
#1982 = DIRECTION('',(6.505213034913E-15,0.,1.));
#1983 = DIRECTION('',(1.,0.,-6.505213034913E-15));
#1984 = DEFINITIONAL_REPRESENTATION('',(#1985),#1989);
#1985 = LINE('',#1986,#1987);
#1986 = CARTESIAN_POINT('',(0.,1.250000564836E-04));
#1987 = VECTOR('',#1988,1.);
#1988 = DIRECTION('',(1.,0.));
#1989 = ( GEOMETRIC_REPRESENTATION_CONTEXT(2) 
PARAMETRIC_REPRESENTATION_CONTEXT() REPRESENTATION_CONTEXT('2D SPACE',''
  ) );
#1990 = ORIENTED_EDGE('',*,*,#1991,.T.);
#1991 = EDGE_CURVE('',#1959,#1992,#1994,.T.);
#1992 = VERTEX_POINT('',#1993);
#1993 = CARTESIAN_POINT('',(0.635,0.52,-0.355));
#1994 = SURFACE_CURVE('',#1995,(#1999,#2006),.PCURVE_S1.);
#1995 = LINE('',#1996,#1997);
#1996 = CARTESIAN_POINT('',(0.635,0.52,-0.355));
#1997 = VECTOR('',#1998,1.);
#1998 = DIRECTION('',(1.,0.,-6.982962677686E-15));
#1999 = PCURVE('',#485,#2000);
#2000 = DEFINITIONAL_REPRESENTATION('',(#2001),#2005);
#2001 = LINE('',#2002,#2003);
#2002 = CARTESIAN_POINT('',(-0.15,1.115));
#2003 = VECTOR('',#2004,1.);
#2004 = DIRECTION('',(-1.,0.));
#2005 = ( GEOMETRIC_REPRESENTATION_CONTEXT(2) 
PARAMETRIC_REPRESENTATION_CONTEXT() REPRESENTATION_CONTEXT('2D SPACE',''
  ) );
#2006 = PCURVE('',#2007,#2012);
#2007 = PLANE('',#2008);
#2008 = AXIS2_PLACEMENT_3D('',#2009,#2010,#2011);
#2009 = CARTESIAN_POINT('',(0.56,0.52,-0.355125000056));
#2010 = DIRECTION('',(0.,-1.,0.));
#2011 = DIRECTION('',(0.,0.,-1.));
#2012 = DEFINITIONAL_REPRESENTATION('',(#2013),#2017);
#2013 = LINE('',#2014,#2015);
#2014 = CARTESIAN_POINT('',(-1.25000056479E-04,7.5E-02));
#2015 = VECTOR('',#2016,1.);
#2016 = DIRECTION('',(6.982962677686E-15,1.));
#2017 = ( GEOMETRIC_REPRESENTATION_CONTEXT(2) 
PARAMETRIC_REPRESENTATION_CONTEXT() REPRESENTATION_CONTEXT('2D SPACE',''
  ) );
#2018 = ORIENTED_EDGE('',*,*,#2019,.T.);
#2019 = EDGE_CURVE('',#1992,#2020,#2022,.T.);
#2020 = VERTEX_POINT('',#2021);
#2021 = CARTESIAN_POINT('',(0.66,0.495,-0.355));
#2022 = SURFACE_CURVE('',#2023,(#2028,#2035),.PCURVE_S1.);
#2023 = CIRCLE('',#2024,2.5E-02);
#2024 = AXIS2_PLACEMENT_3D('',#2025,#2026,#2027);
#2025 = CARTESIAN_POINT('',(0.635,0.495,-0.355));
#2026 = DIRECTION('',(-6.505213034913E-15,0.,-1.));
#2027 = DIRECTION('',(-1.,0.,6.505213034913E-15));
#2028 = PCURVE('',#485,#2029);
#2029 = DEFINITIONAL_REPRESENTATION('',(#2030),#2034);
#2030 = CIRCLE('',#2031,2.5E-02);
#2031 = AXIS2_PLACEMENT_2D('',#2032,#2033);
#2032 = CARTESIAN_POINT('',(-0.15,1.09));
#2033 = DIRECTION('',(1.,0.));
#2034 = ( GEOMETRIC_REPRESENTATION_CONTEXT(2) 
PARAMETRIC_REPRESENTATION_CONTEXT() REPRESENTATION_CONTEXT('2D SPACE',''
  ) );
#2035 = PCURVE('',#2036,#2041);
#2036 = CYLINDRICAL_SURFACE('',#2037,2.5E-02);
#2037 = AXIS2_PLACEMENT_3D('',#2038,#2039,#2040);
#2038 = CARTESIAN_POINT('',(0.635,0.495,-0.355125000056));
#2039 = DIRECTION('',(6.505213034913E-15,0.,1.));
#2040 = DIRECTION('',(1.,0.,-6.505213034913E-15));
#2041 = DEFINITIONAL_REPRESENTATION('',(#2042),#2046);
#2042 = LINE('',#2043,#2044);
#2043 = CARTESIAN_POINT('',(3.14159265359,1.250000564795E-04));
#2044 = VECTOR('',#2045,1.);
#2045 = DIRECTION('',(-1.,0.));
#2046 = ( GEOMETRIC_REPRESENTATION_CONTEXT(2) 
PARAMETRIC_REPRESENTATION_CONTEXT() REPRESENTATION_CONTEXT('2D SPACE',''
  ) );
#2047 = ORIENTED_EDGE('',*,*,#2048,.T.);
#2048 = EDGE_CURVE('',#2020,#2049,#2051,.T.);
#2049 = VERTEX_POINT('',#2050);
#2050 = CARTESIAN_POINT('',(0.66,0.345,-0.355));
#2051 = SURFACE_CURVE('',#2052,(#2056,#2063),.PCURVE_S1.);
#2052 = LINE('',#2053,#2054);
#2053 = CARTESIAN_POINT('',(0.66,0.495,-0.355));
#2054 = VECTOR('',#2055,1.);
#2055 = DIRECTION('',(0.,-1.,0.));
#2056 = PCURVE('',#485,#2057);
#2057 = DEFINITIONAL_REPRESENTATION('',(#2058),#2062);
#2058 = LINE('',#2059,#2060);
#2059 = CARTESIAN_POINT('',(-0.175,1.09));
#2060 = VECTOR('',#2061,1.);
#2061 = DIRECTION('',(0.,-1.));
#2062 = ( GEOMETRIC_REPRESENTATION_CONTEXT(2) 
PARAMETRIC_REPRESENTATION_CONTEXT() REPRESENTATION_CONTEXT('2D SPACE',''
  ) );
#2063 = PCURVE('',#2064,#2069);
#2064 = PLANE('',#2065);
#2065 = AXIS2_PLACEMENT_3D('',#2066,#2067,#2068);
#2066 = CARTESIAN_POINT('',(0.66,0.495,-0.355125000056));
#2067 = DIRECTION('',(-1.,0.,6.982962677686E-15));
#2068 = DIRECTION('',(0.,1.,0.));
#2069 = DEFINITIONAL_REPRESENTATION('',(#2070),#2074);
#2070 = LINE('',#2071,#2072);
#2071 = CARTESIAN_POINT('',(0.,-1.2500005648E-04));
#2072 = VECTOR('',#2073,1.);
#2073 = DIRECTION('',(-1.,-0.));
#2074 = ( GEOMETRIC_REPRESENTATION_CONTEXT(2) 
PARAMETRIC_REPRESENTATION_CONTEXT() REPRESENTATION_CONTEXT('2D SPACE',''
  ) );
#2075 = ORIENTED_EDGE('',*,*,#2076,.T.);
#2076 = EDGE_CURVE('',#2049,#2077,#2079,.T.);
#2077 = VERTEX_POINT('',#2078);
#2078 = CARTESIAN_POINT('',(0.635,0.32,-0.355));
#2079 = SURFACE_CURVE('',#2080,(#2085,#2092),.PCURVE_S1.);
#2080 = CIRCLE('',#2081,2.5E-02);
#2081 = AXIS2_PLACEMENT_3D('',#2082,#2083,#2084);
#2082 = CARTESIAN_POINT('',(0.635,0.345,-0.355));
#2083 = DIRECTION('',(-6.505213034913E-15,0.,-1.));
#2084 = DIRECTION('',(1.,0.,-6.505213034913E-15));
#2085 = PCURVE('',#485,#2086);
#2086 = DEFINITIONAL_REPRESENTATION('',(#2087),#2091);
#2087 = CIRCLE('',#2088,2.5E-02);
#2088 = AXIS2_PLACEMENT_2D('',#2089,#2090);
#2089 = CARTESIAN_POINT('',(-0.15,0.94));
#2090 = DIRECTION('',(-1.,0.));
#2091 = ( GEOMETRIC_REPRESENTATION_CONTEXT(2) 
PARAMETRIC_REPRESENTATION_CONTEXT() REPRESENTATION_CONTEXT('2D SPACE',''
  ) );
#2092 = PCURVE('',#2093,#2098);
#2093 = CYLINDRICAL_SURFACE('',#2094,2.5E-02);
#2094 = AXIS2_PLACEMENT_3D('',#2095,#2096,#2097);
#2095 = CARTESIAN_POINT('',(0.635,0.345,-0.355125000056));
#2096 = DIRECTION('',(6.505213034913E-15,0.,1.));
#2097 = DIRECTION('',(1.,0.,-6.505213034913E-15));
#2098 = DEFINITIONAL_REPRESENTATION('',(#2099),#2103);
#2099 = LINE('',#2100,#2101);
#2100 = CARTESIAN_POINT('',(6.28318530718,1.250000564795E-04));
#2101 = VECTOR('',#2102,1.);
#2102 = DIRECTION('',(-1.,0.));
#2103 = ( GEOMETRIC_REPRESENTATION_CONTEXT(2) 
PARAMETRIC_REPRESENTATION_CONTEXT() REPRESENTATION_CONTEXT('2D SPACE',''
  ) );
#2104 = ORIENTED_EDGE('',*,*,#2105,.T.);
#2105 = EDGE_CURVE('',#2077,#2106,#2108,.T.);
#2106 = VERTEX_POINT('',#2107);
#2107 = CARTESIAN_POINT('',(0.581055512755,0.32,-0.355));
#2108 = SURFACE_CURVE('',#2109,(#2113,#2120),.PCURVE_S1.);
#2109 = LINE('',#2110,#2111);
#2110 = CARTESIAN_POINT('',(0.635,0.32,-0.355));
#2111 = VECTOR('',#2112,1.);
#2112 = DIRECTION('',(-1.,0.,6.982962677686E-15));
#2113 = PCURVE('',#485,#2114);
#2114 = DEFINITIONAL_REPRESENTATION('',(#2115),#2119);
#2115 = LINE('',#2116,#2117);
#2116 = CARTESIAN_POINT('',(-0.15,0.915));
#2117 = VECTOR('',#2118,1.);
#2118 = DIRECTION('',(1.,0.));
#2119 = ( GEOMETRIC_REPRESENTATION_CONTEXT(2) 
PARAMETRIC_REPRESENTATION_CONTEXT() REPRESENTATION_CONTEXT('2D SPACE',''
  ) );
#2120 = PCURVE('',#2121,#2126);
#2121 = PLANE('',#2122);
#2122 = AXIS2_PLACEMENT_3D('',#2123,#2124,#2125);
#2123 = CARTESIAN_POINT('',(0.581055512755,0.32,-0.355125000056));
#2124 = DIRECTION('',(-0.,1.,0.));
#2125 = DIRECTION('',(1.,0.,0.));
#2126 = DEFINITIONAL_REPRESENTATION('',(#2127),#2131);
#2127 = LINE('',#2128,#2129);
#2128 = CARTESIAN_POINT('',(5.394448724536E-02,-1.250000564795E-04));
#2129 = VECTOR('',#2130,1.);
#2130 = DIRECTION('',(-1.,-6.982962677686E-15));
#2131 = ( GEOMETRIC_REPRESENTATION_CONTEXT(2) 
PARAMETRIC_REPRESENTATION_CONTEXT() REPRESENTATION_CONTEXT('2D SPACE',''
  ) );
#2132 = ORIENTED_EDGE('',*,*,#2133,.T.);
#2133 = EDGE_CURVE('',#2106,#2134,#2136,.T.);
#2134 = VERTEX_POINT('',#2135);
#2135 = CARTESIAN_POINT('',(0.568178543914,0.323571428571,-0.355));
#2136 = SURFACE_CURVE('',#2137,(#2142,#2149),.PCURVE_S1.);
#2137 = CIRCLE('',#2138,2.5E-02);
#2138 = AXIS2_PLACEMENT_3D('',#2139,#2140,#2141);
#2139 = CARTESIAN_POINT('',(0.581055512755,0.345,-0.355));
#2140 = DIRECTION('',(-6.505213034913E-15,0.,-1.));
#2141 = DIRECTION('',(-1.,0.,6.505213034913E-15));
#2142 = PCURVE('',#485,#2143);
#2143 = DEFINITIONAL_REPRESENTATION('',(#2144),#2148);
#2144 = CIRCLE('',#2145,2.5E-02);
#2145 = AXIS2_PLACEMENT_2D('',#2146,#2147);
#2146 = CARTESIAN_POINT('',(-9.605551275464E-02,0.94));
#2147 = DIRECTION('',(1.,0.));
#2148 = ( GEOMETRIC_REPRESENTATION_CONTEXT(2) 
PARAMETRIC_REPRESENTATION_CONTEXT() REPRESENTATION_CONTEXT('2D SPACE',''
  ) );
#2149 = PCURVE('',#2150,#2155);
#2150 = CYLINDRICAL_SURFACE('',#2151,2.5E-02);
#2151 = AXIS2_PLACEMENT_3D('',#2152,#2153,#2154);
#2152 = CARTESIAN_POINT('',(0.581055512755,0.345,-0.355125000056));
#2153 = DIRECTION('',(6.505213034913E-15,0.,1.));
#2154 = DIRECTION('',(1.,0.,-6.505213034913E-15));
#2155 = DEFINITIONAL_REPRESENTATION('',(#2156),#2160);
#2156 = LINE('',#2157,#2158);
#2157 = CARTESIAN_POINT('',(9.424777960769,1.250000564835E-04));
#2158 = VECTOR('',#2159,1.);
#2159 = DIRECTION('',(-1.,1.025895395733E-16));
#2160 = ( GEOMETRIC_REPRESENTATION_CONTEXT(2) 
PARAMETRIC_REPRESENTATION_CONTEXT() REPRESENTATION_CONTEXT('2D SPACE',''
  ) );
#2161 = ORIENTED_EDGE('',*,*,#2162,.T.);
#2162 = EDGE_CURVE('',#2134,#2163,#2165,.T.);
#2163 = VERTEX_POINT('',#2164);
#2164 = CARTESIAN_POINT('',(0.568178543914,0.246428571429,-0.355));
#2165 = SURFACE_CURVE('',#2166,(#2171,#2182),.PCURVE_S1.);
#2166 = CIRCLE('',#2167,4.5E-02);
#2167 = AXIS2_PLACEMENT_3D('',#2168,#2169,#2170);
#2168 = CARTESIAN_POINT('',(0.545,0.285,-0.355));
#2169 = DIRECTION('',(7.228014483237E-15,0.,1.));
#2170 = DIRECTION('',(-1.,0.,7.228014483237E-15));
#2171 = PCURVE('',#485,#2172);
#2172 = DEFINITIONAL_REPRESENTATION('',(#2173),#2181);
#2173 = ( BOUNDED_CURVE() B_SPLINE_CURVE(2,(#2174,#2175,#2176,#2177,
#2178,#2179,#2180),.UNSPECIFIED.,.T.,.F.) B_SPLINE_CURVE_WITH_KNOTS((1,2
    ,2,2,2,1),(-2.094395102393,0.,2.094395102393,4.188790204786,
6.28318530718,8.377580409573),.UNSPECIFIED.) CURVE() 
GEOMETRIC_REPRESENTATION_ITEM() RATIONAL_B_SPLINE_CURVE((1.,0.5,1.,0.5,
1.,0.5,1.)) REPRESENTATION_ITEM('') );
#2174 = CARTESIAN_POINT('',(-1.5E-02,0.88));
#2175 = CARTESIAN_POINT('',(-1.5E-02,0.802057713659));
#2176 = CARTESIAN_POINT('',(-8.25E-02,0.84102885683));
#2177 = CARTESIAN_POINT('',(-0.15,0.88));
#2178 = CARTESIAN_POINT('',(-8.25E-02,0.91897114317));
#2179 = CARTESIAN_POINT('',(-1.5E-02,0.957942286341));
#2180 = CARTESIAN_POINT('',(-1.5E-02,0.88));
#2181 = ( GEOMETRIC_REPRESENTATION_CONTEXT(2) 
PARAMETRIC_REPRESENTATION_CONTEXT() REPRESENTATION_CONTEXT('2D SPACE',''
  ) );
#2182 = PCURVE('',#2183,#2188);
#2183 = CYLINDRICAL_SURFACE('',#2184,4.5E-02);
#2184 = AXIS2_PLACEMENT_3D('',#2185,#2186,#2187);
#2185 = CARTESIAN_POINT('',(0.545,0.285,-0.355125000056));
#2186 = DIRECTION('',(7.228014483237E-15,0.,1.));
#2187 = DIRECTION('',(1.,0.,-7.228014483237E-15));
#2188 = DEFINITIONAL_REPRESENTATION('',(#2189),#2193);
#2189 = LINE('',#2190,#2191);
#2190 = CARTESIAN_POINT('',(-3.14159265359,1.250000564836E-04));
#2191 = VECTOR('',#2192,1.);
#2192 = DIRECTION('',(1.,0.));
#2193 = ( GEOMETRIC_REPRESENTATION_CONTEXT(2) 
PARAMETRIC_REPRESENTATION_CONTEXT() REPRESENTATION_CONTEXT('2D SPACE',''
  ) );
#2194 = ORIENTED_EDGE('',*,*,#2195,.T.);
#2195 = EDGE_CURVE('',#2163,#2196,#2198,.T.);
#2196 = VERTEX_POINT('',#2197);
#2197 = CARTESIAN_POINT('',(0.581055512755,0.25,-0.355));
#2198 = SURFACE_CURVE('',#2199,(#2204,#2211),.PCURVE_S1.);
#2199 = CIRCLE('',#2200,2.5E-02);
#2200 = AXIS2_PLACEMENT_3D('',#2201,#2202,#2203);
#2201 = CARTESIAN_POINT('',(0.581055512755,0.225,-0.355));
#2202 = DIRECTION('',(-6.505213034913E-15,0.,-1.));
#2203 = DIRECTION('',(1.,0.,-6.505213034913E-15));
#2204 = PCURVE('',#485,#2205);
#2205 = DEFINITIONAL_REPRESENTATION('',(#2206),#2210);
#2206 = CIRCLE('',#2207,2.5E-02);
#2207 = AXIS2_PLACEMENT_2D('',#2208,#2209);
#2208 = CARTESIAN_POINT('',(-9.605551275464E-02,0.82));
#2209 = DIRECTION('',(-1.,0.));
#2210 = ( GEOMETRIC_REPRESENTATION_CONTEXT(2) 
PARAMETRIC_REPRESENTATION_CONTEXT() REPRESENTATION_CONTEXT('2D SPACE',''
  ) );
#2211 = PCURVE('',#2212,#2217);
#2212 = CYLINDRICAL_SURFACE('',#2213,2.5E-02);
#2213 = AXIS2_PLACEMENT_3D('',#2214,#2215,#2216);
#2214 = CARTESIAN_POINT('',(0.581055512755,0.225,-0.355125000056));
#2215 = DIRECTION('',(6.505213034913E-15,0.,1.));
#2216 = DIRECTION('',(1.,0.,-6.505213034913E-15));
#2217 = DEFINITIONAL_REPRESENTATION('',(#2218),#2222);
#2218 = LINE('',#2219,#2220);
#2219 = CARTESIAN_POINT('',(6.28318530718,1.250000564845E-04));
#2220 = VECTOR('',#2221,1.);
#2221 = DIRECTION('',(-1.,-1.025895395733E-16));
#2222 = ( GEOMETRIC_REPRESENTATION_CONTEXT(2) 
PARAMETRIC_REPRESENTATION_CONTEXT() REPRESENTATION_CONTEXT('2D SPACE',''
  ) );
#2223 = ORIENTED_EDGE('',*,*,#2224,.T.);
#2224 = EDGE_CURVE('',#2196,#2225,#2227,.T.);
#2225 = VERTEX_POINT('',#2226);
#2226 = CARTESIAN_POINT('',(0.635,0.25,-0.355));
#2227 = SURFACE_CURVE('',#2228,(#2232,#2239),.PCURVE_S1.);
#2228 = LINE('',#2229,#2230);
#2229 = CARTESIAN_POINT('',(0.635,0.25,-0.355));
#2230 = VECTOR('',#2231,1.);
#2231 = DIRECTION('',(1.,0.,-6.982962677686E-15));
#2232 = PCURVE('',#485,#2233);
#2233 = DEFINITIONAL_REPRESENTATION('',(#2234),#2238);
#2234 = LINE('',#2235,#2236);
#2235 = CARTESIAN_POINT('',(-0.15,0.845));
#2236 = VECTOR('',#2237,1.);
#2237 = DIRECTION('',(-1.,0.));
#2238 = ( GEOMETRIC_REPRESENTATION_CONTEXT(2) 
PARAMETRIC_REPRESENTATION_CONTEXT() REPRESENTATION_CONTEXT('2D SPACE',''
  ) );
#2239 = PCURVE('',#2240,#2245);
#2240 = PLANE('',#2241);
#2241 = AXIS2_PLACEMENT_3D('',#2242,#2243,#2244);
#2242 = CARTESIAN_POINT('',(0.581055512755,0.25,-0.355125000056));
#2243 = DIRECTION('',(0.,-1.,0.));
#2244 = DIRECTION('',(0.,0.,-1.));
#2245 = DEFINITIONAL_REPRESENTATION('',(#2246),#2250);
#2246 = LINE('',#2247,#2248);
#2247 = CARTESIAN_POINT('',(-1.250000564795E-04,5.394448724536E-02));
#2248 = VECTOR('',#2249,1.);
#2249 = DIRECTION('',(6.982962677686E-15,1.));
#2250 = ( GEOMETRIC_REPRESENTATION_CONTEXT(2) 
PARAMETRIC_REPRESENTATION_CONTEXT() REPRESENTATION_CONTEXT('2D SPACE',''
  ) );
#2251 = ORIENTED_EDGE('',*,*,#2252,.T.);
#2252 = EDGE_CURVE('',#2225,#2253,#2255,.T.);
#2253 = VERTEX_POINT('',#2254);
#2254 = CARTESIAN_POINT('',(0.66,0.225,-0.355));
#2255 = SURFACE_CURVE('',#2256,(#2261,#2268),.PCURVE_S1.);
#2256 = CIRCLE('',#2257,2.5E-02);
#2257 = AXIS2_PLACEMENT_3D('',#2258,#2259,#2260);
#2258 = CARTESIAN_POINT('',(0.635,0.225,-0.355));
#2259 = DIRECTION('',(-6.505213034913E-15,0.,-1.));
#2260 = DIRECTION('',(-1.,0.,6.505213034913E-15));
#2261 = PCURVE('',#485,#2262);
#2262 = DEFINITIONAL_REPRESENTATION('',(#2263),#2267);
#2263 = CIRCLE('',#2264,2.5E-02);
#2264 = AXIS2_PLACEMENT_2D('',#2265,#2266);
#2265 = CARTESIAN_POINT('',(-0.15,0.82));
#2266 = DIRECTION('',(1.,0.));
#2267 = ( GEOMETRIC_REPRESENTATION_CONTEXT(2) 
PARAMETRIC_REPRESENTATION_CONTEXT() REPRESENTATION_CONTEXT('2D SPACE',''
  ) );
#2268 = PCURVE('',#2269,#2274);
#2269 = CYLINDRICAL_SURFACE('',#2270,2.5E-02);
#2270 = AXIS2_PLACEMENT_3D('',#2271,#2272,#2273);
#2271 = CARTESIAN_POINT('',(0.635,0.225,-0.355125000056));
#2272 = DIRECTION('',(6.505213034913E-15,0.,1.));
#2273 = DIRECTION('',(1.,0.,-6.505213034913E-15));
#2274 = DEFINITIONAL_REPRESENTATION('',(#2275),#2279);
#2275 = LINE('',#2276,#2277);
#2276 = CARTESIAN_POINT('',(3.14159265359,1.250000564795E-04));
#2277 = VECTOR('',#2278,1.);
#2278 = DIRECTION('',(-1.,0.));
#2279 = ( GEOMETRIC_REPRESENTATION_CONTEXT(2) 
PARAMETRIC_REPRESENTATION_CONTEXT() REPRESENTATION_CONTEXT('2D SPACE',''
  ) );
#2280 = ORIENTED_EDGE('',*,*,#2281,.T.);
#2281 = EDGE_CURVE('',#2253,#2282,#2284,.T.);
#2282 = VERTEX_POINT('',#2283);
#2283 = CARTESIAN_POINT('',(0.66,6.E-02,-0.355));
#2284 = SURFACE_CURVE('',#2285,(#2289,#2296),.PCURVE_S1.);
#2285 = LINE('',#2286,#2287);
#2286 = CARTESIAN_POINT('',(0.66,0.225,-0.355));
#2287 = VECTOR('',#2288,1.);
#2288 = DIRECTION('',(0.,-1.,0.));
#2289 = PCURVE('',#485,#2290);
#2290 = DEFINITIONAL_REPRESENTATION('',(#2291),#2295);
#2291 = LINE('',#2292,#2293);
#2292 = CARTESIAN_POINT('',(-0.175,0.82));
#2293 = VECTOR('',#2294,1.);
#2294 = DIRECTION('',(0.,-1.));
#2295 = ( GEOMETRIC_REPRESENTATION_CONTEXT(2) 
PARAMETRIC_REPRESENTATION_CONTEXT() REPRESENTATION_CONTEXT('2D SPACE',''
  ) );
#2296 = PCURVE('',#2297,#2302);
#2297 = PLANE('',#2298);
#2298 = AXIS2_PLACEMENT_3D('',#2299,#2300,#2301);
#2299 = CARTESIAN_POINT('',(0.66,0.225,-0.355125000056));
#2300 = DIRECTION('',(-1.,0.,6.982962677686E-15));
#2301 = DIRECTION('',(0.,1.,0.));
#2302 = DEFINITIONAL_REPRESENTATION('',(#2303),#2307);
#2303 = LINE('',#2304,#2305);
#2304 = CARTESIAN_POINT('',(0.,-1.2500005648E-04));
#2305 = VECTOR('',#2306,1.);
#2306 = DIRECTION('',(-1.,-0.));
#2307 = ( GEOMETRIC_REPRESENTATION_CONTEXT(2) 
PARAMETRIC_REPRESENTATION_CONTEXT() REPRESENTATION_CONTEXT('2D SPACE',''
  ) );
#2308 = ORIENTED_EDGE('',*,*,#2309,.T.);
#2309 = EDGE_CURVE('',#2282,#2310,#2312,.T.);
#2310 = VERTEX_POINT('',#2311);
#2311 = CARTESIAN_POINT('',(0.635,3.5E-02,-0.355));
#2312 = SURFACE_CURVE('',#2313,(#2318,#2325),.PCURVE_S1.);
#2313 = CIRCLE('',#2314,2.5E-02);
#2314 = AXIS2_PLACEMENT_3D('',#2315,#2316,#2317);
#2315 = CARTESIAN_POINT('',(0.635,6.E-02,-0.355));
#2316 = DIRECTION('',(-6.505213034913E-15,0.,-1.));
#2317 = DIRECTION('',(1.,0.,-6.505213034913E-15));
#2318 = PCURVE('',#485,#2319);
#2319 = DEFINITIONAL_REPRESENTATION('',(#2320),#2324);
#2320 = CIRCLE('',#2321,2.5E-02);
#2321 = AXIS2_PLACEMENT_2D('',#2322,#2323);
#2322 = CARTESIAN_POINT('',(-0.15,0.655));
#2323 = DIRECTION('',(-1.,0.));
#2324 = ( GEOMETRIC_REPRESENTATION_CONTEXT(2) 
PARAMETRIC_REPRESENTATION_CONTEXT() REPRESENTATION_CONTEXT('2D SPACE',''
  ) );
#2325 = PCURVE('',#2326,#2331);
#2326 = CYLINDRICAL_SURFACE('',#2327,2.5E-02);
#2327 = AXIS2_PLACEMENT_3D('',#2328,#2329,#2330);
#2328 = CARTESIAN_POINT('',(0.635,6.E-02,-0.355125000056));
#2329 = DIRECTION('',(6.505213034913E-15,0.,1.));
#2330 = DIRECTION('',(1.,0.,-6.505213034913E-15));
#2331 = DEFINITIONAL_REPRESENTATION('',(#2332),#2336);
#2332 = LINE('',#2333,#2334);
#2333 = CARTESIAN_POINT('',(6.28318530718,1.250000564795E-04));
#2334 = VECTOR('',#2335,1.);
#2335 = DIRECTION('',(-1.,0.));
#2336 = ( GEOMETRIC_REPRESENTATION_CONTEXT(2) 
PARAMETRIC_REPRESENTATION_CONTEXT() REPRESENTATION_CONTEXT('2D SPACE',''
  ) );
#2337 = ORIENTED_EDGE('',*,*,#2338,.T.);
#2338 = EDGE_CURVE('',#2310,#2339,#2341,.T.);
#2339 = VERTEX_POINT('',#2340);
#2340 = CARTESIAN_POINT('',(0.481055512755,3.5E-02,-0.355));
#2341 = SURFACE_CURVE('',#2342,(#2346,#2353),.PCURVE_S1.);
#2342 = LINE('',#2343,#2344);
#2343 = CARTESIAN_POINT('',(0.635,3.5E-02,-0.355));
#2344 = VECTOR('',#2345,1.);
#2345 = DIRECTION('',(-1.,-4.401757866934E-17,6.982962677686E-15));
#2346 = PCURVE('',#485,#2347);
#2347 = DEFINITIONAL_REPRESENTATION('',(#2348),#2352);
#2348 = LINE('',#2349,#2350);
#2349 = CARTESIAN_POINT('',(-0.15,0.63));
#2350 = VECTOR('',#2351,1.);
#2351 = DIRECTION('',(1.,-4.401757866934E-17));
#2352 = ( GEOMETRIC_REPRESENTATION_CONTEXT(2) 
PARAMETRIC_REPRESENTATION_CONTEXT() REPRESENTATION_CONTEXT('2D SPACE',''
  ) );
#2353 = PCURVE('',#2354,#2359);
#2354 = PLANE('',#2355);
#2355 = AXIS2_PLACEMENT_3D('',#2356,#2357,#2358);
#2356 = CARTESIAN_POINT('',(0.481055512755,3.5E-02,-0.355125000056));
#2357 = DIRECTION('',(-4.401757866934E-17,1.,3.073731090101E-31));
#2358 = DIRECTION('',(1.,4.401757866934E-17,0.));
#2359 = DEFINITIONAL_REPRESENTATION('',(#2360),#2364);
#2360 = LINE('',#2361,#2362);
#2361 = CARTESIAN_POINT('',(0.153944487245,-1.250000564785E-04));
#2362 = VECTOR('',#2363,1.);
#2363 = DIRECTION('',(-1.,-6.982962677686E-15));
#2364 = ( GEOMETRIC_REPRESENTATION_CONTEXT(2) 
PARAMETRIC_REPRESENTATION_CONTEXT() REPRESENTATION_CONTEXT('2D SPACE',''
  ) );
#2365 = ORIENTED_EDGE('',*,*,#2366,.T.);
#2366 = EDGE_CURVE('',#2339,#2367,#2369,.T.);
#2367 = VERTEX_POINT('',#2368);
#2368 = CARTESIAN_POINT('',(0.468178543914,3.857142857143E-02,-0.355));
#2369 = SURFACE_CURVE('',#2370,(#2375,#2382),.PCURVE_S1.);
#2370 = CIRCLE('',#2371,2.5E-02);
#2371 = AXIS2_PLACEMENT_3D('',#2372,#2373,#2374);
#2372 = CARTESIAN_POINT('',(0.481055512755,6.E-02,-0.355));
#2373 = DIRECTION('',(-6.505213034913E-15,0.,-1.));
#2374 = DIRECTION('',(-1.,0.,6.505213034913E-15));
#2375 = PCURVE('',#485,#2376);
#2376 = DEFINITIONAL_REPRESENTATION('',(#2377),#2381);
#2377 = CIRCLE('',#2378,2.5E-02);
#2378 = AXIS2_PLACEMENT_2D('',#2379,#2380);
#2379 = CARTESIAN_POINT('',(3.944487245363E-03,0.655));
#2380 = DIRECTION('',(1.,0.));
#2381 = ( GEOMETRIC_REPRESENTATION_CONTEXT(2) 
PARAMETRIC_REPRESENTATION_CONTEXT() REPRESENTATION_CONTEXT('2D SPACE',''
  ) );
#2382 = PCURVE('',#2383,#2388);
#2383 = CYLINDRICAL_SURFACE('',#2384,2.5E-02);
#2384 = AXIS2_PLACEMENT_3D('',#2385,#2386,#2387);
#2385 = CARTESIAN_POINT('',(0.481055512755,6.E-02,-0.355125000056));
#2386 = DIRECTION('',(6.505213034913E-15,0.,1.));
#2387 = DIRECTION('',(1.,0.,-6.505213034913E-15));
#2388 = DEFINITIONAL_REPRESENTATION('',(#2389),#2393);
#2389 = LINE('',#2390,#2391);
#2390 = CARTESIAN_POINT('',(9.424777960769,1.250000564825E-04));
#2391 = VECTOR('',#2392,1.);
#2392 = DIRECTION('',(-1.,1.025895395733E-16));
#2393 = ( GEOMETRIC_REPRESENTATION_CONTEXT(2) 
PARAMETRIC_REPRESENTATION_CONTEXT() REPRESENTATION_CONTEXT('2D SPACE',''
  ) );
#2394 = ORIENTED_EDGE('',*,*,#2395,.T.);
#2395 = EDGE_CURVE('',#2367,#2396,#2398,.T.);
#2396 = VERTEX_POINT('',#2397);
#2397 = CARTESIAN_POINT('',(0.468178543914,-3.857142857143E-02,-0.355));
#2398 = SURFACE_CURVE('',#2399,(#2404,#2415),.PCURVE_S1.);
#2399 = CIRCLE('',#2400,4.5E-02);
#2400 = AXIS2_PLACEMENT_3D('',#2401,#2402,#2403);
#2401 = CARTESIAN_POINT('',(0.445,1.084202172486E-16,-0.355));
#2402 = DIRECTION('',(7.228014483237E-15,0.,1.));
#2403 = DIRECTION('',(-1.,0.,7.228014483237E-15));
#2404 = PCURVE('',#485,#2405);
#2405 = DEFINITIONAL_REPRESENTATION('',(#2406),#2414);
#2406 = ( BOUNDED_CURVE() B_SPLINE_CURVE(2,(#2407,#2408,#2409,#2410,
#2411,#2412,#2413),.UNSPECIFIED.,.T.,.F.) B_SPLINE_CURVE_WITH_KNOTS((1,2
    ,2,2,2,1),(-2.094395102393,0.,2.094395102393,4.188790204786,
6.28318530718,8.377580409573),.UNSPECIFIED.) CURVE() 
GEOMETRIC_REPRESENTATION_ITEM() RATIONAL_B_SPLINE_CURVE((1.,0.5,1.,0.5,
1.,0.5,1.)) REPRESENTATION_ITEM('') );
#2407 = CARTESIAN_POINT('',(8.5E-02,0.595));
#2408 = CARTESIAN_POINT('',(8.5E-02,0.517057713659));
#2409 = CARTESIAN_POINT('',(1.75E-02,0.55602885683));
#2410 = CARTESIAN_POINT('',(-5.E-02,0.595));
#2411 = CARTESIAN_POINT('',(1.75E-02,0.63397114317));
#2412 = CARTESIAN_POINT('',(8.5E-02,0.672942286341));
#2413 = CARTESIAN_POINT('',(8.5E-02,0.595));
#2414 = ( GEOMETRIC_REPRESENTATION_CONTEXT(2) 
PARAMETRIC_REPRESENTATION_CONTEXT() REPRESENTATION_CONTEXT('2D SPACE',''
  ) );
#2415 = PCURVE('',#2416,#2421);
#2416 = CYLINDRICAL_SURFACE('',#2417,4.5E-02);
#2417 = AXIS2_PLACEMENT_3D('',#2418,#2419,#2420);
#2418 = CARTESIAN_POINT('',(0.445,1.084202172486E-16,-0.355125000056));
#2419 = DIRECTION('',(7.228014483237E-15,0.,1.));
#2420 = DIRECTION('',(1.,0.,-7.228014483237E-15));
#2421 = DEFINITIONAL_REPRESENTATION('',(#2422),#2426);
#2422 = LINE('',#2423,#2424);
#2423 = CARTESIAN_POINT('',(-3.14159265359,1.25000056483E-04));
#2424 = VECTOR('',#2425,1.);
#2425 = DIRECTION('',(1.,0.));
#2426 = ( GEOMETRIC_REPRESENTATION_CONTEXT(2) 
PARAMETRIC_REPRESENTATION_CONTEXT() REPRESENTATION_CONTEXT('2D SPACE',''
  ) );
#2427 = ORIENTED_EDGE('',*,*,#2428,.T.);
#2428 = EDGE_CURVE('',#2396,#2429,#2431,.T.);
#2429 = VERTEX_POINT('',#2430);
#2430 = CARTESIAN_POINT('',(0.481055512755,-3.5E-02,-0.355));
#2431 = SURFACE_CURVE('',#2432,(#2437,#2444),.PCURVE_S1.);
#2432 = CIRCLE('',#2433,2.5E-02);
#2433 = AXIS2_PLACEMENT_3D('',#2434,#2435,#2436);
#2434 = CARTESIAN_POINT('',(0.481055512755,-6.E-02,-0.355));
#2435 = DIRECTION('',(-6.505213034913E-15,0.,-1.));
#2436 = DIRECTION('',(-1.,0.,6.505213034913E-15));
#2437 = PCURVE('',#485,#2438);
#2438 = DEFINITIONAL_REPRESENTATION('',(#2439),#2443);
#2439 = CIRCLE('',#2440,2.5E-02);
#2440 = AXIS2_PLACEMENT_2D('',#2441,#2442);
#2441 = CARTESIAN_POINT('',(3.944487245363E-03,0.535));
#2442 = DIRECTION('',(1.,0.));
#2443 = ( GEOMETRIC_REPRESENTATION_CONTEXT(2) 
PARAMETRIC_REPRESENTATION_CONTEXT() REPRESENTATION_CONTEXT('2D SPACE',''
  ) );
#2444 = PCURVE('',#2445,#2450);
#2445 = CYLINDRICAL_SURFACE('',#2446,2.5E-02);
#2446 = AXIS2_PLACEMENT_3D('',#2447,#2448,#2449);
#2447 = CARTESIAN_POINT('',(0.481055512755,-6.E-02,-0.355125000056));
#2448 = DIRECTION('',(6.505213034913E-15,0.,1.));
#2449 = DIRECTION('',(1.,0.,-6.505213034913E-15));
#2450 = DEFINITIONAL_REPRESENTATION('',(#2451),#2455);
#2451 = LINE('',#2452,#2453);
#2452 = CARTESIAN_POINT('',(3.14159265359,1.250000564832E-04));
#2453 = VECTOR('',#2454,1.);
#2454 = DIRECTION('',(-1.,-1.025895395733E-16));
#2455 = ( GEOMETRIC_REPRESENTATION_CONTEXT(2) 
PARAMETRIC_REPRESENTATION_CONTEXT() REPRESENTATION_CONTEXT('2D SPACE',''
  ) );
#2456 = ORIENTED_EDGE('',*,*,#2457,.T.);
#2457 = EDGE_CURVE('',#2429,#2458,#2460,.T.);
#2458 = VERTEX_POINT('',#2459);
#2459 = CARTESIAN_POINT('',(0.635,-3.5E-02,-0.355));
#2460 = SURFACE_CURVE('',#2461,(#2465,#2472),.PCURVE_S1.);
#2461 = LINE('',#2462,#2463);
#2462 = CARTESIAN_POINT('',(0.635,-3.5E-02,-0.355));
#2463 = VECTOR('',#2464,1.);
#2464 = DIRECTION('',(1.,-4.401757866934E-17,-6.982962677686E-15));
#2465 = PCURVE('',#485,#2466);
#2466 = DEFINITIONAL_REPRESENTATION('',(#2467),#2471);
#2467 = LINE('',#2468,#2469);
#2468 = CARTESIAN_POINT('',(-0.15,0.56));
#2469 = VECTOR('',#2470,1.);
#2470 = DIRECTION('',(-1.,-4.401757866934E-17));
#2471 = ( GEOMETRIC_REPRESENTATION_CONTEXT(2) 
PARAMETRIC_REPRESENTATION_CONTEXT() REPRESENTATION_CONTEXT('2D SPACE',''
  ) );
#2472 = PCURVE('',#2473,#2478);
#2473 = PLANE('',#2474);
#2474 = AXIS2_PLACEMENT_3D('',#2475,#2476,#2477);
#2475 = CARTESIAN_POINT('',(0.481055512755,-3.5E-02,-0.355125000056));
#2476 = DIRECTION('',(-8.803515733869E-17,-1.,6.147462180203E-31));
#2477 = DIRECTION('',(-1.,8.803515733869E-17,0.));
#2478 = DEFINITIONAL_REPRESENTATION('',(#2479),#2483);
#2479 = LINE('',#2480,#2481);
#2480 = CARTESIAN_POINT('',(-0.153944487245,-1.250000564785E-04));
#2481 = VECTOR('',#2482,1.);
#2482 = DIRECTION('',(-1.,6.982962677686E-15));
#2483 = ( GEOMETRIC_REPRESENTATION_CONTEXT(2) 
PARAMETRIC_REPRESENTATION_CONTEXT() REPRESENTATION_CONTEXT('2D SPACE',''
  ) );
#2484 = ORIENTED_EDGE('',*,*,#2485,.T.);
#2485 = EDGE_CURVE('',#2458,#2486,#2488,.T.);
#2486 = VERTEX_POINT('',#2487);
#2487 = CARTESIAN_POINT('',(0.66,-6.E-02,-0.355));
#2488 = SURFACE_CURVE('',#2489,(#2494,#2501),.PCURVE_S1.);
#2489 = CIRCLE('',#2490,2.5E-02);
#2490 = AXIS2_PLACEMENT_3D('',#2491,#2492,#2493);
#2491 = CARTESIAN_POINT('',(0.635,-6.E-02,-0.355));
#2492 = DIRECTION('',(-6.505213034913E-15,0.,-1.));
#2493 = DIRECTION('',(-1.,0.,6.505213034913E-15));
#2494 = PCURVE('',#485,#2495);
#2495 = DEFINITIONAL_REPRESENTATION('',(#2496),#2500);
#2496 = CIRCLE('',#2497,2.5E-02);
#2497 = AXIS2_PLACEMENT_2D('',#2498,#2499);
#2498 = CARTESIAN_POINT('',(-0.15,0.535));
#2499 = DIRECTION('',(1.,0.));
#2500 = ( GEOMETRIC_REPRESENTATION_CONTEXT(2) 
PARAMETRIC_REPRESENTATION_CONTEXT() REPRESENTATION_CONTEXT('2D SPACE',''
  ) );
#2501 = PCURVE('',#2502,#2507);
#2502 = CYLINDRICAL_SURFACE('',#2503,2.5E-02);
#2503 = AXIS2_PLACEMENT_3D('',#2504,#2505,#2506);
#2504 = CARTESIAN_POINT('',(0.635,-6.E-02,-0.355125000056));
#2505 = DIRECTION('',(6.505213034913E-15,0.,1.));
#2506 = DIRECTION('',(1.,0.,-6.505213034913E-15));
#2507 = DEFINITIONAL_REPRESENTATION('',(#2508),#2512);
#2508 = LINE('',#2509,#2510);
#2509 = CARTESIAN_POINT('',(3.14159265359,1.250000564795E-04));
#2510 = VECTOR('',#2511,1.);
#2511 = DIRECTION('',(-1.,0.));
#2512 = ( GEOMETRIC_REPRESENTATION_CONTEXT(2) 
PARAMETRIC_REPRESENTATION_CONTEXT() REPRESENTATION_CONTEXT('2D SPACE',''
  ) );
#2513 = ORIENTED_EDGE('',*,*,#2514,.T.);
#2514 = EDGE_CURVE('',#2486,#2515,#2517,.T.);
#2515 = VERTEX_POINT('',#2516);
#2516 = CARTESIAN_POINT('',(0.66,-0.225,-0.355));
#2517 = SURFACE_CURVE('',#2518,(#2522,#2529),.PCURVE_S1.);
#2518 = LINE('',#2519,#2520);
#2519 = CARTESIAN_POINT('',(0.66,-6.E-02,-0.355));
#2520 = VECTOR('',#2521,1.);
#2521 = DIRECTION('',(0.,-1.,0.));
#2522 = PCURVE('',#485,#2523);
#2523 = DEFINITIONAL_REPRESENTATION('',(#2524),#2528);
#2524 = LINE('',#2525,#2526);
#2525 = CARTESIAN_POINT('',(-0.175,0.535));
#2526 = VECTOR('',#2527,1.);
#2527 = DIRECTION('',(0.,-1.));
#2528 = ( GEOMETRIC_REPRESENTATION_CONTEXT(2) 
PARAMETRIC_REPRESENTATION_CONTEXT() REPRESENTATION_CONTEXT('2D SPACE',''
  ) );
#2529 = PCURVE('',#2530,#2535);
#2530 = PLANE('',#2531);
#2531 = AXIS2_PLACEMENT_3D('',#2532,#2533,#2534);
#2532 = CARTESIAN_POINT('',(0.66,-6.E-02,-0.355125000056));
#2533 = DIRECTION('',(-1.,0.,6.982962677686E-15));
#2534 = DIRECTION('',(0.,1.,0.));
#2535 = DEFINITIONAL_REPRESENTATION('',(#2536),#2540);
#2536 = LINE('',#2537,#2538);
#2537 = CARTESIAN_POINT('',(0.,-1.2500005648E-04));
#2538 = VECTOR('',#2539,1.);
#2539 = DIRECTION('',(-1.,-0.));
#2540 = ( GEOMETRIC_REPRESENTATION_CONTEXT(2) 
PARAMETRIC_REPRESENTATION_CONTEXT() REPRESENTATION_CONTEXT('2D SPACE',''
  ) );
#2541 = ORIENTED_EDGE('',*,*,#2542,.T.);
#2542 = EDGE_CURVE('',#2515,#2543,#2545,.T.);
#2543 = VERTEX_POINT('',#2544);
#2544 = CARTESIAN_POINT('',(0.635,-0.25,-0.355));
#2545 = SURFACE_CURVE('',#2546,(#2551,#2558),.PCURVE_S1.);
#2546 = CIRCLE('',#2547,2.5E-02);
#2547 = AXIS2_PLACEMENT_3D('',#2548,#2549,#2550);
#2548 = CARTESIAN_POINT('',(0.635,-0.225,-0.355));
#2549 = DIRECTION('',(-6.505213034913E-15,0.,-1.));
#2550 = DIRECTION('',(1.,0.,-6.505213034913E-15));
#2551 = PCURVE('',#485,#2552);
#2552 = DEFINITIONAL_REPRESENTATION('',(#2553),#2557);
#2553 = CIRCLE('',#2554,2.5E-02);
#2554 = AXIS2_PLACEMENT_2D('',#2555,#2556);
#2555 = CARTESIAN_POINT('',(-0.15,0.37));
#2556 = DIRECTION('',(-1.,0.));
#2557 = ( GEOMETRIC_REPRESENTATION_CONTEXT(2) 
PARAMETRIC_REPRESENTATION_CONTEXT() REPRESENTATION_CONTEXT('2D SPACE',''
  ) );
#2558 = PCURVE('',#2559,#2564);
#2559 = CYLINDRICAL_SURFACE('',#2560,2.5E-02);
#2560 = AXIS2_PLACEMENT_3D('',#2561,#2562,#2563);
#2561 = CARTESIAN_POINT('',(0.635,-0.225,-0.355125000056));
#2562 = DIRECTION('',(6.505213034913E-15,0.,1.));
#2563 = DIRECTION('',(1.,0.,-6.505213034913E-15));
#2564 = DEFINITIONAL_REPRESENTATION('',(#2565),#2569);
#2565 = LINE('',#2566,#2567);
#2566 = CARTESIAN_POINT('',(6.28318530718,1.250000564795E-04));
#2567 = VECTOR('',#2568,1.);
#2568 = DIRECTION('',(-1.,0.));
#2569 = ( GEOMETRIC_REPRESENTATION_CONTEXT(2) 
PARAMETRIC_REPRESENTATION_CONTEXT() REPRESENTATION_CONTEXT('2D SPACE',''
  ) );
#2570 = ORIENTED_EDGE('',*,*,#2571,.T.);
#2571 = EDGE_CURVE('',#2543,#2572,#2574,.T.);
#2572 = VERTEX_POINT('',#2573);
#2573 = CARTESIAN_POINT('',(0.581055512755,-0.25,-0.355));
#2574 = SURFACE_CURVE('',#2575,(#2579,#2586),.PCURVE_S1.);
#2575 = LINE('',#2576,#2577);
#2576 = CARTESIAN_POINT('',(0.635,-0.25,-0.355));
#2577 = VECTOR('',#2578,1.);
#2578 = DIRECTION('',(-1.,0.,6.982962677686E-15));
#2579 = PCURVE('',#485,#2580);
#2580 = DEFINITIONAL_REPRESENTATION('',(#2581),#2585);
#2581 = LINE('',#2582,#2583);
#2582 = CARTESIAN_POINT('',(-0.15,0.345));
#2583 = VECTOR('',#2584,1.);
#2584 = DIRECTION('',(1.,0.));
#2585 = ( GEOMETRIC_REPRESENTATION_CONTEXT(2) 
PARAMETRIC_REPRESENTATION_CONTEXT() REPRESENTATION_CONTEXT('2D SPACE',''
  ) );
#2586 = PCURVE('',#2587,#2592);
#2587 = PLANE('',#2588);
#2588 = AXIS2_PLACEMENT_3D('',#2589,#2590,#2591);
#2589 = CARTESIAN_POINT('',(0.581055512755,-0.25,-0.355125000056));
#2590 = DIRECTION('',(-0.,1.,0.));
#2591 = DIRECTION('',(1.,0.,0.));
#2592 = DEFINITIONAL_REPRESENTATION('',(#2593),#2597);
#2593 = LINE('',#2594,#2595);
#2594 = CARTESIAN_POINT('',(5.394448724536E-02,-1.250000564795E-04));
#2595 = VECTOR('',#2596,1.);
#2596 = DIRECTION('',(-1.,-6.982962677686E-15));
#2597 = ( GEOMETRIC_REPRESENTATION_CONTEXT(2) 
PARAMETRIC_REPRESENTATION_CONTEXT() REPRESENTATION_CONTEXT('2D SPACE',''
  ) );
#2598 = ORIENTED_EDGE('',*,*,#2599,.T.);
#2599 = EDGE_CURVE('',#2572,#2600,#2602,.T.);
#2600 = VERTEX_POINT('',#2601);
#2601 = CARTESIAN_POINT('',(0.568178543914,-0.246428571429,-0.355));
#2602 = SURFACE_CURVE('',#2603,(#2608,#2615),.PCURVE_S1.);
#2603 = CIRCLE('',#2604,2.5E-02);
#2604 = AXIS2_PLACEMENT_3D('',#2605,#2606,#2607);
#2605 = CARTESIAN_POINT('',(0.581055512755,-0.225,-0.355));
#2606 = DIRECTION('',(-6.505213034913E-15,0.,-1.));
#2607 = DIRECTION('',(1.,0.,-6.505213034913E-15));
#2608 = PCURVE('',#485,#2609);
#2609 = DEFINITIONAL_REPRESENTATION('',(#2610),#2614);
#2610 = CIRCLE('',#2611,2.5E-02);
#2611 = AXIS2_PLACEMENT_2D('',#2612,#2613);
#2612 = CARTESIAN_POINT('',(-9.605551275464E-02,0.37));
#2613 = DIRECTION('',(-1.,0.));
#2614 = ( GEOMETRIC_REPRESENTATION_CONTEXT(2) 
PARAMETRIC_REPRESENTATION_CONTEXT() REPRESENTATION_CONTEXT('2D SPACE',''
  ) );
#2615 = PCURVE('',#2616,#2621);
#2616 = CYLINDRICAL_SURFACE('',#2617,2.5E-02);
#2617 = AXIS2_PLACEMENT_3D('',#2618,#2619,#2620);
#2618 = CARTESIAN_POINT('',(0.581055512755,-0.225,-0.355125000056));
#2619 = DIRECTION('',(6.505213034913E-15,0.,1.));
#2620 = DIRECTION('',(1.,0.,-6.505213034913E-15));
#2621 = DEFINITIONAL_REPRESENTATION('',(#2622),#2626);
#2622 = LINE('',#2623,#2624);
#2623 = CARTESIAN_POINT('',(6.28318530718,1.250000564839E-04));
#2624 = VECTOR('',#2625,1.);
#2625 = DIRECTION('',(-1.,1.025895395733E-16));
#2626 = ( GEOMETRIC_REPRESENTATION_CONTEXT(2) 
PARAMETRIC_REPRESENTATION_CONTEXT() REPRESENTATION_CONTEXT('2D SPACE',''
  ) );
#2627 = ORIENTED_EDGE('',*,*,#2628,.T.);
#2628 = EDGE_CURVE('',#2600,#2629,#2631,.T.);
#2629 = VERTEX_POINT('',#2630);
#2630 = CARTESIAN_POINT('',(0.568178543914,-0.323571428571,-0.355));
#2631 = SURFACE_CURVE('',#2632,(#2637,#2648),.PCURVE_S1.);
#2632 = CIRCLE('',#2633,4.5E-02);
#2633 = AXIS2_PLACEMENT_3D('',#2634,#2635,#2636);
#2634 = CARTESIAN_POINT('',(0.545,-0.285,-0.355));
#2635 = DIRECTION('',(7.228014483237E-15,0.,1.));
#2636 = DIRECTION('',(-1.,0.,7.228014483237E-15));
#2637 = PCURVE('',#485,#2638);
#2638 = DEFINITIONAL_REPRESENTATION('',(#2639),#2647);
#2639 = ( BOUNDED_CURVE() B_SPLINE_CURVE(2,(#2640,#2641,#2642,#2643,
#2644,#2645,#2646),.UNSPECIFIED.,.T.,.F.) B_SPLINE_CURVE_WITH_KNOTS((1,2
    ,2,2,2,1),(-2.094395102393,0.,2.094395102393,4.188790204786,
6.28318530718,8.377580409573),.UNSPECIFIED.) CURVE() 
GEOMETRIC_REPRESENTATION_ITEM() RATIONAL_B_SPLINE_CURVE((1.,0.5,1.,0.5,
1.,0.5,1.)) REPRESENTATION_ITEM('') );
#2640 = CARTESIAN_POINT('',(-1.5E-02,0.31));
#2641 = CARTESIAN_POINT('',(-1.5E-02,0.232057713659));
#2642 = CARTESIAN_POINT('',(-8.25E-02,0.27102885683));
#2643 = CARTESIAN_POINT('',(-0.15,0.31));
#2644 = CARTESIAN_POINT('',(-8.25E-02,0.34897114317));
#2645 = CARTESIAN_POINT('',(-1.5E-02,0.387942286341));
#2646 = CARTESIAN_POINT('',(-1.5E-02,0.31));
#2647 = ( GEOMETRIC_REPRESENTATION_CONTEXT(2) 
PARAMETRIC_REPRESENTATION_CONTEXT() REPRESENTATION_CONTEXT('2D SPACE',''
  ) );
#2648 = PCURVE('',#2649,#2654);
#2649 = CYLINDRICAL_SURFACE('',#2650,4.5E-02);
#2650 = AXIS2_PLACEMENT_3D('',#2651,#2652,#2653);
#2651 = CARTESIAN_POINT('',(0.545,-0.285,-0.355125000056));
#2652 = DIRECTION('',(7.228014483237E-15,0.,1.));
#2653 = DIRECTION('',(1.,0.,-7.228014483237E-15));
#2654 = DEFINITIONAL_REPRESENTATION('',(#2655),#2659);
#2655 = LINE('',#2656,#2657);
#2656 = CARTESIAN_POINT('',(-3.14159265359,1.250000564836E-04));
#2657 = VECTOR('',#2658,1.);
#2658 = DIRECTION('',(1.,0.));
#2659 = ( GEOMETRIC_REPRESENTATION_CONTEXT(2) 
PARAMETRIC_REPRESENTATION_CONTEXT() REPRESENTATION_CONTEXT('2D SPACE',''
  ) );
#2660 = ORIENTED_EDGE('',*,*,#2661,.T.);
#2661 = EDGE_CURVE('',#2629,#2662,#2664,.T.);
#2662 = VERTEX_POINT('',#2663);
#2663 = CARTESIAN_POINT('',(0.581055512755,-0.32,-0.355));
#2664 = SURFACE_CURVE('',#2665,(#2670,#2677),.PCURVE_S1.);
#2665 = CIRCLE('',#2666,2.5E-02);
#2666 = AXIS2_PLACEMENT_3D('',#2667,#2668,#2669);
#2667 = CARTESIAN_POINT('',(0.581055512755,-0.345,-0.355));
#2668 = DIRECTION('',(-6.505213034913E-15,0.,-1.));
#2669 = DIRECTION('',(-1.,0.,6.505213034913E-15));
#2670 = PCURVE('',#485,#2671);
#2671 = DEFINITIONAL_REPRESENTATION('',(#2672),#2676);
#2672 = CIRCLE('',#2673,2.5E-02);
#2673 = AXIS2_PLACEMENT_2D('',#2674,#2675);
#2674 = CARTESIAN_POINT('',(-9.605551275464E-02,0.25));
#2675 = DIRECTION('',(1.,0.));
#2676 = ( GEOMETRIC_REPRESENTATION_CONTEXT(2) 
PARAMETRIC_REPRESENTATION_CONTEXT() REPRESENTATION_CONTEXT('2D SPACE',''
  ) );
#2677 = PCURVE('',#2678,#2683);
#2678 = CYLINDRICAL_SURFACE('',#2679,2.5E-02);
#2679 = AXIS2_PLACEMENT_3D('',#2680,#2681,#2682);
#2680 = CARTESIAN_POINT('',(0.581055512755,-0.345,-0.355125000056));
#2681 = DIRECTION('',(6.505213034913E-15,0.,1.));
#2682 = DIRECTION('',(1.,0.,-6.505213034913E-15));
#2683 = DEFINITIONAL_REPRESENTATION('',(#2684),#2688);
#2684 = LINE('',#2685,#2686);
#2685 = CARTESIAN_POINT('',(3.14159265359,1.250000564842E-04));
#2686 = VECTOR('',#2687,1.);
#2687 = DIRECTION('',(-1.,-1.025895395733E-16));
#2688 = ( GEOMETRIC_REPRESENTATION_CONTEXT(2) 
PARAMETRIC_REPRESENTATION_CONTEXT() REPRESENTATION_CONTEXT('2D SPACE',''
  ) );
#2689 = ORIENTED_EDGE('',*,*,#2690,.T.);
#2690 = EDGE_CURVE('',#2662,#2691,#2693,.T.);
#2691 = VERTEX_POINT('',#2692);
#2692 = CARTESIAN_POINT('',(0.635,-0.32,-0.355));
#2693 = SURFACE_CURVE('',#2694,(#2698,#2705),.PCURVE_S1.);
#2694 = LINE('',#2695,#2696);
#2695 = CARTESIAN_POINT('',(0.635,-0.32,-0.355));
#2696 = VECTOR('',#2697,1.);
#2697 = DIRECTION('',(1.,0.,-6.982962677686E-15));
#2698 = PCURVE('',#485,#2699);
#2699 = DEFINITIONAL_REPRESENTATION('',(#2700),#2704);
#2700 = LINE('',#2701,#2702);
#2701 = CARTESIAN_POINT('',(-0.15,0.275));
#2702 = VECTOR('',#2703,1.);
#2703 = DIRECTION('',(-1.,0.));
#2704 = ( GEOMETRIC_REPRESENTATION_CONTEXT(2) 
PARAMETRIC_REPRESENTATION_CONTEXT() REPRESENTATION_CONTEXT('2D SPACE',''
  ) );
#2705 = PCURVE('',#2706,#2711);
#2706 = PLANE('',#2707);
#2707 = AXIS2_PLACEMENT_3D('',#2708,#2709,#2710);
#2708 = CARTESIAN_POINT('',(0.581055512755,-0.32,-0.355125000056));
#2709 = DIRECTION('',(1.004923976341E-15,-1.,-7.0173466207E-30));
#2710 = DIRECTION('',(0.,7.0173466207E-30,-1.));
#2711 = DEFINITIONAL_REPRESENTATION('',(#2712),#2716);
#2712 = LINE('',#2713,#2714);
#2713 = CARTESIAN_POINT('',(-1.250000564795E-04,5.394448724536E-02));
#2714 = VECTOR('',#2715,1.);
#2715 = DIRECTION('',(6.982962677686E-15,1.));
#2716 = ( GEOMETRIC_REPRESENTATION_CONTEXT(2) 
PARAMETRIC_REPRESENTATION_CONTEXT() REPRESENTATION_CONTEXT('2D SPACE',''
  ) );
#2717 = ORIENTED_EDGE('',*,*,#2718,.T.);
#2718 = EDGE_CURVE('',#2691,#2719,#2721,.T.);
#2719 = VERTEX_POINT('',#2720);
#2720 = CARTESIAN_POINT('',(0.66,-0.345,-0.355));
#2721 = SURFACE_CURVE('',#2722,(#2727,#2734),.PCURVE_S1.);
#2722 = CIRCLE('',#2723,2.5E-02);
#2723 = AXIS2_PLACEMENT_3D('',#2724,#2725,#2726);
#2724 = CARTESIAN_POINT('',(0.635,-0.345,-0.355));
#2725 = DIRECTION('',(-6.505213034913E-15,0.,-1.));
#2726 = DIRECTION('',(-1.,0.,6.505213034913E-15));
#2727 = PCURVE('',#485,#2728);
#2728 = DEFINITIONAL_REPRESENTATION('',(#2729),#2733);
#2729 = CIRCLE('',#2730,2.5E-02);
#2730 = AXIS2_PLACEMENT_2D('',#2731,#2732);
#2731 = CARTESIAN_POINT('',(-0.15,0.25));
#2732 = DIRECTION('',(1.,0.));
#2733 = ( GEOMETRIC_REPRESENTATION_CONTEXT(2) 
PARAMETRIC_REPRESENTATION_CONTEXT() REPRESENTATION_CONTEXT('2D SPACE',''
  ) );
#2734 = PCURVE('',#2735,#2740);
#2735 = CYLINDRICAL_SURFACE('',#2736,2.5E-02);
#2736 = AXIS2_PLACEMENT_3D('',#2737,#2738,#2739);
#2737 = CARTESIAN_POINT('',(0.635,-0.345,-0.355125000056));
#2738 = DIRECTION('',(6.505213034913E-15,0.,1.));
#2739 = DIRECTION('',(1.,0.,-6.505213034913E-15));
#2740 = DEFINITIONAL_REPRESENTATION('',(#2741),#2745);
#2741 = LINE('',#2742,#2743);
#2742 = CARTESIAN_POINT('',(3.14159265359,1.250000564795E-04));
#2743 = VECTOR('',#2744,1.);
#2744 = DIRECTION('',(-1.,0.));
#2745 = ( GEOMETRIC_REPRESENTATION_CONTEXT(2) 
PARAMETRIC_REPRESENTATION_CONTEXT() REPRESENTATION_CONTEXT('2D SPACE',''
  ) );
#2746 = ORIENTED_EDGE('',*,*,#2747,.T.);
#2747 = EDGE_CURVE('',#2719,#2748,#2750,.T.);
#2748 = VERTEX_POINT('',#2749);
#2749 = CARTESIAN_POINT('',(0.66,-0.495,-0.355));
#2750 = SURFACE_CURVE('',#2751,(#2755,#2762),.PCURVE_S1.);
#2751 = LINE('',#2752,#2753);
#2752 = CARTESIAN_POINT('',(0.66,-0.345,-0.355));
#2753 = VECTOR('',#2754,1.);
#2754 = DIRECTION('',(0.,-1.,0.));
#2755 = PCURVE('',#485,#2756);
#2756 = DEFINITIONAL_REPRESENTATION('',(#2757),#2761);
#2757 = LINE('',#2758,#2759);
#2758 = CARTESIAN_POINT('',(-0.175,0.25));
#2759 = VECTOR('',#2760,1.);
#2760 = DIRECTION('',(0.,-1.));
#2761 = ( GEOMETRIC_REPRESENTATION_CONTEXT(2) 
PARAMETRIC_REPRESENTATION_CONTEXT() REPRESENTATION_CONTEXT('2D SPACE',''
  ) );
#2762 = PCURVE('',#2763,#2768);
#2763 = PLANE('',#2764);
#2764 = AXIS2_PLACEMENT_3D('',#2765,#2766,#2767);
#2765 = CARTESIAN_POINT('',(0.66,-0.345,-0.355125000056));
#2766 = DIRECTION('',(-1.,0.,6.982962677686E-15));
#2767 = DIRECTION('',(0.,1.,0.));
#2768 = DEFINITIONAL_REPRESENTATION('',(#2769),#2773);
#2769 = LINE('',#2770,#2771);
#2770 = CARTESIAN_POINT('',(0.,-1.2500005648E-04));
#2771 = VECTOR('',#2772,1.);
#2772 = DIRECTION('',(-1.,-0.));
#2773 = ( GEOMETRIC_REPRESENTATION_CONTEXT(2) 
PARAMETRIC_REPRESENTATION_CONTEXT() REPRESENTATION_CONTEXT('2D SPACE',''
  ) );
#2774 = ORIENTED_EDGE('',*,*,#2775,.T.);
#2775 = EDGE_CURVE('',#2748,#2776,#2778,.T.);
#2776 = VERTEX_POINT('',#2777);
#2777 = CARTESIAN_POINT('',(0.635,-0.52,-0.355));
#2778 = SURFACE_CURVE('',#2779,(#2784,#2791),.PCURVE_S1.);
#2779 = CIRCLE('',#2780,2.5E-02);
#2780 = AXIS2_PLACEMENT_3D('',#2781,#2782,#2783);
#2781 = CARTESIAN_POINT('',(0.635,-0.495,-0.355));
#2782 = DIRECTION('',(-6.505213034913E-15,0.,-1.));
#2783 = DIRECTION('',(1.,0.,-6.505213034913E-15));
#2784 = PCURVE('',#485,#2785);
#2785 = DEFINITIONAL_REPRESENTATION('',(#2786),#2790);
#2786 = CIRCLE('',#2787,2.5E-02);
#2787 = AXIS2_PLACEMENT_2D('',#2788,#2789);
#2788 = CARTESIAN_POINT('',(-0.15,0.1));
#2789 = DIRECTION('',(-1.,0.));
#2790 = ( GEOMETRIC_REPRESENTATION_CONTEXT(2) 
PARAMETRIC_REPRESENTATION_CONTEXT() REPRESENTATION_CONTEXT('2D SPACE',''
  ) );
#2791 = PCURVE('',#2792,#2797);
#2792 = CYLINDRICAL_SURFACE('',#2793,2.5E-02);
#2793 = AXIS2_PLACEMENT_3D('',#2794,#2795,#2796);
#2794 = CARTESIAN_POINT('',(0.635,-0.495,-0.355125000056));
#2795 = DIRECTION('',(6.505213034913E-15,0.,1.));
#2796 = DIRECTION('',(1.,0.,-6.505213034913E-15));
#2797 = DEFINITIONAL_REPRESENTATION('',(#2798),#2802);
#2798 = LINE('',#2799,#2800);
#2799 = CARTESIAN_POINT('',(6.28318530718,1.250000564795E-04));
#2800 = VECTOR('',#2801,1.);
#2801 = DIRECTION('',(-1.,0.));
#2802 = ( GEOMETRIC_REPRESENTATION_CONTEXT(2) 
PARAMETRIC_REPRESENTATION_CONTEXT() REPRESENTATION_CONTEXT('2D SPACE',''
  ) );
#2803 = ORIENTED_EDGE('',*,*,#2804,.T.);
#2804 = EDGE_CURVE('',#2776,#2805,#2807,.T.);
#2805 = VERTEX_POINT('',#2806);
#2806 = CARTESIAN_POINT('',(0.56,-0.52,-0.355));
#2807 = SURFACE_CURVE('',#2808,(#2812,#2819),.PCURVE_S1.);
#2808 = LINE('',#2809,#2810);
#2809 = CARTESIAN_POINT('',(0.635,-0.52,-0.355));
#2810 = VECTOR('',#2811,1.);
#2811 = DIRECTION('',(-1.,0.,6.982962677686E-15));
#2812 = PCURVE('',#485,#2813);
#2813 = DEFINITIONAL_REPRESENTATION('',(#2814),#2818);
#2814 = LINE('',#2815,#2816);
#2815 = CARTESIAN_POINT('',(-0.15,7.5E-02));
#2816 = VECTOR('',#2817,1.);
#2817 = DIRECTION('',(1.,0.));
#2818 = ( GEOMETRIC_REPRESENTATION_CONTEXT(2) 
PARAMETRIC_REPRESENTATION_CONTEXT() REPRESENTATION_CONTEXT('2D SPACE',''
  ) );
#2819 = PCURVE('',#2820,#2825);
#2820 = PLANE('',#2821);
#2821 = AXIS2_PLACEMENT_3D('',#2822,#2823,#2824);
#2822 = CARTESIAN_POINT('',(0.56,-0.52,-0.355125000056));
#2823 = DIRECTION('',(-0.,1.,0.));
#2824 = DIRECTION('',(1.,0.,0.));
#2825 = DEFINITIONAL_REPRESENTATION('',(#2826),#2830);
#2826 = LINE('',#2827,#2828);
#2827 = CARTESIAN_POINT('',(7.5E-02,-1.25000056479E-04));
#2828 = VECTOR('',#2829,1.);
#2829 = DIRECTION('',(-1.,-6.982962677686E-15));
#2830 = ( GEOMETRIC_REPRESENTATION_CONTEXT(2) 
PARAMETRIC_REPRESENTATION_CONTEXT() REPRESENTATION_CONTEXT('2D SPACE',''
  ) );
#2831 = ORIENTED_EDGE('',*,*,#2832,.T.);
#2832 = EDGE_CURVE('',#2805,#2833,#2835,.T.);
#2833 = VERTEX_POINT('',#2834);
#2834 = CARTESIAN_POINT('',(0.51,-0.57,-0.355));
#2835 = SURFACE_CURVE('',#2836,(#2841,#2852),.PCURVE_S1.);
#2836 = CIRCLE('',#2837,5.E-02);
#2837 = AXIS2_PLACEMENT_3D('',#2838,#2839,#2840);
#2838 = CARTESIAN_POINT('',(0.56,-0.57,-0.355));
#2839 = DIRECTION('',(6.505213034913E-15,0.,1.));
#2840 = DIRECTION('',(1.,0.,-6.505213034913E-15));
#2841 = PCURVE('',#485,#2842);
#2842 = DEFINITIONAL_REPRESENTATION('',(#2843),#2851);
#2843 = ( BOUNDED_CURVE() B_SPLINE_CURVE(2,(#2844,#2845,#2846,#2847,
#2848,#2849,#2850),.UNSPECIFIED.,.T.,.F.) B_SPLINE_CURVE_WITH_KNOTS((1,2
    ,2,2,2,1),(-2.094395102393,0.,2.094395102393,4.188790204786,
6.28318530718,8.377580409573),.UNSPECIFIED.) CURVE() 
GEOMETRIC_REPRESENTATION_ITEM() RATIONAL_B_SPLINE_CURVE((1.,0.5,1.,0.5,
1.,0.5,1.)) REPRESENTATION_ITEM('') );
#2844 = CARTESIAN_POINT('',(-0.125,2.5E-02));
#2845 = CARTESIAN_POINT('',(-0.125,0.111602540378));
#2846 = CARTESIAN_POINT('',(-5.E-02,6.830127018922E-02));
#2847 = CARTESIAN_POINT('',(2.5E-02,2.5E-02));
#2848 = CARTESIAN_POINT('',(-5.E-02,-1.830127018922E-02));
#2849 = CARTESIAN_POINT('',(-0.125,-6.160254037844E-02));
#2850 = CARTESIAN_POINT('',(-0.125,2.5E-02));
#2851 = ( GEOMETRIC_REPRESENTATION_CONTEXT(2) 
PARAMETRIC_REPRESENTATION_CONTEXT() REPRESENTATION_CONTEXT('2D SPACE',''
  ) );
#2852 = PCURVE('',#2853,#2858);
#2853 = CYLINDRICAL_SURFACE('',#2854,5.E-02);
#2854 = AXIS2_PLACEMENT_3D('',#2855,#2856,#2857);
#2855 = CARTESIAN_POINT('',(0.56,-0.57,-0.355125000056));
#2856 = DIRECTION('',(6.505213034913E-15,0.,1.));
#2857 = DIRECTION('',(1.,0.,-6.505213034913E-15));
#2858 = DEFINITIONAL_REPRESENTATION('',(#2859),#2863);
#2859 = LINE('',#2860,#2861);
#2860 = CARTESIAN_POINT('',(0.,1.250000564836E-04));
#2861 = VECTOR('',#2862,1.);
#2862 = DIRECTION('',(1.,0.));
#2863 = ( GEOMETRIC_REPRESENTATION_CONTEXT(2) 
PARAMETRIC_REPRESENTATION_CONTEXT() REPRESENTATION_CONTEXT('2D SPACE',''
  ) );
#2864 = ORIENTED_EDGE('',*,*,#2865,.T.);
#2865 = EDGE_CURVE('',#2833,#771,#2866,.T.);
#2866 = SURFACE_CURVE('',#2867,(#2871,#2878),.PCURVE_S1.);
#2867 = LINE('',#2868,#2869);
#2868 = CARTESIAN_POINT('',(0.51,-0.57,-0.355));
#2869 = VECTOR('',#2870,1.);
#2870 = DIRECTION('',(0.,-1.,0.));
#2871 = PCURVE('',#485,#2872);
#2872 = DEFINITIONAL_REPRESENTATION('',(#2873),#2877);
#2873 = LINE('',#2874,#2875);
#2874 = CARTESIAN_POINT('',(-2.5E-02,2.5E-02));
#2875 = VECTOR('',#2876,1.);
#2876 = DIRECTION('',(0.,-1.));
#2877 = ( GEOMETRIC_REPRESENTATION_CONTEXT(2) 
PARAMETRIC_REPRESENTATION_CONTEXT() REPRESENTATION_CONTEXT('2D SPACE',''
  ) );
#2878 = PCURVE('',#2879,#2884);
#2879 = PLANE('',#2880);
#2880 = AXIS2_PLACEMENT_3D('',#2881,#2882,#2883);
#2881 = CARTESIAN_POINT('',(0.51,-0.57,-0.355125000056));
#2882 = DIRECTION('',(-1.,0.,6.982962677686E-15));
#2883 = DIRECTION('',(0.,1.,0.));
#2884 = DEFINITIONAL_REPRESENTATION('',(#2885),#2889);
#2885 = LINE('',#2886,#2887);
#2886 = CARTESIAN_POINT('',(0.,-1.250000564836E-04));
#2887 = VECTOR('',#2888,1.);
#2888 = DIRECTION('',(-1.,-0.));
#2889 = ( GEOMETRIC_REPRESENTATION_CONTEXT(2) 
PARAMETRIC_REPRESENTATION_CONTEXT() REPRESENTATION_CONTEXT('2D SPACE',''
  ) );
#2890 = ADVANCED_FACE('',(#2891),#2905,.F.);
#2891 = FACE_BOUND('',#2892,.T.);
#2892 = EDGE_LOOP('',(#2893,#2928,#2956,#2984));
#2893 = ORIENTED_EDGE('',*,*,#2894,.F.);
#2894 = EDGE_CURVE('',#2895,#2897,#2899,.T.);
#2895 = VERTEX_POINT('',#2896);
#2896 = CARTESIAN_POINT('',(-1.15,-1.15,4.974999943528E-03));
#2897 = VERTEX_POINT('',#2898);
#2898 = CARTESIAN_POINT('',(-1.15,1.15,4.974999943528E-03));
#2899 = SURFACE_CURVE('',#2900,(#2904,#2916),.PCURVE_S1.);
#2900 = LINE('',#2901,#2902);
#2901 = CARTESIAN_POINT('',(-1.15,1.15,4.974999943528E-03));
#2902 = VECTOR('',#2903,1.);
#2903 = DIRECTION('',(1.885568995627E-16,1.,-1.316685792267E-30));
#2904 = PCURVE('',#2905,#2910);
#2905 = PLANE('',#2906);
#2906 = AXIS2_PLACEMENT_3D('',#2907,#2908,#2909);
#2907 = CARTESIAN_POINT('',(1.311137653702E-16,1.563548512938E-16,
    4.97499994352E-03));
#2908 = DIRECTION('',(-6.982962677686E-15,0.,-1.));
#2909 = DIRECTION('',(-1.,0.,6.982962677686E-15));
#2910 = DEFINITIONAL_REPRESENTATION('',(#2911),#2915);
#2911 = LINE('',#2912,#2913);
#2912 = CARTESIAN_POINT('',(1.15,1.15));
#2913 = VECTOR('',#2914,1.);
#2914 = DIRECTION('',(-1.885568995627E-16,1.));
#2915 = ( GEOMETRIC_REPRESENTATION_CONTEXT(2) 
PARAMETRIC_REPRESENTATION_CONTEXT() REPRESENTATION_CONTEXT('2D SPACE',''
  ) );
#2916 = PCURVE('',#2917,#2922);
#2917 = PLANE('',#2918);
#2918 = AXIS2_PLACEMENT_3D('',#2919,#2920,#2921);
#2919 = CARTESIAN_POINT('',(-1.15,1.15,-8.502500005647E-02));
#2920 = DIRECTION('',(1.,-1.885568995627E-16,-6.982962677686E-15));
#2921 = DIRECTION('',(-6.982962677686E-15,0.,-1.));
#2922 = DEFINITIONAL_REPRESENTATION('',(#2923),#2927);
#2923 = LINE('',#2924,#2925);
#2924 = CARTESIAN_POINT('',(-9.E-02,7.102405503874E-33));
#2925 = VECTOR('',#2926,1.);
#2926 = DIRECTION('',(-2.101947696487E-45,1.));
#2927 = ( GEOMETRIC_REPRESENTATION_CONTEXT(2) 
PARAMETRIC_REPRESENTATION_CONTEXT() REPRESENTATION_CONTEXT('2D SPACE',''
  ) );
#2928 = ORIENTED_EDGE('',*,*,#2929,.F.);
#2929 = EDGE_CURVE('',#2930,#2895,#2932,.T.);
#2930 = VERTEX_POINT('',#2931);
#2931 = CARTESIAN_POINT('',(1.15,-1.15,4.974999943512E-03));
#2932 = SURFACE_CURVE('',#2933,(#2937,#2944),.PCURVE_S1.);
#2933 = LINE('',#2934,#2935);
#2934 = CARTESIAN_POINT('',(1.15,-1.15,4.974999943512E-03));
#2935 = VECTOR('',#2936,1.);
#2936 = DIRECTION('',(-1.,0.,6.982962677686E-15));
#2937 = PCURVE('',#2905,#2938);
#2938 = DEFINITIONAL_REPRESENTATION('',(#2939),#2943);
#2939 = LINE('',#2940,#2941);
#2940 = CARTESIAN_POINT('',(-1.15,-1.15));
#2941 = VECTOR('',#2942,1.);
#2942 = DIRECTION('',(1.,0.));
#2943 = ( GEOMETRIC_REPRESENTATION_CONTEXT(2) 
PARAMETRIC_REPRESENTATION_CONTEXT() REPRESENTATION_CONTEXT('2D SPACE',''
  ) );
#2944 = PCURVE('',#2945,#2950);
#2945 = PLANE('',#2946);
#2946 = AXIS2_PLACEMENT_3D('',#2947,#2948,#2949);
#2947 = CARTESIAN_POINT('',(1.15,-1.15,-8.502500005649E-02));
#2948 = DIRECTION('',(-0.,1.,0.));
#2949 = DIRECTION('',(1.,0.,0.));
#2950 = DEFINITIONAL_REPRESENTATION('',(#2951),#2955);
#2951 = LINE('',#2952,#2953);
#2952 = CARTESIAN_POINT('',(0.,-9.E-02));
#2953 = VECTOR('',#2954,1.);
#2954 = DIRECTION('',(-1.,-6.982962677686E-15));
#2955 = ( GEOMETRIC_REPRESENTATION_CONTEXT(2) 
PARAMETRIC_REPRESENTATION_CONTEXT() REPRESENTATION_CONTEXT('2D SPACE',''
  ) );
#2956 = ORIENTED_EDGE('',*,*,#2957,.F.);
#2957 = EDGE_CURVE('',#2958,#2930,#2960,.T.);
#2958 = VERTEX_POINT('',#2959);
#2959 = CARTESIAN_POINT('',(1.15,1.15,4.974999943512E-03));
#2960 = SURFACE_CURVE('',#2961,(#2965,#2972),.PCURVE_S1.);
#2961 = LINE('',#2962,#2963);
#2962 = CARTESIAN_POINT('',(1.15,1.15,4.974999943512E-03));
#2963 = VECTOR('',#2964,1.);
#2964 = DIRECTION('',(0.,-1.,0.));
#2965 = PCURVE('',#2905,#2966);
#2966 = DEFINITIONAL_REPRESENTATION('',(#2967),#2971);
#2967 = LINE('',#2968,#2969);
#2968 = CARTESIAN_POINT('',(-1.15,1.15));
#2969 = VECTOR('',#2970,1.);
#2970 = DIRECTION('',(0.,-1.));
#2971 = ( GEOMETRIC_REPRESENTATION_CONTEXT(2) 
PARAMETRIC_REPRESENTATION_CONTEXT() REPRESENTATION_CONTEXT('2D SPACE',''
  ) );
#2972 = PCURVE('',#2973,#2978);
#2973 = PLANE('',#2974);
#2974 = AXIS2_PLACEMENT_3D('',#2975,#2976,#2977);
#2975 = CARTESIAN_POINT('',(1.15,1.15,-8.502500005649E-02));
#2976 = DIRECTION('',(-1.,0.,6.982962677686E-15));
#2977 = DIRECTION('',(0.,1.,0.));
#2978 = DEFINITIONAL_REPRESENTATION('',(#2979),#2983);
#2979 = LINE('',#2980,#2981);
#2980 = CARTESIAN_POINT('',(0.,-9.E-02));
#2981 = VECTOR('',#2982,1.);
#2982 = DIRECTION('',(-1.,-0.));
#2983 = ( GEOMETRIC_REPRESENTATION_CONTEXT(2) 
PARAMETRIC_REPRESENTATION_CONTEXT() REPRESENTATION_CONTEXT('2D SPACE',''
  ) );
#2984 = ORIENTED_EDGE('',*,*,#2985,.F.);
#2985 = EDGE_CURVE('',#2897,#2958,#2986,.T.);
#2986 = SURFACE_CURVE('',#2987,(#2991,#2998),.PCURVE_S1.);
#2987 = LINE('',#2988,#2989);
#2988 = CARTESIAN_POINT('',(1.15,1.15,4.974999943512E-03));
#2989 = VECTOR('',#2990,1.);
#2990 = DIRECTION('',(1.,0.,-6.982962677686E-15));
#2991 = PCURVE('',#2905,#2992);
#2992 = DEFINITIONAL_REPRESENTATION('',(#2993),#2997);
#2993 = LINE('',#2994,#2995);
#2994 = CARTESIAN_POINT('',(-1.15,1.15));
#2995 = VECTOR('',#2996,1.);
#2996 = DIRECTION('',(-1.,0.));
#2997 = ( GEOMETRIC_REPRESENTATION_CONTEXT(2) 
PARAMETRIC_REPRESENTATION_CONTEXT() REPRESENTATION_CONTEXT('2D SPACE',''
  ) );
#2998 = PCURVE('',#2999,#3004);
#2999 = PLANE('',#3000);
#3000 = AXIS2_PLACEMENT_3D('',#3001,#3002,#3003);
#3001 = CARTESIAN_POINT('',(1.15,1.15,-8.502500005649E-02));
#3002 = DIRECTION('',(0.,-1.,0.));
#3003 = DIRECTION('',(0.,0.,-1.));
#3004 = DEFINITIONAL_REPRESENTATION('',(#3005),#3009);
#3005 = LINE('',#3006,#3007);
#3006 = CARTESIAN_POINT('',(-9.E-02,0.));
#3007 = VECTOR('',#3008,1.);
#3008 = DIRECTION('',(6.982962677686E-15,1.));
#3009 = ( GEOMETRIC_REPRESENTATION_CONTEXT(2) 
PARAMETRIC_REPRESENTATION_CONTEXT() REPRESENTATION_CONTEXT('2D SPACE',''
  ) );
#3010 = ADVANCED_FACE('',(#3011),#2945,.F.);
#3011 = FACE_BOUND('',#3012,.T.);
#3012 = EDGE_LOOP('',(#3013,#3014,#3037,#3065));
#3013 = ORIENTED_EDGE('',*,*,#2929,.T.);
#3014 = ORIENTED_EDGE('',*,*,#3015,.F.);
#3015 = EDGE_CURVE('',#3016,#2895,#3018,.T.);
#3016 = VERTEX_POINT('',#3017);
#3017 = CARTESIAN_POINT('',(-1.15,-1.15,-8.502500005647E-02));
#3018 = SURFACE_CURVE('',#3019,(#3023,#3030),.PCURVE_S1.);
#3019 = LINE('',#3020,#3021);
#3020 = CARTESIAN_POINT('',(-1.15,-1.15,-8.502500005647E-02));
#3021 = VECTOR('',#3022,1.);
#3022 = DIRECTION('',(6.982962677686E-15,0.,1.));
#3023 = PCURVE('',#2945,#3024);
#3024 = DEFINITIONAL_REPRESENTATION('',(#3025),#3029);
#3025 = LINE('',#3026,#3027);
#3026 = CARTESIAN_POINT('',(-2.3,-1.609823385706E-14));
#3027 = VECTOR('',#3028,1.);
#3028 = DIRECTION('',(6.982962677686E-15,-1.));
#3029 = ( GEOMETRIC_REPRESENTATION_CONTEXT(2) 
PARAMETRIC_REPRESENTATION_CONTEXT() REPRESENTATION_CONTEXT('2D SPACE',''
  ) );
#3030 = PCURVE('',#2917,#3031);
#3031 = DEFINITIONAL_REPRESENTATION('',(#3032),#3036);
#3032 = LINE('',#3033,#3034);
#3033 = CARTESIAN_POINT('',(3.101058377946E-30,-2.3));
#3034 = VECTOR('',#3035,1.);
#3035 = DIRECTION('',(-1.,0.));
#3036 = ( GEOMETRIC_REPRESENTATION_CONTEXT(2) 
PARAMETRIC_REPRESENTATION_CONTEXT() REPRESENTATION_CONTEXT('2D SPACE',''
  ) );
#3037 = ORIENTED_EDGE('',*,*,#3038,.F.);
#3038 = EDGE_CURVE('',#3039,#3016,#3041,.T.);
#3039 = VERTEX_POINT('',#3040);
#3040 = CARTESIAN_POINT('',(1.15,-1.15,-8.502500005649E-02));
#3041 = SURFACE_CURVE('',#3042,(#3046,#3053),.PCURVE_S1.);
#3042 = LINE('',#3043,#3044);
#3043 = CARTESIAN_POINT('',(1.15,-1.15,-8.502500005649E-02));
#3044 = VECTOR('',#3045,1.);
#3045 = DIRECTION('',(-1.,0.,6.982962677686E-15));
#3046 = PCURVE('',#2945,#3047);
#3047 = DEFINITIONAL_REPRESENTATION('',(#3048),#3052);
#3048 = LINE('',#3049,#3050);
#3049 = CARTESIAN_POINT('',(0.,0.));
#3050 = VECTOR('',#3051,1.);
#3051 = DIRECTION('',(-1.,-6.982962677686E-15));
#3052 = ( GEOMETRIC_REPRESENTATION_CONTEXT(2) 
PARAMETRIC_REPRESENTATION_CONTEXT() REPRESENTATION_CONTEXT('2D SPACE',''
  ) );
#3053 = PCURVE('',#3054,#3059);
#3054 = PLANE('',#3055);
#3055 = AXIS2_PLACEMENT_3D('',#3056,#3057,#3058);
#3056 = CARTESIAN_POINT('',(1.15,-1.15,-8.502500005649E-02));
#3057 = DIRECTION('',(0.,-1.,0.));
#3058 = DIRECTION('',(0.,0.,-1.));
#3059 = DEFINITIONAL_REPRESENTATION('',(#3060),#3064);
#3060 = LINE('',#3061,#3062);
#3061 = CARTESIAN_POINT('',(0.,0.));
#3062 = VECTOR('',#3063,1.);
#3063 = DIRECTION('',(-6.982962677686E-15,-1.));
#3064 = ( GEOMETRIC_REPRESENTATION_CONTEXT(2) 
PARAMETRIC_REPRESENTATION_CONTEXT() REPRESENTATION_CONTEXT('2D SPACE',''
  ) );
#3065 = ORIENTED_EDGE('',*,*,#3066,.T.);
#3066 = EDGE_CURVE('',#3039,#2930,#3067,.T.);
#3067 = SURFACE_CURVE('',#3068,(#3072,#3079),.PCURVE_S1.);
#3068 = LINE('',#3069,#3070);
#3069 = CARTESIAN_POINT('',(1.15,-1.15,-8.502500005649E-02));
#3070 = VECTOR('',#3071,1.);
#3071 = DIRECTION('',(6.982962677686E-15,0.,1.));
#3072 = PCURVE('',#2945,#3073);
#3073 = DEFINITIONAL_REPRESENTATION('',(#3074),#3078);
#3074 = LINE('',#3075,#3076);
#3075 = CARTESIAN_POINT('',(0.,0.));
#3076 = VECTOR('',#3077,1.);
#3077 = DIRECTION('',(6.982962677686E-15,-1.));
#3078 = ( GEOMETRIC_REPRESENTATION_CONTEXT(2) 
PARAMETRIC_REPRESENTATION_CONTEXT() REPRESENTATION_CONTEXT('2D SPACE',''
  ) );
#3079 = PCURVE('',#2973,#3080);
#3080 = DEFINITIONAL_REPRESENTATION('',(#3081),#3085);
#3081 = LINE('',#3082,#3083);
#3082 = CARTESIAN_POINT('',(-2.3,-0.));
#3083 = VECTOR('',#3084,1.);
#3084 = DIRECTION('',(0.,-1.));
#3085 = ( GEOMETRIC_REPRESENTATION_CONTEXT(2) 
PARAMETRIC_REPRESENTATION_CONTEXT() REPRESENTATION_CONTEXT('2D SPACE',''
  ) );
#3086 = ADVANCED_FACE('',(#3087),#2973,.F.);
#3087 = FACE_BOUND('',#3088,.T.);
#3088 = EDGE_LOOP('',(#3089,#3090,#3091,#3119));
#3089 = ORIENTED_EDGE('',*,*,#2957,.T.);
#3090 = ORIENTED_EDGE('',*,*,#3066,.F.);
#3091 = ORIENTED_EDGE('',*,*,#3092,.F.);
#3092 = EDGE_CURVE('',#3093,#3039,#3095,.T.);
#3093 = VERTEX_POINT('',#3094);
#3094 = CARTESIAN_POINT('',(1.15,1.15,-8.502500005649E-02));
#3095 = SURFACE_CURVE('',#3096,(#3100,#3107),.PCURVE_S1.);
#3096 = LINE('',#3097,#3098);
#3097 = CARTESIAN_POINT('',(1.15,1.15,-8.502500005649E-02));
#3098 = VECTOR('',#3099,1.);
#3099 = DIRECTION('',(-1.885568995627E-16,-1.,1.316685792267E-30));
#3100 = PCURVE('',#2973,#3101);
#3101 = DEFINITIONAL_REPRESENTATION('',(#3102),#3106);
#3102 = LINE('',#3103,#3104);
#3103 = CARTESIAN_POINT('',(0.,0.));
#3104 = VECTOR('',#3105,1.);
#3105 = DIRECTION('',(-1.,2.101947696487E-45));
#3106 = ( GEOMETRIC_REPRESENTATION_CONTEXT(2) 
PARAMETRIC_REPRESENTATION_CONTEXT() REPRESENTATION_CONTEXT('2D SPACE',''
  ) );
#3107 = PCURVE('',#3108,#3113);
#3108 = PLANE('',#3109);
#3109 = AXIS2_PLACEMENT_3D('',#3110,#3111,#3112);
#3110 = CARTESIAN_POINT('',(1.15,1.15,-8.502500005649E-02));
#3111 = DIRECTION('',(1.,-1.885568995627E-16,-6.982962677686E-15));
#3112 = DIRECTION('',(-6.982962677686E-15,0.,-1.));
#3113 = DEFINITIONAL_REPRESENTATION('',(#3114),#3118);
#3114 = LINE('',#3115,#3116);
#3115 = CARTESIAN_POINT('',(0.,0.));
#3116 = VECTOR('',#3117,1.);
#3117 = DIRECTION('',(2.101947696487E-45,-1.));
#3118 = ( GEOMETRIC_REPRESENTATION_CONTEXT(2) 
PARAMETRIC_REPRESENTATION_CONTEXT() REPRESENTATION_CONTEXT('2D SPACE',''
  ) );
#3119 = ORIENTED_EDGE('',*,*,#3120,.T.);
#3120 = EDGE_CURVE('',#3093,#2958,#3121,.T.);
#3121 = SURFACE_CURVE('',#3122,(#3126,#3133),.PCURVE_S1.);
#3122 = LINE('',#3123,#3124);
#3123 = CARTESIAN_POINT('',(1.15,1.15,-8.502500005649E-02));
#3124 = VECTOR('',#3125,1.);
#3125 = DIRECTION('',(6.982962677686E-15,0.,1.));
#3126 = PCURVE('',#2973,#3127);
#3127 = DEFINITIONAL_REPRESENTATION('',(#3128),#3132);
#3128 = LINE('',#3129,#3130);
#3129 = CARTESIAN_POINT('',(0.,0.));
#3130 = VECTOR('',#3131,1.);
#3131 = DIRECTION('',(0.,-1.));
#3132 = ( GEOMETRIC_REPRESENTATION_CONTEXT(2) 
PARAMETRIC_REPRESENTATION_CONTEXT() REPRESENTATION_CONTEXT('2D SPACE',''
  ) );
#3133 = PCURVE('',#2999,#3134);
#3134 = DEFINITIONAL_REPRESENTATION('',(#3135),#3139);
#3135 = LINE('',#3136,#3137);
#3136 = CARTESIAN_POINT('',(0.,0.));
#3137 = VECTOR('',#3138,1.);
#3138 = DIRECTION('',(-1.,6.982962677686E-15));
#3139 = ( GEOMETRIC_REPRESENTATION_CONTEXT(2) 
PARAMETRIC_REPRESENTATION_CONTEXT() REPRESENTATION_CONTEXT('2D SPACE',''
  ) );
#3140 = ADVANCED_FACE('',(#3141),#2999,.F.);
#3141 = FACE_BOUND('',#3142,.T.);
#3142 = EDGE_LOOP('',(#3143,#3144,#3145,#3173));
#3143 = ORIENTED_EDGE('',*,*,#2985,.T.);
#3144 = ORIENTED_EDGE('',*,*,#3120,.F.);
#3145 = ORIENTED_EDGE('',*,*,#3146,.F.);
#3146 = EDGE_CURVE('',#3147,#3093,#3149,.T.);
#3147 = VERTEX_POINT('',#3148);
#3148 = CARTESIAN_POINT('',(-1.15,1.15,-8.502500005647E-02));
#3149 = SURFACE_CURVE('',#3150,(#3154,#3161),.PCURVE_S1.);
#3150 = LINE('',#3151,#3152);
#3151 = CARTESIAN_POINT('',(1.15,1.15,-8.502500005649E-02));
#3152 = VECTOR('',#3153,1.);
#3153 = DIRECTION('',(1.,0.,-6.982962677686E-15));
#3154 = PCURVE('',#2999,#3155);
#3155 = DEFINITIONAL_REPRESENTATION('',(#3156),#3160);
#3156 = LINE('',#3157,#3158);
#3157 = CARTESIAN_POINT('',(0.,0.));
#3158 = VECTOR('',#3159,1.);
#3159 = DIRECTION('',(6.982962677686E-15,1.));
#3160 = ( GEOMETRIC_REPRESENTATION_CONTEXT(2) 
PARAMETRIC_REPRESENTATION_CONTEXT() REPRESENTATION_CONTEXT('2D SPACE',''
  ) );
#3161 = PCURVE('',#3162,#3167);
#3162 = PLANE('',#3163);
#3163 = AXIS2_PLACEMENT_3D('',#3164,#3165,#3166);
#3164 = CARTESIAN_POINT('',(1.15,1.15,-8.502500005649E-02));
#3165 = DIRECTION('',(-0.,1.,0.));
#3166 = DIRECTION('',(1.,0.,0.));
#3167 = DEFINITIONAL_REPRESENTATION('',(#3168),#3172);
#3168 = LINE('',#3169,#3170);
#3169 = CARTESIAN_POINT('',(0.,0.));
#3170 = VECTOR('',#3171,1.);
#3171 = DIRECTION('',(1.,6.982962677686E-15));
#3172 = ( GEOMETRIC_REPRESENTATION_CONTEXT(2) 
PARAMETRIC_REPRESENTATION_CONTEXT() REPRESENTATION_CONTEXT('2D SPACE',''
  ) );
#3173 = ORIENTED_EDGE('',*,*,#3174,.T.);
#3174 = EDGE_CURVE('',#3147,#2897,#3175,.T.);
#3175 = SURFACE_CURVE('',#3176,(#3180,#3187),.PCURVE_S1.);
#3176 = LINE('',#3177,#3178);
#3177 = CARTESIAN_POINT('',(-1.15,1.15,-8.502500005647E-02));
#3178 = VECTOR('',#3179,1.);
#3179 = DIRECTION('',(6.982962677686E-15,0.,1.));
#3180 = PCURVE('',#2999,#3181);
#3181 = DEFINITIONAL_REPRESENTATION('',(#3182),#3186);
#3182 = LINE('',#3183,#3184);
#3183 = CARTESIAN_POINT('',(-1.609823385706E-14,-2.3));
#3184 = VECTOR('',#3185,1.);
#3185 = DIRECTION('',(-1.,6.982962677686E-15));
#3186 = ( GEOMETRIC_REPRESENTATION_CONTEXT(2) 
PARAMETRIC_REPRESENTATION_CONTEXT() REPRESENTATION_CONTEXT('2D SPACE',''
  ) );
#3187 = PCURVE('',#2917,#3188);
#3188 = DEFINITIONAL_REPRESENTATION('',(#3189),#3193);
#3189 = LINE('',#3190,#3191);
#3190 = CARTESIAN_POINT('',(0.,0.));
#3191 = VECTOR('',#3192,1.);
#3192 = DIRECTION('',(-1.,0.));
#3193 = ( GEOMETRIC_REPRESENTATION_CONTEXT(2) 
PARAMETRIC_REPRESENTATION_CONTEXT() REPRESENTATION_CONTEXT('2D SPACE',''
  ) );
#3194 = ADVANCED_FACE('',(#3195),#2917,.F.);
#3195 = FACE_BOUND('',#3196,.T.);
#3196 = EDGE_LOOP('',(#3197,#3198,#3199,#3225));
#3197 = ORIENTED_EDGE('',*,*,#2894,.T.);
#3198 = ORIENTED_EDGE('',*,*,#3174,.F.);
#3199 = ORIENTED_EDGE('',*,*,#3200,.F.);
#3200 = EDGE_CURVE('',#3016,#3147,#3201,.T.);
#3201 = SURFACE_CURVE('',#3202,(#3206,#3213),.PCURVE_S1.);
#3202 = LINE('',#3203,#3204);
#3203 = CARTESIAN_POINT('',(-1.15,1.15,-8.502500005647E-02));
#3204 = VECTOR('',#3205,1.);
#3205 = DIRECTION('',(1.885568995627E-16,1.,-1.316685792267E-30));
#3206 = PCURVE('',#2917,#3207);
#3207 = DEFINITIONAL_REPRESENTATION('',(#3208),#3212);
#3208 = LINE('',#3209,#3210);
#3209 = CARTESIAN_POINT('',(9.71445146547E-17,1.279088022425E-46));
#3210 = VECTOR('',#3211,1.);
#3211 = DIRECTION('',(-2.101947696487E-45,1.));
#3212 = ( GEOMETRIC_REPRESENTATION_CONTEXT(2) 
PARAMETRIC_REPRESENTATION_CONTEXT() REPRESENTATION_CONTEXT('2D SPACE',''
  ) );
#3213 = PCURVE('',#3214,#3219);
#3214 = PLANE('',#3215);
#3215 = AXIS2_PLACEMENT_3D('',#3216,#3217,#3218);
#3216 = CARTESIAN_POINT('',(-1.15,1.15,-8.502500005647E-02));
#3217 = DIRECTION('',(-1.,1.885568995627E-16,6.982962677686E-15));
#3218 = DIRECTION('',(1.885568995627E-16,1.,0.));
#3219 = DEFINITIONAL_REPRESENTATION('',(#3220),#3224);
#3220 = LINE('',#3221,#3222);
#3221 = CARTESIAN_POINT('',(0.,0.));
#3222 = VECTOR('',#3223,1.);
#3223 = DIRECTION('',(1.,1.316685792267E-30));
#3224 = ( GEOMETRIC_REPRESENTATION_CONTEXT(2) 
PARAMETRIC_REPRESENTATION_CONTEXT() REPRESENTATION_CONTEXT('2D SPACE',''
  ) );
#3225 = ORIENTED_EDGE('',*,*,#3015,.T.);
#3226 = ADVANCED_FACE('',(#3227),#2587,.T.);
#3227 = FACE_BOUND('',#3228,.T.);
#3228 = EDGE_LOOP('',(#3229,#3230,#3253,#3276));
#3229 = ORIENTED_EDGE('',*,*,#2571,.F.);
#3230 = ORIENTED_EDGE('',*,*,#3231,.F.);
#3231 = EDGE_CURVE('',#3232,#2543,#3234,.T.);
#3232 = VERTEX_POINT('',#3233);
#3233 = CARTESIAN_POINT('',(0.635,-0.25,-0.355125000056));
#3234 = SURFACE_CURVE('',#3235,(#3239,#3246),.PCURVE_S1.);
#3235 = LINE('',#3236,#3237);
#3236 = CARTESIAN_POINT('',(0.635,-0.25,-0.355125000056));
#3237 = VECTOR('',#3238,1.);
#3238 = DIRECTION('',(6.982962677686E-15,0.,1.));
#3239 = PCURVE('',#2587,#3240);
#3240 = DEFINITIONAL_REPRESENTATION('',(#3241),#3245);
#3241 = LINE('',#3242,#3243);
#3242 = CARTESIAN_POINT('',(5.394448724536E-02,0.));
#3243 = VECTOR('',#3244,1.);
#3244 = DIRECTION('',(6.982962677686E-15,-1.));
#3245 = ( GEOMETRIC_REPRESENTATION_CONTEXT(2) 
PARAMETRIC_REPRESENTATION_CONTEXT() REPRESENTATION_CONTEXT('2D SPACE',''
  ) );
#3246 = PCURVE('',#2559,#3247);
#3247 = DEFINITIONAL_REPRESENTATION('',(#3248),#3252);
#3248 = LINE('',#3249,#3250);
#3249 = CARTESIAN_POINT('',(4.712388980385,0.));
#3250 = VECTOR('',#3251,1.);
#3251 = DIRECTION('',(0.,1.));
#3252 = ( GEOMETRIC_REPRESENTATION_CONTEXT(2) 
PARAMETRIC_REPRESENTATION_CONTEXT() REPRESENTATION_CONTEXT('2D SPACE',''
  ) );
#3253 = ORIENTED_EDGE('',*,*,#3254,.T.);
#3254 = EDGE_CURVE('',#3232,#3255,#3257,.T.);
#3255 = VERTEX_POINT('',#3256);
#3256 = CARTESIAN_POINT('',(0.581055512755,-0.25,-0.355125000056));
#3257 = SURFACE_CURVE('',#3258,(#3262,#3269),.PCURVE_S1.);
#3258 = LINE('',#3259,#3260);
#3259 = CARTESIAN_POINT('',(0.581055512755,-0.25,-0.355125000056));
#3260 = VECTOR('',#3261,1.);
#3261 = DIRECTION('',(-1.,0.,6.982962677686E-15));
#3262 = PCURVE('',#2587,#3263);
#3263 = DEFINITIONAL_REPRESENTATION('',(#3264),#3268);
#3264 = LINE('',#3265,#3266);
#3265 = CARTESIAN_POINT('',(0.,0.));
#3266 = VECTOR('',#3267,1.);
#3267 = DIRECTION('',(-1.,-6.982962677686E-15));
#3268 = ( GEOMETRIC_REPRESENTATION_CONTEXT(2) 
PARAMETRIC_REPRESENTATION_CONTEXT() REPRESENTATION_CONTEXT('2D SPACE',''
  ) );
#3269 = PCURVE('',#424,#3270);
#3270 = DEFINITIONAL_REPRESENTATION('',(#3271),#3275);
#3271 = LINE('',#3272,#3273);
#3272 = CARTESIAN_POINT('',(-0.581055512755,-0.25));
#3273 = VECTOR('',#3274,1.);
#3274 = DIRECTION('',(1.,0.));
#3275 = ( GEOMETRIC_REPRESENTATION_CONTEXT(2) 
PARAMETRIC_REPRESENTATION_CONTEXT() REPRESENTATION_CONTEXT('2D SPACE',''
  ) );
#3276 = ORIENTED_EDGE('',*,*,#3277,.T.);
#3277 = EDGE_CURVE('',#3255,#2572,#3278,.T.);
#3278 = SURFACE_CURVE('',#3279,(#3283,#3290),.PCURVE_S1.);
#3279 = LINE('',#3280,#3281);
#3280 = CARTESIAN_POINT('',(0.581055512755,-0.25,-0.355125000056));
#3281 = VECTOR('',#3282,1.);
#3282 = DIRECTION('',(6.982962677686E-15,0.,1.));
#3283 = PCURVE('',#2587,#3284);
#3284 = DEFINITIONAL_REPRESENTATION('',(#3285),#3289);
#3285 = LINE('',#3286,#3287);
#3286 = CARTESIAN_POINT('',(0.,0.));
#3287 = VECTOR('',#3288,1.);
#3288 = DIRECTION('',(6.982962677686E-15,-1.));
#3289 = ( GEOMETRIC_REPRESENTATION_CONTEXT(2) 
PARAMETRIC_REPRESENTATION_CONTEXT() REPRESENTATION_CONTEXT('2D SPACE',''
  ) );
#3290 = PCURVE('',#2616,#3291);
#3291 = DEFINITIONAL_REPRESENTATION('',(#3292),#3296);
#3292 = LINE('',#3293,#3294);
#3293 = CARTESIAN_POINT('',(4.712388980385,0.));
#3294 = VECTOR('',#3295,1.);
#3295 = DIRECTION('',(0.,1.));
#3296 = ( GEOMETRIC_REPRESENTATION_CONTEXT(2) 
PARAMETRIC_REPRESENTATION_CONTEXT() REPRESENTATION_CONTEXT('2D SPACE',''
  ) );
#3297 = ADVANCED_FACE('',(#3298),#2559,.F.);
#3298 = FACE_BOUND('',#3299,.F.);
#3299 = EDGE_LOOP('',(#3300,#3301,#3325,#3346));
#3300 = ORIENTED_EDGE('',*,*,#3231,.F.);
#3301 = ORIENTED_EDGE('',*,*,#3302,.F.);
#3302 = EDGE_CURVE('',#3303,#3232,#3305,.T.);
#3303 = VERTEX_POINT('',#3304);
#3304 = CARTESIAN_POINT('',(0.66,-0.225,-0.355125000056));
#3305 = SURFACE_CURVE('',#3306,(#3311,#3318),.PCURVE_S1.);
#3306 = CIRCLE('',#3307,2.5E-02);
#3307 = AXIS2_PLACEMENT_3D('',#3308,#3309,#3310);
#3308 = CARTESIAN_POINT('',(0.635,-0.225,-0.355125000056));
#3309 = DIRECTION('',(-6.505213034913E-15,0.,-1.));
#3310 = DIRECTION('',(1.,0.,-6.505213034913E-15));
#3311 = PCURVE('',#2559,#3312);
#3312 = DEFINITIONAL_REPRESENTATION('',(#3313),#3317);
#3313 = LINE('',#3314,#3315);
#3314 = CARTESIAN_POINT('',(6.28318530718,0.));
#3315 = VECTOR('',#3316,1.);
#3316 = DIRECTION('',(-1.,0.));
#3317 = ( GEOMETRIC_REPRESENTATION_CONTEXT(2) 
PARAMETRIC_REPRESENTATION_CONTEXT() REPRESENTATION_CONTEXT('2D SPACE',''
  ) );
#3318 = PCURVE('',#424,#3319);
#3319 = DEFINITIONAL_REPRESENTATION('',(#3320),#3324);
#3320 = CIRCLE('',#3321,2.5E-02);
#3321 = AXIS2_PLACEMENT_2D('',#3322,#3323);
#3322 = CARTESIAN_POINT('',(-0.635,-0.225));
#3323 = DIRECTION('',(-1.,0.));
#3324 = ( GEOMETRIC_REPRESENTATION_CONTEXT(2) 
PARAMETRIC_REPRESENTATION_CONTEXT() REPRESENTATION_CONTEXT('2D SPACE',''
  ) );
#3325 = ORIENTED_EDGE('',*,*,#3326,.T.);
#3326 = EDGE_CURVE('',#3303,#2515,#3327,.T.);
#3327 = SURFACE_CURVE('',#3328,(#3332,#3339),.PCURVE_S1.);
#3328 = LINE('',#3329,#3330);
#3329 = CARTESIAN_POINT('',(0.66,-0.225,-0.355125000056));
#3330 = VECTOR('',#3331,1.);
#3331 = DIRECTION('',(6.982962677686E-15,0.,1.));
#3332 = PCURVE('',#2559,#3333);
#3333 = DEFINITIONAL_REPRESENTATION('',(#3334),#3338);
#3334 = LINE('',#3335,#3336);
#3335 = CARTESIAN_POINT('',(6.28318530718,-3.330669073875E-16));
#3336 = VECTOR('',#3337,1.);
#3337 = DIRECTION('',(0.,1.));
#3338 = ( GEOMETRIC_REPRESENTATION_CONTEXT(2) 
PARAMETRIC_REPRESENTATION_CONTEXT() REPRESENTATION_CONTEXT('2D SPACE',''
  ) );
#3339 = PCURVE('',#2530,#3340);
#3340 = DEFINITIONAL_REPRESENTATION('',(#3341),#3345);
#3341 = LINE('',#3342,#3343);
#3342 = CARTESIAN_POINT('',(-0.165,-0.));
#3343 = VECTOR('',#3344,1.);
#3344 = DIRECTION('',(0.,-1.));
#3345 = ( GEOMETRIC_REPRESENTATION_CONTEXT(2) 
PARAMETRIC_REPRESENTATION_CONTEXT() REPRESENTATION_CONTEXT('2D SPACE',''
  ) );
#3346 = ORIENTED_EDGE('',*,*,#2542,.T.);
#3347 = ADVANCED_FACE('',(#3348),#2530,.T.);
#3348 = FACE_BOUND('',#3349,.T.);
#3349 = EDGE_LOOP('',(#3350,#3351,#3374,#3395));
#3350 = ORIENTED_EDGE('',*,*,#2514,.F.);
#3351 = ORIENTED_EDGE('',*,*,#3352,.F.);
#3352 = EDGE_CURVE('',#3353,#2486,#3355,.T.);
#3353 = VERTEX_POINT('',#3354);
#3354 = CARTESIAN_POINT('',(0.66,-6.E-02,-0.355125000056));
#3355 = SURFACE_CURVE('',#3356,(#3360,#3367),.PCURVE_S1.);
#3356 = LINE('',#3357,#3358);
#3357 = CARTESIAN_POINT('',(0.66,-6.E-02,-0.355125000056));
#3358 = VECTOR('',#3359,1.);
#3359 = DIRECTION('',(6.982962677686E-15,0.,1.));
#3360 = PCURVE('',#2530,#3361);
#3361 = DEFINITIONAL_REPRESENTATION('',(#3362),#3366);
#3362 = LINE('',#3363,#3364);
#3363 = CARTESIAN_POINT('',(0.,0.));
#3364 = VECTOR('',#3365,1.);
#3365 = DIRECTION('',(0.,-1.));
#3366 = ( GEOMETRIC_REPRESENTATION_CONTEXT(2) 
PARAMETRIC_REPRESENTATION_CONTEXT() REPRESENTATION_CONTEXT('2D SPACE',''
  ) );
#3367 = PCURVE('',#2502,#3368);
#3368 = DEFINITIONAL_REPRESENTATION('',(#3369),#3373);
#3369 = LINE('',#3370,#3371);
#3370 = CARTESIAN_POINT('',(0.,-3.330669073875E-16));
#3371 = VECTOR('',#3372,1.);
#3372 = DIRECTION('',(0.,1.));
#3373 = ( GEOMETRIC_REPRESENTATION_CONTEXT(2) 
PARAMETRIC_REPRESENTATION_CONTEXT() REPRESENTATION_CONTEXT('2D SPACE',''
  ) );
#3374 = ORIENTED_EDGE('',*,*,#3375,.T.);
#3375 = EDGE_CURVE('',#3353,#3303,#3376,.T.);
#3376 = SURFACE_CURVE('',#3377,(#3381,#3388),.PCURVE_S1.);
#3377 = LINE('',#3378,#3379);
#3378 = CARTESIAN_POINT('',(0.66,-6.E-02,-0.355125000056));
#3379 = VECTOR('',#3380,1.);
#3380 = DIRECTION('',(0.,-1.,0.));
#3381 = PCURVE('',#2530,#3382);
#3382 = DEFINITIONAL_REPRESENTATION('',(#3383),#3387);
#3383 = LINE('',#3384,#3385);
#3384 = CARTESIAN_POINT('',(0.,0.));
#3385 = VECTOR('',#3386,1.);
#3386 = DIRECTION('',(-1.,-0.));
#3387 = ( GEOMETRIC_REPRESENTATION_CONTEXT(2) 
PARAMETRIC_REPRESENTATION_CONTEXT() REPRESENTATION_CONTEXT('2D SPACE',''
  ) );
#3388 = PCURVE('',#424,#3389);
#3389 = DEFINITIONAL_REPRESENTATION('',(#3390),#3394);
#3390 = LINE('',#3391,#3392);
#3391 = CARTESIAN_POINT('',(-0.66,-6.E-02));
#3392 = VECTOR('',#3393,1.);
#3393 = DIRECTION('',(0.,-1.));
#3394 = ( GEOMETRIC_REPRESENTATION_CONTEXT(2) 
PARAMETRIC_REPRESENTATION_CONTEXT() REPRESENTATION_CONTEXT('2D SPACE',''
  ) );
#3395 = ORIENTED_EDGE('',*,*,#3326,.T.);
#3396 = ADVANCED_FACE('',(#3397),#2502,.F.);
#3397 = FACE_BOUND('',#3398,.F.);
#3398 = EDGE_LOOP('',(#3399,#3400,#3424,#3445));
#3399 = ORIENTED_EDGE('',*,*,#3352,.F.);
#3400 = ORIENTED_EDGE('',*,*,#3401,.F.);
#3401 = EDGE_CURVE('',#3402,#3353,#3404,.T.);
#3402 = VERTEX_POINT('',#3403);
#3403 = CARTESIAN_POINT('',(0.635,-3.5E-02,-0.355125000056));
#3404 = SURFACE_CURVE('',#3405,(#3410,#3417),.PCURVE_S1.);
#3405 = CIRCLE('',#3406,2.5E-02);
#3406 = AXIS2_PLACEMENT_3D('',#3407,#3408,#3409);
#3407 = CARTESIAN_POINT('',(0.635,-6.E-02,-0.355125000056));
#3408 = DIRECTION('',(-6.505213034913E-15,0.,-1.));
#3409 = DIRECTION('',(-1.,0.,6.505213034913E-15));
#3410 = PCURVE('',#2502,#3411);
#3411 = DEFINITIONAL_REPRESENTATION('',(#3412),#3416);
#3412 = LINE('',#3413,#3414);
#3413 = CARTESIAN_POINT('',(3.14159265359,0.));
#3414 = VECTOR('',#3415,1.);
#3415 = DIRECTION('',(-1.,0.));
#3416 = ( GEOMETRIC_REPRESENTATION_CONTEXT(2) 
PARAMETRIC_REPRESENTATION_CONTEXT() REPRESENTATION_CONTEXT('2D SPACE',''
  ) );
#3417 = PCURVE('',#424,#3418);
#3418 = DEFINITIONAL_REPRESENTATION('',(#3419),#3423);
#3419 = CIRCLE('',#3420,2.5E-02);
#3420 = AXIS2_PLACEMENT_2D('',#3421,#3422);
#3421 = CARTESIAN_POINT('',(-0.635,-6.E-02));
#3422 = DIRECTION('',(1.,0.));
#3423 = ( GEOMETRIC_REPRESENTATION_CONTEXT(2) 
PARAMETRIC_REPRESENTATION_CONTEXT() REPRESENTATION_CONTEXT('2D SPACE',''
  ) );
#3424 = ORIENTED_EDGE('',*,*,#3425,.T.);
#3425 = EDGE_CURVE('',#3402,#2458,#3426,.T.);
#3426 = SURFACE_CURVE('',#3427,(#3431,#3438),.PCURVE_S1.);
#3427 = LINE('',#3428,#3429);
#3428 = CARTESIAN_POINT('',(0.635,-3.5E-02,-0.355125000056));
#3429 = VECTOR('',#3430,1.);
#3430 = DIRECTION('',(6.982962677686E-15,0.,1.));
#3431 = PCURVE('',#2502,#3432);
#3432 = DEFINITIONAL_REPRESENTATION('',(#3433),#3437);
#3433 = LINE('',#3434,#3435);
#3434 = CARTESIAN_POINT('',(1.570796326795,0.));
#3435 = VECTOR('',#3436,1.);
#3436 = DIRECTION('',(0.,1.));
#3437 = ( GEOMETRIC_REPRESENTATION_CONTEXT(2) 
PARAMETRIC_REPRESENTATION_CONTEXT() REPRESENTATION_CONTEXT('2D SPACE',''
  ) );
#3438 = PCURVE('',#2473,#3439);
#3439 = DEFINITIONAL_REPRESENTATION('',(#3440),#3444);
#3440 = LINE('',#3441,#3442);
#3441 = CARTESIAN_POINT('',(-0.153944487245,9.992007221626E-16));
#3442 = VECTOR('',#3443,1.);
#3443 = DIRECTION('',(-6.982962677686E-15,-1.));
#3444 = ( GEOMETRIC_REPRESENTATION_CONTEXT(2) 
PARAMETRIC_REPRESENTATION_CONTEXT() REPRESENTATION_CONTEXT('2D SPACE',''
  ) );
#3445 = ORIENTED_EDGE('',*,*,#2485,.T.);
#3446 = ADVANCED_FACE('',(#3447),#2473,.T.);
#3447 = FACE_BOUND('',#3448,.T.);
#3448 = EDGE_LOOP('',(#3449,#3450,#3473,#3494));
#3449 = ORIENTED_EDGE('',*,*,#2457,.F.);
#3450 = ORIENTED_EDGE('',*,*,#3451,.F.);
#3451 = EDGE_CURVE('',#3452,#2429,#3454,.T.);
#3452 = VERTEX_POINT('',#3453);
#3453 = CARTESIAN_POINT('',(0.481055512755,-3.5E-02,-0.355125000056));
#3454 = SURFACE_CURVE('',#3455,(#3459,#3466),.PCURVE_S1.);
#3455 = LINE('',#3456,#3457);
#3456 = CARTESIAN_POINT('',(0.481055512755,-3.5E-02,-0.355125000056));
#3457 = VECTOR('',#3458,1.);
#3458 = DIRECTION('',(6.982962677686E-15,0.,1.));
#3459 = PCURVE('',#2473,#3460);
#3460 = DEFINITIONAL_REPRESENTATION('',(#3461),#3465);
#3461 = LINE('',#3462,#3463);
#3462 = CARTESIAN_POINT('',(0.,-0.));
#3463 = VECTOR('',#3464,1.);
#3464 = DIRECTION('',(-6.982962677686E-15,-1.));
#3465 = ( GEOMETRIC_REPRESENTATION_CONTEXT(2) 
PARAMETRIC_REPRESENTATION_CONTEXT() REPRESENTATION_CONTEXT('2D SPACE',''
  ) );
#3466 = PCURVE('',#2445,#3467);
#3467 = DEFINITIONAL_REPRESENTATION('',(#3468),#3472);
#3468 = LINE('',#3469,#3470);
#3469 = CARTESIAN_POINT('',(1.570796326795,0.));
#3470 = VECTOR('',#3471,1.);
#3471 = DIRECTION('',(0.,1.));
#3472 = ( GEOMETRIC_REPRESENTATION_CONTEXT(2) 
PARAMETRIC_REPRESENTATION_CONTEXT() REPRESENTATION_CONTEXT('2D SPACE',''
  ) );
#3473 = ORIENTED_EDGE('',*,*,#3474,.T.);
#3474 = EDGE_CURVE('',#3452,#3402,#3475,.T.);
#3475 = SURFACE_CURVE('',#3476,(#3480,#3487),.PCURVE_S1.);
#3476 = LINE('',#3477,#3478);
#3477 = CARTESIAN_POINT('',(0.481055512755,-3.5E-02,-0.355125000056));
#3478 = VECTOR('',#3479,1.);
#3479 = DIRECTION('',(1.,-8.803515733869E-17,-6.982962677686E-15));
#3480 = PCURVE('',#2473,#3481);
#3481 = DEFINITIONAL_REPRESENTATION('',(#3482),#3486);
#3482 = LINE('',#3483,#3484);
#3483 = CARTESIAN_POINT('',(0.,-0.));
#3484 = VECTOR('',#3485,1.);
#3485 = DIRECTION('',(-1.,6.982962677686E-15));
#3486 = ( GEOMETRIC_REPRESENTATION_CONTEXT(2) 
PARAMETRIC_REPRESENTATION_CONTEXT() REPRESENTATION_CONTEXT('2D SPACE',''
  ) );
#3487 = PCURVE('',#424,#3488);
#3488 = DEFINITIONAL_REPRESENTATION('',(#3489),#3493);
#3489 = LINE('',#3490,#3491);
#3490 = CARTESIAN_POINT('',(-0.481055512755,-3.5E-02));
#3491 = VECTOR('',#3492,1.);
#3492 = DIRECTION('',(-1.,-8.803515733869E-17));
#3493 = ( GEOMETRIC_REPRESENTATION_CONTEXT(2) 
PARAMETRIC_REPRESENTATION_CONTEXT() REPRESENTATION_CONTEXT('2D SPACE',''
  ) );
#3494 = ORIENTED_EDGE('',*,*,#3425,.T.);
#3495 = ADVANCED_FACE('',(#3496),#2445,.F.);
#3496 = FACE_BOUND('',#3497,.F.);
#3497 = EDGE_LOOP('',(#3498,#3499,#3523,#3544));
#3498 = ORIENTED_EDGE('',*,*,#3451,.F.);
#3499 = ORIENTED_EDGE('',*,*,#3500,.F.);
#3500 = EDGE_CURVE('',#3501,#3452,#3503,.T.);
#3501 = VERTEX_POINT('',#3502);
#3502 = CARTESIAN_POINT('',(0.468178543914,-3.857142857143E-02,
    -0.355125000056));
#3503 = SURFACE_CURVE('',#3504,(#3509,#3516),.PCURVE_S1.);
#3504 = CIRCLE('',#3505,2.5E-02);
#3505 = AXIS2_PLACEMENT_3D('',#3506,#3507,#3508);
#3506 = CARTESIAN_POINT('',(0.481055512755,-6.E-02,-0.355125000056));
#3507 = DIRECTION('',(-6.505213034913E-15,0.,-1.));
#3508 = DIRECTION('',(-1.,0.,6.505213034913E-15));
#3509 = PCURVE('',#2445,#3510);
#3510 = DEFINITIONAL_REPRESENTATION('',(#3511),#3515);
#3511 = LINE('',#3512,#3513);
#3512 = CARTESIAN_POINT('',(3.14159265359,1.611472719293E-16));
#3513 = VECTOR('',#3514,1.);
#3514 = DIRECTION('',(-1.,-1.025895395733E-16));
#3515 = ( GEOMETRIC_REPRESENTATION_CONTEXT(2) 
PARAMETRIC_REPRESENTATION_CONTEXT() REPRESENTATION_CONTEXT('2D SPACE',''
  ) );
#3516 = PCURVE('',#424,#3517);
#3517 = DEFINITIONAL_REPRESENTATION('',(#3518),#3522);
#3518 = CIRCLE('',#3519,2.5E-02);
#3519 = AXIS2_PLACEMENT_2D('',#3520,#3521);
#3520 = CARTESIAN_POINT('',(-0.481055512755,-6.E-02));
#3521 = DIRECTION('',(1.,0.));
#3522 = ( GEOMETRIC_REPRESENTATION_CONTEXT(2) 
PARAMETRIC_REPRESENTATION_CONTEXT() REPRESENTATION_CONTEXT('2D SPACE',''
  ) );
#3523 = ORIENTED_EDGE('',*,*,#3524,.T.);
#3524 = EDGE_CURVE('',#3501,#2396,#3525,.T.);
#3525 = SURFACE_CURVE('',#3526,(#3530,#3537),.PCURVE_S1.);
#3526 = LINE('',#3527,#3528);
#3527 = CARTESIAN_POINT('',(0.468178543914,-3.857142857143E-02,
    -0.355125000056));
#3528 = VECTOR('',#3529,1.);
#3529 = DIRECTION('',(6.982962677686E-15,0.,1.));
#3530 = PCURVE('',#2445,#3531);
#3531 = DEFINITIONAL_REPRESENTATION('',(#3532),#3536);
#3532 = LINE('',#3533,#3534);
#3533 = CARTESIAN_POINT('',(2.111895852752,-5.551115123126E-17));
#3534 = VECTOR('',#3535,1.);
#3535 = DIRECTION('',(0.,1.));
#3536 = ( GEOMETRIC_REPRESENTATION_CONTEXT(2) 
PARAMETRIC_REPRESENTATION_CONTEXT() REPRESENTATION_CONTEXT('2D SPACE',''
  ) );
#3537 = PCURVE('',#2416,#3538);
#3538 = DEFINITIONAL_REPRESENTATION('',(#3539),#3543);
#3539 = LINE('',#3540,#3541);
#3540 = CARTESIAN_POINT('',(5.253488506342,1.665334536938E-16));
#3541 = VECTOR('',#3542,1.);
#3542 = DIRECTION('',(0.,1.));
#3543 = ( GEOMETRIC_REPRESENTATION_CONTEXT(2) 
PARAMETRIC_REPRESENTATION_CONTEXT() REPRESENTATION_CONTEXT('2D SPACE',''
  ) );
#3544 = ORIENTED_EDGE('',*,*,#2428,.T.);
#3545 = ADVANCED_FACE('',(#3546),#2416,.T.);
#3546 = FACE_BOUND('',#3547,.T.);
#3547 = EDGE_LOOP('',(#3548,#3549,#3572,#3598));
#3548 = ORIENTED_EDGE('',*,*,#2395,.F.);
#3549 = ORIENTED_EDGE('',*,*,#3550,.F.);
#3550 = EDGE_CURVE('',#3551,#2367,#3553,.T.);
#3551 = VERTEX_POINT('',#3552);
#3552 = CARTESIAN_POINT('',(0.468178543914,3.857142857143E-02,
    -0.355125000056));
#3553 = SURFACE_CURVE('',#3554,(#3558,#3565),.PCURVE_S1.);
#3554 = LINE('',#3555,#3556);
#3555 = CARTESIAN_POINT('',(0.468178543914,3.857142857143E-02,
    -0.355125000056));
#3556 = VECTOR('',#3557,1.);
#3557 = DIRECTION('',(6.982962677686E-15,0.,1.));
#3558 = PCURVE('',#2416,#3559);
#3559 = DEFINITIONAL_REPRESENTATION('',(#3560),#3564);
#3560 = LINE('',#3561,#3562);
#3561 = CARTESIAN_POINT('',(1.029696800838,1.665334536938E-16));
#3562 = VECTOR('',#3563,1.);
#3563 = DIRECTION('',(0.,1.));
#3564 = ( GEOMETRIC_REPRESENTATION_CONTEXT(2) 
PARAMETRIC_REPRESENTATION_CONTEXT() REPRESENTATION_CONTEXT('2D SPACE',''
  ) );
#3565 = PCURVE('',#2383,#3566);
#3566 = DEFINITIONAL_REPRESENTATION('',(#3567),#3571);
#3567 = LINE('',#3568,#3569);
#3568 = CARTESIAN_POINT('',(4.171289454428,-5.551115123126E-17));
#3569 = VECTOR('',#3570,1.);
#3570 = DIRECTION('',(0.,1.));
#3571 = ( GEOMETRIC_REPRESENTATION_CONTEXT(2) 
PARAMETRIC_REPRESENTATION_CONTEXT() REPRESENTATION_CONTEXT('2D SPACE',''
  ) );
#3572 = ORIENTED_EDGE('',*,*,#3573,.T.);
#3573 = EDGE_CURVE('',#3551,#3501,#3574,.T.);
#3574 = SURFACE_CURVE('',#3575,(#3580,#3587),.PCURVE_S1.);
#3575 = CIRCLE('',#3576,4.5E-02);
#3576 = AXIS2_PLACEMENT_3D('',#3577,#3578,#3579);
#3577 = CARTESIAN_POINT('',(0.445,1.084202172486E-16,-0.355125000056));
#3578 = DIRECTION('',(7.228014483237E-15,0.,1.));
#3579 = DIRECTION('',(-1.,0.,7.228014483237E-15));
#3580 = PCURVE('',#2416,#3581);
#3581 = DEFINITIONAL_REPRESENTATION('',(#3582),#3586);
#3582 = LINE('',#3583,#3584);
#3583 = CARTESIAN_POINT('',(-3.14159265359,0.));
#3584 = VECTOR('',#3585,1.);
#3585 = DIRECTION('',(1.,0.));
#3586 = ( GEOMETRIC_REPRESENTATION_CONTEXT(2) 
PARAMETRIC_REPRESENTATION_CONTEXT() REPRESENTATION_CONTEXT('2D SPACE',''
  ) );
#3587 = PCURVE('',#424,#3588);
#3588 = DEFINITIONAL_REPRESENTATION('',(#3589),#3597);
#3589 = ( BOUNDED_CURVE() B_SPLINE_CURVE(2,(#3590,#3591,#3592,#3593,
#3594,#3595,#3596),.UNSPECIFIED.,.T.,.F.) B_SPLINE_CURVE_WITH_KNOTS((1,2
    ,2,2,2,1),(-2.094395102393,0.,2.094395102393,4.188790204786,
6.28318530718,8.377580409573),.UNSPECIFIED.) CURVE() 
GEOMETRIC_REPRESENTATION_ITEM() RATIONAL_B_SPLINE_CURVE((1.,0.5,1.,0.5,
1.,0.5,1.)) REPRESENTATION_ITEM('') );
#3590 = CARTESIAN_POINT('',(-0.4,1.084202172486E-16));
#3591 = CARTESIAN_POINT('',(-0.4,-7.79422863406E-02));
#3592 = CARTESIAN_POINT('',(-0.4675,-3.89711431703E-02));
#3593 = CARTESIAN_POINT('',(-0.535,9.739839605622E-17));
#3594 = CARTESIAN_POINT('',(-0.4675,3.89711431703E-02));
#3595 = CARTESIAN_POINT('',(-0.4,7.79422863406E-02));
#3596 = CARTESIAN_POINT('',(-0.4,1.084202172486E-16));
#3597 = ( GEOMETRIC_REPRESENTATION_CONTEXT(2) 
PARAMETRIC_REPRESENTATION_CONTEXT() REPRESENTATION_CONTEXT('2D SPACE',''
  ) );
#3598 = ORIENTED_EDGE('',*,*,#3524,.T.);
#3599 = ADVANCED_FACE('',(#3600),#2383,.F.);
#3600 = FACE_BOUND('',#3601,.F.);
#3601 = EDGE_LOOP('',(#3602,#3603,#3627,#3648));
#3602 = ORIENTED_EDGE('',*,*,#3550,.F.);
#3603 = ORIENTED_EDGE('',*,*,#3604,.F.);
#3604 = EDGE_CURVE('',#3605,#3551,#3607,.T.);
#3605 = VERTEX_POINT('',#3606);
#3606 = CARTESIAN_POINT('',(0.481055512755,3.5E-02,-0.355125000056));
#3607 = SURFACE_CURVE('',#3608,(#3613,#3620),.PCURVE_S1.);
#3608 = CIRCLE('',#3609,2.5E-02);
#3609 = AXIS2_PLACEMENT_3D('',#3610,#3611,#3612);
#3610 = CARTESIAN_POINT('',(0.481055512755,6.E-02,-0.355125000056));
#3611 = DIRECTION('',(-6.505213034913E-15,0.,-1.));
#3612 = DIRECTION('',(1.,0.,-6.505213034913E-15));
#3613 = PCURVE('',#2383,#3614);
#3614 = DEFINITIONAL_REPRESENTATION('',(#3615),#3619);
#3615 = LINE('',#3616,#3617);
#3616 = CARTESIAN_POINT('',(6.28318530718,-1.611472719293E-16));
#3617 = VECTOR('',#3618,1.);
#3618 = DIRECTION('',(-1.,1.025895395733E-16));
#3619 = ( GEOMETRIC_REPRESENTATION_CONTEXT(2) 
PARAMETRIC_REPRESENTATION_CONTEXT() REPRESENTATION_CONTEXT('2D SPACE',''
  ) );
#3620 = PCURVE('',#424,#3621);
#3621 = DEFINITIONAL_REPRESENTATION('',(#3622),#3626);
#3622 = CIRCLE('',#3623,2.5E-02);
#3623 = AXIS2_PLACEMENT_2D('',#3624,#3625);
#3624 = CARTESIAN_POINT('',(-0.481055512755,6.E-02));
#3625 = DIRECTION('',(-1.,0.));
#3626 = ( GEOMETRIC_REPRESENTATION_CONTEXT(2) 
PARAMETRIC_REPRESENTATION_CONTEXT() REPRESENTATION_CONTEXT('2D SPACE',''
  ) );
#3627 = ORIENTED_EDGE('',*,*,#3628,.T.);
#3628 = EDGE_CURVE('',#3605,#2339,#3629,.T.);
#3629 = SURFACE_CURVE('',#3630,(#3634,#3641),.PCURVE_S1.);
#3630 = LINE('',#3631,#3632);
#3631 = CARTESIAN_POINT('',(0.481055512755,3.5E-02,-0.355125000056));
#3632 = VECTOR('',#3633,1.);
#3633 = DIRECTION('',(6.982962677686E-15,0.,1.));
#3634 = PCURVE('',#2383,#3635);
#3635 = DEFINITIONAL_REPRESENTATION('',(#3636),#3640);
#3636 = LINE('',#3637,#3638);
#3637 = CARTESIAN_POINT('',(4.712388980385,0.));
#3638 = VECTOR('',#3639,1.);
#3639 = DIRECTION('',(0.,1.));
#3640 = ( GEOMETRIC_REPRESENTATION_CONTEXT(2) 
PARAMETRIC_REPRESENTATION_CONTEXT() REPRESENTATION_CONTEXT('2D SPACE',''
  ) );
#3641 = PCURVE('',#2354,#3642);
#3642 = DEFINITIONAL_REPRESENTATION('',(#3643),#3647);
#3643 = LINE('',#3644,#3645);
#3644 = CARTESIAN_POINT('',(0.,0.));
#3645 = VECTOR('',#3646,1.);
#3646 = DIRECTION('',(6.982962677686E-15,-1.));
#3647 = ( GEOMETRIC_REPRESENTATION_CONTEXT(2) 
PARAMETRIC_REPRESENTATION_CONTEXT() REPRESENTATION_CONTEXT('2D SPACE',''
  ) );
#3648 = ORIENTED_EDGE('',*,*,#2366,.T.);
#3649 = ADVANCED_FACE('',(#3650),#2354,.T.);
#3650 = FACE_BOUND('',#3651,.T.);
#3651 = EDGE_LOOP('',(#3652,#3653,#3676,#3697));
#3652 = ORIENTED_EDGE('',*,*,#2338,.F.);
#3653 = ORIENTED_EDGE('',*,*,#3654,.F.);
#3654 = EDGE_CURVE('',#3655,#2310,#3657,.T.);
#3655 = VERTEX_POINT('',#3656);
#3656 = CARTESIAN_POINT('',(0.635,3.5E-02,-0.355125000056));
#3657 = SURFACE_CURVE('',#3658,(#3662,#3669),.PCURVE_S1.);
#3658 = LINE('',#3659,#3660);
#3659 = CARTESIAN_POINT('',(0.635,3.5E-02,-0.355125000056));
#3660 = VECTOR('',#3661,1.);
#3661 = DIRECTION('',(6.982962677686E-15,0.,1.));
#3662 = PCURVE('',#2354,#3663);
#3663 = DEFINITIONAL_REPRESENTATION('',(#3664),#3668);
#3664 = LINE('',#3665,#3666);
#3665 = CARTESIAN_POINT('',(0.153944487245,9.992007221626E-16));
#3666 = VECTOR('',#3667,1.);
#3667 = DIRECTION('',(6.982962677686E-15,-1.));
#3668 = ( GEOMETRIC_REPRESENTATION_CONTEXT(2) 
PARAMETRIC_REPRESENTATION_CONTEXT() REPRESENTATION_CONTEXT('2D SPACE',''
  ) );
#3669 = PCURVE('',#2326,#3670);
#3670 = DEFINITIONAL_REPRESENTATION('',(#3671),#3675);
#3671 = LINE('',#3672,#3673);
#3672 = CARTESIAN_POINT('',(4.712388980385,0.));
#3673 = VECTOR('',#3674,1.);
#3674 = DIRECTION('',(0.,1.));
#3675 = ( GEOMETRIC_REPRESENTATION_CONTEXT(2) 
PARAMETRIC_REPRESENTATION_CONTEXT() REPRESENTATION_CONTEXT('2D SPACE',''
  ) );
#3676 = ORIENTED_EDGE('',*,*,#3677,.T.);
#3677 = EDGE_CURVE('',#3655,#3605,#3678,.T.);
#3678 = SURFACE_CURVE('',#3679,(#3683,#3690),.PCURVE_S1.);
#3679 = LINE('',#3680,#3681);
#3680 = CARTESIAN_POINT('',(0.481055512755,3.5E-02,-0.355125000056));
#3681 = VECTOR('',#3682,1.);
#3682 = DIRECTION('',(-1.,-4.401757866934E-17,6.982962677686E-15));
#3683 = PCURVE('',#2354,#3684);
#3684 = DEFINITIONAL_REPRESENTATION('',(#3685),#3689);
#3685 = LINE('',#3686,#3687);
#3686 = CARTESIAN_POINT('',(0.,0.));
#3687 = VECTOR('',#3688,1.);
#3688 = DIRECTION('',(-1.,-6.982962677686E-15));
#3689 = ( GEOMETRIC_REPRESENTATION_CONTEXT(2) 
PARAMETRIC_REPRESENTATION_CONTEXT() REPRESENTATION_CONTEXT('2D SPACE',''
  ) );
#3690 = PCURVE('',#424,#3691);
#3691 = DEFINITIONAL_REPRESENTATION('',(#3692),#3696);
#3692 = LINE('',#3693,#3694);
#3693 = CARTESIAN_POINT('',(-0.481055512755,3.5E-02));
#3694 = VECTOR('',#3695,1.);
#3695 = DIRECTION('',(1.,-4.401757866934E-17));
#3696 = ( GEOMETRIC_REPRESENTATION_CONTEXT(2) 
PARAMETRIC_REPRESENTATION_CONTEXT() REPRESENTATION_CONTEXT('2D SPACE',''
  ) );
#3697 = ORIENTED_EDGE('',*,*,#3628,.T.);
#3698 = ADVANCED_FACE('',(#3699),#2326,.F.);
#3699 = FACE_BOUND('',#3700,.F.);
#3700 = EDGE_LOOP('',(#3701,#3702,#3726,#3747));
#3701 = ORIENTED_EDGE('',*,*,#3654,.F.);
#3702 = ORIENTED_EDGE('',*,*,#3703,.F.);
#3703 = EDGE_CURVE('',#3704,#3655,#3706,.T.);
#3704 = VERTEX_POINT('',#3705);
#3705 = CARTESIAN_POINT('',(0.66,6.E-02,-0.355125000056));
#3706 = SURFACE_CURVE('',#3707,(#3712,#3719),.PCURVE_S1.);
#3707 = CIRCLE('',#3708,2.5E-02);
#3708 = AXIS2_PLACEMENT_3D('',#3709,#3710,#3711);
#3709 = CARTESIAN_POINT('',(0.635,6.E-02,-0.355125000056));
#3710 = DIRECTION('',(-6.505213034913E-15,0.,-1.));
#3711 = DIRECTION('',(1.,0.,-6.505213034913E-15));
#3712 = PCURVE('',#2326,#3713);
#3713 = DEFINITIONAL_REPRESENTATION('',(#3714),#3718);
#3714 = LINE('',#3715,#3716);
#3715 = CARTESIAN_POINT('',(6.28318530718,0.));
#3716 = VECTOR('',#3717,1.);
#3717 = DIRECTION('',(-1.,0.));
#3718 = ( GEOMETRIC_REPRESENTATION_CONTEXT(2) 
PARAMETRIC_REPRESENTATION_CONTEXT() REPRESENTATION_CONTEXT('2D SPACE',''
  ) );
#3719 = PCURVE('',#424,#3720);
#3720 = DEFINITIONAL_REPRESENTATION('',(#3721),#3725);
#3721 = CIRCLE('',#3722,2.5E-02);
#3722 = AXIS2_PLACEMENT_2D('',#3723,#3724);
#3723 = CARTESIAN_POINT('',(-0.635,6.E-02));
#3724 = DIRECTION('',(-1.,0.));
#3725 = ( GEOMETRIC_REPRESENTATION_CONTEXT(2) 
PARAMETRIC_REPRESENTATION_CONTEXT() REPRESENTATION_CONTEXT('2D SPACE',''
  ) );
#3726 = ORIENTED_EDGE('',*,*,#3727,.T.);
#3727 = EDGE_CURVE('',#3704,#2282,#3728,.T.);
#3728 = SURFACE_CURVE('',#3729,(#3733,#3740),.PCURVE_S1.);
#3729 = LINE('',#3730,#3731);
#3730 = CARTESIAN_POINT('',(0.66,6.E-02,-0.355125000056));
#3731 = VECTOR('',#3732,1.);
#3732 = DIRECTION('',(6.982962677686E-15,0.,1.));
#3733 = PCURVE('',#2326,#3734);
#3734 = DEFINITIONAL_REPRESENTATION('',(#3735),#3739);
#3735 = LINE('',#3736,#3737);
#3736 = CARTESIAN_POINT('',(6.28318530718,-3.330669073875E-16));
#3737 = VECTOR('',#3738,1.);
#3738 = DIRECTION('',(0.,1.));
#3739 = ( GEOMETRIC_REPRESENTATION_CONTEXT(2) 
PARAMETRIC_REPRESENTATION_CONTEXT() REPRESENTATION_CONTEXT('2D SPACE',''
  ) );
#3740 = PCURVE('',#2297,#3741);
#3741 = DEFINITIONAL_REPRESENTATION('',(#3742),#3746);
#3742 = LINE('',#3743,#3744);
#3743 = CARTESIAN_POINT('',(-0.165,-0.));
#3744 = VECTOR('',#3745,1.);
#3745 = DIRECTION('',(0.,-1.));
#3746 = ( GEOMETRIC_REPRESENTATION_CONTEXT(2) 
PARAMETRIC_REPRESENTATION_CONTEXT() REPRESENTATION_CONTEXT('2D SPACE',''
  ) );
#3747 = ORIENTED_EDGE('',*,*,#2309,.T.);
#3748 = ADVANCED_FACE('',(#3749),#2297,.T.);
#3749 = FACE_BOUND('',#3750,.T.);
#3750 = EDGE_LOOP('',(#3751,#3752,#3775,#3796));
#3751 = ORIENTED_EDGE('',*,*,#2281,.F.);
#3752 = ORIENTED_EDGE('',*,*,#3753,.F.);
#3753 = EDGE_CURVE('',#3754,#2253,#3756,.T.);
#3754 = VERTEX_POINT('',#3755);
#3755 = CARTESIAN_POINT('',(0.66,0.225,-0.355125000056));
#3756 = SURFACE_CURVE('',#3757,(#3761,#3768),.PCURVE_S1.);
#3757 = LINE('',#3758,#3759);
#3758 = CARTESIAN_POINT('',(0.66,0.225,-0.355125000056));
#3759 = VECTOR('',#3760,1.);
#3760 = DIRECTION('',(6.982962677686E-15,0.,1.));
#3761 = PCURVE('',#2297,#3762);
#3762 = DEFINITIONAL_REPRESENTATION('',(#3763),#3767);
#3763 = LINE('',#3764,#3765);
#3764 = CARTESIAN_POINT('',(0.,0.));
#3765 = VECTOR('',#3766,1.);
#3766 = DIRECTION('',(0.,-1.));
#3767 = ( GEOMETRIC_REPRESENTATION_CONTEXT(2) 
PARAMETRIC_REPRESENTATION_CONTEXT() REPRESENTATION_CONTEXT('2D SPACE',''
  ) );
#3768 = PCURVE('',#2269,#3769);
#3769 = DEFINITIONAL_REPRESENTATION('',(#3770),#3774);
#3770 = LINE('',#3771,#3772);
#3771 = CARTESIAN_POINT('',(0.,-3.330669073875E-16));
#3772 = VECTOR('',#3773,1.);
#3773 = DIRECTION('',(0.,1.));
#3774 = ( GEOMETRIC_REPRESENTATION_CONTEXT(2) 
PARAMETRIC_REPRESENTATION_CONTEXT() REPRESENTATION_CONTEXT('2D SPACE',''
  ) );
#3775 = ORIENTED_EDGE('',*,*,#3776,.T.);
#3776 = EDGE_CURVE('',#3754,#3704,#3777,.T.);
#3777 = SURFACE_CURVE('',#3778,(#3782,#3789),.PCURVE_S1.);
#3778 = LINE('',#3779,#3780);
#3779 = CARTESIAN_POINT('',(0.66,0.225,-0.355125000056));
#3780 = VECTOR('',#3781,1.);
#3781 = DIRECTION('',(0.,-1.,0.));
#3782 = PCURVE('',#2297,#3783);
#3783 = DEFINITIONAL_REPRESENTATION('',(#3784),#3788);
#3784 = LINE('',#3785,#3786);
#3785 = CARTESIAN_POINT('',(0.,0.));
#3786 = VECTOR('',#3787,1.);
#3787 = DIRECTION('',(-1.,-0.));
#3788 = ( GEOMETRIC_REPRESENTATION_CONTEXT(2) 
PARAMETRIC_REPRESENTATION_CONTEXT() REPRESENTATION_CONTEXT('2D SPACE',''
  ) );
#3789 = PCURVE('',#424,#3790);
#3790 = DEFINITIONAL_REPRESENTATION('',(#3791),#3795);
#3791 = LINE('',#3792,#3793);
#3792 = CARTESIAN_POINT('',(-0.66,0.225));
#3793 = VECTOR('',#3794,1.);
#3794 = DIRECTION('',(0.,-1.));
#3795 = ( GEOMETRIC_REPRESENTATION_CONTEXT(2) 
PARAMETRIC_REPRESENTATION_CONTEXT() REPRESENTATION_CONTEXT('2D SPACE',''
  ) );
#3796 = ORIENTED_EDGE('',*,*,#3727,.T.);
#3797 = ADVANCED_FACE('',(#3798),#2269,.F.);
#3798 = FACE_BOUND('',#3799,.F.);
#3799 = EDGE_LOOP('',(#3800,#3801,#3825,#3846));
#3800 = ORIENTED_EDGE('',*,*,#3753,.F.);
#3801 = ORIENTED_EDGE('',*,*,#3802,.F.);
#3802 = EDGE_CURVE('',#3803,#3754,#3805,.T.);
#3803 = VERTEX_POINT('',#3804);
#3804 = CARTESIAN_POINT('',(0.635,0.25,-0.355125000056));
#3805 = SURFACE_CURVE('',#3806,(#3811,#3818),.PCURVE_S1.);
#3806 = CIRCLE('',#3807,2.5E-02);
#3807 = AXIS2_PLACEMENT_3D('',#3808,#3809,#3810);
#3808 = CARTESIAN_POINT('',(0.635,0.225,-0.355125000056));
#3809 = DIRECTION('',(-6.505213034913E-15,0.,-1.));
#3810 = DIRECTION('',(-1.,0.,6.505213034913E-15));
#3811 = PCURVE('',#2269,#3812);
#3812 = DEFINITIONAL_REPRESENTATION('',(#3813),#3817);
#3813 = LINE('',#3814,#3815);
#3814 = CARTESIAN_POINT('',(3.14159265359,0.));
#3815 = VECTOR('',#3816,1.);
#3816 = DIRECTION('',(-1.,0.));
#3817 = ( GEOMETRIC_REPRESENTATION_CONTEXT(2) 
PARAMETRIC_REPRESENTATION_CONTEXT() REPRESENTATION_CONTEXT('2D SPACE',''
  ) );
#3818 = PCURVE('',#424,#3819);
#3819 = DEFINITIONAL_REPRESENTATION('',(#3820),#3824);
#3820 = CIRCLE('',#3821,2.5E-02);
#3821 = AXIS2_PLACEMENT_2D('',#3822,#3823);
#3822 = CARTESIAN_POINT('',(-0.635,0.225));
#3823 = DIRECTION('',(1.,0.));
#3824 = ( GEOMETRIC_REPRESENTATION_CONTEXT(2) 
PARAMETRIC_REPRESENTATION_CONTEXT() REPRESENTATION_CONTEXT('2D SPACE',''
  ) );
#3825 = ORIENTED_EDGE('',*,*,#3826,.T.);
#3826 = EDGE_CURVE('',#3803,#2225,#3827,.T.);
#3827 = SURFACE_CURVE('',#3828,(#3832,#3839),.PCURVE_S1.);
#3828 = LINE('',#3829,#3830);
#3829 = CARTESIAN_POINT('',(0.635,0.25,-0.355125000056));
#3830 = VECTOR('',#3831,1.);
#3831 = DIRECTION('',(6.982962677686E-15,0.,1.));
#3832 = PCURVE('',#2269,#3833);
#3833 = DEFINITIONAL_REPRESENTATION('',(#3834),#3838);
#3834 = LINE('',#3835,#3836);
#3835 = CARTESIAN_POINT('',(1.570796326795,0.));
#3836 = VECTOR('',#3837,1.);
#3837 = DIRECTION('',(0.,1.));
#3838 = ( GEOMETRIC_REPRESENTATION_CONTEXT(2) 
PARAMETRIC_REPRESENTATION_CONTEXT() REPRESENTATION_CONTEXT('2D SPACE',''
  ) );
#3839 = PCURVE('',#2240,#3840);
#3840 = DEFINITIONAL_REPRESENTATION('',(#3841),#3845);
#3841 = LINE('',#3842,#3843);
#3842 = CARTESIAN_POINT('',(0.,5.394448724536E-02));
#3843 = VECTOR('',#3844,1.);
#3844 = DIRECTION('',(-1.,6.982962677686E-15));
#3845 = ( GEOMETRIC_REPRESENTATION_CONTEXT(2) 
PARAMETRIC_REPRESENTATION_CONTEXT() REPRESENTATION_CONTEXT('2D SPACE',''
  ) );
#3846 = ORIENTED_EDGE('',*,*,#2252,.T.);
#3847 = ADVANCED_FACE('',(#3848),#2240,.T.);
#3848 = FACE_BOUND('',#3849,.T.);
#3849 = EDGE_LOOP('',(#3850,#3851,#3874,#3895));
#3850 = ORIENTED_EDGE('',*,*,#2224,.F.);
#3851 = ORIENTED_EDGE('',*,*,#3852,.F.);
#3852 = EDGE_CURVE('',#3853,#2196,#3855,.T.);
#3853 = VERTEX_POINT('',#3854);
#3854 = CARTESIAN_POINT('',(0.581055512755,0.25,-0.355125000056));
#3855 = SURFACE_CURVE('',#3856,(#3860,#3867),.PCURVE_S1.);
#3856 = LINE('',#3857,#3858);
#3857 = CARTESIAN_POINT('',(0.581055512755,0.25,-0.355125000056));
#3858 = VECTOR('',#3859,1.);
#3859 = DIRECTION('',(6.982962677686E-15,0.,1.));
#3860 = PCURVE('',#2240,#3861);
#3861 = DEFINITIONAL_REPRESENTATION('',(#3862),#3866);
#3862 = LINE('',#3863,#3864);
#3863 = CARTESIAN_POINT('',(0.,0.));
#3864 = VECTOR('',#3865,1.);
#3865 = DIRECTION('',(-1.,6.982962677686E-15));
#3866 = ( GEOMETRIC_REPRESENTATION_CONTEXT(2) 
PARAMETRIC_REPRESENTATION_CONTEXT() REPRESENTATION_CONTEXT('2D SPACE',''
  ) );
#3867 = PCURVE('',#2212,#3868);
#3868 = DEFINITIONAL_REPRESENTATION('',(#3869),#3873);
#3869 = LINE('',#3870,#3871);
#3870 = CARTESIAN_POINT('',(1.570796326795,0.));
#3871 = VECTOR('',#3872,1.);
#3872 = DIRECTION('',(0.,1.));
#3873 = ( GEOMETRIC_REPRESENTATION_CONTEXT(2) 
PARAMETRIC_REPRESENTATION_CONTEXT() REPRESENTATION_CONTEXT('2D SPACE',''
  ) );
#3874 = ORIENTED_EDGE('',*,*,#3875,.T.);
#3875 = EDGE_CURVE('',#3853,#3803,#3876,.T.);
#3876 = SURFACE_CURVE('',#3877,(#3881,#3888),.PCURVE_S1.);
#3877 = LINE('',#3878,#3879);
#3878 = CARTESIAN_POINT('',(0.581055512755,0.25,-0.355125000056));
#3879 = VECTOR('',#3880,1.);
#3880 = DIRECTION('',(1.,0.,-6.982962677686E-15));
#3881 = PCURVE('',#2240,#3882);
#3882 = DEFINITIONAL_REPRESENTATION('',(#3883),#3887);
#3883 = LINE('',#3884,#3885);
#3884 = CARTESIAN_POINT('',(0.,0.));
#3885 = VECTOR('',#3886,1.);
#3886 = DIRECTION('',(6.982962677686E-15,1.));
#3887 = ( GEOMETRIC_REPRESENTATION_CONTEXT(2) 
PARAMETRIC_REPRESENTATION_CONTEXT() REPRESENTATION_CONTEXT('2D SPACE',''
  ) );
#3888 = PCURVE('',#424,#3889);
#3889 = DEFINITIONAL_REPRESENTATION('',(#3890),#3894);
#3890 = LINE('',#3891,#3892);
#3891 = CARTESIAN_POINT('',(-0.581055512755,0.25));
#3892 = VECTOR('',#3893,1.);
#3893 = DIRECTION('',(-1.,0.));
#3894 = ( GEOMETRIC_REPRESENTATION_CONTEXT(2) 
PARAMETRIC_REPRESENTATION_CONTEXT() REPRESENTATION_CONTEXT('2D SPACE',''
  ) );
#3895 = ORIENTED_EDGE('',*,*,#3826,.T.);
#3896 = ADVANCED_FACE('',(#3897),#2212,.F.);
#3897 = FACE_BOUND('',#3898,.F.);
#3898 = EDGE_LOOP('',(#3899,#3900,#3924,#3945));
#3899 = ORIENTED_EDGE('',*,*,#3852,.F.);
#3900 = ORIENTED_EDGE('',*,*,#3901,.F.);
#3901 = EDGE_CURVE('',#3902,#3853,#3904,.T.);
#3902 = VERTEX_POINT('',#3903);
#3903 = CARTESIAN_POINT('',(0.568178543914,0.246428571429,
    -0.355125000056));
#3904 = SURFACE_CURVE('',#3905,(#3910,#3917),.PCURVE_S1.);
#3905 = CIRCLE('',#3906,2.5E-02);
#3906 = AXIS2_PLACEMENT_3D('',#3907,#3908,#3909);
#3907 = CARTESIAN_POINT('',(0.581055512755,0.225,-0.355125000056));
#3908 = DIRECTION('',(-6.505213034913E-15,0.,-1.));
#3909 = DIRECTION('',(-1.,0.,6.505213034913E-15));
#3910 = PCURVE('',#2212,#3911);
#3911 = DEFINITIONAL_REPRESENTATION('',(#3912),#3916);
#3912 = LINE('',#3913,#3914);
#3913 = CARTESIAN_POINT('',(3.14159265359,1.611472719293E-16));
#3914 = VECTOR('',#3915,1.);
#3915 = DIRECTION('',(-1.,-1.025895395733E-16));
#3916 = ( GEOMETRIC_REPRESENTATION_CONTEXT(2) 
PARAMETRIC_REPRESENTATION_CONTEXT() REPRESENTATION_CONTEXT('2D SPACE',''
  ) );
#3917 = PCURVE('',#424,#3918);
#3918 = DEFINITIONAL_REPRESENTATION('',(#3919),#3923);
#3919 = CIRCLE('',#3920,2.5E-02);
#3920 = AXIS2_PLACEMENT_2D('',#3921,#3922);
#3921 = CARTESIAN_POINT('',(-0.581055512755,0.225));
#3922 = DIRECTION('',(1.,0.));
#3923 = ( GEOMETRIC_REPRESENTATION_CONTEXT(2) 
PARAMETRIC_REPRESENTATION_CONTEXT() REPRESENTATION_CONTEXT('2D SPACE',''
  ) );
#3924 = ORIENTED_EDGE('',*,*,#3925,.T.);
#3925 = EDGE_CURVE('',#3902,#2163,#3926,.T.);
#3926 = SURFACE_CURVE('',#3927,(#3931,#3938),.PCURVE_S1.);
#3927 = LINE('',#3928,#3929);
#3928 = CARTESIAN_POINT('',(0.568178543914,0.246428571429,
    -0.355125000056));
#3929 = VECTOR('',#3930,1.);
#3930 = DIRECTION('',(6.982962677686E-15,0.,1.));
#3931 = PCURVE('',#2212,#3932);
#3932 = DEFINITIONAL_REPRESENTATION('',(#3933),#3937);
#3933 = LINE('',#3934,#3935);
#3934 = CARTESIAN_POINT('',(2.111895852752,3.885780586188E-16));
#3935 = VECTOR('',#3936,1.);
#3936 = DIRECTION('',(0.,1.));
#3937 = ( GEOMETRIC_REPRESENTATION_CONTEXT(2) 
PARAMETRIC_REPRESENTATION_CONTEXT() REPRESENTATION_CONTEXT('2D SPACE',''
  ) );
#3938 = PCURVE('',#2183,#3939);
#3939 = DEFINITIONAL_REPRESENTATION('',(#3940),#3944);
#3940 = LINE('',#3941,#3942);
#3941 = CARTESIAN_POINT('',(5.253488506342,1.665334536938E-16));
#3942 = VECTOR('',#3943,1.);
#3943 = DIRECTION('',(0.,1.));
#3944 = ( GEOMETRIC_REPRESENTATION_CONTEXT(2) 
PARAMETRIC_REPRESENTATION_CONTEXT() REPRESENTATION_CONTEXT('2D SPACE',''
  ) );
#3945 = ORIENTED_EDGE('',*,*,#2195,.T.);
#3946 = ADVANCED_FACE('',(#3947),#2183,.T.);
#3947 = FACE_BOUND('',#3948,.T.);
#3948 = EDGE_LOOP('',(#3949,#3950,#3973,#3999));
#3949 = ORIENTED_EDGE('',*,*,#2162,.F.);
#3950 = ORIENTED_EDGE('',*,*,#3951,.F.);
#3951 = EDGE_CURVE('',#3952,#2134,#3954,.T.);
#3952 = VERTEX_POINT('',#3953);
#3953 = CARTESIAN_POINT('',(0.568178543914,0.323571428571,
    -0.355125000056));
#3954 = SURFACE_CURVE('',#3955,(#3959,#3966),.PCURVE_S1.);
#3955 = LINE('',#3956,#3957);
#3956 = CARTESIAN_POINT('',(0.568178543914,0.323571428571,
    -0.355125000056));
#3957 = VECTOR('',#3958,1.);
#3958 = DIRECTION('',(6.982962677686E-15,0.,1.));
#3959 = PCURVE('',#2183,#3960);
#3960 = DEFINITIONAL_REPRESENTATION('',(#3961),#3965);
#3961 = LINE('',#3962,#3963);
#3962 = CARTESIAN_POINT('',(1.029696800838,1.665334536938E-16));
#3963 = VECTOR('',#3964,1.);
#3964 = DIRECTION('',(0.,1.));
#3965 = ( GEOMETRIC_REPRESENTATION_CONTEXT(2) 
PARAMETRIC_REPRESENTATION_CONTEXT() REPRESENTATION_CONTEXT('2D SPACE',''
  ) );
#3966 = PCURVE('',#2150,#3967);
#3967 = DEFINITIONAL_REPRESENTATION('',(#3968),#3972);
#3968 = LINE('',#3969,#3970);
#3969 = CARTESIAN_POINT('',(4.171289454428,3.885780586188E-16));
#3970 = VECTOR('',#3971,1.);
#3971 = DIRECTION('',(0.,1.));
#3972 = ( GEOMETRIC_REPRESENTATION_CONTEXT(2) 
PARAMETRIC_REPRESENTATION_CONTEXT() REPRESENTATION_CONTEXT('2D SPACE',''
  ) );
#3973 = ORIENTED_EDGE('',*,*,#3974,.T.);
#3974 = EDGE_CURVE('',#3952,#3902,#3975,.T.);
#3975 = SURFACE_CURVE('',#3976,(#3981,#3988),.PCURVE_S1.);
#3976 = CIRCLE('',#3977,4.5E-02);
#3977 = AXIS2_PLACEMENT_3D('',#3978,#3979,#3980);
#3978 = CARTESIAN_POINT('',(0.545,0.285,-0.355125000056));
#3979 = DIRECTION('',(7.228014483237E-15,0.,1.));
#3980 = DIRECTION('',(-1.,0.,7.228014483237E-15));
#3981 = PCURVE('',#2183,#3982);
#3982 = DEFINITIONAL_REPRESENTATION('',(#3983),#3987);
#3983 = LINE('',#3984,#3985);
#3984 = CARTESIAN_POINT('',(-3.14159265359,0.));
#3985 = VECTOR('',#3986,1.);
#3986 = DIRECTION('',(1.,0.));
#3987 = ( GEOMETRIC_REPRESENTATION_CONTEXT(2) 
PARAMETRIC_REPRESENTATION_CONTEXT() REPRESENTATION_CONTEXT('2D SPACE',''
  ) );
#3988 = PCURVE('',#424,#3989);
#3989 = DEFINITIONAL_REPRESENTATION('',(#3990),#3998);
#3990 = ( BOUNDED_CURVE() B_SPLINE_CURVE(2,(#3991,#3992,#3993,#3994,
#3995,#3996,#3997),.UNSPECIFIED.,.T.,.F.) B_SPLINE_CURVE_WITH_KNOTS((1,2
    ,2,2,2,1),(-2.094395102393,0.,2.094395102393,4.188790204786,
6.28318530718,8.377580409573),.UNSPECIFIED.) CURVE() 
GEOMETRIC_REPRESENTATION_ITEM() RATIONAL_B_SPLINE_CURVE((1.,0.5,1.,0.5,
1.,0.5,1.)) REPRESENTATION_ITEM('') );
#3991 = CARTESIAN_POINT('',(-0.5,0.285));
#3992 = CARTESIAN_POINT('',(-0.5,0.207057713659));
#3993 = CARTESIAN_POINT('',(-0.5675,0.24602885683));
#3994 = CARTESIAN_POINT('',(-0.635,0.285));
#3995 = CARTESIAN_POINT('',(-0.5675,0.32397114317));
#3996 = CARTESIAN_POINT('',(-0.5,0.362942286341));
#3997 = CARTESIAN_POINT('',(-0.5,0.285));
#3998 = ( GEOMETRIC_REPRESENTATION_CONTEXT(2) 
PARAMETRIC_REPRESENTATION_CONTEXT() REPRESENTATION_CONTEXT('2D SPACE',''
  ) );
#3999 = ORIENTED_EDGE('',*,*,#3925,.T.);
#4000 = ADVANCED_FACE('',(#4001),#2150,.F.);
#4001 = FACE_BOUND('',#4002,.F.);
#4002 = EDGE_LOOP('',(#4003,#4004,#4028,#4049));
#4003 = ORIENTED_EDGE('',*,*,#3951,.F.);
#4004 = ORIENTED_EDGE('',*,*,#4005,.F.);
#4005 = EDGE_CURVE('',#4006,#3952,#4008,.T.);
#4006 = VERTEX_POINT('',#4007);
#4007 = CARTESIAN_POINT('',(0.581055512755,0.32,-0.355125000056));
#4008 = SURFACE_CURVE('',#4009,(#4014,#4021),.PCURVE_S1.);
#4009 = CIRCLE('',#4010,2.5E-02);
#4010 = AXIS2_PLACEMENT_3D('',#4011,#4012,#4013);
#4011 = CARTESIAN_POINT('',(0.581055512755,0.345,-0.355125000056));
#4012 = DIRECTION('',(-6.505213034913E-15,0.,-1.));
#4013 = DIRECTION('',(1.,0.,-6.505213034913E-15));
#4014 = PCURVE('',#2150,#4015);
#4015 = DEFINITIONAL_REPRESENTATION('',(#4016),#4020);
#4016 = LINE('',#4017,#4018);
#4017 = CARTESIAN_POINT('',(6.28318530718,-1.611472719293E-16));
#4018 = VECTOR('',#4019,1.);
#4019 = DIRECTION('',(-1.,1.025895395733E-16));
#4020 = ( GEOMETRIC_REPRESENTATION_CONTEXT(2) 
PARAMETRIC_REPRESENTATION_CONTEXT() REPRESENTATION_CONTEXT('2D SPACE',''
  ) );
#4021 = PCURVE('',#424,#4022);
#4022 = DEFINITIONAL_REPRESENTATION('',(#4023),#4027);
#4023 = CIRCLE('',#4024,2.5E-02);
#4024 = AXIS2_PLACEMENT_2D('',#4025,#4026);
#4025 = CARTESIAN_POINT('',(-0.581055512755,0.345));
#4026 = DIRECTION('',(-1.,0.));
#4027 = ( GEOMETRIC_REPRESENTATION_CONTEXT(2) 
PARAMETRIC_REPRESENTATION_CONTEXT() REPRESENTATION_CONTEXT('2D SPACE',''
  ) );
#4028 = ORIENTED_EDGE('',*,*,#4029,.T.);
#4029 = EDGE_CURVE('',#4006,#2106,#4030,.T.);
#4030 = SURFACE_CURVE('',#4031,(#4035,#4042),.PCURVE_S1.);
#4031 = LINE('',#4032,#4033);
#4032 = CARTESIAN_POINT('',(0.581055512755,0.32,-0.355125000056));
#4033 = VECTOR('',#4034,1.);
#4034 = DIRECTION('',(6.982962677686E-15,0.,1.));
#4035 = PCURVE('',#2150,#4036);
#4036 = DEFINITIONAL_REPRESENTATION('',(#4037),#4041);
#4037 = LINE('',#4038,#4039);
#4038 = CARTESIAN_POINT('',(4.712388980385,0.));
#4039 = VECTOR('',#4040,1.);
#4040 = DIRECTION('',(0.,1.));
#4041 = ( GEOMETRIC_REPRESENTATION_CONTEXT(2) 
PARAMETRIC_REPRESENTATION_CONTEXT() REPRESENTATION_CONTEXT('2D SPACE',''
  ) );
#4042 = PCURVE('',#2121,#4043);
#4043 = DEFINITIONAL_REPRESENTATION('',(#4044),#4048);
#4044 = LINE('',#4045,#4046);
#4045 = CARTESIAN_POINT('',(0.,0.));
#4046 = VECTOR('',#4047,1.);
#4047 = DIRECTION('',(6.982962677686E-15,-1.));
#4048 = ( GEOMETRIC_REPRESENTATION_CONTEXT(2) 
PARAMETRIC_REPRESENTATION_CONTEXT() REPRESENTATION_CONTEXT('2D SPACE',''
  ) );
#4049 = ORIENTED_EDGE('',*,*,#2133,.T.);
#4050 = ADVANCED_FACE('',(#4051),#2121,.T.);
#4051 = FACE_BOUND('',#4052,.T.);
#4052 = EDGE_LOOP('',(#4053,#4054,#4077,#4098));
#4053 = ORIENTED_EDGE('',*,*,#2105,.F.);
#4054 = ORIENTED_EDGE('',*,*,#4055,.F.);
#4055 = EDGE_CURVE('',#4056,#2077,#4058,.T.);
#4056 = VERTEX_POINT('',#4057);
#4057 = CARTESIAN_POINT('',(0.635,0.32,-0.355125000056));
#4058 = SURFACE_CURVE('',#4059,(#4063,#4070),.PCURVE_S1.);
#4059 = LINE('',#4060,#4061);
#4060 = CARTESIAN_POINT('',(0.635,0.32,-0.355125000056));
#4061 = VECTOR('',#4062,1.);
#4062 = DIRECTION('',(6.982962677686E-15,0.,1.));
#4063 = PCURVE('',#2121,#4064);
#4064 = DEFINITIONAL_REPRESENTATION('',(#4065),#4069);
#4065 = LINE('',#4066,#4067);
#4066 = CARTESIAN_POINT('',(5.394448724536E-02,0.));
#4067 = VECTOR('',#4068,1.);
#4068 = DIRECTION('',(6.982962677686E-15,-1.));
#4069 = ( GEOMETRIC_REPRESENTATION_CONTEXT(2) 
PARAMETRIC_REPRESENTATION_CONTEXT() REPRESENTATION_CONTEXT('2D SPACE',''
  ) );
#4070 = PCURVE('',#2093,#4071);
#4071 = DEFINITIONAL_REPRESENTATION('',(#4072),#4076);
#4072 = LINE('',#4073,#4074);
#4073 = CARTESIAN_POINT('',(4.712388980385,0.));
#4074 = VECTOR('',#4075,1.);
#4075 = DIRECTION('',(0.,1.));
#4076 = ( GEOMETRIC_REPRESENTATION_CONTEXT(2) 
PARAMETRIC_REPRESENTATION_CONTEXT() REPRESENTATION_CONTEXT('2D SPACE',''
  ) );
#4077 = ORIENTED_EDGE('',*,*,#4078,.T.);
#4078 = EDGE_CURVE('',#4056,#4006,#4079,.T.);
#4079 = SURFACE_CURVE('',#4080,(#4084,#4091),.PCURVE_S1.);
#4080 = LINE('',#4081,#4082);
#4081 = CARTESIAN_POINT('',(0.581055512755,0.32,-0.355125000056));
#4082 = VECTOR('',#4083,1.);
#4083 = DIRECTION('',(-1.,0.,6.982962677686E-15));
#4084 = PCURVE('',#2121,#4085);
#4085 = DEFINITIONAL_REPRESENTATION('',(#4086),#4090);
#4086 = LINE('',#4087,#4088);
#4087 = CARTESIAN_POINT('',(0.,0.));
#4088 = VECTOR('',#4089,1.);
#4089 = DIRECTION('',(-1.,-6.982962677686E-15));
#4090 = ( GEOMETRIC_REPRESENTATION_CONTEXT(2) 
PARAMETRIC_REPRESENTATION_CONTEXT() REPRESENTATION_CONTEXT('2D SPACE',''
  ) );
#4091 = PCURVE('',#424,#4092);
#4092 = DEFINITIONAL_REPRESENTATION('',(#4093),#4097);
#4093 = LINE('',#4094,#4095);
#4094 = CARTESIAN_POINT('',(-0.581055512755,0.32));
#4095 = VECTOR('',#4096,1.);
#4096 = DIRECTION('',(1.,0.));
#4097 = ( GEOMETRIC_REPRESENTATION_CONTEXT(2) 
PARAMETRIC_REPRESENTATION_CONTEXT() REPRESENTATION_CONTEXT('2D SPACE',''
  ) );
#4098 = ORIENTED_EDGE('',*,*,#4029,.T.);
#4099 = ADVANCED_FACE('',(#4100),#2093,.F.);
#4100 = FACE_BOUND('',#4101,.F.);
#4101 = EDGE_LOOP('',(#4102,#4103,#4127,#4148));
#4102 = ORIENTED_EDGE('',*,*,#4055,.F.);
#4103 = ORIENTED_EDGE('',*,*,#4104,.F.);
#4104 = EDGE_CURVE('',#4105,#4056,#4107,.T.);
#4105 = VERTEX_POINT('',#4106);
#4106 = CARTESIAN_POINT('',(0.66,0.345,-0.355125000056));
#4107 = SURFACE_CURVE('',#4108,(#4113,#4120),.PCURVE_S1.);
#4108 = CIRCLE('',#4109,2.5E-02);
#4109 = AXIS2_PLACEMENT_3D('',#4110,#4111,#4112);
#4110 = CARTESIAN_POINT('',(0.635,0.345,-0.355125000056));
#4111 = DIRECTION('',(-6.505213034913E-15,0.,-1.));
#4112 = DIRECTION('',(1.,0.,-6.505213034913E-15));
#4113 = PCURVE('',#2093,#4114);
#4114 = DEFINITIONAL_REPRESENTATION('',(#4115),#4119);
#4115 = LINE('',#4116,#4117);
#4116 = CARTESIAN_POINT('',(6.28318530718,0.));
#4117 = VECTOR('',#4118,1.);
#4118 = DIRECTION('',(-1.,0.));
#4119 = ( GEOMETRIC_REPRESENTATION_CONTEXT(2) 
PARAMETRIC_REPRESENTATION_CONTEXT() REPRESENTATION_CONTEXT('2D SPACE',''
  ) );
#4120 = PCURVE('',#424,#4121);
#4121 = DEFINITIONAL_REPRESENTATION('',(#4122),#4126);
#4122 = CIRCLE('',#4123,2.5E-02);
#4123 = AXIS2_PLACEMENT_2D('',#4124,#4125);
#4124 = CARTESIAN_POINT('',(-0.635,0.345));
#4125 = DIRECTION('',(-1.,0.));
#4126 = ( GEOMETRIC_REPRESENTATION_CONTEXT(2) 
PARAMETRIC_REPRESENTATION_CONTEXT() REPRESENTATION_CONTEXT('2D SPACE',''
  ) );
#4127 = ORIENTED_EDGE('',*,*,#4128,.T.);
#4128 = EDGE_CURVE('',#4105,#2049,#4129,.T.);
#4129 = SURFACE_CURVE('',#4130,(#4134,#4141),.PCURVE_S1.);
#4130 = LINE('',#4131,#4132);
#4131 = CARTESIAN_POINT('',(0.66,0.345,-0.355125000056));
#4132 = VECTOR('',#4133,1.);
#4133 = DIRECTION('',(6.982962677686E-15,0.,1.));
#4134 = PCURVE('',#2093,#4135);
#4135 = DEFINITIONAL_REPRESENTATION('',(#4136),#4140);
#4136 = LINE('',#4137,#4138);
#4137 = CARTESIAN_POINT('',(6.28318530718,-3.330669073875E-16));
#4138 = VECTOR('',#4139,1.);
#4139 = DIRECTION('',(0.,1.));
#4140 = ( GEOMETRIC_REPRESENTATION_CONTEXT(2) 
PARAMETRIC_REPRESENTATION_CONTEXT() REPRESENTATION_CONTEXT('2D SPACE',''
  ) );
#4141 = PCURVE('',#2064,#4142);
#4142 = DEFINITIONAL_REPRESENTATION('',(#4143),#4147);
#4143 = LINE('',#4144,#4145);
#4144 = CARTESIAN_POINT('',(-0.15,-0.));
#4145 = VECTOR('',#4146,1.);
#4146 = DIRECTION('',(0.,-1.));
#4147 = ( GEOMETRIC_REPRESENTATION_CONTEXT(2) 
PARAMETRIC_REPRESENTATION_CONTEXT() REPRESENTATION_CONTEXT('2D SPACE',''
  ) );
#4148 = ORIENTED_EDGE('',*,*,#2076,.T.);
#4149 = ADVANCED_FACE('',(#4150),#2064,.T.);
#4150 = FACE_BOUND('',#4151,.T.);
#4151 = EDGE_LOOP('',(#4152,#4153,#4176,#4197));
#4152 = ORIENTED_EDGE('',*,*,#2048,.F.);
#4153 = ORIENTED_EDGE('',*,*,#4154,.F.);
#4154 = EDGE_CURVE('',#4155,#2020,#4157,.T.);
#4155 = VERTEX_POINT('',#4156);
#4156 = CARTESIAN_POINT('',(0.66,0.495,-0.355125000056));
#4157 = SURFACE_CURVE('',#4158,(#4162,#4169),.PCURVE_S1.);
#4158 = LINE('',#4159,#4160);
#4159 = CARTESIAN_POINT('',(0.66,0.495,-0.355125000056));
#4160 = VECTOR('',#4161,1.);
#4161 = DIRECTION('',(6.982962677686E-15,0.,1.));
#4162 = PCURVE('',#2064,#4163);
#4163 = DEFINITIONAL_REPRESENTATION('',(#4164),#4168);
#4164 = LINE('',#4165,#4166);
#4165 = CARTESIAN_POINT('',(0.,0.));
#4166 = VECTOR('',#4167,1.);
#4167 = DIRECTION('',(0.,-1.));
#4168 = ( GEOMETRIC_REPRESENTATION_CONTEXT(2) 
PARAMETRIC_REPRESENTATION_CONTEXT() REPRESENTATION_CONTEXT('2D SPACE',''
  ) );
#4169 = PCURVE('',#2036,#4170);
#4170 = DEFINITIONAL_REPRESENTATION('',(#4171),#4175);
#4171 = LINE('',#4172,#4173);
#4172 = CARTESIAN_POINT('',(0.,-3.330669073875E-16));
#4173 = VECTOR('',#4174,1.);
#4174 = DIRECTION('',(0.,1.));
#4175 = ( GEOMETRIC_REPRESENTATION_CONTEXT(2) 
PARAMETRIC_REPRESENTATION_CONTEXT() REPRESENTATION_CONTEXT('2D SPACE',''
  ) );
#4176 = ORIENTED_EDGE('',*,*,#4177,.T.);
#4177 = EDGE_CURVE('',#4155,#4105,#4178,.T.);
#4178 = SURFACE_CURVE('',#4179,(#4183,#4190),.PCURVE_S1.);
#4179 = LINE('',#4180,#4181);
#4180 = CARTESIAN_POINT('',(0.66,0.495,-0.355125000056));
#4181 = VECTOR('',#4182,1.);
#4182 = DIRECTION('',(0.,-1.,0.));
#4183 = PCURVE('',#2064,#4184);
#4184 = DEFINITIONAL_REPRESENTATION('',(#4185),#4189);
#4185 = LINE('',#4186,#4187);
#4186 = CARTESIAN_POINT('',(0.,0.));
#4187 = VECTOR('',#4188,1.);
#4188 = DIRECTION('',(-1.,-0.));
#4189 = ( GEOMETRIC_REPRESENTATION_CONTEXT(2) 
PARAMETRIC_REPRESENTATION_CONTEXT() REPRESENTATION_CONTEXT('2D SPACE',''
  ) );
#4190 = PCURVE('',#424,#4191);
#4191 = DEFINITIONAL_REPRESENTATION('',(#4192),#4196);
#4192 = LINE('',#4193,#4194);
#4193 = CARTESIAN_POINT('',(-0.66,0.495));
#4194 = VECTOR('',#4195,1.);
#4195 = DIRECTION('',(0.,-1.));
#4196 = ( GEOMETRIC_REPRESENTATION_CONTEXT(2) 
PARAMETRIC_REPRESENTATION_CONTEXT() REPRESENTATION_CONTEXT('2D SPACE',''
  ) );
#4197 = ORIENTED_EDGE('',*,*,#4128,.T.);
#4198 = ADVANCED_FACE('',(#4199),#2036,.F.);
#4199 = FACE_BOUND('',#4200,.F.);
#4200 = EDGE_LOOP('',(#4201,#4202,#4226,#4247));
#4201 = ORIENTED_EDGE('',*,*,#4154,.F.);
#4202 = ORIENTED_EDGE('',*,*,#4203,.F.);
#4203 = EDGE_CURVE('',#4204,#4155,#4206,.T.);
#4204 = VERTEX_POINT('',#4205);
#4205 = CARTESIAN_POINT('',(0.635,0.52,-0.355125000056));
#4206 = SURFACE_CURVE('',#4207,(#4212,#4219),.PCURVE_S1.);
#4207 = CIRCLE('',#4208,2.5E-02);
#4208 = AXIS2_PLACEMENT_3D('',#4209,#4210,#4211);
#4209 = CARTESIAN_POINT('',(0.635,0.495,-0.355125000056));
#4210 = DIRECTION('',(-6.505213034913E-15,0.,-1.));
#4211 = DIRECTION('',(-1.,0.,6.505213034913E-15));
#4212 = PCURVE('',#2036,#4213);
#4213 = DEFINITIONAL_REPRESENTATION('',(#4214),#4218);
#4214 = LINE('',#4215,#4216);
#4215 = CARTESIAN_POINT('',(3.14159265359,0.));
#4216 = VECTOR('',#4217,1.);
#4217 = DIRECTION('',(-1.,0.));
#4218 = ( GEOMETRIC_REPRESENTATION_CONTEXT(2) 
PARAMETRIC_REPRESENTATION_CONTEXT() REPRESENTATION_CONTEXT('2D SPACE',''
  ) );
#4219 = PCURVE('',#424,#4220);
#4220 = DEFINITIONAL_REPRESENTATION('',(#4221),#4225);
#4221 = CIRCLE('',#4222,2.5E-02);
#4222 = AXIS2_PLACEMENT_2D('',#4223,#4224);
#4223 = CARTESIAN_POINT('',(-0.635,0.495));
#4224 = DIRECTION('',(1.,0.));
#4225 = ( GEOMETRIC_REPRESENTATION_CONTEXT(2) 
PARAMETRIC_REPRESENTATION_CONTEXT() REPRESENTATION_CONTEXT('2D SPACE',''
  ) );
#4226 = ORIENTED_EDGE('',*,*,#4227,.T.);
#4227 = EDGE_CURVE('',#4204,#1992,#4228,.T.);
#4228 = SURFACE_CURVE('',#4229,(#4233,#4240),.PCURVE_S1.);
#4229 = LINE('',#4230,#4231);
#4230 = CARTESIAN_POINT('',(0.635,0.52,-0.355125000056));
#4231 = VECTOR('',#4232,1.);
#4232 = DIRECTION('',(6.982962677686E-15,0.,1.));
#4233 = PCURVE('',#2036,#4234);
#4234 = DEFINITIONAL_REPRESENTATION('',(#4235),#4239);
#4235 = LINE('',#4236,#4237);
#4236 = CARTESIAN_POINT('',(1.570796326795,0.));
#4237 = VECTOR('',#4238,1.);
#4238 = DIRECTION('',(0.,1.));
#4239 = ( GEOMETRIC_REPRESENTATION_CONTEXT(2) 
PARAMETRIC_REPRESENTATION_CONTEXT() REPRESENTATION_CONTEXT('2D SPACE',''
  ) );
#4240 = PCURVE('',#2007,#4241);
#4241 = DEFINITIONAL_REPRESENTATION('',(#4242),#4246);
#4242 = LINE('',#4243,#4244);
#4243 = CARTESIAN_POINT('',(4.440892098501E-16,7.5E-02));
#4244 = VECTOR('',#4245,1.);
#4245 = DIRECTION('',(-1.,6.982962677686E-15));
#4246 = ( GEOMETRIC_REPRESENTATION_CONTEXT(2) 
PARAMETRIC_REPRESENTATION_CONTEXT() REPRESENTATION_CONTEXT('2D SPACE',''
  ) );
#4247 = ORIENTED_EDGE('',*,*,#2019,.T.);
#4248 = ADVANCED_FACE('',(#4249),#2007,.T.);
#4249 = FACE_BOUND('',#4250,.T.);
#4250 = EDGE_LOOP('',(#4251,#4252,#4275,#4296));
#4251 = ORIENTED_EDGE('',*,*,#1991,.F.);
#4252 = ORIENTED_EDGE('',*,*,#4253,.F.);
#4253 = EDGE_CURVE('',#4254,#1959,#4256,.T.);
#4254 = VERTEX_POINT('',#4255);
#4255 = CARTESIAN_POINT('',(0.56,0.52,-0.355125000056));
#4256 = SURFACE_CURVE('',#4257,(#4261,#4268),.PCURVE_S1.);
#4257 = LINE('',#4258,#4259);
#4258 = CARTESIAN_POINT('',(0.56,0.52,-0.355125000056));
#4259 = VECTOR('',#4260,1.);
#4260 = DIRECTION('',(6.982962677686E-15,0.,1.));
#4261 = PCURVE('',#2007,#4262);
#4262 = DEFINITIONAL_REPRESENTATION('',(#4263),#4267);
#4263 = LINE('',#4264,#4265);
#4264 = CARTESIAN_POINT('',(0.,0.));
#4265 = VECTOR('',#4266,1.);
#4266 = DIRECTION('',(-1.,6.982962677686E-15));
#4267 = ( GEOMETRIC_REPRESENTATION_CONTEXT(2) 
PARAMETRIC_REPRESENTATION_CONTEXT() REPRESENTATION_CONTEXT('2D SPACE',''
  ) );
#4268 = PCURVE('',#1979,#4269);
#4269 = DEFINITIONAL_REPRESENTATION('',(#4270),#4274);
#4270 = LINE('',#4271,#4272);
#4271 = CARTESIAN_POINT('',(4.712388980385,0.));
#4272 = VECTOR('',#4273,1.);
#4273 = DIRECTION('',(0.,1.));
#4274 = ( GEOMETRIC_REPRESENTATION_CONTEXT(2) 
PARAMETRIC_REPRESENTATION_CONTEXT() REPRESENTATION_CONTEXT('2D SPACE',''
  ) );
#4275 = ORIENTED_EDGE('',*,*,#4276,.T.);
#4276 = EDGE_CURVE('',#4254,#4204,#4277,.T.);
#4277 = SURFACE_CURVE('',#4278,(#4282,#4289),.PCURVE_S1.);
#4278 = LINE('',#4279,#4280);
#4279 = CARTESIAN_POINT('',(0.56,0.52,-0.355125000056));
#4280 = VECTOR('',#4281,1.);
#4281 = DIRECTION('',(1.,0.,-6.982962677686E-15));
#4282 = PCURVE('',#2007,#4283);
#4283 = DEFINITIONAL_REPRESENTATION('',(#4284),#4288);
#4284 = LINE('',#4285,#4286);
#4285 = CARTESIAN_POINT('',(0.,0.));
#4286 = VECTOR('',#4287,1.);
#4287 = DIRECTION('',(6.982962677686E-15,1.));
#4288 = ( GEOMETRIC_REPRESENTATION_CONTEXT(2) 
PARAMETRIC_REPRESENTATION_CONTEXT() REPRESENTATION_CONTEXT('2D SPACE',''
  ) );
#4289 = PCURVE('',#424,#4290);
#4290 = DEFINITIONAL_REPRESENTATION('',(#4291),#4295);
#4291 = LINE('',#4292,#4293);
#4292 = CARTESIAN_POINT('',(-0.56,0.52));
#4293 = VECTOR('',#4294,1.);
#4294 = DIRECTION('',(-1.,0.));
#4295 = ( GEOMETRIC_REPRESENTATION_CONTEXT(2) 
PARAMETRIC_REPRESENTATION_CONTEXT() REPRESENTATION_CONTEXT('2D SPACE',''
  ) );
#4296 = ORIENTED_EDGE('',*,*,#4227,.T.);
#4297 = ADVANCED_FACE('',(#4298),#1979,.T.);
#4298 = FACE_BOUND('',#4299,.T.);
#4299 = EDGE_LOOP('',(#4300,#4301,#4324,#4350));
#4300 = ORIENTED_EDGE('',*,*,#1958,.F.);
#4301 = ORIENTED_EDGE('',*,*,#4302,.F.);
#4302 = EDGE_CURVE('',#4303,#1931,#4305,.T.);
#4303 = VERTEX_POINT('',#4304);
#4304 = CARTESIAN_POINT('',(0.51,0.57,-0.355125000056));
#4305 = SURFACE_CURVE('',#4306,(#4310,#4317),.PCURVE_S1.);
#4306 = LINE('',#4307,#4308);
#4307 = CARTESIAN_POINT('',(0.51,0.57,-0.355125000056));
#4308 = VECTOR('',#4309,1.);
#4309 = DIRECTION('',(6.982962677686E-15,0.,1.));
#4310 = PCURVE('',#1979,#4311);
#4311 = DEFINITIONAL_REPRESENTATION('',(#4312),#4316);
#4312 = LINE('',#4313,#4314);
#4313 = CARTESIAN_POINT('',(3.14159265359,-3.330669073875E-16));
#4314 = VECTOR('',#4315,1.);
#4315 = DIRECTION('',(0.,1.));
#4316 = ( GEOMETRIC_REPRESENTATION_CONTEXT(2) 
PARAMETRIC_REPRESENTATION_CONTEXT() REPRESENTATION_CONTEXT('2D SPACE',''
  ) );
#4317 = PCURVE('',#1946,#4318);
#4318 = DEFINITIONAL_REPRESENTATION('',(#4319),#4323);
#4319 = LINE('',#4320,#4321);
#4320 = CARTESIAN_POINT('',(-2.5E-02,-0.));
#4321 = VECTOR('',#4322,1.);
#4322 = DIRECTION('',(0.,-1.));
#4323 = ( GEOMETRIC_REPRESENTATION_CONTEXT(2) 
PARAMETRIC_REPRESENTATION_CONTEXT() REPRESENTATION_CONTEXT('2D SPACE',''
  ) );
#4324 = ORIENTED_EDGE('',*,*,#4325,.T.);
#4325 = EDGE_CURVE('',#4303,#4254,#4326,.T.);
#4326 = SURFACE_CURVE('',#4327,(#4332,#4339),.PCURVE_S1.);
#4327 = CIRCLE('',#4328,5.E-02);
#4328 = AXIS2_PLACEMENT_3D('',#4329,#4330,#4331);
#4329 = CARTESIAN_POINT('',(0.56,0.57,-0.355125000056));
#4330 = DIRECTION('',(6.505213034913E-15,0.,1.));
#4331 = DIRECTION('',(1.,0.,-6.505213034913E-15));
#4332 = PCURVE('',#1979,#4333);
#4333 = DEFINITIONAL_REPRESENTATION('',(#4334),#4338);
#4334 = LINE('',#4335,#4336);
#4335 = CARTESIAN_POINT('',(0.,0.));
#4336 = VECTOR('',#4337,1.);
#4337 = DIRECTION('',(1.,0.));
#4338 = ( GEOMETRIC_REPRESENTATION_CONTEXT(2) 
PARAMETRIC_REPRESENTATION_CONTEXT() REPRESENTATION_CONTEXT('2D SPACE',''
  ) );
#4339 = PCURVE('',#424,#4340);
#4340 = DEFINITIONAL_REPRESENTATION('',(#4341),#4349);
#4341 = ( BOUNDED_CURVE() B_SPLINE_CURVE(2,(#4342,#4343,#4344,#4345,
#4346,#4347,#4348),.UNSPECIFIED.,.T.,.F.) B_SPLINE_CURVE_WITH_KNOTS((1,2
    ,2,2,2,1),(-2.094395102393,0.,2.094395102393,4.188790204786,
6.28318530718,8.377580409573),.UNSPECIFIED.) CURVE() 
GEOMETRIC_REPRESENTATION_ITEM() RATIONAL_B_SPLINE_CURVE((1.,0.5,1.,0.5,
1.,0.5,1.)) REPRESENTATION_ITEM('') );
#4342 = CARTESIAN_POINT('',(-0.61,0.57));
#4343 = CARTESIAN_POINT('',(-0.61,0.656602540378));
#4344 = CARTESIAN_POINT('',(-0.535,0.613301270189));
#4345 = CARTESIAN_POINT('',(-0.46,0.57));
#4346 = CARTESIAN_POINT('',(-0.535,0.526698729811));
#4347 = CARTESIAN_POINT('',(-0.61,0.483397459622));
#4348 = CARTESIAN_POINT('',(-0.61,0.57));
#4349 = ( GEOMETRIC_REPRESENTATION_CONTEXT(2) 
PARAMETRIC_REPRESENTATION_CONTEXT() REPRESENTATION_CONTEXT('2D SPACE',''
  ) );
#4350 = ORIENTED_EDGE('',*,*,#4253,.T.);
#4351 = ADVANCED_FACE('',(#4352),#1946,.T.);
#4352 = FACE_BOUND('',#4353,.T.);
#4353 = EDGE_LOOP('',(#4354,#4355,#4378,#4399));
#4354 = ORIENTED_EDGE('',*,*,#1930,.F.);
#4355 = ORIENTED_EDGE('',*,*,#4356,.F.);
#4356 = EDGE_CURVE('',#4357,#1902,#4359,.T.);
#4357 = VERTEX_POINT('',#4358);
#4358 = CARTESIAN_POINT('',(0.51,0.595,-0.355125000056));
#4359 = SURFACE_CURVE('',#4360,(#4364,#4371),.PCURVE_S1.);
#4360 = LINE('',#4361,#4362);
#4361 = CARTESIAN_POINT('',(0.51,0.595,-0.355125000056));
#4362 = VECTOR('',#4363,1.);
#4363 = DIRECTION('',(6.982962677686E-15,0.,1.));
#4364 = PCURVE('',#1946,#4365);
#4365 = DEFINITIONAL_REPRESENTATION('',(#4366),#4370);
#4366 = LINE('',#4367,#4368);
#4367 = CARTESIAN_POINT('',(0.,0.));
#4368 = VECTOR('',#4369,1.);
#4369 = DIRECTION('',(0.,-1.));
#4370 = ( GEOMETRIC_REPRESENTATION_CONTEXT(2) 
PARAMETRIC_REPRESENTATION_CONTEXT() REPRESENTATION_CONTEXT('2D SPACE',''
  ) );
#4371 = PCURVE('',#1918,#4372);
#4372 = DEFINITIONAL_REPRESENTATION('',(#4373),#4377);
#4373 = LINE('',#4374,#4375);
#4374 = CARTESIAN_POINT('',(0.,-3.885780586188E-16));
#4375 = VECTOR('',#4376,1.);
#4376 = DIRECTION('',(0.,1.));
#4377 = ( GEOMETRIC_REPRESENTATION_CONTEXT(2) 
PARAMETRIC_REPRESENTATION_CONTEXT() REPRESENTATION_CONTEXT('2D SPACE',''
  ) );
#4378 = ORIENTED_EDGE('',*,*,#4379,.T.);
#4379 = EDGE_CURVE('',#4357,#4303,#4380,.T.);
#4380 = SURFACE_CURVE('',#4381,(#4385,#4392),.PCURVE_S1.);
#4381 = LINE('',#4382,#4383);
#4382 = CARTESIAN_POINT('',(0.51,0.595,-0.355125000056));
#4383 = VECTOR('',#4384,1.);
#4384 = DIRECTION('',(0.,-1.,0.));
#4385 = PCURVE('',#1946,#4386);
#4386 = DEFINITIONAL_REPRESENTATION('',(#4387),#4391);
#4387 = LINE('',#4388,#4389);
#4388 = CARTESIAN_POINT('',(0.,0.));
#4389 = VECTOR('',#4390,1.);
#4390 = DIRECTION('',(-1.,-0.));
#4391 = ( GEOMETRIC_REPRESENTATION_CONTEXT(2) 
PARAMETRIC_REPRESENTATION_CONTEXT() REPRESENTATION_CONTEXT('2D SPACE',''
  ) );
#4392 = PCURVE('',#424,#4393);
#4393 = DEFINITIONAL_REPRESENTATION('',(#4394),#4398);
#4394 = LINE('',#4395,#4396);
#4395 = CARTESIAN_POINT('',(-0.51,0.595));
#4396 = VECTOR('',#4397,1.);
#4397 = DIRECTION('',(0.,-1.));
#4398 = ( GEOMETRIC_REPRESENTATION_CONTEXT(2) 
PARAMETRIC_REPRESENTATION_CONTEXT() REPRESENTATION_CONTEXT('2D SPACE',''
  ) );
#4399 = ORIENTED_EDGE('',*,*,#4302,.T.);
#4400 = ADVANCED_FACE('',(#4401),#1918,.F.);
#4401 = FACE_BOUND('',#4402,.F.);
#4402 = EDGE_LOOP('',(#4403,#4404,#4428,#4449));
#4403 = ORIENTED_EDGE('',*,*,#4356,.F.);
#4404 = ORIENTED_EDGE('',*,*,#4405,.F.);
#4405 = EDGE_CURVE('',#4406,#4357,#4408,.T.);
#4406 = VERTEX_POINT('',#4407);
#4407 = CARTESIAN_POINT('',(0.485,0.62,-0.355125000056));
#4408 = SURFACE_CURVE('',#4409,(#4414,#4421),.PCURVE_S1.);
#4409 = CIRCLE('',#4410,2.5E-02);
#4410 = AXIS2_PLACEMENT_3D('',#4411,#4412,#4413);
#4411 = CARTESIAN_POINT('',(0.485,0.595,-0.355125000056));
#4412 = DIRECTION('',(-6.505213034913E-15,0.,-1.));
#4413 = DIRECTION('',(1.,0.,-6.505213034913E-15));
#4414 = PCURVE('',#1918,#4415);
#4415 = DEFINITIONAL_REPRESENTATION('',(#4416),#4420);
#4416 = LINE('',#4417,#4418);
#4417 = CARTESIAN_POINT('',(6.28318530718,0.));
#4418 = VECTOR('',#4419,1.);
#4419 = DIRECTION('',(-1.,0.));
#4420 = ( GEOMETRIC_REPRESENTATION_CONTEXT(2) 
PARAMETRIC_REPRESENTATION_CONTEXT() REPRESENTATION_CONTEXT('2D SPACE',''
  ) );
#4421 = PCURVE('',#424,#4422);
#4422 = DEFINITIONAL_REPRESENTATION('',(#4423),#4427);
#4423 = CIRCLE('',#4424,2.5E-02);
#4424 = AXIS2_PLACEMENT_2D('',#4425,#4426);
#4425 = CARTESIAN_POINT('',(-0.485,0.595));
#4426 = DIRECTION('',(-1.,0.));
#4427 = ( GEOMETRIC_REPRESENTATION_CONTEXT(2) 
PARAMETRIC_REPRESENTATION_CONTEXT() REPRESENTATION_CONTEXT('2D SPACE',''
  ) );
#4428 = ORIENTED_EDGE('',*,*,#4429,.T.);
#4429 = EDGE_CURVE('',#4406,#1874,#4430,.T.);
#4430 = SURFACE_CURVE('',#4431,(#4435,#4442),.PCURVE_S1.);
#4431 = LINE('',#4432,#4433);
#4432 = CARTESIAN_POINT('',(0.485,0.62,-0.355125000056));
#4433 = VECTOR('',#4434,1.);
#4434 = DIRECTION('',(6.982962677686E-15,0.,1.));
#4435 = PCURVE('',#1918,#4436);
#4436 = DEFINITIONAL_REPRESENTATION('',(#4437),#4441);
#4437 = LINE('',#4438,#4439);
#4438 = CARTESIAN_POINT('',(1.570796326795,0.));
#4439 = VECTOR('',#4440,1.);
#4440 = DIRECTION('',(0.,1.));
#4441 = ( GEOMETRIC_REPRESENTATION_CONTEXT(2) 
PARAMETRIC_REPRESENTATION_CONTEXT() REPRESENTATION_CONTEXT('2D SPACE',''
  ) );
#4442 = PCURVE('',#1889,#4443);
#4443 = DEFINITIONAL_REPRESENTATION('',(#4444),#4448);
#4444 = LINE('',#4445,#4446);
#4445 = CARTESIAN_POINT('',(9.992007221626E-16,0.15));
#4446 = VECTOR('',#4447,1.);
#4447 = DIRECTION('',(-1.,6.982962677686E-15));
#4448 = ( GEOMETRIC_REPRESENTATION_CONTEXT(2) 
PARAMETRIC_REPRESENTATION_CONTEXT() REPRESENTATION_CONTEXT('2D SPACE',''
  ) );
#4449 = ORIENTED_EDGE('',*,*,#1901,.T.);
#4450 = ADVANCED_FACE('',(#4451),#1889,.T.);
#4451 = FACE_BOUND('',#4452,.T.);
#4452 = EDGE_LOOP('',(#4453,#4454,#4477,#4498));
#4453 = ORIENTED_EDGE('',*,*,#1873,.F.);
#4454 = ORIENTED_EDGE('',*,*,#4455,.F.);
#4455 = EDGE_CURVE('',#4456,#1845,#4458,.T.);
#4456 = VERTEX_POINT('',#4457);
#4457 = CARTESIAN_POINT('',(0.335,0.62,-0.355125000056));
#4458 = SURFACE_CURVE('',#4459,(#4463,#4470),.PCURVE_S1.);
#4459 = LINE('',#4460,#4461);
#4460 = CARTESIAN_POINT('',(0.335,0.62,-0.355125000056));
#4461 = VECTOR('',#4462,1.);
#4462 = DIRECTION('',(6.982962677686E-15,0.,1.));
#4463 = PCURVE('',#1889,#4464);
#4464 = DEFINITIONAL_REPRESENTATION('',(#4465),#4469);
#4465 = LINE('',#4466,#4467);
#4466 = CARTESIAN_POINT('',(0.,0.));
#4467 = VECTOR('',#4468,1.);
#4468 = DIRECTION('',(-1.,6.982962677686E-15));
#4469 = ( GEOMETRIC_REPRESENTATION_CONTEXT(2) 
PARAMETRIC_REPRESENTATION_CONTEXT() REPRESENTATION_CONTEXT('2D SPACE',''
  ) );
#4470 = PCURVE('',#1861,#4471);
#4471 = DEFINITIONAL_REPRESENTATION('',(#4472),#4476);
#4472 = LINE('',#4473,#4474);
#4473 = CARTESIAN_POINT('',(1.570796326795,0.));
#4474 = VECTOR('',#4475,1.);
#4475 = DIRECTION('',(0.,1.));
#4476 = ( GEOMETRIC_REPRESENTATION_CONTEXT(2) 
PARAMETRIC_REPRESENTATION_CONTEXT() REPRESENTATION_CONTEXT('2D SPACE',''
  ) );
#4477 = ORIENTED_EDGE('',*,*,#4478,.T.);
#4478 = EDGE_CURVE('',#4456,#4406,#4479,.T.);
#4479 = SURFACE_CURVE('',#4480,(#4484,#4491),.PCURVE_S1.);
#4480 = LINE('',#4481,#4482);
#4481 = CARTESIAN_POINT('',(0.335,0.62,-0.355125000056));
#4482 = VECTOR('',#4483,1.);
#4483 = DIRECTION('',(1.,0.,-6.982962677686E-15));
#4484 = PCURVE('',#1889,#4485);
#4485 = DEFINITIONAL_REPRESENTATION('',(#4486),#4490);
#4486 = LINE('',#4487,#4488);
#4487 = CARTESIAN_POINT('',(0.,0.));
#4488 = VECTOR('',#4489,1.);
#4489 = DIRECTION('',(6.982962677686E-15,1.));
#4490 = ( GEOMETRIC_REPRESENTATION_CONTEXT(2) 
PARAMETRIC_REPRESENTATION_CONTEXT() REPRESENTATION_CONTEXT('2D SPACE',''
  ) );
#4491 = PCURVE('',#424,#4492);
#4492 = DEFINITIONAL_REPRESENTATION('',(#4493),#4497);
#4493 = LINE('',#4494,#4495);
#4494 = CARTESIAN_POINT('',(-0.335,0.62));
#4495 = VECTOR('',#4496,1.);
#4496 = DIRECTION('',(-1.,0.));
#4497 = ( GEOMETRIC_REPRESENTATION_CONTEXT(2) 
PARAMETRIC_REPRESENTATION_CONTEXT() REPRESENTATION_CONTEXT('2D SPACE',''
  ) );
#4498 = ORIENTED_EDGE('',*,*,#4429,.T.);
#4499 = ADVANCED_FACE('',(#4500),#1861,.F.);
#4500 = FACE_BOUND('',#4501,.F.);
#4501 = EDGE_LOOP('',(#4502,#4503,#4527,#4548));
#4502 = ORIENTED_EDGE('',*,*,#4455,.F.);
#4503 = ORIENTED_EDGE('',*,*,#4504,.F.);
#4504 = EDGE_CURVE('',#4505,#4456,#4507,.T.);
#4505 = VERTEX_POINT('',#4506);
#4506 = CARTESIAN_POINT('',(0.31,0.595,-0.355125000056));
#4507 = SURFACE_CURVE('',#4508,(#4513,#4520),.PCURVE_S1.);
#4508 = CIRCLE('',#4509,2.5E-02);
#4509 = AXIS2_PLACEMENT_3D('',#4510,#4511,#4512);
#4510 = CARTESIAN_POINT('',(0.335,0.595,-0.355125000056));
#4511 = DIRECTION('',(-6.505213034913E-15,0.,-1.));
#4512 = DIRECTION('',(-1.,0.,6.505213034913E-15));
#4513 = PCURVE('',#1861,#4514);
#4514 = DEFINITIONAL_REPRESENTATION('',(#4515),#4519);
#4515 = LINE('',#4516,#4517);
#4516 = CARTESIAN_POINT('',(3.14159265359,0.));
#4517 = VECTOR('',#4518,1.);
#4518 = DIRECTION('',(-1.,0.));
#4519 = ( GEOMETRIC_REPRESENTATION_CONTEXT(2) 
PARAMETRIC_REPRESENTATION_CONTEXT() REPRESENTATION_CONTEXT('2D SPACE',''
  ) );
#4520 = PCURVE('',#424,#4521);
#4521 = DEFINITIONAL_REPRESENTATION('',(#4522),#4526);
#4522 = CIRCLE('',#4523,2.5E-02);
#4523 = AXIS2_PLACEMENT_2D('',#4524,#4525);
#4524 = CARTESIAN_POINT('',(-0.335,0.595));
#4525 = DIRECTION('',(1.,0.));
#4526 = ( GEOMETRIC_REPRESENTATION_CONTEXT(2) 
PARAMETRIC_REPRESENTATION_CONTEXT() REPRESENTATION_CONTEXT('2D SPACE',''
  ) );
#4527 = ORIENTED_EDGE('',*,*,#4528,.T.);
#4528 = EDGE_CURVE('',#4505,#1817,#4529,.T.);
#4529 = SURFACE_CURVE('',#4530,(#4534,#4541),.PCURVE_S1.);
#4530 = LINE('',#4531,#4532);
#4531 = CARTESIAN_POINT('',(0.31,0.595,-0.355125000056));
#4532 = VECTOR('',#4533,1.);
#4533 = DIRECTION('',(6.982962677686E-15,0.,1.));
#4534 = PCURVE('',#1861,#4535);
#4535 = DEFINITIONAL_REPRESENTATION('',(#4536),#4540);
#4536 = LINE('',#4537,#4538);
#4537 = CARTESIAN_POINT('',(3.14159265359,-1.665334536938E-16));
#4538 = VECTOR('',#4539,1.);
#4539 = DIRECTION('',(0.,1.));
#4540 = ( GEOMETRIC_REPRESENTATION_CONTEXT(2) 
PARAMETRIC_REPRESENTATION_CONTEXT() REPRESENTATION_CONTEXT('2D SPACE',''
  ) );
#4541 = PCURVE('',#1832,#4542);
#4542 = DEFINITIONAL_REPRESENTATION('',(#4543),#4547);
#4543 = LINE('',#4544,#4545);
#4544 = CARTESIAN_POINT('',(0.,0.));
#4545 = VECTOR('',#4546,1.);
#4546 = DIRECTION('',(-1.,0.));
#4547 = ( GEOMETRIC_REPRESENTATION_CONTEXT(2) 
PARAMETRIC_REPRESENTATION_CONTEXT() REPRESENTATION_CONTEXT('2D SPACE',''
  ) );
#4548 = ORIENTED_EDGE('',*,*,#1844,.T.);
#4549 = ADVANCED_FACE('',(#4550),#1832,.T.);
#4550 = FACE_BOUND('',#4551,.T.);
#4551 = EDGE_LOOP('',(#4552,#4553,#4576,#4597));
#4552 = ORIENTED_EDGE('',*,*,#1816,.F.);
#4553 = ORIENTED_EDGE('',*,*,#4554,.F.);
#4554 = EDGE_CURVE('',#4555,#1784,#4557,.T.);
#4555 = VERTEX_POINT('',#4556);
#4556 = CARTESIAN_POINT('',(0.31,0.57,-0.355125000056));
#4557 = SURFACE_CURVE('',#4558,(#4562,#4569),.PCURVE_S1.);
#4558 = LINE('',#4559,#4560);
#4559 = CARTESIAN_POINT('',(0.31,0.57,-0.355125000056));
#4560 = VECTOR('',#4561,1.);
#4561 = DIRECTION('',(6.982962677686E-15,0.,1.));
#4562 = PCURVE('',#1832,#4563);
#4563 = DEFINITIONAL_REPRESENTATION('',(#4564),#4568);
#4564 = LINE('',#4565,#4566);
#4565 = CARTESIAN_POINT('',(-0.,-2.5E-02));
#4566 = VECTOR('',#4567,1.);
#4567 = DIRECTION('',(-1.,0.));
#4568 = ( GEOMETRIC_REPRESENTATION_CONTEXT(2) 
PARAMETRIC_REPRESENTATION_CONTEXT() REPRESENTATION_CONTEXT('2D SPACE',''
  ) );
#4569 = PCURVE('',#1804,#4570);
#4570 = DEFINITIONAL_REPRESENTATION('',(#4571),#4575);
#4571 = LINE('',#4572,#4573);
#4572 = CARTESIAN_POINT('',(6.28318530718,-1.110223024625E-16));
#4573 = VECTOR('',#4574,1.);
#4574 = DIRECTION('',(0.,1.));
#4575 = ( GEOMETRIC_REPRESENTATION_CONTEXT(2) 
PARAMETRIC_REPRESENTATION_CONTEXT() REPRESENTATION_CONTEXT('2D SPACE',''
  ) );
#4576 = ORIENTED_EDGE('',*,*,#4577,.T.);
#4577 = EDGE_CURVE('',#4555,#4505,#4578,.T.);
#4578 = SURFACE_CURVE('',#4579,(#4583,#4590),.PCURVE_S1.);
#4579 = LINE('',#4580,#4581);
#4580 = CARTESIAN_POINT('',(0.31,0.595,-0.355125000056));
#4581 = VECTOR('',#4582,1.);
#4582 = DIRECTION('',(0.,1.,0.));
#4583 = PCURVE('',#1832,#4584);
#4584 = DEFINITIONAL_REPRESENTATION('',(#4585),#4589);
#4585 = LINE('',#4586,#4587);
#4586 = CARTESIAN_POINT('',(0.,0.));
#4587 = VECTOR('',#4588,1.);
#4588 = DIRECTION('',(0.,1.));
#4589 = ( GEOMETRIC_REPRESENTATION_CONTEXT(2) 
PARAMETRIC_REPRESENTATION_CONTEXT() REPRESENTATION_CONTEXT('2D SPACE',''
  ) );
#4590 = PCURVE('',#424,#4591);
#4591 = DEFINITIONAL_REPRESENTATION('',(#4592),#4596);
#4592 = LINE('',#4593,#4594);
#4593 = CARTESIAN_POINT('',(-0.31,0.595));
#4594 = VECTOR('',#4595,1.);
#4595 = DIRECTION('',(0.,1.));
#4596 = ( GEOMETRIC_REPRESENTATION_CONTEXT(2) 
PARAMETRIC_REPRESENTATION_CONTEXT() REPRESENTATION_CONTEXT('2D SPACE',''
  ) );
#4597 = ORIENTED_EDGE('',*,*,#4528,.T.);
#4598 = ADVANCED_FACE('',(#4599),#1804,.T.);
#4599 = FACE_BOUND('',#4600,.T.);
#4600 = EDGE_LOOP('',(#4601,#4602,#4625,#4651));
#4601 = ORIENTED_EDGE('',*,*,#1783,.F.);
#4602 = ORIENTED_EDGE('',*,*,#4603,.F.);
#4603 = EDGE_CURVE('',#4604,#1756,#4606,.T.);
#4604 = VERTEX_POINT('',#4605);
#4605 = CARTESIAN_POINT('',(0.21,0.57,-0.355125000056));
#4606 = SURFACE_CURVE('',#4607,(#4611,#4618),.PCURVE_S1.);
#4607 = LINE('',#4608,#4609);
#4608 = CARTESIAN_POINT('',(0.21,0.57,-0.355125000056));
#4609 = VECTOR('',#4610,1.);
#4610 = DIRECTION('',(6.982962677686E-15,0.,1.));
#4611 = PCURVE('',#1804,#4612);
#4612 = DEFINITIONAL_REPRESENTATION('',(#4613),#4617);
#4613 = LINE('',#4614,#4615);
#4614 = CARTESIAN_POINT('',(3.14159265359,2.22044604925E-16));
#4615 = VECTOR('',#4616,1.);
#4616 = DIRECTION('',(0.,1.));
#4617 = ( GEOMETRIC_REPRESENTATION_CONTEXT(2) 
PARAMETRIC_REPRESENTATION_CONTEXT() REPRESENTATION_CONTEXT('2D SPACE',''
  ) );
#4618 = PCURVE('',#1771,#4619);
#4619 = DEFINITIONAL_REPRESENTATION('',(#4620),#4624);
#4620 = LINE('',#4621,#4622);
#4621 = CARTESIAN_POINT('',(-2.5E-02,-0.));
#4622 = VECTOR('',#4623,1.);
#4623 = DIRECTION('',(0.,-1.));
#4624 = ( GEOMETRIC_REPRESENTATION_CONTEXT(2) 
PARAMETRIC_REPRESENTATION_CONTEXT() REPRESENTATION_CONTEXT('2D SPACE',''
  ) );
#4625 = ORIENTED_EDGE('',*,*,#4626,.T.);
#4626 = EDGE_CURVE('',#4604,#4555,#4627,.T.);
#4627 = SURFACE_CURVE('',#4628,(#4633,#4640),.PCURVE_S1.);
#4628 = CIRCLE('',#4629,5.E-02);
#4629 = AXIS2_PLACEMENT_3D('',#4630,#4631,#4632);
#4630 = CARTESIAN_POINT('',(0.26,0.57,-0.355125000056));
#4631 = DIRECTION('',(6.505213034913E-15,0.,1.));
#4632 = DIRECTION('',(-1.,0.,6.505213034913E-15));
#4633 = PCURVE('',#1804,#4634);
#4634 = DEFINITIONAL_REPRESENTATION('',(#4635),#4639);
#4635 = LINE('',#4636,#4637);
#4636 = CARTESIAN_POINT('',(3.14159265359,5.551115123126E-17));
#4637 = VECTOR('',#4638,1.);
#4638 = DIRECTION('',(1.,-1.766974823035E-17));
#4639 = ( GEOMETRIC_REPRESENTATION_CONTEXT(2) 
PARAMETRIC_REPRESENTATION_CONTEXT() REPRESENTATION_CONTEXT('2D SPACE',''
  ) );
#4640 = PCURVE('',#424,#4641);
#4641 = DEFINITIONAL_REPRESENTATION('',(#4642),#4650);
#4642 = ( BOUNDED_CURVE() B_SPLINE_CURVE(2,(#4643,#4644,#4645,#4646,
#4647,#4648,#4649),.UNSPECIFIED.,.T.,.F.) B_SPLINE_CURVE_WITH_KNOTS((1,2
    ,2,2,2,1),(-2.094395102393,0.,2.094395102393,4.188790204786,
6.28318530718,8.377580409573),.UNSPECIFIED.) CURVE() 
GEOMETRIC_REPRESENTATION_ITEM() RATIONAL_B_SPLINE_CURVE((1.,0.5,1.,0.5,
1.,0.5,1.)) REPRESENTATION_ITEM('') );
#4643 = CARTESIAN_POINT('',(-0.21,0.57));
#4644 = CARTESIAN_POINT('',(-0.21,0.483397459622));
#4645 = CARTESIAN_POINT('',(-0.285,0.526698729811));
#4646 = CARTESIAN_POINT('',(-0.36,0.57));
#4647 = CARTESIAN_POINT('',(-0.285,0.613301270189));
#4648 = CARTESIAN_POINT('',(-0.21,0.656602540378));
#4649 = CARTESIAN_POINT('',(-0.21,0.57));
#4650 = ( GEOMETRIC_REPRESENTATION_CONTEXT(2) 
PARAMETRIC_REPRESENTATION_CONTEXT() REPRESENTATION_CONTEXT('2D SPACE',''
  ) );
#4651 = ORIENTED_EDGE('',*,*,#4554,.T.);
#4652 = ADVANCED_FACE('',(#4653),#1771,.T.);
#4653 = FACE_BOUND('',#4654,.T.);
#4654 = EDGE_LOOP('',(#4655,#4656,#4679,#4700));
#4655 = ORIENTED_EDGE('',*,*,#1755,.F.);
#4656 = ORIENTED_EDGE('',*,*,#4657,.F.);
#4657 = EDGE_CURVE('',#4658,#1727,#4660,.T.);
#4658 = VERTEX_POINT('',#4659);
#4659 = CARTESIAN_POINT('',(0.21,0.595,-0.355125000056));
#4660 = SURFACE_CURVE('',#4661,(#4665,#4672),.PCURVE_S1.);
#4661 = LINE('',#4662,#4663);
#4662 = CARTESIAN_POINT('',(0.21,0.595,-0.355125000056));
#4663 = VECTOR('',#4664,1.);
#4664 = DIRECTION('',(6.982962677686E-15,0.,1.));
#4665 = PCURVE('',#1771,#4666);
#4666 = DEFINITIONAL_REPRESENTATION('',(#4667),#4671);
#4667 = LINE('',#4668,#4669);
#4668 = CARTESIAN_POINT('',(0.,0.));
#4669 = VECTOR('',#4670,1.);
#4670 = DIRECTION('',(0.,-1.));
#4671 = ( GEOMETRIC_REPRESENTATION_CONTEXT(2) 
PARAMETRIC_REPRESENTATION_CONTEXT() REPRESENTATION_CONTEXT('2D SPACE',''
  ) );
#4672 = PCURVE('',#1743,#4673);
#4673 = DEFINITIONAL_REPRESENTATION('',(#4674),#4678);
#4674 = LINE('',#4675,#4676);
#4675 = CARTESIAN_POINT('',(0.,1.665334536938E-16));
#4676 = VECTOR('',#4677,1.);
#4677 = DIRECTION('',(0.,1.));
#4678 = ( GEOMETRIC_REPRESENTATION_CONTEXT(2) 
PARAMETRIC_REPRESENTATION_CONTEXT() REPRESENTATION_CONTEXT('2D SPACE',''
  ) );
#4679 = ORIENTED_EDGE('',*,*,#4680,.T.);
#4680 = EDGE_CURVE('',#4658,#4604,#4681,.T.);
#4681 = SURFACE_CURVE('',#4682,(#4686,#4693),.PCURVE_S1.);
#4682 = LINE('',#4683,#4684);
#4683 = CARTESIAN_POINT('',(0.21,0.595,-0.355125000056));
#4684 = VECTOR('',#4685,1.);
#4685 = DIRECTION('',(0.,-1.,0.));
#4686 = PCURVE('',#1771,#4687);
#4687 = DEFINITIONAL_REPRESENTATION('',(#4688),#4692);
#4688 = LINE('',#4689,#4690);
#4689 = CARTESIAN_POINT('',(0.,0.));
#4690 = VECTOR('',#4691,1.);
#4691 = DIRECTION('',(-1.,-0.));
#4692 = ( GEOMETRIC_REPRESENTATION_CONTEXT(2) 
PARAMETRIC_REPRESENTATION_CONTEXT() REPRESENTATION_CONTEXT('2D SPACE',''
  ) );
#4693 = PCURVE('',#424,#4694);
#4694 = DEFINITIONAL_REPRESENTATION('',(#4695),#4699);
#4695 = LINE('',#4696,#4697);
#4696 = CARTESIAN_POINT('',(-0.21,0.595));
#4697 = VECTOR('',#4698,1.);
#4698 = DIRECTION('',(0.,-1.));
#4699 = ( GEOMETRIC_REPRESENTATION_CONTEXT(2) 
PARAMETRIC_REPRESENTATION_CONTEXT() REPRESENTATION_CONTEXT('2D SPACE',''
  ) );
#4700 = ORIENTED_EDGE('',*,*,#4603,.T.);
#4701 = ADVANCED_FACE('',(#4702),#1743,.F.);
#4702 = FACE_BOUND('',#4703,.F.);
#4703 = EDGE_LOOP('',(#4704,#4705,#4729,#4750));
#4704 = ORIENTED_EDGE('',*,*,#4657,.F.);
#4705 = ORIENTED_EDGE('',*,*,#4706,.F.);
#4706 = EDGE_CURVE('',#4707,#4658,#4709,.T.);
#4707 = VERTEX_POINT('',#4708);
#4708 = CARTESIAN_POINT('',(0.185,0.62,-0.355125000056));
#4709 = SURFACE_CURVE('',#4710,(#4715,#4722),.PCURVE_S1.);
#4710 = CIRCLE('',#4711,2.5E-02);
#4711 = AXIS2_PLACEMENT_3D('',#4712,#4713,#4714);
#4712 = CARTESIAN_POINT('',(0.185,0.595,-0.355125000056));
#4713 = DIRECTION('',(-6.505213034913E-15,0.,-1.));
#4714 = DIRECTION('',(1.,0.,-6.505213034913E-15));
#4715 = PCURVE('',#1743,#4716);
#4716 = DEFINITIONAL_REPRESENTATION('',(#4717),#4721);
#4717 = LINE('',#4718,#4719);
#4718 = CARTESIAN_POINT('',(6.28318530718,0.));
#4719 = VECTOR('',#4720,1.);
#4720 = DIRECTION('',(-1.,0.));
#4721 = ( GEOMETRIC_REPRESENTATION_CONTEXT(2) 
PARAMETRIC_REPRESENTATION_CONTEXT() REPRESENTATION_CONTEXT('2D SPACE',''
  ) );
#4722 = PCURVE('',#424,#4723);
#4723 = DEFINITIONAL_REPRESENTATION('',(#4724),#4728);
#4724 = CIRCLE('',#4725,2.5E-02);
#4725 = AXIS2_PLACEMENT_2D('',#4726,#4727);
#4726 = CARTESIAN_POINT('',(-0.185,0.595));
#4727 = DIRECTION('',(-1.,0.));
#4728 = ( GEOMETRIC_REPRESENTATION_CONTEXT(2) 
PARAMETRIC_REPRESENTATION_CONTEXT() REPRESENTATION_CONTEXT('2D SPACE',''
  ) );
#4729 = ORIENTED_EDGE('',*,*,#4730,.T.);
#4730 = EDGE_CURVE('',#4707,#1699,#4731,.T.);
#4731 = SURFACE_CURVE('',#4732,(#4736,#4743),.PCURVE_S1.);
#4732 = LINE('',#4733,#4734);
#4733 = CARTESIAN_POINT('',(0.185,0.62,-0.355125000056));
#4734 = VECTOR('',#4735,1.);
#4735 = DIRECTION('',(6.982962677686E-15,0.,1.));
#4736 = PCURVE('',#1743,#4737);
#4737 = DEFINITIONAL_REPRESENTATION('',(#4738),#4742);
#4738 = LINE('',#4739,#4740);
#4739 = CARTESIAN_POINT('',(1.570796326795,0.));
#4740 = VECTOR('',#4741,1.);
#4741 = DIRECTION('',(0.,1.));
#4742 = ( GEOMETRIC_REPRESENTATION_CONTEXT(2) 
PARAMETRIC_REPRESENTATION_CONTEXT() REPRESENTATION_CONTEXT('2D SPACE',''
  ) );
#4743 = PCURVE('',#1714,#4744);
#4744 = DEFINITIONAL_REPRESENTATION('',(#4745),#4749);
#4745 = LINE('',#4746,#4747);
#4746 = CARTESIAN_POINT('',(5.551115123126E-16,7.E-02));
#4747 = VECTOR('',#4748,1.);
#4748 = DIRECTION('',(-1.,6.982962677686E-15));
#4749 = ( GEOMETRIC_REPRESENTATION_CONTEXT(2) 
PARAMETRIC_REPRESENTATION_CONTEXT() REPRESENTATION_CONTEXT('2D SPACE',''
  ) );
#4750 = ORIENTED_EDGE('',*,*,#1726,.T.);
#4751 = ADVANCED_FACE('',(#4752),#1714,.T.);
#4752 = FACE_BOUND('',#4753,.T.);
#4753 = EDGE_LOOP('',(#4754,#4755,#4778,#4799));
#4754 = ORIENTED_EDGE('',*,*,#1698,.F.);
#4755 = ORIENTED_EDGE('',*,*,#4756,.F.);
#4756 = EDGE_CURVE('',#4757,#1670,#4759,.T.);
#4757 = VERTEX_POINT('',#4758);
#4758 = CARTESIAN_POINT('',(0.115,0.62,-0.355125000056));
#4759 = SURFACE_CURVE('',#4760,(#4764,#4771),.PCURVE_S1.);
#4760 = LINE('',#4761,#4762);
#4761 = CARTESIAN_POINT('',(0.115,0.62,-0.355125000056));
#4762 = VECTOR('',#4763,1.);
#4763 = DIRECTION('',(6.982962677686E-15,0.,1.));
#4764 = PCURVE('',#1714,#4765);
#4765 = DEFINITIONAL_REPRESENTATION('',(#4766),#4770);
#4766 = LINE('',#4767,#4768);
#4767 = CARTESIAN_POINT('',(0.,0.));
#4768 = VECTOR('',#4769,1.);
#4769 = DIRECTION('',(-1.,6.982962677686E-15));
#4770 = ( GEOMETRIC_REPRESENTATION_CONTEXT(2) 
PARAMETRIC_REPRESENTATION_CONTEXT() REPRESENTATION_CONTEXT('2D SPACE',''
  ) );
#4771 = PCURVE('',#1686,#4772);
#4772 = DEFINITIONAL_REPRESENTATION('',(#4773),#4777);
#4773 = LINE('',#4774,#4775);
#4774 = CARTESIAN_POINT('',(1.570796326795,0.));
#4775 = VECTOR('',#4776,1.);
#4776 = DIRECTION('',(0.,1.));
#4777 = ( GEOMETRIC_REPRESENTATION_CONTEXT(2) 
PARAMETRIC_REPRESENTATION_CONTEXT() REPRESENTATION_CONTEXT('2D SPACE',''
  ) );
#4778 = ORIENTED_EDGE('',*,*,#4779,.T.);
#4779 = EDGE_CURVE('',#4757,#4707,#4780,.T.);
#4780 = SURFACE_CURVE('',#4781,(#4785,#4792),.PCURVE_S1.);
#4781 = LINE('',#4782,#4783);
#4782 = CARTESIAN_POINT('',(0.115,0.62,-0.355125000056));
#4783 = VECTOR('',#4784,1.);
#4784 = DIRECTION('',(1.,0.,-6.982962677686E-15));
#4785 = PCURVE('',#1714,#4786);
#4786 = DEFINITIONAL_REPRESENTATION('',(#4787),#4791);
#4787 = LINE('',#4788,#4789);
#4788 = CARTESIAN_POINT('',(0.,0.));
#4789 = VECTOR('',#4790,1.);
#4790 = DIRECTION('',(6.982962677686E-15,1.));
#4791 = ( GEOMETRIC_REPRESENTATION_CONTEXT(2) 
PARAMETRIC_REPRESENTATION_CONTEXT() REPRESENTATION_CONTEXT('2D SPACE',''
  ) );
#4792 = PCURVE('',#424,#4793);
#4793 = DEFINITIONAL_REPRESENTATION('',(#4794),#4798);
#4794 = LINE('',#4795,#4796);
#4795 = CARTESIAN_POINT('',(-0.115,0.62));
#4796 = VECTOR('',#4797,1.);
#4797 = DIRECTION('',(-1.,0.));
#4798 = ( GEOMETRIC_REPRESENTATION_CONTEXT(2) 
PARAMETRIC_REPRESENTATION_CONTEXT() REPRESENTATION_CONTEXT('2D SPACE',''
  ) );
#4799 = ORIENTED_EDGE('',*,*,#4730,.T.);
#4800 = ADVANCED_FACE('',(#4801),#1686,.F.);
#4801 = FACE_BOUND('',#4802,.F.);
#4802 = EDGE_LOOP('',(#4803,#4804,#4828,#4849));
#4803 = ORIENTED_EDGE('',*,*,#4756,.F.);
#4804 = ORIENTED_EDGE('',*,*,#4805,.F.);
#4805 = EDGE_CURVE('',#4806,#4757,#4808,.T.);
#4806 = VERTEX_POINT('',#4807);
#4807 = CARTESIAN_POINT('',(9.E-02,0.595,-0.355125000056));
#4808 = SURFACE_CURVE('',#4809,(#4814,#4821),.PCURVE_S1.);
#4809 = CIRCLE('',#4810,2.5E-02);
#4810 = AXIS2_PLACEMENT_3D('',#4811,#4812,#4813);
#4811 = CARTESIAN_POINT('',(0.115,0.595,-0.355125000056));
#4812 = DIRECTION('',(-6.505213034913E-15,0.,-1.));
#4813 = DIRECTION('',(-1.,0.,6.505213034913E-15));
#4814 = PCURVE('',#1686,#4815);
#4815 = DEFINITIONAL_REPRESENTATION('',(#4816),#4820);
#4816 = LINE('',#4817,#4818);
#4817 = CARTESIAN_POINT('',(3.14159265359,5.551115123126E-17));
#4818 = VECTOR('',#4819,1.);
#4819 = DIRECTION('',(-1.,-3.533949646071E-17));
#4820 = ( GEOMETRIC_REPRESENTATION_CONTEXT(2) 
PARAMETRIC_REPRESENTATION_CONTEXT() REPRESENTATION_CONTEXT('2D SPACE',''
  ) );
#4821 = PCURVE('',#424,#4822);
#4822 = DEFINITIONAL_REPRESENTATION('',(#4823),#4827);
#4823 = CIRCLE('',#4824,2.5E-02);
#4824 = AXIS2_PLACEMENT_2D('',#4825,#4826);
#4825 = CARTESIAN_POINT('',(-0.115,0.595));
#4826 = DIRECTION('',(1.,0.));
#4827 = ( GEOMETRIC_REPRESENTATION_CONTEXT(2) 
PARAMETRIC_REPRESENTATION_CONTEXT() REPRESENTATION_CONTEXT('2D SPACE',''
  ) );
#4828 = ORIENTED_EDGE('',*,*,#4829,.T.);
#4829 = EDGE_CURVE('',#4806,#1642,#4830,.T.);
#4830 = SURFACE_CURVE('',#4831,(#4835,#4842),.PCURVE_S1.);
#4831 = LINE('',#4832,#4833);
#4832 = CARTESIAN_POINT('',(9.E-02,0.595,-0.355125000056));
#4833 = VECTOR('',#4834,1.);
#4834 = DIRECTION('',(6.982962677686E-15,0.,1.));
#4835 = PCURVE('',#1686,#4836);
#4836 = DEFINITIONAL_REPRESENTATION('',(#4837),#4841);
#4837 = LINE('',#4838,#4839);
#4838 = CARTESIAN_POINT('',(3.14159265359,-1.110223024625E-16));
#4839 = VECTOR('',#4840,1.);
#4840 = DIRECTION('',(0.,1.));
#4841 = ( GEOMETRIC_REPRESENTATION_CONTEXT(2) 
PARAMETRIC_REPRESENTATION_CONTEXT() REPRESENTATION_CONTEXT('2D SPACE',''
  ) );
#4842 = PCURVE('',#1657,#4843);
#4843 = DEFINITIONAL_REPRESENTATION('',(#4844),#4848);
#4844 = LINE('',#4845,#4846);
#4845 = CARTESIAN_POINT('',(0.,0.));
#4846 = VECTOR('',#4847,1.);
#4847 = DIRECTION('',(-1.,0.));
#4848 = ( GEOMETRIC_REPRESENTATION_CONTEXT(2) 
PARAMETRIC_REPRESENTATION_CONTEXT() REPRESENTATION_CONTEXT('2D SPACE',''
  ) );
#4849 = ORIENTED_EDGE('',*,*,#1669,.T.);
#4850 = ADVANCED_FACE('',(#4851),#1657,.T.);
#4851 = FACE_BOUND('',#4852,.T.);
#4852 = EDGE_LOOP('',(#4853,#4854,#4877,#4898));
#4853 = ORIENTED_EDGE('',*,*,#1641,.F.);
#4854 = ORIENTED_EDGE('',*,*,#4855,.F.);
#4855 = EDGE_CURVE('',#4856,#1613,#4858,.T.);
#4856 = VERTEX_POINT('',#4857);
#4857 = CARTESIAN_POINT('',(9.E-02,0.345,-0.355125000056));
#4858 = SURFACE_CURVE('',#4859,(#4863,#4870),.PCURVE_S1.);
#4859 = LINE('',#4860,#4861);
#4860 = CARTESIAN_POINT('',(9.E-02,0.345,-0.355125000056));
#4861 = VECTOR('',#4862,1.);
#4862 = DIRECTION('',(6.982962677686E-15,0.,1.));
#4863 = PCURVE('',#1657,#4864);
#4864 = DEFINITIONAL_REPRESENTATION('',(#4865),#4869);
#4865 = LINE('',#4866,#4867);
#4866 = CARTESIAN_POINT('',(-0.,-0.25));
#4867 = VECTOR('',#4868,1.);
#4868 = DIRECTION('',(-1.,0.));
#4869 = ( GEOMETRIC_REPRESENTATION_CONTEXT(2) 
PARAMETRIC_REPRESENTATION_CONTEXT() REPRESENTATION_CONTEXT('2D SPACE',''
  ) );
#4870 = PCURVE('',#1629,#4871);
#4871 = DEFINITIONAL_REPRESENTATION('',(#4872),#4876);
#4872 = LINE('',#4873,#4874);
#4873 = CARTESIAN_POINT('',(3.14159265359,-1.110223024625E-16));
#4874 = VECTOR('',#4875,1.);
#4875 = DIRECTION('',(0.,1.));
#4876 = ( GEOMETRIC_REPRESENTATION_CONTEXT(2) 
PARAMETRIC_REPRESENTATION_CONTEXT() REPRESENTATION_CONTEXT('2D SPACE',''
  ) );
#4877 = ORIENTED_EDGE('',*,*,#4878,.T.);
#4878 = EDGE_CURVE('',#4856,#4806,#4879,.T.);
#4879 = SURFACE_CURVE('',#4880,(#4884,#4891),.PCURVE_S1.);
#4880 = LINE('',#4881,#4882);
#4881 = CARTESIAN_POINT('',(9.E-02,0.595,-0.355125000056));
#4882 = VECTOR('',#4883,1.);
#4883 = DIRECTION('',(0.,1.,0.));
#4884 = PCURVE('',#1657,#4885);
#4885 = DEFINITIONAL_REPRESENTATION('',(#4886),#4890);
#4886 = LINE('',#4887,#4888);
#4887 = CARTESIAN_POINT('',(0.,0.));
#4888 = VECTOR('',#4889,1.);
#4889 = DIRECTION('',(0.,1.));
#4890 = ( GEOMETRIC_REPRESENTATION_CONTEXT(2) 
PARAMETRIC_REPRESENTATION_CONTEXT() REPRESENTATION_CONTEXT('2D SPACE',''
  ) );
#4891 = PCURVE('',#424,#4892);
#4892 = DEFINITIONAL_REPRESENTATION('',(#4893),#4897);
#4893 = LINE('',#4894,#4895);
#4894 = CARTESIAN_POINT('',(-9.E-02,0.595));
#4895 = VECTOR('',#4896,1.);
#4896 = DIRECTION('',(0.,1.));
#4897 = ( GEOMETRIC_REPRESENTATION_CONTEXT(2) 
PARAMETRIC_REPRESENTATION_CONTEXT() REPRESENTATION_CONTEXT('2D SPACE',''
  ) );
#4898 = ORIENTED_EDGE('',*,*,#4829,.T.);
#4899 = ADVANCED_FACE('',(#4900),#1629,.F.);
#4900 = FACE_BOUND('',#4901,.F.);
#4901 = EDGE_LOOP('',(#4902,#4903,#4927,#4948));
#4902 = ORIENTED_EDGE('',*,*,#4855,.F.);
#4903 = ORIENTED_EDGE('',*,*,#4904,.F.);
#4904 = EDGE_CURVE('',#4905,#4856,#4907,.T.);
#4905 = VERTEX_POINT('',#4906);
#4906 = CARTESIAN_POINT('',(0.115,0.32,-0.355125000056));
#4907 = SURFACE_CURVE('',#4908,(#4913,#4920),.PCURVE_S1.);
#4908 = CIRCLE('',#4909,2.5E-02);
#4909 = AXIS2_PLACEMENT_3D('',#4910,#4911,#4912);
#4910 = CARTESIAN_POINT('',(0.115,0.345,-0.355125000056));
#4911 = DIRECTION('',(-6.505213034913E-15,0.,-1.));
#4912 = DIRECTION('',(-1.,0.,6.505213034913E-15));
#4913 = PCURVE('',#1629,#4914);
#4914 = DEFINITIONAL_REPRESENTATION('',(#4915),#4919);
#4915 = LINE('',#4916,#4917);
#4916 = CARTESIAN_POINT('',(9.424777960769,-1.665334536938E-16));
#4917 = VECTOR('',#4918,1.);
#4918 = DIRECTION('',(-1.,3.533949646071E-17));
#4919 = ( GEOMETRIC_REPRESENTATION_CONTEXT(2) 
PARAMETRIC_REPRESENTATION_CONTEXT() REPRESENTATION_CONTEXT('2D SPACE',''
  ) );
#4920 = PCURVE('',#424,#4921);
#4921 = DEFINITIONAL_REPRESENTATION('',(#4922),#4926);
#4922 = CIRCLE('',#4923,2.5E-02);
#4923 = AXIS2_PLACEMENT_2D('',#4924,#4925);
#4924 = CARTESIAN_POINT('',(-0.115,0.345));
#4925 = DIRECTION('',(1.,0.));
#4926 = ( GEOMETRIC_REPRESENTATION_CONTEXT(2) 
PARAMETRIC_REPRESENTATION_CONTEXT() REPRESENTATION_CONTEXT('2D SPACE',''
  ) );
#4927 = ORIENTED_EDGE('',*,*,#4928,.T.);
#4928 = EDGE_CURVE('',#4905,#1585,#4929,.T.);
#4929 = SURFACE_CURVE('',#4930,(#4934,#4941),.PCURVE_S1.);
#4930 = LINE('',#4931,#4932);
#4931 = CARTESIAN_POINT('',(0.115,0.32,-0.355125000056));
#4932 = VECTOR('',#4933,1.);
#4933 = DIRECTION('',(6.982962677686E-15,0.,1.));
#4934 = PCURVE('',#1629,#4935);
#4935 = DEFINITIONAL_REPRESENTATION('',(#4936),#4940);
#4936 = LINE('',#4937,#4938);
#4937 = CARTESIAN_POINT('',(4.712388980385,0.));
#4938 = VECTOR('',#4939,1.);
#4939 = DIRECTION('',(0.,1.));
#4940 = ( GEOMETRIC_REPRESENTATION_CONTEXT(2) 
PARAMETRIC_REPRESENTATION_CONTEXT() REPRESENTATION_CONTEXT('2D SPACE',''
  ) );
#4941 = PCURVE('',#1600,#4942);
#4942 = DEFINITIONAL_REPRESENTATION('',(#4943),#4947);
#4943 = LINE('',#4944,#4945);
#4944 = CARTESIAN_POINT('',(0.,0.));
#4945 = VECTOR('',#4946,1.);
#4946 = DIRECTION('',(6.982962677686E-15,-1.));
#4947 = ( GEOMETRIC_REPRESENTATION_CONTEXT(2) 
PARAMETRIC_REPRESENTATION_CONTEXT() REPRESENTATION_CONTEXT('2D SPACE',''
  ) );
#4948 = ORIENTED_EDGE('',*,*,#1612,.T.);
#4949 = ADVANCED_FACE('',(#4950),#1600,.T.);
#4950 = FACE_BOUND('',#4951,.T.);
#4951 = EDGE_LOOP('',(#4952,#4953,#4976,#4997));
#4952 = ORIENTED_EDGE('',*,*,#1584,.F.);
#4953 = ORIENTED_EDGE('',*,*,#4954,.F.);
#4954 = EDGE_CURVE('',#4955,#1556,#4957,.T.);
#4955 = VERTEX_POINT('',#4956);
#4956 = CARTESIAN_POINT('',(0.238944487245,0.32,-0.355125000056));
#4957 = SURFACE_CURVE('',#4958,(#4962,#4969),.PCURVE_S1.);
#4958 = LINE('',#4959,#4960);
#4959 = CARTESIAN_POINT('',(0.238944487245,0.32,-0.355125000056));
#4960 = VECTOR('',#4961,1.);
#4961 = DIRECTION('',(6.982962677686E-15,0.,1.));
#4962 = PCURVE('',#1600,#4963);
#4963 = DEFINITIONAL_REPRESENTATION('',(#4964),#4968);
#4964 = LINE('',#4965,#4966);
#4965 = CARTESIAN_POINT('',(0.123944487245,1.054711873394E-15));
#4966 = VECTOR('',#4967,1.);
#4967 = DIRECTION('',(6.982962677686E-15,-1.));
#4968 = ( GEOMETRIC_REPRESENTATION_CONTEXT(2) 
PARAMETRIC_REPRESENTATION_CONTEXT() REPRESENTATION_CONTEXT('2D SPACE',''
  ) );
#4969 = PCURVE('',#1572,#4970);
#4970 = DEFINITIONAL_REPRESENTATION('',(#4971),#4975);
#4971 = LINE('',#4972,#4973);
#4972 = CARTESIAN_POINT('',(4.712388980385,0.));
#4973 = VECTOR('',#4974,1.);
#4974 = DIRECTION('',(0.,1.));
#4975 = ( GEOMETRIC_REPRESENTATION_CONTEXT(2) 
PARAMETRIC_REPRESENTATION_CONTEXT() REPRESENTATION_CONTEXT('2D SPACE',''
  ) );
#4976 = ORIENTED_EDGE('',*,*,#4977,.T.);
#4977 = EDGE_CURVE('',#4955,#4905,#4978,.T.);
#4978 = SURFACE_CURVE('',#4979,(#4983,#4990),.PCURVE_S1.);
#4979 = LINE('',#4980,#4981);
#4980 = CARTESIAN_POINT('',(0.115,0.32,-0.355125000056));
#4981 = VECTOR('',#4982,1.);
#4982 = DIRECTION('',(-1.,-4.373741005274E-16,6.982962677686E-15));
#4983 = PCURVE('',#1600,#4984);
#4984 = DEFINITIONAL_REPRESENTATION('',(#4985),#4989);
#4985 = LINE('',#4986,#4987);
#4986 = CARTESIAN_POINT('',(0.,0.));
#4987 = VECTOR('',#4988,1.);
#4988 = DIRECTION('',(-1.,-6.982962677686E-15));
#4989 = ( GEOMETRIC_REPRESENTATION_CONTEXT(2) 
PARAMETRIC_REPRESENTATION_CONTEXT() REPRESENTATION_CONTEXT('2D SPACE',''
  ) );
#4990 = PCURVE('',#424,#4991);
#4991 = DEFINITIONAL_REPRESENTATION('',(#4992),#4996);
#4992 = LINE('',#4993,#4994);
#4993 = CARTESIAN_POINT('',(-0.115,0.32));
#4994 = VECTOR('',#4995,1.);
#4995 = DIRECTION('',(1.,-4.373741005274E-16));
#4996 = ( GEOMETRIC_REPRESENTATION_CONTEXT(2) 
PARAMETRIC_REPRESENTATION_CONTEXT() REPRESENTATION_CONTEXT('2D SPACE',''
  ) );
#4997 = ORIENTED_EDGE('',*,*,#4928,.T.);
#4998 = ADVANCED_FACE('',(#4999),#1572,.F.);
#4999 = FACE_BOUND('',#5000,.F.);
#5000 = EDGE_LOOP('',(#5001,#5002,#5026,#5047));
#5001 = ORIENTED_EDGE('',*,*,#4954,.F.);
#5002 = ORIENTED_EDGE('',*,*,#5003,.F.);
#5003 = EDGE_CURVE('',#5004,#4955,#5006,.T.);
#5004 = VERTEX_POINT('',#5005);
#5005 = CARTESIAN_POINT('',(0.251821456086,0.323571428571,
    -0.355125000056));
#5006 = SURFACE_CURVE('',#5007,(#5012,#5019),.PCURVE_S1.);
#5007 = CIRCLE('',#5008,2.5E-02);
#5008 = AXIS2_PLACEMENT_3D('',#5009,#5010,#5011);
#5009 = CARTESIAN_POINT('',(0.238944487245,0.345,-0.355125000056));
#5010 = DIRECTION('',(-6.505213034913E-15,0.,-1.));
#5011 = DIRECTION('',(-1.,0.,6.505213034913E-15));
#5012 = PCURVE('',#1572,#5013);
#5013 = DEFINITIONAL_REPRESENTATION('',(#5014),#5018);
#5014 = LINE('',#5015,#5016);
#5015 = CARTESIAN_POINT('',(9.424777960769,0.));
#5016 = VECTOR('',#5017,1.);
#5017 = DIRECTION('',(-1.,0.));
#5018 = ( GEOMETRIC_REPRESENTATION_CONTEXT(2) 
PARAMETRIC_REPRESENTATION_CONTEXT() REPRESENTATION_CONTEXT('2D SPACE',''
  ) );
#5019 = PCURVE('',#424,#5020);
#5020 = DEFINITIONAL_REPRESENTATION('',(#5021),#5025);
#5021 = CIRCLE('',#5022,2.5E-02);
#5022 = AXIS2_PLACEMENT_2D('',#5023,#5024);
#5023 = CARTESIAN_POINT('',(-0.238944487245,0.345));
#5024 = DIRECTION('',(1.,0.));
#5025 = ( GEOMETRIC_REPRESENTATION_CONTEXT(2) 
PARAMETRIC_REPRESENTATION_CONTEXT() REPRESENTATION_CONTEXT('2D SPACE',''
  ) );
#5026 = ORIENTED_EDGE('',*,*,#5027,.T.);
#5027 = EDGE_CURVE('',#5004,#1528,#5028,.T.);
#5028 = SURFACE_CURVE('',#5029,(#5033,#5040),.PCURVE_S1.);
#5029 = LINE('',#5030,#5031);
#5030 = CARTESIAN_POINT('',(0.251821456086,0.323571428571,
    -0.355125000056));
#5031 = VECTOR('',#5032,1.);
#5032 = DIRECTION('',(6.982962677686E-15,0.,1.));
#5033 = PCURVE('',#1572,#5034);
#5034 = DEFINITIONAL_REPRESENTATION('',(#5035),#5039);
#5035 = LINE('',#5036,#5037);
#5036 = CARTESIAN_POINT('',(5.253488506342,1.110223024625E-16));
#5037 = VECTOR('',#5038,1.);
#5038 = DIRECTION('',(0.,1.));
#5039 = ( GEOMETRIC_REPRESENTATION_CONTEXT(2) 
PARAMETRIC_REPRESENTATION_CONTEXT() REPRESENTATION_CONTEXT('2D SPACE',''
  ) );
#5040 = PCURVE('',#701,#5041);
#5041 = DEFINITIONAL_REPRESENTATION('',(#5042),#5046);
#5042 = LINE('',#5043,#5044);
#5043 = CARTESIAN_POINT('',(2.111895852752,-1.665334536938E-16));
#5044 = VECTOR('',#5045,1.);
#5045 = DIRECTION('',(0.,1.));
#5046 = ( GEOMETRIC_REPRESENTATION_CONTEXT(2) 
PARAMETRIC_REPRESENTATION_CONTEXT() REPRESENTATION_CONTEXT('2D SPACE',''
  ) );
#5047 = ORIENTED_EDGE('',*,*,#1555,.T.);
#5048 = ADVANCED_FACE('',(#5049),#701,.T.);
#5049 = FACE_BOUND('',#5050,.T.);
#5050 = EDGE_LOOP('',(#5051,#5052,#5078,#5079));
#5051 = ORIENTED_EDGE('',*,*,#685,.F.);
#5052 = ORIENTED_EDGE('',*,*,#5053,.T.);
#5053 = EDGE_CURVE('',#653,#5004,#5054,.T.);
#5054 = SURFACE_CURVE('',#5055,(#5060,#5067),.PCURVE_S1.);
#5055 = CIRCLE('',#5056,4.5E-02);
#5056 = AXIS2_PLACEMENT_3D('',#5057,#5058,#5059);
#5057 = CARTESIAN_POINT('',(0.275,0.285,-0.355125000056));
#5058 = DIRECTION('',(7.228014483237E-15,0.,1.));
#5059 = DIRECTION('',(-1.,0.,7.228014483237E-15));
#5060 = PCURVE('',#701,#5061);
#5061 = DEFINITIONAL_REPRESENTATION('',(#5062),#5066);
#5062 = LINE('',#5063,#5064);
#5063 = CARTESIAN_POINT('',(-3.14159265359,0.));
#5064 = VECTOR('',#5065,1.);
#5065 = DIRECTION('',(1.,0.));
#5066 = ( GEOMETRIC_REPRESENTATION_CONTEXT(2) 
PARAMETRIC_REPRESENTATION_CONTEXT() REPRESENTATION_CONTEXT('2D SPACE',''
  ) );
#5067 = PCURVE('',#424,#5068);
#5068 = DEFINITIONAL_REPRESENTATION('',(#5069),#5077);
#5069 = ( BOUNDED_CURVE() B_SPLINE_CURVE(2,(#5070,#5071,#5072,#5073,
#5074,#5075,#5076),.UNSPECIFIED.,.T.,.F.) B_SPLINE_CURVE_WITH_KNOTS((1,2
    ,2,2,2,1),(-2.094395102393,0.,2.094395102393,4.188790204786,
6.28318530718,8.377580409573),.UNSPECIFIED.) CURVE() 
GEOMETRIC_REPRESENTATION_ITEM() RATIONAL_B_SPLINE_CURVE((1.,0.5,1.,0.5,
1.,0.5,1.)) REPRESENTATION_ITEM('') );
#5070 = CARTESIAN_POINT('',(-0.23,0.285));
#5071 = CARTESIAN_POINT('',(-0.23,0.207057713659));
#5072 = CARTESIAN_POINT('',(-0.2975,0.24602885683));
#5073 = CARTESIAN_POINT('',(-0.365,0.285));
#5074 = CARTESIAN_POINT('',(-0.2975,0.32397114317));
#5075 = CARTESIAN_POINT('',(-0.23,0.362942286341));
#5076 = CARTESIAN_POINT('',(-0.23,0.285));
#5077 = ( GEOMETRIC_REPRESENTATION_CONTEXT(2) 
PARAMETRIC_REPRESENTATION_CONTEXT() REPRESENTATION_CONTEXT('2D SPACE',''
  ) );
#5078 = ORIENTED_EDGE('',*,*,#5027,.T.);
#5079 = ORIENTED_EDGE('',*,*,#1527,.F.);
#5080 = ADVANCED_FACE('',(#5081),#755,.F.);
#5081 = FACE_BOUND('',#5082,.F.);
#5082 = EDGE_LOOP('',(#5083,#5084,#5108,#5129));
#5083 = ORIENTED_EDGE('',*,*,#741,.F.);
#5084 = ORIENTED_EDGE('',*,*,#5085,.F.);
#5085 = EDGE_CURVE('',#5086,#651,#5088,.T.);
#5086 = VERTEX_POINT('',#5087);
#5087 = CARTESIAN_POINT('',(0.238944487245,0.25,-0.355125000056));
#5088 = SURFACE_CURVE('',#5089,(#5094,#5101),.PCURVE_S1.);
#5089 = CIRCLE('',#5090,2.5E-02);
#5090 = AXIS2_PLACEMENT_3D('',#5091,#5092,#5093);
#5091 = CARTESIAN_POINT('',(0.238944487245,0.225,-0.355125000056));
#5092 = DIRECTION('',(-6.505213034913E-15,0.,-1.));
#5093 = DIRECTION('',(1.,0.,-6.505213034913E-15));
#5094 = PCURVE('',#755,#5095);
#5095 = DEFINITIONAL_REPRESENTATION('',(#5096),#5100);
#5096 = LINE('',#5097,#5098);
#5097 = CARTESIAN_POINT('',(6.28318530718,0.));
#5098 = VECTOR('',#5099,1.);
#5099 = DIRECTION('',(-1.,0.));
#5100 = ( GEOMETRIC_REPRESENTATION_CONTEXT(2) 
PARAMETRIC_REPRESENTATION_CONTEXT() REPRESENTATION_CONTEXT('2D SPACE',''
  ) );
#5101 = PCURVE('',#424,#5102);
#5102 = DEFINITIONAL_REPRESENTATION('',(#5103),#5107);
#5103 = CIRCLE('',#5104,2.5E-02);
#5104 = AXIS2_PLACEMENT_2D('',#5105,#5106);
#5105 = CARTESIAN_POINT('',(-0.238944487245,0.225));
#5106 = DIRECTION('',(-1.,0.));
#5107 = ( GEOMETRIC_REPRESENTATION_CONTEXT(2) 
PARAMETRIC_REPRESENTATION_CONTEXT() REPRESENTATION_CONTEXT('2D SPACE',''
  ) );
#5108 = ORIENTED_EDGE('',*,*,#5109,.T.);
#5109 = EDGE_CURVE('',#5086,#1477,#5110,.T.);
#5110 = SURFACE_CURVE('',#5111,(#5115,#5122),.PCURVE_S1.);
#5111 = LINE('',#5112,#5113);
#5112 = CARTESIAN_POINT('',(0.238944487245,0.25,-0.355125000056));
#5113 = VECTOR('',#5114,1.);
#5114 = DIRECTION('',(6.982962677686E-15,0.,1.));
#5115 = PCURVE('',#755,#5116);
#5116 = DEFINITIONAL_REPRESENTATION('',(#5117),#5121);
#5117 = LINE('',#5118,#5119);
#5118 = CARTESIAN_POINT('',(1.570796326795,0.));
#5119 = VECTOR('',#5120,1.);
#5120 = DIRECTION('',(0.,1.));
#5121 = ( GEOMETRIC_REPRESENTATION_CONTEXT(2) 
PARAMETRIC_REPRESENTATION_CONTEXT() REPRESENTATION_CONTEXT('2D SPACE',''
  ) );
#5122 = PCURVE('',#1492,#5123);
#5123 = DEFINITIONAL_REPRESENTATION('',(#5124),#5128);
#5124 = LINE('',#5125,#5126);
#5125 = CARTESIAN_POINT('',(1.054711873394E-15,0.123944487245));
#5126 = VECTOR('',#5127,1.);
#5127 = DIRECTION('',(-1.,6.982962677686E-15));
#5128 = ( GEOMETRIC_REPRESENTATION_CONTEXT(2) 
PARAMETRIC_REPRESENTATION_CONTEXT() REPRESENTATION_CONTEXT('2D SPACE',''
  ) );
#5129 = ORIENTED_EDGE('',*,*,#1504,.T.);
#5130 = ADVANCED_FACE('',(#5131),#1492,.T.);
#5131 = FACE_BOUND('',#5132,.T.);
#5132 = EDGE_LOOP('',(#5133,#5134,#5157,#5178));
#5133 = ORIENTED_EDGE('',*,*,#1476,.F.);
#5134 = ORIENTED_EDGE('',*,*,#5135,.F.);
#5135 = EDGE_CURVE('',#5136,#1448,#5138,.T.);
#5136 = VERTEX_POINT('',#5137);
#5137 = CARTESIAN_POINT('',(0.115,0.25,-0.355125000056));
#5138 = SURFACE_CURVE('',#5139,(#5143,#5150),.PCURVE_S1.);
#5139 = LINE('',#5140,#5141);
#5140 = CARTESIAN_POINT('',(0.115,0.25,-0.355125000056));
#5141 = VECTOR('',#5142,1.);
#5142 = DIRECTION('',(6.982962677686E-15,0.,1.));
#5143 = PCURVE('',#1492,#5144);
#5144 = DEFINITIONAL_REPRESENTATION('',(#5145),#5149);
#5145 = LINE('',#5146,#5147);
#5146 = CARTESIAN_POINT('',(0.,0.));
#5147 = VECTOR('',#5148,1.);
#5148 = DIRECTION('',(-1.,6.982962677686E-15));
#5149 = ( GEOMETRIC_REPRESENTATION_CONTEXT(2) 
PARAMETRIC_REPRESENTATION_CONTEXT() REPRESENTATION_CONTEXT('2D SPACE',''
  ) );
#5150 = PCURVE('',#1464,#5151);
#5151 = DEFINITIONAL_REPRESENTATION('',(#5152),#5156);
#5152 = LINE('',#5153,#5154);
#5153 = CARTESIAN_POINT('',(1.570796326795,0.));
#5154 = VECTOR('',#5155,1.);
#5155 = DIRECTION('',(0.,1.));
#5156 = ( GEOMETRIC_REPRESENTATION_CONTEXT(2) 
PARAMETRIC_REPRESENTATION_CONTEXT() REPRESENTATION_CONTEXT('2D SPACE',''
  ) );
#5157 = ORIENTED_EDGE('',*,*,#5158,.T.);
#5158 = EDGE_CURVE('',#5136,#5086,#5159,.T.);
#5159 = SURFACE_CURVE('',#5160,(#5164,#5171),.PCURVE_S1.);
#5160 = LINE('',#5161,#5162);
#5161 = CARTESIAN_POINT('',(0.115,0.25,-0.355125000056));
#5162 = VECTOR('',#5163,1.);
#5163 = DIRECTION('',(1.,0.,-6.982962677686E-15));
#5164 = PCURVE('',#1492,#5165);
#5165 = DEFINITIONAL_REPRESENTATION('',(#5166),#5170);
#5166 = LINE('',#5167,#5168);
#5167 = CARTESIAN_POINT('',(0.,0.));
#5168 = VECTOR('',#5169,1.);
#5169 = DIRECTION('',(6.982962677686E-15,1.));
#5170 = ( GEOMETRIC_REPRESENTATION_CONTEXT(2) 
PARAMETRIC_REPRESENTATION_CONTEXT() REPRESENTATION_CONTEXT('2D SPACE',''
  ) );
#5171 = PCURVE('',#424,#5172);
#5172 = DEFINITIONAL_REPRESENTATION('',(#5173),#5177);
#5173 = LINE('',#5174,#5175);
#5174 = CARTESIAN_POINT('',(-0.115,0.25));
#5175 = VECTOR('',#5176,1.);
#5176 = DIRECTION('',(-1.,0.));
#5177 = ( GEOMETRIC_REPRESENTATION_CONTEXT(2) 
PARAMETRIC_REPRESENTATION_CONTEXT() REPRESENTATION_CONTEXT('2D SPACE',''
  ) );
#5178 = ORIENTED_EDGE('',*,*,#5109,.T.);
#5179 = ADVANCED_FACE('',(#5180),#1464,.F.);
#5180 = FACE_BOUND('',#5181,.F.);
#5181 = EDGE_LOOP('',(#5182,#5183,#5207,#5228));
#5182 = ORIENTED_EDGE('',*,*,#5135,.F.);
#5183 = ORIENTED_EDGE('',*,*,#5184,.F.);
#5184 = EDGE_CURVE('',#5185,#5136,#5187,.T.);
#5185 = VERTEX_POINT('',#5186);
#5186 = CARTESIAN_POINT('',(9.E-02,0.225,-0.355125000056));
#5187 = SURFACE_CURVE('',#5188,(#5193,#5200),.PCURVE_S1.);
#5188 = CIRCLE('',#5189,2.5E-02);
#5189 = AXIS2_PLACEMENT_3D('',#5190,#5191,#5192);
#5190 = CARTESIAN_POINT('',(0.115,0.225,-0.355125000056));
#5191 = DIRECTION('',(-6.505213034913E-15,0.,-1.));
#5192 = DIRECTION('',(1.,0.,-6.505213034913E-15));
#5193 = PCURVE('',#1464,#5194);
#5194 = DEFINITIONAL_REPRESENTATION('',(#5195),#5199);
#5195 = LINE('',#5196,#5197);
#5196 = CARTESIAN_POINT('',(6.28318530718,1.665334536938E-16));
#5197 = VECTOR('',#5198,1.);
#5198 = DIRECTION('',(-1.,-3.533949646071E-17));
#5199 = ( GEOMETRIC_REPRESENTATION_CONTEXT(2) 
PARAMETRIC_REPRESENTATION_CONTEXT() REPRESENTATION_CONTEXT('2D SPACE',''
  ) );
#5200 = PCURVE('',#424,#5201);
#5201 = DEFINITIONAL_REPRESENTATION('',(#5202),#5206);
#5202 = CIRCLE('',#5203,2.5E-02);
#5203 = AXIS2_PLACEMENT_2D('',#5204,#5205);
#5204 = CARTESIAN_POINT('',(-0.115,0.225));
#5205 = DIRECTION('',(-1.,0.));
#5206 = ( GEOMETRIC_REPRESENTATION_CONTEXT(2) 
PARAMETRIC_REPRESENTATION_CONTEXT() REPRESENTATION_CONTEXT('2D SPACE',''
  ) );
#5207 = ORIENTED_EDGE('',*,*,#5208,.T.);
#5208 = EDGE_CURVE('',#5185,#1420,#5209,.T.);
#5209 = SURFACE_CURVE('',#5210,(#5214,#5221),.PCURVE_S1.);
#5210 = LINE('',#5211,#5212);
#5211 = CARTESIAN_POINT('',(9.E-02,0.225,-0.355125000056));
#5212 = VECTOR('',#5213,1.);
#5213 = DIRECTION('',(6.982962677686E-15,0.,1.));
#5214 = PCURVE('',#1464,#5215);
#5215 = DEFINITIONAL_REPRESENTATION('',(#5216),#5220);
#5216 = LINE('',#5217,#5218);
#5217 = CARTESIAN_POINT('',(3.14159265359,-1.110223024625E-16));
#5218 = VECTOR('',#5219,1.);
#5219 = DIRECTION('',(0.,1.));
#5220 = ( GEOMETRIC_REPRESENTATION_CONTEXT(2) 
PARAMETRIC_REPRESENTATION_CONTEXT() REPRESENTATION_CONTEXT('2D SPACE',''
  ) );
#5221 = PCURVE('',#1435,#5222);
#5222 = DEFINITIONAL_REPRESENTATION('',(#5223),#5227);
#5223 = LINE('',#5224,#5225);
#5224 = CARTESIAN_POINT('',(0.,0.));
#5225 = VECTOR('',#5226,1.);
#5226 = DIRECTION('',(-1.,0.));
#5227 = ( GEOMETRIC_REPRESENTATION_CONTEXT(2) 
PARAMETRIC_REPRESENTATION_CONTEXT() REPRESENTATION_CONTEXT('2D SPACE',''
  ) );
#5228 = ORIENTED_EDGE('',*,*,#1447,.T.);
#5229 = ADVANCED_FACE('',(#5230),#1435,.T.);
#5230 = FACE_BOUND('',#5231,.T.);
#5231 = EDGE_LOOP('',(#5232,#5233,#5256,#5277));
#5232 = ORIENTED_EDGE('',*,*,#1419,.F.);
#5233 = ORIENTED_EDGE('',*,*,#5234,.F.);
#5234 = EDGE_CURVE('',#5235,#1391,#5237,.T.);
#5235 = VERTEX_POINT('',#5236);
#5236 = CARTESIAN_POINT('',(9.E-02,7.5E-02,-0.355125000056));
#5237 = SURFACE_CURVE('',#5238,(#5242,#5249),.PCURVE_S1.);
#5238 = LINE('',#5239,#5240);
#5239 = CARTESIAN_POINT('',(9.E-02,7.5E-02,-0.355125000056));
#5240 = VECTOR('',#5241,1.);
#5241 = DIRECTION('',(6.982962677686E-15,0.,1.));
#5242 = PCURVE('',#1435,#5243);
#5243 = DEFINITIONAL_REPRESENTATION('',(#5244),#5248);
#5244 = LINE('',#5245,#5246);
#5245 = CARTESIAN_POINT('',(-0.,-0.15));
#5246 = VECTOR('',#5247,1.);
#5247 = DIRECTION('',(-1.,0.));
#5248 = ( GEOMETRIC_REPRESENTATION_CONTEXT(2) 
PARAMETRIC_REPRESENTATION_CONTEXT() REPRESENTATION_CONTEXT('2D SPACE',''
  ) );
#5249 = PCURVE('',#1407,#5250);
#5250 = DEFINITIONAL_REPRESENTATION('',(#5251),#5255);
#5251 = LINE('',#5252,#5253);
#5252 = CARTESIAN_POINT('',(3.14159265359,-1.110223024625E-16));
#5253 = VECTOR('',#5254,1.);
#5254 = DIRECTION('',(0.,1.));
#5255 = ( GEOMETRIC_REPRESENTATION_CONTEXT(2) 
PARAMETRIC_REPRESENTATION_CONTEXT() REPRESENTATION_CONTEXT('2D SPACE',''
  ) );
#5256 = ORIENTED_EDGE('',*,*,#5257,.T.);
#5257 = EDGE_CURVE('',#5235,#5185,#5258,.T.);
#5258 = SURFACE_CURVE('',#5259,(#5263,#5270),.PCURVE_S1.);
#5259 = LINE('',#5260,#5261);
#5260 = CARTESIAN_POINT('',(9.E-02,0.225,-0.355125000056));
#5261 = VECTOR('',#5262,1.);
#5262 = DIRECTION('',(0.,1.,0.));
#5263 = PCURVE('',#1435,#5264);
#5264 = DEFINITIONAL_REPRESENTATION('',(#5265),#5269);
#5265 = LINE('',#5266,#5267);
#5266 = CARTESIAN_POINT('',(0.,0.));
#5267 = VECTOR('',#5268,1.);
#5268 = DIRECTION('',(0.,1.));
#5269 = ( GEOMETRIC_REPRESENTATION_CONTEXT(2) 
PARAMETRIC_REPRESENTATION_CONTEXT() REPRESENTATION_CONTEXT('2D SPACE',''
  ) );
#5270 = PCURVE('',#424,#5271);
#5271 = DEFINITIONAL_REPRESENTATION('',(#5272),#5276);
#5272 = LINE('',#5273,#5274);
#5273 = CARTESIAN_POINT('',(-9.E-02,0.225));
#5274 = VECTOR('',#5275,1.);
#5275 = DIRECTION('',(0.,1.));
#5276 = ( GEOMETRIC_REPRESENTATION_CONTEXT(2) 
PARAMETRIC_REPRESENTATION_CONTEXT() REPRESENTATION_CONTEXT('2D SPACE',''
  ) );
#5277 = ORIENTED_EDGE('',*,*,#5208,.T.);
#5278 = ADVANCED_FACE('',(#5279),#1407,.F.);
#5279 = FACE_BOUND('',#5280,.F.);
#5280 = EDGE_LOOP('',(#5281,#5282,#5306,#5327));
#5281 = ORIENTED_EDGE('',*,*,#5234,.F.);
#5282 = ORIENTED_EDGE('',*,*,#5283,.F.);
#5283 = EDGE_CURVE('',#5284,#5235,#5286,.T.);
#5284 = VERTEX_POINT('',#5285);
#5285 = CARTESIAN_POINT('',(0.115,5.E-02,-0.355125000056));
#5286 = SURFACE_CURVE('',#5287,(#5292,#5299),.PCURVE_S1.);
#5287 = CIRCLE('',#5288,2.5E-02);
#5288 = AXIS2_PLACEMENT_3D('',#5289,#5290,#5291);
#5289 = CARTESIAN_POINT('',(0.115,7.5E-02,-0.355125000056));
#5290 = DIRECTION('',(-6.505213034913E-15,0.,-1.));
#5291 = DIRECTION('',(-1.,0.,6.505213034913E-15));
#5292 = PCURVE('',#1407,#5293);
#5293 = DEFINITIONAL_REPRESENTATION('',(#5294),#5298);
#5294 = LINE('',#5295,#5296);
#5295 = CARTESIAN_POINT('',(9.424777960769,-1.665334536938E-16));
#5296 = VECTOR('',#5297,1.);
#5297 = DIRECTION('',(-1.,3.533949646071E-17));
#5298 = ( GEOMETRIC_REPRESENTATION_CONTEXT(2) 
PARAMETRIC_REPRESENTATION_CONTEXT() REPRESENTATION_CONTEXT('2D SPACE',''
  ) );
#5299 = PCURVE('',#424,#5300);
#5300 = DEFINITIONAL_REPRESENTATION('',(#5301),#5305);
#5301 = CIRCLE('',#5302,2.5E-02);
#5302 = AXIS2_PLACEMENT_2D('',#5303,#5304);
#5303 = CARTESIAN_POINT('',(-0.115,7.5E-02));
#5304 = DIRECTION('',(1.,0.));
#5305 = ( GEOMETRIC_REPRESENTATION_CONTEXT(2) 
PARAMETRIC_REPRESENTATION_CONTEXT() REPRESENTATION_CONTEXT('2D SPACE',''
  ) );
#5306 = ORIENTED_EDGE('',*,*,#5307,.T.);
#5307 = EDGE_CURVE('',#5284,#1363,#5308,.T.);
#5308 = SURFACE_CURVE('',#5309,(#5313,#5320),.PCURVE_S1.);
#5309 = LINE('',#5310,#5311);
#5310 = CARTESIAN_POINT('',(0.115,5.E-02,-0.355125000056));
#5311 = VECTOR('',#5312,1.);
#5312 = DIRECTION('',(6.982962677686E-15,0.,1.));
#5313 = PCURVE('',#1407,#5314);
#5314 = DEFINITIONAL_REPRESENTATION('',(#5315),#5319);
#5315 = LINE('',#5316,#5317);
#5316 = CARTESIAN_POINT('',(4.712388980385,0.));
#5317 = VECTOR('',#5318,1.);
#5318 = DIRECTION('',(0.,1.));
#5319 = ( GEOMETRIC_REPRESENTATION_CONTEXT(2) 
PARAMETRIC_REPRESENTATION_CONTEXT() REPRESENTATION_CONTEXT('2D SPACE',''
  ) );
#5320 = PCURVE('',#1378,#5321);
#5321 = DEFINITIONAL_REPRESENTATION('',(#5322),#5326);
#5322 = LINE('',#5323,#5324);
#5323 = CARTESIAN_POINT('',(-6.E-02,-5.551115123126E-16));
#5324 = VECTOR('',#5325,1.);
#5325 = DIRECTION('',(6.982962677686E-15,-1.));
#5326 = ( GEOMETRIC_REPRESENTATION_CONTEXT(2) 
PARAMETRIC_REPRESENTATION_CONTEXT() REPRESENTATION_CONTEXT('2D SPACE',''
  ) );
#5327 = ORIENTED_EDGE('',*,*,#1390,.T.);
#5328 = ADVANCED_FACE('',(#5329),#1378,.T.);
#5329 = FACE_BOUND('',#5330,.T.);
#5330 = EDGE_LOOP('',(#5331,#5332,#5355,#5376));
#5331 = ORIENTED_EDGE('',*,*,#1362,.F.);
#5332 = ORIENTED_EDGE('',*,*,#5333,.F.);
#5333 = EDGE_CURVE('',#5334,#1335,#5336,.T.);
#5334 = VERTEX_POINT('',#5335);
#5335 = CARTESIAN_POINT('',(0.175,5.E-02,-0.355125000056));
#5336 = SURFACE_CURVE('',#5337,(#5341,#5348),.PCURVE_S1.);
#5337 = LINE('',#5338,#5339);
#5338 = CARTESIAN_POINT('',(0.175,5.E-02,-0.355125000056));
#5339 = VECTOR('',#5340,1.);
#5340 = DIRECTION('',(6.982962677686E-15,0.,1.));
#5341 = PCURVE('',#1378,#5342);
#5342 = DEFINITIONAL_REPRESENTATION('',(#5343),#5347);
#5343 = LINE('',#5344,#5345);
#5344 = CARTESIAN_POINT('',(0.,0.));
#5345 = VECTOR('',#5346,1.);
#5346 = DIRECTION('',(6.982962677686E-15,-1.));
#5347 = ( GEOMETRIC_REPRESENTATION_CONTEXT(2) 
PARAMETRIC_REPRESENTATION_CONTEXT() REPRESENTATION_CONTEXT('2D SPACE',''
  ) );
#5348 = PCURVE('',#581,#5349);
#5349 = DEFINITIONAL_REPRESENTATION('',(#5350),#5354);
#5350 = LINE('',#5351,#5352);
#5351 = CARTESIAN_POINT('',(1.570796326795,0.));
#5352 = VECTOR('',#5353,1.);
#5353 = DIRECTION('',(0.,1.));
#5354 = ( GEOMETRIC_REPRESENTATION_CONTEXT(2) 
PARAMETRIC_REPRESENTATION_CONTEXT() REPRESENTATION_CONTEXT('2D SPACE',''
  ) );
#5355 = ORIENTED_EDGE('',*,*,#5356,.T.);
#5356 = EDGE_CURVE('',#5334,#5284,#5357,.T.);
#5357 = SURFACE_CURVE('',#5358,(#5362,#5369),.PCURVE_S1.);
#5358 = LINE('',#5359,#5360);
#5359 = CARTESIAN_POINT('',(0.175,5.E-02,-0.355125000056));
#5360 = VECTOR('',#5361,1.);
#5361 = DIRECTION('',(-1.,0.,6.982962677686E-15));
#5362 = PCURVE('',#1378,#5363);
#5363 = DEFINITIONAL_REPRESENTATION('',(#5364),#5368);
#5364 = LINE('',#5365,#5366);
#5365 = CARTESIAN_POINT('',(0.,0.));
#5366 = VECTOR('',#5367,1.);
#5367 = DIRECTION('',(-1.,-6.982962677686E-15));
#5368 = ( GEOMETRIC_REPRESENTATION_CONTEXT(2) 
PARAMETRIC_REPRESENTATION_CONTEXT() REPRESENTATION_CONTEXT('2D SPACE',''
  ) );
#5369 = PCURVE('',#424,#5370);
#5370 = DEFINITIONAL_REPRESENTATION('',(#5371),#5375);
#5371 = LINE('',#5372,#5373);
#5372 = CARTESIAN_POINT('',(-0.175,5.E-02));
#5373 = VECTOR('',#5374,1.);
#5374 = DIRECTION('',(1.,0.));
#5375 = ( GEOMETRIC_REPRESENTATION_CONTEXT(2) 
PARAMETRIC_REPRESENTATION_CONTEXT() REPRESENTATION_CONTEXT('2D SPACE',''
  ) );
#5376 = ORIENTED_EDGE('',*,*,#5307,.T.);
#5377 = ADVANCED_FACE('',(#5378),#581,.T.);
#5378 = FACE_BOUND('',#5379,.T.);
#5379 = EDGE_LOOP('',(#5380,#5381,#5407,#5408));
#5380 = ORIENTED_EDGE('',*,*,#565,.F.);
#5381 = ORIENTED_EDGE('',*,*,#5382,.T.);
#5382 = EDGE_CURVE('',#533,#5334,#5383,.T.);
#5383 = SURFACE_CURVE('',#5384,(#5389,#5396),.PCURVE_S1.);
#5384 = CIRCLE('',#5385,5.E-02);
#5385 = AXIS2_PLACEMENT_3D('',#5386,#5387,#5388);
#5386 = CARTESIAN_POINT('',(0.175,1.219727444046E-16,-0.355125000056));
#5387 = DIRECTION('',(6.505213034913E-15,0.,1.));
#5388 = DIRECTION('',(-1.,0.,6.505213034913E-15));
#5389 = PCURVE('',#581,#5390);
#5390 = DEFINITIONAL_REPRESENTATION('',(#5391),#5395);
#5391 = LINE('',#5392,#5393);
#5392 = CARTESIAN_POINT('',(-3.14159265359,-1.665334536938E-16));
#5393 = VECTOR('',#5394,1.);
#5394 = DIRECTION('',(1.,3.533949646071E-17));
#5395 = ( GEOMETRIC_REPRESENTATION_CONTEXT(2) 
PARAMETRIC_REPRESENTATION_CONTEXT() REPRESENTATION_CONTEXT('2D SPACE',''
  ) );
#5396 = PCURVE('',#424,#5397);
#5397 = DEFINITIONAL_REPRESENTATION('',(#5398),#5406);
#5398 = ( BOUNDED_CURVE() B_SPLINE_CURVE(2,(#5399,#5400,#5401,#5402,
#5403,#5404,#5405),.UNSPECIFIED.,.T.,.F.) B_SPLINE_CURVE_WITH_KNOTS((1,2
    ,2,2,2,1),(-2.094395102393,0.,2.094395102393,4.188790204786,
6.28318530718,8.377580409573),.UNSPECIFIED.) CURVE() 
GEOMETRIC_REPRESENTATION_ITEM() RATIONAL_B_SPLINE_CURVE((1.,0.5,1.,0.5,
1.,0.5,1.)) REPRESENTATION_ITEM('') );
#5399 = CARTESIAN_POINT('',(-0.125,1.219727444046E-16));
#5400 = CARTESIAN_POINT('',(-0.125,-8.660254037844E-02));
#5401 = CARTESIAN_POINT('',(-0.2,-4.330127018922E-02));
#5402 = CARTESIAN_POINT('',(-0.275,1.097262764131E-16));
#5403 = CARTESIAN_POINT('',(-0.2,4.330127018922E-02));
#5404 = CARTESIAN_POINT('',(-0.125,8.660254037844E-02));
#5405 = CARTESIAN_POINT('',(-0.125,1.219727444046E-16));
#5406 = ( GEOMETRIC_REPRESENTATION_CONTEXT(2) 
PARAMETRIC_REPRESENTATION_CONTEXT() REPRESENTATION_CONTEXT('2D SPACE',''
  ) );
#5407 = ORIENTED_EDGE('',*,*,#5333,.T.);
#5408 = ORIENTED_EDGE('',*,*,#1334,.F.);
#5409 = ADVANCED_FACE('',(#5410),#635,.T.);
#5410 = FACE_BOUND('',#5411,.T.);
#5411 = EDGE_LOOP('',(#5412,#5413,#5436,#5457));
#5412 = ORIENTED_EDGE('',*,*,#1312,.F.);
#5413 = ORIENTED_EDGE('',*,*,#5414,.F.);
#5414 = EDGE_CURVE('',#5415,#1284,#5417,.T.);
#5415 = VERTEX_POINT('',#5416);
#5416 = CARTESIAN_POINT('',(0.115,-5.E-02,-0.355125000056));
#5417 = SURFACE_CURVE('',#5418,(#5422,#5429),.PCURVE_S1.);
#5418 = LINE('',#5419,#5420);
#5419 = CARTESIAN_POINT('',(0.115,-5.E-02,-0.355125000056));
#5420 = VECTOR('',#5421,1.);
#5421 = DIRECTION('',(6.982962677686E-15,0.,1.));
#5422 = PCURVE('',#635,#5423);
#5423 = DEFINITIONAL_REPRESENTATION('',(#5424),#5428);
#5424 = LINE('',#5425,#5426);
#5425 = CARTESIAN_POINT('',(-5.551115123126E-16,-6.E-02));
#5426 = VECTOR('',#5427,1.);
#5427 = DIRECTION('',(-1.,6.982962677686E-15));
#5428 = ( GEOMETRIC_REPRESENTATION_CONTEXT(2) 
PARAMETRIC_REPRESENTATION_CONTEXT() REPRESENTATION_CONTEXT('2D SPACE',''
  ) );
#5429 = PCURVE('',#1300,#5430);
#5430 = DEFINITIONAL_REPRESENTATION('',(#5431),#5435);
#5431 = LINE('',#5432,#5433);
#5432 = CARTESIAN_POINT('',(1.570796326795,0.));
#5433 = VECTOR('',#5434,1.);
#5434 = DIRECTION('',(0.,1.));
#5435 = ( GEOMETRIC_REPRESENTATION_CONTEXT(2) 
PARAMETRIC_REPRESENTATION_CONTEXT() REPRESENTATION_CONTEXT('2D SPACE',''
  ) );
#5436 = ORIENTED_EDGE('',*,*,#5437,.T.);
#5437 = EDGE_CURVE('',#5415,#531,#5438,.T.);
#5438 = SURFACE_CURVE('',#5439,(#5443,#5450),.PCURVE_S1.);
#5439 = LINE('',#5440,#5441);
#5440 = CARTESIAN_POINT('',(0.175,-5.E-02,-0.355125000056));
#5441 = VECTOR('',#5442,1.);
#5442 = DIRECTION('',(1.,0.,-6.982962677686E-15));
#5443 = PCURVE('',#635,#5444);
#5444 = DEFINITIONAL_REPRESENTATION('',(#5445),#5449);
#5445 = LINE('',#5446,#5447);
#5446 = CARTESIAN_POINT('',(0.,0.));
#5447 = VECTOR('',#5448,1.);
#5448 = DIRECTION('',(6.982962677686E-15,1.));
#5449 = ( GEOMETRIC_REPRESENTATION_CONTEXT(2) 
PARAMETRIC_REPRESENTATION_CONTEXT() REPRESENTATION_CONTEXT('2D SPACE',''
  ) );
#5450 = PCURVE('',#424,#5451);
#5451 = DEFINITIONAL_REPRESENTATION('',(#5452),#5456);
#5452 = LINE('',#5453,#5454);
#5453 = CARTESIAN_POINT('',(-0.175,-5.E-02));
#5454 = VECTOR('',#5455,1.);
#5455 = DIRECTION('',(-1.,0.));
#5456 = ( GEOMETRIC_REPRESENTATION_CONTEXT(2) 
PARAMETRIC_REPRESENTATION_CONTEXT() REPRESENTATION_CONTEXT('2D SPACE',''
  ) );
#5457 = ORIENTED_EDGE('',*,*,#621,.T.);
#5458 = ADVANCED_FACE('',(#5459),#1300,.F.);
#5459 = FACE_BOUND('',#5460,.F.);
#5460 = EDGE_LOOP('',(#5461,#5462,#5486,#5507));
#5461 = ORIENTED_EDGE('',*,*,#5414,.F.);
#5462 = ORIENTED_EDGE('',*,*,#5463,.F.);
#5463 = EDGE_CURVE('',#5464,#5415,#5466,.T.);
#5464 = VERTEX_POINT('',#5465);
#5465 = CARTESIAN_POINT('',(9.E-02,-7.5E-02,-0.355125000056));
#5466 = SURFACE_CURVE('',#5467,(#5472,#5479),.PCURVE_S1.);
#5467 = CIRCLE('',#5468,2.5E-02);
#5468 = AXIS2_PLACEMENT_3D('',#5469,#5470,#5471);
#5469 = CARTESIAN_POINT('',(0.115,-7.5E-02,-0.355125000056));
#5470 = DIRECTION('',(-6.505213034913E-15,0.,-1.));
#5471 = DIRECTION('',(1.,0.,-6.505213034913E-15));
#5472 = PCURVE('',#1300,#5473);
#5473 = DEFINITIONAL_REPRESENTATION('',(#5474),#5478);
#5474 = LINE('',#5475,#5476);
#5475 = CARTESIAN_POINT('',(6.28318530718,1.665334536938E-16));
#5476 = VECTOR('',#5477,1.);
#5477 = DIRECTION('',(-1.,-3.533949646071E-17));
#5478 = ( GEOMETRIC_REPRESENTATION_CONTEXT(2) 
PARAMETRIC_REPRESENTATION_CONTEXT() REPRESENTATION_CONTEXT('2D SPACE',''
  ) );
#5479 = PCURVE('',#424,#5480);
#5480 = DEFINITIONAL_REPRESENTATION('',(#5481),#5485);
#5481 = CIRCLE('',#5482,2.5E-02);
#5482 = AXIS2_PLACEMENT_2D('',#5483,#5484);
#5483 = CARTESIAN_POINT('',(-0.115,-7.5E-02));
#5484 = DIRECTION('',(-1.,0.));
#5485 = ( GEOMETRIC_REPRESENTATION_CONTEXT(2) 
PARAMETRIC_REPRESENTATION_CONTEXT() REPRESENTATION_CONTEXT('2D SPACE',''
  ) );
#5486 = ORIENTED_EDGE('',*,*,#5487,.T.);
#5487 = EDGE_CURVE('',#5464,#1256,#5488,.T.);
#5488 = SURFACE_CURVE('',#5489,(#5493,#5500),.PCURVE_S1.);
#5489 = LINE('',#5490,#5491);
#5490 = CARTESIAN_POINT('',(9.E-02,-7.5E-02,-0.355125000056));
#5491 = VECTOR('',#5492,1.);
#5492 = DIRECTION('',(6.982962677686E-15,0.,1.));
#5493 = PCURVE('',#1300,#5494);
#5494 = DEFINITIONAL_REPRESENTATION('',(#5495),#5499);
#5495 = LINE('',#5496,#5497);
#5496 = CARTESIAN_POINT('',(3.14159265359,-1.110223024625E-16));
#5497 = VECTOR('',#5498,1.);
#5498 = DIRECTION('',(0.,1.));
#5499 = ( GEOMETRIC_REPRESENTATION_CONTEXT(2) 
PARAMETRIC_REPRESENTATION_CONTEXT() REPRESENTATION_CONTEXT('2D SPACE',''
  ) );
#5500 = PCURVE('',#1271,#5501);
#5501 = DEFINITIONAL_REPRESENTATION('',(#5502),#5506);
#5502 = LINE('',#5503,#5504);
#5503 = CARTESIAN_POINT('',(0.,0.));
#5504 = VECTOR('',#5505,1.);
#5505 = DIRECTION('',(-1.,0.));
#5506 = ( GEOMETRIC_REPRESENTATION_CONTEXT(2) 
PARAMETRIC_REPRESENTATION_CONTEXT() REPRESENTATION_CONTEXT('2D SPACE',''
  ) );
#5507 = ORIENTED_EDGE('',*,*,#1283,.T.);
#5508 = ADVANCED_FACE('',(#5509),#1271,.T.);
#5509 = FACE_BOUND('',#5510,.T.);
#5510 = EDGE_LOOP('',(#5511,#5512,#5535,#5556));
#5511 = ORIENTED_EDGE('',*,*,#1255,.F.);
#5512 = ORIENTED_EDGE('',*,*,#5513,.F.);
#5513 = EDGE_CURVE('',#5514,#1227,#5516,.T.);
#5514 = VERTEX_POINT('',#5515);
#5515 = CARTESIAN_POINT('',(9.E-02,-0.225,-0.355125000056));
#5516 = SURFACE_CURVE('',#5517,(#5521,#5528),.PCURVE_S1.);
#5517 = LINE('',#5518,#5519);
#5518 = CARTESIAN_POINT('',(9.E-02,-0.225,-0.355125000056));
#5519 = VECTOR('',#5520,1.);
#5520 = DIRECTION('',(6.982962677686E-15,0.,1.));
#5521 = PCURVE('',#1271,#5522);
#5522 = DEFINITIONAL_REPRESENTATION('',(#5523),#5527);
#5523 = LINE('',#5524,#5525);
#5524 = CARTESIAN_POINT('',(-0.,-0.15));
#5525 = VECTOR('',#5526,1.);
#5526 = DIRECTION('',(-1.,0.));
#5527 = ( GEOMETRIC_REPRESENTATION_CONTEXT(2) 
PARAMETRIC_REPRESENTATION_CONTEXT() REPRESENTATION_CONTEXT('2D SPACE',''
  ) );
#5528 = PCURVE('',#1243,#5529);
#5529 = DEFINITIONAL_REPRESENTATION('',(#5530),#5534);
#5530 = LINE('',#5531,#5532);
#5531 = CARTESIAN_POINT('',(3.14159265359,-1.110223024625E-16));
#5532 = VECTOR('',#5533,1.);
#5533 = DIRECTION('',(0.,1.));
#5534 = ( GEOMETRIC_REPRESENTATION_CONTEXT(2) 
PARAMETRIC_REPRESENTATION_CONTEXT() REPRESENTATION_CONTEXT('2D SPACE',''
  ) );
#5535 = ORIENTED_EDGE('',*,*,#5536,.T.);
#5536 = EDGE_CURVE('',#5514,#5464,#5537,.T.);
#5537 = SURFACE_CURVE('',#5538,(#5542,#5549),.PCURVE_S1.);
#5538 = LINE('',#5539,#5540);
#5539 = CARTESIAN_POINT('',(9.E-02,-7.5E-02,-0.355125000056));
#5540 = VECTOR('',#5541,1.);
#5541 = DIRECTION('',(0.,1.,0.));
#5542 = PCURVE('',#1271,#5543);
#5543 = DEFINITIONAL_REPRESENTATION('',(#5544),#5548);
#5544 = LINE('',#5545,#5546);
#5545 = CARTESIAN_POINT('',(0.,0.));
#5546 = VECTOR('',#5547,1.);
#5547 = DIRECTION('',(0.,1.));
#5548 = ( GEOMETRIC_REPRESENTATION_CONTEXT(2) 
PARAMETRIC_REPRESENTATION_CONTEXT() REPRESENTATION_CONTEXT('2D SPACE',''
  ) );
#5549 = PCURVE('',#424,#5550);
#5550 = DEFINITIONAL_REPRESENTATION('',(#5551),#5555);
#5551 = LINE('',#5552,#5553);
#5552 = CARTESIAN_POINT('',(-9.E-02,-7.5E-02));
#5553 = VECTOR('',#5554,1.);
#5554 = DIRECTION('',(0.,1.));
#5555 = ( GEOMETRIC_REPRESENTATION_CONTEXT(2) 
PARAMETRIC_REPRESENTATION_CONTEXT() REPRESENTATION_CONTEXT('2D SPACE',''
  ) );
#5556 = ORIENTED_EDGE('',*,*,#5487,.T.);
#5557 = ADVANCED_FACE('',(#5558),#1243,.F.);
#5558 = FACE_BOUND('',#5559,.F.);
#5559 = EDGE_LOOP('',(#5560,#5561,#5585,#5606));
#5560 = ORIENTED_EDGE('',*,*,#5513,.F.);
#5561 = ORIENTED_EDGE('',*,*,#5562,.F.);
#5562 = EDGE_CURVE('',#5563,#5514,#5565,.T.);
#5563 = VERTEX_POINT('',#5564);
#5564 = CARTESIAN_POINT('',(0.115,-0.25,-0.355125000056));
#5565 = SURFACE_CURVE('',#5566,(#5571,#5578),.PCURVE_S1.);
#5566 = CIRCLE('',#5567,2.5E-02);
#5567 = AXIS2_PLACEMENT_3D('',#5568,#5569,#5570);
#5568 = CARTESIAN_POINT('',(0.115,-0.225,-0.355125000056));
#5569 = DIRECTION('',(-6.505213034913E-15,0.,-1.));
#5570 = DIRECTION('',(-1.,0.,6.505213034913E-15));
#5571 = PCURVE('',#1243,#5572);
#5572 = DEFINITIONAL_REPRESENTATION('',(#5573),#5577);
#5573 = LINE('',#5574,#5575);
#5574 = CARTESIAN_POINT('',(9.424777960769,-1.665334536938E-16));
#5575 = VECTOR('',#5576,1.);
#5576 = DIRECTION('',(-1.,3.533949646071E-17));
#5577 = ( GEOMETRIC_REPRESENTATION_CONTEXT(2) 
PARAMETRIC_REPRESENTATION_CONTEXT() REPRESENTATION_CONTEXT('2D SPACE',''
  ) );
#5578 = PCURVE('',#424,#5579);
#5579 = DEFINITIONAL_REPRESENTATION('',(#5580),#5584);
#5580 = CIRCLE('',#5581,2.5E-02);
#5581 = AXIS2_PLACEMENT_2D('',#5582,#5583);
#5582 = CARTESIAN_POINT('',(-0.115,-0.225));
#5583 = DIRECTION('',(1.,0.));
#5584 = ( GEOMETRIC_REPRESENTATION_CONTEXT(2) 
PARAMETRIC_REPRESENTATION_CONTEXT() REPRESENTATION_CONTEXT('2D SPACE',''
  ) );
#5585 = ORIENTED_EDGE('',*,*,#5586,.T.);
#5586 = EDGE_CURVE('',#5563,#1199,#5587,.T.);
#5587 = SURFACE_CURVE('',#5588,(#5592,#5599),.PCURVE_S1.);
#5588 = LINE('',#5589,#5590);
#5589 = CARTESIAN_POINT('',(0.115,-0.25,-0.355125000056));
#5590 = VECTOR('',#5591,1.);
#5591 = DIRECTION('',(6.982962677686E-15,0.,1.));
#5592 = PCURVE('',#1243,#5593);
#5593 = DEFINITIONAL_REPRESENTATION('',(#5594),#5598);
#5594 = LINE('',#5595,#5596);
#5595 = CARTESIAN_POINT('',(4.712388980385,0.));
#5596 = VECTOR('',#5597,1.);
#5597 = DIRECTION('',(0.,1.));
#5598 = ( GEOMETRIC_REPRESENTATION_CONTEXT(2) 
PARAMETRIC_REPRESENTATION_CONTEXT() REPRESENTATION_CONTEXT('2D SPACE',''
  ) );
#5599 = PCURVE('',#1214,#5600);
#5600 = DEFINITIONAL_REPRESENTATION('',(#5601),#5605);
#5601 = LINE('',#5602,#5603);
#5602 = CARTESIAN_POINT('',(0.,0.));
#5603 = VECTOR('',#5604,1.);
#5604 = DIRECTION('',(6.982962677686E-15,-1.));
#5605 = ( GEOMETRIC_REPRESENTATION_CONTEXT(2) 
PARAMETRIC_REPRESENTATION_CONTEXT() REPRESENTATION_CONTEXT('2D SPACE',''
  ) );
#5606 = ORIENTED_EDGE('',*,*,#1226,.T.);
#5607 = ADVANCED_FACE('',(#5608),#1214,.T.);
#5608 = FACE_BOUND('',#5609,.T.);
#5609 = EDGE_LOOP('',(#5610,#5611,#5634,#5655));
#5610 = ORIENTED_EDGE('',*,*,#1198,.F.);
#5611 = ORIENTED_EDGE('',*,*,#5612,.F.);
#5612 = EDGE_CURVE('',#5613,#1170,#5615,.T.);
#5613 = VERTEX_POINT('',#5614);
#5614 = CARTESIAN_POINT('',(0.238944487245,-0.25,-0.355125000056));
#5615 = SURFACE_CURVE('',#5616,(#5620,#5627),.PCURVE_S1.);
#5616 = LINE('',#5617,#5618);
#5617 = CARTESIAN_POINT('',(0.238944487245,-0.25,-0.355125000056));
#5618 = VECTOR('',#5619,1.);
#5619 = DIRECTION('',(6.982962677686E-15,0.,1.));
#5620 = PCURVE('',#1214,#5621);
#5621 = DEFINITIONAL_REPRESENTATION('',(#5622),#5626);
#5622 = LINE('',#5623,#5624);
#5623 = CARTESIAN_POINT('',(0.123944487245,1.054711873394E-15));
#5624 = VECTOR('',#5625,1.);
#5625 = DIRECTION('',(6.982962677686E-15,-1.));
#5626 = ( GEOMETRIC_REPRESENTATION_CONTEXT(2) 
PARAMETRIC_REPRESENTATION_CONTEXT() REPRESENTATION_CONTEXT('2D SPACE',''
  ) );
#5627 = PCURVE('',#1186,#5628);
#5628 = DEFINITIONAL_REPRESENTATION('',(#5629),#5633);
#5629 = LINE('',#5630,#5631);
#5630 = CARTESIAN_POINT('',(4.712388980385,0.));
#5631 = VECTOR('',#5632,1.);
#5632 = DIRECTION('',(0.,1.));
#5633 = ( GEOMETRIC_REPRESENTATION_CONTEXT(2) 
PARAMETRIC_REPRESENTATION_CONTEXT() REPRESENTATION_CONTEXT('2D SPACE',''
  ) );
#5634 = ORIENTED_EDGE('',*,*,#5635,.T.);
#5635 = EDGE_CURVE('',#5613,#5563,#5636,.T.);
#5636 = SURFACE_CURVE('',#5637,(#5641,#5648),.PCURVE_S1.);
#5637 = LINE('',#5638,#5639);
#5638 = CARTESIAN_POINT('',(0.115,-0.25,-0.355125000056));
#5639 = VECTOR('',#5640,1.);
#5640 = DIRECTION('',(-1.,0.,6.982962677686E-15));
#5641 = PCURVE('',#1214,#5642);
#5642 = DEFINITIONAL_REPRESENTATION('',(#5643),#5647);
#5643 = LINE('',#5644,#5645);
#5644 = CARTESIAN_POINT('',(0.,0.));
#5645 = VECTOR('',#5646,1.);
#5646 = DIRECTION('',(-1.,-6.982962677686E-15));
#5647 = ( GEOMETRIC_REPRESENTATION_CONTEXT(2) 
PARAMETRIC_REPRESENTATION_CONTEXT() REPRESENTATION_CONTEXT('2D SPACE',''
  ) );
#5648 = PCURVE('',#424,#5649);
#5649 = DEFINITIONAL_REPRESENTATION('',(#5650),#5654);
#5650 = LINE('',#5651,#5652);
#5651 = CARTESIAN_POINT('',(-0.115,-0.25));
#5652 = VECTOR('',#5653,1.);
#5653 = DIRECTION('',(1.,0.));
#5654 = ( GEOMETRIC_REPRESENTATION_CONTEXT(2) 
PARAMETRIC_REPRESENTATION_CONTEXT() REPRESENTATION_CONTEXT('2D SPACE',''
  ) );
#5655 = ORIENTED_EDGE('',*,*,#5586,.T.);
#5656 = ADVANCED_FACE('',(#5657),#1186,.F.);
#5657 = FACE_BOUND('',#5658,.F.);
#5658 = EDGE_LOOP('',(#5659,#5660,#5684,#5705));
#5659 = ORIENTED_EDGE('',*,*,#5612,.F.);
#5660 = ORIENTED_EDGE('',*,*,#5661,.F.);
#5661 = EDGE_CURVE('',#5662,#5613,#5664,.T.);
#5662 = VERTEX_POINT('',#5663);
#5663 = CARTESIAN_POINT('',(0.251821456086,-0.246428571429,
    -0.355125000056));
#5664 = SURFACE_CURVE('',#5665,(#5670,#5677),.PCURVE_S1.);
#5665 = CIRCLE('',#5666,2.5E-02);
#5666 = AXIS2_PLACEMENT_3D('',#5667,#5668,#5669);
#5667 = CARTESIAN_POINT('',(0.238944487245,-0.225,-0.355125000056));
#5668 = DIRECTION('',(-6.505213034913E-15,0.,-1.));
#5669 = DIRECTION('',(-1.,0.,6.505213034913E-15));
#5670 = PCURVE('',#1186,#5671);
#5671 = DEFINITIONAL_REPRESENTATION('',(#5672),#5676);
#5672 = LINE('',#5673,#5674);
#5673 = CARTESIAN_POINT('',(9.424777960769,0.));
#5674 = VECTOR('',#5675,1.);
#5675 = DIRECTION('',(-1.,0.));
#5676 = ( GEOMETRIC_REPRESENTATION_CONTEXT(2) 
PARAMETRIC_REPRESENTATION_CONTEXT() REPRESENTATION_CONTEXT('2D SPACE',''
  ) );
#5677 = PCURVE('',#424,#5678);
#5678 = DEFINITIONAL_REPRESENTATION('',(#5679),#5683);
#5679 = CIRCLE('',#5680,2.5E-02);
#5680 = AXIS2_PLACEMENT_2D('',#5681,#5682);
#5681 = CARTESIAN_POINT('',(-0.238944487245,-0.225));
#5682 = DIRECTION('',(1.,0.));
#5683 = ( GEOMETRIC_REPRESENTATION_CONTEXT(2) 
PARAMETRIC_REPRESENTATION_CONTEXT() REPRESENTATION_CONTEXT('2D SPACE',''
  ) );
#5684 = ORIENTED_EDGE('',*,*,#5685,.T.);
#5685 = EDGE_CURVE('',#5662,#1142,#5686,.T.);
#5686 = SURFACE_CURVE('',#5687,(#5691,#5698),.PCURVE_S1.);
#5687 = LINE('',#5688,#5689);
#5688 = CARTESIAN_POINT('',(0.251821456086,-0.246428571429,
    -0.355125000056));
#5689 = VECTOR('',#5690,1.);
#5690 = DIRECTION('',(6.982962677686E-15,0.,1.));
#5691 = PCURVE('',#1186,#5692);
#5692 = DEFINITIONAL_REPRESENTATION('',(#5693),#5697);
#5693 = LINE('',#5694,#5695);
#5694 = CARTESIAN_POINT('',(5.253488506342,1.110223024625E-16));
#5695 = VECTOR('',#5696,1.);
#5696 = DIRECTION('',(0.,1.));
#5697 = ( GEOMETRIC_REPRESENTATION_CONTEXT(2) 
PARAMETRIC_REPRESENTATION_CONTEXT() REPRESENTATION_CONTEXT('2D SPACE',''
  ) );
#5698 = PCURVE('',#456,#5699);
#5699 = DEFINITIONAL_REPRESENTATION('',(#5700),#5704);
#5700 = LINE('',#5701,#5702);
#5701 = CARTESIAN_POINT('',(2.111895852752,-1.665334536938E-16));
#5702 = VECTOR('',#5703,1.);
#5703 = DIRECTION('',(0.,1.));
#5704 = ( GEOMETRIC_REPRESENTATION_CONTEXT(2) 
PARAMETRIC_REPRESENTATION_CONTEXT() REPRESENTATION_CONTEXT('2D SPACE',''
  ) );
#5705 = ORIENTED_EDGE('',*,*,#1169,.T.);
#5706 = ADVANCED_FACE('',(#5707),#456,.T.);
#5707 = FACE_BOUND('',#5708,.T.);
#5708 = EDGE_LOOP('',(#5709,#5710,#5736,#5737));
#5709 = ORIENTED_EDGE('',*,*,#440,.F.);
#5710 = ORIENTED_EDGE('',*,*,#5711,.T.);
#5711 = EDGE_CURVE('',#403,#5662,#5712,.T.);
#5712 = SURFACE_CURVE('',#5713,(#5718,#5725),.PCURVE_S1.);
#5713 = CIRCLE('',#5714,4.5E-02);
#5714 = AXIS2_PLACEMENT_3D('',#5715,#5716,#5717);
#5715 = CARTESIAN_POINT('',(0.275,-0.285,-0.355125000056));
#5716 = DIRECTION('',(7.228014483237E-15,0.,1.));
#5717 = DIRECTION('',(-1.,0.,7.228014483237E-15));
#5718 = PCURVE('',#456,#5719);
#5719 = DEFINITIONAL_REPRESENTATION('',(#5720),#5724);
#5720 = LINE('',#5721,#5722);
#5721 = CARTESIAN_POINT('',(-3.14159265359,0.));
#5722 = VECTOR('',#5723,1.);
#5723 = DIRECTION('',(1.,0.));
#5724 = ( GEOMETRIC_REPRESENTATION_CONTEXT(2) 
PARAMETRIC_REPRESENTATION_CONTEXT() REPRESENTATION_CONTEXT('2D SPACE',''
  ) );
#5725 = PCURVE('',#424,#5726);
#5726 = DEFINITIONAL_REPRESENTATION('',(#5727),#5735);
#5727 = ( BOUNDED_CURVE() B_SPLINE_CURVE(2,(#5728,#5729,#5730,#5731,
#5732,#5733,#5734),.UNSPECIFIED.,.T.,.F.) B_SPLINE_CURVE_WITH_KNOTS((1,2
    ,2,2,2,1),(-2.094395102393,0.,2.094395102393,4.188790204786,
6.28318530718,8.377580409573),.UNSPECIFIED.) CURVE() 
GEOMETRIC_REPRESENTATION_ITEM() RATIONAL_B_SPLINE_CURVE((1.,0.5,1.,0.5,
1.,0.5,1.)) REPRESENTATION_ITEM('') );
#5728 = CARTESIAN_POINT('',(-0.23,-0.285));
#5729 = CARTESIAN_POINT('',(-0.23,-0.362942286341));
#5730 = CARTESIAN_POINT('',(-0.2975,-0.32397114317));
#5731 = CARTESIAN_POINT('',(-0.365,-0.285));
#5732 = CARTESIAN_POINT('',(-0.2975,-0.24602885683));
#5733 = CARTESIAN_POINT('',(-0.23,-0.207057713659));
#5734 = CARTESIAN_POINT('',(-0.23,-0.285));
#5735 = ( GEOMETRIC_REPRESENTATION_CONTEXT(2) 
PARAMETRIC_REPRESENTATION_CONTEXT() REPRESENTATION_CONTEXT('2D SPACE',''
  ) );
#5736 = ORIENTED_EDGE('',*,*,#5685,.T.);
#5737 = ORIENTED_EDGE('',*,*,#1141,.F.);
#5738 = ADVANCED_FACE('',(#5739),#515,.F.);
#5739 = FACE_BOUND('',#5740,.F.);
#5740 = EDGE_LOOP('',(#5741,#5742,#5766,#5787));
#5741 = ORIENTED_EDGE('',*,*,#501,.F.);
#5742 = ORIENTED_EDGE('',*,*,#5743,.F.);
#5743 = EDGE_CURVE('',#5744,#401,#5746,.T.);
#5744 = VERTEX_POINT('',#5745);
#5745 = CARTESIAN_POINT('',(0.238944487245,-0.32,-0.355125000056));
#5746 = SURFACE_CURVE('',#5747,(#5752,#5759),.PCURVE_S1.);
#5747 = CIRCLE('',#5748,2.5E-02);
#5748 = AXIS2_PLACEMENT_3D('',#5749,#5750,#5751);
#5749 = CARTESIAN_POINT('',(0.238944487245,-0.345,-0.355125000056));
#5750 = DIRECTION('',(-6.505213034913E-15,0.,-1.));
#5751 = DIRECTION('',(1.,0.,-6.505213034913E-15));
#5752 = PCURVE('',#515,#5753);
#5753 = DEFINITIONAL_REPRESENTATION('',(#5754),#5758);
#5754 = LINE('',#5755,#5756);
#5755 = CARTESIAN_POINT('',(6.28318530718,0.));
#5756 = VECTOR('',#5757,1.);
#5757 = DIRECTION('',(-1.,0.));
#5758 = ( GEOMETRIC_REPRESENTATION_CONTEXT(2) 
PARAMETRIC_REPRESENTATION_CONTEXT() REPRESENTATION_CONTEXT('2D SPACE',''
  ) );
#5759 = PCURVE('',#424,#5760);
#5760 = DEFINITIONAL_REPRESENTATION('',(#5761),#5765);
#5761 = CIRCLE('',#5762,2.5E-02);
#5762 = AXIS2_PLACEMENT_2D('',#5763,#5764);
#5763 = CARTESIAN_POINT('',(-0.238944487245,-0.345));
#5764 = DIRECTION('',(-1.,0.));
#5765 = ( GEOMETRIC_REPRESENTATION_CONTEXT(2) 
PARAMETRIC_REPRESENTATION_CONTEXT() REPRESENTATION_CONTEXT('2D SPACE',''
  ) );
#5766 = ORIENTED_EDGE('',*,*,#5767,.T.);
#5767 = EDGE_CURVE('',#5744,#1091,#5768,.T.);
#5768 = SURFACE_CURVE('',#5769,(#5773,#5780),.PCURVE_S1.);
#5769 = LINE('',#5770,#5771);
#5770 = CARTESIAN_POINT('',(0.238944487245,-0.32,-0.355125000056));
#5771 = VECTOR('',#5772,1.);
#5772 = DIRECTION('',(6.982962677686E-15,0.,1.));
#5773 = PCURVE('',#515,#5774);
#5774 = DEFINITIONAL_REPRESENTATION('',(#5775),#5779);
#5775 = LINE('',#5776,#5777);
#5776 = CARTESIAN_POINT('',(1.570796326795,0.));
#5777 = VECTOR('',#5778,1.);
#5778 = DIRECTION('',(0.,1.));
#5779 = ( GEOMETRIC_REPRESENTATION_CONTEXT(2) 
PARAMETRIC_REPRESENTATION_CONTEXT() REPRESENTATION_CONTEXT('2D SPACE',''
  ) );
#5780 = PCURVE('',#1106,#5781);
#5781 = DEFINITIONAL_REPRESENTATION('',(#5782),#5786);
#5782 = LINE('',#5783,#5784);
#5783 = CARTESIAN_POINT('',(-0.123944487245,1.054711873394E-15));
#5784 = VECTOR('',#5785,1.);
#5785 = DIRECTION('',(-6.982962677686E-15,-1.));
#5786 = ( GEOMETRIC_REPRESENTATION_CONTEXT(2) 
PARAMETRIC_REPRESENTATION_CONTEXT() REPRESENTATION_CONTEXT('2D SPACE',''
  ) );
#5787 = ORIENTED_EDGE('',*,*,#1118,.T.);
#5788 = ADVANCED_FACE('',(#5789),#1106,.T.);
#5789 = FACE_BOUND('',#5790,.T.);
#5790 = EDGE_LOOP('',(#5791,#5792,#5815,#5836));
#5791 = ORIENTED_EDGE('',*,*,#1090,.F.);
#5792 = ORIENTED_EDGE('',*,*,#5793,.F.);
#5793 = EDGE_CURVE('',#5794,#1062,#5796,.T.);
#5794 = VERTEX_POINT('',#5795);
#5795 = CARTESIAN_POINT('',(0.115,-0.32,-0.355125000056));
#5796 = SURFACE_CURVE('',#5797,(#5801,#5808),.PCURVE_S1.);
#5797 = LINE('',#5798,#5799);
#5798 = CARTESIAN_POINT('',(0.115,-0.32,-0.355125000056));
#5799 = VECTOR('',#5800,1.);
#5800 = DIRECTION('',(6.982962677686E-15,0.,1.));
#5801 = PCURVE('',#1106,#5802);
#5802 = DEFINITIONAL_REPRESENTATION('',(#5803),#5807);
#5803 = LINE('',#5804,#5805);
#5804 = CARTESIAN_POINT('',(0.,-0.));
#5805 = VECTOR('',#5806,1.);
#5806 = DIRECTION('',(-6.982962677686E-15,-1.));
#5807 = ( GEOMETRIC_REPRESENTATION_CONTEXT(2) 
PARAMETRIC_REPRESENTATION_CONTEXT() REPRESENTATION_CONTEXT('2D SPACE',''
  ) );
#5808 = PCURVE('',#1078,#5809);
#5809 = DEFINITIONAL_REPRESENTATION('',(#5810),#5814);
#5810 = LINE('',#5811,#5812);
#5811 = CARTESIAN_POINT('',(1.570796326795,0.));
#5812 = VECTOR('',#5813,1.);
#5813 = DIRECTION('',(0.,1.));
#5814 = ( GEOMETRIC_REPRESENTATION_CONTEXT(2) 
PARAMETRIC_REPRESENTATION_CONTEXT() REPRESENTATION_CONTEXT('2D SPACE',''
  ) );
#5815 = ORIENTED_EDGE('',*,*,#5816,.T.);
#5816 = EDGE_CURVE('',#5794,#5744,#5817,.T.);
#5817 = SURFACE_CURVE('',#5818,(#5822,#5829),.PCURVE_S1.);
#5818 = LINE('',#5819,#5820);
#5819 = CARTESIAN_POINT('',(0.115,-0.32,-0.355125000056));
#5820 = VECTOR('',#5821,1.);
#5821 = DIRECTION('',(1.,-4.373741005274E-16,-6.982962677686E-15));
#5822 = PCURVE('',#1106,#5823);
#5823 = DEFINITIONAL_REPRESENTATION('',(#5824),#5828);
#5824 = LINE('',#5825,#5826);
#5825 = CARTESIAN_POINT('',(0.,-0.));
#5826 = VECTOR('',#5827,1.);
#5827 = DIRECTION('',(-1.,6.982962677686E-15));
#5828 = ( GEOMETRIC_REPRESENTATION_CONTEXT(2) 
PARAMETRIC_REPRESENTATION_CONTEXT() REPRESENTATION_CONTEXT('2D SPACE',''
  ) );
#5829 = PCURVE('',#424,#5830);
#5830 = DEFINITIONAL_REPRESENTATION('',(#5831),#5835);
#5831 = LINE('',#5832,#5833);
#5832 = CARTESIAN_POINT('',(-0.115,-0.32));
#5833 = VECTOR('',#5834,1.);
#5834 = DIRECTION('',(-1.,-4.373741005274E-16));
#5835 = ( GEOMETRIC_REPRESENTATION_CONTEXT(2) 
PARAMETRIC_REPRESENTATION_CONTEXT() REPRESENTATION_CONTEXT('2D SPACE',''
  ) );
#5836 = ORIENTED_EDGE('',*,*,#5767,.T.);
#5837 = ADVANCED_FACE('',(#5838),#1078,.F.);
#5838 = FACE_BOUND('',#5839,.F.);
#5839 = EDGE_LOOP('',(#5840,#5841,#5865,#5886));
#5840 = ORIENTED_EDGE('',*,*,#5793,.F.);
#5841 = ORIENTED_EDGE('',*,*,#5842,.F.);
#5842 = EDGE_CURVE('',#5843,#5794,#5845,.T.);
#5843 = VERTEX_POINT('',#5844);
#5844 = CARTESIAN_POINT('',(9.E-02,-0.345,-0.355125000056));
#5845 = SURFACE_CURVE('',#5846,(#5851,#5858),.PCURVE_S1.);
#5846 = CIRCLE('',#5847,2.5E-02);
#5847 = AXIS2_PLACEMENT_3D('',#5848,#5849,#5850);
#5848 = CARTESIAN_POINT('',(0.115,-0.345,-0.355125000056));
#5849 = DIRECTION('',(-6.505213034913E-15,0.,-1.));
#5850 = DIRECTION('',(1.,0.,-6.505213034913E-15));
#5851 = PCURVE('',#1078,#5852);
#5852 = DEFINITIONAL_REPRESENTATION('',(#5853),#5857);
#5853 = LINE('',#5854,#5855);
#5854 = CARTESIAN_POINT('',(6.28318530718,1.665334536938E-16));
#5855 = VECTOR('',#5856,1.);
#5856 = DIRECTION('',(-1.,-3.533949646071E-17));
#5857 = ( GEOMETRIC_REPRESENTATION_CONTEXT(2) 
PARAMETRIC_REPRESENTATION_CONTEXT() REPRESENTATION_CONTEXT('2D SPACE',''
  ) );
#5858 = PCURVE('',#424,#5859);
#5859 = DEFINITIONAL_REPRESENTATION('',(#5860),#5864);
#5860 = CIRCLE('',#5861,2.5E-02);
#5861 = AXIS2_PLACEMENT_2D('',#5862,#5863);
#5862 = CARTESIAN_POINT('',(-0.115,-0.345));
#5863 = DIRECTION('',(-1.,0.));
#5864 = ( GEOMETRIC_REPRESENTATION_CONTEXT(2) 
PARAMETRIC_REPRESENTATION_CONTEXT() REPRESENTATION_CONTEXT('2D SPACE',''
  ) );
#5865 = ORIENTED_EDGE('',*,*,#5866,.T.);
#5866 = EDGE_CURVE('',#5843,#1034,#5867,.T.);
#5867 = SURFACE_CURVE('',#5868,(#5872,#5879),.PCURVE_S1.);
#5868 = LINE('',#5869,#5870);
#5869 = CARTESIAN_POINT('',(9.E-02,-0.345,-0.355125000056));
#5870 = VECTOR('',#5871,1.);
#5871 = DIRECTION('',(6.982962677686E-15,0.,1.));
#5872 = PCURVE('',#1078,#5873);
#5873 = DEFINITIONAL_REPRESENTATION('',(#5874),#5878);
#5874 = LINE('',#5875,#5876);
#5875 = CARTESIAN_POINT('',(3.14159265359,-1.110223024625E-16));
#5876 = VECTOR('',#5877,1.);
#5877 = DIRECTION('',(0.,1.));
#5878 = ( GEOMETRIC_REPRESENTATION_CONTEXT(2) 
PARAMETRIC_REPRESENTATION_CONTEXT() REPRESENTATION_CONTEXT('2D SPACE',''
  ) );
#5879 = PCURVE('',#1049,#5880);
#5880 = DEFINITIONAL_REPRESENTATION('',(#5881),#5885);
#5881 = LINE('',#5882,#5883);
#5882 = CARTESIAN_POINT('',(0.,0.));
#5883 = VECTOR('',#5884,1.);
#5884 = DIRECTION('',(-1.,0.));
#5885 = ( GEOMETRIC_REPRESENTATION_CONTEXT(2) 
PARAMETRIC_REPRESENTATION_CONTEXT() REPRESENTATION_CONTEXT('2D SPACE',''
  ) );
#5886 = ORIENTED_EDGE('',*,*,#1061,.T.);
#5887 = ADVANCED_FACE('',(#5888),#1049,.T.);
#5888 = FACE_BOUND('',#5889,.T.);
#5889 = EDGE_LOOP('',(#5890,#5891,#5914,#5935));
#5890 = ORIENTED_EDGE('',*,*,#1033,.F.);
#5891 = ORIENTED_EDGE('',*,*,#5892,.F.);
#5892 = EDGE_CURVE('',#5893,#1005,#5895,.T.);
#5893 = VERTEX_POINT('',#5894);
#5894 = CARTESIAN_POINT('',(9.E-02,-0.595,-0.355125000056));
#5895 = SURFACE_CURVE('',#5896,(#5900,#5907),.PCURVE_S1.);
#5896 = LINE('',#5897,#5898);
#5897 = CARTESIAN_POINT('',(9.E-02,-0.595,-0.355125000056));
#5898 = VECTOR('',#5899,1.);
#5899 = DIRECTION('',(6.982962677686E-15,0.,1.));
#5900 = PCURVE('',#1049,#5901);
#5901 = DEFINITIONAL_REPRESENTATION('',(#5902),#5906);
#5902 = LINE('',#5903,#5904);
#5903 = CARTESIAN_POINT('',(-0.,-0.25));
#5904 = VECTOR('',#5905,1.);
#5905 = DIRECTION('',(-1.,0.));
#5906 = ( GEOMETRIC_REPRESENTATION_CONTEXT(2) 
PARAMETRIC_REPRESENTATION_CONTEXT() REPRESENTATION_CONTEXT('2D SPACE',''
  ) );
#5907 = PCURVE('',#1021,#5908);
#5908 = DEFINITIONAL_REPRESENTATION('',(#5909),#5913);
#5909 = LINE('',#5910,#5911);
#5910 = CARTESIAN_POINT('',(3.14159265359,-1.110223024625E-16));
#5911 = VECTOR('',#5912,1.);
#5912 = DIRECTION('',(0.,1.));
#5913 = ( GEOMETRIC_REPRESENTATION_CONTEXT(2) 
PARAMETRIC_REPRESENTATION_CONTEXT() REPRESENTATION_CONTEXT('2D SPACE',''
  ) );
#5914 = ORIENTED_EDGE('',*,*,#5915,.T.);
#5915 = EDGE_CURVE('',#5893,#5843,#5916,.T.);
#5916 = SURFACE_CURVE('',#5917,(#5921,#5928),.PCURVE_S1.);
#5917 = LINE('',#5918,#5919);
#5918 = CARTESIAN_POINT('',(9.E-02,-0.345,-0.355125000056));
#5919 = VECTOR('',#5920,1.);
#5920 = DIRECTION('',(0.,1.,0.));
#5921 = PCURVE('',#1049,#5922);
#5922 = DEFINITIONAL_REPRESENTATION('',(#5923),#5927);
#5923 = LINE('',#5924,#5925);
#5924 = CARTESIAN_POINT('',(0.,0.));
#5925 = VECTOR('',#5926,1.);
#5926 = DIRECTION('',(0.,1.));
#5927 = ( GEOMETRIC_REPRESENTATION_CONTEXT(2) 
PARAMETRIC_REPRESENTATION_CONTEXT() REPRESENTATION_CONTEXT('2D SPACE',''
  ) );
#5928 = PCURVE('',#424,#5929);
#5929 = DEFINITIONAL_REPRESENTATION('',(#5930),#5934);
#5930 = LINE('',#5931,#5932);
#5931 = CARTESIAN_POINT('',(-9.E-02,-0.345));
#5932 = VECTOR('',#5933,1.);
#5933 = DIRECTION('',(0.,1.));
#5934 = ( GEOMETRIC_REPRESENTATION_CONTEXT(2) 
PARAMETRIC_REPRESENTATION_CONTEXT() REPRESENTATION_CONTEXT('2D SPACE',''
  ) );
#5935 = ORIENTED_EDGE('',*,*,#5866,.T.);
#5936 = ADVANCED_FACE('',(#5937),#1021,.F.);
#5937 = FACE_BOUND('',#5938,.F.);
#5938 = EDGE_LOOP('',(#5939,#5940,#5964,#5985));
#5939 = ORIENTED_EDGE('',*,*,#5892,.F.);
#5940 = ORIENTED_EDGE('',*,*,#5941,.F.);
#5941 = EDGE_CURVE('',#5942,#5893,#5944,.T.);
#5942 = VERTEX_POINT('',#5943);
#5943 = CARTESIAN_POINT('',(0.115,-0.62,-0.355125000056));
#5944 = SURFACE_CURVE('',#5945,(#5950,#5957),.PCURVE_S1.);
#5945 = CIRCLE('',#5946,2.5E-02);
#5946 = AXIS2_PLACEMENT_3D('',#5947,#5948,#5949);
#5947 = CARTESIAN_POINT('',(0.115,-0.595,-0.355125000056));
#5948 = DIRECTION('',(-6.505213034913E-15,0.,-1.));
#5949 = DIRECTION('',(1.,0.,-6.505213034913E-15));
#5950 = PCURVE('',#1021,#5951);
#5951 = DEFINITIONAL_REPRESENTATION('',(#5952),#5956);
#5952 = LINE('',#5953,#5954);
#5953 = CARTESIAN_POINT('',(6.28318530718,-5.551115123126E-17));
#5954 = VECTOR('',#5955,1.);
#5955 = DIRECTION('',(-1.,3.533949646071E-17));
#5956 = ( GEOMETRIC_REPRESENTATION_CONTEXT(2) 
PARAMETRIC_REPRESENTATION_CONTEXT() REPRESENTATION_CONTEXT('2D SPACE',''
  ) );
#5957 = PCURVE('',#424,#5958);
#5958 = DEFINITIONAL_REPRESENTATION('',(#5959),#5963);
#5959 = CIRCLE('',#5960,2.5E-02);
#5960 = AXIS2_PLACEMENT_2D('',#5961,#5962);
#5961 = CARTESIAN_POINT('',(-0.115,-0.595));
#5962 = DIRECTION('',(-1.,0.));
#5963 = ( GEOMETRIC_REPRESENTATION_CONTEXT(2) 
PARAMETRIC_REPRESENTATION_CONTEXT() REPRESENTATION_CONTEXT('2D SPACE',''
  ) );
#5964 = ORIENTED_EDGE('',*,*,#5965,.T.);
#5965 = EDGE_CURVE('',#5942,#977,#5966,.T.);
#5966 = SURFACE_CURVE('',#5967,(#5971,#5978),.PCURVE_S1.);
#5967 = LINE('',#5968,#5969);
#5968 = CARTESIAN_POINT('',(0.115,-0.62,-0.355125000056));
#5969 = VECTOR('',#5970,1.);
#5970 = DIRECTION('',(6.982962677686E-15,0.,1.));
#5971 = PCURVE('',#1021,#5972);
#5972 = DEFINITIONAL_REPRESENTATION('',(#5973),#5977);
#5973 = LINE('',#5974,#5975);
#5974 = CARTESIAN_POINT('',(4.712388980385,0.));
#5975 = VECTOR('',#5976,1.);
#5976 = DIRECTION('',(0.,1.));
#5977 = ( GEOMETRIC_REPRESENTATION_CONTEXT(2) 
PARAMETRIC_REPRESENTATION_CONTEXT() REPRESENTATION_CONTEXT('2D SPACE',''
  ) );
#5978 = PCURVE('',#992,#5979);
#5979 = DEFINITIONAL_REPRESENTATION('',(#5980),#5984);
#5980 = LINE('',#5981,#5982);
#5981 = CARTESIAN_POINT('',(0.,0.));
#5982 = VECTOR('',#5983,1.);
#5983 = DIRECTION('',(6.982962677686E-15,-1.));
#5984 = ( GEOMETRIC_REPRESENTATION_CONTEXT(2) 
PARAMETRIC_REPRESENTATION_CONTEXT() REPRESENTATION_CONTEXT('2D SPACE',''
  ) );
#5985 = ORIENTED_EDGE('',*,*,#1004,.T.);
#5986 = ADVANCED_FACE('',(#5987),#992,.T.);
#5987 = FACE_BOUND('',#5988,.T.);
#5988 = EDGE_LOOP('',(#5989,#5990,#6013,#6034));
#5989 = ORIENTED_EDGE('',*,*,#976,.F.);
#5990 = ORIENTED_EDGE('',*,*,#5991,.F.);
#5991 = EDGE_CURVE('',#5992,#948,#5994,.T.);
#5992 = VERTEX_POINT('',#5993);
#5993 = CARTESIAN_POINT('',(0.185,-0.62,-0.355125000056));
#5994 = SURFACE_CURVE('',#5995,(#5999,#6006),.PCURVE_S1.);
#5995 = LINE('',#5996,#5997);
#5996 = CARTESIAN_POINT('',(0.185,-0.62,-0.355125000056));
#5997 = VECTOR('',#5998,1.);
#5998 = DIRECTION('',(6.982962677686E-15,0.,1.));
#5999 = PCURVE('',#992,#6000);
#6000 = DEFINITIONAL_REPRESENTATION('',(#6001),#6005);
#6001 = LINE('',#6002,#6003);
#6002 = CARTESIAN_POINT('',(7.E-02,5.551115123126E-16));
#6003 = VECTOR('',#6004,1.);
#6004 = DIRECTION('',(6.982962677686E-15,-1.));
#6005 = ( GEOMETRIC_REPRESENTATION_CONTEXT(2) 
PARAMETRIC_REPRESENTATION_CONTEXT() REPRESENTATION_CONTEXT('2D SPACE',''
  ) );
#6006 = PCURVE('',#964,#6007);
#6007 = DEFINITIONAL_REPRESENTATION('',(#6008),#6012);
#6008 = LINE('',#6009,#6010);
#6009 = CARTESIAN_POINT('',(4.712388980385,0.));
#6010 = VECTOR('',#6011,1.);
#6011 = DIRECTION('',(0.,1.));
#6012 = ( GEOMETRIC_REPRESENTATION_CONTEXT(2) 
PARAMETRIC_REPRESENTATION_CONTEXT() REPRESENTATION_CONTEXT('2D SPACE',''
  ) );
#6013 = ORIENTED_EDGE('',*,*,#6014,.T.);
#6014 = EDGE_CURVE('',#5992,#5942,#6015,.T.);
#6015 = SURFACE_CURVE('',#6016,(#6020,#6027),.PCURVE_S1.);
#6016 = LINE('',#6017,#6018);
#6017 = CARTESIAN_POINT('',(0.115,-0.62,-0.355125000056));
#6018 = VECTOR('',#6019,1.);
#6019 = DIRECTION('',(-1.,0.,6.982962677686E-15));
#6020 = PCURVE('',#992,#6021);
#6021 = DEFINITIONAL_REPRESENTATION('',(#6022),#6026);
#6022 = LINE('',#6023,#6024);
#6023 = CARTESIAN_POINT('',(0.,0.));
#6024 = VECTOR('',#6025,1.);
#6025 = DIRECTION('',(-1.,-6.982962677686E-15));
#6026 = ( GEOMETRIC_REPRESENTATION_CONTEXT(2) 
PARAMETRIC_REPRESENTATION_CONTEXT() REPRESENTATION_CONTEXT('2D SPACE',''
  ) );
#6027 = PCURVE('',#424,#6028);
#6028 = DEFINITIONAL_REPRESENTATION('',(#6029),#6033);
#6029 = LINE('',#6030,#6031);
#6030 = CARTESIAN_POINT('',(-0.115,-0.62));
#6031 = VECTOR('',#6032,1.);
#6032 = DIRECTION('',(1.,0.));
#6033 = ( GEOMETRIC_REPRESENTATION_CONTEXT(2) 
PARAMETRIC_REPRESENTATION_CONTEXT() REPRESENTATION_CONTEXT('2D SPACE',''
  ) );
#6034 = ORIENTED_EDGE('',*,*,#5965,.T.);
#6035 = ADVANCED_FACE('',(#6036),#964,.F.);
#6036 = FACE_BOUND('',#6037,.F.);
#6037 = EDGE_LOOP('',(#6038,#6039,#6063,#6084));
#6038 = ORIENTED_EDGE('',*,*,#5991,.F.);
#6039 = ORIENTED_EDGE('',*,*,#6040,.F.);
#6040 = EDGE_CURVE('',#6041,#5992,#6043,.T.);
#6041 = VERTEX_POINT('',#6042);
#6042 = CARTESIAN_POINT('',(0.21,-0.595,-0.355125000056));
#6043 = SURFACE_CURVE('',#6044,(#6049,#6056),.PCURVE_S1.);
#6044 = CIRCLE('',#6045,2.5E-02);
#6045 = AXIS2_PLACEMENT_3D('',#6046,#6047,#6048);
#6046 = CARTESIAN_POINT('',(0.185,-0.595,-0.355125000056));
#6047 = DIRECTION('',(-6.505213034913E-15,0.,-1.));
#6048 = DIRECTION('',(1.,0.,-6.505213034913E-15));
#6049 = PCURVE('',#964,#6050);
#6050 = DEFINITIONAL_REPRESENTATION('',(#6051),#6055);
#6051 = LINE('',#6052,#6053);
#6052 = CARTESIAN_POINT('',(6.28318530718,0.));
#6053 = VECTOR('',#6054,1.);
#6054 = DIRECTION('',(-1.,0.));
#6055 = ( GEOMETRIC_REPRESENTATION_CONTEXT(2) 
PARAMETRIC_REPRESENTATION_CONTEXT() REPRESENTATION_CONTEXT('2D SPACE',''
  ) );
#6056 = PCURVE('',#424,#6057);
#6057 = DEFINITIONAL_REPRESENTATION('',(#6058),#6062);
#6058 = CIRCLE('',#6059,2.5E-02);
#6059 = AXIS2_PLACEMENT_2D('',#6060,#6061);
#6060 = CARTESIAN_POINT('',(-0.185,-0.595));
#6061 = DIRECTION('',(-1.,0.));
#6062 = ( GEOMETRIC_REPRESENTATION_CONTEXT(2) 
PARAMETRIC_REPRESENTATION_CONTEXT() REPRESENTATION_CONTEXT('2D SPACE',''
  ) );
#6063 = ORIENTED_EDGE('',*,*,#6064,.T.);
#6064 = EDGE_CURVE('',#6041,#920,#6065,.T.);
#6065 = SURFACE_CURVE('',#6066,(#6070,#6077),.PCURVE_S1.);
#6066 = LINE('',#6067,#6068);
#6067 = CARTESIAN_POINT('',(0.21,-0.595,-0.355125000056));
#6068 = VECTOR('',#6069,1.);
#6069 = DIRECTION('',(6.982962677686E-15,0.,1.));
#6070 = PCURVE('',#964,#6071);
#6071 = DEFINITIONAL_REPRESENTATION('',(#6072),#6076);
#6072 = LINE('',#6073,#6074);
#6073 = CARTESIAN_POINT('',(6.28318530718,1.665334536938E-16));
#6074 = VECTOR('',#6075,1.);
#6075 = DIRECTION('',(0.,1.));
#6076 = ( GEOMETRIC_REPRESENTATION_CONTEXT(2) 
PARAMETRIC_REPRESENTATION_CONTEXT() REPRESENTATION_CONTEXT('2D SPACE',''
  ) );
#6077 = PCURVE('',#935,#6078);
#6078 = DEFINITIONAL_REPRESENTATION('',(#6079),#6083);
#6079 = LINE('',#6080,#6081);
#6080 = CARTESIAN_POINT('',(-2.5E-02,-0.));
#6081 = VECTOR('',#6082,1.);
#6082 = DIRECTION('',(0.,-1.));
#6083 = ( GEOMETRIC_REPRESENTATION_CONTEXT(2) 
PARAMETRIC_REPRESENTATION_CONTEXT() REPRESENTATION_CONTEXT('2D SPACE',''
  ) );
#6084 = ORIENTED_EDGE('',*,*,#947,.T.);
#6085 = ADVANCED_FACE('',(#6086),#935,.T.);
#6086 = FACE_BOUND('',#6087,.T.);
#6087 = EDGE_LOOP('',(#6088,#6089,#6112,#6133));
#6088 = ORIENTED_EDGE('',*,*,#919,.F.);
#6089 = ORIENTED_EDGE('',*,*,#6090,.F.);
#6090 = EDGE_CURVE('',#6091,#887,#6093,.T.);
#6091 = VERTEX_POINT('',#6092);
#6092 = CARTESIAN_POINT('',(0.21,-0.57,-0.355125000056));
#6093 = SURFACE_CURVE('',#6094,(#6098,#6105),.PCURVE_S1.);
#6094 = LINE('',#6095,#6096);
#6095 = CARTESIAN_POINT('',(0.21,-0.57,-0.355125000056));
#6096 = VECTOR('',#6097,1.);
#6097 = DIRECTION('',(6.982962677686E-15,0.,1.));
#6098 = PCURVE('',#935,#6099);
#6099 = DEFINITIONAL_REPRESENTATION('',(#6100),#6104);
#6100 = LINE('',#6101,#6102);
#6101 = CARTESIAN_POINT('',(0.,0.));
#6102 = VECTOR('',#6103,1.);
#6103 = DIRECTION('',(0.,-1.));
#6104 = ( GEOMETRIC_REPRESENTATION_CONTEXT(2) 
PARAMETRIC_REPRESENTATION_CONTEXT() REPRESENTATION_CONTEXT('2D SPACE',''
  ) );
#6105 = PCURVE('',#907,#6106);
#6106 = DEFINITIONAL_REPRESENTATION('',(#6107),#6111);
#6107 = LINE('',#6108,#6109);
#6108 = CARTESIAN_POINT('',(3.14159265359,2.22044604925E-16));
#6109 = VECTOR('',#6110,1.);
#6110 = DIRECTION('',(0.,1.));
#6111 = ( GEOMETRIC_REPRESENTATION_CONTEXT(2) 
PARAMETRIC_REPRESENTATION_CONTEXT() REPRESENTATION_CONTEXT('2D SPACE',''
  ) );
#6112 = ORIENTED_EDGE('',*,*,#6113,.T.);
#6113 = EDGE_CURVE('',#6091,#6041,#6114,.T.);
#6114 = SURFACE_CURVE('',#6115,(#6119,#6126),.PCURVE_S1.);
#6115 = LINE('',#6116,#6117);
#6116 = CARTESIAN_POINT('',(0.21,-0.57,-0.355125000056));
#6117 = VECTOR('',#6118,1.);
#6118 = DIRECTION('',(0.,-1.,0.));
#6119 = PCURVE('',#935,#6120);
#6120 = DEFINITIONAL_REPRESENTATION('',(#6121),#6125);
#6121 = LINE('',#6122,#6123);
#6122 = CARTESIAN_POINT('',(0.,0.));
#6123 = VECTOR('',#6124,1.);
#6124 = DIRECTION('',(-1.,-0.));
#6125 = ( GEOMETRIC_REPRESENTATION_CONTEXT(2) 
PARAMETRIC_REPRESENTATION_CONTEXT() REPRESENTATION_CONTEXT('2D SPACE',''
  ) );
#6126 = PCURVE('',#424,#6127);
#6127 = DEFINITIONAL_REPRESENTATION('',(#6128),#6132);
#6128 = LINE('',#6129,#6130);
#6129 = CARTESIAN_POINT('',(-0.21,-0.57));
#6130 = VECTOR('',#6131,1.);
#6131 = DIRECTION('',(0.,-1.));
#6132 = ( GEOMETRIC_REPRESENTATION_CONTEXT(2) 
PARAMETRIC_REPRESENTATION_CONTEXT() REPRESENTATION_CONTEXT('2D SPACE',''
  ) );
#6133 = ORIENTED_EDGE('',*,*,#6064,.T.);
#6134 = ADVANCED_FACE('',(#6135),#907,.T.);
#6135 = FACE_BOUND('',#6136,.T.);
#6136 = EDGE_LOOP('',(#6137,#6138,#6161,#6187));
#6137 = ORIENTED_EDGE('',*,*,#886,.F.);
#6138 = ORIENTED_EDGE('',*,*,#6139,.F.);
#6139 = EDGE_CURVE('',#6140,#859,#6142,.T.);
#6140 = VERTEX_POINT('',#6141);
#6141 = CARTESIAN_POINT('',(0.31,-0.57,-0.355125000056));
#6142 = SURFACE_CURVE('',#6143,(#6147,#6154),.PCURVE_S1.);
#6143 = LINE('',#6144,#6145);
#6144 = CARTESIAN_POINT('',(0.31,-0.57,-0.355125000056));
#6145 = VECTOR('',#6146,1.);
#6146 = DIRECTION('',(6.982962677686E-15,0.,1.));
#6147 = PCURVE('',#907,#6148);
#6148 = DEFINITIONAL_REPRESENTATION('',(#6149),#6153);
#6149 = LINE('',#6150,#6151);
#6150 = CARTESIAN_POINT('',(0.,-1.110223024625E-16));
#6151 = VECTOR('',#6152,1.);
#6152 = DIRECTION('',(0.,1.));
#6153 = ( GEOMETRIC_REPRESENTATION_CONTEXT(2) 
PARAMETRIC_REPRESENTATION_CONTEXT() REPRESENTATION_CONTEXT('2D SPACE',''
  ) );
#6154 = PCURVE('',#874,#6155);
#6155 = DEFINITIONAL_REPRESENTATION('',(#6156),#6160);
#6156 = LINE('',#6157,#6158);
#6157 = CARTESIAN_POINT('',(0.,0.));
#6158 = VECTOR('',#6159,1.);
#6159 = DIRECTION('',(-1.,0.));
#6160 = ( GEOMETRIC_REPRESENTATION_CONTEXT(2) 
PARAMETRIC_REPRESENTATION_CONTEXT() REPRESENTATION_CONTEXT('2D SPACE',''
  ) );
#6161 = ORIENTED_EDGE('',*,*,#6162,.T.);
#6162 = EDGE_CURVE('',#6140,#6091,#6163,.T.);
#6163 = SURFACE_CURVE('',#6164,(#6169,#6176),.PCURVE_S1.);
#6164 = CIRCLE('',#6165,5.E-02);
#6165 = AXIS2_PLACEMENT_3D('',#6166,#6167,#6168);
#6166 = CARTESIAN_POINT('',(0.26,-0.57,-0.355125000056));
#6167 = DIRECTION('',(6.505213034913E-15,0.,1.));
#6168 = DIRECTION('',(-1.,0.,6.505213034913E-15));
#6169 = PCURVE('',#907,#6170);
#6170 = DEFINITIONAL_REPRESENTATION('',(#6171),#6175);
#6171 = LINE('',#6172,#6173);
#6172 = CARTESIAN_POINT('',(-3.14159265359,-5.551115123126E-17));
#6173 = VECTOR('',#6174,1.);
#6174 = DIRECTION('',(1.,1.766974823035E-17));
#6175 = ( GEOMETRIC_REPRESENTATION_CONTEXT(2) 
PARAMETRIC_REPRESENTATION_CONTEXT() REPRESENTATION_CONTEXT('2D SPACE',''
  ) );
#6176 = PCURVE('',#424,#6177);
#6177 = DEFINITIONAL_REPRESENTATION('',(#6178),#6186);
#6178 = ( BOUNDED_CURVE() B_SPLINE_CURVE(2,(#6179,#6180,#6181,#6182,
#6183,#6184,#6185),.UNSPECIFIED.,.T.,.F.) B_SPLINE_CURVE_WITH_KNOTS((1,2
    ,2,2,2,1),(-2.094395102393,0.,2.094395102393,4.188790204786,
6.28318530718,8.377580409573),.UNSPECIFIED.) CURVE() 
GEOMETRIC_REPRESENTATION_ITEM() RATIONAL_B_SPLINE_CURVE((1.,0.5,1.,0.5,
1.,0.5,1.)) REPRESENTATION_ITEM('') );
#6179 = CARTESIAN_POINT('',(-0.21,-0.57));
#6180 = CARTESIAN_POINT('',(-0.21,-0.656602540378));
#6181 = CARTESIAN_POINT('',(-0.285,-0.613301270189));
#6182 = CARTESIAN_POINT('',(-0.36,-0.57));
#6183 = CARTESIAN_POINT('',(-0.285,-0.526698729811));
#6184 = CARTESIAN_POINT('',(-0.21,-0.483397459622));
#6185 = CARTESIAN_POINT('',(-0.21,-0.57));
#6186 = ( GEOMETRIC_REPRESENTATION_CONTEXT(2) 
PARAMETRIC_REPRESENTATION_CONTEXT() REPRESENTATION_CONTEXT('2D SPACE',''
  ) );
#6187 = ORIENTED_EDGE('',*,*,#6090,.T.);
#6188 = ADVANCED_FACE('',(#6189),#874,.T.);
#6189 = FACE_BOUND('',#6190,.T.);
#6190 = EDGE_LOOP('',(#6191,#6192,#6215,#6236));
#6191 = ORIENTED_EDGE('',*,*,#858,.F.);
#6192 = ORIENTED_EDGE('',*,*,#6193,.F.);
#6193 = EDGE_CURVE('',#6194,#830,#6196,.T.);
#6194 = VERTEX_POINT('',#6195);
#6195 = CARTESIAN_POINT('',(0.31,-0.595,-0.355125000056));
#6196 = SURFACE_CURVE('',#6197,(#6201,#6208),.PCURVE_S1.);
#6197 = LINE('',#6198,#6199);
#6198 = CARTESIAN_POINT('',(0.31,-0.595,-0.355125000056));
#6199 = VECTOR('',#6200,1.);
#6200 = DIRECTION('',(6.982962677686E-15,0.,1.));
#6201 = PCURVE('',#874,#6202);
#6202 = DEFINITIONAL_REPRESENTATION('',(#6203),#6207);
#6203 = LINE('',#6204,#6205);
#6204 = CARTESIAN_POINT('',(-0.,-2.5E-02));
#6205 = VECTOR('',#6206,1.);
#6206 = DIRECTION('',(-1.,0.));
#6207 = ( GEOMETRIC_REPRESENTATION_CONTEXT(2) 
PARAMETRIC_REPRESENTATION_CONTEXT() REPRESENTATION_CONTEXT('2D SPACE',''
  ) );
#6208 = PCURVE('',#846,#6209);
#6209 = DEFINITIONAL_REPRESENTATION('',(#6210),#6214);
#6210 = LINE('',#6211,#6212);
#6211 = CARTESIAN_POINT('',(3.14159265359,-1.665334536938E-16));
#6212 = VECTOR('',#6213,1.);
#6213 = DIRECTION('',(0.,1.));
#6214 = ( GEOMETRIC_REPRESENTATION_CONTEXT(2) 
PARAMETRIC_REPRESENTATION_CONTEXT() REPRESENTATION_CONTEXT('2D SPACE',''
  ) );
#6215 = ORIENTED_EDGE('',*,*,#6216,.T.);
#6216 = EDGE_CURVE('',#6194,#6140,#6217,.T.);
#6217 = SURFACE_CURVE('',#6218,(#6222,#6229),.PCURVE_S1.);
#6218 = LINE('',#6219,#6220);
#6219 = CARTESIAN_POINT('',(0.31,-0.57,-0.355125000056));
#6220 = VECTOR('',#6221,1.);
#6221 = DIRECTION('',(0.,1.,0.));
#6222 = PCURVE('',#874,#6223);
#6223 = DEFINITIONAL_REPRESENTATION('',(#6224),#6228);
#6224 = LINE('',#6225,#6226);
#6225 = CARTESIAN_POINT('',(0.,0.));
#6226 = VECTOR('',#6227,1.);
#6227 = DIRECTION('',(0.,1.));
#6228 = ( GEOMETRIC_REPRESENTATION_CONTEXT(2) 
PARAMETRIC_REPRESENTATION_CONTEXT() REPRESENTATION_CONTEXT('2D SPACE',''
  ) );
#6229 = PCURVE('',#424,#6230);
#6230 = DEFINITIONAL_REPRESENTATION('',(#6231),#6235);
#6231 = LINE('',#6232,#6233);
#6232 = CARTESIAN_POINT('',(-0.31,-0.57));
#6233 = VECTOR('',#6234,1.);
#6234 = DIRECTION('',(0.,1.));
#6235 = ( GEOMETRIC_REPRESENTATION_CONTEXT(2) 
PARAMETRIC_REPRESENTATION_CONTEXT() REPRESENTATION_CONTEXT('2D SPACE',''
  ) );
#6236 = ORIENTED_EDGE('',*,*,#6139,.T.);
#6237 = ADVANCED_FACE('',(#6238),#846,.F.);
#6238 = FACE_BOUND('',#6239,.F.);
#6239 = EDGE_LOOP('',(#6240,#6241,#6265,#6286));
#6240 = ORIENTED_EDGE('',*,*,#6193,.F.);
#6241 = ORIENTED_EDGE('',*,*,#6242,.F.);
#6242 = EDGE_CURVE('',#6243,#6194,#6245,.T.);
#6243 = VERTEX_POINT('',#6244);
#6244 = CARTESIAN_POINT('',(0.335,-0.62,-0.355125000056));
#6245 = SURFACE_CURVE('',#6246,(#6251,#6258),.PCURVE_S1.);
#6246 = CIRCLE('',#6247,2.5E-02);
#6247 = AXIS2_PLACEMENT_3D('',#6248,#6249,#6250);
#6248 = CARTESIAN_POINT('',(0.335,-0.595,-0.355125000056));
#6249 = DIRECTION('',(-6.505213034913E-15,0.,-1.));
#6250 = DIRECTION('',(1.,0.,-6.505213034913E-15));
#6251 = PCURVE('',#846,#6252);
#6252 = DEFINITIONAL_REPRESENTATION('',(#6253),#6257);
#6253 = LINE('',#6254,#6255);
#6254 = CARTESIAN_POINT('',(6.28318530718,0.));
#6255 = VECTOR('',#6256,1.);
#6256 = DIRECTION('',(-1.,0.));
#6257 = ( GEOMETRIC_REPRESENTATION_CONTEXT(2) 
PARAMETRIC_REPRESENTATION_CONTEXT() REPRESENTATION_CONTEXT('2D SPACE',''
  ) );
#6258 = PCURVE('',#424,#6259);
#6259 = DEFINITIONAL_REPRESENTATION('',(#6260),#6264);
#6260 = CIRCLE('',#6261,2.5E-02);
#6261 = AXIS2_PLACEMENT_2D('',#6262,#6263);
#6262 = CARTESIAN_POINT('',(-0.335,-0.595));
#6263 = DIRECTION('',(-1.,0.));
#6264 = ( GEOMETRIC_REPRESENTATION_CONTEXT(2) 
PARAMETRIC_REPRESENTATION_CONTEXT() REPRESENTATION_CONTEXT('2D SPACE',''
  ) );
#6265 = ORIENTED_EDGE('',*,*,#6266,.T.);
#6266 = EDGE_CURVE('',#6243,#802,#6267,.T.);
#6267 = SURFACE_CURVE('',#6268,(#6272,#6279),.PCURVE_S1.);
#6268 = LINE('',#6269,#6270);
#6269 = CARTESIAN_POINT('',(0.335,-0.62,-0.355125000056));
#6270 = VECTOR('',#6271,1.);
#6271 = DIRECTION('',(6.982962677686E-15,0.,1.));
#6272 = PCURVE('',#846,#6273);
#6273 = DEFINITIONAL_REPRESENTATION('',(#6274),#6278);
#6274 = LINE('',#6275,#6276);
#6275 = CARTESIAN_POINT('',(4.712388980385,0.));
#6276 = VECTOR('',#6277,1.);
#6277 = DIRECTION('',(0.,1.));
#6278 = ( GEOMETRIC_REPRESENTATION_CONTEXT(2) 
PARAMETRIC_REPRESENTATION_CONTEXT() REPRESENTATION_CONTEXT('2D SPACE',''
  ) );
#6279 = PCURVE('',#817,#6280);
#6280 = DEFINITIONAL_REPRESENTATION('',(#6281),#6285);
#6281 = LINE('',#6282,#6283);
#6282 = CARTESIAN_POINT('',(0.,0.));
#6283 = VECTOR('',#6284,1.);
#6284 = DIRECTION('',(6.982962677686E-15,-1.));
#6285 = ( GEOMETRIC_REPRESENTATION_CONTEXT(2) 
PARAMETRIC_REPRESENTATION_CONTEXT() REPRESENTATION_CONTEXT('2D SPACE',''
  ) );
#6286 = ORIENTED_EDGE('',*,*,#829,.T.);
#6287 = ADVANCED_FACE('',(#6288),#817,.T.);
#6288 = FACE_BOUND('',#6289,.T.);
#6289 = EDGE_LOOP('',(#6290,#6291,#6314,#6335));
#6290 = ORIENTED_EDGE('',*,*,#801,.F.);
#6291 = ORIENTED_EDGE('',*,*,#6292,.F.);
#6292 = EDGE_CURVE('',#6293,#773,#6295,.T.);
#6293 = VERTEX_POINT('',#6294);
#6294 = CARTESIAN_POINT('',(0.485,-0.62,-0.355125000056));
#6295 = SURFACE_CURVE('',#6296,(#6300,#6307),.PCURVE_S1.);
#6296 = LINE('',#6297,#6298);
#6297 = CARTESIAN_POINT('',(0.485,-0.62,-0.355125000056));
#6298 = VECTOR('',#6299,1.);
#6299 = DIRECTION('',(6.982962677686E-15,0.,1.));
#6300 = PCURVE('',#817,#6301);
#6301 = DEFINITIONAL_REPRESENTATION('',(#6302),#6306);
#6302 = LINE('',#6303,#6304);
#6303 = CARTESIAN_POINT('',(0.15,9.992007221626E-16));
#6304 = VECTOR('',#6305,1.);
#6305 = DIRECTION('',(6.982962677686E-15,-1.));
#6306 = ( GEOMETRIC_REPRESENTATION_CONTEXT(2) 
PARAMETRIC_REPRESENTATION_CONTEXT() REPRESENTATION_CONTEXT('2D SPACE',''
  ) );
#6307 = PCURVE('',#789,#6308);
#6308 = DEFINITIONAL_REPRESENTATION('',(#6309),#6313);
#6309 = LINE('',#6310,#6311);
#6310 = CARTESIAN_POINT('',(4.712388980385,0.));
#6311 = VECTOR('',#6312,1.);
#6312 = DIRECTION('',(0.,1.));
#6313 = ( GEOMETRIC_REPRESENTATION_CONTEXT(2) 
PARAMETRIC_REPRESENTATION_CONTEXT() REPRESENTATION_CONTEXT('2D SPACE',''
  ) );
#6314 = ORIENTED_EDGE('',*,*,#6315,.T.);
#6315 = EDGE_CURVE('',#6293,#6243,#6316,.T.);
#6316 = SURFACE_CURVE('',#6317,(#6321,#6328),.PCURVE_S1.);
#6317 = LINE('',#6318,#6319);
#6318 = CARTESIAN_POINT('',(0.335,-0.62,-0.355125000056));
#6319 = VECTOR('',#6320,1.);
#6320 = DIRECTION('',(-1.,0.,6.982962677686E-15));
#6321 = PCURVE('',#817,#6322);
#6322 = DEFINITIONAL_REPRESENTATION('',(#6323),#6327);
#6323 = LINE('',#6324,#6325);
#6324 = CARTESIAN_POINT('',(0.,0.));
#6325 = VECTOR('',#6326,1.);
#6326 = DIRECTION('',(-1.,-6.982962677686E-15));
#6327 = ( GEOMETRIC_REPRESENTATION_CONTEXT(2) 
PARAMETRIC_REPRESENTATION_CONTEXT() REPRESENTATION_CONTEXT('2D SPACE',''
  ) );
#6328 = PCURVE('',#424,#6329);
#6329 = DEFINITIONAL_REPRESENTATION('',(#6330),#6334);
#6330 = LINE('',#6331,#6332);
#6331 = CARTESIAN_POINT('',(-0.335,-0.62));
#6332 = VECTOR('',#6333,1.);
#6333 = DIRECTION('',(1.,0.));
#6334 = ( GEOMETRIC_REPRESENTATION_CONTEXT(2) 
PARAMETRIC_REPRESENTATION_CONTEXT() REPRESENTATION_CONTEXT('2D SPACE',''
  ) );
#6335 = ORIENTED_EDGE('',*,*,#6266,.T.);
#6336 = ADVANCED_FACE('',(#6337),#789,.F.);
#6337 = FACE_BOUND('',#6338,.F.);
#6338 = EDGE_LOOP('',(#6339,#6340,#6364,#6385));
#6339 = ORIENTED_EDGE('',*,*,#6292,.F.);
#6340 = ORIENTED_EDGE('',*,*,#6341,.F.);
#6341 = EDGE_CURVE('',#6342,#6293,#6344,.T.);
#6342 = VERTEX_POINT('',#6343);
#6343 = CARTESIAN_POINT('',(0.51,-0.595,-0.355125000056));
#6344 = SURFACE_CURVE('',#6345,(#6350,#6357),.PCURVE_S1.);
#6345 = CIRCLE('',#6346,2.5E-02);
#6346 = AXIS2_PLACEMENT_3D('',#6347,#6348,#6349);
#6347 = CARTESIAN_POINT('',(0.485,-0.595,-0.355125000056));
#6348 = DIRECTION('',(-6.505213034913E-15,0.,-1.));
#6349 = DIRECTION('',(-1.,0.,6.505213034913E-15));
#6350 = PCURVE('',#789,#6351);
#6351 = DEFINITIONAL_REPRESENTATION('',(#6352),#6356);
#6352 = LINE('',#6353,#6354);
#6353 = CARTESIAN_POINT('',(9.424777960769,0.));
#6354 = VECTOR('',#6355,1.);
#6355 = DIRECTION('',(-1.,0.));
#6356 = ( GEOMETRIC_REPRESENTATION_CONTEXT(2) 
PARAMETRIC_REPRESENTATION_CONTEXT() REPRESENTATION_CONTEXT('2D SPACE',''
  ) );
#6357 = PCURVE('',#424,#6358);
#6358 = DEFINITIONAL_REPRESENTATION('',(#6359),#6363);
#6359 = CIRCLE('',#6360,2.5E-02);
#6360 = AXIS2_PLACEMENT_2D('',#6361,#6362);
#6361 = CARTESIAN_POINT('',(-0.485,-0.595));
#6362 = DIRECTION('',(1.,0.));
#6363 = ( GEOMETRIC_REPRESENTATION_CONTEXT(2) 
PARAMETRIC_REPRESENTATION_CONTEXT() REPRESENTATION_CONTEXT('2D SPACE',''
  ) );
#6364 = ORIENTED_EDGE('',*,*,#6365,.T.);
#6365 = EDGE_CURVE('',#6342,#771,#6366,.T.);
#6366 = SURFACE_CURVE('',#6367,(#6371,#6378),.PCURVE_S1.);
#6367 = LINE('',#6368,#6369);
#6368 = CARTESIAN_POINT('',(0.51,-0.595,-0.355125000056));
#6369 = VECTOR('',#6370,1.);
#6370 = DIRECTION('',(6.982962677686E-15,0.,1.));
#6371 = PCURVE('',#789,#6372);
#6372 = DEFINITIONAL_REPRESENTATION('',(#6373),#6377);
#6373 = LINE('',#6374,#6375);
#6374 = CARTESIAN_POINT('',(6.28318530718,-3.885780586188E-16));
#6375 = VECTOR('',#6376,1.);
#6376 = DIRECTION('',(0.,1.));
#6377 = ( GEOMETRIC_REPRESENTATION_CONTEXT(2) 
PARAMETRIC_REPRESENTATION_CONTEXT() REPRESENTATION_CONTEXT('2D SPACE',''
  ) );
#6378 = PCURVE('',#2879,#6379);
#6379 = DEFINITIONAL_REPRESENTATION('',(#6380),#6384);
#6380 = LINE('',#6381,#6382);
#6381 = CARTESIAN_POINT('',(-2.5E-02,-0.));
#6382 = VECTOR('',#6383,1.);
#6383 = DIRECTION('',(0.,-1.));
#6384 = ( GEOMETRIC_REPRESENTATION_CONTEXT(2) 
PARAMETRIC_REPRESENTATION_CONTEXT() REPRESENTATION_CONTEXT('2D SPACE',''
  ) );
#6385 = ORIENTED_EDGE('',*,*,#770,.T.);
#6386 = ADVANCED_FACE('',(#6387),#2879,.T.);
#6387 = FACE_BOUND('',#6388,.T.);
#6388 = EDGE_LOOP('',(#6389,#6390,#6413,#6434));
#6389 = ORIENTED_EDGE('',*,*,#2865,.F.);
#6390 = ORIENTED_EDGE('',*,*,#6391,.F.);
#6391 = EDGE_CURVE('',#6392,#2833,#6394,.T.);
#6392 = VERTEX_POINT('',#6393);
#6393 = CARTESIAN_POINT('',(0.51,-0.57,-0.355125000056));
#6394 = SURFACE_CURVE('',#6395,(#6399,#6406),.PCURVE_S1.);
#6395 = LINE('',#6396,#6397);
#6396 = CARTESIAN_POINT('',(0.51,-0.57,-0.355125000056));
#6397 = VECTOR('',#6398,1.);
#6398 = DIRECTION('',(6.982962677686E-15,0.,1.));
#6399 = PCURVE('',#2879,#6400);
#6400 = DEFINITIONAL_REPRESENTATION('',(#6401),#6405);
#6401 = LINE('',#6402,#6403);
#6402 = CARTESIAN_POINT('',(0.,0.));
#6403 = VECTOR('',#6404,1.);
#6404 = DIRECTION('',(0.,-1.));
#6405 = ( GEOMETRIC_REPRESENTATION_CONTEXT(2) 
PARAMETRIC_REPRESENTATION_CONTEXT() REPRESENTATION_CONTEXT('2D SPACE',''
  ) );
#6406 = PCURVE('',#2853,#6407);
#6407 = DEFINITIONAL_REPRESENTATION('',(#6408),#6412);
#6408 = LINE('',#6409,#6410);
#6409 = CARTESIAN_POINT('',(3.14159265359,-3.330669073875E-16));
#6410 = VECTOR('',#6411,1.);
#6411 = DIRECTION('',(0.,1.));
#6412 = ( GEOMETRIC_REPRESENTATION_CONTEXT(2) 
PARAMETRIC_REPRESENTATION_CONTEXT() REPRESENTATION_CONTEXT('2D SPACE',''
  ) );
#6413 = ORIENTED_EDGE('',*,*,#6414,.T.);
#6414 = EDGE_CURVE('',#6392,#6342,#6415,.T.);
#6415 = SURFACE_CURVE('',#6416,(#6420,#6427),.PCURVE_S1.);
#6416 = LINE('',#6417,#6418);
#6417 = CARTESIAN_POINT('',(0.51,-0.57,-0.355125000056));
#6418 = VECTOR('',#6419,1.);
#6419 = DIRECTION('',(0.,-1.,0.));
#6420 = PCURVE('',#2879,#6421);
#6421 = DEFINITIONAL_REPRESENTATION('',(#6422),#6426);
#6422 = LINE('',#6423,#6424);
#6423 = CARTESIAN_POINT('',(0.,0.));
#6424 = VECTOR('',#6425,1.);
#6425 = DIRECTION('',(-1.,-0.));
#6426 = ( GEOMETRIC_REPRESENTATION_CONTEXT(2) 
PARAMETRIC_REPRESENTATION_CONTEXT() REPRESENTATION_CONTEXT('2D SPACE',''
  ) );
#6427 = PCURVE('',#424,#6428);
#6428 = DEFINITIONAL_REPRESENTATION('',(#6429),#6433);
#6429 = LINE('',#6430,#6431);
#6430 = CARTESIAN_POINT('',(-0.51,-0.57));
#6431 = VECTOR('',#6432,1.);
#6432 = DIRECTION('',(0.,-1.));
#6433 = ( GEOMETRIC_REPRESENTATION_CONTEXT(2) 
PARAMETRIC_REPRESENTATION_CONTEXT() REPRESENTATION_CONTEXT('2D SPACE',''
  ) );
#6434 = ORIENTED_EDGE('',*,*,#6365,.T.);
#6435 = ADVANCED_FACE('',(#6436),#2853,.T.);
#6436 = FACE_BOUND('',#6437,.T.);
#6437 = EDGE_LOOP('',(#6438,#6439,#6462,#6488));
#6438 = ORIENTED_EDGE('',*,*,#2832,.F.);
#6439 = ORIENTED_EDGE('',*,*,#6440,.F.);
#6440 = EDGE_CURVE('',#6441,#2805,#6443,.T.);
#6441 = VERTEX_POINT('',#6442);
#6442 = CARTESIAN_POINT('',(0.56,-0.52,-0.355125000056));
#6443 = SURFACE_CURVE('',#6444,(#6448,#6455),.PCURVE_S1.);
#6444 = LINE('',#6445,#6446);
#6445 = CARTESIAN_POINT('',(0.56,-0.52,-0.355125000056));
#6446 = VECTOR('',#6447,1.);
#6447 = DIRECTION('',(6.982962677686E-15,0.,1.));
#6448 = PCURVE('',#2853,#6449);
#6449 = DEFINITIONAL_REPRESENTATION('',(#6450),#6454);
#6450 = LINE('',#6451,#6452);
#6451 = CARTESIAN_POINT('',(1.570796326795,0.));
#6452 = VECTOR('',#6453,1.);
#6453 = DIRECTION('',(0.,1.));
#6454 = ( GEOMETRIC_REPRESENTATION_CONTEXT(2) 
PARAMETRIC_REPRESENTATION_CONTEXT() REPRESENTATION_CONTEXT('2D SPACE',''
  ) );
#6455 = PCURVE('',#2820,#6456);
#6456 = DEFINITIONAL_REPRESENTATION('',(#6457),#6461);
#6457 = LINE('',#6458,#6459);
#6458 = CARTESIAN_POINT('',(0.,0.));
#6459 = VECTOR('',#6460,1.);
#6460 = DIRECTION('',(6.982962677686E-15,-1.));
#6461 = ( GEOMETRIC_REPRESENTATION_CONTEXT(2) 
PARAMETRIC_REPRESENTATION_CONTEXT() REPRESENTATION_CONTEXT('2D SPACE',''
  ) );
#6462 = ORIENTED_EDGE('',*,*,#6463,.T.);
#6463 = EDGE_CURVE('',#6441,#6392,#6464,.T.);
#6464 = SURFACE_CURVE('',#6465,(#6470,#6477),.PCURVE_S1.);
#6465 = CIRCLE('',#6466,5.E-02);
#6466 = AXIS2_PLACEMENT_3D('',#6467,#6468,#6469);
#6467 = CARTESIAN_POINT('',(0.56,-0.57,-0.355125000056));
#6468 = DIRECTION('',(6.505213034913E-15,0.,1.));
#6469 = DIRECTION('',(-1.,0.,6.505213034913E-15));
#6470 = PCURVE('',#2853,#6471);
#6471 = DEFINITIONAL_REPRESENTATION('',(#6472),#6476);
#6472 = LINE('',#6473,#6474);
#6473 = CARTESIAN_POINT('',(-3.14159265359,0.));
#6474 = VECTOR('',#6475,1.);
#6475 = DIRECTION('',(1.,0.));
#6476 = ( GEOMETRIC_REPRESENTATION_CONTEXT(2) 
PARAMETRIC_REPRESENTATION_CONTEXT() REPRESENTATION_CONTEXT('2D SPACE',''
  ) );
#6477 = PCURVE('',#424,#6478);
#6478 = DEFINITIONAL_REPRESENTATION('',(#6479),#6487);
#6479 = ( BOUNDED_CURVE() B_SPLINE_CURVE(2,(#6480,#6481,#6482,#6483,
#6484,#6485,#6486),.UNSPECIFIED.,.T.,.F.) B_SPLINE_CURVE_WITH_KNOTS((1,2
    ,2,2,2,1),(-2.094395102393,0.,2.094395102393,4.188790204786,
6.28318530718,8.377580409573),.UNSPECIFIED.) CURVE() 
GEOMETRIC_REPRESENTATION_ITEM() RATIONAL_B_SPLINE_CURVE((1.,0.5,1.,0.5,
1.,0.5,1.)) REPRESENTATION_ITEM('') );
#6480 = CARTESIAN_POINT('',(-0.51,-0.57));
#6481 = CARTESIAN_POINT('',(-0.51,-0.656602540378));
#6482 = CARTESIAN_POINT('',(-0.585,-0.613301270189));
#6483 = CARTESIAN_POINT('',(-0.66,-0.57));
#6484 = CARTESIAN_POINT('',(-0.585,-0.526698729811));
#6485 = CARTESIAN_POINT('',(-0.51,-0.483397459622));
#6486 = CARTESIAN_POINT('',(-0.51,-0.57));
#6487 = ( GEOMETRIC_REPRESENTATION_CONTEXT(2) 
PARAMETRIC_REPRESENTATION_CONTEXT() REPRESENTATION_CONTEXT('2D SPACE',''
  ) );
#6488 = ORIENTED_EDGE('',*,*,#6391,.T.);
#6489 = ADVANCED_FACE('',(#6490),#2820,.T.);
#6490 = FACE_BOUND('',#6491,.T.);
#6491 = EDGE_LOOP('',(#6492,#6493,#6516,#6537));
#6492 = ORIENTED_EDGE('',*,*,#2804,.F.);
#6493 = ORIENTED_EDGE('',*,*,#6494,.F.);
#6494 = EDGE_CURVE('',#6495,#2776,#6497,.T.);
#6495 = VERTEX_POINT('',#6496);
#6496 = CARTESIAN_POINT('',(0.635,-0.52,-0.355125000056));
#6497 = SURFACE_CURVE('',#6498,(#6502,#6509),.PCURVE_S1.);
#6498 = LINE('',#6499,#6500);
#6499 = CARTESIAN_POINT('',(0.635,-0.52,-0.355125000056));
#6500 = VECTOR('',#6501,1.);
#6501 = DIRECTION('',(6.982962677686E-15,0.,1.));
#6502 = PCURVE('',#2820,#6503);
#6503 = DEFINITIONAL_REPRESENTATION('',(#6504),#6508);
#6504 = LINE('',#6505,#6506);
#6505 = CARTESIAN_POINT('',(7.5E-02,4.440892098501E-16));
#6506 = VECTOR('',#6507,1.);
#6507 = DIRECTION('',(6.982962677686E-15,-1.));
#6508 = ( GEOMETRIC_REPRESENTATION_CONTEXT(2) 
PARAMETRIC_REPRESENTATION_CONTEXT() REPRESENTATION_CONTEXT('2D SPACE',''
  ) );
#6509 = PCURVE('',#2792,#6510);
#6510 = DEFINITIONAL_REPRESENTATION('',(#6511),#6515);
#6511 = LINE('',#6512,#6513);
#6512 = CARTESIAN_POINT('',(4.712388980385,0.));
#6513 = VECTOR('',#6514,1.);
#6514 = DIRECTION('',(0.,1.));
#6515 = ( GEOMETRIC_REPRESENTATION_CONTEXT(2) 
PARAMETRIC_REPRESENTATION_CONTEXT() REPRESENTATION_CONTEXT('2D SPACE',''
  ) );
#6516 = ORIENTED_EDGE('',*,*,#6517,.T.);
#6517 = EDGE_CURVE('',#6495,#6441,#6518,.T.);
#6518 = SURFACE_CURVE('',#6519,(#6523,#6530),.PCURVE_S1.);
#6519 = LINE('',#6520,#6521);
#6520 = CARTESIAN_POINT('',(0.56,-0.52,-0.355125000056));
#6521 = VECTOR('',#6522,1.);
#6522 = DIRECTION('',(-1.,0.,6.982962677686E-15));
#6523 = PCURVE('',#2820,#6524);
#6524 = DEFINITIONAL_REPRESENTATION('',(#6525),#6529);
#6525 = LINE('',#6526,#6527);
#6526 = CARTESIAN_POINT('',(0.,0.));
#6527 = VECTOR('',#6528,1.);
#6528 = DIRECTION('',(-1.,-6.982962677686E-15));
#6529 = ( GEOMETRIC_REPRESENTATION_CONTEXT(2) 
PARAMETRIC_REPRESENTATION_CONTEXT() REPRESENTATION_CONTEXT('2D SPACE',''
  ) );
#6530 = PCURVE('',#424,#6531);
#6531 = DEFINITIONAL_REPRESENTATION('',(#6532),#6536);
#6532 = LINE('',#6533,#6534);
#6533 = CARTESIAN_POINT('',(-0.56,-0.52));
#6534 = VECTOR('',#6535,1.);
#6535 = DIRECTION('',(1.,0.));
#6536 = ( GEOMETRIC_REPRESENTATION_CONTEXT(2) 
PARAMETRIC_REPRESENTATION_CONTEXT() REPRESENTATION_CONTEXT('2D SPACE',''
  ) );
#6537 = ORIENTED_EDGE('',*,*,#6440,.T.);
#6538 = ADVANCED_FACE('',(#6539),#2792,.F.);
#6539 = FACE_BOUND('',#6540,.F.);
#6540 = EDGE_LOOP('',(#6541,#6542,#6566,#6587));
#6541 = ORIENTED_EDGE('',*,*,#6494,.F.);
#6542 = ORIENTED_EDGE('',*,*,#6543,.F.);
#6543 = EDGE_CURVE('',#6544,#6495,#6546,.T.);
#6544 = VERTEX_POINT('',#6545);
#6545 = CARTESIAN_POINT('',(0.66,-0.495,-0.355125000056));
#6546 = SURFACE_CURVE('',#6547,(#6552,#6559),.PCURVE_S1.);
#6547 = CIRCLE('',#6548,2.5E-02);
#6548 = AXIS2_PLACEMENT_3D('',#6549,#6550,#6551);
#6549 = CARTESIAN_POINT('',(0.635,-0.495,-0.355125000056));
#6550 = DIRECTION('',(-6.505213034913E-15,0.,-1.));
#6551 = DIRECTION('',(1.,0.,-6.505213034913E-15));
#6552 = PCURVE('',#2792,#6553);
#6553 = DEFINITIONAL_REPRESENTATION('',(#6554),#6558);
#6554 = LINE('',#6555,#6556);
#6555 = CARTESIAN_POINT('',(6.28318530718,0.));
#6556 = VECTOR('',#6557,1.);
#6557 = DIRECTION('',(-1.,0.));
#6558 = ( GEOMETRIC_REPRESENTATION_CONTEXT(2) 
PARAMETRIC_REPRESENTATION_CONTEXT() REPRESENTATION_CONTEXT('2D SPACE',''
  ) );
#6559 = PCURVE('',#424,#6560);
#6560 = DEFINITIONAL_REPRESENTATION('',(#6561),#6565);
#6561 = CIRCLE('',#6562,2.5E-02);
#6562 = AXIS2_PLACEMENT_2D('',#6563,#6564);
#6563 = CARTESIAN_POINT('',(-0.635,-0.495));
#6564 = DIRECTION('',(-1.,0.));
#6565 = ( GEOMETRIC_REPRESENTATION_CONTEXT(2) 
PARAMETRIC_REPRESENTATION_CONTEXT() REPRESENTATION_CONTEXT('2D SPACE',''
  ) );
#6566 = ORIENTED_EDGE('',*,*,#6567,.T.);
#6567 = EDGE_CURVE('',#6544,#2748,#6568,.T.);
#6568 = SURFACE_CURVE('',#6569,(#6573,#6580),.PCURVE_S1.);
#6569 = LINE('',#6570,#6571);
#6570 = CARTESIAN_POINT('',(0.66,-0.495,-0.355125000056));
#6571 = VECTOR('',#6572,1.);
#6572 = DIRECTION('',(6.982962677686E-15,0.,1.));
#6573 = PCURVE('',#2792,#6574);
#6574 = DEFINITIONAL_REPRESENTATION('',(#6575),#6579);
#6575 = LINE('',#6576,#6577);
#6576 = CARTESIAN_POINT('',(6.28318530718,-3.330669073875E-16));
#6577 = VECTOR('',#6578,1.);
#6578 = DIRECTION('',(0.,1.));
#6579 = ( GEOMETRIC_REPRESENTATION_CONTEXT(2) 
PARAMETRIC_REPRESENTATION_CONTEXT() REPRESENTATION_CONTEXT('2D SPACE',''
  ) );
#6580 = PCURVE('',#2763,#6581);
#6581 = DEFINITIONAL_REPRESENTATION('',(#6582),#6586);
#6582 = LINE('',#6583,#6584);
#6583 = CARTESIAN_POINT('',(-0.15,-0.));
#6584 = VECTOR('',#6585,1.);
#6585 = DIRECTION('',(0.,-1.));
#6586 = ( GEOMETRIC_REPRESENTATION_CONTEXT(2) 
PARAMETRIC_REPRESENTATION_CONTEXT() REPRESENTATION_CONTEXT('2D SPACE',''
  ) );
#6587 = ORIENTED_EDGE('',*,*,#2775,.T.);
#6588 = ADVANCED_FACE('',(#6589),#2763,.T.);
#6589 = FACE_BOUND('',#6590,.T.);
#6590 = EDGE_LOOP('',(#6591,#6592,#6615,#6636));
#6591 = ORIENTED_EDGE('',*,*,#2747,.F.);
#6592 = ORIENTED_EDGE('',*,*,#6593,.F.);
#6593 = EDGE_CURVE('',#6594,#2719,#6596,.T.);
#6594 = VERTEX_POINT('',#6595);
#6595 = CARTESIAN_POINT('',(0.66,-0.345,-0.355125000056));
#6596 = SURFACE_CURVE('',#6597,(#6601,#6608),.PCURVE_S1.);
#6597 = LINE('',#6598,#6599);
#6598 = CARTESIAN_POINT('',(0.66,-0.345,-0.355125000056));
#6599 = VECTOR('',#6600,1.);
#6600 = DIRECTION('',(6.982962677686E-15,0.,1.));
#6601 = PCURVE('',#2763,#6602);
#6602 = DEFINITIONAL_REPRESENTATION('',(#6603),#6607);
#6603 = LINE('',#6604,#6605);
#6604 = CARTESIAN_POINT('',(0.,0.));
#6605 = VECTOR('',#6606,1.);
#6606 = DIRECTION('',(0.,-1.));
#6607 = ( GEOMETRIC_REPRESENTATION_CONTEXT(2) 
PARAMETRIC_REPRESENTATION_CONTEXT() REPRESENTATION_CONTEXT('2D SPACE',''
  ) );
#6608 = PCURVE('',#2735,#6609);
#6609 = DEFINITIONAL_REPRESENTATION('',(#6610),#6614);
#6610 = LINE('',#6611,#6612);
#6611 = CARTESIAN_POINT('',(0.,-3.330669073875E-16));
#6612 = VECTOR('',#6613,1.);
#6613 = DIRECTION('',(0.,1.));
#6614 = ( GEOMETRIC_REPRESENTATION_CONTEXT(2) 
PARAMETRIC_REPRESENTATION_CONTEXT() REPRESENTATION_CONTEXT('2D SPACE',''
  ) );
#6615 = ORIENTED_EDGE('',*,*,#6616,.T.);
#6616 = EDGE_CURVE('',#6594,#6544,#6617,.T.);
#6617 = SURFACE_CURVE('',#6618,(#6622,#6629),.PCURVE_S1.);
#6618 = LINE('',#6619,#6620);
#6619 = CARTESIAN_POINT('',(0.66,-0.345,-0.355125000056));
#6620 = VECTOR('',#6621,1.);
#6621 = DIRECTION('',(0.,-1.,0.));
#6622 = PCURVE('',#2763,#6623);
#6623 = DEFINITIONAL_REPRESENTATION('',(#6624),#6628);
#6624 = LINE('',#6625,#6626);
#6625 = CARTESIAN_POINT('',(0.,0.));
#6626 = VECTOR('',#6627,1.);
#6627 = DIRECTION('',(-1.,-0.));
#6628 = ( GEOMETRIC_REPRESENTATION_CONTEXT(2) 
PARAMETRIC_REPRESENTATION_CONTEXT() REPRESENTATION_CONTEXT('2D SPACE',''
  ) );
#6629 = PCURVE('',#424,#6630);
#6630 = DEFINITIONAL_REPRESENTATION('',(#6631),#6635);
#6631 = LINE('',#6632,#6633);
#6632 = CARTESIAN_POINT('',(-0.66,-0.345));
#6633 = VECTOR('',#6634,1.);
#6634 = DIRECTION('',(0.,-1.));
#6635 = ( GEOMETRIC_REPRESENTATION_CONTEXT(2) 
PARAMETRIC_REPRESENTATION_CONTEXT() REPRESENTATION_CONTEXT('2D SPACE',''
  ) );
#6636 = ORIENTED_EDGE('',*,*,#6567,.T.);
#6637 = ADVANCED_FACE('',(#6638),#2735,.F.);
#6638 = FACE_BOUND('',#6639,.F.);
#6639 = EDGE_LOOP('',(#6640,#6641,#6665,#6686));
#6640 = ORIENTED_EDGE('',*,*,#6593,.F.);
#6641 = ORIENTED_EDGE('',*,*,#6642,.F.);
#6642 = EDGE_CURVE('',#6643,#6594,#6645,.T.);
#6643 = VERTEX_POINT('',#6644);
#6644 = CARTESIAN_POINT('',(0.635,-0.32,-0.355125000056));
#6645 = SURFACE_CURVE('',#6646,(#6651,#6658),.PCURVE_S1.);
#6646 = CIRCLE('',#6647,2.5E-02);
#6647 = AXIS2_PLACEMENT_3D('',#6648,#6649,#6650);
#6648 = CARTESIAN_POINT('',(0.635,-0.345,-0.355125000056));
#6649 = DIRECTION('',(-6.505213034913E-15,0.,-1.));
#6650 = DIRECTION('',(-1.,0.,6.505213034913E-15));
#6651 = PCURVE('',#2735,#6652);
#6652 = DEFINITIONAL_REPRESENTATION('',(#6653),#6657);
#6653 = LINE('',#6654,#6655);
#6654 = CARTESIAN_POINT('',(3.14159265359,0.));
#6655 = VECTOR('',#6656,1.);
#6656 = DIRECTION('',(-1.,0.));
#6657 = ( GEOMETRIC_REPRESENTATION_CONTEXT(2) 
PARAMETRIC_REPRESENTATION_CONTEXT() REPRESENTATION_CONTEXT('2D SPACE',''
  ) );
#6658 = PCURVE('',#424,#6659);
#6659 = DEFINITIONAL_REPRESENTATION('',(#6660),#6664);
#6660 = CIRCLE('',#6661,2.5E-02);
#6661 = AXIS2_PLACEMENT_2D('',#6662,#6663);
#6662 = CARTESIAN_POINT('',(-0.635,-0.345));
#6663 = DIRECTION('',(1.,0.));
#6664 = ( GEOMETRIC_REPRESENTATION_CONTEXT(2) 
PARAMETRIC_REPRESENTATION_CONTEXT() REPRESENTATION_CONTEXT('2D SPACE',''
  ) );
#6665 = ORIENTED_EDGE('',*,*,#6666,.T.);
#6666 = EDGE_CURVE('',#6643,#2691,#6667,.T.);
#6667 = SURFACE_CURVE('',#6668,(#6672,#6679),.PCURVE_S1.);
#6668 = LINE('',#6669,#6670);
#6669 = CARTESIAN_POINT('',(0.635,-0.32,-0.355125000056));
#6670 = VECTOR('',#6671,1.);
#6671 = DIRECTION('',(6.982962677686E-15,0.,1.));
#6672 = PCURVE('',#2735,#6673);
#6673 = DEFINITIONAL_REPRESENTATION('',(#6674),#6678);
#6674 = LINE('',#6675,#6676);
#6675 = CARTESIAN_POINT('',(1.570796326795,0.));
#6676 = VECTOR('',#6677,1.);
#6677 = DIRECTION('',(0.,1.));
#6678 = ( GEOMETRIC_REPRESENTATION_CONTEXT(2) 
PARAMETRIC_REPRESENTATION_CONTEXT() REPRESENTATION_CONTEXT('2D SPACE',''
  ) );
#6679 = PCURVE('',#2706,#6680);
#6680 = DEFINITIONAL_REPRESENTATION('',(#6681),#6685);
#6681 = LINE('',#6682,#6683);
#6682 = CARTESIAN_POINT('',(3.895409895038E-46,5.394448724536E-02));
#6683 = VECTOR('',#6684,1.);
#6684 = DIRECTION('',(-1.,6.982962677686E-15));
#6685 = ( GEOMETRIC_REPRESENTATION_CONTEXT(2) 
PARAMETRIC_REPRESENTATION_CONTEXT() REPRESENTATION_CONTEXT('2D SPACE',''
  ) );
#6686 = ORIENTED_EDGE('',*,*,#2718,.T.);
#6687 = ADVANCED_FACE('',(#6688),#2706,.T.);
#6688 = FACE_BOUND('',#6689,.T.);
#6689 = EDGE_LOOP('',(#6690,#6691,#6714,#6735));
#6690 = ORIENTED_EDGE('',*,*,#2690,.F.);
#6691 = ORIENTED_EDGE('',*,*,#6692,.F.);
#6692 = EDGE_CURVE('',#6693,#2662,#6695,.T.);
#6693 = VERTEX_POINT('',#6694);
#6694 = CARTESIAN_POINT('',(0.581055512755,-0.32,-0.355125000056));
#6695 = SURFACE_CURVE('',#6696,(#6700,#6707),.PCURVE_S1.);
#6696 = LINE('',#6697,#6698);
#6697 = CARTESIAN_POINT('',(0.581055512755,-0.32,-0.355125000056));
#6698 = VECTOR('',#6699,1.);
#6699 = DIRECTION('',(6.982962677686E-15,0.,1.));
#6700 = PCURVE('',#2706,#6701);
#6701 = DEFINITIONAL_REPRESENTATION('',(#6702),#6706);
#6702 = LINE('',#6703,#6704);
#6703 = CARTESIAN_POINT('',(0.,0.));
#6704 = VECTOR('',#6705,1.);
#6705 = DIRECTION('',(-1.,6.982962677686E-15));
#6706 = ( GEOMETRIC_REPRESENTATION_CONTEXT(2) 
PARAMETRIC_REPRESENTATION_CONTEXT() REPRESENTATION_CONTEXT('2D SPACE',''
  ) );
#6707 = PCURVE('',#2678,#6708);
#6708 = DEFINITIONAL_REPRESENTATION('',(#6709),#6713);
#6709 = LINE('',#6710,#6711);
#6710 = CARTESIAN_POINT('',(1.570796326795,0.));
#6711 = VECTOR('',#6712,1.);
#6712 = DIRECTION('',(0.,1.));
#6713 = ( GEOMETRIC_REPRESENTATION_CONTEXT(2) 
PARAMETRIC_REPRESENTATION_CONTEXT() REPRESENTATION_CONTEXT('2D SPACE',''
  ) );
#6714 = ORIENTED_EDGE('',*,*,#6715,.T.);
#6715 = EDGE_CURVE('',#6693,#6643,#6716,.T.);
#6716 = SURFACE_CURVE('',#6717,(#6721,#6728),.PCURVE_S1.);
#6717 = LINE('',#6718,#6719);
#6718 = CARTESIAN_POINT('',(0.581055512755,-0.32,-0.355125000056));
#6719 = VECTOR('',#6720,1.);
#6720 = DIRECTION('',(1.,1.004923976341E-15,-6.982962677686E-15));
#6721 = PCURVE('',#2706,#6722);
#6722 = DEFINITIONAL_REPRESENTATION('',(#6723),#6727);
#6723 = LINE('',#6724,#6725);
#6724 = CARTESIAN_POINT('',(0.,0.));
#6725 = VECTOR('',#6726,1.);
#6726 = DIRECTION('',(6.982962677686E-15,1.));
#6727 = ( GEOMETRIC_REPRESENTATION_CONTEXT(2) 
PARAMETRIC_REPRESENTATION_CONTEXT() REPRESENTATION_CONTEXT('2D SPACE',''
  ) );
#6728 = PCURVE('',#424,#6729);
#6729 = DEFINITIONAL_REPRESENTATION('',(#6730),#6734);
#6730 = LINE('',#6731,#6732);
#6731 = CARTESIAN_POINT('',(-0.581055512755,-0.32));
#6732 = VECTOR('',#6733,1.);
#6733 = DIRECTION('',(-1.,1.004923976341E-15));
#6734 = ( GEOMETRIC_REPRESENTATION_CONTEXT(2) 
PARAMETRIC_REPRESENTATION_CONTEXT() REPRESENTATION_CONTEXT('2D SPACE',''
  ) );
#6735 = ORIENTED_EDGE('',*,*,#6666,.T.);
#6736 = ADVANCED_FACE('',(#6737),#2678,.F.);
#6737 = FACE_BOUND('',#6738,.F.);
#6738 = EDGE_LOOP('',(#6739,#6740,#6764,#6785));
#6739 = ORIENTED_EDGE('',*,*,#6692,.F.);
#6740 = ORIENTED_EDGE('',*,*,#6741,.F.);
#6741 = EDGE_CURVE('',#6742,#6693,#6744,.T.);
#6742 = VERTEX_POINT('',#6743);
#6743 = CARTESIAN_POINT('',(0.568178543914,-0.323571428571,
    -0.355125000056));
#6744 = SURFACE_CURVE('',#6745,(#6750,#6757),.PCURVE_S1.);
#6745 = CIRCLE('',#6746,2.5E-02);
#6746 = AXIS2_PLACEMENT_3D('',#6747,#6748,#6749);
#6747 = CARTESIAN_POINT('',(0.581055512755,-0.345,-0.355125000056));
#6748 = DIRECTION('',(-6.505213034913E-15,0.,-1.));
#6749 = DIRECTION('',(-1.,0.,6.505213034913E-15));
#6750 = PCURVE('',#2678,#6751);
#6751 = DEFINITIONAL_REPRESENTATION('',(#6752),#6756);
#6752 = LINE('',#6753,#6754);
#6753 = CARTESIAN_POINT('',(3.14159265359,1.611472719293E-16));
#6754 = VECTOR('',#6755,1.);
#6755 = DIRECTION('',(-1.,-1.025895395733E-16));
#6756 = ( GEOMETRIC_REPRESENTATION_CONTEXT(2) 
PARAMETRIC_REPRESENTATION_CONTEXT() REPRESENTATION_CONTEXT('2D SPACE',''
  ) );
#6757 = PCURVE('',#424,#6758);
#6758 = DEFINITIONAL_REPRESENTATION('',(#6759),#6763);
#6759 = CIRCLE('',#6760,2.5E-02);
#6760 = AXIS2_PLACEMENT_2D('',#6761,#6762);
#6761 = CARTESIAN_POINT('',(-0.581055512755,-0.345));
#6762 = DIRECTION('',(1.,0.));
#6763 = ( GEOMETRIC_REPRESENTATION_CONTEXT(2) 
PARAMETRIC_REPRESENTATION_CONTEXT() REPRESENTATION_CONTEXT('2D SPACE',''
  ) );
#6764 = ORIENTED_EDGE('',*,*,#6765,.T.);
#6765 = EDGE_CURVE('',#6742,#2629,#6766,.T.);
#6766 = SURFACE_CURVE('',#6767,(#6771,#6778),.PCURVE_S1.);
#6767 = LINE('',#6768,#6769);
#6768 = CARTESIAN_POINT('',(0.568178543914,-0.323571428571,
    -0.355125000056));
#6769 = VECTOR('',#6770,1.);
#6770 = DIRECTION('',(6.982962677686E-15,0.,1.));
#6771 = PCURVE('',#2678,#6772);
#6772 = DEFINITIONAL_REPRESENTATION('',(#6773),#6777);
#6773 = LINE('',#6774,#6775);
#6774 = CARTESIAN_POINT('',(2.111895852752,3.885780586188E-16));
#6775 = VECTOR('',#6776,1.);
#6776 = DIRECTION('',(0.,1.));
#6777 = ( GEOMETRIC_REPRESENTATION_CONTEXT(2) 
PARAMETRIC_REPRESENTATION_CONTEXT() REPRESENTATION_CONTEXT('2D SPACE',''
  ) );
#6778 = PCURVE('',#2649,#6779);
#6779 = DEFINITIONAL_REPRESENTATION('',(#6780),#6784);
#6780 = LINE('',#6781,#6782);
#6781 = CARTESIAN_POINT('',(5.253488506342,1.665334536938E-16));
#6782 = VECTOR('',#6783,1.);
#6783 = DIRECTION('',(0.,1.));
#6784 = ( GEOMETRIC_REPRESENTATION_CONTEXT(2) 
PARAMETRIC_REPRESENTATION_CONTEXT() REPRESENTATION_CONTEXT('2D SPACE',''
  ) );
#6785 = ORIENTED_EDGE('',*,*,#2661,.T.);
#6786 = ADVANCED_FACE('',(#6787),#2649,.T.);
#6787 = FACE_BOUND('',#6788,.T.);
#6788 = EDGE_LOOP('',(#6789,#6790,#6813,#6839));
#6789 = ORIENTED_EDGE('',*,*,#2628,.F.);
#6790 = ORIENTED_EDGE('',*,*,#6791,.F.);
#6791 = EDGE_CURVE('',#6792,#2600,#6794,.T.);
#6792 = VERTEX_POINT('',#6793);
#6793 = CARTESIAN_POINT('',(0.568178543914,-0.246428571429,
    -0.355125000056));
#6794 = SURFACE_CURVE('',#6795,(#6799,#6806),.PCURVE_S1.);
#6795 = LINE('',#6796,#6797);
#6796 = CARTESIAN_POINT('',(0.568178543914,-0.246428571429,
    -0.355125000056));
#6797 = VECTOR('',#6798,1.);
#6798 = DIRECTION('',(6.982962677686E-15,0.,1.));
#6799 = PCURVE('',#2649,#6800);
#6800 = DEFINITIONAL_REPRESENTATION('',(#6801),#6805);
#6801 = LINE('',#6802,#6803);
#6802 = CARTESIAN_POINT('',(1.029696800838,1.665334536938E-16));
#6803 = VECTOR('',#6804,1.);
#6804 = DIRECTION('',(0.,1.));
#6805 = ( GEOMETRIC_REPRESENTATION_CONTEXT(2) 
PARAMETRIC_REPRESENTATION_CONTEXT() REPRESENTATION_CONTEXT('2D SPACE',''
  ) );
#6806 = PCURVE('',#2616,#6807);
#6807 = DEFINITIONAL_REPRESENTATION('',(#6808),#6812);
#6808 = LINE('',#6809,#6810);
#6809 = CARTESIAN_POINT('',(4.171289454428,3.885780586188E-16));
#6810 = VECTOR('',#6811,1.);
#6811 = DIRECTION('',(0.,1.));
#6812 = ( GEOMETRIC_REPRESENTATION_CONTEXT(2) 
PARAMETRIC_REPRESENTATION_CONTEXT() REPRESENTATION_CONTEXT('2D SPACE',''
  ) );
#6813 = ORIENTED_EDGE('',*,*,#6814,.T.);
#6814 = EDGE_CURVE('',#6792,#6742,#6815,.T.);
#6815 = SURFACE_CURVE('',#6816,(#6821,#6828),.PCURVE_S1.);
#6816 = CIRCLE('',#6817,4.5E-02);
#6817 = AXIS2_PLACEMENT_3D('',#6818,#6819,#6820);
#6818 = CARTESIAN_POINT('',(0.545,-0.285,-0.355125000056));
#6819 = DIRECTION('',(7.228014483237E-15,0.,1.));
#6820 = DIRECTION('',(-1.,0.,7.228014483237E-15));
#6821 = PCURVE('',#2649,#6822);
#6822 = DEFINITIONAL_REPRESENTATION('',(#6823),#6827);
#6823 = LINE('',#6824,#6825);
#6824 = CARTESIAN_POINT('',(-3.14159265359,0.));
#6825 = VECTOR('',#6826,1.);
#6826 = DIRECTION('',(1.,0.));
#6827 = ( GEOMETRIC_REPRESENTATION_CONTEXT(2) 
PARAMETRIC_REPRESENTATION_CONTEXT() REPRESENTATION_CONTEXT('2D SPACE',''
  ) );
#6828 = PCURVE('',#424,#6829);
#6829 = DEFINITIONAL_REPRESENTATION('',(#6830),#6838);
#6830 = ( BOUNDED_CURVE() B_SPLINE_CURVE(2,(#6831,#6832,#6833,#6834,
#6835,#6836,#6837),.UNSPECIFIED.,.T.,.F.) B_SPLINE_CURVE_WITH_KNOTS((1,2
    ,2,2,2,1),(-2.094395102393,0.,2.094395102393,4.188790204786,
6.28318530718,8.377580409573),.UNSPECIFIED.) CURVE() 
GEOMETRIC_REPRESENTATION_ITEM() RATIONAL_B_SPLINE_CURVE((1.,0.5,1.,0.5,
1.,0.5,1.)) REPRESENTATION_ITEM('') );
#6831 = CARTESIAN_POINT('',(-0.5,-0.285));
#6832 = CARTESIAN_POINT('',(-0.5,-0.362942286341));
#6833 = CARTESIAN_POINT('',(-0.5675,-0.32397114317));
#6834 = CARTESIAN_POINT('',(-0.635,-0.285));
#6835 = CARTESIAN_POINT('',(-0.5675,-0.24602885683));
#6836 = CARTESIAN_POINT('',(-0.5,-0.207057713659));
#6837 = CARTESIAN_POINT('',(-0.5,-0.285));
#6838 = ( GEOMETRIC_REPRESENTATION_CONTEXT(2) 
PARAMETRIC_REPRESENTATION_CONTEXT() REPRESENTATION_CONTEXT('2D SPACE',''
  ) );
#6839 = ORIENTED_EDGE('',*,*,#6765,.T.);
#6840 = ADVANCED_FACE('',(#6841),#2616,.F.);
#6841 = FACE_BOUND('',#6842,.F.);
#6842 = EDGE_LOOP('',(#6843,#6844,#6866,#6867));
#6843 = ORIENTED_EDGE('',*,*,#6791,.F.);
#6844 = ORIENTED_EDGE('',*,*,#6845,.F.);
#6845 = EDGE_CURVE('',#3255,#6792,#6846,.T.);
#6846 = SURFACE_CURVE('',#6847,(#6852,#6859),.PCURVE_S1.);
#6847 = CIRCLE('',#6848,2.5E-02);
#6848 = AXIS2_PLACEMENT_3D('',#6849,#6850,#6851);
#6849 = CARTESIAN_POINT('',(0.581055512755,-0.225,-0.355125000056));
#6850 = DIRECTION('',(-6.505213034913E-15,0.,-1.));
#6851 = DIRECTION('',(-1.,0.,6.505213034913E-15));
#6852 = PCURVE('',#2616,#6853);
#6853 = DEFINITIONAL_REPRESENTATION('',(#6854),#6858);
#6854 = LINE('',#6855,#6856);
#6855 = CARTESIAN_POINT('',(9.424777960769,-4.834418157878E-16));
#6856 = VECTOR('',#6857,1.);
#6857 = DIRECTION('',(-1.,1.025895395733E-16));
#6858 = ( GEOMETRIC_REPRESENTATION_CONTEXT(2) 
PARAMETRIC_REPRESENTATION_CONTEXT() REPRESENTATION_CONTEXT('2D SPACE',''
  ) );
#6859 = PCURVE('',#424,#6860);
#6860 = DEFINITIONAL_REPRESENTATION('',(#6861),#6865);
#6861 = CIRCLE('',#6862,2.5E-02);
#6862 = AXIS2_PLACEMENT_2D('',#6863,#6864);
#6863 = CARTESIAN_POINT('',(-0.581055512755,-0.225));
#6864 = DIRECTION('',(1.,0.));
#6865 = ( GEOMETRIC_REPRESENTATION_CONTEXT(2) 
PARAMETRIC_REPRESENTATION_CONTEXT() REPRESENTATION_CONTEXT('2D SPACE',''
  ) );
#6866 = ORIENTED_EDGE('',*,*,#3277,.T.);
#6867 = ORIENTED_EDGE('',*,*,#2599,.T.);
#6868 = ADVANCED_FACE('',(#6869),#6884,.T.);
#6869 = FACE_BOUND('',#6870,.T.);
#6870 = EDGE_LOOP('',(#6871,#6910,#6933,#6965,#6988,#7020,#7043,#7075));
#6871 = ORIENTED_EDGE('',*,*,#6872,.F.);
#6872 = EDGE_CURVE('',#6873,#6875,#6877,.T.);
#6873 = VERTEX_POINT('',#6874);
#6874 = CARTESIAN_POINT('',(-0.115,-0.62,-0.355125000056));
#6875 = VERTEX_POINT('',#6876);
#6876 = CARTESIAN_POINT('',(-9.E-02,-0.595,-0.355125000056));
#6877 = SURFACE_CURVE('',#6878,(#6883,#6899),.PCURVE_S1.);
#6878 = CIRCLE('',#6879,2.5E-02);
#6879 = AXIS2_PLACEMENT_3D('',#6880,#6881,#6882);
#6880 = CARTESIAN_POINT('',(-0.115,-0.595,-0.355125000056));
#6881 = DIRECTION('',(6.505213034913E-15,0.,1.));
#6882 = DIRECTION('',(-1.,0.,6.505213034913E-15));
#6883 = PCURVE('',#6884,#6889);
#6884 = PLANE('',#6885);
#6885 = AXIS2_PLACEMENT_3D('',#6886,#6887,#6888);
#6886 = CARTESIAN_POINT('',(-2.913505490302E-15,0.,-0.355125000056));
#6887 = DIRECTION('',(-6.982962677686E-15,0.,-1.));
#6888 = DIRECTION('',(-1.,0.,6.982962677686E-15));
#6889 = DEFINITIONAL_REPRESENTATION('',(#6890),#6898);
#6890 = ( BOUNDED_CURVE() B_SPLINE_CURVE(2,(#6891,#6892,#6893,#6894,
#6895,#6896,#6897),.UNSPECIFIED.,.T.,.F.) B_SPLINE_CURVE_WITH_KNOTS((1,2
    ,2,2,2,1),(-2.094395102393,0.,2.094395102393,4.188790204786,
6.28318530718,8.377580409573),.UNSPECIFIED.) CURVE() 
GEOMETRIC_REPRESENTATION_ITEM() RATIONAL_B_SPLINE_CURVE((1.,0.5,1.,0.5,
1.,0.5,1.)) REPRESENTATION_ITEM('') );
#6891 = CARTESIAN_POINT('',(0.14,-0.595));
#6892 = CARTESIAN_POINT('',(0.14,-0.638301270189));
#6893 = CARTESIAN_POINT('',(0.1025,-0.616650635095));
#6894 = CARTESIAN_POINT('',(6.5E-02,-0.595));
#6895 = CARTESIAN_POINT('',(0.1025,-0.573349364905));
#6896 = CARTESIAN_POINT('',(0.14,-0.551698729811));
#6897 = CARTESIAN_POINT('',(0.14,-0.595));
#6898 = ( GEOMETRIC_REPRESENTATION_CONTEXT(2) 
PARAMETRIC_REPRESENTATION_CONTEXT() REPRESENTATION_CONTEXT('2D SPACE',''
  ) );
#6899 = PCURVE('',#424,#6900);
#6900 = DEFINITIONAL_REPRESENTATION('',(#6901),#6909);
#6901 = ( BOUNDED_CURVE() B_SPLINE_CURVE(2,(#6902,#6903,#6904,#6905,
#6906,#6907,#6908),.UNSPECIFIED.,.T.,.F.) B_SPLINE_CURVE_WITH_KNOTS((1,2
    ,2,2,2,1),(-2.094395102393,0.,2.094395102393,4.188790204786,
6.28318530718,8.377580409573),.UNSPECIFIED.) CURVE() 
GEOMETRIC_REPRESENTATION_ITEM() RATIONAL_B_SPLINE_CURVE((1.,0.5,1.,0.5,
1.,0.5,1.)) REPRESENTATION_ITEM('') );
#6902 = CARTESIAN_POINT('',(0.14,-0.595));
#6903 = CARTESIAN_POINT('',(0.14,-0.638301270189));
#6904 = CARTESIAN_POINT('',(0.1025,-0.616650635095));
#6905 = CARTESIAN_POINT('',(6.5E-02,-0.595));
#6906 = CARTESIAN_POINT('',(0.1025,-0.573349364905));
#6907 = CARTESIAN_POINT('',(0.14,-0.551698729811));
#6908 = CARTESIAN_POINT('',(0.14,-0.595));
#6909 = ( GEOMETRIC_REPRESENTATION_CONTEXT(2) 
PARAMETRIC_REPRESENTATION_CONTEXT() REPRESENTATION_CONTEXT('2D SPACE',''
  ) );
#6910 = ORIENTED_EDGE('',*,*,#6911,.F.);
#6911 = EDGE_CURVE('',#6912,#6873,#6914,.T.);
#6912 = VERTEX_POINT('',#6913);
#6913 = CARTESIAN_POINT('',(-0.635,-0.62,-0.355125000056));
#6914 = SURFACE_CURVE('',#6915,(#6919,#6926),.PCURVE_S1.);
#6915 = LINE('',#6916,#6917);
#6916 = CARTESIAN_POINT('',(-3.042775749329E-15,-0.62,-0.355125000056));
#6917 = VECTOR('',#6918,1.);
#6918 = DIRECTION('',(1.,-2.085004177857E-16,-6.982962677686E-15));
#6919 = PCURVE('',#6884,#6920);
#6920 = DEFINITIONAL_REPRESENTATION('',(#6921),#6925);
#6921 = LINE('',#6922,#6923);
#6922 = CARTESIAN_POINT('',(1.292702590271E-16,-0.62));
#6923 = VECTOR('',#6924,1.);
#6924 = DIRECTION('',(-1.,-2.085004177857E-16));
#6925 = ( GEOMETRIC_REPRESENTATION_CONTEXT(2) 
PARAMETRIC_REPRESENTATION_CONTEXT() REPRESENTATION_CONTEXT('2D SPACE',''
  ) );
#6926 = PCURVE('',#424,#6927);
#6927 = DEFINITIONAL_REPRESENTATION('',(#6928),#6932);
#6928 = LINE('',#6929,#6930);
#6929 = CARTESIAN_POINT('',(1.292702590271E-16,-0.62));
#6930 = VECTOR('',#6931,1.);
#6931 = DIRECTION('',(-1.,-2.085004177857E-16));
#6932 = ( GEOMETRIC_REPRESENTATION_CONTEXT(2) 
PARAMETRIC_REPRESENTATION_CONTEXT() REPRESENTATION_CONTEXT('2D SPACE',''
  ) );
#6933 = ORIENTED_EDGE('',*,*,#6934,.F.);
#6934 = EDGE_CURVE('',#6935,#6912,#6937,.T.);
#6935 = VERTEX_POINT('',#6936);
#6936 = CARTESIAN_POINT('',(-0.66,-0.595,-0.355125000056));
#6937 = SURFACE_CURVE('',#6938,(#6943,#6954),.PCURVE_S1.);
#6938 = CIRCLE('',#6939,2.5E-02);
#6939 = AXIS2_PLACEMENT_3D('',#6940,#6941,#6942);
#6940 = CARTESIAN_POINT('',(-0.635,-0.595,-0.355125000056));
#6941 = DIRECTION('',(6.505213034913E-15,0.,1.));
#6942 = DIRECTION('',(-1.,0.,6.505213034913E-15));
#6943 = PCURVE('',#6884,#6944);
#6944 = DEFINITIONAL_REPRESENTATION('',(#6945),#6953);
#6945 = ( BOUNDED_CURVE() B_SPLINE_CURVE(2,(#6946,#6947,#6948,#6949,
#6950,#6951,#6952),.UNSPECIFIED.,.T.,.F.) B_SPLINE_CURVE_WITH_KNOTS((1,2
    ,2,2,2,1),(-2.094395102393,0.,2.094395102393,4.188790204786,
6.28318530718,8.377580409573),.UNSPECIFIED.) CURVE() 
GEOMETRIC_REPRESENTATION_ITEM() RATIONAL_B_SPLINE_CURVE((1.,0.5,1.,0.5,
1.,0.5,1.)) REPRESENTATION_ITEM('') );
#6946 = CARTESIAN_POINT('',(0.66,-0.595));
#6947 = CARTESIAN_POINT('',(0.66,-0.638301270189));
#6948 = CARTESIAN_POINT('',(0.6225,-0.616650635095));
#6949 = CARTESIAN_POINT('',(0.585,-0.595));
#6950 = CARTESIAN_POINT('',(0.6225,-0.573349364905));
#6951 = CARTESIAN_POINT('',(0.66,-0.551698729811));
#6952 = CARTESIAN_POINT('',(0.66,-0.595));
#6953 = ( GEOMETRIC_REPRESENTATION_CONTEXT(2) 
PARAMETRIC_REPRESENTATION_CONTEXT() REPRESENTATION_CONTEXT('2D SPACE',''
  ) );
#6954 = PCURVE('',#424,#6955);
#6955 = DEFINITIONAL_REPRESENTATION('',(#6956),#6964);
#6956 = ( BOUNDED_CURVE() B_SPLINE_CURVE(2,(#6957,#6958,#6959,#6960,
#6961,#6962,#6963),.UNSPECIFIED.,.T.,.F.) B_SPLINE_CURVE_WITH_KNOTS((1,2
    ,2,2,2,1),(-2.094395102393,0.,2.094395102393,4.188790204786,
6.28318530718,8.377580409573),.UNSPECIFIED.) CURVE() 
GEOMETRIC_REPRESENTATION_ITEM() RATIONAL_B_SPLINE_CURVE((1.,0.5,1.,0.5,
1.,0.5,1.)) REPRESENTATION_ITEM('') );
#6957 = CARTESIAN_POINT('',(0.66,-0.595));
#6958 = CARTESIAN_POINT('',(0.66,-0.638301270189));
#6959 = CARTESIAN_POINT('',(0.6225,-0.616650635095));
#6960 = CARTESIAN_POINT('',(0.585,-0.595));
#6961 = CARTESIAN_POINT('',(0.6225,-0.573349364905));
#6962 = CARTESIAN_POINT('',(0.66,-0.551698729811));
#6963 = CARTESIAN_POINT('',(0.66,-0.595));
#6964 = ( GEOMETRIC_REPRESENTATION_CONTEXT(2) 
PARAMETRIC_REPRESENTATION_CONTEXT() REPRESENTATION_CONTEXT('2D SPACE',''
  ) );
#6965 = ORIENTED_EDGE('',*,*,#6966,.F.);
#6966 = EDGE_CURVE('',#6967,#6935,#6969,.T.);
#6967 = VERTEX_POINT('',#6968);
#6968 = CARTESIAN_POINT('',(-0.66,-0.425,-0.355125000056));
#6969 = SURFACE_CURVE('',#6970,(#6974,#6981),.PCURVE_S1.);
#6970 = LINE('',#6971,#6972);
#6971 = CARTESIAN_POINT('',(-0.66,8.418510986358E-16,-0.355125000056));
#6972 = VECTOR('',#6973,1.);
#6973 = DIRECTION('',(-1.27553196763E-15,-1.,8.906992124156E-30));
#6974 = PCURVE('',#6884,#6975);
#6975 = DEFINITIONAL_REPRESENTATION('',(#6976),#6980);
#6976 = LINE('',#6977,#6978);
#6977 = CARTESIAN_POINT('',(0.66,8.418510986358E-16));
#6978 = VECTOR('',#6979,1.);
#6979 = DIRECTION('',(1.27553196763E-15,-1.));
#6980 = ( GEOMETRIC_REPRESENTATION_CONTEXT(2) 
PARAMETRIC_REPRESENTATION_CONTEXT() REPRESENTATION_CONTEXT('2D SPACE',''
  ) );
#6981 = PCURVE('',#424,#6982);
#6982 = DEFINITIONAL_REPRESENTATION('',(#6983),#6987);
#6983 = LINE('',#6984,#6985);
#6984 = CARTESIAN_POINT('',(0.66,8.418510986358E-16));
#6985 = VECTOR('',#6986,1.);
#6986 = DIRECTION('',(1.27553196763E-15,-1.));
#6987 = ( GEOMETRIC_REPRESENTATION_CONTEXT(2) 
PARAMETRIC_REPRESENTATION_CONTEXT() REPRESENTATION_CONTEXT('2D SPACE',''
  ) );
#6988 = ORIENTED_EDGE('',*,*,#6989,.F.);
#6989 = EDGE_CURVE('',#6990,#6967,#6992,.T.);
#6990 = VERTEX_POINT('',#6991);
#6991 = CARTESIAN_POINT('',(-0.635,-0.4,-0.355125000056));
#6992 = SURFACE_CURVE('',#6993,(#6998,#7009),.PCURVE_S1.);
#6993 = CIRCLE('',#6994,2.5E-02);
#6994 = AXIS2_PLACEMENT_3D('',#6995,#6996,#6997);
#6995 = CARTESIAN_POINT('',(-0.635,-0.425,-0.355125000056));
#6996 = DIRECTION('',(6.505213034913E-15,0.,1.));
#6997 = DIRECTION('',(-1.,0.,6.505213034913E-15));
#6998 = PCURVE('',#6884,#6999);
#6999 = DEFINITIONAL_REPRESENTATION('',(#7000),#7008);
#7000 = ( BOUNDED_CURVE() B_SPLINE_CURVE(2,(#7001,#7002,#7003,#7004,
#7005,#7006,#7007),.UNSPECIFIED.,.T.,.F.) B_SPLINE_CURVE_WITH_KNOTS((1,2
    ,2,2,2,1),(-2.094395102393,0.,2.094395102393,4.188790204786,
6.28318530718,8.377580409573),.UNSPECIFIED.) CURVE() 
GEOMETRIC_REPRESENTATION_ITEM() RATIONAL_B_SPLINE_CURVE((1.,0.5,1.,0.5,
1.,0.5,1.)) REPRESENTATION_ITEM('') );
#7001 = CARTESIAN_POINT('',(0.66,-0.425));
#7002 = CARTESIAN_POINT('',(0.66,-0.468301270189));
#7003 = CARTESIAN_POINT('',(0.6225,-0.446650635095));
#7004 = CARTESIAN_POINT('',(0.585,-0.425));
#7005 = CARTESIAN_POINT('',(0.6225,-0.403349364905));
#7006 = CARTESIAN_POINT('',(0.66,-0.381698729811));
#7007 = CARTESIAN_POINT('',(0.66,-0.425));
#7008 = ( GEOMETRIC_REPRESENTATION_CONTEXT(2) 
PARAMETRIC_REPRESENTATION_CONTEXT() REPRESENTATION_CONTEXT('2D SPACE',''
  ) );
#7009 = PCURVE('',#424,#7010);
#7010 = DEFINITIONAL_REPRESENTATION('',(#7011),#7019);
#7011 = ( BOUNDED_CURVE() B_SPLINE_CURVE(2,(#7012,#7013,#7014,#7015,
#7016,#7017,#7018),.UNSPECIFIED.,.T.,.F.) B_SPLINE_CURVE_WITH_KNOTS((1,2
    ,2,2,2,1),(-2.094395102393,0.,2.094395102393,4.188790204786,
6.28318530718,8.377580409573),.UNSPECIFIED.) CURVE() 
GEOMETRIC_REPRESENTATION_ITEM() RATIONAL_B_SPLINE_CURVE((1.,0.5,1.,0.5,
1.,0.5,1.)) REPRESENTATION_ITEM('') );
#7012 = CARTESIAN_POINT('',(0.66,-0.425));
#7013 = CARTESIAN_POINT('',(0.66,-0.468301270189));
#7014 = CARTESIAN_POINT('',(0.6225,-0.446650635095));
#7015 = CARTESIAN_POINT('',(0.585,-0.425));
#7016 = CARTESIAN_POINT('',(0.6225,-0.403349364905));
#7017 = CARTESIAN_POINT('',(0.66,-0.381698729811));
#7018 = CARTESIAN_POINT('',(0.66,-0.425));
#7019 = ( GEOMETRIC_REPRESENTATION_CONTEXT(2) 
PARAMETRIC_REPRESENTATION_CONTEXT() REPRESENTATION_CONTEXT('2D SPACE',''
  ) );
#7020 = ORIENTED_EDGE('',*,*,#7021,.F.);
#7021 = EDGE_CURVE('',#7022,#6990,#7024,.T.);
#7022 = VERTEX_POINT('',#7023);
#7023 = CARTESIAN_POINT('',(-0.115,-0.4,-0.355125000056));
#7024 = SURFACE_CURVE('',#7025,(#7029,#7036),.PCURVE_S1.);
#7025 = LINE('',#7026,#7027);
#7026 = CARTESIAN_POINT('',(-2.913505490302E-15,-0.4,-0.355125000056));
#7027 = VECTOR('',#7028,1.);
#7028 = DIRECTION('',(-1.,0.,6.982962677686E-15));
#7029 = PCURVE('',#6884,#7030);
#7030 = DEFINITIONAL_REPRESENTATION('',(#7031),#7035);
#7031 = LINE('',#7032,#7033);
#7032 = CARTESIAN_POINT('',(0.,-0.4));
#7033 = VECTOR('',#7034,1.);
#7034 = DIRECTION('',(1.,0.));
#7035 = ( GEOMETRIC_REPRESENTATION_CONTEXT(2) 
PARAMETRIC_REPRESENTATION_CONTEXT() REPRESENTATION_CONTEXT('2D SPACE',''
  ) );
#7036 = PCURVE('',#424,#7037);
#7037 = DEFINITIONAL_REPRESENTATION('',(#7038),#7042);
#7038 = LINE('',#7039,#7040);
#7039 = CARTESIAN_POINT('',(0.,-0.4));
#7040 = VECTOR('',#7041,1.);
#7041 = DIRECTION('',(1.,0.));
#7042 = ( GEOMETRIC_REPRESENTATION_CONTEXT(2) 
PARAMETRIC_REPRESENTATION_CONTEXT() REPRESENTATION_CONTEXT('2D SPACE',''
  ) );
#7043 = ORIENTED_EDGE('',*,*,#7044,.F.);
#7044 = EDGE_CURVE('',#7045,#7022,#7047,.T.);
#7045 = VERTEX_POINT('',#7046);
#7046 = CARTESIAN_POINT('',(-9.E-02,-0.425,-0.355125000056));
#7047 = SURFACE_CURVE('',#7048,(#7053,#7064),.PCURVE_S1.);
#7048 = CIRCLE('',#7049,2.5E-02);
#7049 = AXIS2_PLACEMENT_3D('',#7050,#7051,#7052);
#7050 = CARTESIAN_POINT('',(-0.115,-0.425,-0.355125000056));
#7051 = DIRECTION('',(6.505213034913E-15,0.,1.));
#7052 = DIRECTION('',(-1.,0.,6.505213034913E-15));
#7053 = PCURVE('',#6884,#7054);
#7054 = DEFINITIONAL_REPRESENTATION('',(#7055),#7063);
#7055 = ( BOUNDED_CURVE() B_SPLINE_CURVE(2,(#7056,#7057,#7058,#7059,
#7060,#7061,#7062),.UNSPECIFIED.,.T.,.F.) B_SPLINE_CURVE_WITH_KNOTS((1,2
    ,2,2,2,1),(-2.094395102393,0.,2.094395102393,4.188790204786,
6.28318530718,8.377580409573),.UNSPECIFIED.) CURVE() 
GEOMETRIC_REPRESENTATION_ITEM() RATIONAL_B_SPLINE_CURVE((1.,0.5,1.,0.5,
1.,0.5,1.)) REPRESENTATION_ITEM('') );
#7056 = CARTESIAN_POINT('',(0.14,-0.425));
#7057 = CARTESIAN_POINT('',(0.14,-0.468301270189));
#7058 = CARTESIAN_POINT('',(0.1025,-0.446650635095));
#7059 = CARTESIAN_POINT('',(6.5E-02,-0.425));
#7060 = CARTESIAN_POINT('',(0.1025,-0.403349364905));
#7061 = CARTESIAN_POINT('',(0.14,-0.381698729811));
#7062 = CARTESIAN_POINT('',(0.14,-0.425));
#7063 = ( GEOMETRIC_REPRESENTATION_CONTEXT(2) 
PARAMETRIC_REPRESENTATION_CONTEXT() REPRESENTATION_CONTEXT('2D SPACE',''
  ) );
#7064 = PCURVE('',#424,#7065);
#7065 = DEFINITIONAL_REPRESENTATION('',(#7066),#7074);
#7066 = ( BOUNDED_CURVE() B_SPLINE_CURVE(2,(#7067,#7068,#7069,#7070,
#7071,#7072,#7073),.UNSPECIFIED.,.T.,.F.) B_SPLINE_CURVE_WITH_KNOTS((1,2
    ,2,2,2,1),(-2.094395102393,0.,2.094395102393,4.188790204786,
6.28318530718,8.377580409573),.UNSPECIFIED.) CURVE() 
GEOMETRIC_REPRESENTATION_ITEM() RATIONAL_B_SPLINE_CURVE((1.,0.5,1.,0.5,
1.,0.5,1.)) REPRESENTATION_ITEM('') );
#7067 = CARTESIAN_POINT('',(0.14,-0.425));
#7068 = CARTESIAN_POINT('',(0.14,-0.468301270189));
#7069 = CARTESIAN_POINT('',(0.1025,-0.446650635095));
#7070 = CARTESIAN_POINT('',(6.5E-02,-0.425));
#7071 = CARTESIAN_POINT('',(0.1025,-0.403349364905));
#7072 = CARTESIAN_POINT('',(0.14,-0.381698729811));
#7073 = CARTESIAN_POINT('',(0.14,-0.425));
#7074 = ( GEOMETRIC_REPRESENTATION_CONTEXT(2) 
PARAMETRIC_REPRESENTATION_CONTEXT() REPRESENTATION_CONTEXT('2D SPACE',''
  ) );
#7075 = ORIENTED_EDGE('',*,*,#7076,.F.);
#7076 = EDGE_CURVE('',#6875,#7045,#7077,.T.);
#7077 = SURFACE_CURVE('',#7078,(#7082,#7089),.PCURVE_S1.);
#7078 = LINE('',#7079,#7080);
#7079 = CARTESIAN_POINT('',(-9.E-02,0.,-0.355125000056));
#7080 = VECTOR('',#7081,1.);
#7081 = DIRECTION('',(0.,1.,0.));
#7082 = PCURVE('',#6884,#7083);
#7083 = DEFINITIONAL_REPRESENTATION('',(#7084),#7088);
#7084 = LINE('',#7085,#7086);
#7085 = CARTESIAN_POINT('',(9.E-02,0.));
#7086 = VECTOR('',#7087,1.);
#7087 = DIRECTION('',(0.,1.));
#7088 = ( GEOMETRIC_REPRESENTATION_CONTEXT(2) 
PARAMETRIC_REPRESENTATION_CONTEXT() REPRESENTATION_CONTEXT('2D SPACE',''
  ) );
#7089 = PCURVE('',#424,#7090);
#7090 = DEFINITIONAL_REPRESENTATION('',(#7091),#7095);
#7091 = LINE('',#7092,#7093);
#7092 = CARTESIAN_POINT('',(9.E-02,0.));
#7093 = VECTOR('',#7094,1.);
#7094 = DIRECTION('',(0.,1.));
#7095 = ( GEOMETRIC_REPRESENTATION_CONTEXT(2) 
PARAMETRIC_REPRESENTATION_CONTEXT() REPRESENTATION_CONTEXT('2D SPACE',''
  ) );
#7096 = ADVANCED_FACE('',(#7097),#3162,.T.);
#7097 = FACE_BOUND('',#7098,.T.);
#7098 = EDGE_LOOP('',(#7099,#7122,#7145,#7166));
#7099 = ORIENTED_EDGE('',*,*,#7100,.T.);
#7100 = EDGE_CURVE('',#3093,#7101,#7103,.T.);
#7101 = VERTEX_POINT('',#7102);
#7102 = CARTESIAN_POINT('',(1.15,1.15,-0.355125000056));
#7103 = SURFACE_CURVE('',#7104,(#7108,#7115),.PCURVE_S1.);
#7104 = LINE('',#7105,#7106);
#7105 = CARTESIAN_POINT('',(1.15,1.15,-8.502500005649E-02));
#7106 = VECTOR('',#7107,1.);
#7107 = DIRECTION('',(-6.982962677686E-15,0.,-1.));
#7108 = PCURVE('',#3162,#7109);
#7109 = DEFINITIONAL_REPRESENTATION('',(#7110),#7114);
#7110 = LINE('',#7111,#7112);
#7111 = CARTESIAN_POINT('',(0.,0.));
#7112 = VECTOR('',#7113,1.);
#7113 = DIRECTION('',(-6.982962677686E-15,1.));
#7114 = ( GEOMETRIC_REPRESENTATION_CONTEXT(2) 
PARAMETRIC_REPRESENTATION_CONTEXT() REPRESENTATION_CONTEXT('2D SPACE',''
  ) );
#7115 = PCURVE('',#3108,#7116);
#7116 = DEFINITIONAL_REPRESENTATION('',(#7117),#7121);
#7117 = LINE('',#7118,#7119);
#7118 = CARTESIAN_POINT('',(0.,0.));
#7119 = VECTOR('',#7120,1.);
#7120 = DIRECTION('',(1.,0.));
#7121 = ( GEOMETRIC_REPRESENTATION_CONTEXT(2) 
PARAMETRIC_REPRESENTATION_CONTEXT() REPRESENTATION_CONTEXT('2D SPACE',''
  ) );
#7122 = ORIENTED_EDGE('',*,*,#7123,.F.);
#7123 = EDGE_CURVE('',#7124,#7101,#7126,.T.);
#7124 = VERTEX_POINT('',#7125);
#7125 = CARTESIAN_POINT('',(-1.15,1.15,-0.355125000056));
#7126 = SURFACE_CURVE('',#7127,(#7131,#7138),.PCURVE_S1.);
#7127 = LINE('',#7128,#7129);
#7128 = CARTESIAN_POINT('',(1.15,1.15,-0.355125000056));
#7129 = VECTOR('',#7130,1.);
#7130 = DIRECTION('',(1.,0.,-6.982962677686E-15));
#7131 = PCURVE('',#3162,#7132);
#7132 = DEFINITIONAL_REPRESENTATION('',(#7133),#7137);
#7133 = LINE('',#7134,#7135);
#7134 = CARTESIAN_POINT('',(0.,0.2701));
#7135 = VECTOR('',#7136,1.);
#7136 = DIRECTION('',(1.,6.982962677686E-15));
#7137 = ( GEOMETRIC_REPRESENTATION_CONTEXT(2) 
PARAMETRIC_REPRESENTATION_CONTEXT() REPRESENTATION_CONTEXT('2D SPACE',''
  ) );
#7138 = PCURVE('',#424,#7139);
#7139 = DEFINITIONAL_REPRESENTATION('',(#7140),#7144);
#7140 = LINE('',#7141,#7142);
#7141 = CARTESIAN_POINT('',(-1.15,1.15));
#7142 = VECTOR('',#7143,1.);
#7143 = DIRECTION('',(-1.,0.));
#7144 = ( GEOMETRIC_REPRESENTATION_CONTEXT(2) 
PARAMETRIC_REPRESENTATION_CONTEXT() REPRESENTATION_CONTEXT('2D SPACE',''
  ) );
#7145 = ORIENTED_EDGE('',*,*,#7146,.F.);
#7146 = EDGE_CURVE('',#3147,#7124,#7147,.T.);
#7147 = SURFACE_CURVE('',#7148,(#7152,#7159),.PCURVE_S1.);
#7148 = LINE('',#7149,#7150);
#7149 = CARTESIAN_POINT('',(-1.15,1.15,-8.502500005647E-02));
#7150 = VECTOR('',#7151,1.);
#7151 = DIRECTION('',(-6.982962677686E-15,0.,-1.));
#7152 = PCURVE('',#3162,#7153);
#7153 = DEFINITIONAL_REPRESENTATION('',(#7154),#7158);
#7154 = LINE('',#7155,#7156);
#7155 = CARTESIAN_POINT('',(-2.3,-1.600108934241E-14));
#7156 = VECTOR('',#7157,1.);
#7157 = DIRECTION('',(-6.982962677686E-15,1.));
#7158 = ( GEOMETRIC_REPRESENTATION_CONTEXT(2) 
PARAMETRIC_REPRESENTATION_CONTEXT() REPRESENTATION_CONTEXT('2D SPACE',''
  ) );
#7159 = PCURVE('',#3214,#7160);
#7160 = DEFINITIONAL_REPRESENTATION('',(#7161),#7165);
#7161 = LINE('',#7162,#7163);
#7162 = CARTESIAN_POINT('',(0.,0.));
#7163 = VECTOR('',#7164,1.);
#7164 = DIRECTION('',(-1.316685792267E-30,1.));
#7165 = ( GEOMETRIC_REPRESENTATION_CONTEXT(2) 
PARAMETRIC_REPRESENTATION_CONTEXT() REPRESENTATION_CONTEXT('2D SPACE',''
  ) );
#7166 = ORIENTED_EDGE('',*,*,#3146,.T.);
#7167 = ADVANCED_FACE('',(#7168),#3108,.T.);
#7168 = FACE_BOUND('',#7169,.T.);
#7169 = EDGE_LOOP('',(#7170,#7193,#7214,#7215));
#7170 = ORIENTED_EDGE('',*,*,#7171,.T.);
#7171 = EDGE_CURVE('',#3039,#7172,#7174,.T.);
#7172 = VERTEX_POINT('',#7173);
#7173 = CARTESIAN_POINT('',(1.15,-1.15,-0.355125000056));
#7174 = SURFACE_CURVE('',#7175,(#7179,#7186),.PCURVE_S1.);
#7175 = LINE('',#7176,#7177);
#7176 = CARTESIAN_POINT('',(1.15,-1.15,-8.502500005649E-02));
#7177 = VECTOR('',#7178,1.);
#7178 = DIRECTION('',(-6.982962677686E-15,0.,-1.));
#7179 = PCURVE('',#3108,#7180);
#7180 = DEFINITIONAL_REPRESENTATION('',(#7181),#7185);
#7181 = LINE('',#7182,#7183);
#7182 = CARTESIAN_POINT('',(3.101058377946E-30,-2.3));
#7183 = VECTOR('',#7184,1.);
#7184 = DIRECTION('',(1.,0.));
#7185 = ( GEOMETRIC_REPRESENTATION_CONTEXT(2) 
PARAMETRIC_REPRESENTATION_CONTEXT() REPRESENTATION_CONTEXT('2D SPACE',''
  ) );
#7186 = PCURVE('',#3054,#7187);
#7187 = DEFINITIONAL_REPRESENTATION('',(#7188),#7192);
#7188 = LINE('',#7189,#7190);
#7189 = CARTESIAN_POINT('',(0.,0.));
#7190 = VECTOR('',#7191,1.);
#7191 = DIRECTION('',(1.,-6.982962677686E-15));
#7192 = ( GEOMETRIC_REPRESENTATION_CONTEXT(2) 
PARAMETRIC_REPRESENTATION_CONTEXT() REPRESENTATION_CONTEXT('2D SPACE',''
  ) );
#7193 = ORIENTED_EDGE('',*,*,#7194,.F.);
#7194 = EDGE_CURVE('',#7101,#7172,#7195,.T.);
#7195 = SURFACE_CURVE('',#7196,(#7200,#7207),.PCURVE_S1.);
#7196 = LINE('',#7197,#7198);
#7197 = CARTESIAN_POINT('',(1.15,1.15,-0.355125000056));
#7198 = VECTOR('',#7199,1.);
#7199 = DIRECTION('',(0.,-1.,0.));
#7200 = PCURVE('',#3108,#7201);
#7201 = DEFINITIONAL_REPRESENTATION('',(#7202),#7206);
#7202 = LINE('',#7203,#7204);
#7203 = CARTESIAN_POINT('',(0.2701,2.069249433689E-32));
#7204 = VECTOR('',#7205,1.);
#7205 = DIRECTION('',(0.,-1.));
#7206 = ( GEOMETRIC_REPRESENTATION_CONTEXT(2) 
PARAMETRIC_REPRESENTATION_CONTEXT() REPRESENTATION_CONTEXT('2D SPACE',''
  ) );
#7207 = PCURVE('',#424,#7208);
#7208 = DEFINITIONAL_REPRESENTATION('',(#7209),#7213);
#7209 = LINE('',#7210,#7211);
#7210 = CARTESIAN_POINT('',(-1.15,1.15));
#7211 = VECTOR('',#7212,1.);
#7212 = DIRECTION('',(0.,-1.));
#7213 = ( GEOMETRIC_REPRESENTATION_CONTEXT(2) 
PARAMETRIC_REPRESENTATION_CONTEXT() REPRESENTATION_CONTEXT('2D SPACE',''
  ) );
#7214 = ORIENTED_EDGE('',*,*,#7100,.F.);
#7215 = ORIENTED_EDGE('',*,*,#3092,.T.);
#7216 = ADVANCED_FACE('',(#7217),#3054,.T.);
#7217 = FACE_BOUND('',#7218,.T.);
#7218 = EDGE_LOOP('',(#7219,#7242,#7263,#7264));
#7219 = ORIENTED_EDGE('',*,*,#7220,.T.);
#7220 = EDGE_CURVE('',#3016,#7221,#7223,.T.);
#7221 = VERTEX_POINT('',#7222);
#7222 = CARTESIAN_POINT('',(-1.15,-1.15,-0.355125000056));
#7223 = SURFACE_CURVE('',#7224,(#7228,#7235),.PCURVE_S1.);
#7224 = LINE('',#7225,#7226);
#7225 = CARTESIAN_POINT('',(-1.15,-1.15,-8.502500005647E-02));
#7226 = VECTOR('',#7227,1.);
#7227 = DIRECTION('',(-6.982962677686E-15,0.,-1.));
#7228 = PCURVE('',#3054,#7229);
#7229 = DEFINITIONAL_REPRESENTATION('',(#7230),#7234);
#7230 = LINE('',#7231,#7232);
#7231 = CARTESIAN_POINT('',(-1.600108934241E-14,-2.3));
#7232 = VECTOR('',#7233,1.);
#7233 = DIRECTION('',(1.,-6.982962677686E-15));
#7234 = ( GEOMETRIC_REPRESENTATION_CONTEXT(2) 
PARAMETRIC_REPRESENTATION_CONTEXT() REPRESENTATION_CONTEXT('2D SPACE',''
  ) );
#7235 = PCURVE('',#3214,#7236);
#7236 = DEFINITIONAL_REPRESENTATION('',(#7237),#7241);
#7237 = LINE('',#7238,#7239);
#7238 = CARTESIAN_POINT('',(-2.3,7.268105573311E-32));
#7239 = VECTOR('',#7240,1.);
#7240 = DIRECTION('',(-1.316685792267E-30,1.));
#7241 = ( GEOMETRIC_REPRESENTATION_CONTEXT(2) 
PARAMETRIC_REPRESENTATION_CONTEXT() REPRESENTATION_CONTEXT('2D SPACE',''
  ) );
#7242 = ORIENTED_EDGE('',*,*,#7243,.F.);
#7243 = EDGE_CURVE('',#7172,#7221,#7244,.T.);
#7244 = SURFACE_CURVE('',#7245,(#7249,#7256),.PCURVE_S1.);
#7245 = LINE('',#7246,#7247);
#7246 = CARTESIAN_POINT('',(1.15,-1.15,-0.355125000056));
#7247 = VECTOR('',#7248,1.);
#7248 = DIRECTION('',(-1.,0.,6.982962677686E-15));
#7249 = PCURVE('',#3054,#7250);
#7250 = DEFINITIONAL_REPRESENTATION('',(#7251),#7255);
#7251 = LINE('',#7252,#7253);
#7252 = CARTESIAN_POINT('',(0.2701,0.));
#7253 = VECTOR('',#7254,1.);
#7254 = DIRECTION('',(-6.982962677686E-15,-1.));
#7255 = ( GEOMETRIC_REPRESENTATION_CONTEXT(2) 
PARAMETRIC_REPRESENTATION_CONTEXT() REPRESENTATION_CONTEXT('2D SPACE',''
  ) );
#7256 = PCURVE('',#424,#7257);
#7257 = DEFINITIONAL_REPRESENTATION('',(#7258),#7262);
#7258 = LINE('',#7259,#7260);
#7259 = CARTESIAN_POINT('',(-1.15,-1.15));
#7260 = VECTOR('',#7261,1.);
#7261 = DIRECTION('',(1.,0.));
#7262 = ( GEOMETRIC_REPRESENTATION_CONTEXT(2) 
PARAMETRIC_REPRESENTATION_CONTEXT() REPRESENTATION_CONTEXT('2D SPACE',''
  ) );
#7263 = ORIENTED_EDGE('',*,*,#7171,.F.);
#7264 = ORIENTED_EDGE('',*,*,#3038,.T.);
#7265 = ADVANCED_FACE('',(#7266),#3214,.T.);
#7266 = FACE_BOUND('',#7267,.T.);
#7267 = EDGE_LOOP('',(#7268,#7269,#7290,#7291));
#7268 = ORIENTED_EDGE('',*,*,#7146,.T.);
#7269 = ORIENTED_EDGE('',*,*,#7270,.F.);
#7270 = EDGE_CURVE('',#7221,#7124,#7271,.T.);
#7271 = SURFACE_CURVE('',#7272,(#7276,#7283),.PCURVE_S1.);
#7272 = LINE('',#7273,#7274);
#7273 = CARTESIAN_POINT('',(-1.15,1.15,-0.355125000056));
#7274 = VECTOR('',#7275,1.);
#7275 = DIRECTION('',(0.,1.,0.));
#7276 = PCURVE('',#3214,#7277);
#7277 = DEFINITIONAL_REPRESENTATION('',(#7278),#7282);
#7278 = LINE('',#7279,#7280);
#7279 = CARTESIAN_POINT('',(-3.349443381543E-31,0.2701));
#7280 = VECTOR('',#7281,1.);
#7281 = DIRECTION('',(1.,1.316685792267E-30));
#7282 = ( GEOMETRIC_REPRESENTATION_CONTEXT(2) 
PARAMETRIC_REPRESENTATION_CONTEXT() REPRESENTATION_CONTEXT('2D SPACE',''
  ) );
#7283 = PCURVE('',#424,#7284);
#7284 = DEFINITIONAL_REPRESENTATION('',(#7285),#7289);
#7285 = LINE('',#7286,#7287);
#7286 = CARTESIAN_POINT('',(1.15,1.15));
#7287 = VECTOR('',#7288,1.);
#7288 = DIRECTION('',(0.,1.));
#7289 = ( GEOMETRIC_REPRESENTATION_CONTEXT(2) 
PARAMETRIC_REPRESENTATION_CONTEXT() REPRESENTATION_CONTEXT('2D SPACE',''
  ) );
#7290 = ORIENTED_EDGE('',*,*,#7220,.F.);
#7291 = ORIENTED_EDGE('',*,*,#3200,.T.);
#7292 = ADVANCED_FACE('',(#7293),#7308,.T.);
#7293 = FACE_BOUND('',#7294,.T.);
#7294 = EDGE_LOOP('',(#7295,#7334,#7357,#7389,#7412,#7444,#7467,#7499));
#7295 = ORIENTED_EDGE('',*,*,#7296,.F.);
#7296 = EDGE_CURVE('',#7297,#7299,#7301,.T.);
#7297 = VERTEX_POINT('',#7298);
#7298 = CARTESIAN_POINT('',(-0.115,-0.28,-0.355125000056));
#7299 = VERTEX_POINT('',#7300);
#7300 = CARTESIAN_POINT('',(-9.E-02,-0.255,-0.355125000056));
#7301 = SURFACE_CURVE('',#7302,(#7307,#7323),.PCURVE_S1.);
#7302 = CIRCLE('',#7303,2.5E-02);
#7303 = AXIS2_PLACEMENT_3D('',#7304,#7305,#7306);
#7304 = CARTESIAN_POINT('',(-0.115,-0.255,-0.355125000056));
#7305 = DIRECTION('',(6.505213034913E-15,0.,1.));
#7306 = DIRECTION('',(-1.,0.,6.505213034913E-15));
#7307 = PCURVE('',#7308,#7313);
#7308 = PLANE('',#7309);
#7309 = AXIS2_PLACEMENT_3D('',#7310,#7311,#7312);
#7310 = CARTESIAN_POINT('',(-2.913505490302E-15,0.,-0.355125000056));
#7311 = DIRECTION('',(-6.982962677686E-15,0.,-1.));
#7312 = DIRECTION('',(-1.,0.,6.982962677686E-15));
#7313 = DEFINITIONAL_REPRESENTATION('',(#7314),#7322);
#7314 = ( BOUNDED_CURVE() B_SPLINE_CURVE(2,(#7315,#7316,#7317,#7318,
#7319,#7320,#7321),.UNSPECIFIED.,.T.,.F.) B_SPLINE_CURVE_WITH_KNOTS((1,2
    ,2,2,2,1),(-2.094395102393,0.,2.094395102393,4.188790204786,
6.28318530718,8.377580409573),.UNSPECIFIED.) CURVE() 
GEOMETRIC_REPRESENTATION_ITEM() RATIONAL_B_SPLINE_CURVE((1.,0.5,1.,0.5,
1.,0.5,1.)) REPRESENTATION_ITEM('') );
#7315 = CARTESIAN_POINT('',(0.14,-0.255));
#7316 = CARTESIAN_POINT('',(0.14,-0.298301270189));
#7317 = CARTESIAN_POINT('',(0.1025,-0.276650635095));
#7318 = CARTESIAN_POINT('',(6.5E-02,-0.255));
#7319 = CARTESIAN_POINT('',(0.1025,-0.233349364905));
#7320 = CARTESIAN_POINT('',(0.14,-0.211698729811));
#7321 = CARTESIAN_POINT('',(0.14,-0.255));
#7322 = ( GEOMETRIC_REPRESENTATION_CONTEXT(2) 
PARAMETRIC_REPRESENTATION_CONTEXT() REPRESENTATION_CONTEXT('2D SPACE',''
  ) );
#7323 = PCURVE('',#424,#7324);
#7324 = DEFINITIONAL_REPRESENTATION('',(#7325),#7333);
#7325 = ( BOUNDED_CURVE() B_SPLINE_CURVE(2,(#7326,#7327,#7328,#7329,
#7330,#7331,#7332),.UNSPECIFIED.,.T.,.F.) B_SPLINE_CURVE_WITH_KNOTS((1,2
    ,2,2,2,1),(-2.094395102393,0.,2.094395102393,4.188790204786,
6.28318530718,8.377580409573),.UNSPECIFIED.) CURVE() 
GEOMETRIC_REPRESENTATION_ITEM() RATIONAL_B_SPLINE_CURVE((1.,0.5,1.,0.5,
1.,0.5,1.)) REPRESENTATION_ITEM('') );
#7326 = CARTESIAN_POINT('',(0.14,-0.255));
#7327 = CARTESIAN_POINT('',(0.14,-0.298301270189));
#7328 = CARTESIAN_POINT('',(0.1025,-0.276650635095));
#7329 = CARTESIAN_POINT('',(6.5E-02,-0.255));
#7330 = CARTESIAN_POINT('',(0.1025,-0.233349364905));
#7331 = CARTESIAN_POINT('',(0.14,-0.211698729811));
#7332 = CARTESIAN_POINT('',(0.14,-0.255));
#7333 = ( GEOMETRIC_REPRESENTATION_CONTEXT(2) 
PARAMETRIC_REPRESENTATION_CONTEXT() REPRESENTATION_CONTEXT('2D SPACE',''
  ) );
#7334 = ORIENTED_EDGE('',*,*,#7335,.F.);
#7335 = EDGE_CURVE('',#7336,#7297,#7338,.T.);
#7336 = VERTEX_POINT('',#7337);
#7337 = CARTESIAN_POINT('',(-0.635,-0.28,-0.355125000056));
#7338 = SURFACE_CURVE('',#7339,(#7343,#7350),.PCURVE_S1.);
#7339 = LINE('',#7340,#7341);
#7340 = CARTESIAN_POINT('',(-2.913505490302E-15,-0.28,-0.355125000056));
#7341 = VECTOR('',#7342,1.);
#7342 = DIRECTION('',(1.,0.,-6.982962677686E-15));
#7343 = PCURVE('',#7308,#7344);
#7344 = DEFINITIONAL_REPRESENTATION('',(#7345),#7349);
#7345 = LINE('',#7346,#7347);
#7346 = CARTESIAN_POINT('',(0.,-0.28));
#7347 = VECTOR('',#7348,1.);
#7348 = DIRECTION('',(-1.,0.));
#7349 = ( GEOMETRIC_REPRESENTATION_CONTEXT(2) 
PARAMETRIC_REPRESENTATION_CONTEXT() REPRESENTATION_CONTEXT('2D SPACE',''
  ) );
#7350 = PCURVE('',#424,#7351);
#7351 = DEFINITIONAL_REPRESENTATION('',(#7352),#7356);
#7352 = LINE('',#7353,#7354);
#7353 = CARTESIAN_POINT('',(0.,-0.28));
#7354 = VECTOR('',#7355,1.);
#7355 = DIRECTION('',(-1.,0.));
#7356 = ( GEOMETRIC_REPRESENTATION_CONTEXT(2) 
PARAMETRIC_REPRESENTATION_CONTEXT() REPRESENTATION_CONTEXT('2D SPACE',''
  ) );
#7357 = ORIENTED_EDGE('',*,*,#7358,.F.);
#7358 = EDGE_CURVE('',#7359,#7336,#7361,.T.);
#7359 = VERTEX_POINT('',#7360);
#7360 = CARTESIAN_POINT('',(-0.66,-0.255,-0.355125000056));
#7361 = SURFACE_CURVE('',#7362,(#7367,#7378),.PCURVE_S1.);
#7362 = CIRCLE('',#7363,2.5E-02);
#7363 = AXIS2_PLACEMENT_3D('',#7364,#7365,#7366);
#7364 = CARTESIAN_POINT('',(-0.635,-0.255,-0.355125000056));
#7365 = DIRECTION('',(6.505213034913E-15,0.,1.));
#7366 = DIRECTION('',(-1.,0.,6.505213034913E-15));
#7367 = PCURVE('',#7308,#7368);
#7368 = DEFINITIONAL_REPRESENTATION('',(#7369),#7377);
#7369 = ( BOUNDED_CURVE() B_SPLINE_CURVE(2,(#7370,#7371,#7372,#7373,
#7374,#7375,#7376),.UNSPECIFIED.,.T.,.F.) B_SPLINE_CURVE_WITH_KNOTS((1,2
    ,2,2,2,1),(-2.094395102393,0.,2.094395102393,4.188790204786,
6.28318530718,8.377580409573),.UNSPECIFIED.) CURVE() 
GEOMETRIC_REPRESENTATION_ITEM() RATIONAL_B_SPLINE_CURVE((1.,0.5,1.,0.5,
1.,0.5,1.)) REPRESENTATION_ITEM('') );
#7370 = CARTESIAN_POINT('',(0.66,-0.255));
#7371 = CARTESIAN_POINT('',(0.66,-0.298301270189));
#7372 = CARTESIAN_POINT('',(0.6225,-0.276650635095));
#7373 = CARTESIAN_POINT('',(0.585,-0.255));
#7374 = CARTESIAN_POINT('',(0.6225,-0.233349364905));
#7375 = CARTESIAN_POINT('',(0.66,-0.211698729811));
#7376 = CARTESIAN_POINT('',(0.66,-0.255));
#7377 = ( GEOMETRIC_REPRESENTATION_CONTEXT(2) 
PARAMETRIC_REPRESENTATION_CONTEXT() REPRESENTATION_CONTEXT('2D SPACE',''
  ) );
#7378 = PCURVE('',#424,#7379);
#7379 = DEFINITIONAL_REPRESENTATION('',(#7380),#7388);
#7380 = ( BOUNDED_CURVE() B_SPLINE_CURVE(2,(#7381,#7382,#7383,#7384,
#7385,#7386,#7387),.UNSPECIFIED.,.T.,.F.) B_SPLINE_CURVE_WITH_KNOTS((1,2
    ,2,2,2,1),(-2.094395102393,0.,2.094395102393,4.188790204786,
6.28318530718,8.377580409573),.UNSPECIFIED.) CURVE() 
GEOMETRIC_REPRESENTATION_ITEM() RATIONAL_B_SPLINE_CURVE((1.,0.5,1.,0.5,
1.,0.5,1.)) REPRESENTATION_ITEM('') );
#7381 = CARTESIAN_POINT('',(0.66,-0.255));
#7382 = CARTESIAN_POINT('',(0.66,-0.298301270189));
#7383 = CARTESIAN_POINT('',(0.6225,-0.276650635095));
#7384 = CARTESIAN_POINT('',(0.585,-0.255));
#7385 = CARTESIAN_POINT('',(0.6225,-0.233349364905));
#7386 = CARTESIAN_POINT('',(0.66,-0.211698729811));
#7387 = CARTESIAN_POINT('',(0.66,-0.255));
#7388 = ( GEOMETRIC_REPRESENTATION_CONTEXT(2) 
PARAMETRIC_REPRESENTATION_CONTEXT() REPRESENTATION_CONTEXT('2D SPACE',''
  ) );
#7389 = ORIENTED_EDGE('',*,*,#7390,.F.);
#7390 = EDGE_CURVE('',#7391,#7359,#7393,.T.);
#7391 = VERTEX_POINT('',#7392);
#7392 = CARTESIAN_POINT('',(-0.66,-8.5E-02,-0.355125000056));
#7393 = SURFACE_CURVE('',#7394,(#7398,#7405),.PCURVE_S1.);
#7394 = LINE('',#7395,#7396);
#7395 = CARTESIAN_POINT('',(-0.66,0.,-0.355125000056));
#7396 = VECTOR('',#7397,1.);
#7397 = DIRECTION('',(0.,-1.,0.));
#7398 = PCURVE('',#7308,#7399);
#7399 = DEFINITIONAL_REPRESENTATION('',(#7400),#7404);
#7400 = LINE('',#7401,#7402);
#7401 = CARTESIAN_POINT('',(0.66,0.));
#7402 = VECTOR('',#7403,1.);
#7403 = DIRECTION('',(0.,-1.));
#7404 = ( GEOMETRIC_REPRESENTATION_CONTEXT(2) 
PARAMETRIC_REPRESENTATION_CONTEXT() REPRESENTATION_CONTEXT('2D SPACE',''
  ) );
#7405 = PCURVE('',#424,#7406);
#7406 = DEFINITIONAL_REPRESENTATION('',(#7407),#7411);
#7407 = LINE('',#7408,#7409);
#7408 = CARTESIAN_POINT('',(0.66,0.));
#7409 = VECTOR('',#7410,1.);
#7410 = DIRECTION('',(0.,-1.));
#7411 = ( GEOMETRIC_REPRESENTATION_CONTEXT(2) 
PARAMETRIC_REPRESENTATION_CONTEXT() REPRESENTATION_CONTEXT('2D SPACE',''
  ) );
#7412 = ORIENTED_EDGE('',*,*,#7413,.F.);
#7413 = EDGE_CURVE('',#7414,#7391,#7416,.T.);
#7414 = VERTEX_POINT('',#7415);
#7415 = CARTESIAN_POINT('',(-0.635,-6.E-02,-0.355125000056));
#7416 = SURFACE_CURVE('',#7417,(#7422,#7433),.PCURVE_S1.);
#7417 = CIRCLE('',#7418,2.5E-02);
#7418 = AXIS2_PLACEMENT_3D('',#7419,#7420,#7421);
#7419 = CARTESIAN_POINT('',(-0.635,-8.5E-02,-0.355125000056));
#7420 = DIRECTION('',(6.505213034913E-15,0.,1.));
#7421 = DIRECTION('',(-1.,0.,6.505213034913E-15));
#7422 = PCURVE('',#7308,#7423);
#7423 = DEFINITIONAL_REPRESENTATION('',(#7424),#7432);
#7424 = ( BOUNDED_CURVE() B_SPLINE_CURVE(2,(#7425,#7426,#7427,#7428,
#7429,#7430,#7431),.UNSPECIFIED.,.T.,.F.) B_SPLINE_CURVE_WITH_KNOTS((1,2
    ,2,2,2,1),(-2.094395102393,0.,2.094395102393,4.188790204786,
6.28318530718,8.377580409573),.UNSPECIFIED.) CURVE() 
GEOMETRIC_REPRESENTATION_ITEM() RATIONAL_B_SPLINE_CURVE((1.,0.5,1.,0.5,
1.,0.5,1.)) REPRESENTATION_ITEM('') );
#7425 = CARTESIAN_POINT('',(0.66,-8.5E-02));
#7426 = CARTESIAN_POINT('',(0.66,-0.128301270189));
#7427 = CARTESIAN_POINT('',(0.6225,-0.106650635095));
#7428 = CARTESIAN_POINT('',(0.585,-8.5E-02));
#7429 = CARTESIAN_POINT('',(0.6225,-6.334936490539E-02));
#7430 = CARTESIAN_POINT('',(0.66,-4.169872981078E-02));
#7431 = CARTESIAN_POINT('',(0.66,-8.5E-02));
#7432 = ( GEOMETRIC_REPRESENTATION_CONTEXT(2) 
PARAMETRIC_REPRESENTATION_CONTEXT() REPRESENTATION_CONTEXT('2D SPACE',''
  ) );
#7433 = PCURVE('',#424,#7434);
#7434 = DEFINITIONAL_REPRESENTATION('',(#7435),#7443);
#7435 = ( BOUNDED_CURVE() B_SPLINE_CURVE(2,(#7436,#7437,#7438,#7439,
#7440,#7441,#7442),.UNSPECIFIED.,.T.,.F.) B_SPLINE_CURVE_WITH_KNOTS((1,2
    ,2,2,2,1),(-2.094395102393,0.,2.094395102393,4.188790204786,
6.28318530718,8.377580409573),.UNSPECIFIED.) CURVE() 
GEOMETRIC_REPRESENTATION_ITEM() RATIONAL_B_SPLINE_CURVE((1.,0.5,1.,0.5,
1.,0.5,1.)) REPRESENTATION_ITEM('') );
#7436 = CARTESIAN_POINT('',(0.66,-8.5E-02));
#7437 = CARTESIAN_POINT('',(0.66,-0.128301270189));
#7438 = CARTESIAN_POINT('',(0.6225,-0.106650635095));
#7439 = CARTESIAN_POINT('',(0.585,-8.5E-02));
#7440 = CARTESIAN_POINT('',(0.6225,-6.334936490539E-02));
#7441 = CARTESIAN_POINT('',(0.66,-4.169872981078E-02));
#7442 = CARTESIAN_POINT('',(0.66,-8.5E-02));
#7443 = ( GEOMETRIC_REPRESENTATION_CONTEXT(2) 
PARAMETRIC_REPRESENTATION_CONTEXT() REPRESENTATION_CONTEXT('2D SPACE',''
  ) );
#7444 = ORIENTED_EDGE('',*,*,#7445,.F.);
#7445 = EDGE_CURVE('',#7446,#7414,#7448,.T.);
#7446 = VERTEX_POINT('',#7447);
#7447 = CARTESIAN_POINT('',(-0.115,-6.E-02,-0.355125000056));
#7448 = SURFACE_CURVE('',#7449,(#7453,#7460),.PCURVE_S1.);
#7449 = LINE('',#7450,#7451);
#7450 = CARTESIAN_POINT('',(-2.913505490302E-15,-6.E-02,-0.355125000056)
  );
#7451 = VECTOR('',#7452,1.);
#7452 = DIRECTION('',(-1.,0.,6.982962677686E-15));
#7453 = PCURVE('',#7308,#7454);
#7454 = DEFINITIONAL_REPRESENTATION('',(#7455),#7459);
#7455 = LINE('',#7456,#7457);
#7456 = CARTESIAN_POINT('',(0.,-6.E-02));
#7457 = VECTOR('',#7458,1.);
#7458 = DIRECTION('',(1.,0.));
#7459 = ( GEOMETRIC_REPRESENTATION_CONTEXT(2) 
PARAMETRIC_REPRESENTATION_CONTEXT() REPRESENTATION_CONTEXT('2D SPACE',''
  ) );
#7460 = PCURVE('',#424,#7461);
#7461 = DEFINITIONAL_REPRESENTATION('',(#7462),#7466);
#7462 = LINE('',#7463,#7464);
#7463 = CARTESIAN_POINT('',(0.,-6.E-02));
#7464 = VECTOR('',#7465,1.);
#7465 = DIRECTION('',(1.,0.));
#7466 = ( GEOMETRIC_REPRESENTATION_CONTEXT(2) 
PARAMETRIC_REPRESENTATION_CONTEXT() REPRESENTATION_CONTEXT('2D SPACE',''
  ) );
#7467 = ORIENTED_EDGE('',*,*,#7468,.F.);
#7468 = EDGE_CURVE('',#7469,#7446,#7471,.T.);
#7469 = VERTEX_POINT('',#7470);
#7470 = CARTESIAN_POINT('',(-9.E-02,-8.5E-02,-0.355125000056));
#7471 = SURFACE_CURVE('',#7472,(#7477,#7488),.PCURVE_S1.);
#7472 = CIRCLE('',#7473,2.5E-02);
#7473 = AXIS2_PLACEMENT_3D('',#7474,#7475,#7476);
#7474 = CARTESIAN_POINT('',(-0.115,-8.5E-02,-0.355125000056));
#7475 = DIRECTION('',(6.505213034913E-15,0.,1.));
#7476 = DIRECTION('',(-1.,0.,6.505213034913E-15));
#7477 = PCURVE('',#7308,#7478);
#7478 = DEFINITIONAL_REPRESENTATION('',(#7479),#7487);
#7479 = ( BOUNDED_CURVE() B_SPLINE_CURVE(2,(#7480,#7481,#7482,#7483,
#7484,#7485,#7486),.UNSPECIFIED.,.T.,.F.) B_SPLINE_CURVE_WITH_KNOTS((1,2
    ,2,2,2,1),(-2.094395102393,0.,2.094395102393,4.188790204786,
6.28318530718,8.377580409573),.UNSPECIFIED.) CURVE() 
GEOMETRIC_REPRESENTATION_ITEM() RATIONAL_B_SPLINE_CURVE((1.,0.5,1.,0.5,
1.,0.5,1.)) REPRESENTATION_ITEM('') );
#7480 = CARTESIAN_POINT('',(0.14,-8.5E-02));
#7481 = CARTESIAN_POINT('',(0.14,-0.128301270189));
#7482 = CARTESIAN_POINT('',(0.1025,-0.106650635095));
#7483 = CARTESIAN_POINT('',(6.5E-02,-8.5E-02));
#7484 = CARTESIAN_POINT('',(0.1025,-6.334936490539E-02));
#7485 = CARTESIAN_POINT('',(0.14,-4.169872981078E-02));
#7486 = CARTESIAN_POINT('',(0.14,-8.5E-02));
#7487 = ( GEOMETRIC_REPRESENTATION_CONTEXT(2) 
PARAMETRIC_REPRESENTATION_CONTEXT() REPRESENTATION_CONTEXT('2D SPACE',''
  ) );
#7488 = PCURVE('',#424,#7489);
#7489 = DEFINITIONAL_REPRESENTATION('',(#7490),#7498);
#7490 = ( BOUNDED_CURVE() B_SPLINE_CURVE(2,(#7491,#7492,#7493,#7494,
#7495,#7496,#7497),.UNSPECIFIED.,.T.,.F.) B_SPLINE_CURVE_WITH_KNOTS((1,2
    ,2,2,2,1),(-2.094395102393,0.,2.094395102393,4.188790204786,
6.28318530718,8.377580409573),.UNSPECIFIED.) CURVE() 
GEOMETRIC_REPRESENTATION_ITEM() RATIONAL_B_SPLINE_CURVE((1.,0.5,1.,0.5,
1.,0.5,1.)) REPRESENTATION_ITEM('') );
#7491 = CARTESIAN_POINT('',(0.14,-8.5E-02));
#7492 = CARTESIAN_POINT('',(0.14,-0.128301270189));
#7493 = CARTESIAN_POINT('',(0.1025,-0.106650635095));
#7494 = CARTESIAN_POINT('',(6.5E-02,-8.5E-02));
#7495 = CARTESIAN_POINT('',(0.1025,-6.334936490539E-02));
#7496 = CARTESIAN_POINT('',(0.14,-4.169872981078E-02));
#7497 = CARTESIAN_POINT('',(0.14,-8.5E-02));
#7498 = ( GEOMETRIC_REPRESENTATION_CONTEXT(2) 
PARAMETRIC_REPRESENTATION_CONTEXT() REPRESENTATION_CONTEXT('2D SPACE',''
  ) );
#7499 = ORIENTED_EDGE('',*,*,#7500,.F.);
#7500 = EDGE_CURVE('',#7299,#7469,#7501,.T.);
#7501 = SURFACE_CURVE('',#7502,(#7506,#7513),.PCURVE_S1.);
#7502 = LINE('',#7503,#7504);
#7503 = CARTESIAN_POINT('',(-9.E-02,0.,-0.355125000056));
#7504 = VECTOR('',#7505,1.);
#7505 = DIRECTION('',(0.,1.,0.));
#7506 = PCURVE('',#7308,#7507);
#7507 = DEFINITIONAL_REPRESENTATION('',(#7508),#7512);
#7508 = LINE('',#7509,#7510);
#7509 = CARTESIAN_POINT('',(9.E-02,0.));
#7510 = VECTOR('',#7511,1.);
#7511 = DIRECTION('',(0.,1.));
#7512 = ( GEOMETRIC_REPRESENTATION_CONTEXT(2) 
PARAMETRIC_REPRESENTATION_CONTEXT() REPRESENTATION_CONTEXT('2D SPACE',''
  ) );
#7513 = PCURVE('',#424,#7514);
#7514 = DEFINITIONAL_REPRESENTATION('',(#7515),#7519);
#7515 = LINE('',#7516,#7517);
#7516 = CARTESIAN_POINT('',(9.E-02,0.));
#7517 = VECTOR('',#7518,1.);
#7518 = DIRECTION('',(0.,1.));
#7519 = ( GEOMETRIC_REPRESENTATION_CONTEXT(2) 
PARAMETRIC_REPRESENTATION_CONTEXT() REPRESENTATION_CONTEXT('2D SPACE',''
  ) );
#7520 = ADVANCED_FACE('',(#7521),#7536,.T.);
#7521 = FACE_BOUND('',#7522,.T.);
#7522 = EDGE_LOOP('',(#7523,#7562,#7585,#7617,#7640,#7672,#7695,#7727));
#7523 = ORIENTED_EDGE('',*,*,#7524,.F.);
#7524 = EDGE_CURVE('',#7525,#7527,#7529,.T.);
#7525 = VERTEX_POINT('',#7526);
#7526 = CARTESIAN_POINT('',(-0.115,6.E-02,-0.355125000056));
#7527 = VERTEX_POINT('',#7528);
#7528 = CARTESIAN_POINT('',(-9.E-02,8.5E-02,-0.355125000056));
#7529 = SURFACE_CURVE('',#7530,(#7535,#7551),.PCURVE_S1.);
#7530 = CIRCLE('',#7531,2.5E-02);
#7531 = AXIS2_PLACEMENT_3D('',#7532,#7533,#7534);
#7532 = CARTESIAN_POINT('',(-0.115,8.5E-02,-0.355125000056));
#7533 = DIRECTION('',(6.505213034913E-15,0.,1.));
#7534 = DIRECTION('',(-1.,0.,6.505213034913E-15));
#7535 = PCURVE('',#7536,#7541);
#7536 = PLANE('',#7537);
#7537 = AXIS2_PLACEMENT_3D('',#7538,#7539,#7540);
#7538 = CARTESIAN_POINT('',(-2.913505490302E-15,0.,-0.355125000056));
#7539 = DIRECTION('',(-6.982962677686E-15,0.,-1.));
#7540 = DIRECTION('',(-1.,0.,6.982962677686E-15));
#7541 = DEFINITIONAL_REPRESENTATION('',(#7542),#7550);
#7542 = ( BOUNDED_CURVE() B_SPLINE_CURVE(2,(#7543,#7544,#7545,#7546,
#7547,#7548,#7549),.UNSPECIFIED.,.T.,.F.) B_SPLINE_CURVE_WITH_KNOTS((1,2
    ,2,2,2,1),(-2.094395102393,0.,2.094395102393,4.188790204786,
6.28318530718,8.377580409573),.UNSPECIFIED.) CURVE() 
GEOMETRIC_REPRESENTATION_ITEM() RATIONAL_B_SPLINE_CURVE((1.,0.5,1.,0.5,
1.,0.5,1.)) REPRESENTATION_ITEM('') );
#7543 = CARTESIAN_POINT('',(0.14,8.5E-02));
#7544 = CARTESIAN_POINT('',(0.14,4.169872981078E-02));
#7545 = CARTESIAN_POINT('',(0.1025,6.334936490539E-02));
#7546 = CARTESIAN_POINT('',(6.5E-02,8.5E-02));
#7547 = CARTESIAN_POINT('',(0.1025,0.106650635095));
#7548 = CARTESIAN_POINT('',(0.14,0.128301270189));
#7549 = CARTESIAN_POINT('',(0.14,8.5E-02));
#7550 = ( GEOMETRIC_REPRESENTATION_CONTEXT(2) 
PARAMETRIC_REPRESENTATION_CONTEXT() REPRESENTATION_CONTEXT('2D SPACE',''
  ) );
#7551 = PCURVE('',#424,#7552);
#7552 = DEFINITIONAL_REPRESENTATION('',(#7553),#7561);
#7553 = ( BOUNDED_CURVE() B_SPLINE_CURVE(2,(#7554,#7555,#7556,#7557,
#7558,#7559,#7560),.UNSPECIFIED.,.T.,.F.) B_SPLINE_CURVE_WITH_KNOTS((1,2
    ,2,2,2,1),(-2.094395102393,0.,2.094395102393,4.188790204786,
6.28318530718,8.377580409573),.UNSPECIFIED.) CURVE() 
GEOMETRIC_REPRESENTATION_ITEM() RATIONAL_B_SPLINE_CURVE((1.,0.5,1.,0.5,
1.,0.5,1.)) REPRESENTATION_ITEM('') );
#7554 = CARTESIAN_POINT('',(0.14,8.5E-02));
#7555 = CARTESIAN_POINT('',(0.14,4.169872981078E-02));
#7556 = CARTESIAN_POINT('',(0.1025,6.334936490539E-02));
#7557 = CARTESIAN_POINT('',(6.5E-02,8.5E-02));
#7558 = CARTESIAN_POINT('',(0.1025,0.106650635095));
#7559 = CARTESIAN_POINT('',(0.14,0.128301270189));
#7560 = CARTESIAN_POINT('',(0.14,8.5E-02));
#7561 = ( GEOMETRIC_REPRESENTATION_CONTEXT(2) 
PARAMETRIC_REPRESENTATION_CONTEXT() REPRESENTATION_CONTEXT('2D SPACE',''
  ) );
#7562 = ORIENTED_EDGE('',*,*,#7563,.F.);
#7563 = EDGE_CURVE('',#7564,#7525,#7566,.T.);
#7564 = VERTEX_POINT('',#7565);
#7565 = CARTESIAN_POINT('',(-0.635,6.E-02,-0.355125000056));
#7566 = SURFACE_CURVE('',#7567,(#7571,#7578),.PCURVE_S1.);
#7567 = LINE('',#7568,#7569);
#7568 = CARTESIAN_POINT('',(-2.913505490302E-15,6.E-02,-0.355125000056)
  );
#7569 = VECTOR('',#7570,1.);
#7570 = DIRECTION('',(1.,0.,-6.982962677686E-15));
#7571 = PCURVE('',#7536,#7572);
#7572 = DEFINITIONAL_REPRESENTATION('',(#7573),#7577);
#7573 = LINE('',#7574,#7575);
#7574 = CARTESIAN_POINT('',(0.,6.E-02));
#7575 = VECTOR('',#7576,1.);
#7576 = DIRECTION('',(-1.,0.));
#7577 = ( GEOMETRIC_REPRESENTATION_CONTEXT(2) 
PARAMETRIC_REPRESENTATION_CONTEXT() REPRESENTATION_CONTEXT('2D SPACE',''
  ) );
#7578 = PCURVE('',#424,#7579);
#7579 = DEFINITIONAL_REPRESENTATION('',(#7580),#7584);
#7580 = LINE('',#7581,#7582);
#7581 = CARTESIAN_POINT('',(0.,6.E-02));
#7582 = VECTOR('',#7583,1.);
#7583 = DIRECTION('',(-1.,0.));
#7584 = ( GEOMETRIC_REPRESENTATION_CONTEXT(2) 
PARAMETRIC_REPRESENTATION_CONTEXT() REPRESENTATION_CONTEXT('2D SPACE',''
  ) );
#7585 = ORIENTED_EDGE('',*,*,#7586,.F.);
#7586 = EDGE_CURVE('',#7587,#7564,#7589,.T.);
#7587 = VERTEX_POINT('',#7588);
#7588 = CARTESIAN_POINT('',(-0.66,8.5E-02,-0.355125000056));
#7589 = SURFACE_CURVE('',#7590,(#7595,#7606),.PCURVE_S1.);
#7590 = CIRCLE('',#7591,2.5E-02);
#7591 = AXIS2_PLACEMENT_3D('',#7592,#7593,#7594);
#7592 = CARTESIAN_POINT('',(-0.635,8.5E-02,-0.355125000056));
#7593 = DIRECTION('',(6.505213034913E-15,0.,1.));
#7594 = DIRECTION('',(-1.,0.,6.505213034913E-15));
#7595 = PCURVE('',#7536,#7596);
#7596 = DEFINITIONAL_REPRESENTATION('',(#7597),#7605);
#7597 = ( BOUNDED_CURVE() B_SPLINE_CURVE(2,(#7598,#7599,#7600,#7601,
#7602,#7603,#7604),.UNSPECIFIED.,.T.,.F.) B_SPLINE_CURVE_WITH_KNOTS((1,2
    ,2,2,2,1),(-2.094395102393,0.,2.094395102393,4.188790204786,
6.28318530718,8.377580409573),.UNSPECIFIED.) CURVE() 
GEOMETRIC_REPRESENTATION_ITEM() RATIONAL_B_SPLINE_CURVE((1.,0.5,1.,0.5,
1.,0.5,1.)) REPRESENTATION_ITEM('') );
#7598 = CARTESIAN_POINT('',(0.66,8.5E-02));
#7599 = CARTESIAN_POINT('',(0.66,4.169872981078E-02));
#7600 = CARTESIAN_POINT('',(0.6225,6.334936490539E-02));
#7601 = CARTESIAN_POINT('',(0.585,8.5E-02));
#7602 = CARTESIAN_POINT('',(0.6225,0.106650635095));
#7603 = CARTESIAN_POINT('',(0.66,0.128301270189));
#7604 = CARTESIAN_POINT('',(0.66,8.5E-02));
#7605 = ( GEOMETRIC_REPRESENTATION_CONTEXT(2) 
PARAMETRIC_REPRESENTATION_CONTEXT() REPRESENTATION_CONTEXT('2D SPACE',''
  ) );
#7606 = PCURVE('',#424,#7607);
#7607 = DEFINITIONAL_REPRESENTATION('',(#7608),#7616);
#7608 = ( BOUNDED_CURVE() B_SPLINE_CURVE(2,(#7609,#7610,#7611,#7612,
#7613,#7614,#7615),.UNSPECIFIED.,.T.,.F.) B_SPLINE_CURVE_WITH_KNOTS((1,2
    ,2,2,2,1),(-2.094395102393,0.,2.094395102393,4.188790204786,
6.28318530718,8.377580409573),.UNSPECIFIED.) CURVE() 
GEOMETRIC_REPRESENTATION_ITEM() RATIONAL_B_SPLINE_CURVE((1.,0.5,1.,0.5,
1.,0.5,1.)) REPRESENTATION_ITEM('') );
#7609 = CARTESIAN_POINT('',(0.66,8.5E-02));
#7610 = CARTESIAN_POINT('',(0.66,4.169872981078E-02));
#7611 = CARTESIAN_POINT('',(0.6225,6.334936490539E-02));
#7612 = CARTESIAN_POINT('',(0.585,8.5E-02));
#7613 = CARTESIAN_POINT('',(0.6225,0.106650635095));
#7614 = CARTESIAN_POINT('',(0.66,0.128301270189));
#7615 = CARTESIAN_POINT('',(0.66,8.5E-02));
#7616 = ( GEOMETRIC_REPRESENTATION_CONTEXT(2) 
PARAMETRIC_REPRESENTATION_CONTEXT() REPRESENTATION_CONTEXT('2D SPACE',''
  ) );
#7617 = ORIENTED_EDGE('',*,*,#7618,.F.);
#7618 = EDGE_CURVE('',#7619,#7587,#7621,.T.);
#7619 = VERTEX_POINT('',#7620);
#7620 = CARTESIAN_POINT('',(-0.66,0.255,-0.355125000056));
#7621 = SURFACE_CURVE('',#7622,(#7626,#7633),.PCURVE_S1.);
#7622 = LINE('',#7623,#7624);
#7623 = CARTESIAN_POINT('',(-0.66,0.,-0.355125000056));
#7624 = VECTOR('',#7625,1.);
#7625 = DIRECTION('',(0.,-1.,0.));
#7626 = PCURVE('',#7536,#7627);
#7627 = DEFINITIONAL_REPRESENTATION('',(#7628),#7632);
#7628 = LINE('',#7629,#7630);
#7629 = CARTESIAN_POINT('',(0.66,0.));
#7630 = VECTOR('',#7631,1.);
#7631 = DIRECTION('',(0.,-1.));
#7632 = ( GEOMETRIC_REPRESENTATION_CONTEXT(2) 
PARAMETRIC_REPRESENTATION_CONTEXT() REPRESENTATION_CONTEXT('2D SPACE',''
  ) );
#7633 = PCURVE('',#424,#7634);
#7634 = DEFINITIONAL_REPRESENTATION('',(#7635),#7639);
#7635 = LINE('',#7636,#7637);
#7636 = CARTESIAN_POINT('',(0.66,0.));
#7637 = VECTOR('',#7638,1.);
#7638 = DIRECTION('',(0.,-1.));
#7639 = ( GEOMETRIC_REPRESENTATION_CONTEXT(2) 
PARAMETRIC_REPRESENTATION_CONTEXT() REPRESENTATION_CONTEXT('2D SPACE',''
  ) );
#7640 = ORIENTED_EDGE('',*,*,#7641,.F.);
#7641 = EDGE_CURVE('',#7642,#7619,#7644,.T.);
#7642 = VERTEX_POINT('',#7643);
#7643 = CARTESIAN_POINT('',(-0.635,0.28,-0.355125000056));
#7644 = SURFACE_CURVE('',#7645,(#7650,#7661),.PCURVE_S1.);
#7645 = CIRCLE('',#7646,2.5E-02);
#7646 = AXIS2_PLACEMENT_3D('',#7647,#7648,#7649);
#7647 = CARTESIAN_POINT('',(-0.635,0.255,-0.355125000056));
#7648 = DIRECTION('',(6.505213034913E-15,0.,1.));
#7649 = DIRECTION('',(-1.,0.,6.505213034913E-15));
#7650 = PCURVE('',#7536,#7651);
#7651 = DEFINITIONAL_REPRESENTATION('',(#7652),#7660);
#7652 = ( BOUNDED_CURVE() B_SPLINE_CURVE(2,(#7653,#7654,#7655,#7656,
#7657,#7658,#7659),.UNSPECIFIED.,.T.,.F.) B_SPLINE_CURVE_WITH_KNOTS((1,2
    ,2,2,2,1),(-2.094395102393,0.,2.094395102393,4.188790204786,
6.28318530718,8.377580409573),.UNSPECIFIED.) CURVE() 
GEOMETRIC_REPRESENTATION_ITEM() RATIONAL_B_SPLINE_CURVE((1.,0.5,1.,0.5,
1.,0.5,1.)) REPRESENTATION_ITEM('') );
#7653 = CARTESIAN_POINT('',(0.66,0.255));
#7654 = CARTESIAN_POINT('',(0.66,0.211698729811));
#7655 = CARTESIAN_POINT('',(0.6225,0.233349364905));
#7656 = CARTESIAN_POINT('',(0.585,0.255));
#7657 = CARTESIAN_POINT('',(0.6225,0.276650635095));
#7658 = CARTESIAN_POINT('',(0.66,0.298301270189));
#7659 = CARTESIAN_POINT('',(0.66,0.255));
#7660 = ( GEOMETRIC_REPRESENTATION_CONTEXT(2) 
PARAMETRIC_REPRESENTATION_CONTEXT() REPRESENTATION_CONTEXT('2D SPACE',''
  ) );
#7661 = PCURVE('',#424,#7662);
#7662 = DEFINITIONAL_REPRESENTATION('',(#7663),#7671);
#7663 = ( BOUNDED_CURVE() B_SPLINE_CURVE(2,(#7664,#7665,#7666,#7667,
#7668,#7669,#7670),.UNSPECIFIED.,.T.,.F.) B_SPLINE_CURVE_WITH_KNOTS((1,2
    ,2,2,2,1),(-2.094395102393,0.,2.094395102393,4.188790204786,
6.28318530718,8.377580409573),.UNSPECIFIED.) CURVE() 
GEOMETRIC_REPRESENTATION_ITEM() RATIONAL_B_SPLINE_CURVE((1.,0.5,1.,0.5,
1.,0.5,1.)) REPRESENTATION_ITEM('') );
#7664 = CARTESIAN_POINT('',(0.66,0.255));
#7665 = CARTESIAN_POINT('',(0.66,0.211698729811));
#7666 = CARTESIAN_POINT('',(0.6225,0.233349364905));
#7667 = CARTESIAN_POINT('',(0.585,0.255));
#7668 = CARTESIAN_POINT('',(0.6225,0.276650635095));
#7669 = CARTESIAN_POINT('',(0.66,0.298301270189));
#7670 = CARTESIAN_POINT('',(0.66,0.255));
#7671 = ( GEOMETRIC_REPRESENTATION_CONTEXT(2) 
PARAMETRIC_REPRESENTATION_CONTEXT() REPRESENTATION_CONTEXT('2D SPACE',''
  ) );
#7672 = ORIENTED_EDGE('',*,*,#7673,.F.);
#7673 = EDGE_CURVE('',#7674,#7642,#7676,.T.);
#7674 = VERTEX_POINT('',#7675);
#7675 = CARTESIAN_POINT('',(-0.115,0.28,-0.355125000056));
#7676 = SURFACE_CURVE('',#7677,(#7681,#7688),.PCURVE_S1.);
#7677 = LINE('',#7678,#7679);
#7678 = CARTESIAN_POINT('',(-2.913505490302E-15,0.28,-0.355125000056));
#7679 = VECTOR('',#7680,1.);
#7680 = DIRECTION('',(-1.,0.,6.982962677686E-15));
#7681 = PCURVE('',#7536,#7682);
#7682 = DEFINITIONAL_REPRESENTATION('',(#7683),#7687);
#7683 = LINE('',#7684,#7685);
#7684 = CARTESIAN_POINT('',(0.,0.28));
#7685 = VECTOR('',#7686,1.);
#7686 = DIRECTION('',(1.,0.));
#7687 = ( GEOMETRIC_REPRESENTATION_CONTEXT(2) 
PARAMETRIC_REPRESENTATION_CONTEXT() REPRESENTATION_CONTEXT('2D SPACE',''
  ) );
#7688 = PCURVE('',#424,#7689);
#7689 = DEFINITIONAL_REPRESENTATION('',(#7690),#7694);
#7690 = LINE('',#7691,#7692);
#7691 = CARTESIAN_POINT('',(0.,0.28));
#7692 = VECTOR('',#7693,1.);
#7693 = DIRECTION('',(1.,0.));
#7694 = ( GEOMETRIC_REPRESENTATION_CONTEXT(2) 
PARAMETRIC_REPRESENTATION_CONTEXT() REPRESENTATION_CONTEXT('2D SPACE',''
  ) );
#7695 = ORIENTED_EDGE('',*,*,#7696,.F.);
#7696 = EDGE_CURVE('',#7697,#7674,#7699,.T.);
#7697 = VERTEX_POINT('',#7698);
#7698 = CARTESIAN_POINT('',(-9.E-02,0.255,-0.355125000056));
#7699 = SURFACE_CURVE('',#7700,(#7705,#7716),.PCURVE_S1.);
#7700 = CIRCLE('',#7701,2.5E-02);
#7701 = AXIS2_PLACEMENT_3D('',#7702,#7703,#7704);
#7702 = CARTESIAN_POINT('',(-0.115,0.255,-0.355125000056));
#7703 = DIRECTION('',(6.505213034913E-15,0.,1.));
#7704 = DIRECTION('',(-1.,0.,6.505213034913E-15));
#7705 = PCURVE('',#7536,#7706);
#7706 = DEFINITIONAL_REPRESENTATION('',(#7707),#7715);
#7707 = ( BOUNDED_CURVE() B_SPLINE_CURVE(2,(#7708,#7709,#7710,#7711,
#7712,#7713,#7714),.UNSPECIFIED.,.T.,.F.) B_SPLINE_CURVE_WITH_KNOTS((1,2
    ,2,2,2,1),(-2.094395102393,0.,2.094395102393,4.188790204786,
6.28318530718,8.377580409573),.UNSPECIFIED.) CURVE() 
GEOMETRIC_REPRESENTATION_ITEM() RATIONAL_B_SPLINE_CURVE((1.,0.5,1.,0.5,
1.,0.5,1.)) REPRESENTATION_ITEM('') );
#7708 = CARTESIAN_POINT('',(0.14,0.255));
#7709 = CARTESIAN_POINT('',(0.14,0.211698729811));
#7710 = CARTESIAN_POINT('',(0.1025,0.233349364905));
#7711 = CARTESIAN_POINT('',(6.5E-02,0.255));
#7712 = CARTESIAN_POINT('',(0.1025,0.276650635095));
#7713 = CARTESIAN_POINT('',(0.14,0.298301270189));
#7714 = CARTESIAN_POINT('',(0.14,0.255));
#7715 = ( GEOMETRIC_REPRESENTATION_CONTEXT(2) 
PARAMETRIC_REPRESENTATION_CONTEXT() REPRESENTATION_CONTEXT('2D SPACE',''
  ) );
#7716 = PCURVE('',#424,#7717);
#7717 = DEFINITIONAL_REPRESENTATION('',(#7718),#7726);
#7718 = ( BOUNDED_CURVE() B_SPLINE_CURVE(2,(#7719,#7720,#7721,#7722,
#7723,#7724,#7725),.UNSPECIFIED.,.T.,.F.) B_SPLINE_CURVE_WITH_KNOTS((1,2
    ,2,2,2,1),(-2.094395102393,0.,2.094395102393,4.188790204786,
6.28318530718,8.377580409573),.UNSPECIFIED.) CURVE() 
GEOMETRIC_REPRESENTATION_ITEM() RATIONAL_B_SPLINE_CURVE((1.,0.5,1.,0.5,
1.,0.5,1.)) REPRESENTATION_ITEM('') );
#7719 = CARTESIAN_POINT('',(0.14,0.255));
#7720 = CARTESIAN_POINT('',(0.14,0.211698729811));
#7721 = CARTESIAN_POINT('',(0.1025,0.233349364905));
#7722 = CARTESIAN_POINT('',(6.5E-02,0.255));
#7723 = CARTESIAN_POINT('',(0.1025,0.276650635095));
#7724 = CARTESIAN_POINT('',(0.14,0.298301270189));
#7725 = CARTESIAN_POINT('',(0.14,0.255));
#7726 = ( GEOMETRIC_REPRESENTATION_CONTEXT(2) 
PARAMETRIC_REPRESENTATION_CONTEXT() REPRESENTATION_CONTEXT('2D SPACE',''
  ) );
#7727 = ORIENTED_EDGE('',*,*,#7728,.F.);
#7728 = EDGE_CURVE('',#7527,#7697,#7729,.T.);
#7729 = SURFACE_CURVE('',#7730,(#7734,#7741),.PCURVE_S1.);
#7730 = LINE('',#7731,#7732);
#7731 = CARTESIAN_POINT('',(-9.E-02,0.,-0.355125000056));
#7732 = VECTOR('',#7733,1.);
#7733 = DIRECTION('',(0.,1.,0.));
#7734 = PCURVE('',#7536,#7735);
#7735 = DEFINITIONAL_REPRESENTATION('',(#7736),#7740);
#7736 = LINE('',#7737,#7738);
#7737 = CARTESIAN_POINT('',(9.E-02,0.));
#7738 = VECTOR('',#7739,1.);
#7739 = DIRECTION('',(0.,1.));
#7740 = ( GEOMETRIC_REPRESENTATION_CONTEXT(2) 
PARAMETRIC_REPRESENTATION_CONTEXT() REPRESENTATION_CONTEXT('2D SPACE',''
  ) );
#7741 = PCURVE('',#424,#7742);
#7742 = DEFINITIONAL_REPRESENTATION('',(#7743),#7747);
#7743 = LINE('',#7744,#7745);
#7744 = CARTESIAN_POINT('',(9.E-02,0.));
#7745 = VECTOR('',#7746,1.);
#7746 = DIRECTION('',(0.,1.));
#7747 = ( GEOMETRIC_REPRESENTATION_CONTEXT(2) 
PARAMETRIC_REPRESENTATION_CONTEXT() REPRESENTATION_CONTEXT('2D SPACE',''
  ) );
#7748 = ADVANCED_FACE('',(#7749),#7764,.T.);
#7749 = FACE_BOUND('',#7750,.T.);
#7750 = EDGE_LOOP('',(#7751,#7790,#7813,#7845,#7868,#7900,#7923,#7955));
#7751 = ORIENTED_EDGE('',*,*,#7752,.F.);
#7752 = EDGE_CURVE('',#7753,#7755,#7757,.T.);
#7753 = VERTEX_POINT('',#7754);
#7754 = CARTESIAN_POINT('',(-0.115,0.4,-0.355125000056));
#7755 = VERTEX_POINT('',#7756);
#7756 = CARTESIAN_POINT('',(-9.E-02,0.425,-0.355125000056));
#7757 = SURFACE_CURVE('',#7758,(#7763,#7779),.PCURVE_S1.);
#7758 = CIRCLE('',#7759,2.5E-02);
#7759 = AXIS2_PLACEMENT_3D('',#7760,#7761,#7762);
#7760 = CARTESIAN_POINT('',(-0.115,0.425,-0.355125000056));
#7761 = DIRECTION('',(6.505213034913E-15,0.,1.));
#7762 = DIRECTION('',(-1.,0.,6.505213034913E-15));
#7763 = PCURVE('',#7764,#7769);
#7764 = PLANE('',#7765);
#7765 = AXIS2_PLACEMENT_3D('',#7766,#7767,#7768);
#7766 = CARTESIAN_POINT('',(-2.913505490302E-15,0.,-0.355125000056));
#7767 = DIRECTION('',(-6.982962677686E-15,0.,-1.));
#7768 = DIRECTION('',(-1.,0.,6.982962677686E-15));
#7769 = DEFINITIONAL_REPRESENTATION('',(#7770),#7778);
#7770 = ( BOUNDED_CURVE() B_SPLINE_CURVE(2,(#7771,#7772,#7773,#7774,
#7775,#7776,#7777),.UNSPECIFIED.,.T.,.F.) B_SPLINE_CURVE_WITH_KNOTS((1,2
    ,2,2,2,1),(-2.094395102393,0.,2.094395102393,4.188790204786,
6.28318530718,8.377580409573),.UNSPECIFIED.) CURVE() 
GEOMETRIC_REPRESENTATION_ITEM() RATIONAL_B_SPLINE_CURVE((1.,0.5,1.,0.5,
1.,0.5,1.)) REPRESENTATION_ITEM('') );
#7771 = CARTESIAN_POINT('',(0.14,0.425));
#7772 = CARTESIAN_POINT('',(0.14,0.381698729811));
#7773 = CARTESIAN_POINT('',(0.1025,0.403349364905));
#7774 = CARTESIAN_POINT('',(6.5E-02,0.425));
#7775 = CARTESIAN_POINT('',(0.1025,0.446650635095));
#7776 = CARTESIAN_POINT('',(0.14,0.468301270189));
#7777 = CARTESIAN_POINT('',(0.14,0.425));
#7778 = ( GEOMETRIC_REPRESENTATION_CONTEXT(2) 
PARAMETRIC_REPRESENTATION_CONTEXT() REPRESENTATION_CONTEXT('2D SPACE',''
  ) );
#7779 = PCURVE('',#424,#7780);
#7780 = DEFINITIONAL_REPRESENTATION('',(#7781),#7789);
#7781 = ( BOUNDED_CURVE() B_SPLINE_CURVE(2,(#7782,#7783,#7784,#7785,
#7786,#7787,#7788),.UNSPECIFIED.,.T.,.F.) B_SPLINE_CURVE_WITH_KNOTS((1,2
    ,2,2,2,1),(-2.094395102393,0.,2.094395102393,4.188790204786,
6.28318530718,8.377580409573),.UNSPECIFIED.) CURVE() 
GEOMETRIC_REPRESENTATION_ITEM() RATIONAL_B_SPLINE_CURVE((1.,0.5,1.,0.5,
1.,0.5,1.)) REPRESENTATION_ITEM('') );
#7782 = CARTESIAN_POINT('',(0.14,0.425));
#7783 = CARTESIAN_POINT('',(0.14,0.381698729811));
#7784 = CARTESIAN_POINT('',(0.1025,0.403349364905));
#7785 = CARTESIAN_POINT('',(6.5E-02,0.425));
#7786 = CARTESIAN_POINT('',(0.1025,0.446650635095));
#7787 = CARTESIAN_POINT('',(0.14,0.468301270189));
#7788 = CARTESIAN_POINT('',(0.14,0.425));
#7789 = ( GEOMETRIC_REPRESENTATION_CONTEXT(2) 
PARAMETRIC_REPRESENTATION_CONTEXT() REPRESENTATION_CONTEXT('2D SPACE',''
  ) );
#7790 = ORIENTED_EDGE('',*,*,#7791,.F.);
#7791 = EDGE_CURVE('',#7792,#7753,#7794,.T.);
#7792 = VERTEX_POINT('',#7793);
#7793 = CARTESIAN_POINT('',(-0.635,0.4,-0.355125000056));
#7794 = SURFACE_CURVE('',#7795,(#7799,#7806),.PCURVE_S1.);
#7795 = LINE('',#7796,#7797);
#7796 = CARTESIAN_POINT('',(-2.913505490302E-15,0.4,-0.355125000056));
#7797 = VECTOR('',#7798,1.);
#7798 = DIRECTION('',(1.,0.,-6.982962677686E-15));
#7799 = PCURVE('',#7764,#7800);
#7800 = DEFINITIONAL_REPRESENTATION('',(#7801),#7805);
#7801 = LINE('',#7802,#7803);
#7802 = CARTESIAN_POINT('',(0.,0.4));
#7803 = VECTOR('',#7804,1.);
#7804 = DIRECTION('',(-1.,0.));
#7805 = ( GEOMETRIC_REPRESENTATION_CONTEXT(2) 
PARAMETRIC_REPRESENTATION_CONTEXT() REPRESENTATION_CONTEXT('2D SPACE',''
  ) );
#7806 = PCURVE('',#424,#7807);
#7807 = DEFINITIONAL_REPRESENTATION('',(#7808),#7812);
#7808 = LINE('',#7809,#7810);
#7809 = CARTESIAN_POINT('',(0.,0.4));
#7810 = VECTOR('',#7811,1.);
#7811 = DIRECTION('',(-1.,0.));
#7812 = ( GEOMETRIC_REPRESENTATION_CONTEXT(2) 
PARAMETRIC_REPRESENTATION_CONTEXT() REPRESENTATION_CONTEXT('2D SPACE',''
  ) );
#7813 = ORIENTED_EDGE('',*,*,#7814,.F.);
#7814 = EDGE_CURVE('',#7815,#7792,#7817,.T.);
#7815 = VERTEX_POINT('',#7816);
#7816 = CARTESIAN_POINT('',(-0.66,0.425,-0.355125000056));
#7817 = SURFACE_CURVE('',#7818,(#7823,#7834),.PCURVE_S1.);
#7818 = CIRCLE('',#7819,2.5E-02);
#7819 = AXIS2_PLACEMENT_3D('',#7820,#7821,#7822);
#7820 = CARTESIAN_POINT('',(-0.635,0.425,-0.355125000056));
#7821 = DIRECTION('',(6.505213034913E-15,0.,1.));
#7822 = DIRECTION('',(-1.,0.,6.505213034913E-15));
#7823 = PCURVE('',#7764,#7824);
#7824 = DEFINITIONAL_REPRESENTATION('',(#7825),#7833);
#7825 = ( BOUNDED_CURVE() B_SPLINE_CURVE(2,(#7826,#7827,#7828,#7829,
#7830,#7831,#7832),.UNSPECIFIED.,.T.,.F.) B_SPLINE_CURVE_WITH_KNOTS((1,2
    ,2,2,2,1),(-2.094395102393,0.,2.094395102393,4.188790204786,
6.28318530718,8.377580409573),.UNSPECIFIED.) CURVE() 
GEOMETRIC_REPRESENTATION_ITEM() RATIONAL_B_SPLINE_CURVE((1.,0.5,1.,0.5,
1.,0.5,1.)) REPRESENTATION_ITEM('') );
#7826 = CARTESIAN_POINT('',(0.66,0.425));
#7827 = CARTESIAN_POINT('',(0.66,0.381698729811));
#7828 = CARTESIAN_POINT('',(0.6225,0.403349364905));
#7829 = CARTESIAN_POINT('',(0.585,0.425));
#7830 = CARTESIAN_POINT('',(0.6225,0.446650635095));
#7831 = CARTESIAN_POINT('',(0.66,0.468301270189));
#7832 = CARTESIAN_POINT('',(0.66,0.425));
#7833 = ( GEOMETRIC_REPRESENTATION_CONTEXT(2) 
PARAMETRIC_REPRESENTATION_CONTEXT() REPRESENTATION_CONTEXT('2D SPACE',''
  ) );
#7834 = PCURVE('',#424,#7835);
#7835 = DEFINITIONAL_REPRESENTATION('',(#7836),#7844);
#7836 = ( BOUNDED_CURVE() B_SPLINE_CURVE(2,(#7837,#7838,#7839,#7840,
#7841,#7842,#7843),.UNSPECIFIED.,.T.,.F.) B_SPLINE_CURVE_WITH_KNOTS((1,2
    ,2,2,2,1),(-2.094395102393,0.,2.094395102393,4.188790204786,
6.28318530718,8.377580409573),.UNSPECIFIED.) CURVE() 
GEOMETRIC_REPRESENTATION_ITEM() RATIONAL_B_SPLINE_CURVE((1.,0.5,1.,0.5,
1.,0.5,1.)) REPRESENTATION_ITEM('') );
#7837 = CARTESIAN_POINT('',(0.66,0.425));
#7838 = CARTESIAN_POINT('',(0.66,0.381698729811));
#7839 = CARTESIAN_POINT('',(0.6225,0.403349364905));
#7840 = CARTESIAN_POINT('',(0.585,0.425));
#7841 = CARTESIAN_POINT('',(0.6225,0.446650635095));
#7842 = CARTESIAN_POINT('',(0.66,0.468301270189));
#7843 = CARTESIAN_POINT('',(0.66,0.425));
#7844 = ( GEOMETRIC_REPRESENTATION_CONTEXT(2) 
PARAMETRIC_REPRESENTATION_CONTEXT() REPRESENTATION_CONTEXT('2D SPACE',''
  ) );
#7845 = ORIENTED_EDGE('',*,*,#7846,.F.);
#7846 = EDGE_CURVE('',#7847,#7815,#7849,.T.);
#7847 = VERTEX_POINT('',#7848);
#7848 = CARTESIAN_POINT('',(-0.66,0.595,-0.355125000056));
#7849 = SURFACE_CURVE('',#7850,(#7854,#7861),.PCURVE_S1.);
#7850 = LINE('',#7851,#7852);
#7851 = CARTESIAN_POINT('',(-0.66,0.,-0.355125000056));
#7852 = VECTOR('',#7853,1.);
#7853 = DIRECTION('',(0.,-1.,0.));
#7854 = PCURVE('',#7764,#7855);
#7855 = DEFINITIONAL_REPRESENTATION('',(#7856),#7860);
#7856 = LINE('',#7857,#7858);
#7857 = CARTESIAN_POINT('',(0.66,0.));
#7858 = VECTOR('',#7859,1.);
#7859 = DIRECTION('',(0.,-1.));
#7860 = ( GEOMETRIC_REPRESENTATION_CONTEXT(2) 
PARAMETRIC_REPRESENTATION_CONTEXT() REPRESENTATION_CONTEXT('2D SPACE',''
  ) );
#7861 = PCURVE('',#424,#7862);
#7862 = DEFINITIONAL_REPRESENTATION('',(#7863),#7867);
#7863 = LINE('',#7864,#7865);
#7864 = CARTESIAN_POINT('',(0.66,0.));
#7865 = VECTOR('',#7866,1.);
#7866 = DIRECTION('',(0.,-1.));
#7867 = ( GEOMETRIC_REPRESENTATION_CONTEXT(2) 
PARAMETRIC_REPRESENTATION_CONTEXT() REPRESENTATION_CONTEXT('2D SPACE',''
  ) );
#7868 = ORIENTED_EDGE('',*,*,#7869,.F.);
#7869 = EDGE_CURVE('',#7870,#7847,#7872,.T.);
#7870 = VERTEX_POINT('',#7871);
#7871 = CARTESIAN_POINT('',(-0.635,0.62,-0.355125000056));
#7872 = SURFACE_CURVE('',#7873,(#7878,#7889),.PCURVE_S1.);
#7873 = CIRCLE('',#7874,2.5E-02);
#7874 = AXIS2_PLACEMENT_3D('',#7875,#7876,#7877);
#7875 = CARTESIAN_POINT('',(-0.635,0.595,-0.355125000056));
#7876 = DIRECTION('',(6.505213034913E-15,0.,1.));
#7877 = DIRECTION('',(-1.,0.,6.505213034913E-15));
#7878 = PCURVE('',#7764,#7879);
#7879 = DEFINITIONAL_REPRESENTATION('',(#7880),#7888);
#7880 = ( BOUNDED_CURVE() B_SPLINE_CURVE(2,(#7881,#7882,#7883,#7884,
#7885,#7886,#7887),.UNSPECIFIED.,.T.,.F.) B_SPLINE_CURVE_WITH_KNOTS((1,2
    ,2,2,2,1),(-2.094395102393,0.,2.094395102393,4.188790204786,
6.28318530718,8.377580409573),.UNSPECIFIED.) CURVE() 
GEOMETRIC_REPRESENTATION_ITEM() RATIONAL_B_SPLINE_CURVE((1.,0.5,1.,0.5,
1.,0.5,1.)) REPRESENTATION_ITEM('') );
#7881 = CARTESIAN_POINT('',(0.66,0.595));
#7882 = CARTESIAN_POINT('',(0.66,0.551698729811));
#7883 = CARTESIAN_POINT('',(0.6225,0.573349364905));
#7884 = CARTESIAN_POINT('',(0.585,0.595));
#7885 = CARTESIAN_POINT('',(0.6225,0.616650635095));
#7886 = CARTESIAN_POINT('',(0.66,0.638301270189));
#7887 = CARTESIAN_POINT('',(0.66,0.595));
#7888 = ( GEOMETRIC_REPRESENTATION_CONTEXT(2) 
PARAMETRIC_REPRESENTATION_CONTEXT() REPRESENTATION_CONTEXT('2D SPACE',''
  ) );
#7889 = PCURVE('',#424,#7890);
#7890 = DEFINITIONAL_REPRESENTATION('',(#7891),#7899);
#7891 = ( BOUNDED_CURVE() B_SPLINE_CURVE(2,(#7892,#7893,#7894,#7895,
#7896,#7897,#7898),.UNSPECIFIED.,.T.,.F.) B_SPLINE_CURVE_WITH_KNOTS((1,2
    ,2,2,2,1),(-2.094395102393,0.,2.094395102393,4.188790204786,
6.28318530718,8.377580409573),.UNSPECIFIED.) CURVE() 
GEOMETRIC_REPRESENTATION_ITEM() RATIONAL_B_SPLINE_CURVE((1.,0.5,1.,0.5,
1.,0.5,1.)) REPRESENTATION_ITEM('') );
#7892 = CARTESIAN_POINT('',(0.66,0.595));
#7893 = CARTESIAN_POINT('',(0.66,0.551698729811));
#7894 = CARTESIAN_POINT('',(0.6225,0.573349364905));
#7895 = CARTESIAN_POINT('',(0.585,0.595));
#7896 = CARTESIAN_POINT('',(0.6225,0.616650635095));
#7897 = CARTESIAN_POINT('',(0.66,0.638301270189));
#7898 = CARTESIAN_POINT('',(0.66,0.595));
#7899 = ( GEOMETRIC_REPRESENTATION_CONTEXT(2) 
PARAMETRIC_REPRESENTATION_CONTEXT() REPRESENTATION_CONTEXT('2D SPACE',''
  ) );
#7900 = ORIENTED_EDGE('',*,*,#7901,.F.);
#7901 = EDGE_CURVE('',#7902,#7870,#7904,.T.);
#7902 = VERTEX_POINT('',#7903);
#7903 = CARTESIAN_POINT('',(-0.115,0.62,-0.355125000056));
#7904 = SURFACE_CURVE('',#7905,(#7909,#7916),.PCURVE_S1.);
#7905 = LINE('',#7906,#7907);
#7906 = CARTESIAN_POINT('',(-2.784235231275E-15,0.62,-0.355125000056));
#7907 = VECTOR('',#7908,1.);
#7908 = DIRECTION('',(-1.,2.085004177857E-16,6.982962677686E-15));
#7909 = PCURVE('',#7764,#7910);
#7910 = DEFINITIONAL_REPRESENTATION('',(#7911),#7915);
#7911 = LINE('',#7912,#7913);
#7912 = CARTESIAN_POINT('',(-1.292702590271E-16,0.62));
#7913 = VECTOR('',#7914,1.);
#7914 = DIRECTION('',(1.,2.085004177857E-16));
#7915 = ( GEOMETRIC_REPRESENTATION_CONTEXT(2) 
PARAMETRIC_REPRESENTATION_CONTEXT() REPRESENTATION_CONTEXT('2D SPACE',''
  ) );
#7916 = PCURVE('',#424,#7917);
#7917 = DEFINITIONAL_REPRESENTATION('',(#7918),#7922);
#7918 = LINE('',#7919,#7920);
#7919 = CARTESIAN_POINT('',(-1.292702590271E-16,0.62));
#7920 = VECTOR('',#7921,1.);
#7921 = DIRECTION('',(1.,2.085004177857E-16));
#7922 = ( GEOMETRIC_REPRESENTATION_CONTEXT(2) 
PARAMETRIC_REPRESENTATION_CONTEXT() REPRESENTATION_CONTEXT('2D SPACE',''
  ) );
#7923 = ORIENTED_EDGE('',*,*,#7924,.F.);
#7924 = EDGE_CURVE('',#7925,#7902,#7927,.T.);
#7925 = VERTEX_POINT('',#7926);
#7926 = CARTESIAN_POINT('',(-9.E-02,0.595,-0.355125000056));
#7927 = SURFACE_CURVE('',#7928,(#7933,#7944),.PCURVE_S1.);
#7928 = CIRCLE('',#7929,2.5E-02);
#7929 = AXIS2_PLACEMENT_3D('',#7930,#7931,#7932);
#7930 = CARTESIAN_POINT('',(-0.115,0.595,-0.355125000056));
#7931 = DIRECTION('',(6.505213034913E-15,0.,1.));
#7932 = DIRECTION('',(-1.,0.,6.505213034913E-15));
#7933 = PCURVE('',#7764,#7934);
#7934 = DEFINITIONAL_REPRESENTATION('',(#7935),#7943);
#7935 = ( BOUNDED_CURVE() B_SPLINE_CURVE(2,(#7936,#7937,#7938,#7939,
#7940,#7941,#7942),.UNSPECIFIED.,.T.,.F.) B_SPLINE_CURVE_WITH_KNOTS((1,2
    ,2,2,2,1),(-2.094395102393,0.,2.094395102393,4.188790204786,
6.28318530718,8.377580409573),.UNSPECIFIED.) CURVE() 
GEOMETRIC_REPRESENTATION_ITEM() RATIONAL_B_SPLINE_CURVE((1.,0.5,1.,0.5,
1.,0.5,1.)) REPRESENTATION_ITEM('') );
#7936 = CARTESIAN_POINT('',(0.14,0.595));
#7937 = CARTESIAN_POINT('',(0.14,0.551698729811));
#7938 = CARTESIAN_POINT('',(0.1025,0.573349364905));
#7939 = CARTESIAN_POINT('',(6.5E-02,0.595));
#7940 = CARTESIAN_POINT('',(0.1025,0.616650635095));
#7941 = CARTESIAN_POINT('',(0.14,0.638301270189));
#7942 = CARTESIAN_POINT('',(0.14,0.595));
#7943 = ( GEOMETRIC_REPRESENTATION_CONTEXT(2) 
PARAMETRIC_REPRESENTATION_CONTEXT() REPRESENTATION_CONTEXT('2D SPACE',''
  ) );
#7944 = PCURVE('',#424,#7945);
#7945 = DEFINITIONAL_REPRESENTATION('',(#7946),#7954);
#7946 = ( BOUNDED_CURVE() B_SPLINE_CURVE(2,(#7947,#7948,#7949,#7950,
#7951,#7952,#7953),.UNSPECIFIED.,.T.,.F.) B_SPLINE_CURVE_WITH_KNOTS((1,2
    ,2,2,2,1),(-2.094395102393,0.,2.094395102393,4.188790204786,
6.28318530718,8.377580409573),.UNSPECIFIED.) CURVE() 
GEOMETRIC_REPRESENTATION_ITEM() RATIONAL_B_SPLINE_CURVE((1.,0.5,1.,0.5,
1.,0.5,1.)) REPRESENTATION_ITEM('') );
#7947 = CARTESIAN_POINT('',(0.14,0.595));
#7948 = CARTESIAN_POINT('',(0.14,0.551698729811));
#7949 = CARTESIAN_POINT('',(0.1025,0.573349364905));
#7950 = CARTESIAN_POINT('',(6.5E-02,0.595));
#7951 = CARTESIAN_POINT('',(0.1025,0.616650635095));
#7952 = CARTESIAN_POINT('',(0.14,0.638301270189));
#7953 = CARTESIAN_POINT('',(0.14,0.595));
#7954 = ( GEOMETRIC_REPRESENTATION_CONTEXT(2) 
PARAMETRIC_REPRESENTATION_CONTEXT() REPRESENTATION_CONTEXT('2D SPACE',''
  ) );
#7955 = ORIENTED_EDGE('',*,*,#7956,.F.);
#7956 = EDGE_CURVE('',#7755,#7925,#7957,.T.);
#7957 = SURFACE_CURVE('',#7958,(#7962,#7969),.PCURVE_S1.);
#7958 = LINE('',#7959,#7960);
#7959 = CARTESIAN_POINT('',(-9.E-02,0.,-0.355125000056));
#7960 = VECTOR('',#7961,1.);
#7961 = DIRECTION('',(0.,1.,0.));
#7962 = PCURVE('',#7764,#7963);
#7963 = DEFINITIONAL_REPRESENTATION('',(#7964),#7968);
#7964 = LINE('',#7965,#7966);
#7965 = CARTESIAN_POINT('',(9.E-02,0.));
#7966 = VECTOR('',#7967,1.);
#7967 = DIRECTION('',(0.,1.));
#7968 = ( GEOMETRIC_REPRESENTATION_CONTEXT(2) 
PARAMETRIC_REPRESENTATION_CONTEXT() REPRESENTATION_CONTEXT('2D SPACE',''
  ) );
#7969 = PCURVE('',#424,#7970);
#7970 = DEFINITIONAL_REPRESENTATION('',(#7971),#7975);
#7971 = LINE('',#7972,#7973);
#7972 = CARTESIAN_POINT('',(9.E-02,0.));
#7973 = VECTOR('',#7974,1.);
#7974 = DIRECTION('',(0.,1.));
#7975 = ( GEOMETRIC_REPRESENTATION_CONTEXT(2) 
PARAMETRIC_REPRESENTATION_CONTEXT() REPRESENTATION_CONTEXT('2D SPACE',''
  ) );
#7976 = ADVANCED_FACE('',(#7977,#7987,#7997,#8007,#8017,#8096),#424,.T.
  );
#7977 = FACE_BOUND('',#7978,.T.);
#7978 = EDGE_LOOP('',(#7979,#7980,#7981,#7982,#7983,#7984,#7985,#7986));
#7979 = ORIENTED_EDGE('',*,*,#7791,.T.);
#7980 = ORIENTED_EDGE('',*,*,#7752,.T.);
#7981 = ORIENTED_EDGE('',*,*,#7956,.T.);
#7982 = ORIENTED_EDGE('',*,*,#7924,.T.);
#7983 = ORIENTED_EDGE('',*,*,#7901,.T.);
#7984 = ORIENTED_EDGE('',*,*,#7869,.T.);
#7985 = ORIENTED_EDGE('',*,*,#7846,.T.);
#7986 = ORIENTED_EDGE('',*,*,#7814,.T.);
#7987 = FACE_BOUND('',#7988,.T.);
#7988 = EDGE_LOOP('',(#7989,#7990,#7991,#7992,#7993,#7994,#7995,#7996));
#7989 = ORIENTED_EDGE('',*,*,#7563,.T.);
#7990 = ORIENTED_EDGE('',*,*,#7524,.T.);
#7991 = ORIENTED_EDGE('',*,*,#7728,.T.);
#7992 = ORIENTED_EDGE('',*,*,#7696,.T.);
#7993 = ORIENTED_EDGE('',*,*,#7673,.T.);
#7994 = ORIENTED_EDGE('',*,*,#7641,.T.);
#7995 = ORIENTED_EDGE('',*,*,#7618,.T.);
#7996 = ORIENTED_EDGE('',*,*,#7586,.T.);
#7997 = FACE_BOUND('',#7998,.T.);
#7998 = EDGE_LOOP('',(#7999,#8000,#8001,#8002,#8003,#8004,#8005,#8006));
#7999 = ORIENTED_EDGE('',*,*,#7335,.T.);
#8000 = ORIENTED_EDGE('',*,*,#7296,.T.);
#8001 = ORIENTED_EDGE('',*,*,#7500,.T.);
#8002 = ORIENTED_EDGE('',*,*,#7468,.T.);
#8003 = ORIENTED_EDGE('',*,*,#7445,.T.);
#8004 = ORIENTED_EDGE('',*,*,#7413,.T.);
#8005 = ORIENTED_EDGE('',*,*,#7390,.T.);
#8006 = ORIENTED_EDGE('',*,*,#7358,.T.);
#8007 = FACE_BOUND('',#8008,.T.);
#8008 = EDGE_LOOP('',(#8009,#8010,#8011,#8012,#8013,#8014,#8015,#8016));
#8009 = ORIENTED_EDGE('',*,*,#6911,.T.);
#8010 = ORIENTED_EDGE('',*,*,#6872,.T.);
#8011 = ORIENTED_EDGE('',*,*,#7076,.T.);
#8012 = ORIENTED_EDGE('',*,*,#7044,.T.);
#8013 = ORIENTED_EDGE('',*,*,#7021,.T.);
#8014 = ORIENTED_EDGE('',*,*,#6989,.T.);
#8015 = ORIENTED_EDGE('',*,*,#6966,.T.);
#8016 = ORIENTED_EDGE('',*,*,#6934,.T.);
#8017 = FACE_BOUND('',#8018,.T.);
#8018 = EDGE_LOOP('',(#8019,#8020,#8021,#8022,#8023,#8024,#8025,#8026,
    #8027,#8028,#8029,#8030,#8031,#8032,#8033,#8034,#8035,#8036,#8037,
    #8038,#8039,#8040,#8041,#8042,#8043,#8044,#8045,#8046,#8047,#8048,
    #8049,#8050,#8051,#8052,#8053,#8054,#8055,#8056,#8057,#8058,#8059,
    #8060,#8061,#8062,#8063,#8064,#8065,#8066,#8067,#8068,#8069,#8070,
    #8071,#8072,#8073,#8074,#8075,#8076,#8077,#8078,#8079,#8080,#8081,
    #8082,#8083,#8084,#8085,#8086,#8087,#8088,#8089,#8090,#8091,#8092,
    #8093,#8094,#8095));
#8019 = ORIENTED_EDGE('',*,*,#6814,.F.);
#8020 = ORIENTED_EDGE('',*,*,#6845,.F.);
#8021 = ORIENTED_EDGE('',*,*,#3254,.F.);
#8022 = ORIENTED_EDGE('',*,*,#3302,.F.);
#8023 = ORIENTED_EDGE('',*,*,#3375,.F.);
#8024 = ORIENTED_EDGE('',*,*,#3401,.F.);
#8025 = ORIENTED_EDGE('',*,*,#3474,.F.);
#8026 = ORIENTED_EDGE('',*,*,#3500,.F.);
#8027 = ORIENTED_EDGE('',*,*,#3573,.F.);
#8028 = ORIENTED_EDGE('',*,*,#3604,.F.);
#8029 = ORIENTED_EDGE('',*,*,#3677,.F.);
#8030 = ORIENTED_EDGE('',*,*,#3703,.F.);
#8031 = ORIENTED_EDGE('',*,*,#3776,.F.);
#8032 = ORIENTED_EDGE('',*,*,#3802,.F.);
#8033 = ORIENTED_EDGE('',*,*,#3875,.F.);
#8034 = ORIENTED_EDGE('',*,*,#3901,.F.);
#8035 = ORIENTED_EDGE('',*,*,#3974,.F.);
#8036 = ORIENTED_EDGE('',*,*,#4005,.F.);
#8037 = ORIENTED_EDGE('',*,*,#4078,.F.);
#8038 = ORIENTED_EDGE('',*,*,#4104,.F.);
#8039 = ORIENTED_EDGE('',*,*,#4177,.F.);
#8040 = ORIENTED_EDGE('',*,*,#4203,.F.);
#8041 = ORIENTED_EDGE('',*,*,#4276,.F.);
#8042 = ORIENTED_EDGE('',*,*,#4325,.F.);
#8043 = ORIENTED_EDGE('',*,*,#4379,.F.);
#8044 = ORIENTED_EDGE('',*,*,#4405,.F.);
#8045 = ORIENTED_EDGE('',*,*,#4478,.F.);
#8046 = ORIENTED_EDGE('',*,*,#4504,.F.);
#8047 = ORIENTED_EDGE('',*,*,#4577,.F.);
#8048 = ORIENTED_EDGE('',*,*,#4626,.F.);
#8049 = ORIENTED_EDGE('',*,*,#4680,.F.);
#8050 = ORIENTED_EDGE('',*,*,#4706,.F.);
#8051 = ORIENTED_EDGE('',*,*,#4779,.F.);
#8052 = ORIENTED_EDGE('',*,*,#4805,.F.);
#8053 = ORIENTED_EDGE('',*,*,#4878,.F.);
#8054 = ORIENTED_EDGE('',*,*,#4904,.F.);
#8055 = ORIENTED_EDGE('',*,*,#4977,.F.);
#8056 = ORIENTED_EDGE('',*,*,#5003,.F.);
#8057 = ORIENTED_EDGE('',*,*,#5053,.F.);
#8058 = ORIENTED_EDGE('',*,*,#650,.F.);
#8059 = ORIENTED_EDGE('',*,*,#5085,.F.);
#8060 = ORIENTED_EDGE('',*,*,#5158,.F.);
#8061 = ORIENTED_EDGE('',*,*,#5184,.F.);
#8062 = ORIENTED_EDGE('',*,*,#5257,.F.);
#8063 = ORIENTED_EDGE('',*,*,#5283,.F.);
#8064 = ORIENTED_EDGE('',*,*,#5356,.F.);
#8065 = ORIENTED_EDGE('',*,*,#5382,.F.);
#8066 = ORIENTED_EDGE('',*,*,#530,.F.);
#8067 = ORIENTED_EDGE('',*,*,#5437,.F.);
#8068 = ORIENTED_EDGE('',*,*,#5463,.F.);
#8069 = ORIENTED_EDGE('',*,*,#5536,.F.);
#8070 = ORIENTED_EDGE('',*,*,#5562,.F.);
#8071 = ORIENTED_EDGE('',*,*,#5635,.F.);
#8072 = ORIENTED_EDGE('',*,*,#5661,.F.);
#8073 = ORIENTED_EDGE('',*,*,#5711,.F.);
#8074 = ORIENTED_EDGE('',*,*,#400,.F.);
#8075 = ORIENTED_EDGE('',*,*,#5743,.F.);
#8076 = ORIENTED_EDGE('',*,*,#5816,.F.);
#8077 = ORIENTED_EDGE('',*,*,#5842,.F.);
#8078 = ORIENTED_EDGE('',*,*,#5915,.F.);
#8079 = ORIENTED_EDGE('',*,*,#5941,.F.);
#8080 = ORIENTED_EDGE('',*,*,#6014,.F.);
#8081 = ORIENTED_EDGE('',*,*,#6040,.F.);
#8082 = ORIENTED_EDGE('',*,*,#6113,.F.);
#8083 = ORIENTED_EDGE('',*,*,#6162,.F.);
#8084 = ORIENTED_EDGE('',*,*,#6216,.F.);
#8085 = ORIENTED_EDGE('',*,*,#6242,.F.);
#8086 = ORIENTED_EDGE('',*,*,#6315,.F.);
#8087 = ORIENTED_EDGE('',*,*,#6341,.F.);
#8088 = ORIENTED_EDGE('',*,*,#6414,.F.);
#8089 = ORIENTED_EDGE('',*,*,#6463,.F.);
#8090 = ORIENTED_EDGE('',*,*,#6517,.F.);
#8091 = ORIENTED_EDGE('',*,*,#6543,.F.);
#8092 = ORIENTED_EDGE('',*,*,#6616,.F.);
#8093 = ORIENTED_EDGE('',*,*,#6642,.F.);
#8094 = ORIENTED_EDGE('',*,*,#6715,.F.);
#8095 = ORIENTED_EDGE('',*,*,#6741,.F.);
#8096 = FACE_BOUND('',#8097,.T.);
#8097 = EDGE_LOOP('',(#8098,#8099,#8100,#8101));
#8098 = ORIENTED_EDGE('',*,*,#7270,.T.);
#8099 = ORIENTED_EDGE('',*,*,#7123,.T.);
#8100 = ORIENTED_EDGE('',*,*,#7194,.T.);
#8101 = ORIENTED_EDGE('',*,*,#7243,.T.);
#8102 = ( GEOMETRIC_REPRESENTATION_CONTEXT(3) 
GLOBAL_UNCERTAINTY_ASSIGNED_CONTEXT((#8106)) 
GLOBAL_UNIT_ASSIGNED_CONTEXT((#8103,#8104,#8105)) REPRESENTATION_CONTEXT
('Context #1','3D Context with UNIT and UNCERTAINTY') );
#8103 = ( LENGTH_UNIT() NAMED_UNIT(*) SI_UNIT(.MILLI.,.METRE.) );
#8104 = ( NAMED_UNIT(*) PLANE_ANGLE_UNIT() SI_UNIT($,.RADIAN.) );
#8105 = ( NAMED_UNIT(*) SI_UNIT($,.STERADIAN.) SOLID_ANGLE_UNIT() );
#8106 = UNCERTAINTY_MEASURE_WITH_UNIT(LENGTH_MEASURE(1.E-07),#8103,
  'distance_accuracy_value','confusion accuracy');
#8107 = CONTEXT_DEPENDENT_SHAPE_REPRESENTATION(#8108,#8110);
#8108 = ( REPRESENTATION_RELATIONSHIP('','',#393,#10) 
REPRESENTATION_RELATIONSHIP_WITH_TRANSFORMATION(#8109) 
SHAPE_REPRESENTATION_RELATIONSHIP() );
#8109 = ITEM_DEFINED_TRANSFORMATION('','',#11,#19);
#8110 = PRODUCT_DEFINITION_SHAPE('Placement','Placement of an item',
  #8111);
#8111 = NEXT_ASSEMBLY_USAGE_OCCURRENCE('2','','',#5,#388,$);
#8112 = PRODUCT_RELATED_PRODUCT_CATEGORY('part',$,(#390));
#8113 = CONTEXT_DEPENDENT_SHAPE_REPRESENTATION(#8114,#8116);
#8114 = ( REPRESENTATION_RELATIONSHIP('','',#393,#10) 
REPRESENTATION_RELATIONSHIP_WITH_TRANSFORMATION(#8115) 
SHAPE_REPRESENTATION_RELATIONSHIP() );
#8115 = ITEM_DEFINED_TRANSFORMATION('','',#11,#23);
#8116 = PRODUCT_DEFINITION_SHAPE('Placement','Placement of an item',
  #8117);
#8117 = NEXT_ASSEMBLY_USAGE_OCCURRENCE('3','','',#5,#388,$);
#8118 = CONTEXT_DEPENDENT_SHAPE_REPRESENTATION(#8119,#8121);
#8119 = ( REPRESENTATION_RELATIONSHIP('','',#393,#10) 
REPRESENTATION_RELATIONSHIP_WITH_TRANSFORMATION(#8120) 
SHAPE_REPRESENTATION_RELATIONSHIP() );
#8120 = ITEM_DEFINED_TRANSFORMATION('','',#11,#27);
#8121 = PRODUCT_DEFINITION_SHAPE('Placement','Placement of an item',
  #8122);
#8122 = NEXT_ASSEMBLY_USAGE_OCCURRENCE('4','','',#5,#388,$);
ENDSEC;
END-ISO-10303-21;
